,datetime,demand_MW
1,2023-01-01 00:00:00,668.8649424380368
2,2023-01-01 01:00:00,667.7391990746879
3,2023-01-01 02:00:00,701.2793046340444
4,2023-01-01 03:00:00,607.0855847879944
5,2023-01-01 04:00:00,672.2775995925653
6,2023-01-01 05:00:00,666.513819226924
7,2023-01-01 06:00:00,633.740403207751
8,2023-01-01 07:00:00,634.5659995441092
9,2023-01-01 08:00:00,579.813241159233
10,2023-01-01 09:00:00,640.651219851337
11,2023-01-01 10:00:00,673.8090468210515
12,2023-01-01 11:00:00,634.6857343219917
13,2023-01-01 12:00:00,656.9395283453307
14,2023-01-01 13:00:00,585.5113330015156
15,2023-01-01 14:00:00,613.7944691369361
16,2023-01-01 15:00:00,572.5804520387421
17,2023-01-01 16:00:00,567.2811411017783
18,2023-01-01 17:00:00,601.0004182652332
19,2023-01-01 18:00:00,551.0968941746781
20,2023-01-01 19:00:00,595.3667664492289
21,2023-01-01 20:00:00,597.0320743721359
22,2023-01-01 21:00:00,593.5174354810929
23,2023-01-01 22:00:00,605.1619375979805
24,2023-01-01 23:00:00,646.2631036763286
25,2023-01-02 00:00:00,644.9205359466274
26,2023-01-02 01:00:00,631.6561560872927
27,2023-01-02 02:00:00,614.3495501897914
28,2023-01-02 03:00:00,685.4000328151088
29,2023-01-02 04:00:00,674.2428358750985
30,2023-01-02 05:00:00,617.0172525906697
31,2023-01-02 06:00:00,667.0877745338302
32,2023-01-02 07:00:00,626.9210424014559
33,2023-01-02 08:00:00,659.2623587120002
34,2023-01-02 09:00:00,636.0149837469057
35,2023-01-02 10:00:00,599.1845366559096
36,2023-01-02 11:00:00,579.6191525310824
37,2023-01-02 12:00:00,578.3041957291808
38,2023-01-02 13:00:00,593.79369048996
39,2023-01-02 14:00:00,586.4202768429757
40,2023-01-02 15:00:00,629.0550687428139
41,2023-01-02 16:00:00,574.8577032258758
42,2023-01-02 17:00:00,613.5848081603725
43,2023-01-02 18:00:00,593.4380006067653
44,2023-01-02 19:00:00,584.5746511036376
45,2023-01-02 20:00:00,564.4849960776193
46,2023-01-02 21:00:00,606.9207341309362
47,2023-01-02 22:00:00,630.2856299983348
48,2023-01-02 23:00:00,623.4969705133908
49,2023-01-03 00:00:00,613.4663557436038
50,2023-01-03 01:00:00,665.1350038287821
51,2023-01-03 02:00:00,677.5060114879022
52,2023-01-03 03:00:00,628.9318476207394
53,2023-01-03 04:00:00,605.9413707362379
54,2023-01-03 05:00:00,659.1495161501682
55,2023-01-03 06:00:00,644.8854883409151
56,2023-01-03 07:00:00,636.2678400444031
57,2023-01-03 08:00:00,642.0684245633262
58,2023-01-03 09:00:00,599.7505538790524
59,2023-01-03 10:00:00,655.0490499482147
60,2023-01-03 11:00:00,626.0143360041054
61,2023-01-03 12:00:00,614.5606978348629
62,2023-01-03 13:00:00,562.9706778248122
63,2023-01-03 14:00:00,598.5010921476722
64,2023-01-03 15:00:00,656.7507796368775
65,2023-01-03 16:00:00,594.5533209273211
66,2023-01-03 17:00:00,558.5292672804468
67,2023-01-03 18:00:00,567.9370345847838
68,2023-01-03 19:00:00,613.6825908446366
69,2023-01-03 20:00:00,652.4309887808572
70,2023-01-03 21:00:00,609.3380747686849
71,2023-01-03 22:00:00,660.534453595965
72,2023-01-03 23:00:00,600.0757755093199
73,2023-01-04 00:00:00,625.8611486258485
74,2023-01-04 01:00:00,654.386763148602
75,2023-01-04 02:00:00,570.7921290818177
76,2023-01-04 03:00:00,645.8179067670907
77,2023-01-04 04:00:00,648.8061303862279
78,2023-01-04 05:00:00,654.5766311627299
79,2023-01-04 06:00:00,635.9874492100229
80,2023-01-04 07:00:00,673.7084031400454
81,2023-01-04 08:00:00,683.3444054696748
82,2023-01-04 09:00:00,605.1088504806542
83,2023-01-04 10:00:00,608.0537845452099
84,2023-01-04 11:00:00,601.545495727718
85,2023-01-04 12:00:00,652.0349423907724
86,2023-01-04 13:00:00,602.4764105117418
87,2023-01-04 14:00:00,603.272636698246
88,2023-01-04 15:00:00,591.1107913421857
89,2023-01-04 16:00:00,585.950939498641
90,2023-01-04 17:00:00,599.8793380060206
91,2023-01-04 18:00:00,599.0812869484824
92,2023-01-04 19:00:00,662.6060411683629
93,2023-01-04 20:00:00,610.5928255790602
94,2023-01-04 21:00:00,630.7617861944946
95,2023-01-04 22:00:00,597.7809216331613
96,2023-01-04 23:00:00,621.2462166412092
97,2023-01-05 00:00:00,673.2638216253837
98,2023-01-05 01:00:00,635.855056389946
99,2023-01-05 02:00:00,697.546967996385
100,2023-01-05 03:00:00,648.478264027716
101,2023-01-05 04:00:00,638.8793671480537
102,2023-01-05 05:00:00,687.5154919618648
103,2023-01-05 06:00:00,611.8682281489487
104,2023-01-05 07:00:00,670.3274814551521
105,2023-01-05 08:00:00,616.4650447162752
106,2023-01-05 09:00:00,666.4331243748084
107,2023-01-05 10:00:00,610.5256459024989
108,2023-01-05 11:00:00,649.6059838803634
109,2023-01-05 12:00:00,585.0343171310651
110,2023-01-05 13:00:00,632.1553247702369
111,2023-01-05 14:00:00,549.7378924318459
112,2023-01-05 15:00:00,566.7023855863087
113,2023-01-05 16:00:00,625.7178490940761
114,2023-01-05 17:00:00,622.0212750219771
115,2023-01-05 18:00:00,588.5368143354016
116,2023-01-05 19:00:00,599.5710702232872
117,2023-01-05 20:00:00,559.1640430618734
118,2023-01-05 21:00:00,681.800777084299
119,2023-01-05 22:00:00,567.6349046749348
120,2023-01-05 23:00:00,584.2090210007519
121,2023-01-06 00:00:00,640.7677524306325
122,2023-01-06 01:00:00,573.9391413679635
123,2023-01-06 02:00:00,656.8997606358635
124,2023-01-06 03:00:00,658.1938583123226
125,2023-01-06 04:00:00,662.12777733165
126,2023-01-06 05:00:00,644.8217652908623
127,2023-01-06 06:00:00,627.5993283643512
128,2023-01-06 07:00:00,704.3440736231668
129,2023-01-06 08:00:00,634.3262680313
130,2023-01-06 09:00:00,661.4526051725745
131,2023-01-06 10:00:00,598.5998615239154
132,2023-01-06 11:00:00,643.3882578940771
133,2023-01-06 12:00:00,612.8087032755436
134,2023-01-06 13:00:00,568.4322455988824
135,2023-01-06 14:00:00,593.1184757009257
136,2023-01-06 15:00:00,595.1807155397561
137,2023-01-06 16:00:00,649.3904521547269
138,2023-01-06 17:00:00,572.2469873840499
139,2023-01-06 18:00:00,647.2854245925133
140,2023-01-06 19:00:00,666.1425604866072
141,2023-01-06 20:00:00,607.5057581854734
142,2023-01-06 21:00:00,622.873080742853
143,2023-01-06 22:00:00,647.2821079487527
144,2023-01-06 23:00:00,579.6466012243369
145,2023-01-07 00:00:00,627.3690830540384
146,2023-01-07 01:00:00,604.7597394180696
147,2023-01-07 02:00:00,598.2678880722203
148,2023-01-07 03:00:00,658.7522828204477
149,2023-01-07 04:00:00,615.6687371709456
150,2023-01-07 05:00:00,752.754669801179
151,2023-01-07 06:00:00,668.4975985372945
152,2023-01-07 07:00:00,621.1693797084747
153,2023-01-07 08:00:00,657.8924594916757
154,2023-01-07 09:00:00,644.2444153055507
155,2023-01-07 10:00:00,665.961852165979
156,2023-01-07 11:00:00,616.5249650020764
157,2023-01-07 12:00:00,598.2654772033959
158,2023-01-07 13:00:00,609.9339844468138
159,2023-01-07 14:00:00,583.9440921536781
160,2023-01-07 15:00:00,567.0537272561644
161,2023-01-07 16:00:00,642.3195968387383
162,2023-01-07 17:00:00,603.9349922869269
163,2023-01-07 18:00:00,619.8125199562849
164,2023-01-07 19:00:00,565.8839413463835
165,2023-01-07 20:00:00,618.0356086017489
166,2023-01-07 21:00:00,594.9917020801032
167,2023-01-07 22:00:00,615.2606862147045
168,2023-01-07 23:00:00,627.7804475580713
169,2023-01-08 00:00:00,628.5243804883951
170,2023-01-08 01:00:00,624.8507318401577
171,2023-01-08 02:00:00,637.5338619582855
172,2023-01-08 03:00:00,642.7469381514707
173,2023-01-08 04:00:00,671.3901933134945
174,2023-01-08 05:00:00,704.0217511041018
175,2023-01-08 06:00:00,658.7760545204122
176,2023-01-08 07:00:00,628.9357362817997
177,2023-01-08 08:00:00,652.0228842494118
178,2023-01-08 09:00:00,606.4208184568214
179,2023-01-08 10:00:00,624.33078996926
180,2023-01-08 11:00:00,641.0162011722972
181,2023-01-08 12:00:00,631.9026153749999
182,2023-01-08 13:00:00,633.0205384494602
183,2023-01-08 14:00:00,602.9916092124448
184,2023-01-08 15:00:00,614.6367699245844
185,2023-01-08 16:00:00,619.5128797819941
186,2023-01-08 17:00:00,628.7359609781975
187,2023-01-08 18:00:00,577.1903047898824
188,2023-01-08 19:00:00,590.7960278284634
189,2023-01-08 20:00:00,609.5057441375142
190,2023-01-08 21:00:00,609.3885641157087
191,2023-01-08 22:00:00,603.6338734600499
192,2023-01-08 23:00:00,599.5020680814008
193,2023-01-09 00:00:00,593.3178477277003
194,2023-01-09 01:00:00,638.5478959712519
195,2023-01-09 02:00:00,610.4481442285905
196,2023-01-09 03:00:00,632.1393897414586
197,2023-01-09 04:00:00,693.1604089782916
198,2023-01-09 05:00:00,655.4084489789705
199,2023-01-09 06:00:00,679.4075888322589
200,2023-01-09 07:00:00,589.7887394147648
201,2023-01-09 08:00:00,586.6816053518269
202,2023-01-09 09:00:00,632.5879051539525
203,2023-01-09 10:00:00,621.1704428681002
204,2023-01-09 11:00:00,640.4704556468213
205,2023-01-09 12:00:00,651.9570364613519
206,2023-01-09 13:00:00,641.5034079190103
207,2023-01-09 14:00:00,581.3164832026808
208,2023-01-09 15:00:00,601.5621048334634
209,2023-01-09 16:00:00,563.255653716867
210,2023-01-09 17:00:00,617.8879165845249
211,2023-01-09 18:00:00,567.5662888205735
212,2023-01-09 19:00:00,610.9555513620865
213,2023-01-09 20:00:00,591.3730804123288
214,2023-01-09 21:00:00,577.4169011362933
215,2023-01-09 22:00:00,626.5087750602013
216,2023-01-09 23:00:00,587.8736042559225
217,2023-01-10 00:00:00,584.4762464556574
218,2023-01-10 01:00:00,669.3510316768314
219,2023-01-10 02:00:00,622.7998872227544
220,2023-01-10 03:00:00,662.3079408910205
221,2023-01-10 04:00:00,622.7288146613917
222,2023-01-10 05:00:00,684.8698169031098
223,2023-01-10 06:00:00,691.2418981366768
224,2023-01-10 07:00:00,665.0009957235346
225,2023-01-10 08:00:00,690.2503279048808
226,2023-01-10 09:00:00,660.0089214871867
227,2023-01-10 10:00:00,586.3595921812843
228,2023-01-10 11:00:00,615.9473922724841
229,2023-01-10 12:00:00,612.7048965830921
230,2023-01-10 13:00:00,609.9717041563508
231,2023-01-10 14:00:00,546.4002620406328
232,2023-01-10 15:00:00,572.42111785796
233,2023-01-10 16:00:00,583.6636430397109
234,2023-01-10 17:00:00,598.5862226492737
235,2023-01-10 18:00:00,592.7754222635851
236,2023-01-10 19:00:00,594.1125603818203
237,2023-01-10 20:00:00,638.9874818858161
238,2023-01-10 21:00:00,598.7640625603119
239,2023-01-10 22:00:00,611.7256263510928
240,2023-01-10 23:00:00,608.4588127171068
241,2023-01-11 00:00:00,646.2633052486796
242,2023-01-11 01:00:00,664.7274439782806
243,2023-01-11 02:00:00,644.1099382029113
244,2023-01-11 03:00:00,690.4641508214229
245,2023-01-11 04:00:00,678.9424029498513
246,2023-01-11 05:00:00,639.252262981154
247,2023-01-11 06:00:00,630.0503871735895
248,2023-01-11 07:00:00,658.5175853483898
249,2023-01-11 08:00:00,654.6212095978353
250,2023-01-11 09:00:00,638.7946516476077
251,2023-01-11 10:00:00,596.94808839386
252,2023-01-11 11:00:00,618.8301744965311
253,2023-01-11 12:00:00,604.4593477551244
254,2023-01-11 13:00:00,624.1975173285949
255,2023-01-11 14:00:00,564.9512085158165
256,2023-01-11 15:00:00,619.52618043672
257,2023-01-11 16:00:00,547.7801825647102
258,2023-01-11 17:00:00,648.6156185144941
259,2023-01-11 18:00:00,584.736222022528
260,2023-01-11 19:00:00,578.0828155160293
261,2023-01-11 20:00:00,606.8975840655932
262,2023-01-11 21:00:00,591.5373362904102
263,2023-01-11 22:00:00,635.4623666636378
264,2023-01-11 23:00:00,625.7694513838785
265,2023-01-12 00:00:00,624.380936759531
266,2023-01-12 01:00:00,574.873208744699
267,2023-01-12 02:00:00,625.7190182801604
268,2023-01-12 03:00:00,601.5691167433987
269,2023-01-12 04:00:00,648.5936441878384
270,2023-01-12 05:00:00,656.4634442438366
271,2023-01-12 06:00:00,622.5896654257566
272,2023-01-12 07:00:00,642.0033323295429
273,2023-01-12 08:00:00,632.584002568453
274,2023-01-12 09:00:00,672.3844892281232
275,2023-01-12 10:00:00,616.0649460255453
276,2023-01-12 11:00:00,657.987559675402
277,2023-01-12 12:00:00,607.4158092319187
278,2023-01-12 13:00:00,583.8592018622779
279,2023-01-12 14:00:00,581.0461484044247
280,2023-01-12 15:00:00,649.2712942957139
281,2023-01-12 16:00:00,595.3525041221145
282,2023-01-12 17:00:00,601.5827796047696
283,2023-01-12 18:00:00,581.6323693619615
284,2023-01-12 19:00:00,557.0298321702753
285,2023-01-12 20:00:00,627.3802695183255
286,2023-01-12 21:00:00,615.0312503122631
287,2023-01-12 22:00:00,609.4005519584957
288,2023-01-12 23:00:00,569.8282996311542
289,2023-01-13 00:00:00,626.2084603668992
290,2023-01-13 01:00:00,679.1730281020423
291,2023-01-13 02:00:00,652.357130237391
292,2023-01-13 03:00:00,648.9205140595046
293,2023-01-13 04:00:00,640.1863350898409
294,2023-01-13 05:00:00,645.0586453875045
295,2023-01-13 06:00:00,630.7998667990097
296,2023-01-13 07:00:00,658.4741447930123
297,2023-01-13 08:00:00,647.3344485133341
298,2023-01-13 09:00:00,664.4483814837586
299,2023-01-13 10:00:00,634.9130718462502
300,2023-01-13 11:00:00,599.6020201575225
301,2023-01-13 12:00:00,616.0839799622479
302,2023-01-13 13:00:00,568.6600912945246
303,2023-01-13 14:00:00,571.7429359028525
304,2023-01-13 15:00:00,630.0003978155236
305,2023-01-13 16:00:00,588.4533095656163
306,2023-01-13 17:00:00,545.8772824467471
307,2023-01-13 18:00:00,603.9694597311922
308,2023-01-13 19:00:00,583.2642635797934
309,2023-01-13 20:00:00,568.6597981570604
310,2023-01-13 21:00:00,607.6186203689298
311,2023-01-13 22:00:00,595.6169836854232
312,2023-01-13 23:00:00,635.6116144134529
313,2023-01-14 00:00:00,627.7427515211228
314,2023-01-14 01:00:00,650.5943765432703
315,2023-01-14 02:00:00,613.3323342229602
316,2023-01-14 03:00:00,689.9038162620327
317,2023-01-14 04:00:00,606.2360374034789
318,2023-01-14 05:00:00,646.0077897937674
319,2023-01-14 06:00:00,637.249775647564
320,2023-01-14 07:00:00,609.4934790779195
321,2023-01-14 08:00:00,667.696671099138
322,2023-01-14 09:00:00,677.3209818782358
323,2023-01-14 10:00:00,671.8484394433822
324,2023-01-14 11:00:00,655.460617286557
325,2023-01-14 12:00:00,633.817964695739
326,2023-01-14 13:00:00,594.6650700693549
327,2023-01-14 14:00:00,556.4111040744876
328,2023-01-14 15:00:00,571.8720360307772
329,2023-01-14 16:00:00,560.5582109276535
330,2023-01-14 17:00:00,610.8273151431852
331,2023-01-14 18:00:00,595.5944785167394
332,2023-01-14 19:00:00,575.0487216935915
333,2023-01-14 20:00:00,606.1816617968136
334,2023-01-14 21:00:00,643.9274577310126
335,2023-01-14 22:00:00,595.0872341604647
336,2023-01-14 23:00:00,600.2587966063767
337,2023-01-15 00:00:00,604.2661839361508
338,2023-01-15 01:00:00,685.0102281025885
339,2023-01-15 02:00:00,658.4589351869207
340,2023-01-15 03:00:00,710.1242143477548
341,2023-01-15 04:00:00,712.5801472894624
342,2023-01-15 05:00:00,643.2734625183749
343,2023-01-15 06:00:00,656.9770868597534
344,2023-01-15 07:00:00,626.7747417557702
345,2023-01-15 08:00:00,604.4544820960722
346,2023-01-15 09:00:00,649.9873776224958
347,2023-01-15 10:00:00,620.9330152800107
348,2023-01-15 11:00:00,635.1986568562928
349,2023-01-15 12:00:00,659.9623851992174
350,2023-01-15 13:00:00,638.7608206384584
351,2023-01-15 14:00:00,556.3875959091489
352,2023-01-15 15:00:00,572.7010708916354
353,2023-01-15 16:00:00,624.0170530748162
354,2023-01-15 17:00:00,556.690998620627
355,2023-01-15 18:00:00,582.1779893079765
356,2023-01-15 19:00:00,576.3737155598294
357,2023-01-15 20:00:00,626.4899244773063
358,2023-01-15 21:00:00,643.9834856764483
359,2023-01-15 22:00:00,649.7796596308754
360,2023-01-15 23:00:00,612.2128788870442
361,2023-01-16 00:00:00,639.9937833589859
362,2023-01-16 01:00:00,615.4629559932456
363,2023-01-16 02:00:00,609.8916952832504
364,2023-01-16 03:00:00,649.789990698031
365,2023-01-16 04:00:00,645.2594205187037
366,2023-01-16 05:00:00,614.2602529548635
367,2023-01-16 06:00:00,597.1871759980494
368,2023-01-16 07:00:00,626.0738911575727
369,2023-01-16 08:00:00,660.3095108095117
370,2023-01-16 09:00:00,658.6070309601619
371,2023-01-16 10:00:00,643.0424124670824
372,2023-01-16 11:00:00,637.1353742597456
373,2023-01-16 12:00:00,645.1458187809664
374,2023-01-16 13:00:00,566.6726322745027
375,2023-01-16 14:00:00,595.1252533020205
376,2023-01-16 15:00:00,605.0279517654767
377,2023-01-16 16:00:00,612.533779574074
378,2023-01-16 17:00:00,591.7570761574406
379,2023-01-16 18:00:00,535.7838629099545
380,2023-01-16 19:00:00,591.3857915502994
381,2023-01-16 20:00:00,623.0176387642399
382,2023-01-16 21:00:00,624.3381735530071
383,2023-01-16 22:00:00,627.3439589809391
384,2023-01-16 23:00:00,613.7739403708654
385,2023-01-17 00:00:00,640.9028124462263
386,2023-01-17 01:00:00,605.3525458161704
387,2023-01-17 02:00:00,611.3841095479598
388,2023-01-17 03:00:00,628.5717462842449
389,2023-01-17 04:00:00,637.7469413865606
390,2023-01-17 05:00:00,668.6359152793935
391,2023-01-17 06:00:00,652.9063871872122
392,2023-01-17 07:00:00,667.0093939687147
393,2023-01-17 08:00:00,673.8241589775809
394,2023-01-17 09:00:00,618.2401126692569
395,2023-01-17 10:00:00,602.9978650130279
396,2023-01-17 11:00:00,614.6095065869611
397,2023-01-17 12:00:00,596.520409318638
398,2023-01-17 13:00:00,601.5764331673887
399,2023-01-17 14:00:00,558.4218121083314
400,2023-01-17 15:00:00,618.6879222512421
401,2023-01-17 16:00:00,542.7934664521129
402,2023-01-17 17:00:00,599.3337672476473
403,2023-01-17 18:00:00,554.2339007914281
404,2023-01-17 19:00:00,626.7537482585296
405,2023-01-17 20:00:00,592.3342588916423
406,2023-01-17 21:00:00,637.5900451132463
407,2023-01-17 22:00:00,597.7492877452723
408,2023-01-17 23:00:00,636.1897150573252
409,2023-01-18 00:00:00,617.6087613795635
410,2023-01-18 01:00:00,640.2974711520465
411,2023-01-18 02:00:00,613.2199953554136
412,2023-01-18 03:00:00,664.1898573975254
413,2023-01-18 04:00:00,626.0101245978487
414,2023-01-18 05:00:00,642.0790462225095
415,2023-01-18 06:00:00,623.9154201969628
416,2023-01-18 07:00:00,640.3572861098269
417,2023-01-18 08:00:00,623.7083052897315
418,2023-01-18 09:00:00,669.476238816978
419,2023-01-18 10:00:00,603.8317811256295
420,2023-01-18 11:00:00,718.9522487991895
421,2023-01-18 12:00:00,654.1199307466621
422,2023-01-18 13:00:00,639.4522198437754
423,2023-01-18 14:00:00,602.8295762966653
424,2023-01-18 15:00:00,636.3506558197543
425,2023-01-18 16:00:00,599.511649709968
426,2023-01-18 17:00:00,625.1473245664475
427,2023-01-18 18:00:00,530.5431270731078
428,2023-01-18 19:00:00,646.1797533571454
429,2023-01-18 20:00:00,652.9782672423778
430,2023-01-18 21:00:00,615.7809363730953
431,2023-01-18 22:00:00,664.467267536397
432,2023-01-18 23:00:00,663.8975124205485
433,2023-01-19 00:00:00,615.6517139915643
434,2023-01-19 01:00:00,582.5866442926017
435,2023-01-19 02:00:00,624.3244058952487
436,2023-01-19 03:00:00,639.8413490704618
437,2023-01-19 04:00:00,588.3911072034533
438,2023-01-19 05:00:00,683.1056780902738
439,2023-01-19 06:00:00,696.4226767999908
440,2023-01-19 07:00:00,636.4452920357611
441,2023-01-19 08:00:00,650.4929578963175
442,2023-01-19 09:00:00,608.8991146107559
443,2023-01-19 10:00:00,675.9898546875733
444,2023-01-19 11:00:00,597.4008215808341
445,2023-01-19 12:00:00,591.2505805087213
446,2023-01-19 13:00:00,661.3492685587809
447,2023-01-19 14:00:00,530.4675502373037
448,2023-01-19 15:00:00,617.3938567933267
449,2023-01-19 16:00:00,598.028265988926
450,2023-01-19 17:00:00,601.8686573662147
451,2023-01-19 18:00:00,585.8161741046874
452,2023-01-19 19:00:00,548.1760895766752
453,2023-01-19 20:00:00,598.0483287797628
454,2023-01-19 21:00:00,641.0941421006338
455,2023-01-19 22:00:00,622.4185057876684
456,2023-01-19 23:00:00,618.6202894404639
457,2023-01-20 00:00:00,607.1393828833429
458,2023-01-20 01:00:00,609.5600027342143
459,2023-01-20 02:00:00,586.8147539619256
460,2023-01-20 03:00:00,664.9900637395623
461,2023-01-20 04:00:00,610.2645700267543
462,2023-01-20 05:00:00,638.7025992774907
463,2023-01-20 06:00:00,629.2380288049753
464,2023-01-20 07:00:00,678.6219766395258
465,2023-01-20 08:00:00,658.0611212208972
466,2023-01-20 09:00:00,654.0339593780699
467,2023-01-20 10:00:00,579.0830070397975
468,2023-01-20 11:00:00,635.9681335891834
469,2023-01-20 12:00:00,595.0240266181125
470,2023-01-20 13:00:00,592.8324549046434
471,2023-01-20 14:00:00,588.5104015368811
472,2023-01-20 15:00:00,610.151995550794
473,2023-01-20 16:00:00,619.8280602646519
474,2023-01-20 17:00:00,622.4123718761122
475,2023-01-20 18:00:00,670.7940807814471
476,2023-01-20 19:00:00,576.8657406027286
477,2023-01-20 20:00:00,606.9905502492009
478,2023-01-20 21:00:00,589.996988350376
479,2023-01-20 22:00:00,633.1669540531565
480,2023-01-20 23:00:00,624.0835864329837
481,2023-01-21 00:00:00,618.075467943066
482,2023-01-21 01:00:00,620.5588403100176
483,2023-01-21 02:00:00,616.8415550686907
484,2023-01-21 03:00:00,605.6249342670404
485,2023-01-21 04:00:00,671.2414212038603
486,2023-01-21 05:00:00,659.3885489863791
487,2023-01-21 06:00:00,607.399251550712
488,2023-01-21 07:00:00,592.1962282708882
489,2023-01-21 08:00:00,616.7751260569366
490,2023-01-21 09:00:00,625.6741000519213
491,2023-01-21 10:00:00,630.8830685922977
492,2023-01-21 11:00:00,614.7676950620377
493,2023-01-21 12:00:00,679.5785147932728
494,2023-01-21 13:00:00,633.1175527609189
495,2023-01-21 14:00:00,596.12952355
496,2023-01-21 15:00:00,594.1039467523443
497,2023-01-21 16:00:00,597.9749512415478
498,2023-01-21 17:00:00,609.0207698811454
499,2023-01-21 18:00:00,567.0286903457558
500,2023-01-21 19:00:00,614.8366442022289
501,2023-01-21 20:00:00,592.2829037058107
502,2023-01-21 21:00:00,610.5300355362709
503,2023-01-21 22:00:00,616.3711755704555
504,2023-01-21 23:00:00,648.9706530068755
505,2023-01-22 00:00:00,612.2240650262803
506,2023-01-22 01:00:00,624.6813192036416
507,2023-01-22 02:00:00,604.5637350103171
508,2023-01-22 03:00:00,637.2570324037795
509,2023-01-22 04:00:00,647.7444054424069
510,2023-01-22 05:00:00,601.8215270708151
511,2023-01-22 06:00:00,623.0429800354523
512,2023-01-22 07:00:00,629.5306520675193
513,2023-01-22 08:00:00,588.9641578987203
514,2023-01-22 09:00:00,678.1810826265202
515,2023-01-22 10:00:00,676.0788030403504
516,2023-01-22 11:00:00,673.5698573556739
517,2023-01-22 12:00:00,601.3877193901316
518,2023-01-22 13:00:00,637.2309057157672
519,2023-01-22 14:00:00,585.0434009141919
520,2023-01-22 15:00:00,556.9835575187703
521,2023-01-22 16:00:00,579.0885973206366
522,2023-01-22 17:00:00,598.7157520992796
523,2023-01-22 18:00:00,584.0995808730087
524,2023-01-22 19:00:00,597.2590331132002
525,2023-01-22 20:00:00,618.6808776554205
526,2023-01-22 21:00:00,635.7182564737091
527,2023-01-22 22:00:00,593.7511086537006
528,2023-01-22 23:00:00,661.6132832310459
529,2023-01-23 00:00:00,619.6801834957008
530,2023-01-23 01:00:00,641.7540280624542
531,2023-01-23 02:00:00,701.3704240465709
532,2023-01-23 03:00:00,608.8618486074267
533,2023-01-23 04:00:00,620.901938720964
534,2023-01-23 05:00:00,676.6983054518764
535,2023-01-23 06:00:00,584.9443838055316
536,2023-01-23 07:00:00,659.5702124936112
537,2023-01-23 08:00:00,653.3634334822804
538,2023-01-23 09:00:00,668.0722118332515
539,2023-01-23 10:00:00,601.3058985208763
540,2023-01-23 11:00:00,641.840471094504
541,2023-01-23 12:00:00,649.2698357162661
542,2023-01-23 13:00:00,594.4158991644273
543,2023-01-23 14:00:00,593.2658230182187
544,2023-01-23 15:00:00,631.1614244646157
545,2023-01-23 16:00:00,581.9691675417996
546,2023-01-23 17:00:00,554.4973537386289
547,2023-01-23 18:00:00,632.7368543280235
548,2023-01-23 19:00:00,538.2405751979343
549,2023-01-23 20:00:00,567.2072546216083
550,2023-01-23 21:00:00,586.4560902981691
551,2023-01-23 22:00:00,636.8450486332688
552,2023-01-23 23:00:00,618.1871571855643
553,2023-01-24 00:00:00,566.3827192022615
554,2023-01-24 01:00:00,616.1982310320383
555,2023-01-24 02:00:00,644.7147863173279
556,2023-01-24 03:00:00,601.5632201414356
557,2023-01-24 04:00:00,602.0100700370282
558,2023-01-24 05:00:00,685.6028765332551
559,2023-01-24 06:00:00,696.9613520885862
560,2023-01-24 07:00:00,615.4149938178937
561,2023-01-24 08:00:00,657.7477336770744
562,2023-01-24 09:00:00,624.8199887606985
563,2023-01-24 10:00:00,670.4767954685567
564,2023-01-24 11:00:00,625.2812863648577
565,2023-01-24 12:00:00,682.9049167017829
566,2023-01-24 13:00:00,555.7771339208514
567,2023-01-24 14:00:00,596.4728530016497
568,2023-01-24 15:00:00,597.2037456255896
569,2023-01-24 16:00:00,633.4470847866817
570,2023-01-24 17:00:00,598.3109879545557
571,2023-01-24 18:00:00,553.6175049342394
572,2023-01-24 19:00:00,636.6551508453333
573,2023-01-24 20:00:00,605.2027741311238
574,2023-01-24 21:00:00,588.7606393222665
575,2023-01-24 22:00:00,653.4156029873578
576,2023-01-24 23:00:00,664.2199367176721
577,2023-01-25 00:00:00,616.9175718520347
578,2023-01-25 01:00:00,628.9664154461827
579,2023-01-25 02:00:00,646.5994509090879
580,2023-01-25 03:00:00,625.8849391356164
581,2023-01-25 04:00:00,628.7007553715532
582,2023-01-25 05:00:00,624.391142004685
583,2023-01-25 06:00:00,590.6566620395139
584,2023-01-25 07:00:00,624.3489855960136
585,2023-01-25 08:00:00,634.576229559323
586,2023-01-25 09:00:00,667.850044617805
587,2023-01-25 10:00:00,603.401580574715
588,2023-01-25 11:00:00,629.5130951692141
589,2023-01-25 12:00:00,649.9151161645995
590,2023-01-25 13:00:00,663.4119087469544
591,2023-01-25 14:00:00,618.1603262838097
592,2023-01-25 15:00:00,592.289657198712
593,2023-01-25 16:00:00,597.4611432856908
594,2023-01-25 17:00:00,635.2736357255852
595,2023-01-25 18:00:00,583.1161997354526
596,2023-01-25 19:00:00,575.4092857558468
597,2023-01-25 20:00:00,573.436730637192
598,2023-01-25 21:00:00,654.9333083603532
599,2023-01-25 22:00:00,604.7623479783941
600,2023-01-25 23:00:00,648.9798485609977
601,2023-01-26 00:00:00,629.8886497720506
602,2023-01-26 01:00:00,639.8325904793603
603,2023-01-26 02:00:00,596.7720334731414
604,2023-01-26 03:00:00,622.2765175140368
605,2023-01-26 04:00:00,597.6734844597102
606,2023-01-26 05:00:00,644.923375602512
607,2023-01-26 06:00:00,647.814139848713
608,2023-01-26 07:00:00,648.9110471406431
609,2023-01-26 08:00:00,647.70231786782
610,2023-01-26 09:00:00,588.5737794350512
611,2023-01-26 10:00:00,612.6113951105992
612,2023-01-26 11:00:00,658.3136217646138
613,2023-01-26 12:00:00,643.753068651498
614,2023-01-26 13:00:00,613.3715887996068
615,2023-01-26 14:00:00,607.1726743708823
616,2023-01-26 15:00:00,582.5686817507377
617,2023-01-26 16:00:00,592.7902567491122
618,2023-01-26 17:00:00,573.6676684344774
619,2023-01-26 18:00:00,590.8114394491839
620,2023-01-26 19:00:00,537.0155865854252
621,2023-01-26 20:00:00,572.4628077941037
622,2023-01-26 21:00:00,569.7651745931112
623,2023-01-26 22:00:00,585.2666533986635
624,2023-01-26 23:00:00,664.0589639612982
625,2023-01-27 00:00:00,630.6995276996682
626,2023-01-27 01:00:00,641.4966653622695
627,2023-01-27 02:00:00,633.1871332198871
628,2023-01-27 03:00:00,610.9223379073941
629,2023-01-27 04:00:00,591.6882445647745
630,2023-01-27 05:00:00,595.9190279795561
631,2023-01-27 06:00:00,634.4234674249972
632,2023-01-27 07:00:00,680.7595299462095
633,2023-01-27 08:00:00,675.0364747425059
634,2023-01-27 09:00:00,559.5351194338555
635,2023-01-27 10:00:00,628.9474199855226
636,2023-01-27 11:00:00,649.409493424866
637,2023-01-27 12:00:00,628.5069825127193
638,2023-01-27 13:00:00,612.3968790875035
639,2023-01-27 14:00:00,628.5586218968502
640,2023-01-27 15:00:00,586.8502161619936
641,2023-01-27 16:00:00,572.6984276382736
642,2023-01-27 17:00:00,608.919550397013
643,2023-01-27 18:00:00,584.8747595147697
644,2023-01-27 19:00:00,585.466778167565
645,2023-01-27 20:00:00,653.7931199890768
646,2023-01-27 21:00:00,574.7891208706411
647,2023-01-27 22:00:00,665.8303937380141
648,2023-01-27 23:00:00,597.9297336636471
649,2023-01-28 00:00:00,611.1202085460062
650,2023-01-28 01:00:00,668.4491334163024
651,2023-01-28 02:00:00,624.6887191341075
652,2023-01-28 03:00:00,633.6000630361667
653,2023-01-28 04:00:00,637.7748053659449
654,2023-01-28 05:00:00,581.9939652323994
655,2023-01-28 06:00:00,614.0182011637758
656,2023-01-28 07:00:00,635.8329969843746
657,2023-01-28 08:00:00,628.5666075321058
658,2023-01-28 09:00:00,616.8225693704424
659,2023-01-28 10:00:00,620.6732245136363
660,2023-01-28 11:00:00,588.9512449448109
661,2023-01-28 12:00:00,619.9237806623808
662,2023-01-28 13:00:00,573.8982477359759
663,2023-01-28 14:00:00,552.1080511438155
664,2023-01-28 15:00:00,606.7345857760776
665,2023-01-28 16:00:00,643.7814278100304
666,2023-01-28 17:00:00,579.6812635191424
667,2023-01-28 18:00:00,625.1716635403869
668,2023-01-28 19:00:00,584.1109013940251
669,2023-01-28 20:00:00,644.2149401571659
670,2023-01-28 21:00:00,593.4764747053308
671,2023-01-28 22:00:00,614.8271774447612
672,2023-01-28 23:00:00,636.6373339913788
673,2023-01-29 00:00:00,591.8100045016454
674,2023-01-29 01:00:00,613.3646865705366
675,2023-01-29 02:00:00,625.9366146232754
676,2023-01-29 03:00:00,672.8426259645497
677,2023-01-29 04:00:00,635.7111911878936
678,2023-01-29 05:00:00,566.3401185182304
679,2023-01-29 06:00:00,649.6082304654789
680,2023-01-29 07:00:00,639.0541932276178
681,2023-01-29 08:00:00,638.8318407065267
682,2023-01-29 09:00:00,645.8300571166773
683,2023-01-29 10:00:00,579.8032327507448
684,2023-01-29 11:00:00,639.4010017868213
685,2023-01-29 12:00:00,566.7273896694385
686,2023-01-29 13:00:00,615.779261926016
687,2023-01-29 14:00:00,629.1490834925322
688,2023-01-29 15:00:00,557.1620556756968
689,2023-01-29 16:00:00,554.2901296631865
690,2023-01-29 17:00:00,632.4183445686997
691,2023-01-29 18:00:00,598.7699683001974
692,2023-01-29 19:00:00,597.0233388898768
693,2023-01-29 20:00:00,586.5395952741617
694,2023-01-29 21:00:00,564.7180822266403
695,2023-01-29 22:00:00,544.7492288895342
696,2023-01-29 23:00:00,585.6473120156594
697,2023-01-30 00:00:00,603.7835835744884
698,2023-01-30 01:00:00,634.9592126565246
699,2023-01-30 02:00:00,579.2435021215695
700,2023-01-30 03:00:00,572.6315676994508
701,2023-01-30 04:00:00,656.5477176311905
702,2023-01-30 05:00:00,614.4657432795151
703,2023-01-30 06:00:00,623.754451692245
704,2023-01-30 07:00:00,669.801726500171
705,2023-01-30 08:00:00,652.0746878276997
706,2023-01-30 09:00:00,608.3479436242333
707,2023-01-30 10:00:00,639.9970399171826
708,2023-01-30 11:00:00,608.2002773361514
709,2023-01-30 12:00:00,631.49344372113
710,2023-01-30 13:00:00,621.8645228886983
711,2023-01-30 14:00:00,565.895302449479
712,2023-01-30 15:00:00,631.7078429407193
713,2023-01-30 16:00:00,545.0880713359256
714,2023-01-30 17:00:00,611.8411867589328
715,2023-01-30 18:00:00,537.4726181272584
716,2023-01-30 19:00:00,561.6990100908462
717,2023-01-30 20:00:00,532.9572175199671
718,2023-01-30 21:00:00,577.6900304262631
719,2023-01-30 22:00:00,636.2253957124793
720,2023-01-30 23:00:00,593.2832859102629
721,2023-01-31 00:00:00,580.4863726772763
722,2023-01-31 01:00:00,637.3432375688487
723,2023-01-31 02:00:00,614.3843368646135
724,2023-01-31 03:00:00,634.1425775960532
725,2023-01-31 04:00:00,663.1447264874686
726,2023-01-31 05:00:00,623.2324444437882
727,2023-01-31 06:00:00,626.4822067340393
728,2023-01-31 07:00:00,612.1773489301781
729,2023-01-31 08:00:00,665.622173389089
730,2023-01-31 09:00:00,601.4650529224184
731,2023-01-31 10:00:00,619.8455711214534
732,2023-01-31 11:00:00,622.7670295540717
733,2023-01-31 12:00:00,605.7983031878823
734,2023-01-31 13:00:00,617.7982428918091
735,2023-01-31 14:00:00,560.9303529612316
736,2023-01-31 15:00:00,554.8196294910775
737,2023-01-31 16:00:00,542.9006615415628
738,2023-01-31 17:00:00,549.0976425744033
739,2023-01-31 18:00:00,542.4263124829813
740,2023-01-31 19:00:00,557.8691181761263
741,2023-01-31 20:00:00,589.4027873931143
742,2023-01-31 21:00:00,621.5282484250055
743,2023-01-31 22:00:00,614.6298786468469
744,2023-01-31 23:00:00,611.5270188617451
745,2023-02-01 00:00:00,610.5076295304049
746,2023-02-01 01:00:00,621.4422853796744
747,2023-02-01 02:00:00,601.8019127207712
748,2023-02-01 03:00:00,650.7475840339529
749,2023-02-01 04:00:00,646.7932231039392
750,2023-02-01 05:00:00,637.3530841425071
751,2023-02-01 06:00:00,626.1705585452247
752,2023-02-01 07:00:00,705.1476346660869
753,2023-02-01 08:00:00,671.5265533270914
754,2023-02-01 09:00:00,580.9426248481144
755,2023-02-01 10:00:00,659.8397074831831
756,2023-02-01 11:00:00,612.8716532960848
757,2023-02-01 12:00:00,578.3041969725305
758,2023-02-01 13:00:00,620.6382408839618
759,2023-02-01 14:00:00,577.5435443129705
760,2023-02-01 15:00:00,558.1290809163415
761,2023-02-01 16:00:00,557.6569555589704
762,2023-02-01 17:00:00,597.6051200147199
763,2023-02-01 18:00:00,585.3149100155275
764,2023-02-01 19:00:00,589.8241310727633
765,2023-02-01 20:00:00,593.1091162388926
766,2023-02-01 21:00:00,573.090062043091
767,2023-02-01 22:00:00,586.0734609499573
768,2023-02-01 23:00:00,550.3437998957154
769,2023-02-02 00:00:00,591.7977087424525
770,2023-02-02 01:00:00,618.6360035726635
771,2023-02-02 02:00:00,592.9110120478364
772,2023-02-02 03:00:00,571.9365672504432
773,2023-02-02 04:00:00,594.509202508068
774,2023-02-02 05:00:00,642.259898191885
775,2023-02-02 06:00:00,660.8857073371917
776,2023-02-02 07:00:00,654.7477474478595
777,2023-02-02 08:00:00,641.4355516577566
778,2023-02-02 09:00:00,601.5982772780188
779,2023-02-02 10:00:00,605.1926476563649
780,2023-02-02 11:00:00,604.1224214368019
781,2023-02-02 12:00:00,646.8898769681821
782,2023-02-02 13:00:00,545.1782392090322
783,2023-02-02 14:00:00,606.8117829264587
784,2023-02-02 15:00:00,588.841222927881
785,2023-02-02 16:00:00,624.2856354777664
786,2023-02-02 17:00:00,523.8570323068444
787,2023-02-02 18:00:00,529.301972757237
788,2023-02-02 19:00:00,568.9951133972218
789,2023-02-02 20:00:00,566.3664985506101
790,2023-02-02 21:00:00,622.4313339880613
791,2023-02-02 22:00:00,628.1247668850561
792,2023-02-02 23:00:00,612.2792036795366
793,2023-02-03 00:00:00,600.428978834975
794,2023-02-03 01:00:00,574.6824869451584
795,2023-02-03 02:00:00,642.6261219249461
796,2023-02-03 03:00:00,576.7545575223354
797,2023-02-03 04:00:00,608.1856891583849
798,2023-02-03 05:00:00,645.6262141411345
799,2023-02-03 06:00:00,651.8447005094233
800,2023-02-03 07:00:00,601.8282282047605
801,2023-02-03 08:00:00,565.3003241969673
802,2023-02-03 09:00:00,626.33596315597
803,2023-02-03 10:00:00,636.9376519002809
804,2023-02-03 11:00:00,570.7829844392824
805,2023-02-03 12:00:00,582.3299155262746
806,2023-02-03 13:00:00,592.2663771376368
807,2023-02-03 14:00:00,564.9796549900611
808,2023-02-03 15:00:00,569.9021858199956
809,2023-02-03 16:00:00,563.0283399479498
810,2023-02-03 17:00:00,566.1662043857641
811,2023-02-03 18:00:00,603.365738406999
812,2023-02-03 19:00:00,525.9802236584558
813,2023-02-03 20:00:00,621.2926949748985
814,2023-02-03 21:00:00,583.8406896076141
815,2023-02-03 22:00:00,581.4702362887112
816,2023-02-03 23:00:00,583.5416624191456
817,2023-02-04 00:00:00,620.8592519792574
818,2023-02-04 01:00:00,567.8072596563868
819,2023-02-04 02:00:00,644.0527017428524
820,2023-02-04 03:00:00,594.5315479262855
821,2023-02-04 04:00:00,624.5502810715258
822,2023-02-04 05:00:00,637.9731749811223
823,2023-02-04 06:00:00,628.1391334913353
824,2023-02-04 07:00:00,636.672814962213
825,2023-02-04 08:00:00,614.0928953042485
826,2023-02-04 09:00:00,610.8987574260022
827,2023-02-04 10:00:00,603.4499637306432
828,2023-02-04 11:00:00,627.4247273863683
829,2023-02-04 12:00:00,636.3932952283035
830,2023-02-04 13:00:00,635.6396539023361
831,2023-02-04 14:00:00,605.9039889866006
832,2023-02-04 15:00:00,629.9971410176408
833,2023-02-04 16:00:00,600.3198163952527
834,2023-02-04 17:00:00,559.0642131385405
835,2023-02-04 18:00:00,540.2621482772015
836,2023-02-04 19:00:00,599.8843034021378
837,2023-02-04 20:00:00,565.5576096760449
838,2023-02-04 21:00:00,530.3759971624678
839,2023-02-04 22:00:00,575.9709748977169
840,2023-02-04 23:00:00,586.3393395658367
841,2023-02-05 00:00:00,610.6418702020591
842,2023-02-05 01:00:00,611.6106743712664
843,2023-02-05 02:00:00,597.1919063484216
844,2023-02-05 03:00:00,639.5420388020179
845,2023-02-05 04:00:00,682.1821224210337
846,2023-02-05 05:00:00,613.5398992420116
847,2023-02-05 06:00:00,615.5433769314917
848,2023-02-05 07:00:00,630.1499462438219
849,2023-02-05 08:00:00,629.7265120301705
850,2023-02-05 09:00:00,603.187410490764
851,2023-02-05 10:00:00,620.4569387594272
852,2023-02-05 11:00:00,633.9680403092592
853,2023-02-05 12:00:00,617.5008415178381
854,2023-02-05 13:00:00,645.0112848840815
855,2023-02-05 14:00:00,576.0288027395754
856,2023-02-05 15:00:00,580.3021248421454
857,2023-02-05 16:00:00,541.9090045265823
858,2023-02-05 17:00:00,550.2595036940602
859,2023-02-05 18:00:00,555.1328773249459
860,2023-02-05 19:00:00,654.4845782887661
861,2023-02-05 20:00:00,555.0986312021745
862,2023-02-05 21:00:00,625.8647053145461
863,2023-02-05 22:00:00,588.4877353142369
864,2023-02-05 23:00:00,543.2412368558946
865,2023-02-06 00:00:00,624.6226054607257
866,2023-02-06 01:00:00,591.3750141029626
867,2023-02-06 02:00:00,604.3876729244774
868,2023-02-06 03:00:00,609.682967994301
869,2023-02-06 04:00:00,630.0228821099369
870,2023-02-06 05:00:00,624.9766088751417
871,2023-02-06 06:00:00,610.5412980016621
872,2023-02-06 07:00:00,624.7796294505566
873,2023-02-06 08:00:00,637.5925372073983
874,2023-02-06 09:00:00,634.3159391449493
875,2023-02-06 10:00:00,649.969763390669
876,2023-02-06 11:00:00,614.5651016363527
877,2023-02-06 12:00:00,573.5637354470938
878,2023-02-06 13:00:00,627.8553823268486
879,2023-02-06 14:00:00,575.8398841359996
880,2023-02-06 15:00:00,554.4829773395613
881,2023-02-06 16:00:00,572.3698208571766
882,2023-02-06 17:00:00,558.2493016671345
883,2023-02-06 18:00:00,538.4448441128759
884,2023-02-06 19:00:00,623.3729046732262
885,2023-02-06 20:00:00,564.7857555017406
886,2023-02-06 21:00:00,604.5015784132726
887,2023-02-06 22:00:00,564.2330709684736
888,2023-02-06 23:00:00,616.348223512158
889,2023-02-07 00:00:00,590.641453973512
890,2023-02-07 01:00:00,602.6909645869525
891,2023-02-07 02:00:00,663.2295949216855
892,2023-02-07 03:00:00,602.0255376375236
893,2023-02-07 04:00:00,560.806357217989
894,2023-02-07 05:00:00,645.0451651525319
895,2023-02-07 06:00:00,609.0922989061758
896,2023-02-07 07:00:00,666.6092782321263
897,2023-02-07 08:00:00,643.4444318567049
898,2023-02-07 09:00:00,632.7378979852058
899,2023-02-07 10:00:00,647.1537425534633
900,2023-02-07 11:00:00,596.8149631060276
901,2023-02-07 12:00:00,572.8361195511667
902,2023-02-07 13:00:00,604.7253419231505
903,2023-02-07 14:00:00,592.7314460738988
904,2023-02-07 15:00:00,580.0786767804343
905,2023-02-07 16:00:00,497.7874231605503
906,2023-02-07 17:00:00,555.990070107637
907,2023-02-07 18:00:00,581.915861495748
908,2023-02-07 19:00:00,576.9864907072447
909,2023-02-07 20:00:00,553.9164034870477
910,2023-02-07 21:00:00,580.0306360044481
911,2023-02-07 22:00:00,556.4407788910781
912,2023-02-07 23:00:00,621.6982005023827
913,2023-02-08 00:00:00,623.5685257731398
914,2023-02-08 01:00:00,585.3649057193304
915,2023-02-08 02:00:00,650.3792658111155
916,2023-02-08 03:00:00,642.9344960912985
917,2023-02-08 04:00:00,580.4113326073423
918,2023-02-08 05:00:00,653.6877842432643
919,2023-02-08 06:00:00,568.9672198309444
920,2023-02-08 07:00:00,604.2100756227045
921,2023-02-08 08:00:00,553.1168117452916
922,2023-02-08 09:00:00,634.1094570413521
923,2023-02-08 10:00:00,598.2471553459238
924,2023-02-08 11:00:00,536.6585882921934
925,2023-02-08 12:00:00,617.8420974537693
926,2023-02-08 13:00:00,547.877115040224
927,2023-02-08 14:00:00,594.2305305007806
928,2023-02-08 15:00:00,584.9755507475286
929,2023-02-08 16:00:00,636.3205878580483
930,2023-02-08 17:00:00,604.6122979072981
931,2023-02-08 18:00:00,564.0173121654072
932,2023-02-08 19:00:00,545.6161643966689
933,2023-02-08 20:00:00,596.223443076831
934,2023-02-08 21:00:00,603.1664572213976
935,2023-02-08 22:00:00,610.2926554388805
936,2023-02-08 23:00:00,587.2487325537295
937,2023-02-09 00:00:00,593.16487955879
938,2023-02-09 01:00:00,647.3967884942033
939,2023-02-09 02:00:00,643.201139784586
940,2023-02-09 03:00:00,647.9933885918704
941,2023-02-09 04:00:00,659.9014062801144
942,2023-02-09 05:00:00,636.7128433367766
943,2023-02-09 06:00:00,659.8042295729678
944,2023-02-09 07:00:00,610.9776826249583
945,2023-02-09 08:00:00,625.1325096676334
946,2023-02-09 09:00:00,657.80057812442
947,2023-02-09 10:00:00,661.9602513805648
948,2023-02-09 11:00:00,649.1644867840492
949,2023-02-09 12:00:00,633.7622090527198
950,2023-02-09 13:00:00,623.683322833378
951,2023-02-09 14:00:00,598.4276634768709
952,2023-02-09 15:00:00,625.2451375587802
953,2023-02-09 16:00:00,606.8667546966453
954,2023-02-09 17:00:00,570.5208423746973
955,2023-02-09 18:00:00,580.4516596227666
956,2023-02-09 19:00:00,606.0252865327749
957,2023-02-09 20:00:00,591.5428753826883
958,2023-02-09 21:00:00,593.1137467920236
959,2023-02-09 22:00:00,595.7665410796792
960,2023-02-09 23:00:00,599.9905129206775
961,2023-02-10 00:00:00,553.1861098875997
962,2023-02-10 01:00:00,585.2934219283255
963,2023-02-10 02:00:00,607.1709628739443
964,2023-02-10 03:00:00,605.8754228669272
965,2023-02-10 04:00:00,605.3674342899236
966,2023-02-10 05:00:00,604.6790538914921
967,2023-02-10 06:00:00,644.3087202904248
968,2023-02-10 07:00:00,626.5862795744445
969,2023-02-10 08:00:00,571.9629969384716
970,2023-02-10 09:00:00,636.5317183014783
971,2023-02-10 10:00:00,652.042351042274
972,2023-02-10 11:00:00,611.1777634780993
973,2023-02-10 12:00:00,550.6520682659351
974,2023-02-10 13:00:00,573.1804064746067
975,2023-02-10 14:00:00,598.7578647579651
976,2023-02-10 15:00:00,567.0962696251738
977,2023-02-10 16:00:00,531.3799820893162
978,2023-02-10 17:00:00,601.9582861542876
979,2023-02-10 18:00:00,571.8926964219065
980,2023-02-10 19:00:00,582.9845162184304
981,2023-02-10 20:00:00,617.6946472820217
982,2023-02-10 21:00:00,516.0148877136825
983,2023-02-10 22:00:00,628.4096671140428
984,2023-02-10 23:00:00,593.8467109822487
985,2023-02-11 00:00:00,603.1468129989709
986,2023-02-11 01:00:00,607.8931907189867
987,2023-02-11 02:00:00,592.956032022563
988,2023-02-11 03:00:00,609.4441385188084
989,2023-02-11 04:00:00,583.3512388949285
990,2023-02-11 05:00:00,621.9802537661359
991,2023-02-11 06:00:00,674.9230997015194
992,2023-02-11 07:00:00,655.4804570203087
993,2023-02-11 08:00:00,638.2740713337186
994,2023-02-11 09:00:00,617.972423049183
995,2023-02-11 10:00:00,651.9566797106654
996,2023-02-11 11:00:00,577.4882684670604
997,2023-02-11 12:00:00,615.02607138907
998,2023-02-11 13:00:00,625.0315046550161
999,2023-02-11 14:00:00,642.2701019577879
1000,2023-02-11 15:00:00,563.4135885305005
1001,2023-02-11 16:00:00,590.5946753380948
1002,2023-02-11 17:00:00,608.475265027218
1003,2023-02-11 18:00:00,614.202162157771
1004,2023-02-11 19:00:00,569.0345137753989
1005,2023-02-11 20:00:00,539.945914827756
1006,2023-02-11 21:00:00,561.5424382279109
1007,2023-02-11 22:00:00,637.6547804645871
1008,2023-02-11 23:00:00,604.7348819867811
1009,2023-02-12 00:00:00,650.2436420909509
1010,2023-02-12 01:00:00,606.9723924707737
1011,2023-02-12 02:00:00,608.3135026143673
1012,2023-02-12 03:00:00,608.668843555889
1013,2023-02-12 04:00:00,594.7885581464135
1014,2023-02-12 05:00:00,602.184148114909
1015,2023-02-12 06:00:00,612.3550412890603
1016,2023-02-12 07:00:00,599.3280529292093
1017,2023-02-12 08:00:00,628.0988730894882
1018,2023-02-12 09:00:00,622.8410712865863
1019,2023-02-12 10:00:00,570.1321393822052
1020,2023-02-12 11:00:00,577.4501137790967
1021,2023-02-12 12:00:00,620.7536289500913
1022,2023-02-12 13:00:00,612.1486442008003
1023,2023-02-12 14:00:00,558.163804039831
1024,2023-02-12 15:00:00,581.6745275024366
1025,2023-02-12 16:00:00,561.9213552755107
1026,2023-02-12 17:00:00,541.9006854609339
1027,2023-02-12 18:00:00,616.514778009894
1028,2023-02-12 19:00:00,624.9049459943886
1029,2023-02-12 20:00:00,581.4863843270439
1030,2023-02-12 21:00:00,576.97842399012
1031,2023-02-12 22:00:00,595.5523967400011
1032,2023-02-12 23:00:00,655.3747797663243
1033,2023-02-13 00:00:00,582.6170815863914
1034,2023-02-13 01:00:00,563.7652389362677
1035,2023-02-13 02:00:00,589.6582984070607
1036,2023-02-13 03:00:00,586.6854425331485
1037,2023-02-13 04:00:00,615.2798320617186
1038,2023-02-13 05:00:00,662.1391876547436
1039,2023-02-13 06:00:00,567.5020189808815
1040,2023-02-13 07:00:00,586.8518852512271
1041,2023-02-13 08:00:00,544.736475357892
1042,2023-02-13 09:00:00,590.0825555444349
1043,2023-02-13 10:00:00,630.2745315764474
1044,2023-02-13 11:00:00,634.1990835805403
1045,2023-02-13 12:00:00,565.0842702522943
1046,2023-02-13 13:00:00,621.341408796286
1047,2023-02-13 14:00:00,609.6935778639089
1048,2023-02-13 15:00:00,593.0052313159515
1049,2023-02-13 16:00:00,544.8785649399476
1050,2023-02-13 17:00:00,576.6751522205028
1051,2023-02-13 18:00:00,570.7632422270912
1052,2023-02-13 19:00:00,560.9037119116342
1053,2023-02-13 20:00:00,583.7673096158335
1054,2023-02-13 21:00:00,629.0801502548743
1055,2023-02-13 22:00:00,537.4329922538712
1056,2023-02-13 23:00:00,626.9440345193883
1057,2023-02-14 00:00:00,627.1342108510116
1058,2023-02-14 01:00:00,627.6783945266368
1059,2023-02-14 02:00:00,587.8644730432871
1060,2023-02-14 03:00:00,620.625108617101
1061,2023-02-14 04:00:00,598.1308970504218
1062,2023-02-14 05:00:00,599.0802039476762
1063,2023-02-14 06:00:00,657.6360980827722
1064,2023-02-14 07:00:00,603.0164944462633
1065,2023-02-14 08:00:00,643.0345412385263
1066,2023-02-14 09:00:00,588.1770047041979
1067,2023-02-14 10:00:00,605.002616062468
1068,2023-02-14 11:00:00,608.0531540257386
1069,2023-02-14 12:00:00,600.3881289085803
1070,2023-02-14 13:00:00,561.5879883673272
1071,2023-02-14 14:00:00,540.9360885002383
1072,2023-02-14 15:00:00,599.3155175986097
1073,2023-02-14 16:00:00,610.1136866851746
1074,2023-02-14 17:00:00,567.1047146384147
1075,2023-02-14 18:00:00,555.9100997707185
1076,2023-02-14 19:00:00,574.7681132524459
1077,2023-02-14 20:00:00,610.6547859601781
1078,2023-02-14 21:00:00,546.2553909573812
1079,2023-02-14 22:00:00,575.061284402029
1080,2023-02-14 23:00:00,611.1573321464687
1081,2023-02-15 00:00:00,530.6744450681333
1082,2023-02-15 01:00:00,565.8464133009288
1083,2023-02-15 02:00:00,596.4340487637796
1084,2023-02-15 03:00:00,589.2019333919114
1085,2023-02-15 04:00:00,643.57961685566
1086,2023-02-15 05:00:00,648.460944991125
1087,2023-02-15 06:00:00,638.0139121113955
1088,2023-02-15 07:00:00,608.3681286025414
1089,2023-02-15 08:00:00,645.7759442497678
1090,2023-02-15 09:00:00,605.7793303875602
1091,2023-02-15 10:00:00,613.4392748776312
1092,2023-02-15 11:00:00,637.3898008453092
1093,2023-02-15 12:00:00,604.176465228843
1094,2023-02-15 13:00:00,616.3745146018908
1095,2023-02-15 14:00:00,545.3365335406413
1096,2023-02-15 15:00:00,589.3368888830017
1097,2023-02-15 16:00:00,551.6298339651865
1098,2023-02-15 17:00:00,635.5437138766919
1099,2023-02-15 18:00:00,589.7519638912945
1100,2023-02-15 19:00:00,597.5185705467148
1101,2023-02-15 20:00:00,567.7540243124661
1102,2023-02-15 21:00:00,584.3504003678104
1103,2023-02-15 22:00:00,564.7912489515747
1104,2023-02-15 23:00:00,604.5963037130123
1105,2023-02-16 00:00:00,539.6275518388071
1106,2023-02-16 01:00:00,584.2043798908986
1107,2023-02-16 02:00:00,640.6228460351721
1108,2023-02-16 03:00:00,642.4418607753125
1109,2023-02-16 04:00:00,590.8429122667835
1110,2023-02-16 05:00:00,582.226943475789
1111,2023-02-16 06:00:00,629.8335559289452
1112,2023-02-16 07:00:00,621.8971215329187
1113,2023-02-16 08:00:00,588.976320176633
1114,2023-02-16 09:00:00,619.7942533263955
1115,2023-02-16 10:00:00,626.2313273766655
1116,2023-02-16 11:00:00,633.2877000115694
1117,2023-02-16 12:00:00,589.9896538266211
1118,2023-02-16 13:00:00,567.7622306613193
1119,2023-02-16 14:00:00,574.9515557880588
1120,2023-02-16 15:00:00,572.2501895471979
1121,2023-02-16 16:00:00,592.206621625811
1122,2023-02-16 17:00:00,571.1997907823701
1123,2023-02-16 18:00:00,547.3790578376008
1124,2023-02-16 19:00:00,622.073003774868
1125,2023-02-16 20:00:00,549.2677240357397
1126,2023-02-16 21:00:00,604.0525853691961
1127,2023-02-16 22:00:00,565.2255125552886
1128,2023-02-16 23:00:00,623.7604847308352
1129,2023-02-17 00:00:00,567.641155016235
1130,2023-02-17 01:00:00,627.9392046337987
1131,2023-02-17 02:00:00,593.489609178045
1132,2023-02-17 03:00:00,641.0346653563315
1133,2023-02-17 04:00:00,573.2063778151642
1134,2023-02-17 05:00:00,637.5410812259071
1135,2023-02-17 06:00:00,649.1749027034945
1136,2023-02-17 07:00:00,635.2705462730838
1137,2023-02-17 08:00:00,612.0209136882825
1138,2023-02-17 09:00:00,623.4743972174616
1139,2023-02-17 10:00:00,624.9764115222544
1140,2023-02-17 11:00:00,559.6892632292476
1141,2023-02-17 12:00:00,608.026181898651
1142,2023-02-17 13:00:00,603.6115144054838
1143,2023-02-17 14:00:00,522.9942666624279
1144,2023-02-17 15:00:00,555.0346574484068
1145,2023-02-17 16:00:00,517.2359103408218
1146,2023-02-17 17:00:00,557.7443289061475
1147,2023-02-17 18:00:00,579.8511779345733
1148,2023-02-17 19:00:00,574.5606947600406
1149,2023-02-17 20:00:00,601.4629874341359
1150,2023-02-17 21:00:00,628.2857192168575
1151,2023-02-17 22:00:00,619.293144720092
1152,2023-02-17 23:00:00,594.4730436715556
1153,2023-02-18 00:00:00,612.92696948811
1154,2023-02-18 01:00:00,612.244561426477
1155,2023-02-18 02:00:00,623.5166534680254
1156,2023-02-18 03:00:00,581.7984237757172
1157,2023-02-18 04:00:00,626.6696376010406
1158,2023-02-18 05:00:00,629.5747784172574
1159,2023-02-18 06:00:00,610.7920307139279
1160,2023-02-18 07:00:00,627.3202725666276
1161,2023-02-18 08:00:00,547.4469988997345
1162,2023-02-18 09:00:00,635.6894263461293
1163,2023-02-18 10:00:00,617.7346302485597
1164,2023-02-18 11:00:00,553.1426984347801
1165,2023-02-18 12:00:00,616.1050309380457
1166,2023-02-18 13:00:00,596.6721359318362
1167,2023-02-18 14:00:00,517.1346633867878
1168,2023-02-18 15:00:00,585.235012628847
1169,2023-02-18 16:00:00,547.5284151835086
1170,2023-02-18 17:00:00,544.3827915313473
1171,2023-02-18 18:00:00,608.4622890679784
1172,2023-02-18 19:00:00,568.6855776046249
1173,2023-02-18 20:00:00,573.4945226603373
1174,2023-02-18 21:00:00,552.1126366786812
1175,2023-02-18 22:00:00,622.8791508146313
1176,2023-02-18 23:00:00,580.6786751151235
1177,2023-02-19 00:00:00,574.5573506639297
1178,2023-02-19 01:00:00,559.8122897037559
1179,2023-02-19 02:00:00,613.0901446335075
1180,2023-02-19 03:00:00,588.4821159465306
1181,2023-02-19 04:00:00,615.3348302361925
1182,2023-02-19 05:00:00,617.2643336749375
1183,2023-02-19 06:00:00,592.3204247233238
1184,2023-02-19 07:00:00,665.3166715484323
1185,2023-02-19 08:00:00,664.1044467606698
1186,2023-02-19 09:00:00,617.9851204712221
1187,2023-02-19 10:00:00,565.4003848685899
1188,2023-02-19 11:00:00,594.1997942190706
1189,2023-02-19 12:00:00,563.4484397742992
1190,2023-02-19 13:00:00,642.6602992120688
1191,2023-02-19 14:00:00,595.9169306623451
1192,2023-02-19 15:00:00,588.7891530986152
1193,2023-02-19 16:00:00,513.4834018251622
1194,2023-02-19 17:00:00,521.6738465633746
1195,2023-02-19 18:00:00,600.0293681274312
1196,2023-02-19 19:00:00,526.5399359016156
1197,2023-02-19 20:00:00,575.5810289987036
1198,2023-02-19 21:00:00,581.4886298090211
1199,2023-02-19 22:00:00,589.4744117652073
1200,2023-02-19 23:00:00,535.1671990758796
1201,2023-02-20 00:00:00,572.4391663353155
1202,2023-02-20 01:00:00,597.4853667865985
1203,2023-02-20 02:00:00,566.0445700027609
1204,2023-02-20 03:00:00,551.9207801318015
1205,2023-02-20 04:00:00,566.8812169431137
1206,2023-02-20 05:00:00,639.3969290156912
1207,2023-02-20 06:00:00,582.1062187386297
1208,2023-02-20 07:00:00,615.3564696872676
1209,2023-02-20 08:00:00,588.6637769047285
1210,2023-02-20 09:00:00,611.4510364976682
1211,2023-02-20 10:00:00,601.4742514213468
1212,2023-02-20 11:00:00,601.734227533374
1213,2023-02-20 12:00:00,597.2852640408347
1214,2023-02-20 13:00:00,624.419004471054
1215,2023-02-20 14:00:00,613.6349732742872
1216,2023-02-20 15:00:00,579.1328829879116
1217,2023-02-20 16:00:00,540.8434417999824
1218,2023-02-20 17:00:00,614.2586166437567
1219,2023-02-20 18:00:00,565.2885571211691
1220,2023-02-20 19:00:00,592.0872902430974
1221,2023-02-20 20:00:00,584.5728175363927
1222,2023-02-20 21:00:00,562.3238339449756
1223,2023-02-20 22:00:00,620.6037441531419
1224,2023-02-20 23:00:00,574.7907802605313
1225,2023-02-21 00:00:00,557.816739767365
1226,2023-02-21 01:00:00,612.9092141434767
1227,2023-02-21 02:00:00,621.1588828012221
1228,2023-02-21 03:00:00,623.5084052328517
1229,2023-02-21 04:00:00,623.6000892905943
1230,2023-02-21 05:00:00,572.9491163283953
1231,2023-02-21 06:00:00,620.7531813544558
1232,2023-02-21 07:00:00,595.4940536945298
1233,2023-02-21 08:00:00,583.8929643715692
1234,2023-02-21 09:00:00,609.1586279514161
1235,2023-02-21 10:00:00,597.872276997801
1236,2023-02-21 11:00:00,599.6916183746099
1237,2023-02-21 12:00:00,572.3536970095968
1238,2023-02-21 13:00:00,557.3915356686933
1239,2023-02-21 14:00:00,587.765941095921
1240,2023-02-21 15:00:00,641.7979515625267
1241,2023-02-21 16:00:00,619.925807933204
1242,2023-02-21 17:00:00,552.1569480661483
1243,2023-02-21 18:00:00,537.1953511866703
1244,2023-02-21 19:00:00,589.6318108599451
1245,2023-02-21 20:00:00,503.9206343132404
1246,2023-02-21 21:00:00,586.6905383509483
1247,2023-02-21 22:00:00,624.7408218289236
1248,2023-02-21 23:00:00,598.8534010759312
1249,2023-02-22 00:00:00,553.8361653418444
1250,2023-02-22 01:00:00,646.9089670470784
1251,2023-02-22 02:00:00,589.059473522765
1252,2023-02-22 03:00:00,641.4571170257757
1253,2023-02-22 04:00:00,625.1047014451814
1254,2023-02-22 05:00:00,603.7112246365419
1255,2023-02-22 06:00:00,644.4905971313086
1256,2023-02-22 07:00:00,636.2613840145027
1257,2023-02-22 08:00:00,598.8780069352254
1258,2023-02-22 09:00:00,631.8997306277387
1259,2023-02-22 10:00:00,619.5634855264699
1260,2023-02-22 11:00:00,581.0959786640935
1261,2023-02-22 12:00:00,588.9286017057177
1262,2023-02-22 13:00:00,529.247658580576
1263,2023-02-22 14:00:00,592.2694184544932
1264,2023-02-22 15:00:00,544.0123797562429
1265,2023-02-22 16:00:00,556.6878557554882
1266,2023-02-22 17:00:00,545.7606614765251
1267,2023-02-22 18:00:00,574.7883480911536
1268,2023-02-22 19:00:00,522.2862317431553
1269,2023-02-22 20:00:00,583.4823130168442
1270,2023-02-22 21:00:00,601.505141686408
1271,2023-02-22 22:00:00,554.9647734466264
1272,2023-02-22 23:00:00,631.9973311885678
1273,2023-02-23 00:00:00,558.331389240828
1274,2023-02-23 01:00:00,568.4814090350699
1275,2023-02-23 02:00:00,560.3845738967765
1276,2023-02-23 03:00:00,625.5797574800395
1277,2023-02-23 04:00:00,614.9372375636842
1278,2023-02-23 05:00:00,616.2446003708267
1279,2023-02-23 06:00:00,607.7988680064352
1280,2023-02-23 07:00:00,594.105091334722
1281,2023-02-23 08:00:00,602.9731951880301
1282,2023-02-23 09:00:00,628.2935422610384
1283,2023-02-23 10:00:00,633.1535521926015
1284,2023-02-23 11:00:00,641.3883507617443
1285,2023-02-23 12:00:00,579.860335483781
1286,2023-02-23 13:00:00,561.0422591330899
1287,2023-02-23 14:00:00,611.0858103697385
1288,2023-02-23 15:00:00,539.503829421387
1289,2023-02-23 16:00:00,549.3014320816737
1290,2023-02-23 17:00:00,543.3283369584883
1291,2023-02-23 18:00:00,548.0683718419575
1292,2023-02-23 19:00:00,570.8084120730966
1293,2023-02-23 20:00:00,530.971255797427
1294,2023-02-23 21:00:00,565.2826014530899
1295,2023-02-23 22:00:00,562.4317153353796
1296,2023-02-23 23:00:00,547.6651301455646
1297,2023-02-24 00:00:00,598.6085914621615
1298,2023-02-24 01:00:00,583.4481174019946
1299,2023-02-24 02:00:00,553.3923831351253
1300,2023-02-24 03:00:00,602.2379946229142
1301,2023-02-24 04:00:00,573.951345454995
1302,2023-02-24 05:00:00,564.6550362530437
1303,2023-02-24 06:00:00,625.9040217965944
1304,2023-02-24 07:00:00,602.581608453605
1305,2023-02-24 08:00:00,628.2955894978583
1306,2023-02-24 09:00:00,630.6096052297886
1307,2023-02-24 10:00:00,557.7676431354415
1308,2023-02-24 11:00:00,575.3272507762233
1309,2023-02-24 12:00:00,542.2812506758894
1310,2023-02-24 13:00:00,582.4275418484237
1311,2023-02-24 14:00:00,605.8846851626646
1312,2023-02-24 15:00:00,620.1703081652838
1313,2023-02-24 16:00:00,532.807639725326
1314,2023-02-24 17:00:00,559.609092470182
1315,2023-02-24 18:00:00,611.9338407967284
1316,2023-02-24 19:00:00,555.7221764282398
1317,2023-02-24 20:00:00,584.42312541056
1318,2023-02-24 21:00:00,618.8433968906444
1319,2023-02-24 22:00:00,571.1823210116058
1320,2023-02-24 23:00:00,529.7305930006459
1321,2023-02-25 00:00:00,613.4661475490235
1322,2023-02-25 01:00:00,625.3428455081608
1323,2023-02-25 02:00:00,625.0560695629666
1324,2023-02-25 03:00:00,622.5425718665857
1325,2023-02-25 04:00:00,597.1938805355319
1326,2023-02-25 05:00:00,626.1431959264697
1327,2023-02-25 06:00:00,601.9860883043679
1328,2023-02-25 07:00:00,603.3988010476742
1329,2023-02-25 08:00:00,587.8177585738727
1330,2023-02-25 09:00:00,632.777665195834
1331,2023-02-25 10:00:00,556.763256324482
1332,2023-02-25 11:00:00,543.5650750763169
1333,2023-02-25 12:00:00,577.5140590950778
1334,2023-02-25 13:00:00,521.5730654061076
1335,2023-02-25 14:00:00,573.1103896891792
1336,2023-02-25 15:00:00,527.8199265127936
1337,2023-02-25 16:00:00,593.5071462135271
1338,2023-02-25 17:00:00,563.1475678990867
1339,2023-02-25 18:00:00,633.4766377006858
1340,2023-02-25 19:00:00,505.7292369709995
1341,2023-02-25 20:00:00,504.2201086802281
1342,2023-02-25 21:00:00,555.7792062512998
1343,2023-02-25 22:00:00,583.153575494821
1344,2023-02-25 23:00:00,577.607943198688
1345,2023-02-26 00:00:00,587.4918444690152
1346,2023-02-26 01:00:00,595.4075056645842
1347,2023-02-26 02:00:00,611.089372605286
1348,2023-02-26 03:00:00,573.0455636156064
1349,2023-02-26 04:00:00,576.182784267703
1350,2023-02-26 05:00:00,529.6147078350832
1351,2023-02-26 06:00:00,603.2542606895815
1352,2023-02-26 07:00:00,650.3206387619819
1353,2023-02-26 08:00:00,626.4778578402986
1354,2023-02-26 09:00:00,608.4528071313135
1355,2023-02-26 10:00:00,664.964940957876
1356,2023-02-26 11:00:00,552.9965640075837
1357,2023-02-26 12:00:00,562.8914802634815
1358,2023-02-26 13:00:00,538.8047775360378
1359,2023-02-26 14:00:00,555.9015111087033
1360,2023-02-26 15:00:00,565.3352829260076
1361,2023-02-26 16:00:00,507.001539100794
1362,2023-02-26 17:00:00,514.6674949147418
1363,2023-02-26 18:00:00,543.4120430521724
1364,2023-02-26 19:00:00,573.566536779746
1365,2023-02-26 20:00:00,543.1855104876103
1366,2023-02-26 21:00:00,584.6216473634272
1367,2023-02-26 22:00:00,547.1968275209189
1368,2023-02-26 23:00:00,615.7497145599676
1369,2023-02-27 00:00:00,648.2665596057191
1370,2023-02-27 01:00:00,595.2214899006532
1371,2023-02-27 02:00:00,615.3619791556245
1372,2023-02-27 03:00:00,638.8222509038985
1373,2023-02-27 04:00:00,531.6078042507345
1374,2023-02-27 05:00:00,602.7182603309778
1375,2023-02-27 06:00:00,655.3855499803254
1376,2023-02-27 07:00:00,608.4765656234532
1377,2023-02-27 08:00:00,572.0555288387538
1378,2023-02-27 09:00:00,589.1049699360278
1379,2023-02-27 10:00:00,582.6560587893852
1380,2023-02-27 11:00:00,568.369617288228
1381,2023-02-27 12:00:00,561.1909059403176
1382,2023-02-27 13:00:00,546.4922515564465
1383,2023-02-27 14:00:00,598.2557249782104
1384,2023-02-27 15:00:00,528.1027719179631
1385,2023-02-27 16:00:00,589.9372381766891
1386,2023-02-27 17:00:00,519.590286346669
1387,2023-02-27 18:00:00,531.2278188123702
1388,2023-02-27 19:00:00,543.4704293019245
1389,2023-02-27 20:00:00,516.7306228236902
1390,2023-02-27 21:00:00,567.9947801888422
1391,2023-02-27 22:00:00,574.207871850021
1392,2023-02-27 23:00:00,624.6369278210683
1393,2023-02-28 00:00:00,527.0632283721827
1394,2023-02-28 01:00:00,555.3252326547424
1395,2023-02-28 02:00:00,598.1624985760578
1396,2023-02-28 03:00:00,603.4619987752508
1397,2023-02-28 04:00:00,563.5982825974813
1398,2023-02-28 05:00:00,643.9710908900424
1399,2023-02-28 06:00:00,562.9972205932745
1400,2023-02-28 07:00:00,629.5522920204223
1401,2023-02-28 08:00:00,560.6084274452654
1402,2023-02-28 09:00:00,637.3334106717584
1403,2023-02-28 10:00:00,560.2009604389341
1404,2023-02-28 11:00:00,586.1776049711291
1405,2023-02-28 12:00:00,557.7037637028415
1406,2023-02-28 13:00:00,574.9555190636188
1407,2023-02-28 14:00:00,487.1632734128105
1408,2023-02-28 15:00:00,560.0669560753895
1409,2023-02-28 16:00:00,510.66245205398167
1410,2023-02-28 17:00:00,505.83592605451787
1411,2023-02-28 18:00:00,565.1761486819531
1412,2023-02-28 19:00:00,483.2281929368318
1413,2023-02-28 20:00:00,539.8630754445071
1414,2023-02-28 21:00:00,545.4822660363608
1415,2023-02-28 22:00:00,565.9807125572834
1416,2023-02-28 23:00:00,586.4335398486807
1417,2023-03-01 00:00:00,550.3347561839272
1418,2023-03-01 01:00:00,655.0943652024021
1419,2023-03-01 02:00:00,568.319734768715
1420,2023-03-01 03:00:00,645.4977546148779
1421,2023-03-01 04:00:00,668.4215602673296
1422,2023-03-01 05:00:00,575.9506541866429
1423,2023-03-01 06:00:00,619.6354185738611
1424,2023-03-01 07:00:00,582.6714875231276
1425,2023-03-01 08:00:00,595.5507943148555
1426,2023-03-01 09:00:00,583.0999413773776
1427,2023-03-01 10:00:00,589.1042477669062
1428,2023-03-01 11:00:00,538.6836432921614
1429,2023-03-01 12:00:00,585.642478118569
1430,2023-03-01 13:00:00,605.1550508333652
1431,2023-03-01 14:00:00,543.3915470341941
1432,2023-03-01 15:00:00,613.9299283465527
1433,2023-03-01 16:00:00,497.2150885264998
1434,2023-03-01 17:00:00,540.5474358270995
1435,2023-03-01 18:00:00,525.0154063681816
1436,2023-03-01 19:00:00,545.4820565278357
1437,2023-03-01 20:00:00,527.3999560895744
1438,2023-03-01 21:00:00,525.2787971242211
1439,2023-03-01 22:00:00,503.498431781424
1440,2023-03-01 23:00:00,648.4624071234233
1441,2023-03-02 00:00:00,566.5984836123655
1442,2023-03-02 01:00:00,570.2735728517554
1443,2023-03-02 02:00:00,557.2303378343328
1444,2023-03-02 03:00:00,577.9437518757273
1445,2023-03-02 04:00:00,665.0239988420402
1446,2023-03-02 05:00:00,571.80315308359
1447,2023-03-02 06:00:00,605.4941517697207
1448,2023-03-02 07:00:00,610.5370719664955
1449,2023-03-02 08:00:00,616.5776941881753
1450,2023-03-02 09:00:00,541.7733847024389
1451,2023-03-02 10:00:00,573.3721464626827
1452,2023-03-02 11:00:00,552.6561630501403
1453,2023-03-02 12:00:00,542.6360271246213
1454,2023-03-02 13:00:00,596.5843597729985
1455,2023-03-02 14:00:00,556.2278046319335
1456,2023-03-02 15:00:00,590.8983887777181
1457,2023-03-02 16:00:00,523.2539434814637
1458,2023-03-02 17:00:00,560.3664094017485
1459,2023-03-02 18:00:00,576.1199559616786
1460,2023-03-02 19:00:00,566.4491154315036
1461,2023-03-02 20:00:00,514.7880611794368
1462,2023-03-02 21:00:00,542.7049965394389
1463,2023-03-02 22:00:00,515.5136627438477
1464,2023-03-02 23:00:00,596.3633359165507
1465,2023-03-03 00:00:00,562.4389809342983
1466,2023-03-03 01:00:00,594.7297000150414
1467,2023-03-03 02:00:00,589.9350112073676
1468,2023-03-03 03:00:00,625.5842628598891
1469,2023-03-03 04:00:00,560.9486111003147
1470,2023-03-03 05:00:00,647.1811653937231
1471,2023-03-03 06:00:00,643.5251326103888
1472,2023-03-03 07:00:00,580.683296778495
1473,2023-03-03 08:00:00,609.7885654296414
1474,2023-03-03 09:00:00,629.9162249773636
1475,2023-03-03 10:00:00,563.2547988210152
1476,2023-03-03 11:00:00,543.4119064049111
1477,2023-03-03 12:00:00,566.5295488510442
1478,2023-03-03 13:00:00,535.6119287377834
1479,2023-03-03 14:00:00,539.7410102774891
1480,2023-03-03 15:00:00,530.329322324295
1481,2023-03-03 16:00:00,504.97468997023105
1482,2023-03-03 17:00:00,476.8654570984536
1483,2023-03-03 18:00:00,486.6859064269397
1484,2023-03-03 19:00:00,538.5199201766039
1485,2023-03-03 20:00:00,521.4349867354337
1486,2023-03-03 21:00:00,523.899908233555
1487,2023-03-03 22:00:00,592.4317558978204
1488,2023-03-03 23:00:00,584.2243670215721
1489,2023-03-04 00:00:00,586.7427472838289
1490,2023-03-04 01:00:00,599.23997513219
1491,2023-03-04 02:00:00,560.7438576456082
1492,2023-03-04 03:00:00,569.7827165443593
1493,2023-03-04 04:00:00,564.8499057470548
1494,2023-03-04 05:00:00,636.4201481820771
1495,2023-03-04 06:00:00,585.48686772198
1496,2023-03-04 07:00:00,660.9903482280304
1497,2023-03-04 08:00:00,590.7959979461993
1498,2023-03-04 09:00:00,608.0303814252102
1499,2023-03-04 10:00:00,556.7065817552287
1500,2023-03-04 11:00:00,592.5184787210168
1501,2023-03-04 12:00:00,554.5476310481374
1502,2023-03-04 13:00:00,549.9859057484065
1503,2023-03-04 14:00:00,589.8322507377421
1504,2023-03-04 15:00:00,463.79103539462875
1505,2023-03-04 16:00:00,502.12079916580547
1506,2023-03-04 17:00:00,533.9167298063576
1507,2023-03-04 18:00:00,547.5923213357356
1508,2023-03-04 19:00:00,571.6296945086341
1509,2023-03-04 20:00:00,566.8029894310529
1510,2023-03-04 21:00:00,608.4555462912703
1511,2023-03-04 22:00:00,571.3202008814171
1512,2023-03-04 23:00:00,568.6192423823467
1513,2023-03-05 00:00:00,574.9986191998071
1514,2023-03-05 01:00:00,595.9383383314197
1515,2023-03-05 02:00:00,581.2704355557577
1516,2023-03-05 03:00:00,596.2249366244848
1517,2023-03-05 04:00:00,583.4761794652502
1518,2023-03-05 05:00:00,604.3782279721595
1519,2023-03-05 06:00:00,618.8451707814572
1520,2023-03-05 07:00:00,597.3777486631476
1521,2023-03-05 08:00:00,600.6498309673873
1522,2023-03-05 09:00:00,619.3950399921598
1523,2023-03-05 10:00:00,565.5690044638545
1524,2023-03-05 11:00:00,593.5230888345062
1525,2023-03-05 12:00:00,583.933453260183
1526,2023-03-05 13:00:00,601.7302180653305
1527,2023-03-05 14:00:00,559.4107716310193
1528,2023-03-05 15:00:00,502.1540116299544
1529,2023-03-05 16:00:00,552.3145797721791
1530,2023-03-05 17:00:00,560.4412841093131
1531,2023-03-05 18:00:00,546.2385789870746
1532,2023-03-05 19:00:00,550.097277588303
1533,2023-03-05 20:00:00,582.6562328236433
1534,2023-03-05 21:00:00,559.1784224971079
1535,2023-03-05 22:00:00,571.6540718766429
1536,2023-03-05 23:00:00,551.496246983649
1537,2023-03-06 00:00:00,539.2443491841815
1538,2023-03-06 01:00:00,555.8554168519292
1539,2023-03-06 02:00:00,535.8474630344347
1540,2023-03-06 03:00:00,534.7675672342443
1541,2023-03-06 04:00:00,576.866317030763
1542,2023-03-06 05:00:00,622.4301899766808
1543,2023-03-06 06:00:00,577.9593582446348
1544,2023-03-06 07:00:00,556.7274828198038
1545,2023-03-06 08:00:00,554.583194358396
1546,2023-03-06 09:00:00,585.1501269435208
1547,2023-03-06 10:00:00,548.8765152431369
1548,2023-03-06 11:00:00,563.1777359952547
1549,2023-03-06 12:00:00,539.5446552244966
1550,2023-03-06 13:00:00,557.7072303017553
1551,2023-03-06 14:00:00,584.0185899501159
1552,2023-03-06 15:00:00,598.9561506463212
1553,2023-03-06 16:00:00,560.5180314915675
1554,2023-03-06 17:00:00,630.4629716543486
1555,2023-03-06 18:00:00,518.4731086874281
1556,2023-03-06 19:00:00,534.7473276133295
1557,2023-03-06 20:00:00,511.8067858479405
1558,2023-03-06 21:00:00,595.3419053902751
1559,2023-03-06 22:00:00,601.1289548640689
1560,2023-03-06 23:00:00,555.343484864972
1561,2023-03-07 00:00:00,594.1002327951292
1562,2023-03-07 01:00:00,577.5488356221593
1563,2023-03-07 02:00:00,603.1171718699067
1564,2023-03-07 03:00:00,610.7683147098433
1565,2023-03-07 04:00:00,627.28649197454
1566,2023-03-07 05:00:00,546.6840153747689
1567,2023-03-07 06:00:00,534.5260514997738
1568,2023-03-07 07:00:00,630.2690673802532
1569,2023-03-07 08:00:00,607.9730574652993
1570,2023-03-07 09:00:00,602.0700453279443
1571,2023-03-07 10:00:00,541.2263877954563
1572,2023-03-07 11:00:00,613.7020425331008
1573,2023-03-07 12:00:00,545.4784529856208
1574,2023-03-07 13:00:00,621.328987664623
1575,2023-03-07 14:00:00,535.2877148623666
1576,2023-03-07 15:00:00,562.4102225775953
1577,2023-03-07 16:00:00,525.9488455759214
1578,2023-03-07 17:00:00,557.8185032639299
1579,2023-03-07 18:00:00,560.8465799656867
1580,2023-03-07 19:00:00,586.627751262895
1581,2023-03-07 20:00:00,551.9074260008621
1582,2023-03-07 21:00:00,574.2147571288681
1583,2023-03-07 22:00:00,576.1861624757724
1584,2023-03-07 23:00:00,534.7761373449279
1585,2023-03-08 00:00:00,589.7930666263964
1586,2023-03-08 01:00:00,555.9285625567727
1587,2023-03-08 02:00:00,590.6621947845259
1588,2023-03-08 03:00:00,583.6620517715482
1589,2023-03-08 04:00:00,578.565502044073
1590,2023-03-08 05:00:00,597.3050530065291
1591,2023-03-08 06:00:00,540.4597927592001
1592,2023-03-08 07:00:00,564.276115536235
1593,2023-03-08 08:00:00,574.4518578981416
1594,2023-03-08 09:00:00,585.095731464719
1595,2023-03-08 10:00:00,565.7616783388017
1596,2023-03-08 11:00:00,579.2883247552343
1597,2023-03-08 12:00:00,575.3759037056409
1598,2023-03-08 13:00:00,521.6627432356756
1599,2023-03-08 14:00:00,567.2213431894476
1600,2023-03-08 15:00:00,615.2756733130398
1601,2023-03-08 16:00:00,565.7023655717973
1602,2023-03-08 17:00:00,515.4772264269003
1603,2023-03-08 18:00:00,501.84070117844465
1604,2023-03-08 19:00:00,532.6644009045119
1605,2023-03-08 20:00:00,528.7062502256134
1606,2023-03-08 21:00:00,567.5188645550937
1607,2023-03-08 22:00:00,588.8616377268912
1608,2023-03-08 23:00:00,600.0188230519221
1609,2023-03-09 00:00:00,536.7212443547992
1610,2023-03-09 01:00:00,618.0618022877559
1611,2023-03-09 02:00:00,582.8244606408091
1612,2023-03-09 03:00:00,630.5322260297382
1613,2023-03-09 04:00:00,639.827135558839
1614,2023-03-09 05:00:00,593.3975505349317
1615,2023-03-09 06:00:00,604.815561477654
1616,2023-03-09 07:00:00,599.808702515935
1617,2023-03-09 08:00:00,611.2356116131089
1618,2023-03-09 09:00:00,604.3379425243927
1619,2023-03-09 10:00:00,553.4052495374707
1620,2023-03-09 11:00:00,586.9812095228068
1621,2023-03-09 12:00:00,540.8978298031872
1622,2023-03-09 13:00:00,645.2008535651174
1623,2023-03-09 14:00:00,569.9226144624466
1624,2023-03-09 15:00:00,556.4384968776216
1625,2023-03-09 16:00:00,564.5328264349419
1626,2023-03-09 17:00:00,530.8822680211673
1627,2023-03-09 18:00:00,585.6187130446192
1628,2023-03-09 19:00:00,461.0622689044167
1629,2023-03-09 20:00:00,561.0764904901288
1630,2023-03-09 21:00:00,539.5435077965759
1631,2023-03-09 22:00:00,545.6460104717311
1632,2023-03-09 23:00:00,597.7427735318113
1633,2023-03-10 00:00:00,538.5068872184198
1634,2023-03-10 01:00:00,567.4525974779314
1635,2023-03-10 02:00:00,648.9751350739805
1636,2023-03-10 03:00:00,552.0855976887507
1637,2023-03-10 04:00:00,648.3848755271548
1638,2023-03-10 05:00:00,581.2339717407308
1639,2023-03-10 06:00:00,588.7662588171181
1640,2023-03-10 07:00:00,580.1882760977
1641,2023-03-10 08:00:00,543.4530787007768
1642,2023-03-10 09:00:00,572.5841651114323
1643,2023-03-10 10:00:00,559.826707620255
1644,2023-03-10 11:00:00,557.8043838863789
1645,2023-03-10 12:00:00,533.0805914472362
1646,2023-03-10 13:00:00,567.8684870528191
1647,2023-03-10 14:00:00,545.3973019907694
1648,2023-03-10 15:00:00,561.9269888719901
1649,2023-03-10 16:00:00,552.8670062785204
1650,2023-03-10 17:00:00,575.869963024359
1651,2023-03-10 18:00:00,509.5410629392026
1652,2023-03-10 19:00:00,554.6399567419703
1653,2023-03-10 20:00:00,549.1924661695177
1654,2023-03-10 21:00:00,582.0898015020874
1655,2023-03-10 22:00:00,605.6765517554433
1656,2023-03-10 23:00:00,555.1790990261441
1657,2023-03-11 00:00:00,499.74499169559226
1658,2023-03-11 01:00:00,552.5667353721348
1659,2023-03-11 02:00:00,526.7609704009972
1660,2023-03-11 03:00:00,617.8109037109989
1661,2023-03-11 04:00:00,570.761658534803
1662,2023-03-11 05:00:00,601.5563410704156
1663,2023-03-11 06:00:00,581.3221686729844
1664,2023-03-11 07:00:00,542.1721608918376
1665,2023-03-11 08:00:00,639.4002711453262
1666,2023-03-11 09:00:00,614.3466854324824
1667,2023-03-11 10:00:00,555.4728827348926
1668,2023-03-11 11:00:00,561.2756815134467
1669,2023-03-11 12:00:00,549.7083495172589
1670,2023-03-11 13:00:00,549.1078312618271
1671,2023-03-11 14:00:00,587.3814853048547
1672,2023-03-11 15:00:00,527.8503178303362
1673,2023-03-11 16:00:00,532.8723598634522
1674,2023-03-11 17:00:00,517.7781593017792
1675,2023-03-11 18:00:00,560.0868757033799
1676,2023-03-11 19:00:00,580.4275315161159
1677,2023-03-11 20:00:00,589.3831462492549
1678,2023-03-11 21:00:00,515.1679738787501
1679,2023-03-11 22:00:00,550.1738226021322
1680,2023-03-11 23:00:00,568.592220593132
1681,2023-03-12 00:00:00,538.4274063095252
1682,2023-03-12 01:00:00,606.1190440932988
1683,2023-03-12 02:00:00,595.2755593606134
1684,2023-03-12 03:00:00,601.8483289107705
1685,2023-03-12 04:00:00,655.9897080538778
1686,2023-03-12 05:00:00,561.7701370129344
1687,2023-03-12 06:00:00,604.9216786271312
1688,2023-03-12 07:00:00,591.2464042724455
1689,2023-03-12 08:00:00,605.6639019929148
1690,2023-03-12 09:00:00,573.6938572047794
1691,2023-03-12 10:00:00,602.2927272788888
1692,2023-03-12 11:00:00,530.704826731676
1693,2023-03-12 12:00:00,513.4595266285977
1694,2023-03-12 13:00:00,544.6007766803782
1695,2023-03-12 14:00:00,566.1888893754539
1696,2023-03-12 15:00:00,565.527857743177
1697,2023-03-12 16:00:00,535.2580562739619
1698,2023-03-12 17:00:00,505.25740871277003
1699,2023-03-12 18:00:00,535.5458591276345
1700,2023-03-12 19:00:00,520.1974048609089
1701,2023-03-12 20:00:00,555.0251274802598
1702,2023-03-12 21:00:00,534.0388930635734
1703,2023-03-12 22:00:00,522.0301002436914
1704,2023-03-12 23:00:00,573.194130869874
1705,2023-03-13 00:00:00,589.1261693766429
1706,2023-03-13 01:00:00,574.0089115746661
1707,2023-03-13 02:00:00,548.3170106491884
1708,2023-03-13 03:00:00,580.1266531081905
1709,2023-03-13 04:00:00,583.8301614568134
1710,2023-03-13 05:00:00,546.0856674925843
1711,2023-03-13 06:00:00,601.6092605183153
1712,2023-03-13 07:00:00,566.8296143653982
1713,2023-03-13 08:00:00,525.1202562882302
1714,2023-03-13 09:00:00,503.0085113663219
1715,2023-03-13 10:00:00,565.2886228646
1716,2023-03-13 11:00:00,574.4290156591264
1717,2023-03-13 12:00:00,559.9375910070389
1718,2023-03-13 13:00:00,500.58437266144955
1719,2023-03-13 14:00:00,546.8250618053988
1720,2023-03-13 15:00:00,522.9071419097355
1721,2023-03-13 16:00:00,560.2490699644659
1722,2023-03-13 17:00:00,517.2932812721646
1723,2023-03-13 18:00:00,532.9848803861724
1724,2023-03-13 19:00:00,523.5553988978879
1725,2023-03-13 20:00:00,556.736682476782
1726,2023-03-13 21:00:00,573.6660468548183
1727,2023-03-13 22:00:00,554.9003403754156
1728,2023-03-13 23:00:00,518.6572621242268
1729,2023-03-14 00:00:00,544.830242611905
1730,2023-03-14 01:00:00,534.6733893104289
1731,2023-03-14 02:00:00,504.03332314207125
1732,2023-03-14 03:00:00,587.2736425480051
1733,2023-03-14 04:00:00,600.6950924122199
1734,2023-03-14 05:00:00,592.6205236419535
1735,2023-03-14 06:00:00,580.0474605048456
1736,2023-03-14 07:00:00,574.7634567959544
1737,2023-03-14 08:00:00,590.6447061278554
1738,2023-03-14 09:00:00,578.6368814398828
1739,2023-03-14 10:00:00,553.974315698453
1740,2023-03-14 11:00:00,553.1553670043296
1741,2023-03-14 12:00:00,567.5782526417897
1742,2023-03-14 13:00:00,545.0310265231141
1743,2023-03-14 14:00:00,508.9694637819232
1744,2023-03-14 15:00:00,500.89909694674583
1745,2023-03-14 16:00:00,528.1527794417428
1746,2023-03-14 17:00:00,516.2573388191408
1747,2023-03-14 18:00:00,562.6540718307209
1748,2023-03-14 19:00:00,514.3687024061063
1749,2023-03-14 20:00:00,581.4434088893368
1750,2023-03-14 21:00:00,547.1421270498012
1751,2023-03-14 22:00:00,582.6320043388555
1752,2023-03-14 23:00:00,518.0605400762933
1753,2023-03-15 00:00:00,538.9017216854976
1754,2023-03-15 01:00:00,606.8508345342065
1755,2023-03-15 02:00:00,565.0750481058571
1756,2023-03-15 03:00:00,600.3807548236109
1757,2023-03-15 04:00:00,561.3318583548833
1758,2023-03-15 05:00:00,570.0926491204964
1759,2023-03-15 06:00:00,565.4199574795398
1760,2023-03-15 07:00:00,520.6179080769958
1761,2023-03-15 08:00:00,494.04864426324525
1762,2023-03-15 09:00:00,602.4047039807332
1763,2023-03-15 10:00:00,602.638517926116
1764,2023-03-15 11:00:00,568.2995835022949
1765,2023-03-15 12:00:00,552.0584722835347
1766,2023-03-15 13:00:00,565.6796598318914
1767,2023-03-15 14:00:00,492.3145127685557
1768,2023-03-15 15:00:00,521.3892397590536
1769,2023-03-15 16:00:00,531.1803115776029
1770,2023-03-15 17:00:00,526.3404319222387
1771,2023-03-15 18:00:00,511.25835738569253
1772,2023-03-15 19:00:00,542.7304796298986
1773,2023-03-15 20:00:00,503.32048839648644
1774,2023-03-15 21:00:00,491.9291107657711
1775,2023-03-15 22:00:00,537.9010761264901
1776,2023-03-15 23:00:00,592.8376219678548
1777,2023-03-16 00:00:00,531.3532367399653
1778,2023-03-16 01:00:00,559.9993852926667
1779,2023-03-16 02:00:00,573.3535640365336
1780,2023-03-16 03:00:00,602.7906546761088
1781,2023-03-16 04:00:00,581.4620029784521
1782,2023-03-16 05:00:00,588.9076729025263
1783,2023-03-16 06:00:00,548.7652432271975
1784,2023-03-16 07:00:00,591.2010485999872
1785,2023-03-16 08:00:00,616.6339900486925
1786,2023-03-16 09:00:00,571.8735556766391
1787,2023-03-16 10:00:00,569.0854044638513
1788,2023-03-16 11:00:00,586.5441418873753
1789,2023-03-16 12:00:00,580.5855985172972
1790,2023-03-16 13:00:00,577.6475767542456
1791,2023-03-16 14:00:00,575.8702629225392
1792,2023-03-16 15:00:00,495.74642228660116
1793,2023-03-16 16:00:00,516.4075139171863
1794,2023-03-16 17:00:00,486.3328744556289
1795,2023-03-16 18:00:00,483.4178397672055
1796,2023-03-16 19:00:00,522.885398803896
1797,2023-03-16 20:00:00,595.7316832254287
1798,2023-03-16 21:00:00,521.0835906386603
1799,2023-03-16 22:00:00,532.8815221013925
1800,2023-03-16 23:00:00,561.9983082470602
1801,2023-03-17 00:00:00,615.1456412242036
1802,2023-03-17 01:00:00,534.7643137386161
1803,2023-03-17 02:00:00,532.3053416360802
1804,2023-03-17 03:00:00,543.347330727876
1805,2023-03-17 04:00:00,589.9819493025827
1806,2023-03-17 05:00:00,582.3699196230863
1807,2023-03-17 06:00:00,570.0450398398866
1808,2023-03-17 07:00:00,577.9213397012246
1809,2023-03-17 08:00:00,562.0562055752463
1810,2023-03-17 09:00:00,604.3580018535171
1811,2023-03-17 10:00:00,678.624702245761
1812,2023-03-17 11:00:00,569.651737002421
1813,2023-03-17 12:00:00,568.1569435006464
1814,2023-03-17 13:00:00,601.5613667066374
1815,2023-03-17 14:00:00,497.584234876146
1816,2023-03-17 15:00:00,577.0989413808408
1817,2023-03-17 16:00:00,559.6965100393475
1818,2023-03-17 17:00:00,515.9101872535538
1819,2023-03-17 18:00:00,526.4016912776927
1820,2023-03-17 19:00:00,531.8753991692704
1821,2023-03-17 20:00:00,553.7401505900841
1822,2023-03-17 21:00:00,517.5235208850904
1823,2023-03-17 22:00:00,605.1674563141208
1824,2023-03-17 23:00:00,603.4546254132499
1825,2023-03-18 00:00:00,575.2175837272877
1826,2023-03-18 01:00:00,563.7590720745503
1827,2023-03-18 02:00:00,582.2023026099876
1828,2023-03-18 03:00:00,610.8293354473288
1829,2023-03-18 04:00:00,621.4201927813887
1830,2023-03-18 05:00:00,584.8444455919143
1831,2023-03-18 06:00:00,583.0906880773099
1832,2023-03-18 07:00:00,573.2277223458092
1833,2023-03-18 08:00:00,532.7691337754524
1834,2023-03-18 09:00:00,565.9800543568444
1835,2023-03-18 10:00:00,588.3579206105425
1836,2023-03-18 11:00:00,549.0675145780435
1837,2023-03-18 12:00:00,580.91405937255
1838,2023-03-18 13:00:00,551.2351678408464
1839,2023-03-18 14:00:00,524.7223356615135
1840,2023-03-18 15:00:00,548.0209618084803
1841,2023-03-18 16:00:00,453.55159787084216
1842,2023-03-18 17:00:00,583.7150187520277
1843,2023-03-18 18:00:00,558.7711273372175
1844,2023-03-18 19:00:00,542.3530979853165
1845,2023-03-18 20:00:00,543.4608332626844
1846,2023-03-18 21:00:00,511.1267537960894
1847,2023-03-18 22:00:00,525.6598234671332
1848,2023-03-18 23:00:00,560.1626969696373
1849,2023-03-19 00:00:00,528.3717213390069
1850,2023-03-19 01:00:00,558.0757079241906
1851,2023-03-19 02:00:00,579.1551684409807
1852,2023-03-19 03:00:00,458.57024444795144
1853,2023-03-19 04:00:00,551.9607777889053
1854,2023-03-19 05:00:00,606.0835386355684
1855,2023-03-19 06:00:00,569.7313628998263
1856,2023-03-19 07:00:00,590.1994281077814
1857,2023-03-19 08:00:00,580.0515416024363
1858,2023-03-19 09:00:00,594.0576867237096
1859,2023-03-19 10:00:00,572.1591597649154
1860,2023-03-19 11:00:00,517.7011393561744
1861,2023-03-19 12:00:00,563.2616849812838
1862,2023-03-19 13:00:00,538.8508757548655
1863,2023-03-19 14:00:00,509.1428018426051
1864,2023-03-19 15:00:00,538.7366677942604
1865,2023-03-19 16:00:00,541.0114659240489
1866,2023-03-19 17:00:00,492.80464470356213
1867,2023-03-19 18:00:00,496.58421803122087
1868,2023-03-19 19:00:00,549.5251306871102
1869,2023-03-19 20:00:00,530.9879588271375
1870,2023-03-19 21:00:00,477.960963670488
1871,2023-03-19 22:00:00,592.0374427217689
1872,2023-03-19 23:00:00,556.5434865475559
1873,2023-03-20 00:00:00,535.466269907085
1874,2023-03-20 01:00:00,567.8990853502645
1875,2023-03-20 02:00:00,566.0757213195658
1876,2023-03-20 03:00:00,542.0832703542673
1877,2023-03-20 04:00:00,528.3326334367357
1878,2023-03-20 05:00:00,490.99257276688843
1879,2023-03-20 06:00:00,591.6333092392194
1880,2023-03-20 07:00:00,547.0930241962643
1881,2023-03-20 08:00:00,569.069787260378
1882,2023-03-20 09:00:00,582.7665980616717
1883,2023-03-20 10:00:00,563.947098567219
1884,2023-03-20 11:00:00,526.5158664574603
1885,2023-03-20 12:00:00,570.6802175705388
1886,2023-03-20 13:00:00,571.2722482033269
1887,2023-03-20 14:00:00,547.148047256988
1888,2023-03-20 15:00:00,417.942734966736
1889,2023-03-20 16:00:00,474.1194446731758
1890,2023-03-20 17:00:00,473.6334438911272
1891,2023-03-20 18:00:00,532.1153116002587
1892,2023-03-20 19:00:00,537.0734618832647
1893,2023-03-20 20:00:00,533.4494243574927
1894,2023-03-20 21:00:00,501.620248571297
1895,2023-03-20 22:00:00,545.2862350488381
1896,2023-03-20 23:00:00,538.9229268472665
1897,2023-03-21 00:00:00,502.72230375957184
1898,2023-03-21 01:00:00,536.8838812189616
1899,2023-03-21 02:00:00,560.3952490477991
1900,2023-03-21 03:00:00,612.1757784739707
1901,2023-03-21 04:00:00,536.5834913784807
1902,2023-03-21 05:00:00,561.3545154503713
1903,2023-03-21 06:00:00,589.9079536110545
1904,2023-03-21 07:00:00,560.9043772838756
1905,2023-03-21 08:00:00,605.0808264701501
1906,2023-03-21 09:00:00,494.0756386662997
1907,2023-03-21 10:00:00,593.1259033125093
1908,2023-03-21 11:00:00,562.7475255857746
1909,2023-03-21 12:00:00,526.2982042005505
1910,2023-03-21 13:00:00,512.3428572555645
1911,2023-03-21 14:00:00,544.461826476811
1912,2023-03-21 15:00:00,489.33017468997383
1913,2023-03-21 16:00:00,477.8101338424575
1914,2023-03-21 17:00:00,525.0895230866367
1915,2023-03-21 18:00:00,505.0348297480176
1916,2023-03-21 19:00:00,515.4795674368903
1917,2023-03-21 20:00:00,541.3863290220494
1918,2023-03-21 21:00:00,502.8490126119653
1919,2023-03-21 22:00:00,561.3827466921575
1920,2023-03-21 23:00:00,544.6441356642464
1921,2023-03-22 00:00:00,592.8126507800764
1922,2023-03-22 01:00:00,558.6594681338778
1923,2023-03-22 02:00:00,584.9783485578577
1924,2023-03-22 03:00:00,527.3372584764484
1925,2023-03-22 04:00:00,582.5948332930602
1926,2023-03-22 05:00:00,533.7724118254256
1927,2023-03-22 06:00:00,576.2963478395061
1928,2023-03-22 07:00:00,530.9890475001062
1929,2023-03-22 08:00:00,542.3068120383183
1930,2023-03-22 09:00:00,586.7050248152233
1931,2023-03-22 10:00:00,538.4133117624715
1932,2023-03-22 11:00:00,511.03490950914784
1933,2023-03-22 12:00:00,538.4475082696952
1934,2023-03-22 13:00:00,470.47345475648183
1935,2023-03-22 14:00:00,517.1311878653388
1936,2023-03-22 15:00:00,561.0937966982549
1937,2023-03-22 16:00:00,512.4004373028821
1938,2023-03-22 17:00:00,524.8409426450813
1939,2023-03-22 18:00:00,505.84319030313213
1940,2023-03-22 19:00:00,562.3932840772711
1941,2023-03-22 20:00:00,537.8797188730603
1942,2023-03-22 21:00:00,551.6493271785531
1943,2023-03-22 22:00:00,492.5909249522425
1944,2023-03-22 23:00:00,582.8796586658191
1945,2023-03-23 00:00:00,509.09437070460007
1946,2023-03-23 01:00:00,508.7268082303965
1947,2023-03-23 02:00:00,589.965963072067
1948,2023-03-23 03:00:00,558.9977797306524
1949,2023-03-23 04:00:00,540.0121461998293
1950,2023-03-23 05:00:00,569.9399568812637
1951,2023-03-23 06:00:00,571.6856662030492
1952,2023-03-23 07:00:00,503.68820802754965
1953,2023-03-23 08:00:00,553.430855862637
1954,2023-03-23 09:00:00,556.954196473007
1955,2023-03-23 10:00:00,523.6271534212647
1956,2023-03-23 11:00:00,544.0145825989035
1957,2023-03-23 12:00:00,525.4388133603532
1958,2023-03-23 13:00:00,526.4610891251288
1959,2023-03-23 14:00:00,496.77560092789975
1960,2023-03-23 15:00:00,523.4919356909503
1961,2023-03-23 16:00:00,573.3750831900743
1962,2023-03-23 17:00:00,517.8894618031413
1963,2023-03-23 18:00:00,576.245075309035
1964,2023-03-23 19:00:00,477.72427277631795
1965,2023-03-23 20:00:00,546.7943932357846
1966,2023-03-23 21:00:00,467.7932366345375
1967,2023-03-23 22:00:00,562.6592327327972
1968,2023-03-23 23:00:00,607.5758315446045
1969,2023-03-24 00:00:00,537.1270603008676
1970,2023-03-24 01:00:00,580.648701090477
1971,2023-03-24 02:00:00,559.371686973482
1972,2023-03-24 03:00:00,559.8623817905133
1973,2023-03-24 04:00:00,553.7508696930587
1974,2023-03-24 05:00:00,572.176675340163
1975,2023-03-24 06:00:00,656.5085386179462
1976,2023-03-24 07:00:00,589.5656730081904
1977,2023-03-24 08:00:00,537.6733608991414
1978,2023-03-24 09:00:00,603.0396060347015
1979,2023-03-24 10:00:00,547.8490957357482
1980,2023-03-24 11:00:00,570.8529988768134
1981,2023-03-24 12:00:00,562.414931973336
1982,2023-03-24 13:00:00,491.2513121682354
1983,2023-03-24 14:00:00,542.1784202730478
1984,2023-03-24 15:00:00,547.3739720437482
1985,2023-03-24 16:00:00,497.0718754693189
1986,2023-03-24 17:00:00,549.7800219048428
1987,2023-03-24 18:00:00,517.9654536670187
1988,2023-03-24 19:00:00,501.23801110070144
1989,2023-03-24 20:00:00,571.6989711773981
1990,2023-03-24 21:00:00,488.7213362854818
1991,2023-03-24 22:00:00,522.8144359080336
1992,2023-03-24 23:00:00,548.0484624458368
1993,2023-03-25 00:00:00,530.6982072447827
1994,2023-03-25 01:00:00,556.5768453137226
1995,2023-03-25 02:00:00,538.0162692608221
1996,2023-03-25 03:00:00,597.1445171785028
1997,2023-03-25 04:00:00,557.307145361319
1998,2023-03-25 05:00:00,555.9987320655599
1999,2023-03-25 06:00:00,548.5915279643933
2000,2023-03-25 07:00:00,594.6209250339426
2001,2023-03-25 08:00:00,564.8576815418846
2002,2023-03-25 09:00:00,574.111879861549
2003,2023-03-25 10:00:00,553.4108984404551
2004,2023-03-25 11:00:00,538.1094266498012
2005,2023-03-25 12:00:00,554.323805892159
2006,2023-03-25 13:00:00,526.4932822893389
2007,2023-03-25 14:00:00,512.6061041794234
2008,2023-03-25 15:00:00,488.9917711952593
2009,2023-03-25 16:00:00,509.12047397088384
2010,2023-03-25 17:00:00,540.6185151220873
2011,2023-03-25 18:00:00,541.9542330596358
2012,2023-03-25 19:00:00,453.7387425387582
2013,2023-03-25 20:00:00,508.26908817942484
2014,2023-03-25 21:00:00,585.4708138377414
2015,2023-03-25 22:00:00,513.7353499036295
2016,2023-03-25 23:00:00,489.7224493972767
2017,2023-03-26 00:00:00,521.5489751267671
2018,2023-03-26 01:00:00,582.3692812567259
2019,2023-03-26 02:00:00,576.9892336988975
2020,2023-03-26 03:00:00,588.0998593624225
2021,2023-03-26 04:00:00,563.5832232800351
2022,2023-03-26 05:00:00,580.8059108270476
2023,2023-03-26 06:00:00,533.9959256325292
2024,2023-03-26 07:00:00,584.7524983093555
2025,2023-03-26 08:00:00,554.0112566671596
2026,2023-03-26 09:00:00,567.2361916687595
2027,2023-03-26 10:00:00,555.9868890823104
2028,2023-03-26 11:00:00,572.1714681572626
2029,2023-03-26 12:00:00,492.082582422913
2030,2023-03-26 13:00:00,563.4314311421884
2031,2023-03-26 14:00:00,530.1305235861603
2032,2023-03-26 15:00:00,537.873067404963
2033,2023-03-26 16:00:00,535.6437394081261
2034,2023-03-26 17:00:00,502.9917483596615
2035,2023-03-26 18:00:00,531.3683025341332
2036,2023-03-26 19:00:00,499.01870875686154
2037,2023-03-26 20:00:00,594.3820933355897
2038,2023-03-26 21:00:00,547.1733478798606
2039,2023-03-26 22:00:00,512.420865610506
2040,2023-03-26 23:00:00,557.4558731879158
2041,2023-03-27 00:00:00,534.5804893110961
2042,2023-03-27 01:00:00,529.9006394212325
2043,2023-03-27 02:00:00,537.6504232522535
2044,2023-03-27 03:00:00,524.3393912322231
2045,2023-03-27 04:00:00,551.9107617860781
2046,2023-03-27 05:00:00,559.6886565329474
2047,2023-03-27 06:00:00,573.8286931613641
2048,2023-03-27 07:00:00,619.1973173221498
2049,2023-03-27 08:00:00,524.0569117986988
2050,2023-03-27 09:00:00,533.0153617244113
2051,2023-03-27 10:00:00,501.5111176921534
2052,2023-03-27 11:00:00,576.3737391749328
2053,2023-03-27 12:00:00,553.7572887821993
2054,2023-03-27 13:00:00,557.5635928620302
2055,2023-03-27 14:00:00,526.3756424699848
2056,2023-03-27 15:00:00,515.1468648018201
2057,2023-03-27 16:00:00,515.8225108725145
2058,2023-03-27 17:00:00,476.883779346053
2059,2023-03-27 18:00:00,443.77399591627284
2060,2023-03-27 19:00:00,533.2638387262241
2061,2023-03-27 20:00:00,522.9590538243369
2062,2023-03-27 21:00:00,513.4967846654408
2063,2023-03-27 22:00:00,505.78572111172423
2064,2023-03-27 23:00:00,523.6670725896034
2065,2023-03-28 00:00:00,573.7832637493652
2066,2023-03-28 01:00:00,530.3246347350088
2067,2023-03-28 02:00:00,586.7663687097572
2068,2023-03-28 03:00:00,610.4420797212155
2069,2023-03-28 04:00:00,584.4071619006462
2070,2023-03-28 05:00:00,526.0630810539166
2071,2023-03-28 06:00:00,568.3366729048121
2072,2023-03-28 07:00:00,513.75481290076
2073,2023-03-28 08:00:00,579.6786848945416
2074,2023-03-28 09:00:00,523.7425952123698
2075,2023-03-28 10:00:00,540.3027642117584
2076,2023-03-28 11:00:00,489.093076286345
2077,2023-03-28 12:00:00,546.961885312501
2078,2023-03-28 13:00:00,506.4900586110425
2079,2023-03-28 14:00:00,545.8367930430941
2080,2023-03-28 15:00:00,462.58471148140586
2081,2023-03-28 16:00:00,516.2158667753995
2082,2023-03-28 17:00:00,501.9478942002206
2083,2023-03-28 18:00:00,536.2534182718523
2084,2023-03-28 19:00:00,486.3272732123317
2085,2023-03-28 20:00:00,490.4798868657854
2086,2023-03-28 21:00:00,525.8620882596672
2087,2023-03-28 22:00:00,528.4026815749024
2088,2023-03-28 23:00:00,530.9697260093094
2089,2023-03-29 00:00:00,539.2349856232311
2090,2023-03-29 01:00:00,595.7046740428191
2091,2023-03-29 02:00:00,553.2511329913174
2092,2023-03-29 03:00:00,561.219150088575
2093,2023-03-29 04:00:00,547.4188639621239
2094,2023-03-29 05:00:00,606.4862108068585
2095,2023-03-29 06:00:00,537.0960871510963
2096,2023-03-29 07:00:00,582.7793837545862
2097,2023-03-29 08:00:00,565.5469481773748
2098,2023-03-29 09:00:00,571.3291031629682
2099,2023-03-29 10:00:00,570.6340866781217
2100,2023-03-29 11:00:00,567.8243770679702
2101,2023-03-29 12:00:00,503.5856480235801
2102,2023-03-29 13:00:00,503.4900725162966
2103,2023-03-29 14:00:00,570.7139350309333
2104,2023-03-29 15:00:00,542.6006984443763
2105,2023-03-29 16:00:00,519.7150123226955
2106,2023-03-29 17:00:00,488.71563000442586
2107,2023-03-29 18:00:00,537.2385918408439
2108,2023-03-29 19:00:00,509.2145203350031
2109,2023-03-29 20:00:00,493.8699584208689
2110,2023-03-29 21:00:00,454.1550482602693
2111,2023-03-29 22:00:00,459.2944474061044
2112,2023-03-29 23:00:00,530.8979742253698
2113,2023-03-30 00:00:00,497.78645543500147
2114,2023-03-30 01:00:00,548.3744132192415
2115,2023-03-30 02:00:00,597.9420936827105
2116,2023-03-30 03:00:00,535.5262901841718
2117,2023-03-30 04:00:00,563.9009976430975
2118,2023-03-30 05:00:00,539.0201406850591
2119,2023-03-30 06:00:00,580.3125593362778
2120,2023-03-30 07:00:00,560.6614798775416
2121,2023-03-30 08:00:00,545.750557840779
2122,2023-03-30 09:00:00,610.8320296650976
2123,2023-03-30 10:00:00,557.3012715599314
2124,2023-03-30 11:00:00,555.5827052559677
2125,2023-03-30 12:00:00,501.8998597135658
2126,2023-03-30 13:00:00,517.8839913877555
2127,2023-03-30 14:00:00,487.62455158077637
2128,2023-03-30 15:00:00,469.48878314738914
2129,2023-03-30 16:00:00,466.0932063400918
2130,2023-03-30 17:00:00,480.7752961707397
2131,2023-03-30 18:00:00,498.6783034370181
2132,2023-03-30 19:00:00,453.50872945990045
2133,2023-03-30 20:00:00,491.85044432690256
2134,2023-03-30 21:00:00,470.0738848186554
2135,2023-03-30 22:00:00,503.0515219490448
2136,2023-03-30 23:00:00,555.2373968562013
2137,2023-03-31 00:00:00,557.4617084435095
2138,2023-03-31 01:00:00,557.6525251260595
2139,2023-03-31 02:00:00,593.9827239224607
2140,2023-03-31 03:00:00,557.3029604840958
2141,2023-03-31 04:00:00,539.7191146348878
2142,2023-03-31 05:00:00,499.3153547782529
2143,2023-03-31 06:00:00,573.3216822975791
2144,2023-03-31 07:00:00,533.6197999740757
2145,2023-03-31 08:00:00,543.5451894069812
2146,2023-03-31 09:00:00,574.9513429379662
2147,2023-03-31 10:00:00,519.3611187539517
2148,2023-03-31 11:00:00,517.4817490459835
2149,2023-03-31 12:00:00,542.2809985765286
2150,2023-03-31 13:00:00,494.0777612159026
2151,2023-03-31 14:00:00,543.2662643361871
2152,2023-03-31 15:00:00,527.5459496781066
2153,2023-03-31 16:00:00,477.62997833508604
2154,2023-03-31 17:00:00,561.5468196013379
2155,2023-03-31 18:00:00,536.2533089769055
2156,2023-03-31 19:00:00,526.3478713437452
2157,2023-03-31 20:00:00,481.3267037215067
2158,2023-03-31 21:00:00,496.40326639618365
2159,2023-03-31 22:00:00,510.20881276076034
2160,2023-03-31 23:00:00,568.1635762971388
2161,2023-04-01 00:00:00,558.3285855721589
2162,2023-04-01 01:00:00,533.3325163057073
2163,2023-04-01 02:00:00,498.62966382768144
2164,2023-04-01 03:00:00,588.8350224834923
2165,2023-04-01 04:00:00,513.9775048566894
2166,2023-04-01 05:00:00,552.1794947338547
2167,2023-04-01 06:00:00,569.7401947016959
2168,2023-04-01 07:00:00,590.6274922142671
2169,2023-04-01 08:00:00,574.0780165675582
2170,2023-04-01 09:00:00,508.099755735733
2171,2023-04-01 10:00:00,493.73518317750114
2172,2023-04-01 11:00:00,505.53451547329865
2173,2023-04-01 12:00:00,517.9419169001724
2174,2023-04-01 13:00:00,476.24106332495626
2175,2023-04-01 14:00:00,470.5794238886372
2176,2023-04-01 15:00:00,547.4470312359701
2177,2023-04-01 16:00:00,500.40757642659753
2178,2023-04-01 17:00:00,504.0841762738189
2179,2023-04-01 18:00:00,471.2333398466745
2180,2023-04-01 19:00:00,413.7635279657866
2181,2023-04-01 20:00:00,512.5151365998586
2182,2023-04-01 21:00:00,527.1196950957818
2183,2023-04-01 22:00:00,504.93105500196253
2184,2023-04-01 23:00:00,559.1144126216105
2185,2023-04-02 00:00:00,525.4092789738296
2186,2023-04-02 01:00:00,528.5959020640499
2187,2023-04-02 02:00:00,575.0678788518919
2188,2023-04-02 03:00:00,561.9290752861386
2189,2023-04-02 04:00:00,550.3507212572507
2190,2023-04-02 05:00:00,573.0378247125157
2191,2023-04-02 06:00:00,640.3490480829932
2192,2023-04-02 07:00:00,536.5736767205337
2193,2023-04-02 08:00:00,563.9259953448492
2194,2023-04-02 09:00:00,547.9876980587181
2195,2023-04-02 10:00:00,502.4203683714328
2196,2023-04-02 11:00:00,521.3197085811316
2197,2023-04-02 12:00:00,532.8207170123488
2198,2023-04-02 13:00:00,524.9914410095229
2199,2023-04-02 14:00:00,526.4974967406903
2200,2023-04-02 15:00:00,519.315832347653
2201,2023-04-02 16:00:00,555.3980161527694
2202,2023-04-02 17:00:00,514.3724502206954
2203,2023-04-02 18:00:00,437.2874540319186
2204,2023-04-02 19:00:00,525.4697631840534
2205,2023-04-02 20:00:00,466.5964979373351
2206,2023-04-02 21:00:00,497.02464964876174
2207,2023-04-02 22:00:00,532.7403966597258
2208,2023-04-02 23:00:00,477.19310027596
2209,2023-04-03 00:00:00,492.5752253626485
2210,2023-04-03 01:00:00,533.5728693479462
2211,2023-04-03 02:00:00,564.6621378563715
2212,2023-04-03 03:00:00,559.4638728535368
2213,2023-04-03 04:00:00,579.2814505522632
2214,2023-04-03 05:00:00,553.2453210209723
2215,2023-04-03 06:00:00,541.5628926482145
2216,2023-04-03 07:00:00,574.1338607840007
2217,2023-04-03 08:00:00,529.9781832536646
2218,2023-04-03 09:00:00,574.6049495868367
2219,2023-04-03 10:00:00,528.7212417200092
2220,2023-04-03 11:00:00,471.9692668313379
2221,2023-04-03 12:00:00,501.46655677648107
2222,2023-04-03 13:00:00,539.2947124628082
2223,2023-04-03 14:00:00,483.77816999215406
2224,2023-04-03 15:00:00,523.4015049565818
2225,2023-04-03 16:00:00,542.7346961868832
2226,2023-04-03 17:00:00,491.8564408217497
2227,2023-04-03 18:00:00,403.2847164996822
2228,2023-04-03 19:00:00,506.6861885680749
2229,2023-04-03 20:00:00,503.01501413853214
2230,2023-04-03 21:00:00,537.0715053936707
2231,2023-04-03 22:00:00,511.7123580789433
2232,2023-04-03 23:00:00,499.54174115288475
2233,2023-04-04 00:00:00,526.2140510507998
2234,2023-04-04 01:00:00,516.1014175074835
2235,2023-04-04 02:00:00,579.9759284374044
2236,2023-04-04 03:00:00,559.7961250483984
2237,2023-04-04 04:00:00,530.5748303195672
2238,2023-04-04 05:00:00,508.0489695149156
2239,2023-04-04 06:00:00,523.7901289736167
2240,2023-04-04 07:00:00,522.7446889160216
2241,2023-04-04 08:00:00,520.9990411664683
2242,2023-04-04 09:00:00,501.7708809197621
2243,2023-04-04 10:00:00,553.7826118334598
2244,2023-04-04 11:00:00,576.202164313248
2245,2023-04-04 12:00:00,518.4172866768837
2246,2023-04-04 13:00:00,507.64528710240756
2247,2023-04-04 14:00:00,477.7333091066558
2248,2023-04-04 15:00:00,462.3798615341846
2249,2023-04-04 16:00:00,507.75684764588823
2250,2023-04-04 17:00:00,456.0611100519313
2251,2023-04-04 18:00:00,440.0399056772025
2252,2023-04-04 19:00:00,481.17105351202747
2253,2023-04-04 20:00:00,491.2032853593189
2254,2023-04-04 21:00:00,544.8142159991586
2255,2023-04-04 22:00:00,490.8937428329212
2256,2023-04-04 23:00:00,520.8929924806739
2257,2023-04-05 00:00:00,501.3719525025088
2258,2023-04-05 01:00:00,554.9655549638615
2259,2023-04-05 02:00:00,537.9104834408101
2260,2023-04-05 03:00:00,567.1004643733573
2261,2023-04-05 04:00:00,590.4264307592355
2262,2023-04-05 05:00:00,550.1498320634887
2263,2023-04-05 06:00:00,543.630512773479
2264,2023-04-05 07:00:00,507.6083110011029
2265,2023-04-05 08:00:00,580.7735121489935
2266,2023-04-05 09:00:00,529.8575032511836
2267,2023-04-05 10:00:00,488.1133274865168
2268,2023-04-05 11:00:00,550.2479837039645
2269,2023-04-05 12:00:00,522.2365781530051
2270,2023-04-05 13:00:00,533.0305088596192
2271,2023-04-05 14:00:00,437.1645325229564
2272,2023-04-05 15:00:00,513.4430894479224
2273,2023-04-05 16:00:00,481.20935921358733
2274,2023-04-05 17:00:00,452.1465590835107
2275,2023-04-05 18:00:00,444.91151799638686
2276,2023-04-05 19:00:00,419.52315222536686
2277,2023-04-05 20:00:00,501.1878966559538
2278,2023-04-05 21:00:00,523.4838763612321
2279,2023-04-05 22:00:00,596.3871404127883
2280,2023-04-05 23:00:00,450.91991795341977
2281,2023-04-06 00:00:00,521.0433012910499
2282,2023-04-06 01:00:00,519.1931617376333
2283,2023-04-06 02:00:00,551.5938546171701
2284,2023-04-06 03:00:00,551.1945555704742
2285,2023-04-06 04:00:00,589.4316691351966
2286,2023-04-06 05:00:00,525.7722020241198
2287,2023-04-06 06:00:00,563.0746162231127
2288,2023-04-06 07:00:00,504.339514391662
2289,2023-04-06 08:00:00,534.2375216579558
2290,2023-04-06 09:00:00,502.0685939404975
2291,2023-04-06 10:00:00,528.039563844031
2292,2023-04-06 11:00:00,461.0499136729683
2293,2023-04-06 12:00:00,501.70764314485444
2294,2023-04-06 13:00:00,443.50689232427214
2295,2023-04-06 14:00:00,533.2080885643161
2296,2023-04-06 15:00:00,484.0833539920979
2297,2023-04-06 16:00:00,448.2597649597063
2298,2023-04-06 17:00:00,546.8735903409549
2299,2023-04-06 18:00:00,498.13976407973945
2300,2023-04-06 19:00:00,518.4586002639359
2301,2023-04-06 20:00:00,413.7754069002126
2302,2023-04-06 21:00:00,488.2452712488089
2303,2023-04-06 22:00:00,504.2904273375707
2304,2023-04-06 23:00:00,507.83009931444997
2305,2023-04-07 00:00:00,490.5331411201276
2306,2023-04-07 01:00:00,549.2974506667557
2307,2023-04-07 02:00:00,567.7530006958011
2308,2023-04-07 03:00:00,556.7650975163286
2309,2023-04-07 04:00:00,553.2054132405532
2310,2023-04-07 05:00:00,557.8163336037047
2311,2023-04-07 06:00:00,542.271606313493
2312,2023-04-07 07:00:00,523.7759973425494
2313,2023-04-07 08:00:00,572.4652534638593
2314,2023-04-07 09:00:00,523.9257928213741
2315,2023-04-07 10:00:00,499.5747276863638
2316,2023-04-07 11:00:00,526.0583268972792
2317,2023-04-07 12:00:00,504.88456917336237
2318,2023-04-07 13:00:00,548.261637257276
2319,2023-04-07 14:00:00,503.24080131019656
2320,2023-04-07 15:00:00,539.2262061447606
2321,2023-04-07 16:00:00,515.6226667083135
2322,2023-04-07 17:00:00,442.62439206924034
2323,2023-04-07 18:00:00,482.5756594546402
2324,2023-04-07 19:00:00,508.61145486698814
2325,2023-04-07 20:00:00,500.03598985915687
2326,2023-04-07 21:00:00,494.9898268740415
2327,2023-04-07 22:00:00,512.0760314735231
2328,2023-04-07 23:00:00,553.6041309982214
2329,2023-04-08 00:00:00,523.1448679621149
2330,2023-04-08 01:00:00,550.977432814609
2331,2023-04-08 02:00:00,522.5678355739993
2332,2023-04-08 03:00:00,535.5504569553349
2333,2023-04-08 04:00:00,522.9473507895773
2334,2023-04-08 05:00:00,561.0322496502434
2335,2023-04-08 06:00:00,536.1663049121762
2336,2023-04-08 07:00:00,497.279887581005
2337,2023-04-08 08:00:00,494.23113266724084
2338,2023-04-08 09:00:00,529.4154797855681
2339,2023-04-08 10:00:00,550.1929264856818
2340,2023-04-08 11:00:00,499.4370415136376
2341,2023-04-08 12:00:00,492.7008018489764
2342,2023-04-08 13:00:00,519.3125205921177
2343,2023-04-08 14:00:00,497.28632283035734
2344,2023-04-08 15:00:00,518.3954549547593
2345,2023-04-08 16:00:00,427.0368160284688
2346,2023-04-08 17:00:00,471.8402337019026
2347,2023-04-08 18:00:00,485.55107374882886
2348,2023-04-08 19:00:00,477.6816574612046
2349,2023-04-08 20:00:00,531.6563359938675
2350,2023-04-08 21:00:00,494.76654266442756
2351,2023-04-08 22:00:00,458.44168814756057
2352,2023-04-08 23:00:00,499.55061007651705
2353,2023-04-09 00:00:00,583.1753679407243
2354,2023-04-09 01:00:00,533.1026313316266
2355,2023-04-09 02:00:00,560.9003681900543
2356,2023-04-09 03:00:00,532.6879944336441
2357,2023-04-09 04:00:00,472.31861147558385
2358,2023-04-09 05:00:00,573.0106619925037
2359,2023-04-09 06:00:00,511.54606862779644
2360,2023-04-09 07:00:00,574.352807450759
2361,2023-04-09 08:00:00,521.516286924235
2362,2023-04-09 09:00:00,573.1231760825209
2363,2023-04-09 10:00:00,582.8371495942811
2364,2023-04-09 11:00:00,515.325015467221
2365,2023-04-09 12:00:00,542.378814090121
2366,2023-04-09 13:00:00,477.29464249488836
2367,2023-04-09 14:00:00,554.6535275011678
2368,2023-04-09 15:00:00,452.76658496336654
2369,2023-04-09 16:00:00,491.49350682072907
2370,2023-04-09 17:00:00,483.42026895636724
2371,2023-04-09 18:00:00,488.98919386804727
2372,2023-04-09 19:00:00,501.56811296764806
2373,2023-04-09 20:00:00,486.3931042314367
2374,2023-04-09 21:00:00,492.7893339510487
2375,2023-04-09 22:00:00,499.08675390994046
2376,2023-04-09 23:00:00,503.3999608234412
2377,2023-04-10 00:00:00,500.0701850523979
2378,2023-04-10 01:00:00,470.04738853992336
2379,2023-04-10 02:00:00,536.0721364827039
2380,2023-04-10 03:00:00,573.310506817406
2381,2023-04-10 04:00:00,558.670058326076
2382,2023-04-10 05:00:00,537.1815771762134
2383,2023-04-10 06:00:00,569.6956201003294
2384,2023-04-10 07:00:00,576.3526789372627
2385,2023-04-10 08:00:00,554.0572707366393
2386,2023-04-10 09:00:00,537.6558969977891
2387,2023-04-10 10:00:00,498.9408269785162
2388,2023-04-10 11:00:00,502.01872761501454
2389,2023-04-10 12:00:00,496.1949370068782
2390,2023-04-10 13:00:00,539.6138463376388
2391,2023-04-10 14:00:00,513.0945925974806
2392,2023-04-10 15:00:00,445.17742023750384
2393,2023-04-10 16:00:00,502.57448709977615
2394,2023-04-10 17:00:00,502.5344399323001
2395,2023-04-10 18:00:00,529.9441293720269
2396,2023-04-10 19:00:00,462.62936788677086
2397,2023-04-10 20:00:00,482.28202294765345
2398,2023-04-10 21:00:00,552.1994123839298
2399,2023-04-10 22:00:00,474.6735050982436
2400,2023-04-10 23:00:00,463.3903448760753
2401,2023-04-11 00:00:00,492.3738696646404
2402,2023-04-11 01:00:00,541.5252932124458
2403,2023-04-11 02:00:00,538.5202609525924
2404,2023-04-11 03:00:00,465.55181211573495
2405,2023-04-11 04:00:00,534.3390553368447
2406,2023-04-11 05:00:00,519.2002555541766
2407,2023-04-11 06:00:00,539.9747192460977
2408,2023-04-11 07:00:00,500.21704325444466
2409,2023-04-11 08:00:00,511.2110560601384
2410,2023-04-11 09:00:00,501.06397420075916
2411,2023-04-11 10:00:00,541.6707382315783
2412,2023-04-11 11:00:00,535.1230573556716
2413,2023-04-11 12:00:00,519.0564625167575
2414,2023-04-11 13:00:00,528.5478495673884
2415,2023-04-11 14:00:00,435.07786911841276
2416,2023-04-11 15:00:00,468.26185888330633
2417,2023-04-11 16:00:00,498.1440124860755
2418,2023-04-11 17:00:00,490.43162466832706
2419,2023-04-11 18:00:00,453.9877364076652
2420,2023-04-11 19:00:00,521.1742442055807
2421,2023-04-11 20:00:00,462.6546056416532
2422,2023-04-11 21:00:00,455.769538946171
2423,2023-04-11 22:00:00,510.57475517617206
2424,2023-04-11 23:00:00,447.89640077013553
2425,2023-04-12 00:00:00,555.4429530747567
2426,2023-04-12 01:00:00,543.0775158845391
2427,2023-04-12 02:00:00,513.297918472076
2428,2023-04-12 03:00:00,530.497142965611
2429,2023-04-12 04:00:00,517.7855962335904
2430,2023-04-12 05:00:00,559.3778321746954
2431,2023-04-12 06:00:00,581.1469072797557
2432,2023-04-12 07:00:00,544.329835847666
2433,2023-04-12 08:00:00,535.8450199867547
2434,2023-04-12 09:00:00,501.12004860856035
2435,2023-04-12 10:00:00,500.0256766382561
2436,2023-04-12 11:00:00,505.069094675855
2437,2023-04-12 12:00:00,526.5211948057575
2438,2023-04-12 13:00:00,525.4961063972765
2439,2023-04-12 14:00:00,525.3770805282807
2440,2023-04-12 15:00:00,439.58995585277
2441,2023-04-12 16:00:00,453.3805552866074
2442,2023-04-12 17:00:00,493.69718492527295
2443,2023-04-12 18:00:00,495.6522680692722
2444,2023-04-12 19:00:00,460.3072930114484
2445,2023-04-12 20:00:00,484.6178184759613
2446,2023-04-12 21:00:00,462.6316457986438
2447,2023-04-12 22:00:00,412.02058088049284
2448,2023-04-12 23:00:00,537.1096681208247
2449,2023-04-13 00:00:00,536.1757698514401
2450,2023-04-13 01:00:00,521.6154052890337
2451,2023-04-13 02:00:00,514.3011835788361
2452,2023-04-13 03:00:00,502.4473069079459
2453,2023-04-13 04:00:00,528.3868897531407
2454,2023-04-13 05:00:00,532.8336187497171
2455,2023-04-13 06:00:00,555.2074927623239
2456,2023-04-13 07:00:00,522.094547376972
2457,2023-04-13 08:00:00,547.9384557046533
2458,2023-04-13 09:00:00,498.33899931776114
2459,2023-04-13 10:00:00,566.0376379805222
2460,2023-04-13 11:00:00,501.7655041949096
2461,2023-04-13 12:00:00,548.6854191725595
2462,2023-04-13 13:00:00,504.24041032952306
2463,2023-04-13 14:00:00,522.5432754306486
2464,2023-04-13 15:00:00,471.32268935808565
2465,2023-04-13 16:00:00,514.6885957787927
2466,2023-04-13 17:00:00,461.9962400058716
2467,2023-04-13 18:00:00,483.73966481700876
2468,2023-04-13 19:00:00,454.4831390578212
2469,2023-04-13 20:00:00,479.37235120315705
2470,2023-04-13 21:00:00,490.775738177732
2471,2023-04-13 22:00:00,476.5366409796952
2472,2023-04-13 23:00:00,482.1722071548246
2473,2023-04-14 00:00:00,453.5402542618523
2474,2023-04-14 01:00:00,520.9115676526585
2475,2023-04-14 02:00:00,568.6246983607225
2476,2023-04-14 03:00:00,524.1283386386905
2477,2023-04-14 04:00:00,551.6459265974729
2478,2023-04-14 05:00:00,500.1760898019432
2479,2023-04-14 06:00:00,536.8079065487858
2480,2023-04-14 07:00:00,492.02876913623993
2481,2023-04-14 08:00:00,537.4681443461266
2482,2023-04-14 09:00:00,522.8706461166719
2483,2023-04-14 10:00:00,550.3315286385078
2484,2023-04-14 11:00:00,517.4227007160885
2485,2023-04-14 12:00:00,529.2862256648218
2486,2023-04-14 13:00:00,509.3011502451763
2487,2023-04-14 14:00:00,513.1604537518592
2488,2023-04-14 15:00:00,471.1035825644426
2489,2023-04-14 16:00:00,476.51971307933167
2490,2023-04-14 17:00:00,495.87581988475836
2491,2023-04-14 18:00:00,523.341480777864
2492,2023-04-14 19:00:00,466.7775616870803
2493,2023-04-14 20:00:00,457.8962708966933
2494,2023-04-14 21:00:00,479.55705456648894
2495,2023-04-14 22:00:00,529.6050466028775
2496,2023-04-14 23:00:00,534.0702048053432
2497,2023-04-15 00:00:00,500.0962737210668
2498,2023-04-15 01:00:00,534.167556170417
2499,2023-04-15 02:00:00,527.86755448487
2500,2023-04-15 03:00:00,523.544711580245
2501,2023-04-15 04:00:00,526.7672420884371
2502,2023-04-15 05:00:00,477.33148349815264
2503,2023-04-15 06:00:00,540.3818066814256
2504,2023-04-15 07:00:00,508.6424426591872
2505,2023-04-15 08:00:00,464.3329188467589
2506,2023-04-15 09:00:00,523.9814266185256
2507,2023-04-15 10:00:00,492.8859484140701
2508,2023-04-15 11:00:00,523.3936358694494
2509,2023-04-15 12:00:00,515.7301197840167
2510,2023-04-15 13:00:00,485.3229758467622
2511,2023-04-15 14:00:00,495.50631972969006
2512,2023-04-15 15:00:00,465.23360313517026
2513,2023-04-15 16:00:00,502.25190621096914
2514,2023-04-15 17:00:00,498.3043050199131
2515,2023-04-15 18:00:00,416.3576580911872
2516,2023-04-15 19:00:00,459.2552331322573
2517,2023-04-15 20:00:00,461.1844620664756
2518,2023-04-15 21:00:00,476.8265593103153
2519,2023-04-15 22:00:00,548.5515246085081
2520,2023-04-15 23:00:00,492.19225210029686
2521,2023-04-16 00:00:00,515.5279624929655
2522,2023-04-16 01:00:00,502.10906222683724
2523,2023-04-16 02:00:00,488.0335139179165
2524,2023-04-16 03:00:00,544.646911365162
2525,2023-04-16 04:00:00,532.3892379133374
2526,2023-04-16 05:00:00,548.0227035691252
2527,2023-04-16 06:00:00,551.6657903879109
2528,2023-04-16 07:00:00,563.9533153608593
2529,2023-04-16 08:00:00,531.3655366850206
2530,2023-04-16 09:00:00,513.8718580441963
2531,2023-04-16 10:00:00,551.0127924734536
2532,2023-04-16 11:00:00,465.6684057575606
2533,2023-04-16 12:00:00,486.68512895418183
2534,2023-04-16 13:00:00,451.23837354702425
2535,2023-04-16 14:00:00,496.3208129290571
2536,2023-04-16 15:00:00,471.25761017374066
2537,2023-04-16 16:00:00,490.4623676682984
2538,2023-04-16 17:00:00,472.79303151521486
2539,2023-04-16 18:00:00,463.93219407452784
2540,2023-04-16 19:00:00,487.2634475148934
2541,2023-04-16 20:00:00,463.30698602705576
2542,2023-04-16 21:00:00,481.54468273711683
2543,2023-04-16 22:00:00,518.4910005716807
2544,2023-04-16 23:00:00,527.8975360016377
2545,2023-04-17 00:00:00,535.7568541267347
2546,2023-04-17 01:00:00,507.48275220506883
2547,2023-04-17 02:00:00,515.3672682633759
2548,2023-04-17 03:00:00,499.6366874058134
2549,2023-04-17 04:00:00,469.21309754926097
2550,2023-04-17 05:00:00,534.5507040137511
2551,2023-04-17 06:00:00,557.2842230516192
2552,2023-04-17 07:00:00,537.4711782357031
2553,2023-04-17 08:00:00,556.0985794411067
2554,2023-04-17 09:00:00,528.6160960117408
2555,2023-04-17 10:00:00,514.7179200028271
2556,2023-04-17 11:00:00,516.7703514946747
2557,2023-04-17 12:00:00,471.8081608850604
2558,2023-04-17 13:00:00,488.65383232866236
2559,2023-04-17 14:00:00,487.96558910393816
2560,2023-04-17 15:00:00,454.8727309555414
2561,2023-04-17 16:00:00,440.87150700856165
2562,2023-04-17 17:00:00,461.15731825340606
2563,2023-04-17 18:00:00,452.00423383371833
2564,2023-04-17 19:00:00,503.498745113722
2565,2023-04-17 20:00:00,492.6062092621293
2566,2023-04-17 21:00:00,535.344298873289
2567,2023-04-17 22:00:00,507.0644028459801
2568,2023-04-17 23:00:00,507.5369256324397
2569,2023-04-18 00:00:00,511.4453707272553
2570,2023-04-18 01:00:00,523.8837149427887
2571,2023-04-18 02:00:00,531.5297446779965
2572,2023-04-18 03:00:00,543.6503536382537
2573,2023-04-18 04:00:00,505.5404241618352
2574,2023-04-18 05:00:00,516.8723595890915
2575,2023-04-18 06:00:00,570.3747988581559
2576,2023-04-18 07:00:00,509.15845521661504
2577,2023-04-18 08:00:00,539.6675063044597
2578,2023-04-18 09:00:00,507.5866863836738
2579,2023-04-18 10:00:00,561.9071619371321
2580,2023-04-18 11:00:00,558.430193217602
2581,2023-04-18 12:00:00,498.98717428693726
2582,2023-04-18 13:00:00,486.27727073594053
2583,2023-04-18 14:00:00,578.1970010372024
2584,2023-04-18 15:00:00,498.67781911188126
2585,2023-04-18 16:00:00,453.3134885800788
2586,2023-04-18 17:00:00,510.57354210355925
2587,2023-04-18 18:00:00,475.7662441536093
2588,2023-04-18 19:00:00,502.8969736505371
2589,2023-04-18 20:00:00,474.0527751985646
2590,2023-04-18 21:00:00,503.99985142853734
2591,2023-04-18 22:00:00,489.3292324878939
2592,2023-04-18 23:00:00,538.4331691379218
2593,2023-04-19 00:00:00,538.606265695708
2594,2023-04-19 01:00:00,435.50549172224885
2595,2023-04-19 02:00:00,516.2024416697155
2596,2023-04-19 03:00:00,494.14005278757867
2597,2023-04-19 04:00:00,556.6050350295291
2598,2023-04-19 05:00:00,584.7992698221149
2599,2023-04-19 06:00:00,551.0303442151592
2600,2023-04-19 07:00:00,538.6829959655604
2601,2023-04-19 08:00:00,495.7216849237114
2602,2023-04-19 09:00:00,577.2757946836651
2603,2023-04-19 10:00:00,519.3393298482316
2604,2023-04-19 11:00:00,494.10773768501883
2605,2023-04-19 12:00:00,475.8755647550745
2606,2023-04-19 13:00:00,482.69711402243314
2607,2023-04-19 14:00:00,422.71058833214045
2608,2023-04-19 15:00:00,473.7499525492497
2609,2023-04-19 16:00:00,421.1275419809565
2610,2023-04-19 17:00:00,499.4561904263489
2611,2023-04-19 18:00:00,477.96119333029327
2612,2023-04-19 19:00:00,491.82541082057077
2613,2023-04-19 20:00:00,464.8507871193692
2614,2023-04-19 21:00:00,487.8744148062025
2615,2023-04-19 22:00:00,558.4787173318294
2616,2023-04-19 23:00:00,522.1755219158763
2617,2023-04-20 00:00:00,512.9613445298081
2618,2023-04-20 01:00:00,497.3911304783659
2619,2023-04-20 02:00:00,512.9781562624154
2620,2023-04-20 03:00:00,492.9099359248914
2621,2023-04-20 04:00:00,530.5680264656069
2622,2023-04-20 05:00:00,490.7702983801809
2623,2023-04-20 06:00:00,533.1481298887215
2624,2023-04-20 07:00:00,511.26461368716843
2625,2023-04-20 08:00:00,504.54449971732447
2626,2023-04-20 09:00:00,445.26697914247575
2627,2023-04-20 10:00:00,475.7529011440821
2628,2023-04-20 11:00:00,510.8202798579794
2629,2023-04-20 12:00:00,501.68254203919736
2630,2023-04-20 13:00:00,503.6000026871482
2631,2023-04-20 14:00:00,494.1077420208488
2632,2023-04-20 15:00:00,512.7463723187634
2633,2023-04-20 16:00:00,427.2260256698965
2634,2023-04-20 17:00:00,447.9610303033223
2635,2023-04-20 18:00:00,435.0697526176788
2636,2023-04-20 19:00:00,514.9791539816227
2637,2023-04-20 20:00:00,517.3741082284715
2638,2023-04-20 21:00:00,428.97854978005086
2639,2023-04-20 22:00:00,493.64902341259244
2640,2023-04-20 23:00:00,538.8103279913804
2641,2023-04-21 00:00:00,501.96679909937086
2642,2023-04-21 01:00:00,496.31258493814613
2643,2023-04-21 02:00:00,486.4045900966858
2644,2023-04-21 03:00:00,525.1149360536969
2645,2023-04-21 04:00:00,539.1215471819082
2646,2023-04-21 05:00:00,413.14957806134754
2647,2023-04-21 06:00:00,470.6780896360896
2648,2023-04-21 07:00:00,526.5262128029814
2649,2023-04-21 08:00:00,527.6685667863561
2650,2023-04-21 09:00:00,529.5770388241868
2651,2023-04-21 10:00:00,489.9498311793226
2652,2023-04-21 11:00:00,500.1682188985157
2653,2023-04-21 12:00:00,548.2538708550641
2654,2023-04-21 13:00:00,436.4558526376396
2655,2023-04-21 14:00:00,483.91058357789706
2656,2023-04-21 15:00:00,471.1150038305251
2657,2023-04-21 16:00:00,479.29637311025607
2658,2023-04-21 17:00:00,503.03419280593306
2659,2023-04-21 18:00:00,449.9734259009002
2660,2023-04-21 19:00:00,450.84928555411454
2661,2023-04-21 20:00:00,469.3611786741832
2662,2023-04-21 21:00:00,478.6464093105693
2663,2023-04-21 22:00:00,484.699701841965
2664,2023-04-21 23:00:00,479.70841561982803
2665,2023-04-22 00:00:00,459.9862725014485
2666,2023-04-22 01:00:00,560.6466494211609
2667,2023-04-22 02:00:00,460.42725150430806
2668,2023-04-22 03:00:00,521.5512998808025
2669,2023-04-22 04:00:00,509.9016017245019
2670,2023-04-22 05:00:00,482.0620111510947
2671,2023-04-22 06:00:00,494.1163417270654
2672,2023-04-22 07:00:00,506.3889165123473
2673,2023-04-22 08:00:00,505.6479403719212
2674,2023-04-22 09:00:00,466.1998664708969
2675,2023-04-22 10:00:00,459.62880635785064
2676,2023-04-22 11:00:00,541.9776141768638
2677,2023-04-22 12:00:00,500.22436976523335
2678,2023-04-22 13:00:00,458.82892745988715
2679,2023-04-22 14:00:00,463.0345288353638
2680,2023-04-22 15:00:00,499.4804349000222
2681,2023-04-22 16:00:00,399.13728803117345
2682,2023-04-22 17:00:00,490.3821994716544
2683,2023-04-22 18:00:00,472.5523389490529
2684,2023-04-22 19:00:00,498.7041978533014
2685,2023-04-22 20:00:00,455.3555034453135
2686,2023-04-22 21:00:00,468.2431982957368
2687,2023-04-22 22:00:00,451.39234358605285
2688,2023-04-22 23:00:00,502.2482167249275
2689,2023-04-23 00:00:00,530.3574870676299
2690,2023-04-23 01:00:00,461.5780601169735
2691,2023-04-23 02:00:00,469.74340737171684
2692,2023-04-23 03:00:00,535.626879515022
2693,2023-04-23 04:00:00,535.5562456125881
2694,2023-04-23 05:00:00,513.7740315363469
2695,2023-04-23 06:00:00,529.0128027172807
2696,2023-04-23 07:00:00,604.0409980377665
2697,2023-04-23 08:00:00,501.56449865502975
2698,2023-04-23 09:00:00,504.5445532936425
2699,2023-04-23 10:00:00,521.6297956282905
2700,2023-04-23 11:00:00,503.63049019807676
2701,2023-04-23 12:00:00,489.49363461490304
2702,2023-04-23 13:00:00,487.4532049264093
2703,2023-04-23 14:00:00,487.9154943751924
2704,2023-04-23 15:00:00,473.5266740941673
2705,2023-04-23 16:00:00,452.1362984337362
2706,2023-04-23 17:00:00,448.2718605511174
2707,2023-04-23 18:00:00,481.821069034185
2708,2023-04-23 19:00:00,475.31405866178943
2709,2023-04-23 20:00:00,455.594176660699
2710,2023-04-23 21:00:00,441.4116126823896
2711,2023-04-23 22:00:00,486.37675295129344
2712,2023-04-23 23:00:00,478.513788328712
2713,2023-04-24 00:00:00,442.67231127467636
2714,2023-04-24 01:00:00,499.1269879313002
2715,2023-04-24 02:00:00,519.5939018567558
2716,2023-04-24 03:00:00,514.8373837102963
2717,2023-04-24 04:00:00,449.1087528054997
2718,2023-04-24 05:00:00,518.2751057351416
2719,2023-04-24 06:00:00,513.096580495938
2720,2023-04-24 07:00:00,537.9459131439412
2721,2023-04-24 08:00:00,491.1870001543774
2722,2023-04-24 09:00:00,490.4024713408483
2723,2023-04-24 10:00:00,486.93802195189124
2724,2023-04-24 11:00:00,503.74487434802154
2725,2023-04-24 12:00:00,484.7050236554367
2726,2023-04-24 13:00:00,453.7802601987578
2727,2023-04-24 14:00:00,421.7923452771585
2728,2023-04-24 15:00:00,459.76027709830987
2729,2023-04-24 16:00:00,487.6104855910022
2730,2023-04-24 17:00:00,464.5906929297183
2731,2023-04-24 18:00:00,491.7812136592473
2732,2023-04-24 19:00:00,325.5487814355137
2733,2023-04-24 20:00:00,434.57660340483653
2734,2023-04-24 21:00:00,456.3559337350435
2735,2023-04-24 22:00:00,486.00374056281424
2736,2023-04-24 23:00:00,486.0089770927783
2737,2023-04-25 00:00:00,487.2211534304604
2738,2023-04-25 01:00:00,475.6777547002699
2739,2023-04-25 02:00:00,505.17166365175984
2740,2023-04-25 03:00:00,433.0978183855949
2741,2023-04-25 04:00:00,546.7340505632664
2742,2023-04-25 05:00:00,480.2501555583493
2743,2023-04-25 06:00:00,499.9232885302847
2744,2023-04-25 07:00:00,549.2086076338588
2745,2023-04-25 08:00:00,519.9304738132433
2746,2023-04-25 09:00:00,555.7401512117231
2747,2023-04-25 10:00:00,521.1130885185818
2748,2023-04-25 11:00:00,472.9540128843745
2749,2023-04-25 12:00:00,477.10080770511814
2750,2023-04-25 13:00:00,420.33506368188046
2751,2023-04-25 14:00:00,499.5221191037532
2752,2023-04-25 15:00:00,477.37923861699284
2753,2023-04-25 16:00:00,491.04741578440274
2754,2023-04-25 17:00:00,449.61186465189877
2755,2023-04-25 18:00:00,498.3590056556331
2756,2023-04-25 19:00:00,470.26794671840446
2757,2023-04-25 20:00:00,439.44770875652534
2758,2023-04-25 21:00:00,562.3541455666042
2759,2023-04-25 22:00:00,514.1160923040383
2760,2023-04-25 23:00:00,511.2227394216615
2761,2023-04-26 00:00:00,487.7424296749474
2762,2023-04-26 01:00:00,499.13426695528517
2763,2023-04-26 02:00:00,507.5964840555566
2764,2023-04-26 03:00:00,487.3323297337571
2765,2023-04-26 04:00:00,541.4104892735894
2766,2023-04-26 05:00:00,548.0613029247805
2767,2023-04-26 06:00:00,527.1551971399838
2768,2023-04-26 07:00:00,510.42333838259583
2769,2023-04-26 08:00:00,475.13781363132927
2770,2023-04-26 09:00:00,493.9290484460298
2771,2023-04-26 10:00:00,488.63221509264815
2772,2023-04-26 11:00:00,502.3585021460175
2773,2023-04-26 12:00:00,456.4567676742559
2774,2023-04-26 13:00:00,468.84458117612206
2775,2023-04-26 14:00:00,475.4769154229849
2776,2023-04-26 15:00:00,432.34057024844026
2777,2023-04-26 16:00:00,428.12653191401375
2778,2023-04-26 17:00:00,426.2402567818823
2779,2023-04-26 18:00:00,424.4425923461964
2780,2023-04-26 19:00:00,488.8798300098345
2781,2023-04-26 20:00:00,459.99339991290117
2782,2023-04-26 21:00:00,447.88232240603145
2783,2023-04-26 22:00:00,434.013585476358
2784,2023-04-26 23:00:00,473.3786025285004
2785,2023-04-27 00:00:00,461.5822791486968
2786,2023-04-27 01:00:00,498.9137278773296
2787,2023-04-27 02:00:00,506.2850458941906
2788,2023-04-27 03:00:00,528.5513274559454
2789,2023-04-27 04:00:00,492.5628600840835
2790,2023-04-27 05:00:00,487.2003994085597
2791,2023-04-27 06:00:00,521.9199543605891
2792,2023-04-27 07:00:00,459.3675501967816
2793,2023-04-27 08:00:00,486.93237123058975
2794,2023-04-27 09:00:00,518.9846829530624
2795,2023-04-27 10:00:00,508.04097935542666
2796,2023-04-27 11:00:00,445.24935865458156
2797,2023-04-27 12:00:00,555.9024581799132
2798,2023-04-27 13:00:00,453.8846797766685
2799,2023-04-27 14:00:00,401.23836493985596
2800,2023-04-27 15:00:00,463.8095399436378
2801,2023-04-27 16:00:00,473.7374444676095
2802,2023-04-27 17:00:00,421.5926064035625
2803,2023-04-27 18:00:00,508.8302558126732
2804,2023-04-27 19:00:00,393.9591024813934
2805,2023-04-27 20:00:00,489.3272808609083
2806,2023-04-27 21:00:00,482.3543330078575
2807,2023-04-27 22:00:00,471.4535714872318
2808,2023-04-27 23:00:00,489.38458249345496
2809,2023-04-28 00:00:00,431.9291963033486
2810,2023-04-28 01:00:00,474.8660439471015
2811,2023-04-28 02:00:00,469.52572157113707
2812,2023-04-28 03:00:00,446.1367848857902
2813,2023-04-28 04:00:00,527.8330662090622
2814,2023-04-28 05:00:00,503.1197561650424
2815,2023-04-28 06:00:00,524.7699828635764
2816,2023-04-28 07:00:00,571.8930616488321
2817,2023-04-28 08:00:00,474.0632832783054
2818,2023-04-28 09:00:00,486.76032838083177
2819,2023-04-28 10:00:00,485.7285190897449
2820,2023-04-28 11:00:00,484.10245258093494
2821,2023-04-28 12:00:00,478.35688591410883
2822,2023-04-28 13:00:00,523.4313938365045
2823,2023-04-28 14:00:00,435.20058808293595
2824,2023-04-28 15:00:00,437.7932123011459
2825,2023-04-28 16:00:00,494.31941840738097
2826,2023-04-28 17:00:00,432.4749579762758
2827,2023-04-28 18:00:00,397.35700191699027
2828,2023-04-28 19:00:00,434.25552612195526
2829,2023-04-28 20:00:00,385.0892023529317
2830,2023-04-28 21:00:00,482.960829300221
2831,2023-04-28 22:00:00,493.06801314366294
2832,2023-04-28 23:00:00,528.0354756782087
2833,2023-04-29 00:00:00,432.22432267807375
2834,2023-04-29 01:00:00,504.64796702600415
2835,2023-04-29 02:00:00,472.41954184656845
2836,2023-04-29 03:00:00,492.09025086961
2837,2023-04-29 04:00:00,485.34622218153925
2838,2023-04-29 05:00:00,467.5718659884655
2839,2023-04-29 06:00:00,520.9730689373627
2840,2023-04-29 07:00:00,500.757964835618
2841,2023-04-29 08:00:00,494.3203797190665
2842,2023-04-29 09:00:00,507.0920227151054
2843,2023-04-29 10:00:00,480.85627495218614
2844,2023-04-29 11:00:00,480.91817054171486
2845,2023-04-29 12:00:00,480.4709841181248
2846,2023-04-29 13:00:00,469.50402817630464
2847,2023-04-29 14:00:00,431.53954543153765
2848,2023-04-29 15:00:00,456.4508620404786
2849,2023-04-29 16:00:00,468.6886487624225
2850,2023-04-29 17:00:00,455.7233912577787
2851,2023-04-29 18:00:00,424.4678301971582
2852,2023-04-29 19:00:00,445.3997591717935
2853,2023-04-29 20:00:00,413.08863948688054
2854,2023-04-29 21:00:00,457.0317054547852
2855,2023-04-29 22:00:00,430.8345199662094
2856,2023-04-29 23:00:00,510.0336834191568
2857,2023-04-30 00:00:00,500.4750885331135
2858,2023-04-30 01:00:00,483.4017907909332
2859,2023-04-30 02:00:00,461.452928754176
2860,2023-04-30 03:00:00,462.59298202346287
2861,2023-04-30 04:00:00,506.5263197451257
2862,2023-04-30 05:00:00,507.4969173538741
2863,2023-04-30 06:00:00,484.7739787173697
2864,2023-04-30 07:00:00,480.9229776079451
2865,2023-04-30 08:00:00,522.7643993095918
2866,2023-04-30 09:00:00,535.7813701461521
2867,2023-04-30 10:00:00,505.38347652766885
2868,2023-04-30 11:00:00,509.5641995752369
2869,2023-04-30 12:00:00,467.0186637856066
2870,2023-04-30 13:00:00,476.86323543292343
2871,2023-04-30 14:00:00,438.8540825849679
2872,2023-04-30 15:00:00,428.38106375184896
2873,2023-04-30 16:00:00,455.2824323846191
2874,2023-04-30 17:00:00,461.4038809532999
2875,2023-04-30 18:00:00,512.8786583084272
2876,2023-04-30 19:00:00,417.8678212383077
2877,2023-04-30 20:00:00,495.0420073326804
2878,2023-04-30 21:00:00,480.00796742127284
2879,2023-04-30 22:00:00,479.3949785095027
2880,2023-04-30 23:00:00,510.8458130544278
2881,2023-05-01 00:00:00,501.3765891458774
2882,2023-05-01 01:00:00,502.16568201634703
2883,2023-05-01 02:00:00,552.5810499447642
2884,2023-05-01 03:00:00,463.29052082609763
2885,2023-05-01 04:00:00,488.58151396799644
2886,2023-05-01 05:00:00,483.36484788781706
2887,2023-05-01 06:00:00,448.5373661495424
2888,2023-05-01 07:00:00,513.3931650491093
2889,2023-05-01 08:00:00,460.5646727133888
2890,2023-05-01 09:00:00,553.7130778142381
2891,2023-05-01 10:00:00,440.40061707973376
2892,2023-05-01 11:00:00,511.8622907814668
2893,2023-05-01 12:00:00,476.8528672622004
2894,2023-05-01 13:00:00,465.92078009003114
2895,2023-05-01 14:00:00,444.0348287756245
2896,2023-05-01 15:00:00,466.09401717980774
2897,2023-05-01 16:00:00,440.395792388368
2898,2023-05-01 17:00:00,440.0162459446855
2899,2023-05-01 18:00:00,451.7372608155926
2900,2023-05-01 19:00:00,521.6279917725759
2901,2023-05-01 20:00:00,366.3159843398718
2902,2023-05-01 21:00:00,458.3274129785828
2903,2023-05-01 22:00:00,513.2975381481517
2904,2023-05-01 23:00:00,461.6854601773176
2905,2023-05-02 00:00:00,478.03673323257794
2906,2023-05-02 01:00:00,512.1744010866086
2907,2023-05-02 02:00:00,492.8001821063959
2908,2023-05-02 03:00:00,467.47466565971047
2909,2023-05-02 04:00:00,516.3693009880653
2910,2023-05-02 05:00:00,513.6667069805075
2911,2023-05-02 06:00:00,523.6649243034891
2912,2023-05-02 07:00:00,511.99639977598844
2913,2023-05-02 08:00:00,453.1836961875583
2914,2023-05-02 09:00:00,533.8202497018173
2915,2023-05-02 10:00:00,528.4217910035528
2916,2023-05-02 11:00:00,479.17155961282873
2917,2023-05-02 12:00:00,512.6540843182175
2918,2023-05-02 13:00:00,501.2951119333146
2919,2023-05-02 14:00:00,449.5784102130251
2920,2023-05-02 15:00:00,480.8435365822109
2921,2023-05-02 16:00:00,498.68864792635594
2922,2023-05-02 17:00:00,520.7607926441831
2923,2023-05-02 18:00:00,390.4026714851568
2924,2023-05-02 19:00:00,433.2100539374639
2925,2023-05-02 20:00:00,443.7557196262857
2926,2023-05-02 21:00:00,477.2080117183276
2927,2023-05-02 22:00:00,452.70369388179057
2928,2023-05-02 23:00:00,456.3766169088514
2929,2023-05-03 00:00:00,415.94009463509883
2930,2023-05-03 01:00:00,474.3125732155199
2931,2023-05-03 02:00:00,500.4793567710944
2932,2023-05-03 03:00:00,496.00694855685424
2933,2023-05-03 04:00:00,521.8427648046107
2934,2023-05-03 05:00:00,497.5034559956613
2935,2023-05-03 06:00:00,494.3413401952886
2936,2023-05-03 07:00:00,508.13091808998115
2937,2023-05-03 08:00:00,474.6917907428608
2938,2023-05-03 09:00:00,499.10571478846686
2939,2023-05-03 10:00:00,467.5017911295508
2940,2023-05-03 11:00:00,476.5294576772025
2941,2023-05-03 12:00:00,500.2221924048518
2942,2023-05-03 13:00:00,472.6655270162334
2943,2023-05-03 14:00:00,440.9630819416142
2944,2023-05-03 15:00:00,510.10237416862924
2945,2023-05-03 16:00:00,498.7792543556906
2946,2023-05-03 17:00:00,389.15564390526214
2947,2023-05-03 18:00:00,453.612557102468
2948,2023-05-03 19:00:00,417.81886570590734
2949,2023-05-03 20:00:00,459.4896820181167
2950,2023-05-03 21:00:00,460.46829469810706
2951,2023-05-03 22:00:00,486.5090014381627
2952,2023-05-03 23:00:00,394.5696980495498
2953,2023-05-04 00:00:00,480.9029279005778
2954,2023-05-04 01:00:00,456.1782064994459
2955,2023-05-04 02:00:00,458.15182071259113
2956,2023-05-04 03:00:00,501.56912264062595
2957,2023-05-04 04:00:00,468.72569750199955
2958,2023-05-04 05:00:00,531.523332435426
2959,2023-05-04 06:00:00,479.97306816175075
2960,2023-05-04 07:00:00,516.152212633968
2961,2023-05-04 08:00:00,473.2184072649803
2962,2023-05-04 09:00:00,465.64415904970144
2963,2023-05-04 10:00:00,456.6086976985697
2964,2023-05-04 11:00:00,437.0219767883809
2965,2023-05-04 12:00:00,450.5424430913899
2966,2023-05-04 13:00:00,460.5040740358038
2967,2023-05-04 14:00:00,377.0772604584376
2968,2023-05-04 15:00:00,433.7680347661456
2969,2023-05-04 16:00:00,440.1154255327333
2970,2023-05-04 17:00:00,464.0912895431307
2971,2023-05-04 18:00:00,444.56101732834287
2972,2023-05-04 19:00:00,443.167294889579
2973,2023-05-04 20:00:00,466.0307917795474
2974,2023-05-04 21:00:00,395.32041647711867
2975,2023-05-04 22:00:00,474.1154352184845
2976,2023-05-04 23:00:00,464.7483185202474
2977,2023-05-05 00:00:00,481.27342721955137
2978,2023-05-05 01:00:00,438.8751011014268
2979,2023-05-05 02:00:00,510.2309999515656
2980,2023-05-05 03:00:00,499.84964517102424
2981,2023-05-05 04:00:00,451.43700923250856
2982,2023-05-05 05:00:00,494.0018050085596
2983,2023-05-05 06:00:00,541.4204068265577
2984,2023-05-05 07:00:00,477.4189906526989
2985,2023-05-05 08:00:00,527.0559492320015
2986,2023-05-05 09:00:00,477.8152209257613
2987,2023-05-05 10:00:00,528.1308604447589
2988,2023-05-05 11:00:00,476.60856232161007
2989,2023-05-05 12:00:00,439.068098684141
2990,2023-05-05 13:00:00,472.6657242674009
2991,2023-05-05 14:00:00,432.48966641083746
2992,2023-05-05 15:00:00,499.52682895686485
2993,2023-05-05 16:00:00,441.6131074577093
2994,2023-05-05 17:00:00,441.08749603611494
2995,2023-05-05 18:00:00,432.3485411164552
2996,2023-05-05 19:00:00,428.71402672092404
2997,2023-05-05 20:00:00,422.741613252332
2998,2023-05-05 21:00:00,507.6803462000414
2999,2023-05-05 22:00:00,491.90345012277646
3000,2023-05-05 23:00:00,428.03534417317996
3001,2023-05-06 00:00:00,466.31953178937624
3002,2023-05-06 01:00:00,506.7945382500511
3003,2023-05-06 02:00:00,467.27001190781016
3004,2023-05-06 03:00:00,515.9219938802628
3005,2023-05-06 04:00:00,503.0311588608178
3006,2023-05-06 05:00:00,492.4290806352458
3007,2023-05-06 06:00:00,441.1688636959552
3008,2023-05-06 07:00:00,469.66803997228703
3009,2023-05-06 08:00:00,507.0469027222781
3010,2023-05-06 09:00:00,461.3774606483894
3011,2023-05-06 10:00:00,435.1044189672491
3012,2023-05-06 11:00:00,461.1515486266811
3013,2023-05-06 12:00:00,476.57641357457436
3014,2023-05-06 13:00:00,499.95003981004214
3015,2023-05-06 14:00:00,471.9673397440115
3016,2023-05-06 15:00:00,469.467987904592
3017,2023-05-06 16:00:00,465.77120772055554
3018,2023-05-06 17:00:00,466.02886252814875
3019,2023-05-06 18:00:00,442.8875210552946
3020,2023-05-06 19:00:00,437.35800841872475
3021,2023-05-06 20:00:00,471.4078005325057
3022,2023-05-06 21:00:00,503.26548668084274
3023,2023-05-06 22:00:00,446.25936173849436
3024,2023-05-06 23:00:00,445.3439131840692
3025,2023-05-07 00:00:00,531.406547393869
3026,2023-05-07 01:00:00,452.9300197819075
3027,2023-05-07 02:00:00,460.05128131647416
3028,2023-05-07 03:00:00,489.9945395657648
3029,2023-05-07 04:00:00,529.6508022080677
3030,2023-05-07 05:00:00,508.92041348312796
3031,2023-05-07 06:00:00,474.84820057056334
3032,2023-05-07 07:00:00,473.391648828695
3033,2023-05-07 08:00:00,493.77914877783144
3034,2023-05-07 09:00:00,459.6212067919594
3035,2023-05-07 10:00:00,488.6517232077589
3036,2023-05-07 11:00:00,415.95944185091855
3037,2023-05-07 12:00:00,436.68543650834806
3038,2023-05-07 13:00:00,477.20183640217743
3039,2023-05-07 14:00:00,421.38411332939063
3040,2023-05-07 15:00:00,484.9300241019357
3041,2023-05-07 16:00:00,432.11264947275134
3042,2023-05-07 17:00:00,456.89260437699306
3043,2023-05-07 18:00:00,454.04860752938646
3044,2023-05-07 19:00:00,468.6846934797142
3045,2023-05-07 20:00:00,439.0431136844984
3046,2023-05-07 21:00:00,468.11745991422407
3047,2023-05-07 22:00:00,474.9971968499502
3048,2023-05-07 23:00:00,457.3646709451407
3049,2023-05-08 00:00:00,473.1625080730115
3050,2023-05-08 01:00:00,526.7871658883469
3051,2023-05-08 02:00:00,449.7861891529167
3052,2023-05-08 03:00:00,531.7461891474713
3053,2023-05-08 04:00:00,470.35432460602044
3054,2023-05-08 05:00:00,484.2903677916889
3055,2023-05-08 06:00:00,468.3521192230819
3056,2023-05-08 07:00:00,484.914805729039
3057,2023-05-08 08:00:00,498.6832444139002
3058,2023-05-08 09:00:00,450.2412845649905
3059,2023-05-08 10:00:00,485.5665963372535
3060,2023-05-08 11:00:00,421.83389713040077
3061,2023-05-08 12:00:00,462.0678234374969
3062,2023-05-08 13:00:00,484.3481645598544
3063,2023-05-08 14:00:00,447.15637127679713
3064,2023-05-08 15:00:00,496.6518354037678
3065,2023-05-08 16:00:00,443.12570362633244
3066,2023-05-08 17:00:00,418.4588162018513
3067,2023-05-08 18:00:00,433.123530682481
3068,2023-05-08 19:00:00,439.5480073196376
3069,2023-05-08 20:00:00,433.54650529225125
3070,2023-05-08 21:00:00,405.8125185409851
3071,2023-05-08 22:00:00,426.5766154942239
3072,2023-05-08 23:00:00,516.3746656986235
3073,2023-05-09 00:00:00,451.3530333117029
3074,2023-05-09 01:00:00,549.4642451830711
3075,2023-05-09 02:00:00,457.3855173933698
3076,2023-05-09 03:00:00,478.1012891321196
3077,2023-05-09 04:00:00,481.3124439540593
3078,2023-05-09 05:00:00,497.3198783697459
3079,2023-05-09 06:00:00,512.9880729373905
3080,2023-05-09 07:00:00,515.5779530217656
3081,2023-05-09 08:00:00,505.31908947798064
3082,2023-05-09 09:00:00,459.2029429806246
3083,2023-05-09 10:00:00,479.0556557977902
3084,2023-05-09 11:00:00,474.9885234292587
3085,2023-05-09 12:00:00,404.2573247237127
3086,2023-05-09 13:00:00,469.77888833866564
3087,2023-05-09 14:00:00,460.8297327853409
3088,2023-05-09 15:00:00,419.90373261051013
3089,2023-05-09 16:00:00,491.11092502760175
3090,2023-05-09 17:00:00,458.8950201497369
3091,2023-05-09 18:00:00,414.1973946162796
3092,2023-05-09 19:00:00,452.167089394734
3093,2023-05-09 20:00:00,452.46633496635195
3094,2023-05-09 21:00:00,473.6794408632705
3095,2023-05-09 22:00:00,450.9806855972139
3096,2023-05-09 23:00:00,403.8500830625134
3097,2023-05-10 00:00:00,457.4575671407197
3098,2023-05-10 01:00:00,467.4373965238145
3099,2023-05-10 02:00:00,479.73520298400774
3100,2023-05-10 03:00:00,495.29855311344494
3101,2023-05-10 04:00:00,410.4194515637242
3102,2023-05-10 05:00:00,458.4650890072735
3103,2023-05-10 06:00:00,506.1294952853114
3104,2023-05-10 07:00:00,464.5990906231056
3105,2023-05-10 08:00:00,480.6523353541835
3106,2023-05-10 09:00:00,465.49111459752135
3107,2023-05-10 10:00:00,435.17095868375156
3108,2023-05-10 11:00:00,502.257607023763
3109,2023-05-10 12:00:00,385.04389347330675
3110,2023-05-10 13:00:00,480.5814208021301
3111,2023-05-10 14:00:00,430.9351982891906
3112,2023-05-10 15:00:00,411.9354382114755
3113,2023-05-10 16:00:00,401.9798239497858
3114,2023-05-10 17:00:00,454.29103087988085
3115,2023-05-10 18:00:00,470.51362677769885
3116,2023-05-10 19:00:00,463.31075920529696
3117,2023-05-10 20:00:00,471.54398317995765
3118,2023-05-10 21:00:00,455.2360081116586
3119,2023-05-10 22:00:00,452.34783579029454
3120,2023-05-10 23:00:00,477.7468363334124
3121,2023-05-11 00:00:00,465.7300460750446
3122,2023-05-11 01:00:00,425.1878785204009
3123,2023-05-11 02:00:00,497.3149281984181
3124,2023-05-11 03:00:00,512.272564490823
3125,2023-05-11 04:00:00,582.1223905136242
3126,2023-05-11 05:00:00,512.5746678942301
3127,2023-05-11 06:00:00,461.2128106468782
3128,2023-05-11 07:00:00,431.68677591200037
3129,2023-05-11 08:00:00,470.91017778510013
3130,2023-05-11 09:00:00,505.1337555044143
3131,2023-05-11 10:00:00,466.7389675178691
3132,2023-05-11 11:00:00,499.26992521701027
3133,2023-05-11 12:00:00,475.4616975852888
3134,2023-05-11 13:00:00,482.7569591141591
3135,2023-05-11 14:00:00,457.2098578337287
3136,2023-05-11 15:00:00,399.7995000535352
3137,2023-05-11 16:00:00,386.866938491988
3138,2023-05-11 17:00:00,406.07296885140033
3139,2023-05-11 18:00:00,447.99908221920157
3140,2023-05-11 19:00:00,435.52325795277613
3141,2023-05-11 20:00:00,425.6634899189361
3142,2023-05-11 21:00:00,471.9984121009219
3143,2023-05-11 22:00:00,396.12136082450854
3144,2023-05-11 23:00:00,441.6548812337503
3145,2023-05-12 00:00:00,527.7718584484785
3146,2023-05-12 01:00:00,477.1619113712076
3147,2023-05-12 02:00:00,457.71255577267806
3148,2023-05-12 03:00:00,511.7541232260473
3149,2023-05-12 04:00:00,445.64314346902034
3150,2023-05-12 05:00:00,492.5815160281102
3151,2023-05-12 06:00:00,464.86325032464845
3152,2023-05-12 07:00:00,543.7513484377984
3153,2023-05-12 08:00:00,489.9563087475176
3154,2023-05-12 09:00:00,524.860585474304
3155,2023-05-12 10:00:00,489.9720620262103
3156,2023-05-12 11:00:00,441.1489824276836
3157,2023-05-12 12:00:00,476.25085637820627
3158,2023-05-12 13:00:00,447.54954605470203
3159,2023-05-12 14:00:00,404.1728597160238
3160,2023-05-12 15:00:00,375.6668209193549
3161,2023-05-12 16:00:00,433.2800847649255
3162,2023-05-12 17:00:00,420.2436664428815
3163,2023-05-12 18:00:00,384.0999121063426
3164,2023-05-12 19:00:00,440.7002527484766
3165,2023-05-12 20:00:00,429.67038135109937
3166,2023-05-12 21:00:00,376.83874282508884
3167,2023-05-12 22:00:00,422.00983715237385
3168,2023-05-12 23:00:00,516.1442770384056
3169,2023-05-13 00:00:00,440.44257457507416
3170,2023-05-13 01:00:00,451.79139362346973
3171,2023-05-13 02:00:00,426.06180341003073
3172,2023-05-13 03:00:00,473.1454028595561
3173,2023-05-13 04:00:00,481.68416863973584
3174,2023-05-13 05:00:00,485.4314997307016
3175,2023-05-13 06:00:00,470.63336584088586
3176,2023-05-13 07:00:00,470.9578047998436
3177,2023-05-13 08:00:00,459.1956865481486
3178,2023-05-13 09:00:00,485.3042155642871
3179,2023-05-13 10:00:00,427.00032951338676
3180,2023-05-13 11:00:00,403.87979088238166
3181,2023-05-13 12:00:00,483.67112308644084
3182,2023-05-13 13:00:00,522.4601533263402
3183,2023-05-13 14:00:00,472.7607540114654
3184,2023-05-13 15:00:00,443.1480187778359
3185,2023-05-13 16:00:00,419.112509358841
3186,2023-05-13 17:00:00,426.94371814535515
3187,2023-05-13 18:00:00,441.98978591017993
3188,2023-05-13 19:00:00,430.66273602435757
3189,2023-05-13 20:00:00,424.4333850364512
3190,2023-05-13 21:00:00,458.0093407178753
3191,2023-05-13 22:00:00,403.6346057855543
3192,2023-05-13 23:00:00,482.9385588769281
3193,2023-05-14 00:00:00,462.7011195950364
3194,2023-05-14 01:00:00,487.0258420147857
3195,2023-05-14 02:00:00,477.1371029584769
3196,2023-05-14 03:00:00,453.31770296342467
3197,2023-05-14 04:00:00,442.30695920868953
3198,2023-05-14 05:00:00,496.99325907772845
3199,2023-05-14 06:00:00,513.8439992047536
3200,2023-05-14 07:00:00,448.5686408919858
3201,2023-05-14 08:00:00,480.9841797238974
3202,2023-05-14 09:00:00,481.415303373069
3203,2023-05-14 10:00:00,464.4691548638807
3204,2023-05-14 11:00:00,426.72848197498354
3205,2023-05-14 12:00:00,456.77034469898905
3206,2023-05-14 13:00:00,433.35340955727264
3207,2023-05-14 14:00:00,444.38302961055484
3208,2023-05-14 15:00:00,441.0499375183954
3209,2023-05-14 16:00:00,462.7100375727112
3210,2023-05-14 17:00:00,449.55121394434
3211,2023-05-14 18:00:00,483.31984326937436
3212,2023-05-14 19:00:00,444.46007729690444
3213,2023-05-14 20:00:00,460.73536387703143
3214,2023-05-14 21:00:00,446.1548825891039
3215,2023-05-14 22:00:00,498.3841344732705
3216,2023-05-14 23:00:00,398.93767819669483
3217,2023-05-15 00:00:00,472.75712993554987
3218,2023-05-15 01:00:00,408.6749555962442
3219,2023-05-15 02:00:00,435.2136755176828
3220,2023-05-15 03:00:00,466.58285483812244
3221,2023-05-15 04:00:00,507.6541838256338
3222,2023-05-15 05:00:00,460.49329648813114
3223,2023-05-15 06:00:00,511.15530854067316
3224,2023-05-15 07:00:00,450.1227558452439
3225,2023-05-15 08:00:00,474.9316851241287
3226,2023-05-15 09:00:00,466.40624483273655
3227,2023-05-15 10:00:00,512.7793266125834
3228,2023-05-15 11:00:00,447.6609742506974
3229,2023-05-15 12:00:00,413.06373761297124
3230,2023-05-15 13:00:00,469.1781874483826
3231,2023-05-15 14:00:00,550.6450510386628
3232,2023-05-15 15:00:00,440.8903446431836
3233,2023-05-15 16:00:00,418.68088400851826
3234,2023-05-15 17:00:00,434.4399038265498
3235,2023-05-15 18:00:00,378.3754580870499
3236,2023-05-15 19:00:00,468.1395823127774
3237,2023-05-15 20:00:00,463.8517697268115
3238,2023-05-15 21:00:00,457.6759779376669
3239,2023-05-15 22:00:00,476.23321350320873
3240,2023-05-15 23:00:00,428.54179748025354
3241,2023-05-16 00:00:00,508.6811919871226
3242,2023-05-16 01:00:00,409.549964024529
3243,2023-05-16 02:00:00,485.42456097081475
3244,2023-05-16 03:00:00,513.63122683537
3245,2023-05-16 04:00:00,469.48871384958886
3246,2023-05-16 05:00:00,480.36530084977653
3247,2023-05-16 06:00:00,504.0411405882662
3248,2023-05-16 07:00:00,481.6295244710746
3249,2023-05-16 08:00:00,499.55093674578984
3250,2023-05-16 09:00:00,540.2542901542146
3251,2023-05-16 10:00:00,481.3046685415476
3252,2023-05-16 11:00:00,448.4039391490721
3253,2023-05-16 12:00:00,450.8281865979122
3254,2023-05-16 13:00:00,476.53032840043454
3255,2023-05-16 14:00:00,495.4148159980958
3256,2023-05-16 15:00:00,476.74809159773423
3257,2023-05-16 16:00:00,460.639045669914
3258,2023-05-16 17:00:00,399.4569567669547
3259,2023-05-16 18:00:00,424.7648828496393
3260,2023-05-16 19:00:00,448.7735417503894
3261,2023-05-16 20:00:00,404.54812914345354
3262,2023-05-16 21:00:00,451.9985872191186
3263,2023-05-16 22:00:00,420.26714344057234
3264,2023-05-16 23:00:00,455.2159075942385
3265,2023-05-17 00:00:00,425.3497940690067
3266,2023-05-17 01:00:00,450.89525872944415
3267,2023-05-17 02:00:00,464.6507139748338
3268,2023-05-17 03:00:00,469.92797660885253
3269,2023-05-17 04:00:00,486.7810516655211
3270,2023-05-17 05:00:00,547.1799256536035
3271,2023-05-17 06:00:00,529.6704809502058
3272,2023-05-17 07:00:00,538.1349991766858
3273,2023-05-17 08:00:00,478.0342657212128
3274,2023-05-17 09:00:00,453.4950749831511
3275,2023-05-17 10:00:00,445.58206621242
3276,2023-05-17 11:00:00,498.4517671568043
3277,2023-05-17 12:00:00,436.95830159240734
3278,2023-05-17 13:00:00,421.0086828038346
3279,2023-05-17 14:00:00,454.0432889964293
3280,2023-05-17 15:00:00,493.1149305645147
3281,2023-05-17 16:00:00,444.0878226115085
3282,2023-05-17 17:00:00,409.4644767376052
3283,2023-05-17 18:00:00,443.8213009127235
3284,2023-05-17 19:00:00,395.4061876570543
3285,2023-05-17 20:00:00,427.8990569478657
3286,2023-05-17 21:00:00,482.2007452538361
3287,2023-05-17 22:00:00,425.57415307999986
3288,2023-05-17 23:00:00,474.7274160270904
3289,2023-05-18 00:00:00,409.72260811540053
3290,2023-05-18 01:00:00,433.17957746214705
3291,2023-05-18 02:00:00,532.8330011072852
3292,2023-05-18 03:00:00,468.3120129657205
3293,2023-05-18 04:00:00,480.61367299979247
3294,2023-05-18 05:00:00,536.1748302719898
3295,2023-05-18 06:00:00,457.6428217602088
3296,2023-05-18 07:00:00,511.46018060033
3297,2023-05-18 08:00:00,480.77870361743936
3298,2023-05-18 09:00:00,408.1005311259893
3299,2023-05-18 10:00:00,487.30085483469895
3300,2023-05-18 11:00:00,457.1093047861581
3301,2023-05-18 12:00:00,484.4585990711596
3302,2023-05-18 13:00:00,487.1584803481548
3303,2023-05-18 14:00:00,460.22404268306025
3304,2023-05-18 15:00:00,430.8894770976223
3305,2023-05-18 16:00:00,363.5487301053073
3306,2023-05-18 17:00:00,442.5836560692553
3307,2023-05-18 18:00:00,431.65120401939765
3308,2023-05-18 19:00:00,436.96936617891856
3309,2023-05-18 20:00:00,411.94571790633205
3310,2023-05-18 21:00:00,426.61306015578964
3311,2023-05-18 22:00:00,417.9001282563846
3312,2023-05-18 23:00:00,424.93317617741934
3313,2023-05-19 00:00:00,436.65607452442225
3314,2023-05-19 01:00:00,497.35329961669277
3315,2023-05-19 02:00:00,485.0688701446938
3316,2023-05-19 03:00:00,448.10858548594945
3317,2023-05-19 04:00:00,507.76458548614005
3318,2023-05-19 05:00:00,505.01381450203303
3319,2023-05-19 06:00:00,475.72874989538155
3320,2023-05-19 07:00:00,496.25323762323757
3321,2023-05-19 08:00:00,482.969351393816
3322,2023-05-19 09:00:00,493.6857168171153
3323,2023-05-19 10:00:00,505.59330053844286
3324,2023-05-19 11:00:00,454.52187402588265
3325,2023-05-19 12:00:00,463.8202548258501
3326,2023-05-19 13:00:00,453.54372677173774
3327,2023-05-19 14:00:00,425.0292271669273
3328,2023-05-19 15:00:00,472.29955079953004
3329,2023-05-19 16:00:00,403.96633747093125
3330,2023-05-19 17:00:00,449.07555289479404
3331,2023-05-19 18:00:00,465.6991381614816
3332,2023-05-19 19:00:00,418.98797691328383
3333,2023-05-19 20:00:00,412.6294164204677
3334,2023-05-19 21:00:00,384.64853494646127
3335,2023-05-19 22:00:00,405.2767325971982
3336,2023-05-19 23:00:00,419.95681565924343
3337,2023-05-20 00:00:00,438.16701097893554
3338,2023-05-20 01:00:00,449.977797309935
3339,2023-05-20 02:00:00,434.52813637612337
3340,2023-05-20 03:00:00,532.4631005034022
3341,2023-05-20 04:00:00,492.4355316065374
3342,2023-05-20 05:00:00,466.42483627327323
3343,2023-05-20 06:00:00,455.19160717762145
3344,2023-05-20 07:00:00,490.4112416264696
3345,2023-05-20 08:00:00,509.2051096154441
3346,2023-05-20 09:00:00,467.7825423586616
3347,2023-05-20 10:00:00,441.2852979968574
3348,2023-05-20 11:00:00,457.6789877626208
3349,2023-05-20 12:00:00,445.9917246512353
3350,2023-05-20 13:00:00,422.16188769833525
3351,2023-05-20 14:00:00,413.2584781049191
3352,2023-05-20 15:00:00,411.9395760638423
3353,2023-05-20 16:00:00,411.88550835498955
3354,2023-05-20 17:00:00,421.5127241900947
3355,2023-05-20 18:00:00,426.36055408391906
3356,2023-05-20 19:00:00,440.8024860356826
3357,2023-05-20 20:00:00,412.4023535122097
3358,2023-05-20 21:00:00,410.74938430582057
3359,2023-05-20 22:00:00,455.718197772881
3360,2023-05-20 23:00:00,448.5352180182841
3361,2023-05-21 00:00:00,447.4503696884965
3362,2023-05-21 01:00:00,466.3244779057842
3363,2023-05-21 02:00:00,483.7554930383873
3364,2023-05-21 03:00:00,478.90987017414204
3365,2023-05-21 04:00:00,450.4872623059233
3366,2023-05-21 05:00:00,492.2151877733432
3367,2023-05-21 06:00:00,434.58158955155375
3368,2023-05-21 07:00:00,497.37915945219436
3369,2023-05-21 08:00:00,438.01150649147445
3370,2023-05-21 09:00:00,473.92252706087356
3371,2023-05-21 10:00:00,448.92801306741563
3372,2023-05-21 11:00:00,492.5934860549279
3373,2023-05-21 12:00:00,441.6625261913704
3374,2023-05-21 13:00:00,471.46128330383465
3375,2023-05-21 14:00:00,463.6541552985017
3376,2023-05-21 15:00:00,416.82392764433445
3377,2023-05-21 16:00:00,397.19146501725737
3378,2023-05-21 17:00:00,384.2151977986702
3379,2023-05-21 18:00:00,391.59617622967403
3380,2023-05-21 19:00:00,436.3303232731793
3381,2023-05-21 20:00:00,445.33740940500246
3382,2023-05-21 21:00:00,423.0031791768131
3383,2023-05-21 22:00:00,426.9882256171598
3384,2023-05-21 23:00:00,422.20142778377146
3385,2023-05-22 00:00:00,457.37359701026264
3386,2023-05-22 01:00:00,409.27575132063583
3387,2023-05-22 02:00:00,491.341495836559
3388,2023-05-22 03:00:00,441.53855189053075
3389,2023-05-22 04:00:00,501.1684773969511
3390,2023-05-22 05:00:00,468.78009116550237
3391,2023-05-22 06:00:00,445.07245493505746
3392,2023-05-22 07:00:00,438.87713270486046
3393,2023-05-22 08:00:00,460.63236225266036
3394,2023-05-22 09:00:00,444.78365694472967
3395,2023-05-22 10:00:00,476.8695910738152
3396,2023-05-22 11:00:00,459.0641681377202
3397,2023-05-22 12:00:00,385.0060490027084
3398,2023-05-22 13:00:00,455.8473774601394
3399,2023-05-22 14:00:00,452.1088658430963
3400,2023-05-22 15:00:00,381.18872082651984
3401,2023-05-22 16:00:00,437.61188365365115
3402,2023-05-22 17:00:00,410.23705229860906
3403,2023-05-22 18:00:00,395.35816253480806
3404,2023-05-22 19:00:00,397.07585791821134
3405,2023-05-22 20:00:00,434.19622943932717
3406,2023-05-22 21:00:00,483.5752230025709
3407,2023-05-22 22:00:00,420.33090959686456
3408,2023-05-22 23:00:00,460.00939796173327
3409,2023-05-23 00:00:00,428.09332763539044
3410,2023-05-23 01:00:00,417.1760220689165
3411,2023-05-23 02:00:00,466.32853422625476
3412,2023-05-23 03:00:00,430.0432469854661
3413,2023-05-23 04:00:00,443.9391420118183
3414,2023-05-23 05:00:00,517.4117818239193
3415,2023-05-23 06:00:00,505.1444534679424
3416,2023-05-23 07:00:00,417.0420768413044
3417,2023-05-23 08:00:00,454.5650302822483
3418,2023-05-23 09:00:00,411.9970874280698
3419,2023-05-23 10:00:00,441.1020784004372
3420,2023-05-23 11:00:00,465.513280843528
3421,2023-05-23 12:00:00,405.43959798169055
3422,2023-05-23 13:00:00,429.0868074723578
3423,2023-05-23 14:00:00,403.5648565820923
3424,2023-05-23 15:00:00,375.8918079177444
3425,2023-05-23 16:00:00,409.2183343021251
3426,2023-05-23 17:00:00,382.0603476270198
3427,2023-05-23 18:00:00,379.3711614578077
3428,2023-05-23 19:00:00,400.4099541122009
3429,2023-05-23 20:00:00,426.80007556560764
3430,2023-05-23 21:00:00,415.3976174803335
3431,2023-05-23 22:00:00,487.1027057779661
3432,2023-05-23 23:00:00,446.88352819547265
3433,2023-05-24 00:00:00,378.1906364999693
3434,2023-05-24 01:00:00,451.14568024610315
3435,2023-05-24 02:00:00,465.85768327243346
3436,2023-05-24 03:00:00,459.64343405716346
3437,2023-05-24 04:00:00,451.0170179022044
3438,2023-05-24 05:00:00,452.00394988001614
3439,2023-05-24 06:00:00,394.22501732961723
3440,2023-05-24 07:00:00,485.50462916597274
3441,2023-05-24 08:00:00,514.381552798112
3442,2023-05-24 09:00:00,446.2129884702472
3443,2023-05-24 10:00:00,450.4663039671595
3444,2023-05-24 11:00:00,388.93201146837396
3445,2023-05-24 12:00:00,455.43559850535087
3446,2023-05-24 13:00:00,403.1370388183881
3447,2023-05-24 14:00:00,383.40190552414447
3448,2023-05-24 15:00:00,433.82463710039616
3449,2023-05-24 16:00:00,407.51586413615473
3450,2023-05-24 17:00:00,457.7168852711874
3451,2023-05-24 18:00:00,455.3876141827682
3452,2023-05-24 19:00:00,458.4314982824388
3453,2023-05-24 20:00:00,418.6039857438678
3454,2023-05-24 21:00:00,378.1011112518354
3455,2023-05-24 22:00:00,459.9734920887842
3456,2023-05-24 23:00:00,457.60781742991827
3457,2023-05-25 00:00:00,463.7236885234179
3458,2023-05-25 01:00:00,445.939104115938
3459,2023-05-25 02:00:00,454.8808723201484
3460,2023-05-25 03:00:00,477.7146343215553
3461,2023-05-25 04:00:00,436.1922690490334
3462,2023-05-25 05:00:00,489.94018327378234
3463,2023-05-25 06:00:00,439.0353484711915
3464,2023-05-25 07:00:00,489.1274390517663
3465,2023-05-25 08:00:00,508.7280855805571
3466,2023-05-25 09:00:00,417.13282098479783
3467,2023-05-25 10:00:00,496.75145856598374
3468,2023-05-25 11:00:00,420.5643316773978
3469,2023-05-25 12:00:00,473.55367939665047
3470,2023-05-25 13:00:00,446.0108612182718
3471,2023-05-25 14:00:00,411.82026344270423
3472,2023-05-25 15:00:00,448.63809298376964
3473,2023-05-25 16:00:00,442.1724147594219
3474,2023-05-25 17:00:00,396.3043922258169
3475,2023-05-25 18:00:00,401.7119247486407
3476,2023-05-25 19:00:00,460.73417733848333
3477,2023-05-25 20:00:00,448.9003509976574
3478,2023-05-25 21:00:00,467.7001965265603
3479,2023-05-25 22:00:00,436.6475478381195
3480,2023-05-25 23:00:00,485.879208458413
3481,2023-05-26 00:00:00,445.9712337550769
3482,2023-05-26 01:00:00,415.23391141040537
3483,2023-05-26 02:00:00,459.04235546310906
3484,2023-05-26 03:00:00,488.0035682323115
3485,2023-05-26 04:00:00,467.6681665231302
3486,2023-05-26 05:00:00,440.48136812417596
3487,2023-05-26 06:00:00,534.6803173232844
3488,2023-05-26 07:00:00,469.6797960540304
3489,2023-05-26 08:00:00,423.36840736381623
3490,2023-05-26 09:00:00,451.8231437278268
3491,2023-05-26 10:00:00,498.4138654635494
3492,2023-05-26 11:00:00,456.8937330878001
3493,2023-05-26 12:00:00,440.84536976614413
3494,2023-05-26 13:00:00,420.23352340400476
3495,2023-05-26 14:00:00,441.56966628661496
3496,2023-05-26 15:00:00,416.4886089665392
3497,2023-05-26 16:00:00,402.69149455303034
3498,2023-05-26 17:00:00,417.50225010914164
3499,2023-05-26 18:00:00,412.18467275001797
3500,2023-05-26 19:00:00,453.82174688867053
3501,2023-05-26 20:00:00,412.3545240596423
3502,2023-05-26 21:00:00,451.1451544852923
3503,2023-05-26 22:00:00,416.1701605430023
3504,2023-05-26 23:00:00,479.11371471059124
3505,2023-05-27 00:00:00,375.91861996508044
3506,2023-05-27 01:00:00,408.8223187648278
3507,2023-05-27 02:00:00,485.97566519463265
3508,2023-05-27 03:00:00,422.49244892786015
3509,2023-05-27 04:00:00,457.03792985115643
3510,2023-05-27 05:00:00,470.26355060427255
3511,2023-05-27 06:00:00,420.84403600029464
3512,2023-05-27 07:00:00,477.9515251576516
3513,2023-05-27 08:00:00,458.0567873050677
3514,2023-05-27 09:00:00,445.1126423350106
3515,2023-05-27 10:00:00,436.08118484121115
3516,2023-05-27 11:00:00,453.37085347434004
3517,2023-05-27 12:00:00,460.5285118011542
3518,2023-05-27 13:00:00,405.5787500451282
3519,2023-05-27 14:00:00,411.6214977942204
3520,2023-05-27 15:00:00,400.57672878823286
3521,2023-05-27 16:00:00,425.5163329579328
3522,2023-05-27 17:00:00,389.22600547142457
3523,2023-05-27 18:00:00,450.7554729627273
3524,2023-05-27 19:00:00,435.9757692887208
3525,2023-05-27 20:00:00,409.78246248106615
3526,2023-05-27 21:00:00,446.33602947389625
3527,2023-05-27 22:00:00,391.0638093630314
3528,2023-05-27 23:00:00,440.8542029485708
3529,2023-05-28 00:00:00,440.34587737169784
3530,2023-05-28 01:00:00,493.63814708654456
3531,2023-05-28 02:00:00,399.775059737009
3532,2023-05-28 03:00:00,472.62782252836945
3533,2023-05-28 04:00:00,456.9973702335841
3534,2023-05-28 05:00:00,522.454619369676
3535,2023-05-28 06:00:00,497.8695338471295
3536,2023-05-28 07:00:00,465.27876558204383
3537,2023-05-28 08:00:00,457.5870626977853
3538,2023-05-28 09:00:00,483.05569002095837
3539,2023-05-28 10:00:00,471.2132819724799
3540,2023-05-28 11:00:00,458.7348715089245
3541,2023-05-28 12:00:00,429.77300846688763
3542,2023-05-28 13:00:00,452.02259714324146
3543,2023-05-28 14:00:00,465.83930873130015
3544,2023-05-28 15:00:00,441.0662258842654
3545,2023-05-28 16:00:00,409.3219856296859
3546,2023-05-28 17:00:00,414.7349471661757
3547,2023-05-28 18:00:00,388.69612868261464
3548,2023-05-28 19:00:00,427.551116038482
3549,2023-05-28 20:00:00,441.6151965158608
3550,2023-05-28 21:00:00,389.51791642817
3551,2023-05-28 22:00:00,481.5698977812315
3552,2023-05-28 23:00:00,450.57453951354444
3553,2023-05-29 00:00:00,456.6744438029407
3554,2023-05-29 01:00:00,432.12410687111293
3555,2023-05-29 02:00:00,455.16449867841527
3556,2023-05-29 03:00:00,451.5767794361169
3557,2023-05-29 04:00:00,479.49690034489487
3558,2023-05-29 05:00:00,380.6153001945995
3559,2023-05-29 06:00:00,500.3116370808739
3560,2023-05-29 07:00:00,453.3534464206539
3561,2023-05-29 08:00:00,435.18910803093104
3562,2023-05-29 09:00:00,488.1723539707694
3563,2023-05-29 10:00:00,478.54910269234847
3564,2023-05-29 11:00:00,423.43065390023213
3565,2023-05-29 12:00:00,454.6873601774605
3566,2023-05-29 13:00:00,435.867935397049
3567,2023-05-29 14:00:00,408.2439927681495
3568,2023-05-29 15:00:00,434.4073941396473
3569,2023-05-29 16:00:00,388.7538002670644
3570,2023-05-29 17:00:00,426.66010772102067
3571,2023-05-29 18:00:00,423.66909659449175
3572,2023-05-29 19:00:00,366.8699342938256
3573,2023-05-29 20:00:00,415.14385187278407
3574,2023-05-29 21:00:00,407.43073406476867
3575,2023-05-29 22:00:00,421.7109288077165
3576,2023-05-29 23:00:00,419.75438949934124
3577,2023-05-30 00:00:00,408.5662834631911
3578,2023-05-30 01:00:00,486.76500965448054
3579,2023-05-30 02:00:00,451.56988638526553
3580,2023-05-30 03:00:00,453.7090234835159
3581,2023-05-30 04:00:00,483.47461815718424
3582,2023-05-30 05:00:00,470.5382996250652
3583,2023-05-30 06:00:00,453.40226688190074
3584,2023-05-30 07:00:00,485.48034410650394
3585,2023-05-30 08:00:00,427.37296020807736
3586,2023-05-30 09:00:00,465.25048006893974
3587,2023-05-30 10:00:00,471.18385043266267
3588,2023-05-30 11:00:00,436.24324003610565
3589,2023-05-30 12:00:00,399.16368681133906
3590,2023-05-30 13:00:00,415.274363038149
3591,2023-05-30 14:00:00,457.4287455082225
3592,2023-05-30 15:00:00,421.10893322965086
3593,2023-05-30 16:00:00,426.29534203983167
3594,2023-05-30 17:00:00,461.2222544861599
3595,2023-05-30 18:00:00,416.5979405900287
3596,2023-05-30 19:00:00,455.53683058269695
3597,2023-05-30 20:00:00,442.4667093953484
3598,2023-05-30 21:00:00,438.389783248722
3599,2023-05-30 22:00:00,443.80038114038973
3600,2023-05-30 23:00:00,458.21274041998447
3601,2023-05-31 00:00:00,404.6153979951624
3602,2023-05-31 01:00:00,444.43097448932264
3603,2023-05-31 02:00:00,506.4989621222569
3604,2023-05-31 03:00:00,402.3227909511947
3605,2023-05-31 04:00:00,448.72221776843634
3606,2023-05-31 05:00:00,480.8047016763189
3607,2023-05-31 06:00:00,428.4251775841989
3608,2023-05-31 07:00:00,448.6519134035409
3609,2023-05-31 08:00:00,486.3993932278385
3610,2023-05-31 09:00:00,429.6924328018696
3611,2023-05-31 10:00:00,507.9596238202247
3612,2023-05-31 11:00:00,477.2009418254603
3613,2023-05-31 12:00:00,464.3461409618254
3614,2023-05-31 13:00:00,427.7157900040306
3615,2023-05-31 14:00:00,456.38673417537257
3616,2023-05-31 15:00:00,479.0835562105794
3617,2023-05-31 16:00:00,389.4165170006003
3618,2023-05-31 17:00:00,393.6824870683006
3619,2023-05-31 18:00:00,366.6857800169456
3620,2023-05-31 19:00:00,449.1953575657787
3621,2023-05-31 20:00:00,406.8578838668044
3622,2023-05-31 21:00:00,501.36574844198566
3623,2023-05-31 22:00:00,459.6783754228594
3624,2023-05-31 23:00:00,473.2544498561127
3625,2023-06-01 00:00:00,374.4342019478347
3626,2023-06-01 01:00:00,463.4331176001877
3627,2023-06-01 02:00:00,441.8189803298708
3628,2023-06-01 03:00:00,458.46048886237156
3629,2023-06-01 04:00:00,487.3788327588466
3630,2023-06-01 05:00:00,441.8454160002363
3631,2023-06-01 06:00:00,453.4563664905345
3632,2023-06-01 07:00:00,458.11855061038796
3633,2023-06-01 08:00:00,469.53089493995975
3634,2023-06-01 09:00:00,446.77791964635054
3635,2023-06-01 10:00:00,397.1726254696251
3636,2023-06-01 11:00:00,487.0403587017995
3637,2023-06-01 12:00:00,431.74146459924407
3638,2023-06-01 13:00:00,381.4171155773057
3639,2023-06-01 14:00:00,402.58255590817225
3640,2023-06-01 15:00:00,362.8060700534504
3641,2023-06-01 16:00:00,416.8093164787058
3642,2023-06-01 17:00:00,421.85085025972035
3643,2023-06-01 18:00:00,416.6328601662564
3644,2023-06-01 19:00:00,427.1550383631834
3645,2023-06-01 20:00:00,428.108427283171
3646,2023-06-01 21:00:00,383.74995178973165
3647,2023-06-01 22:00:00,412.83833175010625
3648,2023-06-01 23:00:00,485.20488932061374
3649,2023-06-02 00:00:00,445.01381976936347
3650,2023-06-02 01:00:00,445.1801663204984
3651,2023-06-02 02:00:00,449.3461821884226
3652,2023-06-02 03:00:00,418.254205726166
3653,2023-06-02 04:00:00,511.1472824894672
3654,2023-06-02 05:00:00,468.7540073298876
3655,2023-06-02 06:00:00,487.2899286720624
3656,2023-06-02 07:00:00,478.63986813458234
3657,2023-06-02 08:00:00,425.1835301316842
3658,2023-06-02 09:00:00,474.0099888342515
3659,2023-06-02 10:00:00,421.11355201394736
3660,2023-06-02 11:00:00,422.4253933686242
3661,2023-06-02 12:00:00,473.22230690193595
3662,2023-06-02 13:00:00,435.3714935110395
3663,2023-06-02 14:00:00,413.8117806233389
3664,2023-06-02 15:00:00,368.8626580035462
3665,2023-06-02 16:00:00,392.9828297300798
3666,2023-06-02 17:00:00,461.91640312388705
3667,2023-06-02 18:00:00,386.59459326003406
3668,2023-06-02 19:00:00,469.4813219603061
3669,2023-06-02 20:00:00,391.6537697773052
3670,2023-06-02 21:00:00,460.47877706195675
3671,2023-06-02 22:00:00,449.09574100726604
3672,2023-06-02 23:00:00,444.4535733021809
3673,2023-06-03 00:00:00,439.9326838674248
3674,2023-06-03 01:00:00,444.5872976637106
3675,2023-06-03 02:00:00,417.71071925684817
3676,2023-06-03 03:00:00,417.47059494836174
3677,2023-06-03 04:00:00,421.4677217221843
3678,2023-06-03 05:00:00,492.6458648538907
3679,2023-06-03 06:00:00,470.4187784196473
3680,2023-06-03 07:00:00,470.5184126183056
3681,2023-06-03 08:00:00,401.78582686801417
3682,2023-06-03 09:00:00,400.3738083862498
3683,2023-06-03 10:00:00,415.2175323060167
3684,2023-06-03 11:00:00,434.5447956780467
3685,2023-06-03 12:00:00,476.4494356925701
3686,2023-06-03 13:00:00,439.91923186929614
3687,2023-06-03 14:00:00,425.4642105030787
3688,2023-06-03 15:00:00,335.1609749085647
3689,2023-06-03 16:00:00,414.9422370129105
3690,2023-06-03 17:00:00,407.24350575232336
3691,2023-06-03 18:00:00,370.4567912674762
3692,2023-06-03 19:00:00,411.7818624760324
3693,2023-06-03 20:00:00,441.37334522815513
3694,2023-06-03 21:00:00,409.90714628455294
3695,2023-06-03 22:00:00,457.3640105650635
3696,2023-06-03 23:00:00,428.9425824201592
3697,2023-06-04 00:00:00,504.15041280386026
3698,2023-06-04 01:00:00,483.37034243351025
3699,2023-06-04 02:00:00,529.550737136981
3700,2023-06-04 03:00:00,499.2733979286682
3701,2023-06-04 04:00:00,432.671554130553
3702,2023-06-04 05:00:00,445.35426824991146
3703,2023-06-04 06:00:00,485.9119803014494
3704,2023-06-04 07:00:00,510.3041938348401
3705,2023-06-04 08:00:00,499.36636319186385
3706,2023-06-04 09:00:00,490.07434351558305
3707,2023-06-04 10:00:00,419.0604608225932
3708,2023-06-04 11:00:00,423.28873655653643
3709,2023-06-04 12:00:00,446.8889801216044
3710,2023-06-04 13:00:00,425.0918072860142
3711,2023-06-04 14:00:00,423.05111047235175
3712,2023-06-04 15:00:00,443.0293944566558
3713,2023-06-04 16:00:00,396.8006869347485
3714,2023-06-04 17:00:00,346.7622208361188
3715,2023-06-04 18:00:00,375.08881516417387
3716,2023-06-04 19:00:00,388.03861535721546
3717,2023-06-04 20:00:00,389.3706796472774
3718,2023-06-04 21:00:00,430.2856225046126
3719,2023-06-04 22:00:00,402.72321945183296
3720,2023-06-04 23:00:00,428.5457664842895
3721,2023-06-05 00:00:00,451.7116040332126
3722,2023-06-05 01:00:00,492.56186268444435
3723,2023-06-05 02:00:00,429.55621898099525
3724,2023-06-05 03:00:00,450.40757680683066
3725,2023-06-05 04:00:00,454.16423603301575
3726,2023-06-05 05:00:00,427.76274808164527
3727,2023-06-05 06:00:00,455.72441606282933
3728,2023-06-05 07:00:00,426.2820884569229
3729,2023-06-05 08:00:00,478.7002999513394
3730,2023-06-05 09:00:00,471.17180275397715
3731,2023-06-05 10:00:00,378.963452608827
3732,2023-06-05 11:00:00,382.79201061643215
3733,2023-06-05 12:00:00,448.9437317013199
3734,2023-06-05 13:00:00,457.2147140466648
3735,2023-06-05 14:00:00,451.17618693893843
3736,2023-06-05 15:00:00,418.50909253559456
3737,2023-06-05 16:00:00,423.9820309408575
3738,2023-06-05 17:00:00,407.9917135887888
3739,2023-06-05 18:00:00,388.9052287407322
3740,2023-06-05 19:00:00,399.7437084064385
3741,2023-06-05 20:00:00,465.8061375646255
3742,2023-06-05 21:00:00,446.3829540333872
3743,2023-06-05 22:00:00,481.2119677455615
3744,2023-06-05 23:00:00,459.64580230112296
3745,2023-06-06 00:00:00,421.17262195729995
3746,2023-06-06 01:00:00,424.17694020218335
3747,2023-06-06 02:00:00,397.837371015761
3748,2023-06-06 03:00:00,443.57866641458764
3749,2023-06-06 04:00:00,515.2545995409783
3750,2023-06-06 05:00:00,419.19619682979095
3751,2023-06-06 06:00:00,505.89428062788966
3752,2023-06-06 07:00:00,471.0622978057752
3753,2023-06-06 08:00:00,424.3751097259082
3754,2023-06-06 09:00:00,389.64322638805686
3755,2023-06-06 10:00:00,386.2940930390132
3756,2023-06-06 11:00:00,393.0115498198453
3757,2023-06-06 12:00:00,460.2190705414647
3758,2023-06-06 13:00:00,455.21565956388423
3759,2023-06-06 14:00:00,423.07126549901665
3760,2023-06-06 15:00:00,380.1545526939915
3761,2023-06-06 16:00:00,421.8155955023934
3762,2023-06-06 17:00:00,414.2587856202598
3763,2023-06-06 18:00:00,406.8869018331518
3764,2023-06-06 19:00:00,389.59255382473276
3765,2023-06-06 20:00:00,470.35908502915356
3766,2023-06-06 21:00:00,402.26206949006377
3767,2023-06-06 22:00:00,412.24659111942714
3768,2023-06-06 23:00:00,443.57599943438646
3769,2023-06-07 00:00:00,454.3449881168947
3770,2023-06-07 01:00:00,452.8542961987645
3771,2023-06-07 02:00:00,461.80328359121114
3772,2023-06-07 03:00:00,350.90980173904563
3773,2023-06-07 04:00:00,462.9302839701071
3774,2023-06-07 05:00:00,500.9561296326656
3775,2023-06-07 06:00:00,432.0385617802814
3776,2023-06-07 07:00:00,445.83459193263724
3777,2023-06-07 08:00:00,488.12359695725627
3778,2023-06-07 09:00:00,443.2580295970075
3779,2023-06-07 10:00:00,467.61940334018755
3780,2023-06-07 11:00:00,440.7691142946622
3781,2023-06-07 12:00:00,450.25241948046755
3782,2023-06-07 13:00:00,466.4879386768014
3783,2023-06-07 14:00:00,444.78669658013087
3784,2023-06-07 15:00:00,420.07804052619326
3785,2023-06-07 16:00:00,422.38560769665133
3786,2023-06-07 17:00:00,431.02081763304193
3787,2023-06-07 18:00:00,401.4373744698558
3788,2023-06-07 19:00:00,401.35768960644015
3789,2023-06-07 20:00:00,416.7303595156085
3790,2023-06-07 21:00:00,416.54956983020196
3791,2023-06-07 22:00:00,382.64307295082693
3792,2023-06-07 23:00:00,429.5832709461816
3793,2023-06-08 00:00:00,435.5943210385416
3794,2023-06-08 01:00:00,477.60888727803285
3795,2023-06-08 02:00:00,431.04084540451265
3796,2023-06-08 03:00:00,466.8469962432951
3797,2023-06-08 04:00:00,434.3709553848939
3798,2023-06-08 05:00:00,433.26772647391397
3799,2023-06-08 06:00:00,424.3639622726496
3800,2023-06-08 07:00:00,458.65097418394265
3801,2023-06-08 08:00:00,447.25607019085015
3802,2023-06-08 09:00:00,381.01662338673657
3803,2023-06-08 10:00:00,437.2316966201135
3804,2023-06-08 11:00:00,459.67662215172237
3805,2023-06-08 12:00:00,397.4022254268815
3806,2023-06-08 13:00:00,408.3895642911801
3807,2023-06-08 14:00:00,470.11917556213984
3808,2023-06-08 15:00:00,385.2442715082469
3809,2023-06-08 16:00:00,426.5650568745419
3810,2023-06-08 17:00:00,400.54085556140006
3811,2023-06-08 18:00:00,392.55345570538856
3812,2023-06-08 19:00:00,433.02787919153553
3813,2023-06-08 20:00:00,410.3248618327276
3814,2023-06-08 21:00:00,456.55244506309924
3815,2023-06-08 22:00:00,364.4235386522798
3816,2023-06-08 23:00:00,441.99475074461026
3817,2023-06-09 00:00:00,439.3527552567604
3818,2023-06-09 01:00:00,468.31545451733876
3819,2023-06-09 02:00:00,422.73466349186236
3820,2023-06-09 03:00:00,444.54677646929247
3821,2023-06-09 04:00:00,462.36640175402596
3822,2023-06-09 05:00:00,438.9768453521764
3823,2023-06-09 06:00:00,445.07649265617425
3824,2023-06-09 07:00:00,397.37695322676876
3825,2023-06-09 08:00:00,439.4376771023924
3826,2023-06-09 09:00:00,516.6511353661695
3827,2023-06-09 10:00:00,470.340402935223
3828,2023-06-09 11:00:00,439.6442903993658
3829,2023-06-09 12:00:00,420.98536287923474
3830,2023-06-09 13:00:00,456.49479786139733
3831,2023-06-09 14:00:00,457.3999994357353
3832,2023-06-09 15:00:00,357.97006478803
3833,2023-06-09 16:00:00,412.6888051665927
3834,2023-06-09 17:00:00,419.0788673022611
3835,2023-06-09 18:00:00,415.2900518658415
3836,2023-06-09 19:00:00,395.87902430695357
3837,2023-06-09 20:00:00,460.3497668161568
3838,2023-06-09 21:00:00,407.8095758204022
3839,2023-06-09 22:00:00,415.9801629978718
3840,2023-06-09 23:00:00,403.0758250063442
3841,2023-06-10 00:00:00,468.5478741557086
3842,2023-06-10 01:00:00,432.0123942662375
3843,2023-06-10 02:00:00,471.9090352341916
3844,2023-06-10 03:00:00,446.4456058052062
3845,2023-06-10 04:00:00,426.83525397227857
3846,2023-06-10 05:00:00,451.62028198920484
3847,2023-06-10 06:00:00,472.38167289066354
3848,2023-06-10 07:00:00,446.2258473079108
3849,2023-06-10 08:00:00,441.51147067965235
3850,2023-06-10 09:00:00,446.1427226386145
3851,2023-06-10 10:00:00,484.37900299438866
3852,2023-06-10 11:00:00,537.3336326836484
3853,2023-06-10 12:00:00,381.6469564169251
3854,2023-06-10 13:00:00,407.5482265991763
3855,2023-06-10 14:00:00,420.1342643174125
3856,2023-06-10 15:00:00,459.1944788137126
3857,2023-06-10 16:00:00,383.83221463657316
3858,2023-06-10 17:00:00,367.8538255764197
3859,2023-06-10 18:00:00,383.1289770829064
3860,2023-06-10 19:00:00,399.66978647475287
3861,2023-06-10 20:00:00,402.70531394718887
3862,2023-06-10 21:00:00,467.2053511789552
3863,2023-06-10 22:00:00,391.0438462322089
3864,2023-06-10 23:00:00,417.24310691875866
3865,2023-06-11 00:00:00,424.0302169674104
3866,2023-06-11 01:00:00,388.7374647859787
3867,2023-06-11 02:00:00,445.1790140258287
3868,2023-06-11 03:00:00,447.1561109415108
3869,2023-06-11 04:00:00,470.0364956648089
3870,2023-06-11 05:00:00,466.4427234518406
3871,2023-06-11 06:00:00,458.86111250749366
3872,2023-06-11 07:00:00,442.55479934089914
3873,2023-06-11 08:00:00,447.480315267564
3874,2023-06-11 09:00:00,440.453400370093
3875,2023-06-11 10:00:00,427.38811557860004
3876,2023-06-11 11:00:00,463.7291013728758
3877,2023-06-11 12:00:00,411.1627525229768
3878,2023-06-11 13:00:00,438.7354708525902
3879,2023-06-11 14:00:00,396.17081119458385
3880,2023-06-11 15:00:00,395.37863892700085
3881,2023-06-11 16:00:00,427.882560607968
3882,2023-06-11 17:00:00,364.7918266508636
3883,2023-06-11 18:00:00,368.42311501704376
3884,2023-06-11 19:00:00,397.56436605624367
3885,2023-06-11 20:00:00,390.6647782485261
3886,2023-06-11 21:00:00,429.0264044770272
3887,2023-06-11 22:00:00,409.9948499133094
3888,2023-06-11 23:00:00,426.6245128587683
3889,2023-06-12 00:00:00,388.0436771949519
3890,2023-06-12 01:00:00,401.7207928683247
3891,2023-06-12 02:00:00,499.62219839491127
3892,2023-06-12 03:00:00,454.8234144486411
3893,2023-06-12 04:00:00,441.1819125848321
3894,2023-06-12 05:00:00,522.2671337702873
3895,2023-06-12 06:00:00,429.51716824283585
3896,2023-06-12 07:00:00,466.94882159216496
3897,2023-06-12 08:00:00,408.53852777647745
3898,2023-06-12 09:00:00,454.5614182854377
3899,2023-06-12 10:00:00,448.4048184072248
3900,2023-06-12 11:00:00,449.5644913004039
3901,2023-06-12 12:00:00,396.28657305957057
3902,2023-06-12 13:00:00,451.1243861290042
3903,2023-06-12 14:00:00,411.36541822866724
3904,2023-06-12 15:00:00,421.81133153733003
3905,2023-06-12 16:00:00,435.91502383876485
3906,2023-06-12 17:00:00,412.57006079395205
3907,2023-06-12 18:00:00,374.85219183091823
3908,2023-06-12 19:00:00,382.9690333308986
3909,2023-06-12 20:00:00,458.67779212930213
3910,2023-06-12 21:00:00,410.8939056587997
3911,2023-06-12 22:00:00,442.86436652064646
3912,2023-06-12 23:00:00,413.49451706858827
3913,2023-06-13 00:00:00,411.32957330009106
3914,2023-06-13 01:00:00,422.52562380786014
3915,2023-06-13 02:00:00,422.5256673690508
3916,2023-06-13 03:00:00,453.03301560176664
3917,2023-06-13 04:00:00,467.0661496514994
3918,2023-06-13 05:00:00,522.8409450827778
3919,2023-06-13 06:00:00,445.350203897163
3920,2023-06-13 07:00:00,462.13647656356153
3921,2023-06-13 08:00:00,419.8491867043626
3922,2023-06-13 09:00:00,470.0993335833335
3923,2023-06-13 10:00:00,478.51117651195614
3924,2023-06-13 11:00:00,431.8440138483872
3925,2023-06-13 12:00:00,413.00387285940803
3926,2023-06-13 13:00:00,420.18921742119534
3927,2023-06-13 14:00:00,439.3824748517525
3928,2023-06-13 15:00:00,386.45158808479465
3929,2023-06-13 16:00:00,470.89210236219975
3930,2023-06-13 17:00:00,364.1414834855433
3931,2023-06-13 18:00:00,383.5690971205309
3932,2023-06-13 19:00:00,392.3728079039777
3933,2023-06-13 20:00:00,424.0587058234163
3934,2023-06-13 21:00:00,442.3369052985754
3935,2023-06-13 22:00:00,431.87069544054685
3936,2023-06-13 23:00:00,431.74966319437215
3937,2023-06-14 00:00:00,411.9743177586282
3938,2023-06-14 01:00:00,436.36642792225206
3939,2023-06-14 02:00:00,425.07377657521016
3940,2023-06-14 03:00:00,450.22399894488825
3941,2023-06-14 04:00:00,478.2180771761429
3942,2023-06-14 05:00:00,435.28019297487754
3943,2023-06-14 06:00:00,444.7027033152709
3944,2023-06-14 07:00:00,459.2022493089552
3945,2023-06-14 08:00:00,462.9109286317608
3946,2023-06-14 09:00:00,396.7007666709911
3947,2023-06-14 10:00:00,469.908724096505
3948,2023-06-14 11:00:00,417.26880207698343
3949,2023-06-14 12:00:00,451.6569855711981
3950,2023-06-14 13:00:00,436.7321978464692
3951,2023-06-14 14:00:00,448.0168798762493
3952,2023-06-14 15:00:00,378.3779738091598
3953,2023-06-14 16:00:00,431.4601027247569
3954,2023-06-14 17:00:00,417.6881319564291
3955,2023-06-14 18:00:00,411.1689583496096
3956,2023-06-14 19:00:00,402.09051607569
3957,2023-06-14 20:00:00,427.47700743805075
3958,2023-06-14 21:00:00,418.65055881965094
3959,2023-06-14 22:00:00,412.28216434071544
3960,2023-06-14 23:00:00,413.4147186235664
3961,2023-06-15 00:00:00,431.5417803873893
3962,2023-06-15 01:00:00,436.4378217575521
3963,2023-06-15 02:00:00,462.82467423406683
3964,2023-06-15 03:00:00,422.9646478238637
3965,2023-06-15 04:00:00,411.2491176420278
3966,2023-06-15 05:00:00,434.55868938026435
3967,2023-06-15 06:00:00,427.9082429750907
3968,2023-06-15 07:00:00,470.9596602263261
3969,2023-06-15 08:00:00,478.66864722822135
3970,2023-06-15 09:00:00,459.321054734474
3971,2023-06-15 10:00:00,437.3629352954407
3972,2023-06-15 11:00:00,430.1248373322895
3973,2023-06-15 12:00:00,446.3238318407889
3974,2023-06-15 13:00:00,413.4056599287812
3975,2023-06-15 14:00:00,391.7639351406356
3976,2023-06-15 15:00:00,443.506916656564
3977,2023-06-15 16:00:00,404.4579688828881
3978,2023-06-15 17:00:00,397.8586295689318
3979,2023-06-15 18:00:00,404.54743960567293
3980,2023-06-15 19:00:00,409.1174454534381
3981,2023-06-15 20:00:00,393.055779254728
3982,2023-06-15 21:00:00,431.81197464532187
3983,2023-06-15 22:00:00,402.2398845206319
3984,2023-06-15 23:00:00,382.3499294053772
3985,2023-06-16 00:00:00,435.12540116879944
3986,2023-06-16 01:00:00,488.398698624095
3987,2023-06-16 02:00:00,444.1488358197434
3988,2023-06-16 03:00:00,375.50942739569405
3989,2023-06-16 04:00:00,468.1075877821793
3990,2023-06-16 05:00:00,452.43386057927137
3991,2023-06-16 06:00:00,439.9164342329532
3992,2023-06-16 07:00:00,454.18900195598627
3993,2023-06-16 08:00:00,457.07580447958486
3994,2023-06-16 09:00:00,457.6701119997567
3995,2023-06-16 10:00:00,468.522094507926
3996,2023-06-16 11:00:00,469.41697084389864
3997,2023-06-16 12:00:00,375.2106354802936
3998,2023-06-16 13:00:00,438.99304652603143
3999,2023-06-16 14:00:00,458.49189467622534
4000,2023-06-16 15:00:00,403.31900975042913
4001,2023-06-16 16:00:00,401.723284338908
4002,2023-06-16 17:00:00,393.2846957260418
4003,2023-06-16 18:00:00,328.87811173153625
4004,2023-06-16 19:00:00,407.479471145075
4005,2023-06-16 20:00:00,445.77144395467644
4006,2023-06-16 21:00:00,407.1726099230669
4007,2023-06-16 22:00:00,390.3779691045859
4008,2023-06-16 23:00:00,418.0526825077732
4009,2023-06-17 00:00:00,412.623901312223
4010,2023-06-17 01:00:00,367.4827882095096
4011,2023-06-17 02:00:00,414.5168127600671
4012,2023-06-17 03:00:00,459.8919575746282
4013,2023-06-17 04:00:00,468.94923201575966
4014,2023-06-17 05:00:00,478.3236332576988
4015,2023-06-17 06:00:00,441.86262338125584
4016,2023-06-17 07:00:00,460.61297556209695
4017,2023-06-17 08:00:00,456.2811965183841
4018,2023-06-17 09:00:00,460.79944538392834
4019,2023-06-17 10:00:00,400.5483449892602
4020,2023-06-17 11:00:00,452.15545027256866
4021,2023-06-17 12:00:00,394.44776025748064
4022,2023-06-17 13:00:00,395.0161246590304
4023,2023-06-17 14:00:00,403.9728977393848
4024,2023-06-17 15:00:00,442.08677880947994
4025,2023-06-17 16:00:00,456.17286607834194
4026,2023-06-17 17:00:00,381.8553178643184
4027,2023-06-17 18:00:00,430.74144937208877
4028,2023-06-17 19:00:00,366.5696760090386
4029,2023-06-17 20:00:00,394.344604979905
4030,2023-06-17 21:00:00,417.44019461273007
4031,2023-06-17 22:00:00,409.8625065423628
4032,2023-06-17 23:00:00,419.9397451291563
4033,2023-06-18 00:00:00,371.7286859377084
4034,2023-06-18 01:00:00,443.35948638179707
4035,2023-06-18 02:00:00,480.6604286270294
4036,2023-06-18 03:00:00,403.34032838812266
4037,2023-06-18 04:00:00,451.3693811558991
4038,2023-06-18 05:00:00,473.12218677951154
4039,2023-06-18 06:00:00,425.296326756832
4040,2023-06-18 07:00:00,428.8346928792186
4041,2023-06-18 08:00:00,461.8311143478252
4042,2023-06-18 09:00:00,507.61151139879826
4043,2023-06-18 10:00:00,430.90916734380306
4044,2023-06-18 11:00:00,437.119237281433
4045,2023-06-18 12:00:00,455.71962271887617
4046,2023-06-18 13:00:00,491.5461271498359
4047,2023-06-18 14:00:00,445.24210178221074
4048,2023-06-18 15:00:00,385.84873668066695
4049,2023-06-18 16:00:00,438.36035571797277
4050,2023-06-18 17:00:00,425.3283934844362
4051,2023-06-18 18:00:00,407.962192003596
4052,2023-06-18 19:00:00,441.3666597563451
4053,2023-06-18 20:00:00,359.2555248954071
4054,2023-06-18 21:00:00,428.18442164521014
4055,2023-06-18 22:00:00,482.56224134211504
4056,2023-06-18 23:00:00,425.60210907264457
4057,2023-06-19 00:00:00,404.2449430108541
4058,2023-06-19 01:00:00,364.7845888928981
4059,2023-06-19 02:00:00,429.84351592513235
4060,2023-06-19 03:00:00,419.79640779958936
4061,2023-06-19 04:00:00,455.8264789375272
4062,2023-06-19 05:00:00,473.378390791973
4063,2023-06-19 06:00:00,408.09608196885137
4064,2023-06-19 07:00:00,438.3888920548136
4065,2023-06-19 08:00:00,473.4914768921689
4066,2023-06-19 09:00:00,414.87284299698297
4067,2023-06-19 10:00:00,426.4465206984123
4068,2023-06-19 11:00:00,514.0067580283945
4069,2023-06-19 12:00:00,435.26393513669456
4070,2023-06-19 13:00:00,404.40008579221615
4071,2023-06-19 14:00:00,405.8200333528618
4072,2023-06-19 15:00:00,396.5264711003389
4073,2023-06-19 16:00:00,387.37144342094007
4074,2023-06-19 17:00:00,394.32428640408307
4075,2023-06-19 18:00:00,407.7376983366522
4076,2023-06-19 19:00:00,362.50504347095205
4077,2023-06-19 20:00:00,406.67958685586126
4078,2023-06-19 21:00:00,454.58862135231254
4079,2023-06-19 22:00:00,410.6286681340937
4080,2023-06-19 23:00:00,405.2985851970697
4081,2023-06-20 00:00:00,434.4930566909422
4082,2023-06-20 01:00:00,466.1409238858094
4083,2023-06-20 02:00:00,427.2000720391729
4084,2023-06-20 03:00:00,467.74887216042174
4085,2023-06-20 04:00:00,423.959457407839
4086,2023-06-20 05:00:00,402.08715320084127
4087,2023-06-20 06:00:00,470.6213917784369
4088,2023-06-20 07:00:00,475.4789027962259
4089,2023-06-20 08:00:00,466.78102246767827
4090,2023-06-20 09:00:00,410.17535490254295
4091,2023-06-20 10:00:00,451.33598970466727
4092,2023-06-20 11:00:00,433.62412739812066
4093,2023-06-20 12:00:00,379.1163128387468
4094,2023-06-20 13:00:00,421.10662162642086
4095,2023-06-20 14:00:00,412.618078621709
4096,2023-06-20 15:00:00,346.23128261559845
4097,2023-06-20 16:00:00,403.2374634614013
4098,2023-06-20 17:00:00,393.9732123424593
4099,2023-06-20 18:00:00,414.4654997663597
4100,2023-06-20 19:00:00,420.02349480706897
4101,2023-06-20 20:00:00,436.38658285247055
4102,2023-06-20 21:00:00,399.95143734415865
4103,2023-06-20 22:00:00,404.0592581159919
4104,2023-06-20 23:00:00,408.6287700408349
4105,2023-06-21 00:00:00,430.3624620622386
4106,2023-06-21 01:00:00,452.4848270781108
4107,2023-06-21 02:00:00,435.5449158923601
4108,2023-06-21 03:00:00,426.4444427203326
4109,2023-06-21 04:00:00,434.7148320236931
4110,2023-06-21 05:00:00,441.39122914519976
4111,2023-06-21 06:00:00,468.8086489047395
4112,2023-06-21 07:00:00,493.7932271851862
4113,2023-06-21 08:00:00,447.50529402450223
4114,2023-06-21 09:00:00,428.69645824371577
4115,2023-06-21 10:00:00,407.8484401442394
4116,2023-06-21 11:00:00,449.35409446414616
4117,2023-06-21 12:00:00,400.090165253342
4118,2023-06-21 13:00:00,419.0972754548959
4119,2023-06-21 14:00:00,405.4341355799029
4120,2023-06-21 15:00:00,432.07463355028125
4121,2023-06-21 16:00:00,376.7604404558886
4122,2023-06-21 17:00:00,435.9757061099116
4123,2023-06-21 18:00:00,377.8332177631577
4124,2023-06-21 19:00:00,374.3294694146256
4125,2023-06-21 20:00:00,462.18509100862786
4126,2023-06-21 21:00:00,384.06585379176875
4127,2023-06-21 22:00:00,419.77865733859153
4128,2023-06-21 23:00:00,441.0809156132154
4129,2023-06-22 00:00:00,413.29214408009193
4130,2023-06-22 01:00:00,401.56756250738295
4131,2023-06-22 02:00:00,417.0977525052663
4132,2023-06-22 03:00:00,452.98105440883734
4133,2023-06-22 04:00:00,444.1261194678697
4134,2023-06-22 05:00:00,486.04868955824924
4135,2023-06-22 06:00:00,408.88380531798373
4136,2023-06-22 07:00:00,454.66404612688444
4137,2023-06-22 08:00:00,488.00895952705196
4138,2023-06-22 09:00:00,427.35632270308315
4139,2023-06-22 10:00:00,422.5091269048357
4140,2023-06-22 11:00:00,475.6698603384459
4141,2023-06-22 12:00:00,422.7461394457013
4142,2023-06-22 13:00:00,459.3094267832299
4143,2023-06-22 14:00:00,442.03667241550687
4144,2023-06-22 15:00:00,420.6983038822324
4145,2023-06-22 16:00:00,379.09520013288994
4146,2023-06-22 17:00:00,403.30844527361506
4147,2023-06-22 18:00:00,399.6643556005232
4148,2023-06-22 19:00:00,425.27075186707066
4149,2023-06-22 20:00:00,417.5400502922305
4150,2023-06-22 21:00:00,393.4282533604811
4151,2023-06-22 22:00:00,388.5933614741302
4152,2023-06-22 23:00:00,427.3697089163744
4153,2023-06-23 00:00:00,430.6110237733124
4154,2023-06-23 01:00:00,452.67890804396166
4155,2023-06-23 02:00:00,404.0262409729471
4156,2023-06-23 03:00:00,463.4657062880537
4157,2023-06-23 04:00:00,461.5394249950656
4158,2023-06-23 05:00:00,472.80512049957264
4159,2023-06-23 06:00:00,466.16719290139264
4160,2023-06-23 07:00:00,454.36093779394275
4161,2023-06-23 08:00:00,461.5829444375116
4162,2023-06-23 09:00:00,473.4085670599728
4163,2023-06-23 10:00:00,468.694573584606
4164,2023-06-23 11:00:00,467.29493924348554
4165,2023-06-23 12:00:00,415.2696786769786
4166,2023-06-23 13:00:00,384.5633707776326
4167,2023-06-23 14:00:00,396.57089530343677
4168,2023-06-23 15:00:00,406.2668220844637
4169,2023-06-23 16:00:00,431.97826677440145
4170,2023-06-23 17:00:00,414.57663317720255
4171,2023-06-23 18:00:00,399.73714081837625
4172,2023-06-23 19:00:00,395.78413957730436
4173,2023-06-23 20:00:00,362.4254396584898
4174,2023-06-23 21:00:00,441.4294990984709
4175,2023-06-23 22:00:00,418.6869748675675
4176,2023-06-23 23:00:00,468.12354306559723
4177,2023-06-24 00:00:00,419.70452943338046
4178,2023-06-24 01:00:00,450.9996532865626
4179,2023-06-24 02:00:00,512.1156126846586
4180,2023-06-24 03:00:00,422.34398668570674
4181,2023-06-24 04:00:00,487.42243004522606
4182,2023-06-24 05:00:00,474.57496653622707
4183,2023-06-24 06:00:00,432.15350131535365
4184,2023-06-24 07:00:00,485.7418625877817
4185,2023-06-24 08:00:00,433.5591685345778
4186,2023-06-24 09:00:00,479.3826423979242
4187,2023-06-24 10:00:00,390.6607881672833
4188,2023-06-24 11:00:00,426.23552008063314
4189,2023-06-24 12:00:00,376.42947587809533
4190,2023-06-24 13:00:00,395.5284655011305
4191,2023-06-24 14:00:00,390.0124901106818
4192,2023-06-24 15:00:00,419.88708997009684
4193,2023-06-24 16:00:00,334.06949859000923
4194,2023-06-24 17:00:00,398.019771623092
4195,2023-06-24 18:00:00,387.2287562516001
4196,2023-06-24 19:00:00,419.64336073381605
4197,2023-06-24 20:00:00,466.2405055778197
4198,2023-06-24 21:00:00,421.23438004998553
4199,2023-06-24 22:00:00,416.2095072923403
4200,2023-06-24 23:00:00,413.69073592414634
4201,2023-06-25 00:00:00,420.23224456498696
4202,2023-06-25 01:00:00,414.1159977640594
4203,2023-06-25 02:00:00,417.1229684556138
4204,2023-06-25 03:00:00,431.14200319762045
4205,2023-06-25 04:00:00,444.8660996502107
4206,2023-06-25 05:00:00,467.290751596746
4207,2023-06-25 06:00:00,487.77545593783947
4208,2023-06-25 07:00:00,421.1536270105282
4209,2023-06-25 08:00:00,468.50727901440945
4210,2023-06-25 09:00:00,468.7349492315431
4211,2023-06-25 10:00:00,408.3472142079195
4212,2023-06-25 11:00:00,441.0200200900192
4213,2023-06-25 12:00:00,414.2644103049906
4214,2023-06-25 13:00:00,397.4372192864839
4215,2023-06-25 14:00:00,357.4498912298958
4216,2023-06-25 15:00:00,380.2334742467641
4217,2023-06-25 16:00:00,351.35346557908406
4218,2023-06-25 17:00:00,378.3679465962645
4219,2023-06-25 18:00:00,362.58633737239177
4220,2023-06-25 19:00:00,425.1063530646491
4221,2023-06-25 20:00:00,410.71649463695013
4222,2023-06-25 21:00:00,436.82361597987966
4223,2023-06-25 22:00:00,402.8419235119666
4224,2023-06-25 23:00:00,469.83484801254735
4225,2023-06-26 00:00:00,345.19851739385246
4226,2023-06-26 01:00:00,441.48229164017516
4227,2023-06-26 02:00:00,440.3726455569569
4228,2023-06-26 03:00:00,440.44593280082285
4229,2023-06-26 04:00:00,427.6902987573141
4230,2023-06-26 05:00:00,421.64751519726616
4231,2023-06-26 06:00:00,483.72235902921426
4232,2023-06-26 07:00:00,465.000102286746
4233,2023-06-26 08:00:00,433.14630787085525
4234,2023-06-26 09:00:00,468.9962333145981
4235,2023-06-26 10:00:00,453.71282758968556
4236,2023-06-26 11:00:00,499.631380988659
4237,2023-06-26 12:00:00,438.5379445204298
4238,2023-06-26 13:00:00,401.7345182810926
4239,2023-06-26 14:00:00,421.73536108210135
4240,2023-06-26 15:00:00,516.3739095438915
4241,2023-06-26 16:00:00,364.723778353632
4242,2023-06-26 17:00:00,428.48737893613594
4243,2023-06-26 18:00:00,425.1386120149858
4244,2023-06-26 19:00:00,389.8853278480505
4245,2023-06-26 20:00:00,462.5810000611059
4246,2023-06-26 21:00:00,440.69929042809264
4247,2023-06-26 22:00:00,423.51836629836237
4248,2023-06-26 23:00:00,454.26359584022265
4249,2023-06-27 00:00:00,435.80886463214364
4250,2023-06-27 01:00:00,412.13932502763953
4251,2023-06-27 02:00:00,430.12002146494467
4252,2023-06-27 03:00:00,471.8311284779969
4253,2023-06-27 04:00:00,445.3665430991281
4254,2023-06-27 05:00:00,443.9704501179836
4255,2023-06-27 06:00:00,448.3118474116536
4256,2023-06-27 07:00:00,446.11601618131175
4257,2023-06-27 08:00:00,422.06782177904734
4258,2023-06-27 09:00:00,443.08844283254626
4259,2023-06-27 10:00:00,460.37532044100686
4260,2023-06-27 11:00:00,460.20740952270603
4261,2023-06-27 12:00:00,453.0951250863083
4262,2023-06-27 13:00:00,454.67735203523085
4263,2023-06-27 14:00:00,406.17698695200664
4264,2023-06-27 15:00:00,414.84120997020324
4265,2023-06-27 16:00:00,333.350878651209
4266,2023-06-27 17:00:00,390.6787248896616
4267,2023-06-27 18:00:00,423.7002674449324
4268,2023-06-27 19:00:00,370.8029275603064
4269,2023-06-27 20:00:00,392.30189492580473
4270,2023-06-27 21:00:00,388.67496098454905
4271,2023-06-27 22:00:00,417.90139756105935
4272,2023-06-27 23:00:00,445.1620357743822
4273,2023-06-28 00:00:00,460.3395097073703
4274,2023-06-28 01:00:00,437.2512879707312
4275,2023-06-28 02:00:00,475.1889365077832
4276,2023-06-28 03:00:00,420.5502227208498
4277,2023-06-28 04:00:00,380.9768312505538
4278,2023-06-28 05:00:00,450.11267094991445
4279,2023-06-28 06:00:00,465.3506200857299
4280,2023-06-28 07:00:00,448.9889602608781
4281,2023-06-28 08:00:00,423.0406802421276
4282,2023-06-28 09:00:00,513.4747142557113
4283,2023-06-28 10:00:00,412.0013605955043
4284,2023-06-28 11:00:00,447.5128081449848
4285,2023-06-28 12:00:00,469.54496960314646
4286,2023-06-28 13:00:00,493.24934410291246
4287,2023-06-28 14:00:00,432.1843211782015
4288,2023-06-28 15:00:00,389.21314728552966
4289,2023-06-28 16:00:00,437.3652347008995
4290,2023-06-28 17:00:00,344.4497107051802
4291,2023-06-28 18:00:00,461.59324971068577
4292,2023-06-28 19:00:00,381.0758333981195
4293,2023-06-28 20:00:00,396.6024918748092
4294,2023-06-28 21:00:00,416.89634791604203
4295,2023-06-28 22:00:00,439.7824432064188
4296,2023-06-28 23:00:00,399.73362500955966
4297,2023-06-29 00:00:00,450.94805423280593
4298,2023-06-29 01:00:00,452.35111008608254
4299,2023-06-29 02:00:00,507.4208207641054
4300,2023-06-29 03:00:00,439.8706162648087
4301,2023-06-29 04:00:00,493.85575750523236
4302,2023-06-29 05:00:00,515.932799088835
4303,2023-06-29 06:00:00,444.15019504342627
4304,2023-06-29 07:00:00,456.1727712810367
4305,2023-06-29 08:00:00,422.5283540254857
4306,2023-06-29 09:00:00,421.5157294351175
4307,2023-06-29 10:00:00,426.1345888965344
4308,2023-06-29 11:00:00,455.12672448389804
4309,2023-06-29 12:00:00,441.7491690502061
4310,2023-06-29 13:00:00,351.58173158099504
4311,2023-06-29 14:00:00,393.374844117213
4312,2023-06-29 15:00:00,411.56396309458495
4313,2023-06-29 16:00:00,411.3513733494043
4314,2023-06-29 17:00:00,460.0088154596665
4315,2023-06-29 18:00:00,403.5441660115385
4316,2023-06-29 19:00:00,428.47053799992534
4317,2023-06-29 20:00:00,391.0951255478556
4318,2023-06-29 21:00:00,396.27179905575235
4319,2023-06-29 22:00:00,456.4220822706901
4320,2023-06-29 23:00:00,395.8126911849226
4321,2023-06-30 00:00:00,416.91120578710604
4322,2023-06-30 01:00:00,455.6594699140992
4323,2023-06-30 02:00:00,443.718740574025
4324,2023-06-30 03:00:00,466.10979277739534
4325,2023-06-30 04:00:00,459.52113103956697
4326,2023-06-30 05:00:00,459.03577376288433
4327,2023-06-30 06:00:00,432.01658156388504
4328,2023-06-30 07:00:00,435.17583826581347
4329,2023-06-30 08:00:00,435.82205509409283
4330,2023-06-30 09:00:00,417.39188847748824
4331,2023-06-30 10:00:00,359.9053983986793
4332,2023-06-30 11:00:00,462.83975176809696
4333,2023-06-30 12:00:00,425.27613414756604
4334,2023-06-30 13:00:00,428.90040643906264
4335,2023-06-30 14:00:00,397.5864867479715
4336,2023-06-30 15:00:00,397.46681227031894
4337,2023-06-30 16:00:00,457.45552166660855
4338,2023-06-30 17:00:00,401.3934890649515
4339,2023-06-30 18:00:00,376.97653727624936
4340,2023-06-30 19:00:00,372.16062610803465
4341,2023-06-30 20:00:00,415.5839080380821
4342,2023-06-30 21:00:00,454.3267824131751
4343,2023-06-30 22:00:00,372.2045947552016
4344,2023-06-30 23:00:00,427.0032503224164
4345,2023-07-01 00:00:00,440.93029414503076
4346,2023-07-01 01:00:00,420.5721215072124
4347,2023-07-01 02:00:00,391.8043456129404
4348,2023-07-01 03:00:00,410.4040093346462
4349,2023-07-01 04:00:00,501.3207160659923
4350,2023-07-01 05:00:00,425.59331085255326
4351,2023-07-01 06:00:00,402.23239302979044
4352,2023-07-01 07:00:00,465.1534838211705
4353,2023-07-01 08:00:00,449.6915150337193
4354,2023-07-01 09:00:00,416.5923125074196
4355,2023-07-01 10:00:00,432.0452841062378
4356,2023-07-01 11:00:00,404.41206915973504
4357,2023-07-01 12:00:00,396.43002206326645
4358,2023-07-01 13:00:00,425.921577614353
4359,2023-07-01 14:00:00,388.18690335857724
4360,2023-07-01 15:00:00,460.13028978817533
4361,2023-07-01 16:00:00,410.3173640838496
4362,2023-07-01 17:00:00,314.1924457493278
4363,2023-07-01 18:00:00,445.44483058930507
4364,2023-07-01 19:00:00,378.2087367660137
4365,2023-07-01 20:00:00,433.5442027227663
4366,2023-07-01 21:00:00,356.56120096863117
4367,2023-07-01 22:00:00,424.0788895830665
4368,2023-07-01 23:00:00,415.266194687004
4369,2023-07-02 00:00:00,391.6845142892155
4370,2023-07-02 01:00:00,387.55379613549206
4371,2023-07-02 02:00:00,424.6059637801662
4372,2023-07-02 03:00:00,402.91534466407467
4373,2023-07-02 04:00:00,522.9010966380911
4374,2023-07-02 05:00:00,443.3436035236318
4375,2023-07-02 06:00:00,486.05237487718745
4376,2023-07-02 07:00:00,435.0077091992393
4377,2023-07-02 08:00:00,393.2974524107058
4378,2023-07-02 09:00:00,474.0994845788908
4379,2023-07-02 10:00:00,376.49198714251736
4380,2023-07-02 11:00:00,413.53120721834154
4381,2023-07-02 12:00:00,373.2767448401785
4382,2023-07-02 13:00:00,424.9345109154092
4383,2023-07-02 14:00:00,384.20369871173756
4384,2023-07-02 15:00:00,430.00768824560123
4385,2023-07-02 16:00:00,408.5898135061856
4386,2023-07-02 17:00:00,388.34932528922764
4387,2023-07-02 18:00:00,415.46081189159435
4388,2023-07-02 19:00:00,385.99916235551626
4389,2023-07-02 20:00:00,387.71709773265485
4390,2023-07-02 21:00:00,382.52476074510713
4391,2023-07-02 22:00:00,408.96852079805575
4392,2023-07-02 23:00:00,462.52626429625457
4393,2023-07-03 00:00:00,413.36722373260886
4394,2023-07-03 01:00:00,476.6425338941333
4395,2023-07-03 02:00:00,461.0665142212749
4396,2023-07-03 03:00:00,456.7965128650332
4397,2023-07-03 04:00:00,449.5090069721948
4398,2023-07-03 05:00:00,483.68208137665096
4399,2023-07-03 06:00:00,457.0050539249014
4400,2023-07-03 07:00:00,430.34774496375275
4401,2023-07-03 08:00:00,476.11254960210744
4402,2023-07-03 09:00:00,416.59311027175784
4403,2023-07-03 10:00:00,391.30536547091873
4404,2023-07-03 11:00:00,449.574195638969
4405,2023-07-03 12:00:00,433.7123015675934
4406,2023-07-03 13:00:00,421.09393462390227
4407,2023-07-03 14:00:00,441.5361964948531
4408,2023-07-03 15:00:00,406.3306644201003
4409,2023-07-03 16:00:00,379.48370426063207
4410,2023-07-03 17:00:00,378.3285659619851
4411,2023-07-03 18:00:00,389.2887107647545
4412,2023-07-03 19:00:00,454.86275888494004
4413,2023-07-03 20:00:00,367.3727089425591
4414,2023-07-03 21:00:00,381.7245133069854
4415,2023-07-03 22:00:00,366.92360977386545
4416,2023-07-03 23:00:00,370.9016671305508
4417,2023-07-04 00:00:00,417.00712569517844
4418,2023-07-04 01:00:00,450.8218084784372
4419,2023-07-04 02:00:00,398.89965509701256
4420,2023-07-04 03:00:00,407.0299336939778
4421,2023-07-04 04:00:00,504.55470555967065
4422,2023-07-04 05:00:00,456.5341994409834
4423,2023-07-04 06:00:00,425.62143780008523
4424,2023-07-04 07:00:00,488.2337560501827
4425,2023-07-04 08:00:00,425.005346930576
4426,2023-07-04 09:00:00,439.7202762764403
4427,2023-07-04 10:00:00,447.33619145494936
4428,2023-07-04 11:00:00,488.89581520513843
4429,2023-07-04 12:00:00,433.9100340766676
4430,2023-07-04 13:00:00,417.2863850882688
4431,2023-07-04 14:00:00,408.06844120146
4432,2023-07-04 15:00:00,419.5214199275189
4433,2023-07-04 16:00:00,365.89337375116475
4434,2023-07-04 17:00:00,384.9842402953173
4435,2023-07-04 18:00:00,406.12380627100447
4436,2023-07-04 19:00:00,377.4253784817315
4437,2023-07-04 20:00:00,412.3189957556093
4438,2023-07-04 21:00:00,427.4040285060334
4439,2023-07-04 22:00:00,423.99585860250403
4440,2023-07-04 23:00:00,418.533528201249
4441,2023-07-05 00:00:00,440.57434925945597
4442,2023-07-05 01:00:00,411.55375825198195
4443,2023-07-05 02:00:00,398.3699967608396
4444,2023-07-05 03:00:00,413.6228939026761
4445,2023-07-05 04:00:00,445.5244489638637
4446,2023-07-05 05:00:00,407.5372235192069
4447,2023-07-05 06:00:00,467.7648375420664
4448,2023-07-05 07:00:00,401.51012355811645
4449,2023-07-05 08:00:00,434.54111219903774
4450,2023-07-05 09:00:00,498.10453389470774
4451,2023-07-05 10:00:00,420.3471499706541
4452,2023-07-05 11:00:00,469.5325830594989
4453,2023-07-05 12:00:00,459.02839296120555
4454,2023-07-05 13:00:00,389.5096766123886
4455,2023-07-05 14:00:00,375.23800662257037
4456,2023-07-05 15:00:00,421.62087921509163
4457,2023-07-05 16:00:00,380.18413151949784
4458,2023-07-05 17:00:00,480.16152454763994
4459,2023-07-05 18:00:00,371.3084084380459
4460,2023-07-05 19:00:00,402.8870086159758
4461,2023-07-05 20:00:00,430.69431645907736
4462,2023-07-05 21:00:00,455.5359727071955
4463,2023-07-05 22:00:00,418.42621658934115
4464,2023-07-05 23:00:00,468.705991796601
4465,2023-07-06 00:00:00,379.1200125164364
4466,2023-07-06 01:00:00,439.2468439601144
4467,2023-07-06 02:00:00,433.96423484789415
4468,2023-07-06 03:00:00,457.4135200442542
4469,2023-07-06 04:00:00,416.0302822229847
4470,2023-07-06 05:00:00,446.8912047207496
4471,2023-07-06 06:00:00,457.7350081281812
4472,2023-07-06 07:00:00,428.5676127816873
4473,2023-07-06 08:00:00,456.2930335353095
4474,2023-07-06 09:00:00,419.8940941690132
4475,2023-07-06 10:00:00,432.5080878619111
4476,2023-07-06 11:00:00,447.02921546248547
4477,2023-07-06 12:00:00,405.21005787905904
4478,2023-07-06 13:00:00,367.236747573502
4479,2023-07-06 14:00:00,448.3916761772923
4480,2023-07-06 15:00:00,415.5446974234896
4481,2023-07-06 16:00:00,374.59766093331916
4482,2023-07-06 17:00:00,428.4396603367271
4483,2023-07-06 18:00:00,398.1769128950904
4484,2023-07-06 19:00:00,441.53687702595033
4485,2023-07-06 20:00:00,383.701118918398
4486,2023-07-06 21:00:00,438.4301654683519
4487,2023-07-06 22:00:00,435.87686007130367
4488,2023-07-06 23:00:00,408.33870742814673
4489,2023-07-07 00:00:00,455.4663479492034
4490,2023-07-07 01:00:00,440.9919417461878
4491,2023-07-07 02:00:00,402.1817522087011
4492,2023-07-07 03:00:00,410.7011267979486
4493,2023-07-07 04:00:00,382.0016057225844
4494,2023-07-07 05:00:00,419.1334834032471
4495,2023-07-07 06:00:00,411.60248433675383
4496,2023-07-07 07:00:00,447.7981081662334
4497,2023-07-07 08:00:00,426.9498967548136
4498,2023-07-07 09:00:00,445.3350905007631
4499,2023-07-07 10:00:00,445.9730080195819
4500,2023-07-07 11:00:00,446.6587667233679
4501,2023-07-07 12:00:00,467.4915776179328
4502,2023-07-07 13:00:00,368.44716880746813
4503,2023-07-07 14:00:00,391.3730567183867
4504,2023-07-07 15:00:00,404.58988644598276
4505,2023-07-07 16:00:00,404.85408791808317
4506,2023-07-07 17:00:00,405.5040262495818
4507,2023-07-07 18:00:00,435.96846417659924
4508,2023-07-07 19:00:00,397.9857904431943
4509,2023-07-07 20:00:00,427.1632253024699
4510,2023-07-07 21:00:00,402.9697282963965
4511,2023-07-07 22:00:00,415.83553490578487
4512,2023-07-07 23:00:00,462.85807323227897
4513,2023-07-08 00:00:00,366.8780601011386
4514,2023-07-08 01:00:00,414.9568090963017
4515,2023-07-08 02:00:00,411.78786710168987
4516,2023-07-08 03:00:00,448.12011819039293
4517,2023-07-08 04:00:00,487.51840004921917
4518,2023-07-08 05:00:00,438.46896290895035
4519,2023-07-08 06:00:00,472.9115943543871
4520,2023-07-08 07:00:00,429.9984506704604
4521,2023-07-08 08:00:00,447.94202667526946
4522,2023-07-08 09:00:00,531.1613928945775
4523,2023-07-08 10:00:00,466.17278590458466
4524,2023-07-08 11:00:00,418.9591727691204
4525,2023-07-08 12:00:00,387.35726423136373
4526,2023-07-08 13:00:00,415.8380666414892
4527,2023-07-08 14:00:00,414.94826834938067
4528,2023-07-08 15:00:00,399.72975795232117
4529,2023-07-08 16:00:00,424.42691485032066
4530,2023-07-08 17:00:00,441.3701690833114
4531,2023-07-08 18:00:00,425.0494083795134
4532,2023-07-08 19:00:00,421.8326305478322
4533,2023-07-08 20:00:00,438.11843451817333
4534,2023-07-08 21:00:00,410.28597370892953
4535,2023-07-08 22:00:00,423.4684959439627
4536,2023-07-08 23:00:00,427.7985367654481
4537,2023-07-09 00:00:00,436.3308394798197
4538,2023-07-09 01:00:00,461.93766365212025
4539,2023-07-09 02:00:00,391.520413607303
4540,2023-07-09 03:00:00,447.9122134962645
4541,2023-07-09 04:00:00,441.0435608336099
4542,2023-07-09 05:00:00,452.00704733377347
4543,2023-07-09 06:00:00,488.729556615422
4544,2023-07-09 07:00:00,468.2932792126324
4545,2023-07-09 08:00:00,437.2920444329164
4546,2023-07-09 09:00:00,385.5432189802234
4547,2023-07-09 10:00:00,421.11900214442977
4548,2023-07-09 11:00:00,376.27989599258797
4549,2023-07-09 12:00:00,396.3962957204541
4550,2023-07-09 13:00:00,401.54000796611547
4551,2023-07-09 14:00:00,382.73353278382484
4552,2023-07-09 15:00:00,451.10415457869107
4553,2023-07-09 16:00:00,396.68150584135606
4554,2023-07-09 17:00:00,449.7061183483713
4555,2023-07-09 18:00:00,445.50403366396336
4556,2023-07-09 19:00:00,438.40206717905545
4557,2023-07-09 20:00:00,414.0174270384786
4558,2023-07-09 21:00:00,419.83642907562546
4559,2023-07-09 22:00:00,423.5103446185347
4560,2023-07-09 23:00:00,403.5479252775534
4561,2023-07-10 00:00:00,375.2893546705834
4562,2023-07-10 01:00:00,445.6372234131945
4563,2023-07-10 02:00:00,433.5527492147304
4564,2023-07-10 03:00:00,428.4674784591417
4565,2023-07-10 04:00:00,419.38725603712516
4566,2023-07-10 05:00:00,413.95202988556616
4567,2023-07-10 06:00:00,466.9692760055008
4568,2023-07-10 07:00:00,437.3184216909817
4569,2023-07-10 08:00:00,482.4930005447013
4570,2023-07-10 09:00:00,464.89148624500626
4571,2023-07-10 10:00:00,410.14640077236754
4572,2023-07-10 11:00:00,415.4690591570526
4573,2023-07-10 12:00:00,362.85146823643686
4574,2023-07-10 13:00:00,425.7670637515791
4575,2023-07-10 14:00:00,402.850728481295
4576,2023-07-10 15:00:00,430.7879317298787
4577,2023-07-10 16:00:00,361.6711418449786
4578,2023-07-10 17:00:00,369.0124424084188
4579,2023-07-10 18:00:00,385.45950064162804
4580,2023-07-10 19:00:00,384.62504835027545
4581,2023-07-10 20:00:00,390.99092347930304
4582,2023-07-10 21:00:00,357.71289487456147
4583,2023-07-10 22:00:00,379.30902687377926
4584,2023-07-10 23:00:00,398.6993794807328
4585,2023-07-11 00:00:00,423.0059751365149
4586,2023-07-11 01:00:00,429.2631814243334
4587,2023-07-11 02:00:00,350.39513353713613
4588,2023-07-11 03:00:00,482.9260884655446
4589,2023-07-11 04:00:00,453.1157220146408
4590,2023-07-11 05:00:00,458.3108719832254
4591,2023-07-11 06:00:00,420.2881624439796
4592,2023-07-11 07:00:00,448.7327619370254
4593,2023-07-11 08:00:00,453.4537889052072
4594,2023-07-11 09:00:00,495.16721491072695
4595,2023-07-11 10:00:00,416.69091622405574
4596,2023-07-11 11:00:00,416.5621641361282
4597,2023-07-11 12:00:00,375.776700142173
4598,2023-07-11 13:00:00,389.39384793895414
4599,2023-07-11 14:00:00,389.8898946347668
4600,2023-07-11 15:00:00,406.1233583747541
4601,2023-07-11 16:00:00,428.51186657082053
4602,2023-07-11 17:00:00,420.9467227704135
4603,2023-07-11 18:00:00,353.6882970533
4604,2023-07-11 19:00:00,380.44792823325315
4605,2023-07-11 20:00:00,425.28842990768817
4606,2023-07-11 21:00:00,465.6740233580908
4607,2023-07-11 22:00:00,419.6184324156837
4608,2023-07-11 23:00:00,442.49422862516457
4609,2023-07-12 00:00:00,433.0730565160092
4610,2023-07-12 01:00:00,411.49629916678356
4611,2023-07-12 02:00:00,455.5418879928799
4612,2023-07-12 03:00:00,454.12510038124475
4613,2023-07-12 04:00:00,440.52020302142535
4614,2023-07-12 05:00:00,486.30091402042274
4615,2023-07-12 06:00:00,410.2694437226899
4616,2023-07-12 07:00:00,436.05428334572855
4617,2023-07-12 08:00:00,411.26733655432975
4618,2023-07-12 09:00:00,393.685414824731
4619,2023-07-12 10:00:00,414.090133597067
4620,2023-07-12 11:00:00,384.4497168285903
4621,2023-07-12 12:00:00,424.83218154961753
4622,2023-07-12 13:00:00,415.21359065143315
4623,2023-07-12 14:00:00,413.57454154439074
4624,2023-07-12 15:00:00,402.40073306662737
4625,2023-07-12 16:00:00,374.0882432390214
4626,2023-07-12 17:00:00,378.78168881666807
4627,2023-07-12 18:00:00,423.81919926160975
4628,2023-07-12 19:00:00,418.3120410886799
4629,2023-07-12 20:00:00,407.55586643816815
4630,2023-07-12 21:00:00,449.00998941440156
4631,2023-07-12 22:00:00,445.30736603241274
4632,2023-07-12 23:00:00,447.909523840036
4633,2023-07-13 00:00:00,428.34974868393243
4634,2023-07-13 01:00:00,427.4676623210348
4635,2023-07-13 02:00:00,408.89578592842014
4636,2023-07-13 03:00:00,444.86110349560875
4637,2023-07-13 04:00:00,436.67415980351603
4638,2023-07-13 05:00:00,398.9486226192472
4639,2023-07-13 06:00:00,403.93198631364334
4640,2023-07-13 07:00:00,435.9873727276549
4641,2023-07-13 08:00:00,405.1728641997878
4642,2023-07-13 09:00:00,375.1906460114705
4643,2023-07-13 10:00:00,483.14346138829876
4644,2023-07-13 11:00:00,452.2801344411694
4645,2023-07-13 12:00:00,441.0389996340483
4646,2023-07-13 13:00:00,395.56073195105
4647,2023-07-13 14:00:00,424.6369991514044
4648,2023-07-13 15:00:00,339.49697633319903
4649,2023-07-13 16:00:00,455.8267628543244
4650,2023-07-13 17:00:00,387.1508244220448
4651,2023-07-13 18:00:00,425.7784897812073
4652,2023-07-13 19:00:00,393.56967672065446
4653,2023-07-13 20:00:00,455.75558902256404
4654,2023-07-13 21:00:00,430.87679115479074
4655,2023-07-13 22:00:00,432.53763312912304
4656,2023-07-13 23:00:00,398.1284580733676
4657,2023-07-14 00:00:00,414.4584061276827
4658,2023-07-14 01:00:00,451.71651187347607
4659,2023-07-14 02:00:00,491.4839156466258
4660,2023-07-14 03:00:00,449.5067789096146
4661,2023-07-14 04:00:00,497.8246705950666
4662,2023-07-14 05:00:00,422.0897160310425
4663,2023-07-14 06:00:00,409.11831618882064
4664,2023-07-14 07:00:00,486.5602637070414
4665,2023-07-14 08:00:00,460.70910114818525
4666,2023-07-14 09:00:00,471.7185605219381
4667,2023-07-14 10:00:00,444.9857619083641
4668,2023-07-14 11:00:00,399.62006327185907
4669,2023-07-14 12:00:00,449.77041989222835
4670,2023-07-14 13:00:00,402.05066416043235
4671,2023-07-14 14:00:00,446.1482877631971
4672,2023-07-14 15:00:00,392.6879370292603
4673,2023-07-14 16:00:00,429.3220336218508
4674,2023-07-14 17:00:00,388.9529314981795
4675,2023-07-14 18:00:00,431.1044746455934
4676,2023-07-14 19:00:00,429.47220287861296
4677,2023-07-14 20:00:00,419.76555243181843
4678,2023-07-14 21:00:00,429.0973453222987
4679,2023-07-14 22:00:00,439.26312750547567
4680,2023-07-14 23:00:00,363.8000583807413
4681,2023-07-15 00:00:00,427.8862287671033
4682,2023-07-15 01:00:00,453.2891413720429
4683,2023-07-15 02:00:00,435.03054900177636
4684,2023-07-15 03:00:00,428.027124731845
4685,2023-07-15 04:00:00,488.2380417934455
4686,2023-07-15 05:00:00,492.13554802731994
4687,2023-07-15 06:00:00,473.2103374087958
4688,2023-07-15 07:00:00,462.0973270770968
4689,2023-07-15 08:00:00,411.0764610156935
4690,2023-07-15 09:00:00,411.84648644364745
4691,2023-07-15 10:00:00,414.2661116234583
4692,2023-07-15 11:00:00,423.690648657407
4693,2023-07-15 12:00:00,377.7278645674882
4694,2023-07-15 13:00:00,346.7500272428874
4695,2023-07-15 14:00:00,437.82376733182605
4696,2023-07-15 15:00:00,407.54390352863874
4697,2023-07-15 16:00:00,384.08014172928915
4698,2023-07-15 17:00:00,380.73911450287136
4699,2023-07-15 18:00:00,345.91457139951274
4700,2023-07-15 19:00:00,392.01277568439343
4701,2023-07-15 20:00:00,442.72470797362564
4702,2023-07-15 21:00:00,386.19483506038654
4703,2023-07-15 22:00:00,394.28678389196523
4704,2023-07-15 23:00:00,388.97030119396067
4705,2023-07-16 00:00:00,409.9981762908067
4706,2023-07-16 01:00:00,472.01476399013245
4707,2023-07-16 02:00:00,394.83411297735586
4708,2023-07-16 03:00:00,462.8867720798175
4709,2023-07-16 04:00:00,450.5239654853927
4710,2023-07-16 05:00:00,497.9729533575679
4711,2023-07-16 06:00:00,446.93531135604593
4712,2023-07-16 07:00:00,472.79029660178827
4713,2023-07-16 08:00:00,440.41528892973406
4714,2023-07-16 09:00:00,480.6800686951844
4715,2023-07-16 10:00:00,399.67160748778497
4716,2023-07-16 11:00:00,433.34600416932403
4717,2023-07-16 12:00:00,434.3504093240534
4718,2023-07-16 13:00:00,376.4444878092204
4719,2023-07-16 14:00:00,400.7599895728268
4720,2023-07-16 15:00:00,388.56202772837423
4721,2023-07-16 16:00:00,416.51412392853297
4722,2023-07-16 17:00:00,372.091976302709
4723,2023-07-16 18:00:00,375.4298938816596
4724,2023-07-16 19:00:00,425.4332554875941
4725,2023-07-16 20:00:00,341.65191837329655
4726,2023-07-16 21:00:00,358.0610860355971
4727,2023-07-16 22:00:00,389.2355200989618
4728,2023-07-16 23:00:00,409.17685958482355
4729,2023-07-17 00:00:00,405.9702898668927
4730,2023-07-17 01:00:00,395.18426781507446
4731,2023-07-17 02:00:00,412.09786464261686
4732,2023-07-17 03:00:00,400.6511410544149
4733,2023-07-17 04:00:00,477.72545699741585
4734,2023-07-17 05:00:00,451.96720830309533
4735,2023-07-17 06:00:00,471.20576256069705
4736,2023-07-17 07:00:00,473.2901427152971
4737,2023-07-17 08:00:00,482.68846669729004
4738,2023-07-17 09:00:00,491.10516414068894
4739,2023-07-17 10:00:00,455.81963809000354
4740,2023-07-17 11:00:00,401.2539834064108
4741,2023-07-17 12:00:00,432.9924561081337
4742,2023-07-17 13:00:00,391.31907405990205
4743,2023-07-17 14:00:00,420.6370796781888
4744,2023-07-17 15:00:00,397.63855141297125
4745,2023-07-17 16:00:00,331.55206936848117
4746,2023-07-17 17:00:00,363.2784844148742
4747,2023-07-17 18:00:00,374.45047794286876
4748,2023-07-17 19:00:00,383.1920255360929
4749,2023-07-17 20:00:00,401.70323541742
4750,2023-07-17 21:00:00,441.5612164711667
4751,2023-07-17 22:00:00,410.20112735301564
4752,2023-07-17 23:00:00,389.32734786303354
4753,2023-07-18 00:00:00,416.31050017482175
4754,2023-07-18 01:00:00,496.7926394514545
4755,2023-07-18 02:00:00,446.9299007894515
4756,2023-07-18 03:00:00,463.4213499993599
4757,2023-07-18 04:00:00,494.02985531366807
4758,2023-07-18 05:00:00,417.9529239022529
4759,2023-07-18 06:00:00,458.27137660966514
4760,2023-07-18 07:00:00,452.48941071700165
4761,2023-07-18 08:00:00,433.3935128103613
4762,2023-07-18 09:00:00,429.88066381841065
4763,2023-07-18 10:00:00,429.0477354945657
4764,2023-07-18 11:00:00,418.9641010918486
4765,2023-07-18 12:00:00,410.5201500614396
4766,2023-07-18 13:00:00,393.0707156941397
4767,2023-07-18 14:00:00,447.1139327907955
4768,2023-07-18 15:00:00,409.06643322670163
4769,2023-07-18 16:00:00,419.5824953724257
4770,2023-07-18 17:00:00,393.2993332090662
4771,2023-07-18 18:00:00,361.86775609012517
4772,2023-07-18 19:00:00,419.387964625058
4773,2023-07-18 20:00:00,389.57207243428996
4774,2023-07-18 21:00:00,389.5449157932912
4775,2023-07-18 22:00:00,485.65290810759217
4776,2023-07-18 23:00:00,425.1294610167946
4777,2023-07-19 00:00:00,484.3976710814041
4778,2023-07-19 01:00:00,452.70572636262483
4779,2023-07-19 02:00:00,481.91665600306527
4780,2023-07-19 03:00:00,465.8248484093431
4781,2023-07-19 04:00:00,437.29926111358105
4782,2023-07-19 05:00:00,461.9858286741489
4783,2023-07-19 06:00:00,432.4541949814908
4784,2023-07-19 07:00:00,462.877519427032
4785,2023-07-19 08:00:00,475.38988256767846
4786,2023-07-19 09:00:00,415.0406008657545
4787,2023-07-19 10:00:00,442.83693821243804
4788,2023-07-19 11:00:00,429.6341900554131
4789,2023-07-19 12:00:00,431.91233943478414
4790,2023-07-19 13:00:00,426.366300377592
4791,2023-07-19 14:00:00,410.4163401607941
4792,2023-07-19 15:00:00,418.55121488299034
4793,2023-07-19 16:00:00,380.7374477294229
4794,2023-07-19 17:00:00,428.92985101669916
4795,2023-07-19 18:00:00,434.47003443625465
4796,2023-07-19 19:00:00,380.68690872763307
4797,2023-07-19 20:00:00,355.7337104822195
4798,2023-07-19 21:00:00,442.1446011619062
4799,2023-07-19 22:00:00,451.74660684952306
4800,2023-07-19 23:00:00,390.3876411102431
4801,2023-07-20 00:00:00,447.25385569817604
4802,2023-07-20 01:00:00,476.7380140774929
4803,2023-07-20 02:00:00,402.7565095418368
4804,2023-07-20 03:00:00,441.98316166003866
4805,2023-07-20 04:00:00,446.25144873117927
4806,2023-07-20 05:00:00,445.92062055960207
4807,2023-07-20 06:00:00,548.839605596156
4808,2023-07-20 07:00:00,461.37902651212454
4809,2023-07-20 08:00:00,457.87983783443894
4810,2023-07-20 09:00:00,465.8555708115244
4811,2023-07-20 10:00:00,352.8851422076227
4812,2023-07-20 11:00:00,423.0480137464753
4813,2023-07-20 12:00:00,443.5963282120775
4814,2023-07-20 13:00:00,403.6604996772714
4815,2023-07-20 14:00:00,397.72916339897967
4816,2023-07-20 15:00:00,389.97504369564115
4817,2023-07-20 16:00:00,425.38011177636014
4818,2023-07-20 17:00:00,327.99471339508966
4819,2023-07-20 18:00:00,421.0978725274135
4820,2023-07-20 19:00:00,381.1899259668602
4821,2023-07-20 20:00:00,365.6777938007608
4822,2023-07-20 21:00:00,438.4897591841526
4823,2023-07-20 22:00:00,429.69555169889105
4824,2023-07-20 23:00:00,437.54512888385307
4825,2023-07-21 00:00:00,455.0548058575226
4826,2023-07-21 01:00:00,460.0503663988183
4827,2023-07-21 02:00:00,445.7893321213128
4828,2023-07-21 03:00:00,449.65985294111056
4829,2023-07-21 04:00:00,468.5098400253875
4830,2023-07-21 05:00:00,465.94627954681357
4831,2023-07-21 06:00:00,487.5305401504857
4832,2023-07-21 07:00:00,521.4622436046901
4833,2023-07-21 08:00:00,399.11604111693464
4834,2023-07-21 09:00:00,497.23244858860073
4835,2023-07-21 10:00:00,457.8551815275955
4836,2023-07-21 11:00:00,436.96722078829475
4837,2023-07-21 12:00:00,419.23314370924203
4838,2023-07-21 13:00:00,418.761701330017
4839,2023-07-21 14:00:00,426.3457377302184
4840,2023-07-21 15:00:00,449.5352574922774
4841,2023-07-21 16:00:00,429.0123449544575
4842,2023-07-21 17:00:00,420.3487723854719
4843,2023-07-21 18:00:00,458.71422208722765
4844,2023-07-21 19:00:00,388.94425898172346
4845,2023-07-21 20:00:00,446.2750888002681
4846,2023-07-21 21:00:00,374.83269843450347
4847,2023-07-21 22:00:00,397.8814878175995
4848,2023-07-21 23:00:00,429.1410713656294
4849,2023-07-22 00:00:00,479.18375298358274
4850,2023-07-22 01:00:00,453.5456728140475
4851,2023-07-22 02:00:00,401.44882364110225
4852,2023-07-22 03:00:00,484.7814211012801
4853,2023-07-22 04:00:00,413.631803286707
4854,2023-07-22 05:00:00,417.3844184581278
4855,2023-07-22 06:00:00,481.11159753932606
4856,2023-07-22 07:00:00,470.45938439788034
4857,2023-07-22 08:00:00,415.6057768246441
4858,2023-07-22 09:00:00,399.13222553527197
4859,2023-07-22 10:00:00,438.01681928965087
4860,2023-07-22 11:00:00,473.49202901129615
4861,2023-07-22 12:00:00,424.05674355205076
4862,2023-07-22 13:00:00,425.59857315985835
4863,2023-07-22 14:00:00,380.0935521545649
4864,2023-07-22 15:00:00,386.8368338910233
4865,2023-07-22 16:00:00,450.25210502217675
4866,2023-07-22 17:00:00,425.10924083983286
4867,2023-07-22 18:00:00,377.8022849113142
4868,2023-07-22 19:00:00,427.40537184448584
4869,2023-07-22 20:00:00,420.6161308938549
4870,2023-07-22 21:00:00,440.0186306354649
4871,2023-07-22 22:00:00,413.45313940889775
4872,2023-07-22 23:00:00,456.5140866164346
4873,2023-07-23 00:00:00,392.9566265986368
4874,2023-07-23 01:00:00,479.16288391369034
4875,2023-07-23 02:00:00,468.0949506740242
4876,2023-07-23 03:00:00,457.87732765462687
4877,2023-07-23 04:00:00,481.6584769492088
4878,2023-07-23 05:00:00,424.57346325340643
4879,2023-07-23 06:00:00,448.8581710233832
4880,2023-07-23 07:00:00,425.20401436054004
4881,2023-07-23 08:00:00,424.55218041131445
4882,2023-07-23 09:00:00,417.69720572021737
4883,2023-07-23 10:00:00,427.99972166576885
4884,2023-07-23 11:00:00,451.1359836812806
4885,2023-07-23 12:00:00,443.8705535768403
4886,2023-07-23 13:00:00,421.3933221199189
4887,2023-07-23 14:00:00,397.6614214647831
4888,2023-07-23 15:00:00,414.02252286188593
4889,2023-07-23 16:00:00,394.0544680474188
4890,2023-07-23 17:00:00,366.7698121976777
4891,2023-07-23 18:00:00,376.7077240696139
4892,2023-07-23 19:00:00,393.74217951181157
4893,2023-07-23 20:00:00,456.1104751500715
4894,2023-07-23 21:00:00,380.1430810813148
4895,2023-07-23 22:00:00,429.7490576686668
4896,2023-07-23 23:00:00,434.83352727287615
4897,2023-07-24 00:00:00,382.1918632955064
4898,2023-07-24 01:00:00,423.37257092669876
4899,2023-07-24 02:00:00,404.7741242370817
4900,2023-07-24 03:00:00,449.62995456076686
4901,2023-07-24 04:00:00,493.29569046538234
4902,2023-07-24 05:00:00,426.182838189994
4903,2023-07-24 06:00:00,528.6536665924586
4904,2023-07-24 07:00:00,426.92720988967443
4905,2023-07-24 08:00:00,422.2554061683488
4906,2023-07-24 09:00:00,448.25046076095003
4907,2023-07-24 10:00:00,428.9165866757298
4908,2023-07-24 11:00:00,463.56357510688645
4909,2023-07-24 12:00:00,445.5970761416318
4910,2023-07-24 13:00:00,423.66701198627004
4911,2023-07-24 14:00:00,414.43510487815104
4912,2023-07-24 15:00:00,417.6878523764029
4913,2023-07-24 16:00:00,440.40060158027836
4914,2023-07-24 17:00:00,427.97312514368633
4915,2023-07-24 18:00:00,434.0936676859315
4916,2023-07-24 19:00:00,460.9749757635934
4917,2023-07-24 20:00:00,364.1821414279899
4918,2023-07-24 21:00:00,449.64780642892464
4919,2023-07-24 22:00:00,448.2111926789451
4920,2023-07-24 23:00:00,396.3918545682071
4921,2023-07-25 00:00:00,418.0416174649816
4922,2023-07-25 01:00:00,399.103365785772
4923,2023-07-25 02:00:00,476.02016294938596
4924,2023-07-25 03:00:00,461.82441079333455
4925,2023-07-25 04:00:00,461.1436386445362
4926,2023-07-25 05:00:00,422.32936198519366
4927,2023-07-25 06:00:00,500.4370575210963
4928,2023-07-25 07:00:00,445.322390574901
4929,2023-07-25 08:00:00,539.0569124749153
4930,2023-07-25 09:00:00,503.204670330488
4931,2023-07-25 10:00:00,445.37081612567755
4932,2023-07-25 11:00:00,470.9212846984472
4933,2023-07-25 12:00:00,399.18951686838653
4934,2023-07-25 13:00:00,449.29654454436087
4935,2023-07-25 14:00:00,411.63416794389786
4936,2023-07-25 15:00:00,377.72570610476936
4937,2023-07-25 16:00:00,378.00295224370643
4938,2023-07-25 17:00:00,384.11505215380413
4939,2023-07-25 18:00:00,430.63897128425623
4940,2023-07-25 19:00:00,405.6689337378833
4941,2023-07-25 20:00:00,424.6655834999072
4942,2023-07-25 21:00:00,399.11968574705355
4943,2023-07-25 22:00:00,419.7792705814499
4944,2023-07-25 23:00:00,468.70927670169635
4945,2023-07-26 00:00:00,475.77956595320063
4946,2023-07-26 01:00:00,419.36778744458735
4947,2023-07-26 02:00:00,411.83468995460237
4948,2023-07-26 03:00:00,470.3146413726703
4949,2023-07-26 04:00:00,444.5081451164503
4950,2023-07-26 05:00:00,452.782052685101
4951,2023-07-26 06:00:00,406.2868424250498
4952,2023-07-26 07:00:00,476.3694572027663
4953,2023-07-26 08:00:00,454.37021631150293
4954,2023-07-26 09:00:00,496.5145802144227
4955,2023-07-26 10:00:00,460.43442112214797
4956,2023-07-26 11:00:00,421.3327045192246
4957,2023-07-26 12:00:00,401.5208370424192
4958,2023-07-26 13:00:00,475.51704912063593
4959,2023-07-26 14:00:00,413.02422024241594
4960,2023-07-26 15:00:00,484.61548498754354
4961,2023-07-26 16:00:00,409.9181363690549
4962,2023-07-26 17:00:00,355.87582882824404
4963,2023-07-26 18:00:00,455.939665047916
4964,2023-07-26 19:00:00,370.0488294066063
4965,2023-07-26 20:00:00,385.2926010404483
4966,2023-07-26 21:00:00,392.26086257271743
4967,2023-07-26 22:00:00,487.2720528560621
4968,2023-07-26 23:00:00,413.0488670925574
4969,2023-07-27 00:00:00,468.72772366543825
4970,2023-07-27 01:00:00,400.38691260294166
4971,2023-07-27 02:00:00,423.3308335757119
4972,2023-07-27 03:00:00,443.5876690711358
4973,2023-07-27 04:00:00,432.93509280271496
4974,2023-07-27 05:00:00,469.46524546124874
4975,2023-07-27 06:00:00,446.29810674928353
4976,2023-07-27 07:00:00,457.78229495594417
4977,2023-07-27 08:00:00,440.21021990681203
4978,2023-07-27 09:00:00,444.61312903380474
4979,2023-07-27 10:00:00,469.1214447657195
4980,2023-07-27 11:00:00,447.77369941672055
4981,2023-07-27 12:00:00,409.41826209729476
4982,2023-07-27 13:00:00,424.41676485892015
4983,2023-07-27 14:00:00,424.9442263233221
4984,2023-07-27 15:00:00,378.0139401324972
4985,2023-07-27 16:00:00,342.61547573378004
4986,2023-07-27 17:00:00,434.25942536931245
4987,2023-07-27 18:00:00,426.9008888537058
4988,2023-07-27 19:00:00,368.2209668845256
4989,2023-07-27 20:00:00,494.41894106900565
4990,2023-07-27 21:00:00,396.7129993964631
4991,2023-07-27 22:00:00,410.5321401630255
4992,2023-07-27 23:00:00,431.0820668177486
4993,2023-07-28 00:00:00,407.39596192472936
4994,2023-07-28 01:00:00,441.5623052668945
4995,2023-07-28 02:00:00,476.4344121167775
4996,2023-07-28 03:00:00,502.6160187609971
4997,2023-07-28 04:00:00,456.6463901766284
4998,2023-07-28 05:00:00,468.7673507953826
4999,2023-07-28 06:00:00,426.6164812535132
5000,2023-07-28 07:00:00,434.2584916123767
5001,2023-07-28 08:00:00,406.47989582590776
5002,2023-07-28 09:00:00,452.5679997464454
5003,2023-07-28 10:00:00,466.7383659413917
5004,2023-07-28 11:00:00,469.3189130571738
5005,2023-07-28 12:00:00,415.75365446214124
5006,2023-07-28 13:00:00,462.7390096276476
5007,2023-07-28 14:00:00,404.36863141976994
5008,2023-07-28 15:00:00,412.1899666384099
5009,2023-07-28 16:00:00,347.062677493409
5010,2023-07-28 17:00:00,387.30014913324504
5011,2023-07-28 18:00:00,440.2942293650886
5012,2023-07-28 19:00:00,499.3083466217689
5013,2023-07-28 20:00:00,404.06443947519693
5014,2023-07-28 21:00:00,431.7717048753912
5015,2023-07-28 22:00:00,405.8336960954714
5016,2023-07-28 23:00:00,434.0028477652255
5017,2023-07-29 00:00:00,468.28620342110304
5018,2023-07-29 01:00:00,442.97491145578203
5019,2023-07-29 02:00:00,450.4841143428413
5020,2023-07-29 03:00:00,448.5210148150592
5021,2023-07-29 04:00:00,459.4938867889097
5022,2023-07-29 05:00:00,479.0339467687661
5023,2023-07-29 06:00:00,463.33873478031876
5024,2023-07-29 07:00:00,465.53186376734425
5025,2023-07-29 08:00:00,436.33888945287777
5026,2023-07-29 09:00:00,443.61010377514344
5027,2023-07-29 10:00:00,386.77325541253134
5028,2023-07-29 11:00:00,427.9829486047902
5029,2023-07-29 12:00:00,465.2447104587067
5030,2023-07-29 13:00:00,457.84372715509295
5031,2023-07-29 14:00:00,435.3773840704533
5032,2023-07-29 15:00:00,399.1397795916363
5033,2023-07-29 16:00:00,389.3068962424421
5034,2023-07-29 17:00:00,385.14840976431486
5035,2023-07-29 18:00:00,403.7034905771935
5036,2023-07-29 19:00:00,412.3069793277412
5037,2023-07-29 20:00:00,340.74256652420473
5038,2023-07-29 21:00:00,421.43133814139463
5039,2023-07-29 22:00:00,402.96183738216376
5040,2023-07-29 23:00:00,439.167787032175
5041,2023-07-30 00:00:00,484.3039358703033
5042,2023-07-30 01:00:00,433.51351858638037
5043,2023-07-30 02:00:00,467.2326035644835
5044,2023-07-30 03:00:00,460.40193175082385
5045,2023-07-30 04:00:00,469.3877201802914
5046,2023-07-30 05:00:00,440.12174808444627
5047,2023-07-30 06:00:00,454.54327147128004
5048,2023-07-30 07:00:00,497.5364067098515
5049,2023-07-30 08:00:00,491.00800260199355
5050,2023-07-30 09:00:00,500.9296947667657
5051,2023-07-30 10:00:00,483.19812828461085
5052,2023-07-30 11:00:00,417.8399065918694
5053,2023-07-30 12:00:00,442.6034907089532
5054,2023-07-30 13:00:00,388.69535035848986
5055,2023-07-30 14:00:00,419.9175784972735
5056,2023-07-30 15:00:00,426.1709342627474
5057,2023-07-30 16:00:00,431.9977998556782
5058,2023-07-30 17:00:00,387.6557592889651
5059,2023-07-30 18:00:00,393.32093097112744
5060,2023-07-30 19:00:00,396.9339036648517
5061,2023-07-30 20:00:00,422.80474042323476
5062,2023-07-30 21:00:00,401.1677644048957
5063,2023-07-30 22:00:00,433.2392891939072
5064,2023-07-30 23:00:00,427.74585090812195
5065,2023-07-31 00:00:00,370.68683978928493
5066,2023-07-31 01:00:00,475.59823783894797
5067,2023-07-31 02:00:00,437.65432193257885
5068,2023-07-31 03:00:00,431.1007960835157
5069,2023-07-31 04:00:00,474.3260023139879
5070,2023-07-31 05:00:00,451.97663717783587
5071,2023-07-31 06:00:00,493.6135337259802
5072,2023-07-31 07:00:00,504.5000363286646
5073,2023-07-31 08:00:00,477.1175594313452
5074,2023-07-31 09:00:00,450.94070809481155
5075,2023-07-31 10:00:00,432.6759732665009
5076,2023-07-31 11:00:00,465.0073410778315
5077,2023-07-31 12:00:00,418.1923678329845
5078,2023-07-31 13:00:00,467.96724230307683
5079,2023-07-31 14:00:00,385.4462324403315
5080,2023-07-31 15:00:00,346.21033099775696
5081,2023-07-31 16:00:00,438.4775874416394
5082,2023-07-31 17:00:00,426.6628221766016
5083,2023-07-31 18:00:00,461.6050155554621
5084,2023-07-31 19:00:00,445.7367732314764
5085,2023-07-31 20:00:00,368.1468088298296
5086,2023-07-31 21:00:00,464.77439237749746
5087,2023-07-31 22:00:00,447.20178391606487
5088,2023-07-31 23:00:00,430.856357098358
5089,2023-08-01 00:00:00,427.5208378382139
5090,2023-08-01 01:00:00,415.1676849177405
5091,2023-08-01 02:00:00,451.6503549881989
5092,2023-08-01 03:00:00,402.0378952013176
5093,2023-08-01 04:00:00,434.0614543230158
5094,2023-08-01 05:00:00,484.9912997429841
5095,2023-08-01 06:00:00,444.3598337413341
5096,2023-08-01 07:00:00,421.15225636181776
5097,2023-08-01 08:00:00,451.94563164188776
5098,2023-08-01 09:00:00,505.1194013022727
5099,2023-08-01 10:00:00,446.09288621171714
5100,2023-08-01 11:00:00,438.2719139218897
5101,2023-08-01 12:00:00,443.41906325938083
5102,2023-08-01 13:00:00,477.66008169274744
5103,2023-08-01 14:00:00,459.9546008556078
5104,2023-08-01 15:00:00,443.7231093559754
5105,2023-08-01 16:00:00,413.9483295517412
5106,2023-08-01 17:00:00,464.64112233115094
5107,2023-08-01 18:00:00,456.52622957977707
5108,2023-08-01 19:00:00,417.5663653195026
5109,2023-08-01 20:00:00,375.1488464545125
5110,2023-08-01 21:00:00,429.8156696299564
5111,2023-08-01 22:00:00,430.46774478764814
5112,2023-08-01 23:00:00,463.48304564208297
5113,2023-08-02 00:00:00,466.574648673919
5114,2023-08-02 01:00:00,389.0792692442687
5115,2023-08-02 02:00:00,440.7039226011993
5116,2023-08-02 03:00:00,498.51645069089915
5117,2023-08-02 04:00:00,483.23211585477225
5118,2023-08-02 05:00:00,474.49656382357614
5119,2023-08-02 06:00:00,460.2555229101448
5120,2023-08-02 07:00:00,497.65996157089677
5121,2023-08-02 08:00:00,466.5061647500568
5122,2023-08-02 09:00:00,479.1324920431433
5123,2023-08-02 10:00:00,430.60085726391316
5124,2023-08-02 11:00:00,433.3782154421342
5125,2023-08-02 12:00:00,422.6633051900479
5126,2023-08-02 13:00:00,357.6367490055057
5127,2023-08-02 14:00:00,427.3747924368985
5128,2023-08-02 15:00:00,431.2011340617386
5129,2023-08-02 16:00:00,436.47389627024415
5130,2023-08-02 17:00:00,396.0101896735669
5131,2023-08-02 18:00:00,390.6989529982301
5132,2023-08-02 19:00:00,423.8944827281785
5133,2023-08-02 20:00:00,375.1554448946073
5134,2023-08-02 21:00:00,472.28585378276495
5135,2023-08-02 22:00:00,441.92502940171755
5136,2023-08-02 23:00:00,443.88897589244783
5137,2023-08-03 00:00:00,389.65382129658633
5138,2023-08-03 01:00:00,483.9482912524754
5139,2023-08-03 02:00:00,474.2874152804422
5140,2023-08-03 03:00:00,481.98506246823223
5141,2023-08-03 04:00:00,429.67611021540586
5142,2023-08-03 05:00:00,492.2908330896753
5143,2023-08-03 06:00:00,502.9964505740446
5144,2023-08-03 07:00:00,483.4822695495068
5145,2023-08-03 08:00:00,450.98431893430234
5146,2023-08-03 09:00:00,461.23523665446214
5147,2023-08-03 10:00:00,461.09334942002664
5148,2023-08-03 11:00:00,434.66782836886506
5149,2023-08-03 12:00:00,464.4345369122561
5150,2023-08-03 13:00:00,450.5363834156728
5151,2023-08-03 14:00:00,411.96757777322415
5152,2023-08-03 15:00:00,434.04147125864
5153,2023-08-03 16:00:00,355.40863670063936
5154,2023-08-03 17:00:00,416.3671158936451
5155,2023-08-03 18:00:00,408.52206058838414
5156,2023-08-03 19:00:00,423.0806086178144
5157,2023-08-03 20:00:00,382.583732263851
5158,2023-08-03 21:00:00,418.12423062965325
5159,2023-08-03 22:00:00,424.95286370949714
5160,2023-08-03 23:00:00,486.2644690514915
5161,2023-08-04 00:00:00,404.4933429875494
5162,2023-08-04 01:00:00,481.66262000879556
5163,2023-08-04 02:00:00,510.11193819641323
5164,2023-08-04 03:00:00,465.37445398967736
5165,2023-08-04 04:00:00,476.72459914682673
5166,2023-08-04 05:00:00,464.0054761329093
5167,2023-08-04 06:00:00,485.31962579773426
5168,2023-08-04 07:00:00,429.1292808063996
5169,2023-08-04 08:00:00,432.9884494292273
5170,2023-08-04 09:00:00,436.2418692090158
5171,2023-08-04 10:00:00,471.2286359318579
5172,2023-08-04 11:00:00,393.0974197644922
5173,2023-08-04 12:00:00,408.1367162239905
5174,2023-08-04 13:00:00,429.46514411921964
5175,2023-08-04 14:00:00,410.1742121484339
5176,2023-08-04 15:00:00,434.32950944461754
5177,2023-08-04 16:00:00,466.64904107578167
5178,2023-08-04 17:00:00,409.6149414433526
5179,2023-08-04 18:00:00,418.5742586227047
5180,2023-08-04 19:00:00,369.43012159135026
5181,2023-08-04 20:00:00,428.2277892110739
5182,2023-08-04 21:00:00,456.6861097296803
5183,2023-08-04 22:00:00,419.9747835708697
5184,2023-08-04 23:00:00,429.0185924200803
5185,2023-08-05 00:00:00,428.2142471178749
5186,2023-08-05 01:00:00,424.3449174162285
5187,2023-08-05 02:00:00,429.58364092895835
5188,2023-08-05 03:00:00,433.0673533467578
5189,2023-08-05 04:00:00,444.7679013340915
5190,2023-08-05 05:00:00,486.7165204515356
5191,2023-08-05 06:00:00,451.45899824787136
5192,2023-08-05 07:00:00,507.49711066134546
5193,2023-08-05 08:00:00,443.3992661847911
5194,2023-08-05 09:00:00,481.58293067896255
5195,2023-08-05 10:00:00,469.92456948713806
5196,2023-08-05 11:00:00,428.38475812163136
5197,2023-08-05 12:00:00,470.82972533823033
5198,2023-08-05 13:00:00,437.2325515239654
5199,2023-08-05 14:00:00,396.51278162595804
5200,2023-08-05 15:00:00,440.93112789790365
5201,2023-08-05 16:00:00,457.53541470955156
5202,2023-08-05 17:00:00,429.1340439852327
5203,2023-08-05 18:00:00,408.6356269252027
5204,2023-08-05 19:00:00,416.5638619084014
5205,2023-08-05 20:00:00,423.3228399232938
5206,2023-08-05 21:00:00,436.16016321910723
5207,2023-08-05 22:00:00,424.68230933419426
5208,2023-08-05 23:00:00,433.1828976426639
5209,2023-08-06 00:00:00,451.78195684823805
5210,2023-08-06 01:00:00,481.9972777967174
5211,2023-08-06 02:00:00,517.7434451482359
5212,2023-08-06 03:00:00,510.942587012397
5213,2023-08-06 04:00:00,397.9756682662112
5214,2023-08-06 05:00:00,463.9061702327652
5215,2023-08-06 06:00:00,437.4265169832205
5216,2023-08-06 07:00:00,446.9724841810894
5217,2023-08-06 08:00:00,497.0672751476319
5218,2023-08-06 09:00:00,446.8074335559849
5219,2023-08-06 10:00:00,450.1152025148015
5220,2023-08-06 11:00:00,420.8017159959885
5221,2023-08-06 12:00:00,449.57724629586613
5222,2023-08-06 13:00:00,412.9906477874594
5223,2023-08-06 14:00:00,480.47280069636525
5224,2023-08-06 15:00:00,380.59275962572565
5225,2023-08-06 16:00:00,442.3000770503555
5226,2023-08-06 17:00:00,445.50948747817364
5227,2023-08-06 18:00:00,473.2577773990107
5228,2023-08-06 19:00:00,419.7889078895379
5229,2023-08-06 20:00:00,402.26642173325513
5230,2023-08-06 21:00:00,451.6179791937151
5231,2023-08-06 22:00:00,420.650029136983
5232,2023-08-06 23:00:00,492.41241353625827
5233,2023-08-07 00:00:00,428.6346859218932
5234,2023-08-07 01:00:00,449.0360137360961
5235,2023-08-07 02:00:00,502.8749444715259
5236,2023-08-07 03:00:00,530.0928301991651
5237,2023-08-07 04:00:00,414.6783198226045
5238,2023-08-07 05:00:00,467.8935670153984
5239,2023-08-07 06:00:00,400.2219171191181
5240,2023-08-07 07:00:00,415.1280263720081
5241,2023-08-07 08:00:00,378.7575236418843
5242,2023-08-07 09:00:00,501.55428402789295
5243,2023-08-07 10:00:00,439.3192002637196
5244,2023-08-07 11:00:00,461.9776816994289
5245,2023-08-07 12:00:00,458.60412491267533
5246,2023-08-07 13:00:00,401.43299158130617
5247,2023-08-07 14:00:00,438.8923565457452
5248,2023-08-07 15:00:00,421.1151501645554
5249,2023-08-07 16:00:00,471.1104457905344
5250,2023-08-07 17:00:00,398.4042289349844
5251,2023-08-07 18:00:00,455.8317282452909
5252,2023-08-07 19:00:00,409.55241142084736
5253,2023-08-07 20:00:00,391.0730380184564
5254,2023-08-07 21:00:00,467.4182193474265
5255,2023-08-07 22:00:00,439.92954565836845
5256,2023-08-07 23:00:00,440.82707215019707
5257,2023-08-08 00:00:00,400.2022526197061
5258,2023-08-08 01:00:00,476.70644056658557
5259,2023-08-08 02:00:00,471.96611388295815
5260,2023-08-08 03:00:00,449.75468948293513
5261,2023-08-08 04:00:00,483.22665032241684
5262,2023-08-08 05:00:00,504.7097140322
5263,2023-08-08 06:00:00,469.28324200121585
5264,2023-08-08 07:00:00,438.420723557068
5265,2023-08-08 08:00:00,434.5315512565761
5266,2023-08-08 09:00:00,452.3320548327537
5267,2023-08-08 10:00:00,450.84699309695014
5268,2023-08-08 11:00:00,439.31626507719784
5269,2023-08-08 12:00:00,438.97448512951786
5270,2023-08-08 13:00:00,431.3078583298426
5271,2023-08-08 14:00:00,501.7293014928352
5272,2023-08-08 15:00:00,471.87048699836475
5273,2023-08-08 16:00:00,452.49231360968105
5274,2023-08-08 17:00:00,466.1596710915159
5275,2023-08-08 18:00:00,373.5906811825049
5276,2023-08-08 19:00:00,470.5092064095052
5277,2023-08-08 20:00:00,430.91093062647013
5278,2023-08-08 21:00:00,393.3315374281634
5279,2023-08-08 22:00:00,454.2340515779205
5280,2023-08-08 23:00:00,434.82716525285645
5281,2023-08-09 00:00:00,424.32984885656504
5282,2023-08-09 01:00:00,448.86484771392946
5283,2023-08-09 02:00:00,453.7683401789778
5284,2023-08-09 03:00:00,465.4200212000988
5285,2023-08-09 04:00:00,384.11963480373464
5286,2023-08-09 05:00:00,471.31281437541406
5287,2023-08-09 06:00:00,470.5338780310106
5288,2023-08-09 07:00:00,496.0466872087757
5289,2023-08-09 08:00:00,477.96831966476475
5290,2023-08-09 09:00:00,424.57388735332574
5291,2023-08-09 10:00:00,426.3758252334264
5292,2023-08-09 11:00:00,419.7004812260953
5293,2023-08-09 12:00:00,497.2406352468148
5294,2023-08-09 13:00:00,452.40753354960265
5295,2023-08-09 14:00:00,412.40225512472676
5296,2023-08-09 15:00:00,437.9389791940292
5297,2023-08-09 16:00:00,427.7878313301826
5298,2023-08-09 17:00:00,353.28409862009715
5299,2023-08-09 18:00:00,387.8133338785452
5300,2023-08-09 19:00:00,356.77856300776887
5301,2023-08-09 20:00:00,378.0755886112299
5302,2023-08-09 21:00:00,454.9757153618058
5303,2023-08-09 22:00:00,446.7007680709965
5304,2023-08-09 23:00:00,489.20605171012795
5305,2023-08-10 00:00:00,447.6526901097869
5306,2023-08-10 01:00:00,491.1082746015036
5307,2023-08-10 02:00:00,427.04451321579
5308,2023-08-10 03:00:00,495.110192427081
5309,2023-08-10 04:00:00,500.970475034704
5310,2023-08-10 05:00:00,506.81278012984933
5311,2023-08-10 06:00:00,438.86599596026525
5312,2023-08-10 07:00:00,479.5674868340744
5313,2023-08-10 08:00:00,458.1475971703542
5314,2023-08-10 09:00:00,446.574622052199
5315,2023-08-10 10:00:00,468.7271231380919
5316,2023-08-10 11:00:00,433.37308848232516
5317,2023-08-10 12:00:00,428.7343226688148
5318,2023-08-10 13:00:00,473.8563233391632
5319,2023-08-10 14:00:00,384.15073541204544
5320,2023-08-10 15:00:00,426.36770067534616
5321,2023-08-10 16:00:00,411.14271169335757
5322,2023-08-10 17:00:00,442.4257764035246
5323,2023-08-10 18:00:00,458.62809869370955
5324,2023-08-10 19:00:00,442.74349320458384
5325,2023-08-10 20:00:00,393.5852128035741
5326,2023-08-10 21:00:00,459.58101866320516
5327,2023-08-10 22:00:00,402.37901702873404
5328,2023-08-10 23:00:00,434.94715159464187
5329,2023-08-11 00:00:00,438.42620771994234
5330,2023-08-11 01:00:00,464.0730995210936
5331,2023-08-11 02:00:00,403.49230647955244
5332,2023-08-11 03:00:00,473.82758451730285
5333,2023-08-11 04:00:00,489.3963244645082
5334,2023-08-11 05:00:00,454.9139116936315
5335,2023-08-11 06:00:00,496.2821564406237
5336,2023-08-11 07:00:00,439.022435826372
5337,2023-08-11 08:00:00,519.2109913834951
5338,2023-08-11 09:00:00,455.39352357081486
5339,2023-08-11 10:00:00,440.33906558980755
5340,2023-08-11 11:00:00,440.10758062189285
5341,2023-08-11 12:00:00,394.8712924044755
5342,2023-08-11 13:00:00,480.0303315487768
5343,2023-08-11 14:00:00,467.18576795970245
5344,2023-08-11 15:00:00,443.21364468910906
5345,2023-08-11 16:00:00,425.7379402559363
5346,2023-08-11 17:00:00,443.820703558252
5347,2023-08-11 18:00:00,372.05220162034743
5348,2023-08-11 19:00:00,388.86665935444773
5349,2023-08-11 20:00:00,386.31564423665736
5350,2023-08-11 21:00:00,394.9483291162758
5351,2023-08-11 22:00:00,516.4302923669189
5352,2023-08-11 23:00:00,463.0663979791936
5353,2023-08-12 00:00:00,442.64190936337053
5354,2023-08-12 01:00:00,457.09298969807185
5355,2023-08-12 02:00:00,460.7887676658025
5356,2023-08-12 03:00:00,431.80344617256236
5357,2023-08-12 04:00:00,490.22541597675837
5358,2023-08-12 05:00:00,408.61223808960534
5359,2023-08-12 06:00:00,416.94147329148586
5360,2023-08-12 07:00:00,427.30762642165803
5361,2023-08-12 08:00:00,473.84328555905
5362,2023-08-12 09:00:00,469.26252998793836
5363,2023-08-12 10:00:00,469.7166323231088
5364,2023-08-12 11:00:00,486.3714190383458
5365,2023-08-12 12:00:00,421.70347641360314
5366,2023-08-12 13:00:00,454.1272241667978
5367,2023-08-12 14:00:00,414.35817097533226
5368,2023-08-12 15:00:00,415.4510030007613
5369,2023-08-12 16:00:00,439.60754494280735
5370,2023-08-12 17:00:00,430.66955360932354
5371,2023-08-12 18:00:00,432.78221571609635
5372,2023-08-12 19:00:00,432.5022513568685
5373,2023-08-12 20:00:00,384.3319971268403
5374,2023-08-12 21:00:00,394.75391282123695
5375,2023-08-12 22:00:00,464.0823555450893
5376,2023-08-12 23:00:00,448.6583367894626
5377,2023-08-13 00:00:00,407.03585545714105
5378,2023-08-13 01:00:00,475.13965774447956
5379,2023-08-13 02:00:00,445.55060670803863
5380,2023-08-13 03:00:00,432.6152061213769
5381,2023-08-13 04:00:00,438.4139930144252
5382,2023-08-13 05:00:00,463.84890612594467
5383,2023-08-13 06:00:00,482.97296124594425
5384,2023-08-13 07:00:00,501.6085171461366
5385,2023-08-13 08:00:00,476.51501895085664
5386,2023-08-13 09:00:00,482.597621335512
5387,2023-08-13 10:00:00,427.1133098723419
5388,2023-08-13 11:00:00,439.87064425190306
5389,2023-08-13 12:00:00,436.433267486465
5390,2023-08-13 13:00:00,456.656523602239
5391,2023-08-13 14:00:00,426.13480085233033
5392,2023-08-13 15:00:00,481.6335119364538
5393,2023-08-13 16:00:00,425.75916889605054
5394,2023-08-13 17:00:00,446.161046780369
5395,2023-08-13 18:00:00,444.5977511934392
5396,2023-08-13 19:00:00,406.38759823953376
5397,2023-08-13 20:00:00,466.33609951478667
5398,2023-08-13 21:00:00,429.59892941759455
5399,2023-08-13 22:00:00,416.1649032255617
5400,2023-08-13 23:00:00,416.05718026329276
5401,2023-08-14 00:00:00,434.161659289951
5402,2023-08-14 01:00:00,479.7883439413709
5403,2023-08-14 02:00:00,440.10597917954044
5404,2023-08-14 03:00:00,478.30969500514186
5405,2023-08-14 04:00:00,468.03763935472205
5406,2023-08-14 05:00:00,462.4530900552821
5407,2023-08-14 06:00:00,520.4436420355376
5408,2023-08-14 07:00:00,442.3879000183947
5409,2023-08-14 08:00:00,481.54171891209864
5410,2023-08-14 09:00:00,448.29218567075543
5411,2023-08-14 10:00:00,471.2918703915675
5412,2023-08-14 11:00:00,461.8278450580411
5413,2023-08-14 12:00:00,435.40815532207233
5414,2023-08-14 13:00:00,459.71845672075796
5415,2023-08-14 14:00:00,500.84673685023006
5416,2023-08-14 15:00:00,409.7423045312262
5417,2023-08-14 16:00:00,487.21060296346224
5418,2023-08-14 17:00:00,424.32120896186007
5419,2023-08-14 18:00:00,436.7017449693989
5420,2023-08-14 19:00:00,447.95352469754823
5421,2023-08-14 20:00:00,414.7880565948713
5422,2023-08-14 21:00:00,478.1063347644719
5423,2023-08-14 22:00:00,482.9516778127796
5424,2023-08-14 23:00:00,457.87421197511884
5425,2023-08-15 00:00:00,480.7068895504684
5426,2023-08-15 01:00:00,450.5852122329935
5427,2023-08-15 02:00:00,485.78538266898494
5428,2023-08-15 03:00:00,441.0947553323364
5429,2023-08-15 04:00:00,448.7318562806143
5430,2023-08-15 05:00:00,456.86015973826966
5431,2023-08-15 06:00:00,439.7870890185756
5432,2023-08-15 07:00:00,529.4990843095557
5433,2023-08-15 08:00:00,445.4172548000386
5434,2023-08-15 09:00:00,487.6976574385802
5435,2023-08-15 10:00:00,498.14105200017343
5436,2023-08-15 11:00:00,445.6585515393014
5437,2023-08-15 12:00:00,447.46243343720965
5438,2023-08-15 13:00:00,437.08817808684984
5439,2023-08-15 14:00:00,431.5780475638957
5440,2023-08-15 15:00:00,435.51392098934684
5441,2023-08-15 16:00:00,444.56977248462573
5442,2023-08-15 17:00:00,423.06824338693315
5443,2023-08-15 18:00:00,362.6969464359351
5444,2023-08-15 19:00:00,372.1775175759253
5445,2023-08-15 20:00:00,406.5990609847787
5446,2023-08-15 21:00:00,460.99566870840425
5447,2023-08-15 22:00:00,422.9365720161166
5448,2023-08-15 23:00:00,444.52330225219794
5449,2023-08-16 00:00:00,418.6101230634993
5450,2023-08-16 01:00:00,465.1957321368825
5451,2023-08-16 02:00:00,526.277481587863
5452,2023-08-16 03:00:00,454.2421007817421
5453,2023-08-16 04:00:00,482.7880958142864
5454,2023-08-16 05:00:00,465.0177350101088
5455,2023-08-16 06:00:00,480.3559693307923
5456,2023-08-16 07:00:00,445.86296429044205
5457,2023-08-16 08:00:00,490.3496243030457
5458,2023-08-16 09:00:00,435.70006161531853
5459,2023-08-16 10:00:00,492.0658323940701
5460,2023-08-16 11:00:00,453.91506089392686
5461,2023-08-16 12:00:00,498.42554484906776
5462,2023-08-16 13:00:00,443.41903511406855
5463,2023-08-16 14:00:00,430.5533565754221
5464,2023-08-16 15:00:00,442.20286741528895
5465,2023-08-16 16:00:00,441.6772139991024
5466,2023-08-16 17:00:00,431.3132858701688
5467,2023-08-16 18:00:00,465.95096378681615
5468,2023-08-16 19:00:00,414.48844585017906
5469,2023-08-16 20:00:00,501.1741919064463
5470,2023-08-16 21:00:00,444.4557662787482
5471,2023-08-16 22:00:00,514.8683041236437
5472,2023-08-16 23:00:00,460.76910275403895
5473,2023-08-17 00:00:00,387.66579374641475
5474,2023-08-17 01:00:00,477.0957879616862
5475,2023-08-17 02:00:00,488.532426789723
5476,2023-08-17 03:00:00,483.9581304437809
5477,2023-08-17 04:00:00,451.3336818345334
5478,2023-08-17 05:00:00,521.629234740725
5479,2023-08-17 06:00:00,420.2477984672266
5480,2023-08-17 07:00:00,452.02129154708456
5481,2023-08-17 08:00:00,412.05859878083123
5482,2023-08-17 09:00:00,493.39677063283807
5483,2023-08-17 10:00:00,426.0080043493679
5484,2023-08-17 11:00:00,471.4048530431431
5485,2023-08-17 12:00:00,498.23195391867404
5486,2023-08-17 13:00:00,484.1126410213302
5487,2023-08-17 14:00:00,428.6511939135064
5488,2023-08-17 15:00:00,416.7404129374623
5489,2023-08-17 16:00:00,456.77206971980917
5490,2023-08-17 17:00:00,394.4708766251558
5491,2023-08-17 18:00:00,472.36164732744516
5492,2023-08-17 19:00:00,454.0395899912643
5493,2023-08-17 20:00:00,410.5764569821437
5494,2023-08-17 21:00:00,505.97722895534247
5495,2023-08-17 22:00:00,383.92184295932714
5496,2023-08-17 23:00:00,480.24920868997924
5497,2023-08-18 00:00:00,442.3869371006573
5498,2023-08-18 01:00:00,510.2229815674226
5499,2023-08-18 02:00:00,503.9235712512538
5500,2023-08-18 03:00:00,448.5617936564033
5501,2023-08-18 04:00:00,499.8019501135777
5502,2023-08-18 05:00:00,510.48304994376247
5503,2023-08-18 06:00:00,467.17892617837776
5504,2023-08-18 07:00:00,551.5693370947226
5505,2023-08-18 08:00:00,495.313756449501
5506,2023-08-18 09:00:00,482.65757218410687
5507,2023-08-18 10:00:00,459.279249144995
5508,2023-08-18 11:00:00,459.70435142993256
5509,2023-08-18 12:00:00,487.57825846049855
5510,2023-08-18 13:00:00,437.05472565417705
5511,2023-08-18 14:00:00,424.74368501461964
5512,2023-08-18 15:00:00,376.4389531559721
5513,2023-08-18 16:00:00,481.62813318271816
5514,2023-08-18 17:00:00,439.2061614692114
5515,2023-08-18 18:00:00,427.56010703716345
5516,2023-08-18 19:00:00,410.85036166930763
5517,2023-08-18 20:00:00,455.5772005087253
5518,2023-08-18 21:00:00,418.84840750294507
5519,2023-08-18 22:00:00,448.81346513686475
5520,2023-08-18 23:00:00,478.636588151465
5521,2023-08-19 00:00:00,389.5514952421127
5522,2023-08-19 01:00:00,468.30643884396886
5523,2023-08-19 02:00:00,468.76925247371173
5524,2023-08-19 03:00:00,467.8101579209387
5525,2023-08-19 04:00:00,495.0513302923588
5526,2023-08-19 05:00:00,545.3914398750394
5527,2023-08-19 06:00:00,497.08298868644437
5528,2023-08-19 07:00:00,411.68598543944984
5529,2023-08-19 08:00:00,543.9424756931271
5530,2023-08-19 09:00:00,428.7081421382168
5531,2023-08-19 10:00:00,479.1893184566249
5532,2023-08-19 11:00:00,453.5877601405554
5533,2023-08-19 12:00:00,462.0458775712821
5534,2023-08-19 13:00:00,483.1661504411609
5535,2023-08-19 14:00:00,418.00942220990953
5536,2023-08-19 15:00:00,470.74741430076904
5537,2023-08-19 16:00:00,450.8147627195999
5538,2023-08-19 17:00:00,385.2854590699729
5539,2023-08-19 18:00:00,445.86262190239785
5540,2023-08-19 19:00:00,473.8990962721384
5541,2023-08-19 20:00:00,451.9451518204106
5542,2023-08-19 21:00:00,441.7380453059655
5543,2023-08-19 22:00:00,410.38218302117593
5544,2023-08-19 23:00:00,450.77517973925455
5545,2023-08-20 00:00:00,459.80921721009634
5546,2023-08-20 01:00:00,437.9198041585899
5547,2023-08-20 02:00:00,433.713418534792
5548,2023-08-20 03:00:00,480.30750986266844
5549,2023-08-20 04:00:00,476.0484628705892
5550,2023-08-20 05:00:00,490.4957489189313
5551,2023-08-20 06:00:00,508.4099556338061
5552,2023-08-20 07:00:00,464.8128642138126
5553,2023-08-20 08:00:00,466.95479310895166
5554,2023-08-20 09:00:00,483.7310333737823
5555,2023-08-20 10:00:00,478.7073755204945
5556,2023-08-20 11:00:00,454.5267324349035
5557,2023-08-20 12:00:00,459.05381595976576
5558,2023-08-20 13:00:00,394.9779381870928
5559,2023-08-20 14:00:00,377.04838507862723
5560,2023-08-20 15:00:00,461.82776712296663
5561,2023-08-20 16:00:00,438.5099112306099
5562,2023-08-20 17:00:00,422.55664922756415
5563,2023-08-20 18:00:00,401.2154797550564
5564,2023-08-20 19:00:00,427.5831708886235
5565,2023-08-20 20:00:00,414.4232924499278
5566,2023-08-20 21:00:00,416.0509440269907
5567,2023-08-20 22:00:00,485.11079794046395
5568,2023-08-20 23:00:00,478.71461764821674
5569,2023-08-21 00:00:00,478.64340210712015
5570,2023-08-21 01:00:00,533.3305871033881
5571,2023-08-21 02:00:00,484.277038704746
5572,2023-08-21 03:00:00,440.2446102151435
5573,2023-08-21 04:00:00,515.6801714525532
5574,2023-08-21 05:00:00,472.6407357959544
5575,2023-08-21 06:00:00,498.3159653923718
5576,2023-08-21 07:00:00,562.4600313386388
5577,2023-08-21 08:00:00,427.95965308127876
5578,2023-08-21 09:00:00,463.62094587226017
5579,2023-08-21 10:00:00,484.3058935634112
5580,2023-08-21 11:00:00,464.66746449238354
5581,2023-08-21 12:00:00,401.1199586888962
5582,2023-08-21 13:00:00,458.8610874580813
5583,2023-08-21 14:00:00,458.9826811921673
5584,2023-08-21 15:00:00,410.01005731362363
5585,2023-08-21 16:00:00,437.6105440523276
5586,2023-08-21 17:00:00,438.4124887874038
5587,2023-08-21 18:00:00,355.01809202491313
5588,2023-08-21 19:00:00,460.53010034024464
5589,2023-08-21 20:00:00,478.38259495836013
5590,2023-08-21 21:00:00,397.5449011560161
5591,2023-08-21 22:00:00,448.19115180167256
5592,2023-08-21 23:00:00,418.46814081063155
5593,2023-08-22 00:00:00,422.02989900822627
5594,2023-08-22 01:00:00,420.495869885837
5595,2023-08-22 02:00:00,428.68464214312627
5596,2023-08-22 03:00:00,474.76090512291404
5597,2023-08-22 04:00:00,527.9632258563985
5598,2023-08-22 05:00:00,467.443934951697
5599,2023-08-22 06:00:00,398.8209077629465
5600,2023-08-22 07:00:00,501.70816656356106
5601,2023-08-22 08:00:00,482.51523344985605
5602,2023-08-22 09:00:00,449.5292406753907
5603,2023-08-22 10:00:00,511.7874362789614
5604,2023-08-22 11:00:00,494.9307516567966
5605,2023-08-22 12:00:00,473.8755110202908
5606,2023-08-22 13:00:00,415.37479484452933
5607,2023-08-22 14:00:00,443.60117599285326
5608,2023-08-22 15:00:00,514.1136973126264
5609,2023-08-22 16:00:00,375.2275305300244
5610,2023-08-22 17:00:00,446.75767728279345
5611,2023-08-22 18:00:00,408.3175231775909
5612,2023-08-22 19:00:00,474.4357007927449
5613,2023-08-22 20:00:00,365.311531685819
5614,2023-08-22 21:00:00,415.31245721563135
5615,2023-08-22 22:00:00,424.60405357367154
5616,2023-08-22 23:00:00,479.4871086468644
5617,2023-08-23 00:00:00,493.9029945730817
5618,2023-08-23 01:00:00,479.88646150698173
5619,2023-08-23 02:00:00,493.7682908307622
5620,2023-08-23 03:00:00,438.99791385157556
5621,2023-08-23 04:00:00,455.2389232461389
5622,2023-08-23 05:00:00,500.54085425836837
5623,2023-08-23 06:00:00,494.6971295818657
5624,2023-08-23 07:00:00,479.9661621956001
5625,2023-08-23 08:00:00,494.6209273164454
5626,2023-08-23 09:00:00,445.63832967224823
5627,2023-08-23 10:00:00,482.83837654843813
5628,2023-08-23 11:00:00,445.88941947412843
5629,2023-08-23 12:00:00,487.2172327124524
5630,2023-08-23 13:00:00,415.71419052550266
5631,2023-08-23 14:00:00,449.56212901027357
5632,2023-08-23 15:00:00,419.09126911142755
5633,2023-08-23 16:00:00,491.6918837536713
5634,2023-08-23 17:00:00,453.9810118472002
5635,2023-08-23 18:00:00,452.0088422162633
5636,2023-08-23 19:00:00,425.625651368209
5637,2023-08-23 20:00:00,492.05108089117186
5638,2023-08-23 21:00:00,481.5196453747526
5639,2023-08-23 22:00:00,414.3042475100473
5640,2023-08-23 23:00:00,502.95166288678917
5641,2023-08-24 00:00:00,453.69422851258525
5642,2023-08-24 01:00:00,483.94384570951195
5643,2023-08-24 02:00:00,452.136053405236
5644,2023-08-24 03:00:00,438.38342902892657
5645,2023-08-24 04:00:00,498.74504915738487
5646,2023-08-24 05:00:00,470.89294400164704
5647,2023-08-24 06:00:00,462.79472051457856
5648,2023-08-24 07:00:00,460.49786537330795
5649,2023-08-24 08:00:00,452.915416205597
5650,2023-08-24 09:00:00,474.36495196478654
5651,2023-08-24 10:00:00,454.9578223899705
5652,2023-08-24 11:00:00,476.2074832251778
5653,2023-08-24 12:00:00,454.8484662611731
5654,2023-08-24 13:00:00,516.1709399386199
5655,2023-08-24 14:00:00,439.6184483170277
5656,2023-08-24 15:00:00,442.9452938910709
5657,2023-08-24 16:00:00,445.53101936671334
5658,2023-08-24 17:00:00,487.6391680353452
5659,2023-08-24 18:00:00,462.6208966019389
5660,2023-08-24 19:00:00,442.5876269879624
5661,2023-08-24 20:00:00,399.5922013682997
5662,2023-08-24 21:00:00,445.78196467732283
5663,2023-08-24 22:00:00,455.37172255148937
5664,2023-08-24 23:00:00,471.67550564320925
5665,2023-08-25 00:00:00,445.4849184722697
5666,2023-08-25 01:00:00,468.02019377343595
5667,2023-08-25 02:00:00,413.63893059859413
5668,2023-08-25 03:00:00,502.8214736196998
5669,2023-08-25 04:00:00,494.0781443603101
5670,2023-08-25 05:00:00,492.1086723887397
5671,2023-08-25 06:00:00,509.7614119222398
5672,2023-08-25 07:00:00,485.4176775158043
5673,2023-08-25 08:00:00,548.1578284346316
5674,2023-08-25 09:00:00,459.2373077147602
5675,2023-08-25 10:00:00,505.0587937665116
5676,2023-08-25 11:00:00,465.7602409334891
5677,2023-08-25 12:00:00,475.09825384672234
5678,2023-08-25 13:00:00,432.130738154503
5679,2023-08-25 14:00:00,386.0211427298138
5680,2023-08-25 15:00:00,442.5144832866497
5681,2023-08-25 16:00:00,417.2162641942947
5682,2023-08-25 17:00:00,518.4974827540423
5683,2023-08-25 18:00:00,418.0610945559434
5684,2023-08-25 19:00:00,426.9369615797108
5685,2023-08-25 20:00:00,406.77743126192297
5686,2023-08-25 21:00:00,424.0958102760747
5687,2023-08-25 22:00:00,447.350464552448
5688,2023-08-25 23:00:00,412.68470564425303
5689,2023-08-26 00:00:00,520.6861555238414
5690,2023-08-26 01:00:00,477.980721628251
5691,2023-08-26 02:00:00,459.9281698190217
5692,2023-08-26 03:00:00,444.9507464442691
5693,2023-08-26 04:00:00,440.6923730720875
5694,2023-08-26 05:00:00,455.95516311692745
5695,2023-08-26 06:00:00,474.40858229576196
5696,2023-08-26 07:00:00,542.540490765191
5697,2023-08-26 08:00:00,476.5184446521025
5698,2023-08-26 09:00:00,467.2395801016918
5699,2023-08-26 10:00:00,462.34910095417234
5700,2023-08-26 11:00:00,481.96103583775886
5701,2023-08-26 12:00:00,467.0244802395665
5702,2023-08-26 13:00:00,457.82631611097725
5703,2023-08-26 14:00:00,425.84995530747494
5704,2023-08-26 15:00:00,427.00872424549095
5705,2023-08-26 16:00:00,435.8704798040889
5706,2023-08-26 17:00:00,456.0546054415648
5707,2023-08-26 18:00:00,464.4523943425246
5708,2023-08-26 19:00:00,466.24319012070123
5709,2023-08-26 20:00:00,513.9389583451409
5710,2023-08-26 21:00:00,433.512222488151
5711,2023-08-26 22:00:00,484.7532295063119
5712,2023-08-26 23:00:00,447.135551383008
5713,2023-08-27 00:00:00,421.00952236783473
5714,2023-08-27 01:00:00,468.2134147754612
5715,2023-08-27 02:00:00,532.8718619674352
5716,2023-08-27 03:00:00,448.9226265741433
5717,2023-08-27 04:00:00,506.2922770815727
5718,2023-08-27 05:00:00,468.31992850444664
5719,2023-08-27 06:00:00,489.10692164159474
5720,2023-08-27 07:00:00,513.8914707069796
5721,2023-08-27 08:00:00,473.0673383764877
5722,2023-08-27 09:00:00,466.2026249296912
5723,2023-08-27 10:00:00,510.63935926048487
5724,2023-08-27 11:00:00,486.818385671504
5725,2023-08-27 12:00:00,459.8817281415466
5726,2023-08-27 13:00:00,449.0770003465082
5727,2023-08-27 14:00:00,440.92008135491085
5728,2023-08-27 15:00:00,502.0987666298724
5729,2023-08-27 16:00:00,466.13484981916923
5730,2023-08-27 17:00:00,438.7059673811653
5731,2023-08-27 18:00:00,401.8449465393678
5732,2023-08-27 19:00:00,383.9623454256751
5733,2023-08-27 20:00:00,411.1420488395572
5734,2023-08-27 21:00:00,409.3958481859029
5735,2023-08-27 22:00:00,433.04650528421894
5736,2023-08-27 23:00:00,453.97196933978296
5737,2023-08-28 00:00:00,450.30352625299986
5738,2023-08-28 01:00:00,511.9793864453453
5739,2023-08-28 02:00:00,397.6934835372135
5740,2023-08-28 03:00:00,438.15130897889463
5741,2023-08-28 04:00:00,513.4996376683183
5742,2023-08-28 05:00:00,478.9819554480787
5743,2023-08-28 06:00:00,493.2059081571439
5744,2023-08-28 07:00:00,505.3576120510459
5745,2023-08-28 08:00:00,492.57603046864114
5746,2023-08-28 09:00:00,490.7259770235573
5747,2023-08-28 10:00:00,460.70429467717844
5748,2023-08-28 11:00:00,448.1449919191549
5749,2023-08-28 12:00:00,444.5393832931626
5750,2023-08-28 13:00:00,459.5352265728535
5751,2023-08-28 14:00:00,472.487087828835
5752,2023-08-28 15:00:00,368.17760210962234
5753,2023-08-28 16:00:00,473.17642314535493
5754,2023-08-28 17:00:00,406.5072345991836
5755,2023-08-28 18:00:00,469.7203249294172
5756,2023-08-28 19:00:00,429.227111041581
5757,2023-08-28 20:00:00,523.4486411893785
5758,2023-08-28 21:00:00,421.16756510782005
5759,2023-08-28 22:00:00,480.8126966138777
5760,2023-08-28 23:00:00,508.2131619903943
5761,2023-08-29 00:00:00,454.4331168470565
5762,2023-08-29 01:00:00,435.91283733697617
5763,2023-08-29 02:00:00,453.50925301514667
5764,2023-08-29 03:00:00,492.3637961805535
5765,2023-08-29 04:00:00,472.857912885662
5766,2023-08-29 05:00:00,571.9386663587989
5767,2023-08-29 06:00:00,539.84691812815
5768,2023-08-29 07:00:00,488.6863235824383
5769,2023-08-29 08:00:00,508.57035653400436
5770,2023-08-29 09:00:00,521.2871119537766
5771,2023-08-29 10:00:00,476.86197126540605
5772,2023-08-29 11:00:00,447.58101181924343
5773,2023-08-29 12:00:00,458.8622087062812
5774,2023-08-29 13:00:00,465.98385196125804
5775,2023-08-29 14:00:00,465.26509236427466
5776,2023-08-29 15:00:00,512.989680242323
5777,2023-08-29 16:00:00,460.33780855634535
5778,2023-08-29 17:00:00,459.2090305465019
5779,2023-08-29 18:00:00,411.89750402150656
5780,2023-08-29 19:00:00,478.1675079183984
5781,2023-08-29 20:00:00,370.1668486842707
5782,2023-08-29 21:00:00,475.8728722488919
5783,2023-08-29 22:00:00,507.7293778031138
5784,2023-08-29 23:00:00,429.4862333995148
5785,2023-08-30 00:00:00,510.87138423907084
5786,2023-08-30 01:00:00,478.9770231966657
5787,2023-08-30 02:00:00,479.4435049771411
5788,2023-08-30 03:00:00,472.6595225255748
5789,2023-08-30 04:00:00,528.1643426330571
5790,2023-08-30 05:00:00,494.464689136775
5791,2023-08-30 06:00:00,442.7715407959212
5792,2023-08-30 07:00:00,492.2183112483144
5793,2023-08-30 08:00:00,476.91061624525474
5794,2023-08-30 09:00:00,480.76310233130795
5795,2023-08-30 10:00:00,494.621329683409
5796,2023-08-30 11:00:00,459.2583157421927
5797,2023-08-30 12:00:00,437.89287142780734
5798,2023-08-30 13:00:00,474.95486539587057
5799,2023-08-30 14:00:00,457.73701242510475
5800,2023-08-30 15:00:00,410.1984009410981
5801,2023-08-30 16:00:00,466.0372239229225
5802,2023-08-30 17:00:00,491.8871574147241
5803,2023-08-30 18:00:00,411.0445203637884
5804,2023-08-30 19:00:00,514.0824660607689
5805,2023-08-30 20:00:00,444.10335478430204
5806,2023-08-30 21:00:00,448.5982208123603
5807,2023-08-30 22:00:00,479.1163201733932
5808,2023-08-30 23:00:00,429.0202454645295
5809,2023-08-31 00:00:00,440.66197350639976
5810,2023-08-31 01:00:00,502.6637522113163
5811,2023-08-31 02:00:00,472.16885744905755
5812,2023-08-31 03:00:00,488.4623123514403
5813,2023-08-31 04:00:00,499.92052338010285
5814,2023-08-31 05:00:00,532.3606816044945
5815,2023-08-31 06:00:00,500.21473640155205
5816,2023-08-31 07:00:00,484.1231461602238
5817,2023-08-31 08:00:00,451.2043575769124
5818,2023-08-31 09:00:00,473.7379499534017
5819,2023-08-31 10:00:00,496.9212308258478
5820,2023-08-31 11:00:00,490.8763369551496
5821,2023-08-31 12:00:00,436.9181441998949
5822,2023-08-31 13:00:00,479.7257658144944
5823,2023-08-31 14:00:00,464.07134843038546
5824,2023-08-31 15:00:00,466.6457024917813
5825,2023-08-31 16:00:00,497.5912051874563
5826,2023-08-31 17:00:00,466.52114446378715
5827,2023-08-31 18:00:00,418.9995464650341
5828,2023-08-31 19:00:00,454.13424090734384
5829,2023-08-31 20:00:00,412.424402700056
5830,2023-08-31 21:00:00,484.7565034294574
5831,2023-08-31 22:00:00,476.7055072200423
5832,2023-08-31 23:00:00,471.06625657390765
5833,2023-09-01 00:00:00,469.44779700448646
5834,2023-09-01 01:00:00,505.26780634882505
5835,2023-09-01 02:00:00,463.27723413061403
5836,2023-09-01 03:00:00,466.93082114601265
5837,2023-09-01 04:00:00,525.697278887214
5838,2023-09-01 05:00:00,524.5921924248086
5839,2023-09-01 06:00:00,565.4953332743411
5840,2023-09-01 07:00:00,460.31193893225856
5841,2023-09-01 08:00:00,478.7367110011763
5842,2023-09-01 09:00:00,526.6524383694331
5843,2023-09-01 10:00:00,559.5412272809039
5844,2023-09-01 11:00:00,466.9497944020701
5845,2023-09-01 12:00:00,474.35504527959284
5846,2023-09-01 13:00:00,474.2136278637486
5847,2023-09-01 14:00:00,433.6798791083477
5848,2023-09-01 15:00:00,503.2632895474012
5849,2023-09-01 16:00:00,417.6061796206172
5850,2023-09-01 17:00:00,460.975568629293
5851,2023-09-01 18:00:00,467.53336765340947
5852,2023-09-01 19:00:00,496.48917230352953
5853,2023-09-01 20:00:00,446.23710577962385
5854,2023-09-01 21:00:00,501.0986692138972
5855,2023-09-01 22:00:00,472.6861401967033
5856,2023-09-01 23:00:00,446.12599034103266
5857,2023-09-02 00:00:00,531.475964008605
5858,2023-09-02 01:00:00,476.5846235167347
5859,2023-09-02 02:00:00,478.6631950529942
5860,2023-09-02 03:00:00,514.189140040358
5861,2023-09-02 04:00:00,476.2128754755883
5862,2023-09-02 05:00:00,523.3336319146132
5863,2023-09-02 06:00:00,437.24055667265003
5864,2023-09-02 07:00:00,471.24801660978153
5865,2023-09-02 08:00:00,459.29145414387017
5866,2023-09-02 09:00:00,466.7378217086677
5867,2023-09-02 10:00:00,512.0628944884489
5868,2023-09-02 11:00:00,474.2721368992304
5869,2023-09-02 12:00:00,482.4944359558653
5870,2023-09-02 13:00:00,516.0748140028335
5871,2023-09-02 14:00:00,467.5869168721172
5872,2023-09-02 15:00:00,395.7479783946058
5873,2023-09-02 16:00:00,456.97796288307734
5874,2023-09-02 17:00:00,398.5942056927513
5875,2023-09-02 18:00:00,400.7369742195364
5876,2023-09-02 19:00:00,445.1617836538833
5877,2023-09-02 20:00:00,437.6293449991486
5878,2023-09-02 21:00:00,465.0610291514503
5879,2023-09-02 22:00:00,414.53818749373477
5880,2023-09-02 23:00:00,466.20720386114164
5881,2023-09-03 00:00:00,483.44358301886814
5882,2023-09-03 01:00:00,500.6683408754367
5883,2023-09-03 02:00:00,481.7204919248918
5884,2023-09-03 03:00:00,519.5643594435394
5885,2023-09-03 04:00:00,474.6039325233695
5886,2023-09-03 05:00:00,494.6587556360604
5887,2023-09-03 06:00:00,477.6227291030472
5888,2023-09-03 07:00:00,487.27449042746497
5889,2023-09-03 08:00:00,464.2036884084252
5890,2023-09-03 09:00:00,510.4445500438145
5891,2023-09-03 10:00:00,461.9061047975819
5892,2023-09-03 11:00:00,510.02041203932043
5893,2023-09-03 12:00:00,475.19125164090894
5894,2023-09-03 13:00:00,492.44166360236517
5895,2023-09-03 14:00:00,457.9418848472344
5896,2023-09-03 15:00:00,490.963324797459
5897,2023-09-03 16:00:00,445.5750687144197
5898,2023-09-03 17:00:00,463.0460169239092
5899,2023-09-03 18:00:00,501.6326842894095
5900,2023-09-03 19:00:00,484.72359696453253
5901,2023-09-03 20:00:00,467.54328418041996
5902,2023-09-03 21:00:00,425.6407026409589
5903,2023-09-03 22:00:00,440.24627620543265
5904,2023-09-03 23:00:00,409.9990426297165
5905,2023-09-04 00:00:00,470.2873942553015
5906,2023-09-04 01:00:00,512.0894963979629
5907,2023-09-04 02:00:00,458.53621488264946
5908,2023-09-04 03:00:00,522.9098996282179
5909,2023-09-04 04:00:00,478.85875056496656
5910,2023-09-04 05:00:00,502.8120368466639
5911,2023-09-04 06:00:00,487.20573392174765
5912,2023-09-04 07:00:00,508.9101960864839
5913,2023-09-04 08:00:00,480.3884021264412
5914,2023-09-04 09:00:00,517.012070100755
5915,2023-09-04 10:00:00,450.2047064210982
5916,2023-09-04 11:00:00,488.72962407487995
5917,2023-09-04 12:00:00,489.6086760526079
5918,2023-09-04 13:00:00,487.7566991100579
5919,2023-09-04 14:00:00,442.76230056601054
5920,2023-09-04 15:00:00,429.8777843621614
5921,2023-09-04 16:00:00,495.74235483371865
5922,2023-09-04 17:00:00,419.1073650044466
5923,2023-09-04 18:00:00,447.89497058919324
5924,2023-09-04 19:00:00,441.75116820965127
5925,2023-09-04 20:00:00,432.9833862128172
5926,2023-09-04 21:00:00,486.1185979863633
5927,2023-09-04 22:00:00,485.07718477949226
5928,2023-09-04 23:00:00,480.78603716229554
5929,2023-09-05 00:00:00,417.23766148843487
5930,2023-09-05 01:00:00,463.7697280788914
5931,2023-09-05 02:00:00,506.7336604413416
5932,2023-09-05 03:00:00,463.59034759574035
5933,2023-09-05 04:00:00,470.9592610585165
5934,2023-09-05 05:00:00,525.9201817979649
5935,2023-09-05 06:00:00,471.5765572988166
5936,2023-09-05 07:00:00,518.8649484078716
5937,2023-09-05 08:00:00,451.2529657464109
5938,2023-09-05 09:00:00,493.62619980382016
5939,2023-09-05 10:00:00,533.8910293541464
5940,2023-09-05 11:00:00,461.53802279545823
5941,2023-09-05 12:00:00,472.6149698098765
5942,2023-09-05 13:00:00,519.0429955030503
5943,2023-09-05 14:00:00,428.4330669881176
5944,2023-09-05 15:00:00,454.9751239958996
5945,2023-09-05 16:00:00,471.7972158126909
5946,2023-09-05 17:00:00,399.1186976470387
5947,2023-09-05 18:00:00,433.05159108900625
5948,2023-09-05 19:00:00,515.8344504878407
5949,2023-09-05 20:00:00,413.20876035738036
5950,2023-09-05 21:00:00,460.99485440508073
5951,2023-09-05 22:00:00,495.17709435919176
5952,2023-09-05 23:00:00,443.83270289717393
5953,2023-09-06 00:00:00,499.4393013406951
5954,2023-09-06 01:00:00,485.1974277462893
5955,2023-09-06 02:00:00,533.2447351191606
5956,2023-09-06 03:00:00,522.6849323938397
5957,2023-09-06 04:00:00,475.1858527931714
5958,2023-09-06 05:00:00,562.2944558794931
5959,2023-09-06 06:00:00,519.4081353977887
5960,2023-09-06 07:00:00,516.7587627445869
5961,2023-09-06 08:00:00,485.53636291868855
5962,2023-09-06 09:00:00,531.2153175770977
5963,2023-09-06 10:00:00,474.97772715549786
5964,2023-09-06 11:00:00,485.4606903951792
5965,2023-09-06 12:00:00,511.15251034654193
5966,2023-09-06 13:00:00,510.86837797225905
5967,2023-09-06 14:00:00,441.22294270701224
5968,2023-09-06 15:00:00,430.65681368361635
5969,2023-09-06 16:00:00,447.05680330800953
5970,2023-09-06 17:00:00,446.26543434724397
5971,2023-09-06 18:00:00,457.9971157647823
5972,2023-09-06 19:00:00,483.16320807703846
5973,2023-09-06 20:00:00,443.86419525179184
5974,2023-09-06 21:00:00,508.58901795674655
5975,2023-09-06 22:00:00,518.0368191765883
5976,2023-09-06 23:00:00,468.64405579503295
5977,2023-09-07 00:00:00,484.46955143328495
5978,2023-09-07 01:00:00,464.3916871370298
5979,2023-09-07 02:00:00,478.8916026679024
5980,2023-09-07 03:00:00,525.9665551328187
5981,2023-09-07 04:00:00,543.137749605196
5982,2023-09-07 05:00:00,458.22818105345885
5983,2023-09-07 06:00:00,534.9791949734058
5984,2023-09-07 07:00:00,497.5962230449265
5985,2023-09-07 08:00:00,491.40477636996985
5986,2023-09-07 09:00:00,518.0783851303785
5987,2023-09-07 10:00:00,520.3680421378068
5988,2023-09-07 11:00:00,454.0803671761093
5989,2023-09-07 12:00:00,508.34193523215396
5990,2023-09-07 13:00:00,493.20763029653915
5991,2023-09-07 14:00:00,451.86773695950643
5992,2023-09-07 15:00:00,477.0306155177663
5993,2023-09-07 16:00:00,466.4990261217948
5994,2023-09-07 17:00:00,463.27073052484866
5995,2023-09-07 18:00:00,434.6266251838854
5996,2023-09-07 19:00:00,452.22744898903056
5997,2023-09-07 20:00:00,477.69477631089103
5998,2023-09-07 21:00:00,447.4558250817099
5999,2023-09-07 22:00:00,484.93904978924246
6000,2023-09-07 23:00:00,417.979288600553
6001,2023-09-08 00:00:00,478.86156069017966
6002,2023-09-08 01:00:00,471.17292143965244
6003,2023-09-08 02:00:00,515.6036008485347
6004,2023-09-08 03:00:00,520.9052462950668
6005,2023-09-08 04:00:00,520.0203499589655
6006,2023-09-08 05:00:00,553.0177984358085
6007,2023-09-08 06:00:00,461.41866406720135
6008,2023-09-08 07:00:00,518.8315686515627
6009,2023-09-08 08:00:00,516.0811320045195
6010,2023-09-08 09:00:00,494.52253672443345
6011,2023-09-08 10:00:00,499.6079778254014
6012,2023-09-08 11:00:00,449.77687283313844
6013,2023-09-08 12:00:00,471.4635715837688
6014,2023-09-08 13:00:00,421.674573834457
6015,2023-09-08 14:00:00,469.2797938304303
6016,2023-09-08 15:00:00,418.2027219852962
6017,2023-09-08 16:00:00,450.1966707461371
6018,2023-09-08 17:00:00,469.16251597106174
6019,2023-09-08 18:00:00,468.37228752895174
6020,2023-09-08 19:00:00,438.93109475544503
6021,2023-09-08 20:00:00,483.98345380026444
6022,2023-09-08 21:00:00,501.1853984846349
6023,2023-09-08 22:00:00,498.0488827645487
6024,2023-09-08 23:00:00,470.3321520940693
6025,2023-09-09 00:00:00,474.8026368011037
6026,2023-09-09 01:00:00,506.44981417658386
6027,2023-09-09 02:00:00,469.12828372700665
6028,2023-09-09 03:00:00,508.08991690224036
6029,2023-09-09 04:00:00,492.75855529663045
6030,2023-09-09 05:00:00,525.9232668978303
6031,2023-09-09 06:00:00,547.4464036232688
6032,2023-09-09 07:00:00,514.9283411109535
6033,2023-09-09 08:00:00,481.91969497873686
6034,2023-09-09 09:00:00,458.82098956260154
6035,2023-09-09 10:00:00,496.8856419388074
6036,2023-09-09 11:00:00,449.5708151688416
6037,2023-09-09 12:00:00,473.92439434232807
6038,2023-09-09 13:00:00,508.52118287132873
6039,2023-09-09 14:00:00,476.95848336202516
6040,2023-09-09 15:00:00,438.85735564651424
6041,2023-09-09 16:00:00,459.43744871619384
6042,2023-09-09 17:00:00,424.57944534581486
6043,2023-09-09 18:00:00,435.9268895947
6044,2023-09-09 19:00:00,444.83756006048395
6045,2023-09-09 20:00:00,492.5988003903529
6046,2023-09-09 21:00:00,474.3670265678182
6047,2023-09-09 22:00:00,479.2701002680182
6048,2023-09-09 23:00:00,465.4239574638355
6049,2023-09-10 00:00:00,415.58847167424966
6050,2023-09-10 01:00:00,506.5920059605539
6051,2023-09-10 02:00:00,488.3874903750591
6052,2023-09-10 03:00:00,514.3931249964919
6053,2023-09-10 04:00:00,489.08443064216755
6054,2023-09-10 05:00:00,498.8301227928623
6055,2023-09-10 06:00:00,510.1812228639867
6056,2023-09-10 07:00:00,525.6185823181182
6057,2023-09-10 08:00:00,464.3455509327008
6058,2023-09-10 09:00:00,486.16572298928816
6059,2023-09-10 10:00:00,535.2452655980201
6060,2023-09-10 11:00:00,512.0612958860158
6061,2023-09-10 12:00:00,532.6069517109356
6062,2023-09-10 13:00:00,448.762815083645
6063,2023-09-10 14:00:00,503.0993572243464
6064,2023-09-10 15:00:00,472.2737997845352
6065,2023-09-10 16:00:00,438.1897925467261
6066,2023-09-10 17:00:00,447.32269101672364
6067,2023-09-10 18:00:00,458.22081567285915
6068,2023-09-10 19:00:00,517.9170390780537
6069,2023-09-10 20:00:00,476.1845161761303
6070,2023-09-10 21:00:00,480.58711896846575
6071,2023-09-10 22:00:00,514.1495403285651
6072,2023-09-10 23:00:00,502.0986862468218
6073,2023-09-11 00:00:00,505.3119927790129
6074,2023-09-11 01:00:00,508.5212023061756
6075,2023-09-11 02:00:00,536.6983913928859
6076,2023-09-11 03:00:00,522.2190193665375
6077,2023-09-11 04:00:00,488.9153176083406
6078,2023-09-11 05:00:00,500.0718397942601
6079,2023-09-11 06:00:00,497.9404745559495
6080,2023-09-11 07:00:00,498.19537547654403
6081,2023-09-11 08:00:00,485.24099089363045
6082,2023-09-11 09:00:00,518.8041771403845
6083,2023-09-11 10:00:00,461.63729358520294
6084,2023-09-11 11:00:00,512.5241636723586
6085,2023-09-11 12:00:00,417.0738509342609
6086,2023-09-11 13:00:00,448.45455342239535
6087,2023-09-11 14:00:00,493.517406166619
6088,2023-09-11 15:00:00,508.1966182115729
6089,2023-09-11 16:00:00,450.4460404963971
6090,2023-09-11 17:00:00,472.5277085289978
6091,2023-09-11 18:00:00,518.8906240123401
6092,2023-09-11 19:00:00,485.1015742292793
6093,2023-09-11 20:00:00,453.11028125590707
6094,2023-09-11 21:00:00,524.0793486616801
6095,2023-09-11 22:00:00,488.918416634901
6096,2023-09-11 23:00:00,481.5193555974123
6097,2023-09-12 00:00:00,506.8342839936642
6098,2023-09-12 01:00:00,557.8777695282092
6099,2023-09-12 02:00:00,539.3913991088478
6100,2023-09-12 03:00:00,495.2988468719997
6101,2023-09-12 04:00:00,473.14042016165087
6102,2023-09-12 05:00:00,565.1842170124061
6103,2023-09-12 06:00:00,543.2652346403192
6104,2023-09-12 07:00:00,501.85732153158864
6105,2023-09-12 08:00:00,498.05424845172723
6106,2023-09-12 09:00:00,528.5585534944412
6107,2023-09-12 10:00:00,497.4174920662817
6108,2023-09-12 11:00:00,488.1355938984099
6109,2023-09-12 12:00:00,487.2715399162777
6110,2023-09-12 13:00:00,504.9495360100972
6111,2023-09-12 14:00:00,470.98118259864395
6112,2023-09-12 15:00:00,482.71149059803724
6113,2023-09-12 16:00:00,510.1049860977746
6114,2023-09-12 17:00:00,480.1416638693778
6115,2023-09-12 18:00:00,462.58852377169046
6116,2023-09-12 19:00:00,420.08549964716525
6117,2023-09-12 20:00:00,455.1560533300576
6118,2023-09-12 21:00:00,440.61699159370346
6119,2023-09-12 22:00:00,502.6926827283186
6120,2023-09-12 23:00:00,515.7189929010839
6121,2023-09-13 00:00:00,534.61936718755
6122,2023-09-13 01:00:00,574.169013789108
6123,2023-09-13 02:00:00,517.3742719050235
6124,2023-09-13 03:00:00,520.2878211924653
6125,2023-09-13 04:00:00,550.7596552496229
6126,2023-09-13 05:00:00,575.2635648300396
6127,2023-09-13 06:00:00,524.0503897569597
6128,2023-09-13 07:00:00,510.09270126021363
6129,2023-09-13 08:00:00,568.4778196178291
6130,2023-09-13 09:00:00,492.9163063749342
6131,2023-09-13 10:00:00,504.0530118221343
6132,2023-09-13 11:00:00,529.9179603136977
6133,2023-09-13 12:00:00,448.47115109400187
6134,2023-09-13 13:00:00,464.99573369096265
6135,2023-09-13 14:00:00,464.7995404561236
6136,2023-09-13 15:00:00,455.70506515165937
6137,2023-09-13 16:00:00,444.9457931048068
6138,2023-09-13 17:00:00,493.56163123720523
6139,2023-09-13 18:00:00,465.288103233163
6140,2023-09-13 19:00:00,485.0334551088244
6141,2023-09-13 20:00:00,480.59580139047154
6142,2023-09-13 21:00:00,514.4447146523373
6143,2023-09-13 22:00:00,435.3874726057902
6144,2023-09-13 23:00:00,447.88476011922955
6145,2023-09-14 00:00:00,468.2278067680273
6146,2023-09-14 01:00:00,547.4281450836427
6147,2023-09-14 02:00:00,492.93520163415883
6148,2023-09-14 03:00:00,556.7790899908476
6149,2023-09-14 04:00:00,513.7475438211965
6150,2023-09-14 05:00:00,492.7403662077522
6151,2023-09-14 06:00:00,474.72802149131826
6152,2023-09-14 07:00:00,481.78608088642693
6153,2023-09-14 08:00:00,495.69236848348413
6154,2023-09-14 09:00:00,545.3752869865338
6155,2023-09-14 10:00:00,442.9145211305623
6156,2023-09-14 11:00:00,518.2822700390265
6157,2023-09-14 12:00:00,529.8347995446375
6158,2023-09-14 13:00:00,492.87647223832954
6159,2023-09-14 14:00:00,441.4857353619726
6160,2023-09-14 15:00:00,467.88312063015127
6161,2023-09-14 16:00:00,522.6052044923039
6162,2023-09-14 17:00:00,548.5678186478242
6163,2023-09-14 18:00:00,483.26444428443085
6164,2023-09-14 19:00:00,508.72828762235224
6165,2023-09-14 20:00:00,515.6493555536616
6166,2023-09-14 21:00:00,501.7896957243569
6167,2023-09-14 22:00:00,491.344953744688
6168,2023-09-14 23:00:00,507.5148419256092
6169,2023-09-15 00:00:00,521.5880452183773
6170,2023-09-15 01:00:00,507.0565462159994
6171,2023-09-15 02:00:00,524.9507293092071
6172,2023-09-15 03:00:00,587.8775549827474
6173,2023-09-15 04:00:00,482.55010331516405
6174,2023-09-15 05:00:00,510.0540702774174
6175,2023-09-15 06:00:00,486.0863692872633
6176,2023-09-15 07:00:00,525.2567155339449
6177,2023-09-15 08:00:00,499.6536208119668
6178,2023-09-15 09:00:00,540.6798080250785
6179,2023-09-15 10:00:00,505.6606338794882
6180,2023-09-15 11:00:00,506.59945301905066
6181,2023-09-15 12:00:00,453.6815407657344
6182,2023-09-15 13:00:00,459.2309535997939
6183,2023-09-15 14:00:00,506.4300960857726
6184,2023-09-15 15:00:00,484.45605361977596
6185,2023-09-15 16:00:00,471.90256721828473
6186,2023-09-15 17:00:00,461.79096882218903
6187,2023-09-15 18:00:00,487.36766512504533
6188,2023-09-15 19:00:00,482.9389380754738
6189,2023-09-15 20:00:00,492.76624341142787
6190,2023-09-15 21:00:00,464.51632039231185
6191,2023-09-15 22:00:00,538.5014826201339
6192,2023-09-15 23:00:00,469.18137818587377
6193,2023-09-16 00:00:00,522.8474340080421
6194,2023-09-16 01:00:00,537.5382614489679
6195,2023-09-16 02:00:00,473.71302631627964
6196,2023-09-16 03:00:00,500.26661519500277
6197,2023-09-16 04:00:00,533.7203626184134
6198,2023-09-16 05:00:00,555.1463224262108
6199,2023-09-16 06:00:00,529.314403901208
6200,2023-09-16 07:00:00,501.7801443675942
6201,2023-09-16 08:00:00,523.2705000217196
6202,2023-09-16 09:00:00,541.5760629539858
6203,2023-09-16 10:00:00,458.9519051638723
6204,2023-09-16 11:00:00,484.21711065243676
6205,2023-09-16 12:00:00,484.1381515444911
6206,2023-09-16 13:00:00,478.32756703760015
6207,2023-09-16 14:00:00,437.7648690412194
6208,2023-09-16 15:00:00,493.14829841273104
6209,2023-09-16 16:00:00,488.53106078789637
6210,2023-09-16 17:00:00,476.4963864716751
6211,2023-09-16 18:00:00,516.0298834011786
6212,2023-09-16 19:00:00,480.4190466986368
6213,2023-09-16 20:00:00,489.9690550113056
6214,2023-09-16 21:00:00,494.7968587070343
6215,2023-09-16 22:00:00,450.5428013664855
6216,2023-09-16 23:00:00,509.08223041117697
6217,2023-09-17 00:00:00,502.39386756972056
6218,2023-09-17 01:00:00,548.3195866331841
6219,2023-09-17 02:00:00,483.92772699850366
6220,2023-09-17 03:00:00,491.0524692702534
6221,2023-09-17 04:00:00,540.4402352077618
6222,2023-09-17 05:00:00,569.1390252058569
6223,2023-09-17 06:00:00,483.22853548264607
6224,2023-09-17 07:00:00,541.5877764671186
6225,2023-09-17 08:00:00,531.1022573854045
6226,2023-09-17 09:00:00,509.3362773552287
6227,2023-09-17 10:00:00,461.1999461738034
6228,2023-09-17 11:00:00,466.3886251725204
6229,2023-09-17 12:00:00,468.1568501202392
6230,2023-09-17 13:00:00,495.4073214920345
6231,2023-09-17 14:00:00,482.31541117560056
6232,2023-09-17 15:00:00,478.74401844674753
6233,2023-09-17 16:00:00,485.61930114061397
6234,2023-09-17 17:00:00,444.81051601287714
6235,2023-09-17 18:00:00,491.61438887017323
6236,2023-09-17 19:00:00,482.5852930103307
6237,2023-09-17 20:00:00,503.99488316607113
6238,2023-09-17 21:00:00,458.08432839705875
6239,2023-09-17 22:00:00,486.34505930114943
6240,2023-09-17 23:00:00,557.9669155835313
6241,2023-09-18 00:00:00,523.652627211352
6242,2023-09-18 01:00:00,513.5925627318563
6243,2023-09-18 02:00:00,490.0965049898052
6244,2023-09-18 03:00:00,551.9360470750042
6245,2023-09-18 04:00:00,562.4585403399113
6246,2023-09-18 05:00:00,556.8528107175246
6247,2023-09-18 06:00:00,532.6785002860755
6248,2023-09-18 07:00:00,484.6228561721431
6249,2023-09-18 08:00:00,517.0459207806573
6250,2023-09-18 09:00:00,494.25577629665537
6251,2023-09-18 10:00:00,516.4800935163818
6252,2023-09-18 11:00:00,481.8885460974568
6253,2023-09-18 12:00:00,439.20185735361434
6254,2023-09-18 13:00:00,507.78017780186445
6255,2023-09-18 14:00:00,511.16859120167595
6256,2023-09-18 15:00:00,518.6255569713113
6257,2023-09-18 16:00:00,463.09603268314066
6258,2023-09-18 17:00:00,488.71658466720453
6259,2023-09-18 18:00:00,490.76008022164365
6260,2023-09-18 19:00:00,483.2307665030421
6261,2023-09-18 20:00:00,508.7530888915171
6262,2023-09-18 21:00:00,464.19651323003455
6263,2023-09-18 22:00:00,515.8619110257023
6264,2023-09-18 23:00:00,583.2005704084302
6265,2023-09-19 00:00:00,470.04901051010694
6266,2023-09-19 01:00:00,574.2607906160217
6267,2023-09-19 02:00:00,574.0393237239373
6268,2023-09-19 03:00:00,539.8042066840421
6269,2023-09-19 04:00:00,531.6777863749165
6270,2023-09-19 05:00:00,528.6545870137128
6271,2023-09-19 06:00:00,514.0377315883978
6272,2023-09-19 07:00:00,527.2939358614826
6273,2023-09-19 08:00:00,532.3156225090664
6274,2023-09-19 09:00:00,533.8859349116394
6275,2023-09-19 10:00:00,530.5206916505039
6276,2023-09-19 11:00:00,451.397810436058
6277,2023-09-19 12:00:00,456.196095464157
6278,2023-09-19 13:00:00,427.4987371474877
6279,2023-09-19 14:00:00,454.3364521750255
6280,2023-09-19 15:00:00,460.491961336011
6281,2023-09-19 16:00:00,398.02375285545105
6282,2023-09-19 17:00:00,496.0984375332019
6283,2023-09-19 18:00:00,421.9830129769784
6284,2023-09-19 19:00:00,487.4852374079602
6285,2023-09-19 20:00:00,490.2674561243338
6286,2023-09-19 21:00:00,508.8744483669763
6287,2023-09-19 22:00:00,510.4338024275611
6288,2023-09-19 23:00:00,505.29365331667196
6289,2023-09-20 00:00:00,524.1070379436662
6290,2023-09-20 01:00:00,540.1712430843834
6291,2023-09-20 02:00:00,520.3270378999703
6292,2023-09-20 03:00:00,592.50584214
6293,2023-09-20 04:00:00,566.3935458445387
6294,2023-09-20 05:00:00,511.25018978939767
6295,2023-09-20 06:00:00,571.3664372088841
6296,2023-09-20 07:00:00,519.1981178261595
6297,2023-09-20 08:00:00,557.0458845498129
6298,2023-09-20 09:00:00,528.6757848412849
6299,2023-09-20 10:00:00,526.4533453422836
6300,2023-09-20 11:00:00,485.5669944372954
6301,2023-09-20 12:00:00,482.1984158568868
6302,2023-09-20 13:00:00,588.1450158349646
6303,2023-09-20 14:00:00,477.65801964161085
6304,2023-09-20 15:00:00,529.0102140004092
6305,2023-09-20 16:00:00,493.16846871561546
6306,2023-09-20 17:00:00,523.9510111862339
6307,2023-09-20 18:00:00,486.72074531039755
6308,2023-09-20 19:00:00,469.37630023443796
6309,2023-09-20 20:00:00,484.3143700852029
6310,2023-09-20 21:00:00,511.2761732059218
6311,2023-09-20 22:00:00,481.2161259318996
6312,2023-09-20 23:00:00,511.21840605543485
6313,2023-09-21 00:00:00,550.6493182858615
6314,2023-09-21 01:00:00,472.1041215353283
6315,2023-09-21 02:00:00,510.9972589869344
6316,2023-09-21 03:00:00,536.3213870457125
6317,2023-09-21 04:00:00,572.3005395517268
6318,2023-09-21 05:00:00,558.9597336681544
6319,2023-09-21 06:00:00,545.4529493801166
6320,2023-09-21 07:00:00,537.1044400342505
6321,2023-09-21 08:00:00,529.4855668691176
6322,2023-09-21 09:00:00,500.9563434936896
6323,2023-09-21 10:00:00,556.4543217117939
6324,2023-09-21 11:00:00,499.7198036093597
6325,2023-09-21 12:00:00,456.6687215594186
6326,2023-09-21 13:00:00,530.9401321340683
6327,2023-09-21 14:00:00,492.31550187868544
6328,2023-09-21 15:00:00,455.30133487754676
6329,2023-09-21 16:00:00,473.21528303834214
6330,2023-09-21 17:00:00,478.838998644504
6331,2023-09-21 18:00:00,461.4598739669074
6332,2023-09-21 19:00:00,467.5540244395168
6333,2023-09-21 20:00:00,475.49222205758616
6334,2023-09-21 21:00:00,506.01423072843056
6335,2023-09-21 22:00:00,451.3917755988232
6336,2023-09-21 23:00:00,536.2522281480125
6337,2023-09-22 00:00:00,511.44270826037547
6338,2023-09-22 01:00:00,501.1597800154279
6339,2023-09-22 02:00:00,579.7453309094161
6340,2023-09-22 03:00:00,502.94717049351414
6341,2023-09-22 04:00:00,593.6466010138495
6342,2023-09-22 05:00:00,478.69522780560135
6343,2023-09-22 06:00:00,501.6608624880017
6344,2023-09-22 07:00:00,531.0847223574852
6345,2023-09-22 08:00:00,571.3108718174648
6346,2023-09-22 09:00:00,552.5256897883922
6347,2023-09-22 10:00:00,498.7933865010813
6348,2023-09-22 11:00:00,534.3539862524078
6349,2023-09-22 12:00:00,503.5446186199867
6350,2023-09-22 13:00:00,505.7673039967254
6351,2023-09-22 14:00:00,480.98365921818504
6352,2023-09-22 15:00:00,501.7217901597998
6353,2023-09-22 16:00:00,491.22835463137164
6354,2023-09-22 17:00:00,495.4317579208528
6355,2023-09-22 18:00:00,420.28850405070807
6356,2023-09-22 19:00:00,484.03735870381524
6357,2023-09-22 20:00:00,463.95523530328586
6358,2023-09-22 21:00:00,505.3401420605404
6359,2023-09-22 22:00:00,453.9845901676065
6360,2023-09-22 23:00:00,445.3163832726233
6361,2023-09-23 00:00:00,476.78176184499523
6362,2023-09-23 01:00:00,502.64282401392006
6363,2023-09-23 02:00:00,539.8560005974023
6364,2023-09-23 03:00:00,584.6156550966926
6365,2023-09-23 04:00:00,538.0267845231621
6366,2023-09-23 05:00:00,573.6472150492666
6367,2023-09-23 06:00:00,505.5446930489513
6368,2023-09-23 07:00:00,567.0715472115813
6369,2023-09-23 08:00:00,568.8290017335398
6370,2023-09-23 09:00:00,530.2150649594134
6371,2023-09-23 10:00:00,528.6488035826043
6372,2023-09-23 11:00:00,479.58899907095076
6373,2023-09-23 12:00:00,475.8287898474109
6374,2023-09-23 13:00:00,534.2888405210908
6375,2023-09-23 14:00:00,501.6142288153098
6376,2023-09-23 15:00:00,435.58339972262524
6377,2023-09-23 16:00:00,490.57543423416297
6378,2023-09-23 17:00:00,462.004761770213
6379,2023-09-23 18:00:00,486.9427672976081
6380,2023-09-23 19:00:00,501.8469286982222
6381,2023-09-23 20:00:00,536.6871624143025
6382,2023-09-23 21:00:00,493.9970721644622
6383,2023-09-23 22:00:00,503.8758749139901
6384,2023-09-23 23:00:00,497.10484125272416
6385,2023-09-24 00:00:00,504.47106288435515
6386,2023-09-24 01:00:00,478.6549809144364
6387,2023-09-24 02:00:00,559.6635154709055
6388,2023-09-24 03:00:00,514.0592880297843
6389,2023-09-24 04:00:00,536.2448066042674
6390,2023-09-24 05:00:00,488.0124827479963
6391,2023-09-24 06:00:00,572.5213135991453
6392,2023-09-24 07:00:00,539.058237894164
6393,2023-09-24 08:00:00,499.1525836441478
6394,2023-09-24 09:00:00,513.8766878995622
6395,2023-09-24 10:00:00,536.8006675622827
6396,2023-09-24 11:00:00,550.8689638204823
6397,2023-09-24 12:00:00,538.4575043625811
6398,2023-09-24 13:00:00,481.2445574040026
6399,2023-09-24 14:00:00,498.71636971512544
6400,2023-09-24 15:00:00,531.7596568355787
6401,2023-09-24 16:00:00,515.3014478226356
6402,2023-09-24 17:00:00,507.27081565151184
6403,2023-09-24 18:00:00,526.1307650932558
6404,2023-09-24 19:00:00,486.5581921785978
6405,2023-09-24 20:00:00,481.50095847460085
6406,2023-09-24 21:00:00,475.53854845161885
6407,2023-09-24 22:00:00,533.1480097932749
6408,2023-09-24 23:00:00,510.5293388969569
6409,2023-09-25 00:00:00,518.1780559786368
6410,2023-09-25 01:00:00,494.51154709048
6411,2023-09-25 02:00:00,516.500330375544
6412,2023-09-25 03:00:00,479.1644014699663
6413,2023-09-25 04:00:00,509.4435678683937
6414,2023-09-25 05:00:00,538.0185878505572
6415,2023-09-25 06:00:00,526.3749244825378
6416,2023-09-25 07:00:00,569.1838183581873
6417,2023-09-25 08:00:00,567.8657073260747
6418,2023-09-25 09:00:00,524.6870316318996
6419,2023-09-25 10:00:00,537.7549660668574
6420,2023-09-25 11:00:00,505.7337013985164
6421,2023-09-25 12:00:00,562.1271606530107
6422,2023-09-25 13:00:00,521.9623106770114
6423,2023-09-25 14:00:00,503.74852512978816
6424,2023-09-25 15:00:00,457.4386676572653
6425,2023-09-25 16:00:00,474.89842966632824
6426,2023-09-25 17:00:00,451.55378583497725
6427,2023-09-25 18:00:00,484.49101342719507
6428,2023-09-25 19:00:00,555.8021320966831
6429,2023-09-25 20:00:00,457.40885628758224
6430,2023-09-25 21:00:00,529.1243036704354
6431,2023-09-25 22:00:00,487.58575375120364
6432,2023-09-25 23:00:00,512.4902487716718
6433,2023-09-26 00:00:00,527.969522384596
6434,2023-09-26 01:00:00,533.9781271797127
6435,2023-09-26 02:00:00,510.70719190645116
6436,2023-09-26 03:00:00,542.1058045717432
6437,2023-09-26 04:00:00,554.4919841343765
6438,2023-09-26 05:00:00,535.4125562936232
6439,2023-09-26 06:00:00,579.152456553736
6440,2023-09-26 07:00:00,527.5910482733439
6441,2023-09-26 08:00:00,587.2482484291627
6442,2023-09-26 09:00:00,555.0857770979687
6443,2023-09-26 10:00:00,513.6095436251453
6444,2023-09-26 11:00:00,496.5848686469053
6445,2023-09-26 12:00:00,517.4167272233715
6446,2023-09-26 13:00:00,535.8844671772498
6447,2023-09-26 14:00:00,500.10978152163574
6448,2023-09-26 15:00:00,478.7003688106223
6449,2023-09-26 16:00:00,481.8848018375256
6450,2023-09-26 17:00:00,524.6362824766561
6451,2023-09-26 18:00:00,460.8473347775818
6452,2023-09-26 19:00:00,555.8767768109343
6453,2023-09-26 20:00:00,494.4092541075451
6454,2023-09-26 21:00:00,508.5694353846026
6455,2023-09-26 22:00:00,524.3392532150124
6456,2023-09-26 23:00:00,495.59204639818586
6457,2023-09-27 00:00:00,503.32694700645584
6458,2023-09-27 01:00:00,532.648162800026
6459,2023-09-27 02:00:00,532.2954880101689
6460,2023-09-27 03:00:00,540.5179062844717
6461,2023-09-27 04:00:00,541.2133501703737
6462,2023-09-27 05:00:00,567.2841583196026
6463,2023-09-27 06:00:00,514.0572174406782
6464,2023-09-27 07:00:00,498.6942312617683
6465,2023-09-27 08:00:00,565.6122173530156
6466,2023-09-27 09:00:00,530.4079332912179
6467,2023-09-27 10:00:00,467.90479987851586
6468,2023-09-27 11:00:00,563.0416971097555
6469,2023-09-27 12:00:00,511.75166975682583
6470,2023-09-27 13:00:00,545.4055225386122
6471,2023-09-27 14:00:00,494.29373195361336
6472,2023-09-27 15:00:00,534.9532580986208
6473,2023-09-27 16:00:00,486.8078518985475
6474,2023-09-27 17:00:00,504.43828144921406
6475,2023-09-27 18:00:00,472.3977968251464
6476,2023-09-27 19:00:00,491.259256062004
6477,2023-09-27 20:00:00,553.3091083009455
6478,2023-09-27 21:00:00,492.1473835160466
6479,2023-09-27 22:00:00,463.16993392266045
6480,2023-09-27 23:00:00,490.9737994537847
6481,2023-09-28 00:00:00,513.9335285521503
6482,2023-09-28 01:00:00,567.8340874411015
6483,2023-09-28 02:00:00,505.6566574794084
6484,2023-09-28 03:00:00,570.8130134590353
6485,2023-09-28 04:00:00,525.9413585327763
6486,2023-09-28 05:00:00,551.9651215763407
6487,2023-09-28 06:00:00,540.5889499668282
6488,2023-09-28 07:00:00,526.6109655145431
6489,2023-09-28 08:00:00,521.2017384669007
6490,2023-09-28 09:00:00,475.05176320362995
6491,2023-09-28 10:00:00,543.4817979696534
6492,2023-09-28 11:00:00,533.9872843613022
6493,2023-09-28 12:00:00,520.1672982062914
6494,2023-09-28 13:00:00,553.9928577517627
6495,2023-09-28 14:00:00,520.8404356630695
6496,2023-09-28 15:00:00,448.92870118551326
6497,2023-09-28 16:00:00,515.7521260697397
6498,2023-09-28 17:00:00,549.698776598193
6499,2023-09-28 18:00:00,451.42095150010965
6500,2023-09-28 19:00:00,514.7917719330336
6501,2023-09-28 20:00:00,493.80811467272207
6502,2023-09-28 21:00:00,508.6770231667436
6503,2023-09-28 22:00:00,536.8412111711099
6504,2023-09-28 23:00:00,596.4882276954165
6505,2023-09-29 00:00:00,557.9304404722706
6506,2023-09-29 01:00:00,546.8320587688072
6507,2023-09-29 02:00:00,501.2580910824764
6508,2023-09-29 03:00:00,490.1513606184867
6509,2023-09-29 04:00:00,504.8955473247463
6510,2023-09-29 05:00:00,545.1162949638306
6511,2023-09-29 06:00:00,560.2982274377786
6512,2023-09-29 07:00:00,574.5846547513617
6513,2023-09-29 08:00:00,522.4535487392334
6514,2023-09-29 09:00:00,510.36167069466427
6515,2023-09-29 10:00:00,580.567470256604
6516,2023-09-29 11:00:00,499.9095288030719
6517,2023-09-29 12:00:00,514.7049596901675
6518,2023-09-29 13:00:00,528.2504112407177
6519,2023-09-29 14:00:00,555.1341469777147
6520,2023-09-29 15:00:00,545.3892973822943
6521,2023-09-29 16:00:00,562.0484505408845
6522,2023-09-29 17:00:00,521.5715713783014
6523,2023-09-29 18:00:00,465.2416590338073
6524,2023-09-29 19:00:00,489.2034568111627
6525,2023-09-29 20:00:00,493.3045259795278
6526,2023-09-29 21:00:00,550.9316268557963
6527,2023-09-29 22:00:00,480.806762034192
6528,2023-09-29 23:00:00,522.8542287571444
6529,2023-09-30 00:00:00,501.9962822899458
6530,2023-09-30 01:00:00,486.15098744966286
6531,2023-09-30 02:00:00,548.7466023736093
6532,2023-09-30 03:00:00,555.7867841522161
6533,2023-09-30 04:00:00,553.9765435933947
6534,2023-09-30 05:00:00,469.04923697696273
6535,2023-09-30 06:00:00,545.2118361520771
6536,2023-09-30 07:00:00,557.19911388763
6537,2023-09-30 08:00:00,546.8236479111625
6538,2023-09-30 09:00:00,516.6584508855697
6539,2023-09-30 10:00:00,541.3375034630515
6540,2023-09-30 11:00:00,545.8109306406811
6541,2023-09-30 12:00:00,520.6749906622965
6542,2023-09-30 13:00:00,506.11797600676584
6543,2023-09-30 14:00:00,503.2587896008756
6544,2023-09-30 15:00:00,512.9666471384869
6545,2023-09-30 16:00:00,477.6479880544001
6546,2023-09-30 17:00:00,531.2991205059428
6547,2023-09-30 18:00:00,542.8631382661448
6548,2023-09-30 19:00:00,466.1305124921216
6549,2023-09-30 20:00:00,555.8377587763365
6550,2023-09-30 21:00:00,495.9282897250936
6551,2023-09-30 22:00:00,497.06935165475153
6552,2023-09-30 23:00:00,579.1756062995483
6553,2023-10-01 00:00:00,521.5407224864583
6554,2023-10-01 01:00:00,564.1035527827665
6555,2023-10-01 02:00:00,568.2613964863582
6556,2023-10-01 03:00:00,603.4517688354035
6557,2023-10-01 04:00:00,588.5104316193942
6558,2023-10-01 05:00:00,585.782845895314
6559,2023-10-01 06:00:00,582.5528469891624
6560,2023-10-01 07:00:00,556.5746681337797
6561,2023-10-01 08:00:00,569.3754569309125
6562,2023-10-01 09:00:00,554.6008389696101
6563,2023-10-01 10:00:00,532.9763874621802
6564,2023-10-01 11:00:00,510.1104035539669
6565,2023-10-01 12:00:00,512.8819110185359
6566,2023-10-01 13:00:00,545.9072486146531
6567,2023-10-01 14:00:00,515.4974676416081
6568,2023-10-01 15:00:00,471.66688987066334
6569,2023-10-01 16:00:00,524.9129014848988
6570,2023-10-01 17:00:00,478.9039643074894
6571,2023-10-01 18:00:00,479.4073608900109
6572,2023-10-01 19:00:00,482.52110619197964
6573,2023-10-01 20:00:00,522.1212873950966
6574,2023-10-01 21:00:00,542.9735436455084
6575,2023-10-01 22:00:00,520.7515367300513
6576,2023-10-01 23:00:00,550.7592734243168
6577,2023-10-02 00:00:00,502.5653756616988
6578,2023-10-02 01:00:00,526.5402210897387
6579,2023-10-02 02:00:00,508.6242016612077
6580,2023-10-02 03:00:00,576.2439805274973
6581,2023-10-02 04:00:00,529.9156165175476
6582,2023-10-02 05:00:00,533.1616030305742
6583,2023-10-02 06:00:00,558.9373999828134
6584,2023-10-02 07:00:00,546.1222205394612
6585,2023-10-02 08:00:00,550.7732247039933
6586,2023-10-02 09:00:00,573.6621351119277
6587,2023-10-02 10:00:00,579.9901990811093
6588,2023-10-02 11:00:00,558.9611735867654
6589,2023-10-02 12:00:00,452.56384606735367
6590,2023-10-02 13:00:00,478.41452601242133
6591,2023-10-02 14:00:00,512.7553734369023
6592,2023-10-02 15:00:00,507.0728718184111
6593,2023-10-02 16:00:00,519.6892687210724
6594,2023-10-02 17:00:00,509.67935996263077
6595,2023-10-02 18:00:00,526.21783656821
6596,2023-10-02 19:00:00,521.9504587586923
6597,2023-10-02 20:00:00,523.4577938511319
6598,2023-10-02 21:00:00,537.3930951024225
6599,2023-10-02 22:00:00,498.6890423225036
6600,2023-10-02 23:00:00,489.7568493541682
6601,2023-10-03 00:00:00,539.6165091125805
6602,2023-10-03 01:00:00,551.0219548063875
6603,2023-10-03 02:00:00,548.1150925781013
6604,2023-10-03 03:00:00,543.0044326146426
6605,2023-10-03 04:00:00,536.0382302581678
6606,2023-10-03 05:00:00,544.6696173977629
6607,2023-10-03 06:00:00,607.4141678899147
6608,2023-10-03 07:00:00,608.5814235149791
6609,2023-10-03 08:00:00,546.2271384960267
6610,2023-10-03 09:00:00,539.9645222213597
6611,2023-10-03 10:00:00,524.754745860111
6612,2023-10-03 11:00:00,504.87541875033884
6613,2023-10-03 12:00:00,529.226849634182
6614,2023-10-03 13:00:00,555.1026683452361
6615,2023-10-03 14:00:00,539.3287132346559
6616,2023-10-03 15:00:00,520.0548693661152
6617,2023-10-03 16:00:00,563.3728448945876
6618,2023-10-03 17:00:00,479.73969961076324
6619,2023-10-03 18:00:00,491.92649451392646
6620,2023-10-03 19:00:00,520.507020758364
6621,2023-10-03 20:00:00,484.74346215701235
6622,2023-10-03 21:00:00,529.4498252775081
6623,2023-10-03 22:00:00,554.3960390344465
6624,2023-10-03 23:00:00,588.9011695974211
6625,2023-10-04 00:00:00,493.1037287418208
6626,2023-10-04 01:00:00,562.6688421186883
6627,2023-10-04 02:00:00,516.8312565223014
6628,2023-10-04 03:00:00,542.181565825872
6629,2023-10-04 04:00:00,586.0238824976923
6630,2023-10-04 05:00:00,596.6592750767703
6631,2023-10-04 06:00:00,597.5600542126963
6632,2023-10-04 07:00:00,551.4070343745627
6633,2023-10-04 08:00:00,544.9234525132155
6634,2023-10-04 09:00:00,608.6940438003761
6635,2023-10-04 10:00:00,480.87339629973906
6636,2023-10-04 11:00:00,517.70723793622
6637,2023-10-04 12:00:00,489.87713421277255
6638,2023-10-04 13:00:00,553.0313210008363
6639,2023-10-04 14:00:00,465.89199951580736
6640,2023-10-04 15:00:00,518.9322306100794
6641,2023-10-04 16:00:00,562.2669817502776
6642,2023-10-04 17:00:00,482.9020021222357
6643,2023-10-04 18:00:00,572.5831481723297
6644,2023-10-04 19:00:00,471.0496373277464
6645,2023-10-04 20:00:00,496.2630359128161
6646,2023-10-04 21:00:00,487.31106604779586
6647,2023-10-04 22:00:00,523.8684352775778
6648,2023-10-04 23:00:00,537.0375476288882
6649,2023-10-05 00:00:00,558.4679409129237
6650,2023-10-05 01:00:00,516.5885435905888
6651,2023-10-05 02:00:00,597.2946111997665
6652,2023-10-05 03:00:00,601.3640752330541
6653,2023-10-05 04:00:00,566.0843949554426
6654,2023-10-05 05:00:00,587.1137163858692
6655,2023-10-05 06:00:00,500.5290757775422
6656,2023-10-05 07:00:00,597.6434247571195
6657,2023-10-05 08:00:00,555.271390252219
6658,2023-10-05 09:00:00,560.041375077433
6659,2023-10-05 10:00:00,524.2726537943036
6660,2023-10-05 11:00:00,532.3713895061785
6661,2023-10-05 12:00:00,539.46046818136
6662,2023-10-05 13:00:00,584.8274300271613
6663,2023-10-05 14:00:00,482.9985319457979
6664,2023-10-05 15:00:00,564.7988921860699
6665,2023-10-05 16:00:00,490.90470323102
6666,2023-10-05 17:00:00,491.4863252888511
6667,2023-10-05 18:00:00,545.4583689833095
6668,2023-10-05 19:00:00,426.8723443459677
6669,2023-10-05 20:00:00,502.1552302012141
6670,2023-10-05 21:00:00,469.68108744448136
6671,2023-10-05 22:00:00,530.942138405188
6672,2023-10-05 23:00:00,575.6065592715652
6673,2023-10-06 00:00:00,574.7807479816286
6674,2023-10-06 01:00:00,562.0599909170281
6675,2023-10-06 02:00:00,480.65103123369386
6676,2023-10-06 03:00:00,550.3340670130797
6677,2023-10-06 04:00:00,557.2890256184576
6678,2023-10-06 05:00:00,565.0910431318638
6679,2023-10-06 06:00:00,566.3088707287616
6680,2023-10-06 07:00:00,627.8229812979628
6681,2023-10-06 08:00:00,516.9634695955533
6682,2023-10-06 09:00:00,488.5122551112633
6683,2023-10-06 10:00:00,569.5597009128275
6684,2023-10-06 11:00:00,557.8478720048025
6685,2023-10-06 12:00:00,535.0167346208619
6686,2023-10-06 13:00:00,598.3434355846853
6687,2023-10-06 14:00:00,490.9766903720659
6688,2023-10-06 15:00:00,499.7314786249135
6689,2023-10-06 16:00:00,522.3314713648756
6690,2023-10-06 17:00:00,508.8359540851388
6691,2023-10-06 18:00:00,488.6480454445705
6692,2023-10-06 19:00:00,506.6241130609106
6693,2023-10-06 20:00:00,540.6777331408881
6694,2023-10-06 21:00:00,519.3955065926523
6695,2023-10-06 22:00:00,563.140431834658
6696,2023-10-06 23:00:00,553.6925240832676
6697,2023-10-07 00:00:00,514.6200062845718
6698,2023-10-07 01:00:00,528.423630054679
6699,2023-10-07 02:00:00,569.3566474093831
6700,2023-10-07 03:00:00,558.9924887197934
6701,2023-10-07 04:00:00,579.7555442275356
6702,2023-10-07 05:00:00,537.3331343393031
6703,2023-10-07 06:00:00,601.38879683431
6704,2023-10-07 07:00:00,562.8688071053696
6705,2023-10-07 08:00:00,525.1633934783268
6706,2023-10-07 09:00:00,544.0961950763384
6707,2023-10-07 10:00:00,550.6995737749413
6708,2023-10-07 11:00:00,562.538527389587
6709,2023-10-07 12:00:00,571.0424705506355
6710,2023-10-07 13:00:00,545.0231871520575
6711,2023-10-07 14:00:00,506.6944796328119
6712,2023-10-07 15:00:00,495.5562496246593
6713,2023-10-07 16:00:00,554.6857517377408
6714,2023-10-07 17:00:00,503.71916227179486
6715,2023-10-07 18:00:00,480.3427476644866
6716,2023-10-07 19:00:00,562.5228661013737
6717,2023-10-07 20:00:00,532.1800348663043
6718,2023-10-07 21:00:00,523.609701235045
6719,2023-10-07 22:00:00,530.3727194185983
6720,2023-10-07 23:00:00,598.7570985363237
6721,2023-10-08 00:00:00,545.4440277952446
6722,2023-10-08 01:00:00,530.6867382156157
6723,2023-10-08 02:00:00,563.5541625915156
6724,2023-10-08 03:00:00,521.3378440899011
6725,2023-10-08 04:00:00,549.4509541236488
6726,2023-10-08 05:00:00,537.7417358087108
6727,2023-10-08 06:00:00,565.3320594660927
6728,2023-10-08 07:00:00,592.4405538788391
6729,2023-10-08 08:00:00,539.017615817558
6730,2023-10-08 09:00:00,569.0926117757908
6731,2023-10-08 10:00:00,539.928403754789
6732,2023-10-08 11:00:00,530.7470476914325
6733,2023-10-08 12:00:00,551.7220657102245
6734,2023-10-08 13:00:00,495.8570781771918
6735,2023-10-08 14:00:00,515.8251207404442
6736,2023-10-08 15:00:00,582.5784200054756
6737,2023-10-08 16:00:00,539.5737380821295
6738,2023-10-08 17:00:00,512.6530798606391
6739,2023-10-08 18:00:00,475.89635744233806
6740,2023-10-08 19:00:00,530.0516028826931
6741,2023-10-08 20:00:00,519.8450576051159
6742,2023-10-08 21:00:00,482.94396275562207
6743,2023-10-08 22:00:00,558.8558536013971
6744,2023-10-08 23:00:00,561.2098550758809
6745,2023-10-09 00:00:00,545.2228266224697
6746,2023-10-09 01:00:00,529.7413545877149
6747,2023-10-09 02:00:00,558.1862611403883
6748,2023-10-09 03:00:00,538.4452955365963
6749,2023-10-09 04:00:00,579.5200376178195
6750,2023-10-09 05:00:00,555.1590936987265
6751,2023-10-09 06:00:00,579.0863989716829
6752,2023-10-09 07:00:00,614.4690121646938
6753,2023-10-09 08:00:00,563.9337587896368
6754,2023-10-09 09:00:00,590.0211022886222
6755,2023-10-09 10:00:00,589.4343601836024
6756,2023-10-09 11:00:00,625.2183308668114
6757,2023-10-09 12:00:00,529.9358307165704
6758,2023-10-09 13:00:00,542.9929309954133
6759,2023-10-09 14:00:00,514.7536132142847
6760,2023-10-09 15:00:00,538.8365426275167
6761,2023-10-09 16:00:00,533.3108421473008
6762,2023-10-09 17:00:00,567.588120703425
6763,2023-10-09 18:00:00,534.7057028164039
6764,2023-10-09 19:00:00,573.5237756666138
6765,2023-10-09 20:00:00,535.1334631194399
6766,2023-10-09 21:00:00,501.52516683525124
6767,2023-10-09 22:00:00,523.076298173588
6768,2023-10-09 23:00:00,583.8315829653108
6769,2023-10-10 00:00:00,567.1286955220373
6770,2023-10-10 01:00:00,551.8539079374896
6771,2023-10-10 02:00:00,583.2429417559478
6772,2023-10-10 03:00:00,571.3436236429056
6773,2023-10-10 04:00:00,576.800987889951
6774,2023-10-10 05:00:00,521.7363049046759
6775,2023-10-10 06:00:00,560.9399087946175
6776,2023-10-10 07:00:00,562.728252299888
6777,2023-10-10 08:00:00,547.6311545151102
6778,2023-10-10 09:00:00,545.822957763129
6779,2023-10-10 10:00:00,558.8241788802327
6780,2023-10-10 11:00:00,566.2956242489437
6781,2023-10-10 12:00:00,522.5722200053931
6782,2023-10-10 13:00:00,469.1319746989732
6783,2023-10-10 14:00:00,512.1745510231192
6784,2023-10-10 15:00:00,509.4215180985369
6785,2023-10-10 16:00:00,558.9853289966582
6786,2023-10-10 17:00:00,524.1353571282962
6787,2023-10-10 18:00:00,493.5209996327305
6788,2023-10-10 19:00:00,525.9033274622237
6789,2023-10-10 20:00:00,467.588123903026
6790,2023-10-10 21:00:00,548.9042350039329
6791,2023-10-10 22:00:00,532.844725326642
6792,2023-10-10 23:00:00,520.5165439409483
6793,2023-10-11 00:00:00,541.3478188404
6794,2023-10-11 01:00:00,582.3752772460278
6795,2023-10-11 02:00:00,502.58393142104853
6796,2023-10-11 03:00:00,585.4645593249068
6797,2023-10-11 04:00:00,583.7274874835667
6798,2023-10-11 05:00:00,550.6664840053747
6799,2023-10-11 06:00:00,577.0955091026423
6800,2023-10-11 07:00:00,548.94995872892
6801,2023-10-11 08:00:00,593.5379116543844
6802,2023-10-11 09:00:00,523.6926588920824
6803,2023-10-11 10:00:00,569.931758625443
6804,2023-10-11 11:00:00,559.2944743072678
6805,2023-10-11 12:00:00,579.1804214912854
6806,2023-10-11 13:00:00,524.715540730098
6807,2023-10-11 14:00:00,493.5820448272752
6808,2023-10-11 15:00:00,476.38974682646403
6809,2023-10-11 16:00:00,497.3109256021899
6810,2023-10-11 17:00:00,496.21137314867985
6811,2023-10-11 18:00:00,467.3047246399426
6812,2023-10-11 19:00:00,504.37910301108434
6813,2023-10-11 20:00:00,508.97584146451356
6814,2023-10-11 21:00:00,538.8507753733156
6815,2023-10-11 22:00:00,549.2783666343901
6816,2023-10-11 23:00:00,554.6319420697332
6817,2023-10-12 00:00:00,486.7000731015847
6818,2023-10-12 01:00:00,601.2185859455712
6819,2023-10-12 02:00:00,535.0536350676555
6820,2023-10-12 03:00:00,560.9928130390348
6821,2023-10-12 04:00:00,548.5365843736282
6822,2023-10-12 05:00:00,558.8725110657018
6823,2023-10-12 06:00:00,539.0497178253933
6824,2023-10-12 07:00:00,581.6630491879506
6825,2023-10-12 08:00:00,576.1374845844338
6826,2023-10-12 09:00:00,587.4720032948874
6827,2023-10-12 10:00:00,542.1872506408988
6828,2023-10-12 11:00:00,537.3234917688591
6829,2023-10-12 12:00:00,610.6189335809197
6830,2023-10-12 13:00:00,516.7768102155986
6831,2023-10-12 14:00:00,530.2698803496405
6832,2023-10-12 15:00:00,485.99085801130457
6833,2023-10-12 16:00:00,548.5666195547782
6834,2023-10-12 17:00:00,520.761345370122
6835,2023-10-12 18:00:00,512.0178337755472
6836,2023-10-12 19:00:00,505.6740627699036
6837,2023-10-12 20:00:00,525.8563557812779
6838,2023-10-12 21:00:00,541.1304966610676
6839,2023-10-12 22:00:00,511.5831175714224
6840,2023-10-12 23:00:00,525.2623638290831
6841,2023-10-13 00:00:00,540.6064314958534
6842,2023-10-13 01:00:00,519.0421475397651
6843,2023-10-13 02:00:00,561.7000065986798
6844,2023-10-13 03:00:00,595.5558062514983
6845,2023-10-13 04:00:00,576.3823979293493
6846,2023-10-13 05:00:00,608.4154310168699
6847,2023-10-13 06:00:00,527.9020875950965
6848,2023-10-13 07:00:00,587.4406168356206
6849,2023-10-13 08:00:00,583.1366647575542
6850,2023-10-13 09:00:00,534.8863873561784
6851,2023-10-13 10:00:00,603.1836003019207
6852,2023-10-13 11:00:00,565.3324387836011
6853,2023-10-13 12:00:00,584.2504601979252
6854,2023-10-13 13:00:00,546.3784431020385
6855,2023-10-13 14:00:00,454.23992352744784
6856,2023-10-13 15:00:00,565.4763314219564
6857,2023-10-13 16:00:00,530.4652511536757
6858,2023-10-13 17:00:00,515.1741543984385
6859,2023-10-13 18:00:00,512.9926873569927
6860,2023-10-13 19:00:00,531.7785716196497
6861,2023-10-13 20:00:00,552.9488407294263
6862,2023-10-13 21:00:00,554.890584197163
6863,2023-10-13 22:00:00,545.3579329849653
6864,2023-10-13 23:00:00,617.2456467263968
6865,2023-10-14 00:00:00,569.8045691619727
6866,2023-10-14 01:00:00,581.0442226317673
6867,2023-10-14 02:00:00,539.7113588050518
6868,2023-10-14 03:00:00,516.8943584300746
6869,2023-10-14 04:00:00,597.8508798461476
6870,2023-10-14 05:00:00,609.0281773946656
6871,2023-10-14 06:00:00,515.9939795606159
6872,2023-10-14 07:00:00,550.9431386672861
6873,2023-10-14 08:00:00,570.7491543149238
6874,2023-10-14 09:00:00,555.2559788059538
6875,2023-10-14 10:00:00,523.5083616383747
6876,2023-10-14 11:00:00,580.1498204053871
6877,2023-10-14 12:00:00,528.5578696572177
6878,2023-10-14 13:00:00,533.8969049895197
6879,2023-10-14 14:00:00,464.24188481171467
6880,2023-10-14 15:00:00,566.4587193025302
6881,2023-10-14 16:00:00,510.24453926035284
6882,2023-10-14 17:00:00,546.096356084238
6883,2023-10-14 18:00:00,520.9178067694597
6884,2023-10-14 19:00:00,501.78593078606116
6885,2023-10-14 20:00:00,499.63788342481206
6886,2023-10-14 21:00:00,542.5270199484307
6887,2023-10-14 22:00:00,503.53538012552235
6888,2023-10-14 23:00:00,482.4874507221865
6889,2023-10-15 00:00:00,572.8382831142046
6890,2023-10-15 01:00:00,588.0245358326507
6891,2023-10-15 02:00:00,560.2122578919189
6892,2023-10-15 03:00:00,571.4998689157918
6893,2023-10-15 04:00:00,564.7774728763213
6894,2023-10-15 05:00:00,546.2344790057323
6895,2023-10-15 06:00:00,588.1278000312238
6896,2023-10-15 07:00:00,586.8756782554944
6897,2023-10-15 08:00:00,557.6593491769696
6898,2023-10-15 09:00:00,590.1524737714277
6899,2023-10-15 10:00:00,580.979963909268
6900,2023-10-15 11:00:00,554.5589542381914
6901,2023-10-15 12:00:00,569.3369676604783
6902,2023-10-15 13:00:00,564.9602297775077
6903,2023-10-15 14:00:00,586.8931430845148
6904,2023-10-15 15:00:00,519.849015332631
6905,2023-10-15 16:00:00,486.3397540215035
6906,2023-10-15 17:00:00,499.83185721915737
6907,2023-10-15 18:00:00,546.5503088194771
6908,2023-10-15 19:00:00,572.600769932069
6909,2023-10-15 20:00:00,535.5249818997901
6910,2023-10-15 21:00:00,504.75620078014174
6911,2023-10-15 22:00:00,553.9143898598184
6912,2023-10-15 23:00:00,574.9983306040563
6913,2023-10-16 00:00:00,569.2070306964292
6914,2023-10-16 01:00:00,534.2169788794882
6915,2023-10-16 02:00:00,557.508570562985
6916,2023-10-16 03:00:00,607.6852565769882
6917,2023-10-16 04:00:00,583.7306870616627
6918,2023-10-16 05:00:00,567.5834271393356
6919,2023-10-16 06:00:00,572.5074501921418
6920,2023-10-16 07:00:00,563.5921696863154
6921,2023-10-16 08:00:00,560.3866135544974
6922,2023-10-16 09:00:00,575.1964688053814
6923,2023-10-16 10:00:00,577.8330193020258
6924,2023-10-16 11:00:00,567.3715859363284
6925,2023-10-16 12:00:00,547.9023679603705
6926,2023-10-16 13:00:00,569.9817074772776
6927,2023-10-16 14:00:00,488.0345118803941
6928,2023-10-16 15:00:00,572.3223939877023
6929,2023-10-16 16:00:00,531.4343848378917
6930,2023-10-16 17:00:00,554.7471066610764
6931,2023-10-16 18:00:00,510.8577968908893
6932,2023-10-16 19:00:00,525.5252206664686
6933,2023-10-16 20:00:00,525.3920992842231
6934,2023-10-16 21:00:00,521.4365901591359
6935,2023-10-16 22:00:00,575.7014375299157
6936,2023-10-16 23:00:00,549.6154372556857
6937,2023-10-17 00:00:00,565.5003976381107
6938,2023-10-17 01:00:00,571.301737017196
6939,2023-10-17 02:00:00,558.9068063539381
6940,2023-10-17 03:00:00,602.0810670201831
6941,2023-10-17 04:00:00,569.6990949155816
6942,2023-10-17 05:00:00,595.6444830609448
6943,2023-10-17 06:00:00,573.8778325304077
6944,2023-10-17 07:00:00,556.5486841638185
6945,2023-10-17 08:00:00,513.1212902232268
6946,2023-10-17 09:00:00,568.9466351848018
6947,2023-10-17 10:00:00,560.1079512410126
6948,2023-10-17 11:00:00,568.5584913154152
6949,2023-10-17 12:00:00,568.3340468751321
6950,2023-10-17 13:00:00,566.8511076297444
6951,2023-10-17 14:00:00,521.6723468198077
6952,2023-10-17 15:00:00,561.8215263797669
6953,2023-10-17 16:00:00,530.736002041277
6954,2023-10-17 17:00:00,505.3823214476268
6955,2023-10-17 18:00:00,529.523731373171
6956,2023-10-17 19:00:00,533.4375568816974
6957,2023-10-17 20:00:00,551.1178458746933
6958,2023-10-17 21:00:00,568.2674079685045
6959,2023-10-17 22:00:00,582.0952211872292
6960,2023-10-17 23:00:00,581.3045456220341
6961,2023-10-18 00:00:00,563.6119104662511
6962,2023-10-18 01:00:00,572.8089934289853
6963,2023-10-18 02:00:00,584.9381003798518
6964,2023-10-18 03:00:00,580.2243010195141
6965,2023-10-18 04:00:00,595.2139157825309
6966,2023-10-18 05:00:00,620.3201091047916
6967,2023-10-18 06:00:00,578.1522419740842
6968,2023-10-18 07:00:00,596.3218136949671
6969,2023-10-18 08:00:00,603.1167327270798
6970,2023-10-18 09:00:00,560.7648046890857
6971,2023-10-18 10:00:00,599.7024913606322
6972,2023-10-18 11:00:00,585.1049354823227
6973,2023-10-18 12:00:00,507.9829655109501
6974,2023-10-18 13:00:00,531.7927824166024
6975,2023-10-18 14:00:00,514.3706399952749
6976,2023-10-18 15:00:00,538.8234907462254
6977,2023-10-18 16:00:00,543.1685470745203
6978,2023-10-18 17:00:00,483.4683747321955
6979,2023-10-18 18:00:00,543.3762904221201
6980,2023-10-18 19:00:00,530.3137585936674
6981,2023-10-18 20:00:00,509.4815957181546
6982,2023-10-18 21:00:00,511.8926871787435
6983,2023-10-18 22:00:00,541.0121080927514
6984,2023-10-18 23:00:00,560.2608668833673
6985,2023-10-19 00:00:00,559.7169776439196
6986,2023-10-19 01:00:00,589.0793513503534
6987,2023-10-19 02:00:00,594.4518097022434
6988,2023-10-19 03:00:00,547.9255164243607
6989,2023-10-19 04:00:00,540.1532771555642
6990,2023-10-19 05:00:00,555.7007672236839
6991,2023-10-19 06:00:00,609.1574970260504
6992,2023-10-19 07:00:00,562.5978880933884
6993,2023-10-19 08:00:00,550.186505044325
6994,2023-10-19 09:00:00,573.2201362840915
6995,2023-10-19 10:00:00,544.1163950041446
6996,2023-10-19 11:00:00,568.992936667872
6997,2023-10-19 12:00:00,600.9954325158749
6998,2023-10-19 13:00:00,489.5597243811331
6999,2023-10-19 14:00:00,529.3327358892489
7000,2023-10-19 15:00:00,537.6651101867582
7001,2023-10-19 16:00:00,584.5470304581648
7002,2023-10-19 17:00:00,476.57482343666715
7003,2023-10-19 18:00:00,553.8551657473843
7004,2023-10-19 19:00:00,554.5770449565852
7005,2023-10-19 20:00:00,559.8143086042073
7006,2023-10-19 21:00:00,591.5831354455394
7007,2023-10-19 22:00:00,546.7925383534001
7008,2023-10-19 23:00:00,533.1404185169001
7009,2023-10-20 00:00:00,552.4191301419961
7010,2023-10-20 01:00:00,539.6981844070258
7011,2023-10-20 02:00:00,622.6796259818324
7012,2023-10-20 03:00:00,612.9835730886721
7013,2023-10-20 04:00:00,564.4471346586657
7014,2023-10-20 05:00:00,611.8127951626217
7015,2023-10-20 06:00:00,562.6096115645954
7016,2023-10-20 07:00:00,615.1055723289674
7017,2023-10-20 08:00:00,581.1188456953496
7018,2023-10-20 09:00:00,561.9604045434991
7019,2023-10-20 10:00:00,608.0273594087968
7020,2023-10-20 11:00:00,552.7171347134002
7021,2023-10-20 12:00:00,586.4426657939944
7022,2023-10-20 13:00:00,531.5316256164
7023,2023-10-20 14:00:00,552.520730274353
7024,2023-10-20 15:00:00,549.8623891700375
7025,2023-10-20 16:00:00,530.97148717138
7026,2023-10-20 17:00:00,540.0026570965586
7027,2023-10-20 18:00:00,501.69665208445804
7028,2023-10-20 19:00:00,508.20221343306645
7029,2023-10-20 20:00:00,525.2762691831783
7030,2023-10-20 21:00:00,545.8062812502026
7031,2023-10-20 22:00:00,567.4618908982189
7032,2023-10-20 23:00:00,577.9175879923299
7033,2023-10-21 00:00:00,572.7581752966896
7034,2023-10-21 01:00:00,499.51367275191785
7035,2023-10-21 02:00:00,608.2569996960224
7036,2023-10-21 03:00:00,629.0717001523938
7037,2023-10-21 04:00:00,559.1719593065602
7038,2023-10-21 05:00:00,594.3080262474832
7039,2023-10-21 06:00:00,586.1471006997884
7040,2023-10-21 07:00:00,615.7563818930538
7041,2023-10-21 08:00:00,568.087258775172
7042,2023-10-21 09:00:00,586.7022741550463
7043,2023-10-21 10:00:00,561.1467487927299
7044,2023-10-21 11:00:00,568.0345465464669
7045,2023-10-21 12:00:00,576.5401805591853
7046,2023-10-21 13:00:00,545.0276963832948
7047,2023-10-21 14:00:00,511.5914913775241
7048,2023-10-21 15:00:00,590.5407488678047
7049,2023-10-21 16:00:00,517.6916463098769
7050,2023-10-21 17:00:00,595.9848431156853
7051,2023-10-21 18:00:00,533.5430535710148
7052,2023-10-21 19:00:00,532.3985622350974
7053,2023-10-21 20:00:00,535.6497572163371
7054,2023-10-21 21:00:00,501.2291533845634
7055,2023-10-21 22:00:00,498.5957420981462
7056,2023-10-21 23:00:00,584.8506746617575
7057,2023-10-22 00:00:00,538.8681536900173
7058,2023-10-22 01:00:00,532.052035911343
7059,2023-10-22 02:00:00,612.1335270862925
7060,2023-10-22 03:00:00,583.4731352317333
7061,2023-10-22 04:00:00,577.9111294822651
7062,2023-10-22 05:00:00,579.4669582632621
7063,2023-10-22 06:00:00,570.8652166883102
7064,2023-10-22 07:00:00,563.3765283903133
7065,2023-10-22 08:00:00,614.613403277694
7066,2023-10-22 09:00:00,590.2366611607079
7067,2023-10-22 10:00:00,548.3235608104516
7068,2023-10-22 11:00:00,578.0920663983253
7069,2023-10-22 12:00:00,569.5409345915268
7070,2023-10-22 13:00:00,593.0965031961142
7071,2023-10-22 14:00:00,508.673730967972
7072,2023-10-22 15:00:00,591.9695797910651
7073,2023-10-22 16:00:00,597.905153037846
7074,2023-10-22 17:00:00,526.2178943297384
7075,2023-10-22 18:00:00,490.97131623338095
7076,2023-10-22 19:00:00,546.0809844175947
7077,2023-10-22 20:00:00,554.6593648665623
7078,2023-10-22 21:00:00,594.1548375678065
7079,2023-10-22 22:00:00,603.0224714853647
7080,2023-10-22 23:00:00,538.5773447587896
7081,2023-10-23 00:00:00,553.3439431103341
7082,2023-10-23 01:00:00,605.7182362716471
7083,2023-10-23 02:00:00,558.9206014431304
7084,2023-10-23 03:00:00,605.8969339295534
7085,2023-10-23 04:00:00,596.7679758277551
7086,2023-10-23 05:00:00,622.8799737397978
7087,2023-10-23 06:00:00,600.8552127690409
7088,2023-10-23 07:00:00,592.6526213098759
7089,2023-10-23 08:00:00,560.5582573472233
7090,2023-10-23 09:00:00,559.2331798535896
7091,2023-10-23 10:00:00,548.6132920606901
7092,2023-10-23 11:00:00,591.7383400668942
7093,2023-10-23 12:00:00,574.797195489111
7094,2023-10-23 13:00:00,561.9613804755637
7095,2023-10-23 14:00:00,580.8690743938268
7096,2023-10-23 15:00:00,488.42574039077397
7097,2023-10-23 16:00:00,540.2398380391884
7098,2023-10-23 17:00:00,522.1333486641133
7099,2023-10-23 18:00:00,603.832382771551
7100,2023-10-23 19:00:00,499.88243932802726
7101,2023-10-23 20:00:00,528.6038980735264
7102,2023-10-23 21:00:00,519.948102376295
7103,2023-10-23 22:00:00,567.20158211096
7104,2023-10-23 23:00:00,564.7136202623477
7105,2023-10-24 00:00:00,531.96521355445
7106,2023-10-24 01:00:00,562.3303964252493
7107,2023-10-24 02:00:00,584.9698085100728
7108,2023-10-24 03:00:00,546.9584071462479
7109,2023-10-24 04:00:00,578.8075189372942
7110,2023-10-24 05:00:00,566.9160092469672
7111,2023-10-24 06:00:00,574.7322755072826
7112,2023-10-24 07:00:00,565.0899292995757
7113,2023-10-24 08:00:00,599.3789241740621
7114,2023-10-24 09:00:00,566.7399390527381
7115,2023-10-24 10:00:00,593.4767141167
7116,2023-10-24 11:00:00,581.441131210474
7117,2023-10-24 12:00:00,583.9159988243362
7118,2023-10-24 13:00:00,484.59696693156843
7119,2023-10-24 14:00:00,571.7101508697361
7120,2023-10-24 15:00:00,499.94993892831064
7121,2023-10-24 16:00:00,518.0454807689181
7122,2023-10-24 17:00:00,560.1377983283742
7123,2023-10-24 18:00:00,500.73350959122763
7124,2023-10-24 19:00:00,577.9868378737622
7125,2023-10-24 20:00:00,543.3021850007251
7126,2023-10-24 21:00:00,570.7624135416718
7127,2023-10-24 22:00:00,548.479385950346
7128,2023-10-24 23:00:00,573.5791690481674
7129,2023-10-25 00:00:00,598.1647678882933
7130,2023-10-25 01:00:00,534.978494847213
7131,2023-10-25 02:00:00,595.3968053950276
7132,2023-10-25 03:00:00,627.2654650901932
7133,2023-10-25 04:00:00,626.2469622967145
7134,2023-10-25 05:00:00,628.634116326972
7135,2023-10-25 06:00:00,666.9264794027573
7136,2023-10-25 07:00:00,594.8076671070162
7137,2023-10-25 08:00:00,562.8742323246637
7138,2023-10-25 09:00:00,570.9049446842138
7139,2023-10-25 10:00:00,556.5449716873824
7140,2023-10-25 11:00:00,509.5519738101583
7141,2023-10-25 12:00:00,538.172038404499
7142,2023-10-25 13:00:00,538.3502311394242
7143,2023-10-25 14:00:00,544.0090974876945
7144,2023-10-25 15:00:00,525.8417834075489
7145,2023-10-25 16:00:00,534.8717268935806
7146,2023-10-25 17:00:00,512.0158835042369
7147,2023-10-25 18:00:00,547.3126217142078
7148,2023-10-25 19:00:00,580.2938774111014
7149,2023-10-25 20:00:00,561.7652326236274
7150,2023-10-25 21:00:00,571.2616522709114
7151,2023-10-25 22:00:00,565.3688614215116
7152,2023-10-25 23:00:00,579.2922045251637
7153,2023-10-26 00:00:00,603.092939556145
7154,2023-10-26 01:00:00,507.7077319403963
7155,2023-10-26 02:00:00,553.3138445677564
7156,2023-10-26 03:00:00,581.602370337639
7157,2023-10-26 04:00:00,599.3355888814675
7158,2023-10-26 05:00:00,640.0273054233405
7159,2023-10-26 06:00:00,566.6373039271633
7160,2023-10-26 07:00:00,640.2772168755691
7161,2023-10-26 08:00:00,577.5892021903038
7162,2023-10-26 09:00:00,586.5463243166678
7163,2023-10-26 10:00:00,574.5793001275215
7164,2023-10-26 11:00:00,579.5935648675136
7165,2023-10-26 12:00:00,543.0965474906409
7166,2023-10-26 13:00:00,632.8129454014202
7167,2023-10-26 14:00:00,546.132339818679
7168,2023-10-26 15:00:00,542.0354691674561
7169,2023-10-26 16:00:00,535.4551810907692
7170,2023-10-26 17:00:00,591.4980721987399
7171,2023-10-26 18:00:00,490.26041783832864
7172,2023-10-26 19:00:00,496.28217402736897
7173,2023-10-26 20:00:00,522.6929720071442
7174,2023-10-26 21:00:00,547.5680553326406
7175,2023-10-26 22:00:00,552.0993514311238
7176,2023-10-26 23:00:00,542.1575761282256
7177,2023-10-27 00:00:00,542.7806242944025
7178,2023-10-27 01:00:00,515.8604988244144
7179,2023-10-27 02:00:00,565.6848622788299
7180,2023-10-27 03:00:00,573.8712188886426
7181,2023-10-27 04:00:00,595.6430527386293
7182,2023-10-27 05:00:00,604.5587149670223
7183,2023-10-27 06:00:00,588.655253938686
7184,2023-10-27 07:00:00,667.1345728190611
7185,2023-10-27 08:00:00,611.1613142647436
7186,2023-10-27 09:00:00,567.5675148142158
7187,2023-10-27 10:00:00,561.228176682651
7188,2023-10-27 11:00:00,601.5338102246756
7189,2023-10-27 12:00:00,585.1953133334221
7190,2023-10-27 13:00:00,534.8190882090246
7191,2023-10-27 14:00:00,581.4793704291385
7192,2023-10-27 15:00:00,546.8265175776393
7193,2023-10-27 16:00:00,567.2084211184618
7194,2023-10-27 17:00:00,543.4071526749096
7195,2023-10-27 18:00:00,559.9304874689783
7196,2023-10-27 19:00:00,537.7416811773182
7197,2023-10-27 20:00:00,547.0556967906002
7198,2023-10-27 21:00:00,511.22222252155433
7199,2023-10-27 22:00:00,572.757538903356
7200,2023-10-27 23:00:00,610.7207715827219
7201,2023-10-28 00:00:00,607.9446255429682
7202,2023-10-28 01:00:00,603.0095848636977
7203,2023-10-28 02:00:00,560.5535213899515
7204,2023-10-28 03:00:00,590.2616137135033
7205,2023-10-28 04:00:00,572.9713723805606
7206,2023-10-28 05:00:00,668.253075983511
7207,2023-10-28 06:00:00,569.1437970514701
7208,2023-10-28 07:00:00,615.6831068751862
7209,2023-10-28 08:00:00,628.9204429888377
7210,2023-10-28 09:00:00,571.138177758486
7211,2023-10-28 10:00:00,628.5001792392246
7212,2023-10-28 11:00:00,558.8495124377589
7213,2023-10-28 12:00:00,607.8213201379018
7214,2023-10-28 13:00:00,513.3150032056076
7215,2023-10-28 14:00:00,558.865748464076
7216,2023-10-28 15:00:00,501.78453459378176
7217,2023-10-28 16:00:00,563.9545469488887
7218,2023-10-28 17:00:00,528.9060513110131
7219,2023-10-28 18:00:00,519.3577532572094
7220,2023-10-28 19:00:00,563.376007376857
7221,2023-10-28 20:00:00,607.0051118508277
7222,2023-10-28 21:00:00,572.6098617087549
7223,2023-10-28 22:00:00,575.2824206208023
7224,2023-10-28 23:00:00,577.3556013501026
7225,2023-10-29 00:00:00,562.8812314507669
7226,2023-10-29 01:00:00,610.0037383728587
7227,2023-10-29 02:00:00,584.7622816029759
7228,2023-10-29 03:00:00,626.9075610204889
7229,2023-10-29 04:00:00,581.0569003162611
7230,2023-10-29 05:00:00,574.4604046427875
7231,2023-10-29 06:00:00,574.4783274404257
7232,2023-10-29 07:00:00,580.8454861595644
7233,2023-10-29 08:00:00,623.9821962080437
7234,2023-10-29 09:00:00,533.5371298078957
7235,2023-10-29 10:00:00,622.456039055182
7236,2023-10-29 11:00:00,565.611290489904
7237,2023-10-29 12:00:00,623.8062294103232
7238,2023-10-29 13:00:00,556.1787337085251
7239,2023-10-29 14:00:00,566.7357462047028
7240,2023-10-29 15:00:00,536.0160398652964
7241,2023-10-29 16:00:00,540.9190492524086
7242,2023-10-29 17:00:00,577.5886475378464
7243,2023-10-29 18:00:00,604.1149104725313
7244,2023-10-29 19:00:00,551.3686412715284
7245,2023-10-29 20:00:00,547.1920542718767
7246,2023-10-29 21:00:00,563.4132762806152
7247,2023-10-29 22:00:00,576.1574837481187
7248,2023-10-29 23:00:00,572.9046662838542
7249,2023-10-30 00:00:00,564.9728833692091
7250,2023-10-30 01:00:00,615.703972621083
7251,2023-10-30 02:00:00,569.3735400696524
7252,2023-10-30 03:00:00,613.4110300834352
7253,2023-10-30 04:00:00,594.4269336871854
7254,2023-10-30 05:00:00,600.3162088305808
7255,2023-10-30 06:00:00,555.1703783552346
7256,2023-10-30 07:00:00,604.0256537454588
7257,2023-10-30 08:00:00,644.4250979248307
7258,2023-10-30 09:00:00,578.0452772722342
7259,2023-10-30 10:00:00,642.8782190937749
7260,2023-10-30 11:00:00,577.753838132657
7261,2023-10-30 12:00:00,556.5979439177307
7262,2023-10-30 13:00:00,550.6004074296405
7263,2023-10-30 14:00:00,570.0583260931454
7264,2023-10-30 15:00:00,574.8417866890252
7265,2023-10-30 16:00:00,510.65229078615505
7266,2023-10-30 17:00:00,583.5869562734392
7267,2023-10-30 18:00:00,543.0055268300267
7268,2023-10-30 19:00:00,531.8404011552342
7269,2023-10-30 20:00:00,518.2670571315009
7270,2023-10-30 21:00:00,523.5011375409312
7271,2023-10-30 22:00:00,549.9686197357594
7272,2023-10-30 23:00:00,574.0074153732834
7273,2023-10-31 00:00:00,557.0050292141106
7274,2023-10-31 01:00:00,588.0468105628017
7275,2023-10-31 02:00:00,604.7847981109865
7276,2023-10-31 03:00:00,616.3458676656284
7277,2023-10-31 04:00:00,611.8863168346072
7278,2023-10-31 05:00:00,643.934187133972
7279,2023-10-31 06:00:00,610.5070653866784
7280,2023-10-31 07:00:00,635.3370667575075
7281,2023-10-31 08:00:00,621.9435712870712
7282,2023-10-31 09:00:00,599.7971849083406
7283,2023-10-31 10:00:00,572.9203670870825
7284,2023-10-31 11:00:00,600.8315482816553
7285,2023-10-31 12:00:00,559.9366630155688
7286,2023-10-31 13:00:00,596.0019610750528
7287,2023-10-31 14:00:00,539.7891333617447
7288,2023-10-31 15:00:00,586.6258656854383
7289,2023-10-31 16:00:00,551.1669870917171
7290,2023-10-31 17:00:00,527.4286864731912
7291,2023-10-31 18:00:00,551.8984453238387
7292,2023-10-31 19:00:00,549.0393907789502
7293,2023-10-31 20:00:00,563.0600651873679
7294,2023-10-31 21:00:00,557.4365316712338
7295,2023-10-31 22:00:00,521.5474847891645
7296,2023-10-31 23:00:00,561.749342873089
7297,2023-11-01 00:00:00,559.8633943356067
7298,2023-11-01 01:00:00,531.5922574218823
7299,2023-11-01 02:00:00,571.715216860704
7300,2023-11-01 03:00:00,598.1050116331505
7301,2023-11-01 04:00:00,592.4731265408159
7302,2023-11-01 05:00:00,605.8024068735415
7303,2023-11-01 06:00:00,570.5174105671457
7304,2023-11-01 07:00:00,647.5816806136803
7305,2023-11-01 08:00:00,622.903794250122
7306,2023-11-01 09:00:00,610.9719863610642
7307,2023-11-01 10:00:00,562.6952192917188
7308,2023-11-01 11:00:00,565.9667190278783
7309,2023-11-01 12:00:00,528.5440491577241
7310,2023-11-01 13:00:00,580.0603508177253
7311,2023-11-01 14:00:00,554.2031635478129
7312,2023-11-01 15:00:00,587.0458465774371
7313,2023-11-01 16:00:00,480.84966492677074
7314,2023-11-01 17:00:00,562.1476291152541
7315,2023-11-01 18:00:00,553.8926746981598
7316,2023-11-01 19:00:00,524.416610752058
7317,2023-11-01 20:00:00,587.7934646285371
7318,2023-11-01 21:00:00,545.8949391100318
7319,2023-11-01 22:00:00,562.6488774037807
7320,2023-11-01 23:00:00,558.3522442825785
7321,2023-11-02 00:00:00,576.3006102161404
7322,2023-11-02 01:00:00,604.1607280702367
7323,2023-11-02 02:00:00,588.9081348482438
7324,2023-11-02 03:00:00,608.4709546001536
7325,2023-11-02 04:00:00,601.7082029100699
7326,2023-11-02 05:00:00,630.8254814403797
7327,2023-11-02 06:00:00,585.9540269968235
7328,2023-11-02 07:00:00,589.9822155931743
7329,2023-11-02 08:00:00,578.7857253389449
7330,2023-11-02 09:00:00,560.7736449967248
7331,2023-11-02 10:00:00,635.8549008532935
7332,2023-11-02 11:00:00,555.614125111065
7333,2023-11-02 12:00:00,572.2016900355966
7334,2023-11-02 13:00:00,525.024245326877
7335,2023-11-02 14:00:00,582.5489403071089
7336,2023-11-02 15:00:00,594.4670814414947
7337,2023-11-02 16:00:00,545.7111711405182
7338,2023-11-02 17:00:00,582.289271756183
7339,2023-11-02 18:00:00,484.97360421158146
7340,2023-11-02 19:00:00,514.1989102714161
7341,2023-11-02 20:00:00,580.1878330567941
7342,2023-11-02 21:00:00,623.4972614525185
7343,2023-11-02 22:00:00,582.891481411068
7344,2023-11-02 23:00:00,525.5149889824567
7345,2023-11-03 00:00:00,575.3935692363406
7346,2023-11-03 01:00:00,553.6840762753593
7347,2023-11-03 02:00:00,598.1056262966222
7348,2023-11-03 03:00:00,610.4523604503539
7349,2023-11-03 04:00:00,556.5975042601674
7350,2023-11-03 05:00:00,613.9656730653354
7351,2023-11-03 06:00:00,589.6182621425077
7352,2023-11-03 07:00:00,603.586029426241
7353,2023-11-03 08:00:00,576.3093923728289
7354,2023-11-03 09:00:00,575.4787956196399
7355,2023-11-03 10:00:00,614.9247090641039
7356,2023-11-03 11:00:00,585.5826671549484
7357,2023-11-03 12:00:00,603.1536617085674
7358,2023-11-03 13:00:00,570.1688677442197
7359,2023-11-03 14:00:00,563.6153179364933
7360,2023-11-03 15:00:00,615.9308444975584
7361,2023-11-03 16:00:00,598.1163009402233
7362,2023-11-03 17:00:00,550.3247365980586
7363,2023-11-03 18:00:00,578.378047265682
7364,2023-11-03 19:00:00,539.4448736826554
7365,2023-11-03 20:00:00,563.7131813269721
7366,2023-11-03 21:00:00,556.0666322093065
7367,2023-11-03 22:00:00,547.5776591034754
7368,2023-11-03 23:00:00,598.1747526180027
7369,2023-11-04 00:00:00,619.5430396423983
7370,2023-11-04 01:00:00,539.8691131372078
7371,2023-11-04 02:00:00,591.3927991896112
7372,2023-11-04 03:00:00,599.2666889365427
7373,2023-11-04 04:00:00,634.6187193423963
7374,2023-11-04 05:00:00,567.5532881556293
7375,2023-11-04 06:00:00,641.6599706681834
7376,2023-11-04 07:00:00,651.5188808416216
7377,2023-11-04 08:00:00,607.605815416536
7378,2023-11-04 09:00:00,554.3681190672992
7379,2023-11-04 10:00:00,565.3308959173988
7380,2023-11-04 11:00:00,577.3963845307147
7381,2023-11-04 12:00:00,580.5503137783209
7382,2023-11-04 13:00:00,559.7407893330467
7383,2023-11-04 14:00:00,577.4096309493965
7384,2023-11-04 15:00:00,583.9486627923648
7385,2023-11-04 16:00:00,620.9626387882175
7386,2023-11-04 17:00:00,517.4122350738096
7387,2023-11-04 18:00:00,574.1947250338409
7388,2023-11-04 19:00:00,572.5565010790858
7389,2023-11-04 20:00:00,534.4108350098867
7390,2023-11-04 21:00:00,564.4075982187316
7391,2023-11-04 22:00:00,549.5022489097478
7392,2023-11-04 23:00:00,585.1886747492324
7393,2023-11-05 00:00:00,580.8749243008868
7394,2023-11-05 01:00:00,564.6320232298941
7395,2023-11-05 02:00:00,603.1225813457198
7396,2023-11-05 03:00:00,575.1354570657703
7397,2023-11-05 04:00:00,546.4624164715656
7398,2023-11-05 05:00:00,668.1529039699282
7399,2023-11-05 06:00:00,591.8347470980457
7400,2023-11-05 07:00:00,578.8902502751494
7401,2023-11-05 08:00:00,567.8884958833013
7402,2023-11-05 09:00:00,615.2691060021467
7403,2023-11-05 10:00:00,583.1586596835126
7404,2023-11-05 11:00:00,582.515590441854
7405,2023-11-05 12:00:00,590.2945140231261
7406,2023-11-05 13:00:00,586.691865480346
7407,2023-11-05 14:00:00,570.6495251138565
7408,2023-11-05 15:00:00,549.412289731142
7409,2023-11-05 16:00:00,511.8596744232232
7410,2023-11-05 17:00:00,579.581988287049
7411,2023-11-05 18:00:00,537.1017708842973
7412,2023-11-05 19:00:00,556.1359653311973
7413,2023-11-05 20:00:00,565.3484411269249
7414,2023-11-05 21:00:00,620.6779271197713
7415,2023-11-05 22:00:00,558.8241532782365
7416,2023-11-05 23:00:00,533.7321974130548
7417,2023-11-06 00:00:00,592.0195332443194
7418,2023-11-06 01:00:00,588.9678837250754
7419,2023-11-06 02:00:00,610.7849930577713
7420,2023-11-06 03:00:00,626.2788513791379
7421,2023-11-06 04:00:00,630.5919824663905
7422,2023-11-06 05:00:00,597.3230896164898
7423,2023-11-06 06:00:00,640.2149674254537
7424,2023-11-06 07:00:00,638.2339651434587
7425,2023-11-06 08:00:00,601.4002841144588
7426,2023-11-06 09:00:00,651.0814307983048
7427,2023-11-06 10:00:00,565.7266520440323
7428,2023-11-06 11:00:00,631.4575050789313
7429,2023-11-06 12:00:00,594.2833306773621
7430,2023-11-06 13:00:00,558.159127448165
7431,2023-11-06 14:00:00,541.2946575692604
7432,2023-11-06 15:00:00,522.5118652174737
7433,2023-11-06 16:00:00,562.9992840973542
7434,2023-11-06 17:00:00,596.0872552387268
7435,2023-11-06 18:00:00,534.0502676977754
7436,2023-11-06 19:00:00,579.8576096492842
7437,2023-11-06 20:00:00,555.1490275297905
7438,2023-11-06 21:00:00,640.9938712194565
7439,2023-11-06 22:00:00,548.0305801274199
7440,2023-11-06 23:00:00,557.4476733344895
7441,2023-11-07 00:00:00,571.3970441152186
7442,2023-11-07 01:00:00,579.0058483141069
7443,2023-11-07 02:00:00,576.7965390982663
7444,2023-11-07 03:00:00,624.729357598544
7445,2023-11-07 04:00:00,591.8658470943727
7446,2023-11-07 05:00:00,544.3170020451032
7447,2023-11-07 06:00:00,597.0134699533147
7448,2023-11-07 07:00:00,644.6884785731992
7449,2023-11-07 08:00:00,570.0351989171689
7450,2023-11-07 09:00:00,593.185070417046
7451,2023-11-07 10:00:00,590.5386081814287
7452,2023-11-07 11:00:00,609.8938136084093
7453,2023-11-07 12:00:00,566.581453709109
7454,2023-11-07 13:00:00,624.6321962277175
7455,2023-11-07 14:00:00,546.9594345497642
7456,2023-11-07 15:00:00,549.1352412662816
7457,2023-11-07 16:00:00,506.69620336414613
7458,2023-11-07 17:00:00,598.4005056891549
7459,2023-11-07 18:00:00,531.7509716203067
7460,2023-11-07 19:00:00,619.8067761411896
7461,2023-11-07 20:00:00,553.1737677365346
7462,2023-11-07 21:00:00,604.1344127757111
7463,2023-11-07 22:00:00,579.1507546614754
7464,2023-11-07 23:00:00,547.5122457219303
7465,2023-11-08 00:00:00,603.0093463868992
7466,2023-11-08 01:00:00,629.132602393445
7467,2023-11-08 02:00:00,616.9625813515637
7468,2023-11-08 03:00:00,634.318803575694
7469,2023-11-08 04:00:00,626.1170274954553
7470,2023-11-08 05:00:00,632.2277566748529
7471,2023-11-08 06:00:00,653.1101613975809
7472,2023-11-08 07:00:00,600.4757281045892
7473,2023-11-08 08:00:00,617.2664640221266
7474,2023-11-08 09:00:00,595.6030848930966
7475,2023-11-08 10:00:00,568.6954482848943
7476,2023-11-08 11:00:00,558.1944191418426
7477,2023-11-08 12:00:00,575.2409443356496
7478,2023-11-08 13:00:00,582.122035939156
7479,2023-11-08 14:00:00,575.4488719388925
7480,2023-11-08 15:00:00,538.848814948255
7481,2023-11-08 16:00:00,552.2584989152168
7482,2023-11-08 17:00:00,584.0523676850142
7483,2023-11-08 18:00:00,520.5907561419848
7484,2023-11-08 19:00:00,559.3639552285076
7485,2023-11-08 20:00:00,615.5488295260526
7486,2023-11-08 21:00:00,598.7321370744318
7487,2023-11-08 22:00:00,580.5076667129981
7488,2023-11-08 23:00:00,573.5928705353293
7489,2023-11-09 00:00:00,515.8258089542152
7490,2023-11-09 01:00:00,624.7383527363027
7491,2023-11-09 02:00:00,615.3313468201502
7492,2023-11-09 03:00:00,640.5542821798892
7493,2023-11-09 04:00:00,588.9900469253007
7494,2023-11-09 05:00:00,594.0167958200442
7495,2023-11-09 06:00:00,573.163561795677
7496,2023-11-09 07:00:00,608.9636622086877
7497,2023-11-09 08:00:00,639.0490422036381
7498,2023-11-09 09:00:00,618.962709222791
7499,2023-11-09 10:00:00,629.5763990439045
7500,2023-11-09 11:00:00,584.1082659788208
7501,2023-11-09 12:00:00,616.4596722651598
7502,2023-11-09 13:00:00,600.7306700508861
7503,2023-11-09 14:00:00,547.7318712157778
7504,2023-11-09 15:00:00,582.905235280534
7505,2023-11-09 16:00:00,581.2811300513415
7506,2023-11-09 17:00:00,557.8378168368293
7507,2023-11-09 18:00:00,594.0999815401724
7508,2023-11-09 19:00:00,535.4883487749239
7509,2023-11-09 20:00:00,542.6608747538802
7510,2023-11-09 21:00:00,534.1195356753382
7511,2023-11-09 22:00:00,509.41864847863724
7512,2023-11-09 23:00:00,630.4661374697955
7513,2023-11-10 00:00:00,609.0848402377887
7514,2023-11-10 01:00:00,578.4808455255682
7515,2023-11-10 02:00:00,570.348115491318
7516,2023-11-10 03:00:00,615.571594421635
7517,2023-11-10 04:00:00,619.4948234975507
7518,2023-11-10 05:00:00,565.2665695130692
7519,2023-11-10 06:00:00,615.5718342175037
7520,2023-11-10 07:00:00,613.2014899246594
7521,2023-11-10 08:00:00,592.3972430338667
7522,2023-11-10 09:00:00,601.4945542965353
7523,2023-11-10 10:00:00,583.6070323190462
7524,2023-11-10 11:00:00,662.8050912443671
7525,2023-11-10 12:00:00,636.2092552961885
7526,2023-11-10 13:00:00,588.820685282823
7527,2023-11-10 14:00:00,572.3676860319594
7528,2023-11-10 15:00:00,550.5059424509845
7529,2023-11-10 16:00:00,588.5489371246659
7530,2023-11-10 17:00:00,577.6804077597409
7531,2023-11-10 18:00:00,555.2315549012438
7532,2023-11-10 19:00:00,580.5171572609348
7533,2023-11-10 20:00:00,586.3923326500856
7534,2023-11-10 21:00:00,561.9882822821559
7535,2023-11-10 22:00:00,591.1170455126592
7536,2023-11-10 23:00:00,603.3143785684648
7537,2023-11-11 00:00:00,634.1773659279474
7538,2023-11-11 01:00:00,564.2818642658525
7539,2023-11-11 02:00:00,617.4589258018248
7540,2023-11-11 03:00:00,585.6948617657087
7541,2023-11-11 04:00:00,612.3211550302782
7542,2023-11-11 05:00:00,640.9558139994006
7543,2023-11-11 06:00:00,632.9156934947074
7544,2023-11-11 07:00:00,667.092395448378
7545,2023-11-11 08:00:00,656.0274103959457
7546,2023-11-11 09:00:00,624.3670066839595
7547,2023-11-11 10:00:00,614.6694866856783
7548,2023-11-11 11:00:00,613.9436719241176
7549,2023-11-11 12:00:00,564.7378051480903
7550,2023-11-11 13:00:00,582.7821582102429
7551,2023-11-11 14:00:00,591.4256222212582
7552,2023-11-11 15:00:00,557.2980369340239
7553,2023-11-11 16:00:00,582.1711937213228
7554,2023-11-11 17:00:00,568.1386714469336
7555,2023-11-11 18:00:00,613.9148045205258
7556,2023-11-11 19:00:00,560.5339690782743
7557,2023-11-11 20:00:00,592.1591503052497
7558,2023-11-11 21:00:00,578.9317186616978
7559,2023-11-11 22:00:00,597.1615794115536
7560,2023-11-11 23:00:00,601.4658272768467
7561,2023-11-12 00:00:00,552.279280773842
7562,2023-11-12 01:00:00,590.6413463455352
7563,2023-11-12 02:00:00,555.7143621408559
7564,2023-11-12 03:00:00,637.9651758125734
7565,2023-11-12 04:00:00,625.7497703488938
7566,2023-11-12 05:00:00,659.5136185247821
7567,2023-11-12 06:00:00,593.6153467624126
7568,2023-11-12 07:00:00,638.9460925777965
7569,2023-11-12 08:00:00,602.4650370014376
7570,2023-11-12 09:00:00,606.4103884454039
7571,2023-11-12 10:00:00,604.7243540705372
7572,2023-11-12 11:00:00,634.8453547300206
7573,2023-11-12 12:00:00,625.7590824489366
7574,2023-11-12 13:00:00,561.0767653999892
7575,2023-11-12 14:00:00,614.1892225897377
7576,2023-11-12 15:00:00,560.4708744973889
7577,2023-11-12 16:00:00,590.9393779026875
7578,2023-11-12 17:00:00,579.5584143481539
7579,2023-11-12 18:00:00,566.5482431528135
7580,2023-11-12 19:00:00,605.5886039056173
7581,2023-11-12 20:00:00,580.1657820923131
7582,2023-11-12 21:00:00,508.0914831146609
7583,2023-11-12 22:00:00,502.05078806707695
7584,2023-11-12 23:00:00,565.5781520651395
7585,2023-11-13 00:00:00,627.8091318570973
7586,2023-11-13 01:00:00,615.3188492719157
7587,2023-11-13 02:00:00,587.6675846553113
7588,2023-11-13 03:00:00,615.7380980201867
7589,2023-11-13 04:00:00,637.5319252393268
7590,2023-11-13 05:00:00,624.8932025420422
7591,2023-11-13 06:00:00,642.650108521165
7592,2023-11-13 07:00:00,566.3799473582731
7593,2023-11-13 08:00:00,638.5947659239852
7594,2023-11-13 09:00:00,632.9018329733946
7595,2023-11-13 10:00:00,600.9765390904945
7596,2023-11-13 11:00:00,569.529973829396
7597,2023-11-13 12:00:00,573.114125097607
7598,2023-11-13 13:00:00,573.286337673273
7599,2023-11-13 14:00:00,621.9865090054011
7600,2023-11-13 15:00:00,599.601897286229
7601,2023-11-13 16:00:00,586.3246116395983
7602,2023-11-13 17:00:00,542.2028645934904
7603,2023-11-13 18:00:00,611.2429246751182
7604,2023-11-13 19:00:00,566.2668344023883
7605,2023-11-13 20:00:00,593.3756030847326
7606,2023-11-13 21:00:00,619.0815675492116
7607,2023-11-13 22:00:00,641.3078759725237
7608,2023-11-13 23:00:00,601.010554005811
7609,2023-11-14 00:00:00,581.1064464767586
7610,2023-11-14 01:00:00,575.3132578607001
7611,2023-11-14 02:00:00,606.4750104263103
7612,2023-11-14 03:00:00,592.8627562550015
7613,2023-11-14 04:00:00,589.6144119284422
7614,2023-11-14 05:00:00,636.9382598360379
7615,2023-11-14 06:00:00,606.1400822204745
7616,2023-11-14 07:00:00,610.0479834665409
7617,2023-11-14 08:00:00,638.3734540157642
7618,2023-11-14 09:00:00,590.1747666926155
7619,2023-11-14 10:00:00,623.5990708058938
7620,2023-11-14 11:00:00,578.245159250046
7621,2023-11-14 12:00:00,561.8774887321143
7622,2023-11-14 13:00:00,560.4935900913935
7623,2023-11-14 14:00:00,558.6063164441036
7624,2023-11-14 15:00:00,526.4776590805756
7625,2023-11-14 16:00:00,569.1583937093959
7626,2023-11-14 17:00:00,529.8735385864813
7627,2023-11-14 18:00:00,562.2624418213858
7628,2023-11-14 19:00:00,564.1200738090157
7629,2023-11-14 20:00:00,591.0417666965978
7630,2023-11-14 21:00:00,604.8115893795858
7631,2023-11-14 22:00:00,599.8686903442087
7632,2023-11-14 23:00:00,550.4115411500856
7633,2023-11-15 00:00:00,622.0630835056895
7634,2023-11-15 01:00:00,541.6425334742257
7635,2023-11-15 02:00:00,637.9173449449826
7636,2023-11-15 03:00:00,565.9604599858305
7637,2023-11-15 04:00:00,626.2624333559689
7638,2023-11-15 05:00:00,578.7960250045488
7639,2023-11-15 06:00:00,619.6059866749755
7640,2023-11-15 07:00:00,622.0890596617828
7641,2023-11-15 08:00:00,602.7566455699255
7642,2023-11-15 09:00:00,627.308148816329
7643,2023-11-15 10:00:00,592.4833001272488
7644,2023-11-15 11:00:00,520.7134861511865
7645,2023-11-15 12:00:00,617.813723199677
7646,2023-11-15 13:00:00,619.1580126071568
7647,2023-11-15 14:00:00,570.1343692970732
7648,2023-11-15 15:00:00,542.4547450201635
7649,2023-11-15 16:00:00,582.4070162992512
7650,2023-11-15 17:00:00,587.1113000474741
7651,2023-11-15 18:00:00,586.3349188240367
7652,2023-11-15 19:00:00,539.4476951863684
7653,2023-11-15 20:00:00,613.3367359176063
7654,2023-11-15 21:00:00,567.4143930270881
7655,2023-11-15 22:00:00,597.68052479357
7656,2023-11-15 23:00:00,551.3431206729873
7657,2023-11-16 00:00:00,595.3383535806593
7658,2023-11-16 01:00:00,644.9197376577467
7659,2023-11-16 02:00:00,607.7187053583946
7660,2023-11-16 03:00:00,631.8427300990876
7661,2023-11-16 04:00:00,603.3173124961654
7662,2023-11-16 05:00:00,613.9737372949953
7663,2023-11-16 06:00:00,639.4847544681093
7664,2023-11-16 07:00:00,563.4114979967623
7665,2023-11-16 08:00:00,615.4973418644805
7666,2023-11-16 09:00:00,580.833390060026
7667,2023-11-16 10:00:00,579.7665429011886
7668,2023-11-16 11:00:00,689.4144120897436
7669,2023-11-16 12:00:00,590.7568466975232
7670,2023-11-16 13:00:00,569.5188115900925
7671,2023-11-16 14:00:00,599.1915119356612
7672,2023-11-16 15:00:00,599.4078383832118
7673,2023-11-16 16:00:00,542.3939005704336
7674,2023-11-16 17:00:00,620.3526384203478
7675,2023-11-16 18:00:00,565.1327538886894
7676,2023-11-16 19:00:00,564.294089944954
7677,2023-11-16 20:00:00,580.4554155023761
7678,2023-11-16 21:00:00,582.395437585704
7679,2023-11-16 22:00:00,571.4637791282285
7680,2023-11-16 23:00:00,628.1666467668159
7681,2023-11-17 00:00:00,590.3946866745581
7682,2023-11-17 01:00:00,600.5060534288848
7683,2023-11-17 02:00:00,631.4867009970746
7684,2023-11-17 03:00:00,622.2791950233045
7685,2023-11-17 04:00:00,588.3519969594732
7686,2023-11-17 05:00:00,680.5686508917478
7687,2023-11-17 06:00:00,583.9915719542316
7688,2023-11-17 07:00:00,652.701312723896
7689,2023-11-17 08:00:00,646.8778663187032
7690,2023-11-17 09:00:00,579.5831781425629
7691,2023-11-17 10:00:00,595.0949773566005
7692,2023-11-17 11:00:00,604.0145605796044
7693,2023-11-17 12:00:00,620.9816452556656
7694,2023-11-17 13:00:00,651.194640644424
7695,2023-11-17 14:00:00,581.0242632773867
7696,2023-11-17 15:00:00,557.3084814950078
7697,2023-11-17 16:00:00,605.2299541512085
7698,2023-11-17 17:00:00,576.2535692995101
7699,2023-11-17 18:00:00,552.6752876947389
7700,2023-11-17 19:00:00,540.0169334802928
7701,2023-11-17 20:00:00,537.6691612531439
7702,2023-11-17 21:00:00,587.1626795771538
7703,2023-11-17 22:00:00,656.7549269987207
7704,2023-11-17 23:00:00,594.1577321217269
7705,2023-11-18 00:00:00,588.6785309282649
7706,2023-11-18 01:00:00,616.3325649505612
7707,2023-11-18 02:00:00,568.5660929202143
7708,2023-11-18 03:00:00,607.5530995764027
7709,2023-11-18 04:00:00,631.8754285670891
7710,2023-11-18 05:00:00,646.3239002962902
7711,2023-11-18 06:00:00,649.2522517366883
7712,2023-11-18 07:00:00,604.0372567242281
7713,2023-11-18 08:00:00,650.1893952251293
7714,2023-11-18 09:00:00,630.8793494712844
7715,2023-11-18 10:00:00,636.5264202288038
7716,2023-11-18 11:00:00,604.5516455622624
7717,2023-11-18 12:00:00,598.6596427474536
7718,2023-11-18 13:00:00,640.3301270018285
7719,2023-11-18 14:00:00,519.592320952039
7720,2023-11-18 15:00:00,530.3161906731409
7721,2023-11-18 16:00:00,525.4098363397858
7722,2023-11-18 17:00:00,611.4195084975777
7723,2023-11-18 18:00:00,585.7568593649723
7724,2023-11-18 19:00:00,578.7673566269399
7725,2023-11-18 20:00:00,572.2734937633821
7726,2023-11-18 21:00:00,569.3868565309812
7727,2023-11-18 22:00:00,553.5182885440604
7728,2023-11-18 23:00:00,580.9574821107418
7729,2023-11-19 00:00:00,593.520554623595
7730,2023-11-19 01:00:00,559.8314393557516
7731,2023-11-19 02:00:00,617.9446160676318
7732,2023-11-19 03:00:00,610.7333116764595
7733,2023-11-19 04:00:00,644.3032582953427
7734,2023-11-19 05:00:00,671.7386917751023
7735,2023-11-19 06:00:00,623.3439461139338
7736,2023-11-19 07:00:00,650.817971547068
7737,2023-11-19 08:00:00,669.6719937210855
7738,2023-11-19 09:00:00,598.4902316409017
7739,2023-11-19 10:00:00,665.5974449110576
7740,2023-11-19 11:00:00,591.0935463195065
7741,2023-11-19 12:00:00,587.3959180528782
7742,2023-11-19 13:00:00,601.8039974116369
7743,2023-11-19 14:00:00,561.8686316258015
7744,2023-11-19 15:00:00,572.5073166349038
7745,2023-11-19 16:00:00,640.0556347025993
7746,2023-11-19 17:00:00,630.9325076576581
7747,2023-11-19 18:00:00,581.2499678134835
7748,2023-11-19 19:00:00,539.7877843547509
7749,2023-11-19 20:00:00,597.7929316251601
7750,2023-11-19 21:00:00,566.1714606559084
7751,2023-11-19 22:00:00,593.4184806319772
7752,2023-11-19 23:00:00,610.2736291590584
7753,2023-11-20 00:00:00,585.6595722988891
7754,2023-11-20 01:00:00,618.0115326297305
7755,2023-11-20 02:00:00,627.3801376579016
7756,2023-11-20 03:00:00,672.8510651735929
7757,2023-11-20 04:00:00,585.576849746803
7758,2023-11-20 05:00:00,654.8346461218239
7759,2023-11-20 06:00:00,675.3793983907215
7760,2023-11-20 07:00:00,632.6092300196794
7761,2023-11-20 08:00:00,652.8635323183227
7762,2023-11-20 09:00:00,618.4420142634997
7763,2023-11-20 10:00:00,584.6243860446208
7764,2023-11-20 11:00:00,640.7824242230732
7765,2023-11-20 12:00:00,575.8396110569782
7766,2023-11-20 13:00:00,583.6391255359332
7767,2023-11-20 14:00:00,594.2866460388109
7768,2023-11-20 15:00:00,551.1265713580241
7769,2023-11-20 16:00:00,544.0036591979567
7770,2023-11-20 17:00:00,596.9760927469661
7771,2023-11-20 18:00:00,593.2331650004546
7772,2023-11-20 19:00:00,590.6310636275731
7773,2023-11-20 20:00:00,519.9449981202267
7774,2023-11-20 21:00:00,528.4380596556341
7775,2023-11-20 22:00:00,649.7547498779486
7776,2023-11-20 23:00:00,573.3281331383814
7777,2023-11-21 00:00:00,592.7908118616251
7778,2023-11-21 01:00:00,654.5396180433329
7779,2023-11-21 02:00:00,608.9125681724324
7780,2023-11-21 03:00:00,641.8505900834082
7781,2023-11-21 04:00:00,579.1041341450283
7782,2023-11-21 05:00:00,628.6851396645717
7783,2023-11-21 06:00:00,598.9648304580957
7784,2023-11-21 07:00:00,582.8536628615147
7785,2023-11-21 08:00:00,620.8014977819647
7786,2023-11-21 09:00:00,659.8911168267518
7787,2023-11-21 10:00:00,647.5712696598418
7788,2023-11-21 11:00:00,595.1574027358312
7789,2023-11-21 12:00:00,561.3783852404537
7790,2023-11-21 13:00:00,618.7738505538894
7791,2023-11-21 14:00:00,495.1196200030953
7792,2023-11-21 15:00:00,565.1013694030814
7793,2023-11-21 16:00:00,574.3702997676929
7794,2023-11-21 17:00:00,539.0959280137733
7795,2023-11-21 18:00:00,647.4804258079463
7796,2023-11-21 19:00:00,616.2571270919125
7797,2023-11-21 20:00:00,559.4582700911204
7798,2023-11-21 21:00:00,555.327625609299
7799,2023-11-21 22:00:00,595.2827696981135
7800,2023-11-21 23:00:00,634.2909191290854
7801,2023-11-22 00:00:00,595.3980974662862
7802,2023-11-22 01:00:00,591.9075197170478
7803,2023-11-22 02:00:00,644.2318416220768
7804,2023-11-22 03:00:00,586.5526288746197
7805,2023-11-22 04:00:00,665.5879179754475
7806,2023-11-22 05:00:00,636.5793376121185
7807,2023-11-22 06:00:00,647.5529937322725
7808,2023-11-22 07:00:00,615.4617061166774
7809,2023-11-22 08:00:00,643.3291740897268
7810,2023-11-22 09:00:00,597.3245392180687
7811,2023-11-22 10:00:00,573.2627108560553
7812,2023-11-22 11:00:00,618.696793671584
7813,2023-11-22 12:00:00,555.6157120532683
7814,2023-11-22 13:00:00,532.2918354011414
7815,2023-11-22 14:00:00,550.4109255277004
7816,2023-11-22 15:00:00,571.8822560554711
7817,2023-11-22 16:00:00,570.2193517241844
7818,2023-11-22 17:00:00,598.4508730505788
7819,2023-11-22 18:00:00,551.5745771610472
7820,2023-11-22 19:00:00,585.6338317579091
7821,2023-11-22 20:00:00,574.7571258154053
7822,2023-11-22 21:00:00,532.3584094424448
7823,2023-11-22 22:00:00,588.2088875650027
7824,2023-11-22 23:00:00,614.9930959552114
7825,2023-11-23 00:00:00,608.1294312529687
7826,2023-11-23 01:00:00,609.1887406015251
7827,2023-11-23 02:00:00,615.2896344804643
7828,2023-11-23 03:00:00,601.0216485284117
7829,2023-11-23 04:00:00,655.3800763588698
7830,2023-11-23 05:00:00,631.6091758637833
7831,2023-11-23 06:00:00,614.0082527954289
7832,2023-11-23 07:00:00,623.1460581713006
7833,2023-11-23 08:00:00,583.5056017999906
7834,2023-11-23 09:00:00,642.0260306990587
7835,2023-11-23 10:00:00,570.5729005631058
7836,2023-11-23 11:00:00,588.4355387601449
7837,2023-11-23 12:00:00,597.4045159435527
7838,2023-11-23 13:00:00,589.9744295059842
7839,2023-11-23 14:00:00,542.2620147952042
7840,2023-11-23 15:00:00,550.8927519936519
7841,2023-11-23 16:00:00,550.3610763614954
7842,2023-11-23 17:00:00,535.2008281614806
7843,2023-11-23 18:00:00,604.7732001404025
7844,2023-11-23 19:00:00,574.2066003999795
7845,2023-11-23 20:00:00,574.401456159066
7846,2023-11-23 21:00:00,616.8638068528438
7847,2023-11-23 22:00:00,573.9157844725653
7848,2023-11-23 23:00:00,631.1671568680512
7849,2023-11-24 00:00:00,583.5553509674488
7850,2023-11-24 01:00:00,593.3199574989458
7851,2023-11-24 02:00:00,596.5850373722734
7852,2023-11-24 03:00:00,632.6316042519131
7853,2023-11-24 04:00:00,604.9329491587312
7854,2023-11-24 05:00:00,651.6399005556231
7855,2023-11-24 06:00:00,622.5072868623207
7856,2023-11-24 07:00:00,669.6086010699066
7857,2023-11-24 08:00:00,625.8194667664231
7858,2023-11-24 09:00:00,617.6193464243081
7859,2023-11-24 10:00:00,605.987335530006
7860,2023-11-24 11:00:00,610.2216332348793
7861,2023-11-24 12:00:00,620.0981906679702
7862,2023-11-24 13:00:00,579.6359400108921
7863,2023-11-24 14:00:00,558.6318522051798
7864,2023-11-24 15:00:00,576.0634794232368
7865,2023-11-24 16:00:00,562.527950794565
7866,2023-11-24 17:00:00,584.4204826492002
7867,2023-11-24 18:00:00,591.7022940166157
7868,2023-11-24 19:00:00,567.2771293340537
7869,2023-11-24 20:00:00,585.5372177397059
7870,2023-11-24 21:00:00,584.4365733402009
7871,2023-11-24 22:00:00,549.1093779705643
7872,2023-11-24 23:00:00,584.9799953201693
7873,2023-11-25 00:00:00,633.5440545465091
7874,2023-11-25 01:00:00,663.2881566753246
7875,2023-11-25 02:00:00,634.2418299832436
7876,2023-11-25 03:00:00,619.5862331307484
7877,2023-11-25 04:00:00,625.2667581395606
7878,2023-11-25 05:00:00,673.62084458365
7879,2023-11-25 06:00:00,610.1091386771236
7880,2023-11-25 07:00:00,659.4550206112423
7881,2023-11-25 08:00:00,615.7578751165948
7882,2023-11-25 09:00:00,622.4102741885671
7883,2023-11-25 10:00:00,624.5107803353925
7884,2023-11-25 11:00:00,586.4341611322292
7885,2023-11-25 12:00:00,557.633416359151
7886,2023-11-25 13:00:00,627.2682538960125
7887,2023-11-25 14:00:00,605.7018796775845
7888,2023-11-25 15:00:00,605.2654453257439
7889,2023-11-25 16:00:00,643.3200968470073
7890,2023-11-25 17:00:00,540.5757151068722
7891,2023-11-25 18:00:00,580.7410503689796
7892,2023-11-25 19:00:00,568.9659729457005
7893,2023-11-25 20:00:00,613.2619981036504
7894,2023-11-25 21:00:00,600.2980660439762
7895,2023-11-25 22:00:00,579.5563134718074
7896,2023-11-25 23:00:00,570.4661714650092
7897,2023-11-26 00:00:00,630.2379887282377
7898,2023-11-26 01:00:00,552.8407579364939
7899,2023-11-26 02:00:00,610.5669687252785
7900,2023-11-26 03:00:00,657.2625874748069
7901,2023-11-26 04:00:00,570.5988592182833
7902,2023-11-26 05:00:00,699.272658846442
7903,2023-11-26 06:00:00,626.9431384580621
7904,2023-11-26 07:00:00,680.4175957863321
7905,2023-11-26 08:00:00,596.8705133828169
7906,2023-11-26 09:00:00,598.1892222852542
7907,2023-11-26 10:00:00,631.478983484804
7908,2023-11-26 11:00:00,601.9619387771999
7909,2023-11-26 12:00:00,587.125106487176
7910,2023-11-26 13:00:00,636.1319907280241
7911,2023-11-26 14:00:00,574.0837296799674
7912,2023-11-26 15:00:00,534.4197296970871
7913,2023-11-26 16:00:00,566.0878559872473
7914,2023-11-26 17:00:00,522.6798383698165
7915,2023-11-26 18:00:00,590.9016781629123
7916,2023-11-26 19:00:00,593.8404515461083
7917,2023-11-26 20:00:00,588.6726740953649
7918,2023-11-26 21:00:00,609.2544104175031
7919,2023-11-26 22:00:00,604.9942422970273
7920,2023-11-26 23:00:00,611.1702422464627
7921,2023-11-27 00:00:00,616.3050919759306
7922,2023-11-27 01:00:00,607.4753592794871
7923,2023-11-27 02:00:00,569.5829997320876
7924,2023-11-27 03:00:00,628.0191137025055
7925,2023-11-27 04:00:00,648.4601908371236
7926,2023-11-27 05:00:00,662.4595413159167
7927,2023-11-27 06:00:00,645.6451063921023
7928,2023-11-27 07:00:00,645.8061634884453
7929,2023-11-27 08:00:00,615.2707283715931
7930,2023-11-27 09:00:00,687.5035584976505
7931,2023-11-27 10:00:00,637.6986098025862
7932,2023-11-27 11:00:00,646.6209496197711
7933,2023-11-27 12:00:00,638.3324876900081
7934,2023-11-27 13:00:00,602.4903358646593
7935,2023-11-27 14:00:00,558.2415574725766
7936,2023-11-27 15:00:00,578.3789590079816
7937,2023-11-27 16:00:00,643.8383350390333
7938,2023-11-27 17:00:00,510.75936143420125
7939,2023-11-27 18:00:00,562.499004844566
7940,2023-11-27 19:00:00,580.9727963315198
7941,2023-11-27 20:00:00,638.9761825911672
7942,2023-11-27 21:00:00,581.6419311553058
7943,2023-11-27 22:00:00,622.8212688117885
7944,2023-11-27 23:00:00,642.8206471608804
7945,2023-11-28 00:00:00,590.8416935584598
7946,2023-11-28 01:00:00,646.9967052386398
7947,2023-11-28 02:00:00,602.3215767596917
7948,2023-11-28 03:00:00,579.5433129974198
7949,2023-11-28 04:00:00,660.6225486951562
7950,2023-11-28 05:00:00,667.0910488994265
7951,2023-11-28 06:00:00,624.08304474862
7952,2023-11-28 07:00:00,648.0377276592023
7953,2023-11-28 08:00:00,617.810163822364
7954,2023-11-28 09:00:00,679.735578083165
7955,2023-11-28 10:00:00,599.7463682459022
7956,2023-11-28 11:00:00,601.9272104800242
7957,2023-11-28 12:00:00,552.3137709102538
7958,2023-11-28 13:00:00,584.8035674055255
7959,2023-11-28 14:00:00,566.907057233906
7960,2023-11-28 15:00:00,581.1336937796244
7961,2023-11-28 16:00:00,559.1396662081191
7962,2023-11-28 17:00:00,559.7684649630753
7963,2023-11-28 18:00:00,594.77422840379
7964,2023-11-28 19:00:00,609.3312092169791
7965,2023-11-28 20:00:00,618.576740479637
7966,2023-11-28 21:00:00,570.7419014829601
7967,2023-11-28 22:00:00,585.5180235394787
7968,2023-11-28 23:00:00,631.9105812174938
7969,2023-11-29 00:00:00,619.7155961323724
7970,2023-11-29 01:00:00,647.3179844485402
7971,2023-11-29 02:00:00,615.8259472967962
7972,2023-11-29 03:00:00,646.3773779140938
7973,2023-11-29 04:00:00,630.9035067959094
7974,2023-11-29 05:00:00,654.1264454056458
7975,2023-11-29 06:00:00,624.3075501615141
7976,2023-11-29 07:00:00,671.7645879424632
7977,2023-11-29 08:00:00,630.603861168994
7978,2023-11-29 09:00:00,650.8456998039354
7979,2023-11-29 10:00:00,618.2600596662786
7980,2023-11-29 11:00:00,609.7588046642027
7981,2023-11-29 12:00:00,655.8717065450041
7982,2023-11-29 13:00:00,605.6102316152892
7983,2023-11-29 14:00:00,588.1942742102575
7984,2023-11-29 15:00:00,567.8732350821242
7985,2023-11-29 16:00:00,647.7606669578047
7986,2023-11-29 17:00:00,587.0345112288039
7987,2023-11-29 18:00:00,544.9170491756321
7988,2023-11-29 19:00:00,618.9680162424575
7989,2023-11-29 20:00:00,608.6202956110715
7990,2023-11-29 21:00:00,610.1502842198252
7991,2023-11-29 22:00:00,628.1021065537374
7992,2023-11-29 23:00:00,600.6312156507338
7993,2023-11-30 00:00:00,640.2770033224612
7994,2023-11-30 01:00:00,631.3233916959445
7995,2023-11-30 02:00:00,629.5897060228398
7996,2023-11-30 03:00:00,668.0621153941883
7997,2023-11-30 04:00:00,662.9964830506988
7998,2023-11-30 05:00:00,593.113560481758
7999,2023-11-30 06:00:00,582.497221966779
8000,2023-11-30 07:00:00,640.3311639671056
8001,2023-11-30 08:00:00,618.2912717475979
8002,2023-11-30 09:00:00,692.9495016409645
8003,2023-11-30 10:00:00,560.1611779353659
8004,2023-11-30 11:00:00,654.0510901867704
8005,2023-11-30 12:00:00,589.431364768138
8006,2023-11-30 13:00:00,601.8812047062867
8007,2023-11-30 14:00:00,588.8767847658919
8008,2023-11-30 15:00:00,583.971775293352
8009,2023-11-30 16:00:00,600.5811400812058
8010,2023-11-30 17:00:00,563.1604937635395
8011,2023-11-30 18:00:00,600.6952914862429
8012,2023-11-30 19:00:00,570.1156990481113
8013,2023-11-30 20:00:00,574.4796740945811
8014,2023-11-30 21:00:00,572.3002986983472
8015,2023-11-30 22:00:00,664.8610002345791
8016,2023-11-30 23:00:00,584.9827961029373
8017,2023-12-01 00:00:00,616.1189593695003
8018,2023-12-01 01:00:00,639.8770686134765
8019,2023-12-01 02:00:00,524.1555714118595
8020,2023-12-01 03:00:00,665.2324746045398
8021,2023-12-01 04:00:00,567.2461113861594
8022,2023-12-01 05:00:00,697.7392396595882
8023,2023-12-01 06:00:00,579.3730206530996
8024,2023-12-01 07:00:00,646.2115735250796
8025,2023-12-01 08:00:00,606.1348196950244
8026,2023-12-01 09:00:00,613.0102470663626
8027,2023-12-01 10:00:00,659.5300845757426
8028,2023-12-01 11:00:00,624.1912159808138
8029,2023-12-01 12:00:00,616.7790592046321
8030,2023-12-01 13:00:00,594.8012573493371
8031,2023-12-01 14:00:00,596.5749908325027
8032,2023-12-01 15:00:00,512.3131871779703
8033,2023-12-01 16:00:00,552.9380088943454
8034,2023-12-01 17:00:00,601.8324648486433
8035,2023-12-01 18:00:00,560.83820800664
8036,2023-12-01 19:00:00,555.0149178458669
8037,2023-12-01 20:00:00,599.2030723530816
8038,2023-12-01 21:00:00,625.2707268559224
8039,2023-12-01 22:00:00,607.4036296730665
8040,2023-12-01 23:00:00,625.8502368419199
8041,2023-12-02 00:00:00,597.6750432626995
8042,2023-12-02 01:00:00,597.7714278010008
8043,2023-12-02 02:00:00,612.5311480928713
8044,2023-12-02 03:00:00,640.4187627244371
8045,2023-12-02 04:00:00,639.3140419438841
8046,2023-12-02 05:00:00,605.27985466634
8047,2023-12-02 06:00:00,652.7906227089449
8048,2023-12-02 07:00:00,679.5711415455718
8049,2023-12-02 08:00:00,663.9463354535937
8050,2023-12-02 09:00:00,649.3058768958716
8051,2023-12-02 10:00:00,592.2909990845378
8052,2023-12-02 11:00:00,627.9237359657799
8053,2023-12-02 12:00:00,630.9643344568452
8054,2023-12-02 13:00:00,626.5871158943071
8055,2023-12-02 14:00:00,615.173233666999
8056,2023-12-02 15:00:00,591.1074562679712
8057,2023-12-02 16:00:00,598.9553924514759
8058,2023-12-02 17:00:00,570.3964651737223
8059,2023-12-02 18:00:00,600.1304441250005
8060,2023-12-02 19:00:00,600.6730172893044
8061,2023-12-02 20:00:00,601.450114403727
8062,2023-12-02 21:00:00,594.1444621656127
8063,2023-12-02 22:00:00,633.3971662956451
8064,2023-12-02 23:00:00,599.6940144328864
8065,2023-12-03 00:00:00,633.9369420326726
8066,2023-12-03 01:00:00,565.4538511967576
8067,2023-12-03 02:00:00,654.6997399155593
8068,2023-12-03 03:00:00,605.4634323299338
8069,2023-12-03 04:00:00,617.9688860369577
8070,2023-12-03 05:00:00,613.6128555399598
8071,2023-12-03 06:00:00,635.2407755702096
8072,2023-12-03 07:00:00,643.3623835206905
8073,2023-12-03 08:00:00,697.692732335562
8074,2023-12-03 09:00:00,624.2228188392888
8075,2023-12-03 10:00:00,548.8695846319141
8076,2023-12-03 11:00:00,654.397882085401
8077,2023-12-03 12:00:00,543.3033000138212
8078,2023-12-03 13:00:00,609.3486526189843
8079,2023-12-03 14:00:00,588.2660112778863
8080,2023-12-03 15:00:00,594.0605114501302
8081,2023-12-03 16:00:00,628.4255791484525
8082,2023-12-03 17:00:00,587.715815054398
8083,2023-12-03 18:00:00,625.4575682689591
8084,2023-12-03 19:00:00,607.2673252282276
8085,2023-12-03 20:00:00,634.5131477186309
8086,2023-12-03 21:00:00,634.382317180302
8087,2023-12-03 22:00:00,576.2008846393188
8088,2023-12-03 23:00:00,566.9296115780817
8089,2023-12-04 00:00:00,581.0603167696887
8090,2023-12-04 01:00:00,660.6651302614856
8091,2023-12-04 02:00:00,630.993856570092
8092,2023-12-04 03:00:00,636.6760666029655
8093,2023-12-04 04:00:00,634.803311778958
8094,2023-12-04 05:00:00,647.4009748359367
8095,2023-12-04 06:00:00,620.7385211003271
8096,2023-12-04 07:00:00,635.9590258009921
8097,2023-12-04 08:00:00,632.9474861324312
8098,2023-12-04 09:00:00,623.3608051085057
8099,2023-12-04 10:00:00,626.9776684126348
8100,2023-12-04 11:00:00,562.1663564415918
8101,2023-12-04 12:00:00,623.6957199522867
8102,2023-12-04 13:00:00,521.3017845574733
8103,2023-12-04 14:00:00,610.6997835694286
8104,2023-12-04 15:00:00,585.091082133838
8105,2023-12-04 16:00:00,597.7062419579997
8106,2023-12-04 17:00:00,591.466955840188
8107,2023-12-04 18:00:00,589.3510826035669
8108,2023-12-04 19:00:00,588.6156839318396
8109,2023-12-04 20:00:00,591.7189716366915
8110,2023-12-04 21:00:00,615.5267083601798
8111,2023-12-04 22:00:00,667.598435112005
8112,2023-12-04 23:00:00,591.4456224543206
8113,2023-12-05 00:00:00,586.7742104485052
8114,2023-12-05 01:00:00,656.9436563216973
8115,2023-12-05 02:00:00,601.5671458305454
8116,2023-12-05 03:00:00,607.5251035257562
8117,2023-12-05 04:00:00,665.7930547640625
8118,2023-12-05 05:00:00,662.7567247124467
8119,2023-12-05 06:00:00,646.3706955615656
8120,2023-12-05 07:00:00,606.1892244717678
8121,2023-12-05 08:00:00,628.2966355121085
8122,2023-12-05 09:00:00,633.408413686397
8123,2023-12-05 10:00:00,595.8129835138691
8124,2023-12-05 11:00:00,633.3343230315439
8125,2023-12-05 12:00:00,613.6530173573414
8126,2023-12-05 13:00:00,593.7877866946976
8127,2023-12-05 14:00:00,611.6099025776248
8128,2023-12-05 15:00:00,617.9502434089915
8129,2023-12-05 16:00:00,584.1979438493241
8130,2023-12-05 17:00:00,596.7101228686752
8131,2023-12-05 18:00:00,593.4499927688173
8132,2023-12-05 19:00:00,575.1522360356574
8133,2023-12-05 20:00:00,636.1718660848269
8134,2023-12-05 21:00:00,609.8603752885057
8135,2023-12-05 22:00:00,571.8375400599841
8136,2023-12-05 23:00:00,597.471667935485
8137,2023-12-06 00:00:00,569.5953165566609
8138,2023-12-06 01:00:00,600.0587745830821
8139,2023-12-06 02:00:00,664.0002797701596
8140,2023-12-06 03:00:00,642.632757486823
8141,2023-12-06 04:00:00,612.6638450197577
8142,2023-12-06 05:00:00,597.4690849295072
8143,2023-12-06 06:00:00,649.7927895142615
8144,2023-12-06 07:00:00,605.2678026616128
8145,2023-12-06 08:00:00,653.5391473141368
8146,2023-12-06 09:00:00,667.4671515311315
8147,2023-12-06 10:00:00,619.3506277669263
8148,2023-12-06 11:00:00,625.037740521717
8149,2023-12-06 12:00:00,638.4574179535117
8150,2023-12-06 13:00:00,660.2926079377598
8151,2023-12-06 14:00:00,621.8095328365365
8152,2023-12-06 15:00:00,621.498404391344
8153,2023-12-06 16:00:00,615.8167306579676
8154,2023-12-06 17:00:00,627.6442338323805
8155,2023-12-06 18:00:00,553.1619677643636
8156,2023-12-06 19:00:00,546.4099222444721
8157,2023-12-06 20:00:00,589.5186580234526
8158,2023-12-06 21:00:00,662.5173193183184
8159,2023-12-06 22:00:00,578.3804991463335
8160,2023-12-06 23:00:00,568.390255332395
8161,2023-12-07 00:00:00,637.300392142183
8162,2023-12-07 01:00:00,639.1919041399218
8163,2023-12-07 02:00:00,706.5564022244927
8164,2023-12-07 03:00:00,656.7670270520563
8165,2023-12-07 04:00:00,607.3592982255
8166,2023-12-07 05:00:00,645.3429161200781
8167,2023-12-07 06:00:00,602.4952622933155
8168,2023-12-07 07:00:00,650.2201055544963
8169,2023-12-07 08:00:00,646.4420526557283
8170,2023-12-07 09:00:00,664.3688813197275
8171,2023-12-07 10:00:00,669.5528082589234
8172,2023-12-07 11:00:00,609.9197765873676
8173,2023-12-07 12:00:00,644.3615518027236
8174,2023-12-07 13:00:00,566.7937465571999
8175,2023-12-07 14:00:00,598.9171948643245
8176,2023-12-07 15:00:00,579.7812106279587
8177,2023-12-07 16:00:00,597.8526538848816
8178,2023-12-07 17:00:00,607.1883393115311
8179,2023-12-07 18:00:00,561.8303777643386
8180,2023-12-07 19:00:00,609.7801364285328
8181,2023-12-07 20:00:00,600.4246028307576
8182,2023-12-07 21:00:00,560.332248920266
8183,2023-12-07 22:00:00,571.3228284631624
8184,2023-12-07 23:00:00,576.2757852988764
8185,2023-12-08 00:00:00,621.4051649338736
8186,2023-12-08 01:00:00,624.1235004708145
8187,2023-12-08 02:00:00,671.1256073765152
8188,2023-12-08 03:00:00,638.5241149065396
8189,2023-12-08 04:00:00,662.5796507584561
8190,2023-12-08 05:00:00,648.8063034845127
8191,2023-12-08 06:00:00,635.6886653420395
8192,2023-12-08 07:00:00,672.3990441669545
8193,2023-12-08 08:00:00,673.8420382305281
8194,2023-12-08 09:00:00,615.8310982090051
8195,2023-12-08 10:00:00,640.269951054869
8196,2023-12-08 11:00:00,584.4264233651182
8197,2023-12-08 12:00:00,611.0175828821024
8198,2023-12-08 13:00:00,595.092357772493
8199,2023-12-08 14:00:00,601.6063257248998
8200,2023-12-08 15:00:00,557.7539110465632
8201,2023-12-08 16:00:00,601.5610479388617
8202,2023-12-08 17:00:00,637.5272874826243
8203,2023-12-08 18:00:00,614.1035044172717
8204,2023-12-08 19:00:00,602.8642664587479
8205,2023-12-08 20:00:00,629.5388847891552
8206,2023-12-08 21:00:00,603.0333702835611
8207,2023-12-08 22:00:00,613.7490294698597
8208,2023-12-08 23:00:00,567.3689917925329
8209,2023-12-09 00:00:00,602.504080969234
8210,2023-12-09 01:00:00,589.4413166693607
8211,2023-12-09 02:00:00,638.3801554441787
8212,2023-12-09 03:00:00,663.2848080856705
8213,2023-12-09 04:00:00,710.4483355733319
8214,2023-12-09 05:00:00,661.7016877702813
8215,2023-12-09 06:00:00,651.3046426101824
8216,2023-12-09 07:00:00,632.7502616471298
8217,2023-12-09 08:00:00,640.2525750939444
8218,2023-12-09 09:00:00,648.2353934452879
8219,2023-12-09 10:00:00,594.828902052417
8220,2023-12-09 11:00:00,554.599369193651
8221,2023-12-09 12:00:00,577.7930868208056
8222,2023-12-09 13:00:00,607.1090246762716
8223,2023-12-09 14:00:00,600.0514343573889
8224,2023-12-09 15:00:00,551.4231769056815
8225,2023-12-09 16:00:00,565.8469550362178
8226,2023-12-09 17:00:00,565.5461401987058
8227,2023-12-09 18:00:00,539.4999052122847
8228,2023-12-09 19:00:00,570.9593638038378
8229,2023-12-09 20:00:00,575.7737090596205
8230,2023-12-09 21:00:00,565.5814006844528
8231,2023-12-09 22:00:00,661.1446749521565
8232,2023-12-09 23:00:00,685.3541286642294
8233,2023-12-10 00:00:00,605.6408165096768
8234,2023-12-10 01:00:00,611.7733913994421
8235,2023-12-10 02:00:00,609.4027247825435
8236,2023-12-10 03:00:00,621.3461762644239
8237,2023-12-10 04:00:00,640.1148922977259
8238,2023-12-10 05:00:00,651.0747098352807
8239,2023-12-10 06:00:00,629.7266374159146
8240,2023-12-10 07:00:00,635.8336618603653
8241,2023-12-10 08:00:00,678.6405018803713
8242,2023-12-10 09:00:00,598.5036254979452
8243,2023-12-10 10:00:00,606.5922906514868
8244,2023-12-10 11:00:00,649.0637845028547
8245,2023-12-10 12:00:00,572.0834176663246
8246,2023-12-10 13:00:00,607.1261265244796
8247,2023-12-10 14:00:00,635.8352074388325
8248,2023-12-10 15:00:00,593.3687543487132
8249,2023-12-10 16:00:00,555.9291741124769
8250,2023-12-10 17:00:00,584.488555171276
8251,2023-12-10 18:00:00,571.5842569500692
8252,2023-12-10 19:00:00,567.3723960018841
8253,2023-12-10 20:00:00,545.4038092167648
8254,2023-12-10 21:00:00,650.8479993877023
8255,2023-12-10 22:00:00,628.7737323774345
8256,2023-12-10 23:00:00,668.3055859285856
8257,2023-12-11 00:00:00,616.0911669389894
8258,2023-12-11 01:00:00,606.4078630730013
8259,2023-12-11 02:00:00,606.6237676476418
8260,2023-12-11 03:00:00,658.6462977521468
8261,2023-12-11 04:00:00,624.5636259088383
8262,2023-12-11 05:00:00,626.6635161915889
8263,2023-12-11 06:00:00,629.9458355205618
8264,2023-12-11 07:00:00,619.3382070216153
8265,2023-12-11 08:00:00,586.363187942656
8266,2023-12-11 09:00:00,665.2428210732476
8267,2023-12-11 10:00:00,584.9874415005073
8268,2023-12-11 11:00:00,582.4444006754131
8269,2023-12-11 12:00:00,679.7048095936419
8270,2023-12-11 13:00:00,586.8442728518417
8271,2023-12-11 14:00:00,575.6208926640778
8272,2023-12-11 15:00:00,575.1514611895885
8273,2023-12-11 16:00:00,597.0761441798636
8274,2023-12-11 17:00:00,611.317362280269
8275,2023-12-11 18:00:00,564.2361503336366
8276,2023-12-11 19:00:00,660.9121273201947
8277,2023-12-11 20:00:00,609.8946946486449
8278,2023-12-11 21:00:00,651.1992739315748
8279,2023-12-11 22:00:00,613.1988704952145
8280,2023-12-11 23:00:00,602.0014322525559
8281,2023-12-12 00:00:00,648.3487877081137
8282,2023-12-12 01:00:00,609.9752150784493
8283,2023-12-12 02:00:00,607.1058614166344
8284,2023-12-12 03:00:00,653.2178805721383
8285,2023-12-12 04:00:00,612.2112828700514
8286,2023-12-12 05:00:00,618.4921229051919
8287,2023-12-12 06:00:00,621.3960757141158
8288,2023-12-12 07:00:00,670.1814738017259
8289,2023-12-12 08:00:00,653.1208106621684
8290,2023-12-12 09:00:00,677.7753918726979
8291,2023-12-12 10:00:00,619.5596765551876
8292,2023-12-12 11:00:00,641.7849900284687
8293,2023-12-12 12:00:00,623.2100357300723
8294,2023-12-12 13:00:00,618.4844609597358
8295,2023-12-12 14:00:00,584.8985837331147
8296,2023-12-12 15:00:00,536.9591272583491
8297,2023-12-12 16:00:00,611.6124610850782
8298,2023-12-12 17:00:00,653.8688369493951
8299,2023-12-12 18:00:00,584.3701942751974
8300,2023-12-12 19:00:00,604.1915645386824
8301,2023-12-12 20:00:00,659.7671463163141
8302,2023-12-12 21:00:00,616.9286919742736
8303,2023-12-12 22:00:00,638.3620763402014
8304,2023-12-12 23:00:00,622.1078400187229
8305,2023-12-13 00:00:00,679.2933435309885
8306,2023-12-13 01:00:00,617.0696547252164
8307,2023-12-13 02:00:00,607.5647641967521
8308,2023-12-13 03:00:00,595.6696851911134
8309,2023-12-13 04:00:00,655.7428754634944
8310,2023-12-13 05:00:00,648.5554763291142
8311,2023-12-13 06:00:00,651.1721045316567
8312,2023-12-13 07:00:00,653.3245377352648
8313,2023-12-13 08:00:00,661.2633199420414
8314,2023-12-13 09:00:00,626.9878325232721
8315,2023-12-13 10:00:00,626.3204300524169
8316,2023-12-13 11:00:00,627.8749618723076
8317,2023-12-13 12:00:00,698.2345048141243
8318,2023-12-13 13:00:00,630.3130994521922
8319,2023-12-13 14:00:00,586.6434323878004
8320,2023-12-13 15:00:00,652.7510351309561
8321,2023-12-13 16:00:00,544.8854888746163
8322,2023-12-13 17:00:00,548.6319765529262
8323,2023-12-13 18:00:00,586.7676614660128
8324,2023-12-13 19:00:00,601.4987232533535
8325,2023-12-13 20:00:00,580.515691457123
8326,2023-12-13 21:00:00,617.1809982135414
8327,2023-12-13 22:00:00,602.1549375075894
8328,2023-12-13 23:00:00,637.4373241722535
8329,2023-12-14 00:00:00,602.4482490704129
8330,2023-12-14 01:00:00,594.0407218842874
8331,2023-12-14 02:00:00,632.1125058864493
8332,2023-12-14 03:00:00,685.1343888548541
8333,2023-12-14 04:00:00,648.1332478183846
8334,2023-12-14 05:00:00,644.1650846824367
8335,2023-12-14 06:00:00,663.5483798356018
8336,2023-12-14 07:00:00,637.7623504350559
8337,2023-12-14 08:00:00,617.3319252782455
8338,2023-12-14 09:00:00,662.1457667442933
8339,2023-12-14 10:00:00,620.0826698566516
8340,2023-12-14 11:00:00,634.1905351959701
8341,2023-12-14 12:00:00,586.0834572263941
8342,2023-12-14 13:00:00,580.8475155521979
8343,2023-12-14 14:00:00,565.7641006675977
8344,2023-12-14 15:00:00,621.0762993351843
8345,2023-12-14 16:00:00,614.9279214510901
8346,2023-12-14 17:00:00,560.741637266447
8347,2023-12-14 18:00:00,521.1269104952464
8348,2023-12-14 19:00:00,575.3805026077126
8349,2023-12-14 20:00:00,652.7717674403503
8350,2023-12-14 21:00:00,602.3481064144711
8351,2023-12-14 22:00:00,665.9434609477281
8352,2023-12-14 23:00:00,611.2926731742659
8353,2023-12-15 00:00:00,679.3317806508451
8354,2023-12-15 01:00:00,650.6237570545993
8355,2023-12-15 02:00:00,632.2630016495001
8356,2023-12-15 03:00:00,651.2267182077326
8357,2023-12-15 04:00:00,621.3525009632398
8358,2023-12-15 05:00:00,633.1196004784485
8359,2023-12-15 06:00:00,658.7684958116737
8360,2023-12-15 07:00:00,643.5531496632786
8361,2023-12-15 08:00:00,632.9807828175718
8362,2023-12-15 09:00:00,630.8640557320721
8363,2023-12-15 10:00:00,643.9712196630456
8364,2023-12-15 11:00:00,628.4764982656875
8365,2023-12-15 12:00:00,614.8709895981114
8366,2023-12-15 13:00:00,609.7676854835553
8367,2023-12-15 14:00:00,537.9916010484097
8368,2023-12-15 15:00:00,642.4507069209141
8369,2023-12-15 16:00:00,569.9422573736057
8370,2023-12-15 17:00:00,615.8542100677669
8371,2023-12-15 18:00:00,629.1204379812216
8372,2023-12-15 19:00:00,562.7619962247968
8373,2023-12-15 20:00:00,605.9809660218115
8374,2023-12-15 21:00:00,633.6606079825693
8375,2023-12-15 22:00:00,585.5140892272838
8376,2023-12-15 23:00:00,550.4642845346593
8377,2023-12-16 00:00:00,621.6608149337583
8378,2023-12-16 01:00:00,583.1310216618396
8379,2023-12-16 02:00:00,679.8140725110463
8380,2023-12-16 03:00:00,607.0663704308638
8381,2023-12-16 04:00:00,613.2798967754586
8382,2023-12-16 05:00:00,656.9104802855067
8383,2023-12-16 06:00:00,663.9895479681394
8384,2023-12-16 07:00:00,661.4136036306338
8385,2023-12-16 08:00:00,685.2329913713038
8386,2023-12-16 09:00:00,649.2446057711502
8387,2023-12-16 10:00:00,646.5950231055941
8388,2023-12-16 11:00:00,625.8240582795218
8389,2023-12-16 12:00:00,633.2285261754972
8390,2023-12-16 13:00:00,578.0660756581015
8391,2023-12-16 14:00:00,643.7012146916657
8392,2023-12-16 15:00:00,587.4572203020177
8393,2023-12-16 16:00:00,617.1638590150058
8394,2023-12-16 17:00:00,601.8343322031708
8395,2023-12-16 18:00:00,574.9303997204893
8396,2023-12-16 19:00:00,624.0309616494479
8397,2023-12-16 20:00:00,579.8444047649699
8398,2023-12-16 21:00:00,613.7938532150307
8399,2023-12-16 22:00:00,656.1959110226649
8400,2023-12-16 23:00:00,608.7158682860079
8401,2023-12-17 00:00:00,622.7325441110195
8402,2023-12-17 01:00:00,675.3301104369992
8403,2023-12-17 02:00:00,681.5085099049326
8404,2023-12-17 03:00:00,572.454096622627
8405,2023-12-17 04:00:00,631.9194314362783
8406,2023-12-17 05:00:00,639.745965941907
8407,2023-12-17 06:00:00,719.9453534848017
8408,2023-12-17 07:00:00,655.9719711084011
8409,2023-12-17 08:00:00,661.2064843080414
8410,2023-12-17 09:00:00,630.9306660130085
8411,2023-12-17 10:00:00,582.0854688649763
8412,2023-12-17 11:00:00,590.8605215199767
8413,2023-12-17 12:00:00,616.0076257619331
8414,2023-12-17 13:00:00,610.5695718191911
8415,2023-12-17 14:00:00,560.9536187493323
8416,2023-12-17 15:00:00,626.254888049579
8417,2023-12-17 16:00:00,611.4449681657284
8418,2023-12-17 17:00:00,563.334661234814
8419,2023-12-17 18:00:00,590.6709120737139
8420,2023-12-17 19:00:00,566.373537732758
8421,2023-12-17 20:00:00,595.0462187596532
8422,2023-12-17 21:00:00,651.7592925981318
8423,2023-12-17 22:00:00,610.2541901977261
8424,2023-12-17 23:00:00,608.3850549797364
8425,2023-12-18 00:00:00,670.8489512165696
8426,2023-12-18 01:00:00,631.8469135583475
8427,2023-12-18 02:00:00,647.5151159441098
8428,2023-12-18 03:00:00,678.5231534176834
8429,2023-12-18 04:00:00,657.1124380635694
8430,2023-12-18 05:00:00,619.7941803532265
8431,2023-12-18 06:00:00,665.3955503443168
8432,2023-12-18 07:00:00,657.0676310329577
8433,2023-12-18 08:00:00,622.4190990603677
8434,2023-12-18 09:00:00,711.7362967767347
8435,2023-12-18 10:00:00,619.2326015255891
8436,2023-12-18 11:00:00,608.6057951885931
8437,2023-12-18 12:00:00,622.6553587233914
8438,2023-12-18 13:00:00,599.2068031742689
8439,2023-12-18 14:00:00,618.6103867776579
8440,2023-12-18 15:00:00,578.3507895353385
8441,2023-12-18 16:00:00,645.8674050417617
8442,2023-12-18 17:00:00,563.8135544399648
8443,2023-12-18 18:00:00,655.4559897355495
8444,2023-12-18 19:00:00,593.0166182508739
8445,2023-12-18 20:00:00,576.8742207103655
8446,2023-12-18 21:00:00,598.1955034445025
8447,2023-12-18 22:00:00,612.59203797743
8448,2023-12-18 23:00:00,643.2193274050883
8449,2023-12-19 00:00:00,597.0051581565153
8450,2023-12-19 01:00:00,598.3888321754652
8451,2023-12-19 02:00:00,611.7026239366426
8452,2023-12-19 03:00:00,642.9727033711046
8453,2023-12-19 04:00:00,648.1479126437279
8454,2023-12-19 05:00:00,676.2886672525904
8455,2023-12-19 06:00:00,627.7685547627073
8456,2023-12-19 07:00:00,631.269806949021
8457,2023-12-19 08:00:00,665.7782701558937
8458,2023-12-19 09:00:00,634.1900959692979
8459,2023-12-19 10:00:00,604.4388208002802
8460,2023-12-19 11:00:00,651.3943140226354
8461,2023-12-19 12:00:00,640.9286333759343
8462,2023-12-19 13:00:00,567.3407299990097
8463,2023-12-19 14:00:00,550.9729607928089
8464,2023-12-19 15:00:00,541.51784785959
8465,2023-12-19 16:00:00,589.9940313778731
8466,2023-12-19 17:00:00,639.1989539064534
8467,2023-12-19 18:00:00,617.7864406896898
8468,2023-12-19 19:00:00,628.1942681814452
8469,2023-12-19 20:00:00,569.2778299743396
8470,2023-12-19 21:00:00,607.4326619463183
8471,2023-12-19 22:00:00,629.1222842197136
8472,2023-12-19 23:00:00,622.9192371275011
8473,2023-12-20 00:00:00,603.818907671705
8474,2023-12-20 01:00:00,648.2900786031865
8475,2023-12-20 02:00:00,652.405268598718
8476,2023-12-20 03:00:00,623.3780863930762
8477,2023-12-20 04:00:00,689.2061111665894
8478,2023-12-20 05:00:00,629.5785369858987
8479,2023-12-20 06:00:00,626.7433849512396
8480,2023-12-20 07:00:00,665.4031844207918
8481,2023-12-20 08:00:00,601.8563661476744
8482,2023-12-20 09:00:00,646.7060926243084
8483,2023-12-20 10:00:00,640.4347384576441
8484,2023-12-20 11:00:00,616.9335132783402
8485,2023-12-20 12:00:00,551.4205653404729
8486,2023-12-20 13:00:00,563.3603326535037
8487,2023-12-20 14:00:00,615.771454364197
8488,2023-12-20 15:00:00,535.4946779753731
8489,2023-12-20 16:00:00,565.5074448784611
8490,2023-12-20 17:00:00,623.7334707479774
8491,2023-12-20 18:00:00,626.9226708281883
8492,2023-12-20 19:00:00,588.8557106723664
8493,2023-12-20 20:00:00,582.3285597479668
8494,2023-12-20 21:00:00,635.0272575639656
8495,2023-12-20 22:00:00,614.9952301275702
8496,2023-12-20 23:00:00,613.3014511653435
8497,2023-12-21 00:00:00,626.427434969877
8498,2023-12-21 01:00:00,658.615442786302
8499,2023-12-21 02:00:00,691.3273613913262
8500,2023-12-21 03:00:00,685.54024406529
8501,2023-12-21 04:00:00,615.737605852909
8502,2023-12-21 05:00:00,649.4882062542962
8503,2023-12-21 06:00:00,667.2650781500608
8504,2023-12-21 07:00:00,631.1012104982186
8505,2023-12-21 08:00:00,657.0529681333783
8506,2023-12-21 09:00:00,617.9676718104748
8507,2023-12-21 10:00:00,657.693254626388
8508,2023-12-21 11:00:00,625.4029739322299
8509,2023-12-21 12:00:00,600.5291288984496
8510,2023-12-21 13:00:00,612.59928743928
8511,2023-12-21 14:00:00,624.3195165939961
8512,2023-12-21 15:00:00,589.6773107687807
8513,2023-12-21 16:00:00,633.5560439978103
8514,2023-12-21 17:00:00,545.6252132590479
8515,2023-12-21 18:00:00,599.7869522867311
8516,2023-12-21 19:00:00,552.1759327059739
8517,2023-12-21 20:00:00,613.7162826271688
8518,2023-12-21 21:00:00,546.181605398037
8519,2023-12-21 22:00:00,549.3885042901547
8520,2023-12-21 23:00:00,630.9600167862689
8521,2023-12-22 00:00:00,666.1437237127341
8522,2023-12-22 01:00:00,625.9281341180794
8523,2023-12-22 02:00:00,581.7159007957299
8524,2023-12-22 03:00:00,647.1690164781146
8525,2023-12-22 04:00:00,651.8381561512343
8526,2023-12-22 05:00:00,627.2226730517673
8527,2023-12-22 06:00:00,659.1776948147705
8528,2023-12-22 07:00:00,638.4725035269464
8529,2023-12-22 08:00:00,625.780187356119
8530,2023-12-22 09:00:00,690.7996518355982
8531,2023-12-22 10:00:00,584.6941247391823
8532,2023-12-22 11:00:00,663.9857643835015
8533,2023-12-22 12:00:00,637.1507999123489
8534,2023-12-22 13:00:00,593.2512152247509
8535,2023-12-22 14:00:00,609.1240632457858
8536,2023-12-22 15:00:00,560.5084562921647
8537,2023-12-22 16:00:00,521.0813211659989
8538,2023-12-22 17:00:00,603.2945086465329
8539,2023-12-22 18:00:00,608.3758502846065
8540,2023-12-22 19:00:00,618.5965556108541
8541,2023-12-22 20:00:00,529.846875992299
8542,2023-12-22 21:00:00,639.3653834684941
8543,2023-12-22 22:00:00,620.0738475341145
8544,2023-12-22 23:00:00,614.0911729129587
8545,2023-12-23 00:00:00,629.0059653517451
8546,2023-12-23 01:00:00,593.3655554270689
8547,2023-12-23 02:00:00,618.1447614646771
8548,2023-12-23 03:00:00,641.7481268652059
8549,2023-12-23 04:00:00,682.1863189260619
8550,2023-12-23 05:00:00,617.1364451425699
8551,2023-12-23 06:00:00,625.017374130085
8552,2023-12-23 07:00:00,654.4533559810201
8553,2023-12-23 08:00:00,638.6042008012585
8554,2023-12-23 09:00:00,615.0582124339472
8555,2023-12-23 10:00:00,652.7584050929908
8556,2023-12-23 11:00:00,617.6262180869059
8557,2023-12-23 12:00:00,593.7046867674527
8558,2023-12-23 13:00:00,548.36908147552
8559,2023-12-23 14:00:00,558.1607731984856
8560,2023-12-23 15:00:00,584.965306631853
8561,2023-12-23 16:00:00,633.295603064848
8562,2023-12-23 17:00:00,632.9665384339919
8563,2023-12-23 18:00:00,602.4979677538262
8564,2023-12-23 19:00:00,606.7522165741628
8565,2023-12-23 20:00:00,561.8914562145611
8566,2023-12-23 21:00:00,613.3185150841487
8567,2023-12-23 22:00:00,654.230891026981
8568,2023-12-23 23:00:00,571.452064371301
8569,2023-12-24 00:00:00,707.2867523455019
8570,2023-12-24 01:00:00,623.1208582980398
8571,2023-12-24 02:00:00,605.5769655213396
8572,2023-12-24 03:00:00,681.2114064026232
8573,2023-12-24 04:00:00,660.3263289875209
8574,2023-12-24 05:00:00,655.6591317862952
8575,2023-12-24 06:00:00,641.8706714869392
8576,2023-12-24 07:00:00,672.2024388459738
8577,2023-12-24 08:00:00,632.2799538258506
8578,2023-12-24 09:00:00,611.7209321591774
8579,2023-12-24 10:00:00,655.8970751910165
8580,2023-12-24 11:00:00,615.1897025992236
8581,2023-12-24 12:00:00,597.2480026090019
8582,2023-12-24 13:00:00,637.3977531799636
8583,2023-12-24 14:00:00,627.1955541686357
8584,2023-12-24 15:00:00,586.0921555484878
8585,2023-12-24 16:00:00,586.0764678012723
8586,2023-12-24 17:00:00,547.3875423907226
8587,2023-12-24 18:00:00,562.1695167537559
8588,2023-12-24 19:00:00,588.1809045053009
8589,2023-12-24 20:00:00,606.3625566550428
8590,2023-12-24 21:00:00,655.9314282930454
8591,2023-12-24 22:00:00,606.3740462316491
8592,2023-12-24 23:00:00,590.8349359107476
8593,2023-12-25 00:00:00,644.5163527866029
8594,2023-12-25 01:00:00,618.1775631443886
8595,2023-12-25 02:00:00,580.6960876178
8596,2023-12-25 03:00:00,734.2654132992385
8597,2023-12-25 04:00:00,572.2371135927476
8598,2023-12-25 05:00:00,654.5737946052978
8599,2023-12-25 06:00:00,674.8091305235896
8600,2023-12-25 07:00:00,716.5314274089989
8601,2023-12-25 08:00:00,650.8846760512097
8602,2023-12-25 09:00:00,602.9087306622113
8603,2023-12-25 10:00:00,635.5577755522565
8604,2023-12-25 11:00:00,661.7366986292519
8605,2023-12-25 12:00:00,629.1665388393703
8606,2023-12-25 13:00:00,664.059494300203
8607,2023-12-25 14:00:00,550.7348884716494
8608,2023-12-25 15:00:00,549.0524330006975
8609,2023-12-25 16:00:00,627.9396821508931
8610,2023-12-25 17:00:00,549.9043584499722
8611,2023-12-25 18:00:00,586.0625776492982
8612,2023-12-25 19:00:00,631.4765877902014
8613,2023-12-25 20:00:00,628.9545526317273
8614,2023-12-25 21:00:00,617.7360888871664
8615,2023-12-25 22:00:00,628.9408061621482
8616,2023-12-25 23:00:00,628.4190656256607
8617,2023-12-26 00:00:00,626.958592499473
8618,2023-12-26 01:00:00,616.099278350219
8619,2023-12-26 02:00:00,665.8353292762584
8620,2023-12-26 03:00:00,586.1537279691532
8621,2023-12-26 04:00:00,702.1038926028917
8622,2023-12-26 05:00:00,635.9409477822343
8623,2023-12-26 06:00:00,671.0417789116173
8624,2023-12-26 07:00:00,646.9081097067518
8625,2023-12-26 08:00:00,642.3952789678877
8626,2023-12-26 09:00:00,669.9622236107157
8627,2023-12-26 10:00:00,679.0172056299875
8628,2023-12-26 11:00:00,640.1032751665426
8629,2023-12-26 12:00:00,626.9050303465705
8630,2023-12-26 13:00:00,670.1479555522955
8631,2023-12-26 14:00:00,584.6059480210221
8632,2023-12-26 15:00:00,666.1467139472131
8633,2023-12-26 16:00:00,642.3925663778178
8634,2023-12-26 17:00:00,566.0573990836515
8635,2023-12-26 18:00:00,615.5887419406981
8636,2023-12-26 19:00:00,591.0875582376361
8637,2023-12-26 20:00:00,620.6384286557462
8638,2023-12-26 21:00:00,632.1504651078651
8639,2023-12-26 22:00:00,653.100697987534
8640,2023-12-26 23:00:00,629.782681740975
8641,2023-12-27 00:00:00,654.6598397354005
8642,2023-12-27 01:00:00,614.2765131129621
8643,2023-12-27 02:00:00,693.294776627791
8644,2023-12-27 03:00:00,667.2515791544035
8645,2023-12-27 04:00:00,662.3741123744232
8646,2023-12-27 05:00:00,662.7267302717901
8647,2023-12-27 06:00:00,630.5540657970873
8648,2023-12-27 07:00:00,640.4372273014717
8649,2023-12-27 08:00:00,603.6672357648722
8650,2023-12-27 09:00:00,656.0062687964505
8651,2023-12-27 10:00:00,583.0231759155853
8652,2023-12-27 11:00:00,603.81567496351
8653,2023-12-27 12:00:00,644.2654700794051
8654,2023-12-27 13:00:00,601.7029219695805
8655,2023-12-27 14:00:00,560.4896113047816
8656,2023-12-27 15:00:00,564.489272504293
8657,2023-12-27 16:00:00,536.7280959955734
8658,2023-12-27 17:00:00,624.8653515379542
8659,2023-12-27 18:00:00,662.6385566720752
8660,2023-12-27 19:00:00,627.0536922494501
8661,2023-12-27 20:00:00,620.9217456529294
8662,2023-12-27 21:00:00,604.506298693143
8663,2023-12-27 22:00:00,664.5411238954678
8664,2023-12-27 23:00:00,594.554518057365
8665,2023-12-28 00:00:00,599.081156735314
8666,2023-12-28 01:00:00,602.6091986304945
8667,2023-12-28 02:00:00,663.1058846218239
8668,2023-12-28 03:00:00,656.5061490236177
8669,2023-12-28 04:00:00,647.5287560444601
8670,2023-12-28 05:00:00,687.148359515146
8671,2023-12-28 06:00:00,652.3728251341107
8672,2023-12-28 07:00:00,662.3532083510213
8673,2023-12-28 08:00:00,621.5651053734673
8674,2023-12-28 09:00:00,584.4676131953756
8675,2023-12-28 10:00:00,633.3098396498115
8676,2023-12-28 11:00:00,623.7123177369731
8677,2023-12-28 12:00:00,651.5633573955942
8678,2023-12-28 13:00:00,602.2224383794484
8679,2023-12-28 14:00:00,628.3246209056256
8680,2023-12-28 15:00:00,618.1390576513544
8681,2023-12-28 16:00:00,589.761775785709
8682,2023-12-28 17:00:00,601.2722308009811
8683,2023-12-28 18:00:00,610.8180561709918
8684,2023-12-28 19:00:00,635.3926023738662
8685,2023-12-28 20:00:00,635.3152215757348
8686,2023-12-28 21:00:00,597.1630207379313
8687,2023-12-28 22:00:00,646.2720208150556
8688,2023-12-28 23:00:00,599.8370566185355
8689,2023-12-29 00:00:00,580.4700944746954
8690,2023-12-29 01:00:00,635.6266556183031
8691,2023-12-29 02:00:00,662.3139133332656
8692,2023-12-29 03:00:00,684.8599909063411
8693,2023-12-29 04:00:00,655.3320539369728
8694,2023-12-29 05:00:00,590.0698434678615
8695,2023-12-29 06:00:00,644.749739684082
8696,2023-12-29 07:00:00,689.0648468539675
8697,2023-12-29 08:00:00,649.620479074398
8698,2023-12-29 09:00:00,607.6049343272931
8699,2023-12-29 10:00:00,664.0359603174236
8700,2023-12-29 11:00:00,640.0180087053249
8701,2023-12-29 12:00:00,650.6484955857545
8702,2023-12-29 13:00:00,610.2790473349456
8703,2023-12-29 14:00:00,599.7687002287123
8704,2023-12-29 15:00:00,608.8319170005027
8705,2023-12-29 16:00:00,592.4372618529914
8706,2023-12-29 17:00:00,621.4723139529382
8707,2023-12-29 18:00:00,560.291326436007
8708,2023-12-29 19:00:00,578.6108693013371
8709,2023-12-29 20:00:00,584.4275175766232
8710,2023-12-29 21:00:00,641.5982205634976
8711,2023-12-29 22:00:00,571.421296580128
8712,2023-12-29 23:00:00,567.8577909799083
8713,2023-12-30 00:00:00,634.3518724786952
8714,2023-12-30 01:00:00,677.3648747133494
8715,2023-12-30 02:00:00,666.9791743584177
8716,2023-12-30 03:00:00,719.1393435704517
8717,2023-12-30 04:00:00,646.1115366114273
8718,2023-12-30 05:00:00,677.7270688285826
8719,2023-12-30 06:00:00,622.4268336333716
8720,2023-12-30 07:00:00,671.1816302513791
8721,2023-12-30 08:00:00,632.3851604745942
8722,2023-12-30 09:00:00,630.8318429788696
8723,2023-12-30 10:00:00,638.98610047515
8724,2023-12-30 11:00:00,601.5461029297029
8725,2023-12-30 12:00:00,616.7867205304516
8726,2023-12-30 13:00:00,568.589369277739
8727,2023-12-30 14:00:00,580.1817236388546
8728,2023-12-30 15:00:00,612.393654137614
8729,2023-12-30 16:00:00,576.9974744445236
8730,2023-12-30 17:00:00,561.7200078528286
8731,2023-12-30 18:00:00,542.6337386172976
8732,2023-12-30 19:00:00,616.8036217401127
8733,2023-12-30 20:00:00,600.4486763572378
8734,2023-12-30 21:00:00,620.1404071777947
8735,2023-12-30 22:00:00,654.1387641672637
8736,2023-12-30 23:00:00,628.0483605844483
8737,2023-12-31 00:00:00,610.2212435746674
8738,2023-12-31 01:00:00,622.2289367997067
8739,2023-12-31 02:00:00,716.4406490905855
8740,2023-12-31 03:00:00,655.3025029818946
8741,2023-12-31 04:00:00,622.6571057320172
8742,2023-12-31 05:00:00,684.3537065839946
8743,2023-12-31 06:00:00,658.5273944757951
8744,2023-12-31 07:00:00,665.1444811539691
8745,2023-12-31 08:00:00,629.5608005819215
8746,2023-12-31 09:00:00,646.6952736184722
8747,2023-12-31 10:00:00,652.6792677284584
8748,2023-12-31 11:00:00,690.4883374507887
8749,2023-12-31 12:00:00,625.4314324968093
8750,2023-12-31 13:00:00,576.4123514192729
8751,2023-12-31 14:00:00,585.086930269802
8752,2023-12-31 15:00:00,649.8779767154587
8753,2023-12-31 16:00:00,612.413562510426
8754,2023-12-31 17:00:00,574.4806134505699
8755,2023-12-31 18:00:00,596.1665012860577
8756,2023-12-31 19:00:00,624.1450110438516
8757,2023-12-31 20:00:00,610.8614873498892
8758,2023-12-31 21:00:00,626.855217313983
8759,2023-12-31 22:00:00,620.8515704172479
8760,2023-12-31 23:00:00,592.7434353379298
