stage_id,S1
net_link_id,L1
ec_id,E1
profile_key,availability
1,0.999949375
2,0.830643758
3,0.929546449
4,0.828658526
5,0.807770451
6,0.940216321
7,0.941846125
8,0.882426241
9,0.874643894
10,0.926151479
11,0.919510638
12,0.942742758
13,0.918767783
14,0.981420897
15,0.909815197
16,0.872856917
17,0.948540811
18,0.925321102
19,0.863388463
20,0.890757009
21,0.904978423
22,0.820635014
23,0.874239268
24,0.862817832
25,0.849666481
26,0.85774312
27,0.970292989
28,0.803914641
29,0.927874603
30,0.851591784
31,0.883129497
32,0.874233634
33,0.838332846
34,0.922355963
35,0.958493687
36,0.884972596
37,0.898761797
38,0.902734294
39,0.88745801
40,0.956384473
41,0.991140615
42,0.940011009
43,0.800111995
44,0.820633492
45,0.972497973
46,0.941817653
47,0.802617542
48,0.832861908
49,0.829447614
50,0.844136715
51,0.917228632
52,0.940873474
53,0.979003693
54,0.885430629
55,0.864009367
56,0.89884113
57,0.939982863
58,0.922508184
59,0.898483171
60,0.849095287
61,0.834921171
62,0.809262573
63,0.864030024
64,0.88867454
65,0.996285039
66,0.820091525
67,0.897274171
68,0.952388255
69,0.883708537
70,0.853313207
71,0.879580202
72,0.863601041
73,0.987862999
74,0.945439563
75,0.883080878
76,0.953909565
77,0.808889499
78,0.871192762
79,0.82226472
80,0.819769346
81,0.993465349
82,0.887368254
83,0.853926531
84,0.931459395
85,0.993393463
86,0.900334747
87,0.959776852
88,0.885865233
89,0.951594669
90,0.821527722
91,0.918867047
92,0.909810836
93,0.95175219
94,0.813667366
95,0.97158428
96,0.836195054
97,0.964673582
98,0.862890538
99,0.800365061
100,0.828328918
101,0.826498348
102,0.937233714
103,0.903989024
104,0.883263044
105,0.9592906
106,0.806373786
107,0.874465304
108,0.899908259
109,0.893984677
110,0.814269031
111,0.946072023
112,0.853903714
113,0.916041846
114,0.886289767
115,0.804959521
116,0.950568438
117,0.873970571
118,0.820674694
119,0.900895095
120,0.804986043
121,0.923657352
122,0.803515867
123,0.889418797
124,0.844157767
125,0.978084418
126,0.951462816
127,0.888180384
128,0.963389981
129,0.857346578
130,0.993053637
131,0.990902112
132,0.987886899
133,0.838960068
134,0.852767452
135,0.948981873
136,0.829977488
137,0.802878881
138,0.997611526
139,0.922792849
140,0.89921489
141,0.885796959
142,0.907616914
143,0.881449232
144,0.829317538
145,0.832777205
146,0.895311893
147,0.84469939
148,0.90358256
149,0.980064568
150,0.916355005
151,0.811685587
152,0.977149285
153,0.85514414
154,0.879607254
155,0.977146074
156,0.957944844
157,0.948454587
158,0.86182126
159,0.991112405
160,0.884488043
161,0.974622737
162,0.982232372
163,0.944437609
164,0.99112561
165,0.9097043
166,0.960034489
167,0.878916217
168,0.93241793
169,0.886968869
170,0.89161377
171,0.80058884
172,0.906548237
173,0.875993362
174,0.965902225
175,0.887158602
176,0.812119841
177,0.886259416
178,0.838727265
179,0.801742953
180,0.902793738
181,0.840557616
182,0.888879453
183,0.906780146
184,0.886716977
185,0.839668149
186,0.861547037
187,0.851421007
188,0.975408051
189,0.886083984
190,0.872703073
191,0.969639696
192,0.846346176
193,0.955486368
194,0.873949986
195,0.911553465
196,0.812852652
197,0.845434931
198,0.813337616
199,0.929441736
200,0.927523965
201,0.919082028
202,0.903841744
203,0.889697402
204,0.807940129
205,0.887926398
206,0.865422482
207,0.920074119
208,0.807972638
209,0.933462158
210,0.906677474
211,0.843608249
212,0.993324659
213,0.952769526
214,0.903043308
215,0.869472466
216,0.875155139
217,0.9747618
218,0.830923828
219,0.889111212
220,0.840583962
221,0.957534139
222,0.883734356
223,0.863276405
224,0.889211001
225,0.806948875
226,0.886837462
227,0.864784831
228,0.827806373
229,0.815154463
230,0.986988121
231,0.876179571
232,0.891133982
233,0.94167425
234,0.991517731
235,0.968363186
236,0.91994514
237,0.897450384
238,0.985234818
239,0.97927594
240,0.927201461
241,0.921989182
242,0.871772399
243,0.824590629
244,0.850219274
245,0.952226667
246,0.989060379
247,0.8414714
248,0.995875351
249,0.916901068
250,0.924742126
251,0.96390485
252,0.967069822
253,0.961736338
254,0.841337543
255,0.892054022
256,0.996627424
257,0.878352384
258,0.841085579
259,0.93436587
260,0.834728445
261,0.808649516
262,0.831898338
263,0.884492508
264,0.870006479
265,0.983098959
266,0.853589428
267,0.865559919
268,0.999792588
269,0.963907292
270,0.958490548
271,0.80634035
272,0.878203769
273,0.983889941
274,0.995907181
275,0.83282705
276,0.910081433
277,0.912436092
278,0.836005148
279,0.835289296
280,0.895531174
281,0.90804234
282,0.991964682
283,0.970874677
284,0.987031772
285,0.941435343
286,0.869809537
287,0.944968901
288,0.922064635
289,0.966543757
290,0.860829469
291,0.979935797
292,0.971549938
293,0.916698058
294,0.903967625
295,0.970506959
296,0.880219364
297,0.959705459
298,0.894749594
299,0.876875701
300,0.810732945
301,0.892736785
302,0.865234917
303,0.963313203
304,0.844579128
305,0.988058025
306,0.997080193
307,0.971753843
308,0.936718613
309,0.993269035
310,0.85273392
311,0.912778979
312,0.906140136
313,0.980909854
314,0.946704721
315,0.813990655
316,0.846594344
317,0.836288253
318,0.857403146
319,0.995009647
320,0.952172443
321,0.859896244
322,0.964912729
323,0.964936252
324,0.81922903
325,0.8364515
326,0.85244121
327,0.847830891
328,0.990960148
329,0.802338874
330,0.86778322
331,0.821576002
332,0.821175871
333,0.879294081
334,0.956077441
335,0.984253422
336,0.974137152
337,0.886029672
338,0.921766809
339,0.856287867
340,0.930307396
341,0.857514506
342,0.872456217
343,0.832968525
344,0.813166526
345,0.906788906
346,0.927900957
347,0.868544988
348,0.872905629
349,0.842299971
350,0.885933565
351,0.937478874
352,0.906667284
353,0.855217836
354,0.930580497
355,0.970258922
356,0.976955275
357,0.913239599
358,0.800690055
359,0.923303245
360,0.966871528
361,0.817365049
362,0.840941667
363,0.987496186
364,0.970275568
365,0.822266093
366,0.820102751
367,0.89950872
368,0.835480927
369,0.836238459
370,0.884757686
371,0.931621935
372,0.997911555
373,0.838324302
374,0.85000802
375,0.906465673
376,0.935983206
377,0.941304285
378,0.946302044
379,0.930281905
380,0.905404043
381,0.845092004
382,0.919851155
383,0.925830821
384,0.939071636
385,0.914689844
386,0.871835452
387,0.90279384
388,0.827981605
389,0.944622243
390,0.823835293
391,0.933074385
392,0.819619216
393,0.801739582
394,0.940244873
395,0.860446227
396,0.810514054
397,0.975526461
398,0.894102643
399,0.87535212
400,0.821571279
401,0.821874411
402,0.920080913
403,0.958605055
404,0.991871627
405,0.899166558
406,0.822975745
407,0.97849734
408,0.889677813
409,0.845468342
410,0.993149971
411,0.80548661
412,0.981719338
413,0.915667611
414,0.85963448
415,0.827319806
416,0.932932343
417,0.800722006
418,0.916096553
419,0.81446558
420,0.812622176
421,0.840044806
422,0.958308568
423,0.867795404
424,0.941407448
425,0.985856844
426,0.920225752
427,0.917983581
428,0.952059989
429,0.937047379
430,0.977489957
431,0.983439886
432,0.817347394
433,0.83154209
434,0.952398064
435,0.817991693
436,0.92037019
437,0.862782272
438,0.903628513
439,0.977136111
440,0.901323026
441,0.94336129
442,0.992237535
443,0.938206637
444,0.853062248
445,0.928357328
446,0.863027917
447,0.801941014
448,0.994856405
449,0.809723433
450,0.810965664
451,0.818553163
452,0.933023498
453,0.929474976
454,0.832027437
455,0.815505156
456,0.934680007
457,0.941755831
458,0.844514208
459,0.955611102
460,0.808993745
461,0.877884413
462,0.956374487
463,0.976933631
464,0.83518043
465,0.973497645
466,0.846740197
467,0.887084573
468,0.850009653
469,0.98132637
470,0.903281454
471,0.837726609
472,0.894807736
473,0.9903375
474,0.981725054
475,0.800322098
476,0.903959834
477,0.863551579
478,0.863942082
479,0.843000179
480,0.961800126
481,0.949068748
482,0.814790964
483,0.820566003
484,0.869019382
485,0.908233719
486,0.940202169
487,0.946067851
488,0.85302975
489,0.870058132
490,0.880229905
491,0.901025748
492,0.904839779
493,0.855160136
494,0.873612677
495,0.80054533
496,0.959720587
497,0.826783655
498,0.858821578
499,0.821141835
500,0.808115622
501,0.953302242
502,0.929313893
503,0.865453256
504,0.968760875
505,0.994232593
506,0.898473649
507,0.867678233
508,0.94736917
509,0.876621268
510,0.934475302
511,0.968321497
512,0.879561527
513,0.979471175
514,0.817769283
515,0.814900716
516,0.983844453
517,0.917916621
518,0.966224808
519,0.95300704
520,0.955387866
521,0.993880132
522,0.978902821
523,0.99366208
524,0.884410857
525,0.983202942
526,0.971627227
527,0.827833223
528,0.872856596
529,0.954009759
530,0.866321021
531,0.8549756
532,0.984653755
533,0.867167779
534,0.931956438
535,0.956989051
536,0.838602911
537,0.840096394
538,0.911116901
539,0.982312216
540,0.884698293
541,0.852655988
542,0.873208053
543,0.8086823
544,0.851136778
545,0.800862951
546,0.921051245
547,0.872156866
548,0.815663689
549,0.880208516
550,0.942612484
551,0.877465054
552,0.991727177
553,0.860444571
554,0.981179672
555,0.975619327
556,0.873667011
557,0.913698712
558,0.89585873
559,0.993115021
560,0.932015709
561,0.869836676
562,0.967158986
563,0.927145766
564,0.877134613
565,0.898242933
566,0.960024661
567,0.972761756
568,0.934221514
569,0.867926024
570,0.976883624
571,0.862497776
572,0.863796988
573,0.842510122
574,0.885441237
575,0.831955097
576,0.913062999
577,0.874810334
578,0.817076433
579,0.920320466
580,0.802126152
581,0.917152828
582,0.821133181
583,0.966716116
584,0.801618402
585,0.84075224
586,0.978047112
587,0.851522945
588,0.947612993
589,0.95916299
590,0.995624064
591,0.803712511
592,0.930067602
593,0.954842148
594,0.868855858
595,0.923452595
596,0.921740105
597,0.877175349
598,0.824944977
599,0.959507999
600,0.87242185
601,0.856706674
602,0.880100768
603,0.82242899
604,0.948860723
605,0.912477554
606,0.828214222
607,0.916239208
608,0.857374885
609,0.811008128
610,0.955427581
611,0.985876502
612,0.973150022
613,0.952311281
614,0.91475264
615,0.993836896
616,0.96873389
617,0.940708448
618,0.84649224
619,0.942097812
620,0.947249368
621,0.805391957
622,0.91957268
623,0.936182782
624,0.895481469
625,0.974894797
626,0.930031196
627,0.979532448
628,0.919903345
629,0.985577851
630,0.861366469
631,0.815331217
632,0.938085323
633,0.979706899
634,0.975572157
635,0.969195088
636,0.839924822
637,0.99693703
638,0.808447955
639,0.923941234
640,0.994237741
641,0.889165894
642,0.934584394
643,0.901216117
644,0.97389783
645,0.902327186
646,0.929922674
647,0.825848639
648,0.928613756
649,0.860186111
650,0.995839491
651,0.851052579
652,0.869688552
653,0.919188966
654,0.857883949
655,0.889123638
656,0.994933878
657,0.895346321
658,0.927739049
659,0.986212655
660,0.883377729
661,0.87640389
662,0.892156521
663,0.991752282
664,0.805039271
665,0.880081157
666,0.842471318
667,0.872958308
668,0.961286224
669,0.878440406
670,0.857874948
671,0.923753673
672,0.830052819
673,0.95548149
674,0.973502592
675,0.80693263
676,0.826121229
677,0.947959284
678,0.931987986
679,0.813382341
680,0.991621854
681,0.990264656
682,0.80057511
683,0.891040999
684,0.898794936
685,0.912604444
686,0.924931516
687,0.870852808
688,0.848534294
689,0.947075663
690,0.818802478
691,0.989886515
692,0.903890635
693,0.949299448
694,0.987492382
695,0.950989754
696,0.896415367
697,0.96791617
698,0.935725877
699,0.816779689
700,0.886603435
701,0.968049514
702,0.965210031
703,0.815056263
704,0.919588618
705,0.874503153
706,0.902920393
707,0.813384524
708,0.833936469
709,0.970978478
710,0.957668081
711,0.971970616
712,0.991335384
713,0.947648929
714,0.899748227
715,0.975008581
716,0.961237405
717,0.828056577
718,0.965001067
719,0.846681322
720,0.86970337
721,0.989935292
722,0.899471677
723,0.975659688
724,0.926950347
725,0.957968633
726,0.884649164
727,0.994685941
728,0.993888976
729,0.972682697
730,0.861637898
731,0.886791407
732,0.841594949
733,0.864438892
734,0.995396347
735,0.893440596
736,0.831170257
737,0.950818077
738,0.88507209
739,0.923588768
740,0.852380359
741,0.973505107
742,0.808649194
743,0.882394429
744,0.805234529
745,0.921924218
746,0.965474972
747,0.881994948
748,0.929768604
749,0.822332997
750,0.941533729
751,0.820421267
752,0.862871012
753,0.961776218
754,0.941733421
755,0.856777414
756,0.91450375
757,0.900228535
758,0.984442592
759,0.946682308
760,0.867356067
761,0.985112442
762,0.811372111
763,0.867904266
764,0.856592975
765,0.8441976
766,0.880211854
767,0.959320763
768,0.917776039
769,0.922914263
770,0.815369434
771,0.904761258
772,0.889380612
773,0.826653495
774,0.919779679
775,0.930751074
776,0.896790823
777,0.999001906
778,0.967354333
779,0.902914726
780,0.803531839
781,0.907181055
782,0.959736949
783,0.842843384
784,0.999376508
785,0.976545998
786,0.871429923
787,0.911741749
788,0.840444004
789,0.874827064
790,0.9653757
791,0.842568893
792,0.815114387
793,0.868966851
794,0.882479538
795,0.825820851
796,0.888809685
797,0.927329735
798,0.821722947
799,0.84376708
800,0.823771003
801,0.929922687
802,0.865431066
803,0.86682499
804,0.883158201
805,0.993934838
806,0.913137917
807,0.804706844
808,0.896199251
809,0.869303779
810,0.887664054
811,0.98425422
812,0.838596657
813,0.949377669
814,0.923759126
815,0.873606626
816,0.983710209
817,0.986250162
818,0.91651219
819,0.868671553
820,0.973385512
821,0.894800162
822,0.820377033
823,0.879738343
824,0.892828157
825,0.830347223
826,0.99039039
827,0.988426441
828,0.888559212
829,0.809297233
830,0.817818247
831,0.935597816
832,0.873245843
833,0.816956955
834,0.980953396
835,0.951886002
836,0.90970893
837,0.909620884
838,0.955111062
839,0.845042113
840,0.821710212
841,0.979362663
842,0.808953687
843,0.95870533
844,0.95933597
845,0.944046495
846,0.858247534
847,0.94905412
848,0.863183809
849,0.858744735
850,0.899176293
851,0.946735562
852,0.861411171
853,0.994138047
854,0.857798994
855,0.862761144
856,0.880427494
857,0.911990718
858,0.910294378
859,0.939355113
860,0.930410855
861,0.862012651
862,0.964017802
863,0.930290789
864,0.815342483
865,0.848870079
866,0.933594051
867,0.833532662
868,0.918706769
869,0.981966074
870,0.896846463
871,0.843591685
872,0.806314969
873,0.984289732
874,0.804555495
875,0.832737274
876,0.904003395
877,0.985450619
878,0.998442776
879,0.941375984
880,0.866824508
881,0.911144242
882,0.835222071
883,0.867830865
884,0.804435706
885,0.814451687
886,0.947634842
887,0.88988946
888,0.8875075
889,0.874635815
890,0.88196079
891,0.856874215
892,0.885991345
893,0.866925649
894,0.841526466
895,0.864811896
896,0.954484216
897,0.991254587
898,0.82405246
899,0.830822535
900,0.983496335
901,0.829342588
902,0.824640091
903,0.964563016
904,0.956185954
905,0.855825394
906,0.942540567
907,0.806694862
908,0.803665164
909,0.995585953
910,0.932760923
911,0.814729167
912,0.824956193
913,0.914914966
914,0.94219705
915,0.848896303
916,0.938291086
917,0.807101257
918,0.896508928
919,0.873031125
920,0.974730679
921,0.957661932
922,0.810070264
923,0.849414766
924,0.802079919
925,0.980593754
926,0.958057655
927,0.980357428
928,0.837151677
929,0.981118631
930,0.85879951
931,0.818186518
932,0.855002412
933,0.863055318
934,0.815731935
935,0.931745012
936,0.98837586
937,0.947123697
938,0.904514362
939,0.88054211
940,0.90191561
941,0.885578926
942,0.828302452
943,0.844174792
944,0.845934311
945,0.993674414
946,0.833982085
947,0.857325511
948,0.91536517
949,0.846263121
950,0.941220523
951,0.879948097
952,0.980868354
953,0.98543921
954,0.903507103
955,0.911592201
956,0.870620436
957,0.906068419
958,0.983738136
959,0.952724382
960,0.822375099
961,0.910413577
962,0.93165231
963,0.962215088
964,0.829410609
965,0.915353976
966,0.861252471
967,0.913394481
968,0.815706294
969,0.959039751
970,0.972271529
971,0.955934188
972,0.920791362
973,0.972794881
974,0.92878347
975,0.975900678
976,0.985347353
977,0.976946736
978,0.846058457
979,0.959252298
980,0.893060213
981,0.903833538
982,0.868045136
983,0.891327023
984,0.96714119
985,0.910565682
986,0.80820944
987,0.97927502
988,0.975740429
989,0.920928432
990,0.981362181
991,0.863013121
992,0.908198166
993,0.968678502
994,0.889761683
995,0.888859543
996,0.900212487
997,0.862563066
998,0.925459606
999,0.933934538
1000,0.875907372
1001,0.963005647
1002,0.928668764
1003,0.905249025
1004,0.84645889
1005,0.93632267
1006,0.82375763
1007,0.944222256
1008,0.953997654
1009,0.930663081
1010,0.894354141
1011,0.976351144
1012,0.83525683
1013,0.816690384
1014,0.863102433
1015,0.945125529
1016,0.802597968
1017,0.978319113
1018,0.861077623
1019,0.912932283
1020,0.886532279
1021,0.874581559
1022,0.9489107
1023,0.850644792
1024,0.919496518
1025,0.936938754
1026,0.944896734
1027,0.928587561
1028,0.852638023
1029,0.900377881
1030,0.952247605
1031,0.834722871
1032,0.953801602
1033,0.949353751
1034,0.823651039
1035,0.999617155
1036,0.964049827
1037,0.847101177
1038,0.967086028
1039,0.849544994
1040,0.877412273
1041,0.954017672
1042,0.965675149
1043,0.995483421
1044,0.83090894
1045,0.850893444
1046,0.844046858
1047,0.915321998
1048,0.802052205
1049,0.878072586
1050,0.911893045
1051,0.958118913
1052,0.826469565
1053,0.861444627
1054,0.970283525
1055,0.882319138
1056,0.933537245
1057,0.859045482
1058,0.824455623
1059,0.979718437
1060,0.923998135
1061,0.889517024
1062,0.867469096
1063,0.814006116
1064,0.893411741
1065,0.860968394
1066,0.878123581
1067,0.993262049
1068,0.890694273
1069,0.810052306
1070,0.831558967
1071,0.976827109
1072,0.803410865
1073,0.957404973
1074,0.966108605
1075,0.887776014
1076,0.985897298
1077,0.948041805
1078,0.954256578
1079,0.880978026
1080,0.959043266
1081,0.800057552
1082,0.961600268
1083,0.914188819
1084,0.870435688
1085,0.874119599
1086,0.950669147
1087,0.863852622
1088,0.924850517
1089,0.990517331
1090,0.986810572
1091,0.949620523
1092,0.843020378
1093,0.821872613
1094,0.85382412
1095,0.831078952
1096,0.94670033
1097,0.809730953
1098,0.856714528
1099,0.836184185
1100,0.898245296
1101,0.917289368
1102,0.976908235
1103,0.842232715
1104,0.896620012
1105,0.879470518
1106,0.870066684
1107,0.984425671
1108,0.988947147
1109,0.980408612
1110,0.875489641
1111,0.93766734
1112,0.888321668
1113,0.842041984
1114,0.884495984
1115,0.807644719
1116,0.822414647
1117,0.992205948
1118,0.825149943
1119,0.983935207
1120,0.816387374
1121,0.806916768
1122,0.838783658
1123,0.888290878
1124,0.90861159
1125,0.824392556
1126,0.85978564
1127,0.98439076
1128,0.84617121
1129,0.838384618
1130,0.857725899
1131,0.88713339
1132,0.829246418
1133,0.907836248
1134,0.883902909
1135,0.986549784
1136,0.880294273
1137,0.827038699
1138,0.850405747
1139,0.985539007
1140,0.974328262
1141,0.877745591
1142,0.961561674
1143,0.810451073
1144,0.897588174
1145,0.821792019
1146,0.904901513
1147,0.907846256
1148,0.848178588
1149,0.925792026
1150,0.899896139
1151,0.991675796
1152,0.920514533
1153,0.891289451
1154,0.98661207
1155,0.967689516
1156,0.912387093
1157,0.970189706
1158,0.936517681
1159,0.934839089
1160,0.808421778
1161,0.803651525
1162,0.983942633
1163,0.917075379
1164,0.860881194
1165,0.971955886
1166,0.905377514
1167,0.836991925
1168,0.868647052
1169,0.828958931
1170,0.974886799
1171,0.927224289
1172,0.855287975
1173,0.924003636
1174,0.858644894
1175,0.867106881
1176,0.933071872
1177,0.831181665
1178,0.974840748
1179,0.942169251
1180,0.95322353
1181,0.852203343
1182,0.904632747
1183,0.901257999
1184,0.950552057
1185,0.969909118
1186,0.950095316
1187,0.919245105
1188,0.946619318
1189,0.826638701
1190,0.917297083
1191,0.973728983
1192,0.835958739
1193,0.982086869
1194,0.97397994
1195,0.882723407
1196,0.979011697
1197,0.839451868
1198,0.998312198
1199,0.968338223
1200,0.983007811
1201,0.992663034
1202,0.866409531
1203,0.999715745
1204,0.952581573
1205,0.947351783
1206,0.920014159
1207,0.842037547
1208,0.984711782
1209,0.890367544
1210,0.823140631
1211,0.976028733
1212,0.844807401
1213,0.869022769
1214,0.907094773
1215,0.86848156
1216,0.811558971
1217,0.987983872
1218,0.947930114
1219,0.952941645
1220,0.943651938
1221,0.881920627
1222,0.990664838
1223,0.954822189
1224,0.99315963
1225,0.852178678
1226,0.84169345
1227,0.86267786
1228,0.887398292
1229,0.911274183
1230,0.968220398
1231,0.812904113
1232,0.814423394
1233,0.824431857
1234,0.847024511
1235,0.814471332
1236,0.899031065
1237,0.937540297
1238,0.933247463
1239,0.800286304
1240,0.928249952
1241,0.860684766
1242,0.801560028
1243,0.876885261
1244,0.877703311
1245,0.904047486
1246,0.930273567
1247,0.821274959
1248,0.912133955
1249,0.931857184
1250,0.877473904
1251,0.875895586
1252,0.806987742
1253,0.904164299
1254,0.899641751
1255,0.9958191
1256,0.938233805
1257,0.822652021
1258,0.899114891
1259,0.9805666
1260,0.960954795
1261,0.828922161
1262,0.86827921
1263,0.97795278
1264,0.970137934
1265,0.814457472
1266,0.934759339
1267,0.916467723
1268,0.921140108
1269,0.90305033
1270,0.863438831
1271,0.983879623
1272,0.919058915
1273,0.973794727
1274,0.929642721
1275,0.819051771
1276,0.954303002
1277,0.923224968
1278,0.901672808
1279,0.949286191
1280,0.957843467
1281,0.906987537
1282,0.960806502
1283,0.975680096
1284,0.921519655
1285,0.96505843
1286,0.811562364
1287,0.806841517
1288,0.873400748
1289,0.824398704
1290,0.997455405
1291,0.819201231
1292,0.886940114
1293,0.908723449
1294,0.950553728
1295,0.869235391
1296,0.938839878
1297,0.963490178
1298,0.91301773
1299,0.946285074
1300,0.817016813
1301,0.809489268
1302,0.960860014
1303,0.860438449
1304,0.883523505
1305,0.947195569
1306,0.97144731
1307,0.915079229
1308,0.924139696
1309,0.836634842
1310,0.991243887
1311,0.913002972
1312,0.814631339
1313,0.932626733
1314,0.928787888
1315,0.930652729
1316,0.914592361
1317,0.923157481
1318,0.966139358
1319,0.993725489
1320,0.823643537
1321,0.953596533
1322,0.993071673
1323,0.992014831
1324,0.811712413
1325,0.999312318
1326,0.960255974
1327,0.843680568
1328,0.872101973
1329,0.828357343
1330,0.867551456
1331,0.831487202
1332,0.995950856
1333,0.941991052
1334,0.934460133
1335,0.845814499
1336,0.89377958
1337,0.947261232
1338,0.988452731
1339,0.890842692
1340,0.936720305
1341,0.825623284
1342,0.810784767
1343,0.958323834
1344,0.861054964
1345,0.98237283
1346,0.834549516
1347,0.971516299
1348,0.918671966
1349,0.902205134
1350,0.874650196
1351,0.883572977
1352,0.896651417
1353,0.905416674
1354,0.930039501
1355,0.811190503
1356,0.81745268
1357,0.843443561
1358,0.991136423
1359,0.855467288
1360,0.898991642
1361,0.968468131
1362,0.921801886
1363,0.941658408
1364,0.868572322
1365,0.994282619
1366,0.946642208
1367,0.826749627
1368,0.901423484
1369,0.820552658
1370,0.825666138
1371,0.924222198
1372,0.884978284
1373,0.834847939
1374,0.933707399
1375,0.836365884
1376,0.971098393
1377,0.973187325
1378,0.951795628
1379,0.998045833
1380,0.946475232
1381,0.853582796
1382,0.880702597
1383,0.84896866
1384,0.996604981
1385,0.974362618
1386,0.934727613
1387,0.991277857
1388,0.958027205
1389,0.881312473
1390,0.912010307
1391,0.987509469
1392,0.968515509
1393,0.942345599
1394,0.902137563
1395,0.978524113
1396,0.947541346
1397,0.922121015
1398,0.922214144
1399,0.856106326
1400,0.842281123
1401,0.992764615
1402,0.98768341
1403,0.860007682
1404,0.978890205
1405,0.906195252
1406,0.882269308
1407,0.845973127
1408,0.813258132
1409,0.926850629
1410,0.814432601
1411,0.945138589
1412,0.880097599
1413,0.985368107
1414,0.99405235
1415,0.982858254
1416,0.812763838
1417,0.867841622
1418,0.997831426
1419,0.934174558
1420,0.862371364
1421,0.858812152
1422,0.971298945
1423,0.816556849
1424,0.951944683
1425,0.962901777
1426,0.983304282
1427,0.911763389
1428,0.867913615
1429,0.987872194
1430,0.87420169
1431,0.817921055
1432,0.828679604
1433,0.834959119
1434,0.842944119
1435,0.944271095
1436,0.898936369
1437,0.982904747
1438,0.819039302
1439,0.814375716
1440,0.973997354
1441,0.846885066
1442,0.850467788
1443,0.950575727
1444,0.815564404
1445,0.827339814
1446,0.954598468
1447,0.902662546
1448,0.970913559
1449,0.830089743
1450,0.84345707
1451,0.890429356
1452,0.894853684
1453,0.913761898
1454,0.973203686
1455,0.921008711
1456,0.970254545
1457,0.956239446
1458,0.894255426
1459,0.809911329
1460,0.996317136
1461,0.988156498
1462,0.947793093
1463,0.818886365
1464,0.98202009
1465,0.894879687
1466,0.962330221
1467,0.852317531
1468,0.961369854
1469,0.811429335
1470,0.885070974
1471,0.946595702
1472,0.81547547
1473,0.975955824
1474,0.850196028
1475,0.806358143
1476,0.834416303
1477,0.915624914
1478,0.904766297
1479,0.848348567
1480,0.973943828
1481,0.850930062
1482,0.963727137
1483,0.853408301
1484,0.905331961
1485,0.993990507
1486,0.955170746
1487,0.825492834
1488,0.835771791
1489,0.84778206
1490,0.877873343
1491,0.81459386
1492,0.994314754
1493,0.898703747
1494,0.935931349
1495,0.810691098
1496,0.899051817
1497,0.973601992
1498,0.811775611
1499,0.922894151
1500,0.918819954
1501,0.920918925
1502,0.825826219
1503,0.812304414
1504,0.811736952
1505,0.996081294
1506,0.842470815
1507,0.928225745
1508,0.975104272
1509,0.903807495
1510,0.803711353
1511,0.8830238
1512,0.840010022
1513,0.897601137
1514,0.862035772
1515,0.972082802
1516,0.912661613
1517,0.915098566
1518,0.859128876
1519,0.830045071
1520,0.801672471
1521,0.905593587
1522,0.831996748
1523,0.837031461
1524,0.891183561
1525,0.945049328
1526,0.984917943
1527,0.861104217
1528,0.855528754
1529,0.979346982
1530,0.95022246
1531,0.964599669
1532,0.876520252
1533,0.836528035
1534,0.978025613
1535,0.896622974
1536,0.916490844
1537,0.897866314
1538,0.989872954
1539,0.907479104
1540,0.918677495
1541,0.918769752
1542,0.932815575
1543,0.86883578
1544,0.816910297
1545,0.86141353
1546,0.983041589
1547,0.897783269
1548,0.867885077
1549,0.977152898
1550,0.872247127
1551,0.866708165
1552,0.904579985
1553,0.872013716
1554,0.868637893
1555,0.823546646
1556,0.953702489
1557,0.859126826
1558,0.880325112
1559,0.808778732
1560,0.816137483
1561,0.933786769
1562,0.878890031
1563,0.883619423
1564,0.839269887
1565,0.997369507
1566,0.911628961
1567,0.827334685
1568,0.88455169
1569,0.833498824
1570,0.949895076
1571,0.986916614
1572,0.84608387
1573,0.936330049
1574,0.896893792
1575,0.916835054
1576,0.833023416
1577,0.967168946
1578,0.889090691
1579,0.897430274
1580,0.815814414
1581,0.992789105
1582,0.824328333
1583,0.834574504
1584,0.977932224
1585,0.882105194
1586,0.869554971
1587,0.997886005
1588,0.919086325
1589,0.841634149
1590,0.851201211
1591,0.966228705
1592,0.87590931
1593,0.992182145
1594,0.858666788
1595,0.957508224
1596,0.850358449
1597,0.829172449
1598,0.820092441
1599,0.882155375
1600,0.944904553
1601,0.831886161
1602,0.996161677
1603,0.869317326
1604,0.954955361
1605,0.959968349
1606,0.933829064
1607,0.863978855
1608,0.805543856
1609,0.949932009
1610,0.951922201
1611,0.834785227
1612,0.828970442
1613,0.839895108
1614,0.84111827
1615,0.827648785
1616,0.800345465
1617,0.992990089
1618,0.981818116
1619,0.903248635
1620,0.915091424
1621,0.951370889
1622,0.836719729
1623,0.867218395
1624,0.842217861
1625,0.880967707
1626,0.936045957
1627,0.82111566
1628,0.980134707
1629,0.901399955
1630,0.910854212
1631,0.873793708
1632,0.956935679
1633,0.933394498
1634,0.826776411
1635,0.849053488
1636,0.951814808
1637,0.92597546
1638,0.973489247
1639,0.968032131
1640,0.865861681
1641,0.895203794
1642,0.835305504
1643,0.898946047
1644,0.962040693
1645,0.931572527
1646,0.857727976
1647,0.963553847
1648,0.878659078
1649,0.912825216
1650,0.872345701
1651,0.899576876
1652,0.806014312
1653,0.906623323
1654,0.85230086
1655,0.884977194
1656,0.962951874
1657,0.925571936
1658,0.808950822
1659,0.989752867
1660,0.82174119
1661,0.956360037
1662,0.956697977
1663,0.923901281
1664,0.955409118
1665,0.944401426
1666,0.913732291
1667,0.999738186
1668,0.959792636
1669,0.800974749
1670,0.801314904
1671,0.95433001
1672,0.819882206
1673,0.86098229
1674,0.927084905
1675,0.940558885
1676,0.845479762
1677,0.842865156
1678,0.849585848
1679,0.814474931
1680,0.807637406
1681,0.923127143
1682,0.927116525
1683,0.896532592
1684,0.914195797
1685,0.865462952
1686,0.879875627
1687,0.831814945
1688,0.814083263
1689,0.969659675
1690,0.964014569
1691,0.901719181
1692,0.914799939
1693,0.996678674
1694,0.974499744
1695,0.837904107
1696,0.80094239
1697,0.837874622
1698,0.880590029
1699,0.924275931
1700,0.858427824
1701,0.834153429
1702,0.832859774
1703,0.951993881
1704,0.833389426
1705,0.952962797
1706,0.807367211
1707,0.965548814
1708,0.982729587
1709,0.867039946
1710,0.818667715
1711,0.851875493
1712,0.923457297
1713,0.931654561
1714,0.987436174
1715,0.946232319
1716,0.878760999
1717,0.817422585
1718,0.884347913
1719,0.854625316
1720,0.843112433
1721,0.804805043
1722,0.861678832
1723,0.959488061
1724,0.86213004
1725,0.945423982
1726,0.997691572
1727,0.883275201
1728,0.823601407
1729,0.829207107
1730,0.821519132
1731,0.902364264
1732,0.897297197
1733,0.804867817
1734,0.936206641
1735,0.941548359
1736,0.975774288
1737,0.92646633
1738,0.999639038
1739,0.903208332
1740,0.807454659
1741,0.858366703
1742,0.841594137
1743,0.98144506
1744,0.969352406
1745,0.968954426
1746,0.896474496
1747,0.833558689
1748,0.961766738
1749,0.857581448
1750,0.879861352
1751,0.873619225
1752,0.992970632
1753,0.894702965
1754,0.950304771
1755,0.827128924
1756,0.906401092
1757,0.931151909
1758,0.809582926
1759,0.852363414
1760,0.804391226
1761,0.974400886
1762,0.934318814
1763,0.84986915
1764,0.874321813
1765,0.932725415
1766,0.86483262
1767,0.920851809
1768,0.836713551
1769,0.903538027
1770,0.987873564
1771,0.970721112
1772,0.956117493
1773,0.961475381
1774,0.982834893
1775,0.817391969
1776,0.932846043
1777,0.893344988
1778,0.81280499
1779,0.899672827
1780,0.837925155
1781,0.859924224
1782,0.863359337
1783,0.968498515
1784,0.994384049
1785,0.902125214
1786,0.871864243
1787,0.923657528
1788,0.88422234
1789,0.863997604
1790,0.9428031
1791,0.911865942
1792,0.963485117
1793,0.903178104
1794,0.913410987
1795,0.980173309
1796,0.817530126
1797,0.82320141
1798,0.909064713
1799,0.816232126
1800,0.996799088
1801,0.908707472
1802,0.864685347
1803,0.895186205
1804,0.983155263
1805,0.931441537
1806,0.991927668
1807,0.850096364
1808,0.803385395
1809,0.871041551
1810,0.905972387
1811,0.824520073
1812,0.936775171
1813,0.999475547
1814,0.959430013
1815,0.88898995
1816,0.933667468
1817,0.923281837
1818,0.841655563
1819,0.931102917
1820,0.840374128
1821,0.930531971
1822,0.935481866
1823,0.986702478
1824,0.963588032
1825,0.828094525
1826,0.835350675
1827,0.995029151
1828,0.812138868
1829,0.981487924
1830,0.999851091
1831,0.842407366
1832,0.946572823
1833,0.851544681
1834,0.941746299
1835,0.892661387
1836,0.98069426
1837,0.987788353
1838,0.862997902
1839,0.870344706
1840,0.976789705
1841,0.973593475
1842,0.939847389
1843,0.983787695
1844,0.807285613
1845,0.863946565
1846,0.999394296
1847,0.875436218
1848,0.913932676
1849,0.801827417
1850,0.831564856
1851,0.894104201
1852,0.844463962
1853,0.988194468
1854,0.871934773
1855,0.862488832
1856,0.803646202
1857,0.9328255
1858,0.849466879
1859,0.937158912
1860,0.872027124
1861,0.883526556
1862,0.815069295
1863,0.927979296
1864,0.879293222
1865,0.812001036
1866,0.868533554
1867,0.870229353
1868,0.824836321
1869,0.91137997
1870,0.815272454
1871,0.948553435
1872,0.960631414
1873,0.867229309
1874,0.923715641
1875,0.898056206
1876,0.917156092
1877,0.898636269
1878,0.944289674
1879,0.955654253
1880,0.837173148
1881,0.968305149
1882,0.801794291
1883,0.905578734
1884,0.825241941
1885,0.932421257
1886,0.90277561
1887,0.951373177
1888,0.973293805
1889,0.921663092
1890,0.92004106
1891,0.956311271
1892,0.963602574
1893,0.81793126
1894,0.839395531
1895,0.871770036
1896,0.936385453
1897,0.854552224
1898,0.983880643
1899,0.858421846
1900,0.847181274
1901,0.936158558
1902,0.938223167
1903,0.986365539
1904,0.976884288
1905,0.911781872
1906,0.901895716
1907,0.970732836
1908,0.831927822
1909,0.801313554
1910,0.945568086
1911,0.974486282
1912,0.803738445
1913,0.851544847
1914,0.822405811
1915,0.968315076
1916,0.987073798
1917,0.863906876
1918,0.982756855
1919,0.978484926
1920,0.957735501
1921,0.967274571
1922,0.822629532
1923,0.967018864
1924,0.891154203
1925,0.907057985
1926,0.947467948
1927,0.891510173
1928,0.967694813
1929,0.910005795
1930,0.860893393
1931,0.837654177
1932,0.843171357
1933,0.846026943
1934,0.874648485
1935,0.894037869
1936,0.997987276
1937,0.817413662
1938,0.940011809
1939,0.82699087
1940,0.837397948
1941,0.884749867
1942,0.831610542
1943,0.95704861
1944,0.94157676
1945,0.861589843
1946,0.812755184
1947,0.938615963
1948,0.824877086
1949,0.85475972
1950,0.928524291
1951,0.990614641
1952,0.83397283
1953,0.909701761
1954,0.933679065
1955,0.915421914
1956,0.983208821
1957,0.901840882
1958,0.93690625
1959,0.874240867
1960,0.911686647
1961,0.879442152
1962,0.850629274
1963,0.880065174
1964,0.854409561
1965,0.964771296
1966,0.931755479
1967,0.886867354
1968,0.965795483
1969,0.97260071
1970,0.90634742
1971,0.819783215
1972,0.83045107
1973,0.999251453
1974,0.819076676
1975,0.845914254
1976,0.926859065
1977,0.992777693
1978,0.81251392
1979,0.903489977
1980,0.875834995
1981,0.996712175
1982,0.887560501
1983,0.99634754
1984,0.855111514
1985,0.953597201
1986,0.990233164
1987,0.902976334
1988,0.915388469
1989,0.856637347
1990,0.849622592
1991,0.87226565
1992,0.921812629
1993,0.952378373
1994,0.963973027
1995,0.994881436
1996,0.822068263
1997,0.844090545
1998,0.818674431
1999,0.878445633
2000,0.823678863
2001,0.946385129
2002,0.887095821
2003,0.806288898
2004,0.982038636
2005,0.805248412
2006,0.87066814
2007,0.944448075
2008,0.845562164
2009,0.915754664
2010,0.882025745
2011,0.950448774
2012,0.849624557
2013,0.829188762
2014,0.856302577
2015,0.996558183
2016,0.903643747
2017,0.831900727
2018,0.89925243
2019,0.914771084
2020,0.964581076
2021,0.880466252
2022,0.900824959
2023,0.874771443
2024,0.992257612
2025,0.867426813
2026,0.846906102
2027,0.87471201
2028,0.817939565
2029,0.837616179
2030,0.866228723
2031,0.956122912
2032,0.875058653
2033,0.838693062
2034,0.8433974
2035,0.89844218
2036,0.901245593
2037,0.980788555
2038,0.930099949
2039,0.870330781
2040,0.913415664
2041,0.936129958
2042,0.886322691
2043,0.905380604
2044,0.940565285
2045,0.962894424
2046,0.833316961
2047,0.887368602
2048,0.890863096
2049,0.852470803
2050,0.933378466
2051,0.948696287
2052,0.87926534
2053,0.829364412
2054,0.905658378
2055,0.930848661
2056,0.859776123
2057,0.90509921
2058,0.824284988
2059,0.999490372
2060,0.895081017
2061,0.99147962
2062,0.822063293
2063,0.913488983
2064,0.985152742
2065,0.88101862
2066,0.919634442
2067,0.893964008
2068,0.958808538
2069,0.906766243
2070,0.985979543
2071,0.954082476
2072,0.922246637
2073,0.916043538
2074,0.826149119
2075,0.988183196
2076,0.83495245
2077,0.974701646
2078,0.873297433
2079,0.859270826
2080,0.96756375
2081,0.893661047
2082,0.855765582
2083,0.875428158
2084,0.987880954
2085,0.884768205
2086,0.905855258
2087,0.891328903
2088,0.873174449
2089,0.941262771
2090,0.931635281
2091,0.990240705
2092,0.985676339
2093,0.874061675
2094,0.821018959
2095,0.823732501
2096,0.900579253
2097,0.96933906
2098,0.944638742
2099,0.994882777
2100,0.901485204
2101,0.944711156
2102,0.876018892
2103,0.832067141
2104,0.976318586
2105,0.909740914
2106,0.881996849
2107,0.908565798
2108,0.840960244
2109,0.823428111
2110,0.900043034
2111,0.929979598
2112,0.912543898
2113,0.804377064
2114,0.837328346
2115,0.848924833
2116,0.918257806
2117,0.895401761
2118,0.946272043
2119,0.977590106
2120,0.944652361
2121,0.827364109
2122,0.868187572
2123,0.85375379
2124,0.802088742
2125,0.818300896
2126,0.832895118
2127,0.896896321
2128,0.864602297
2129,0.974913536
2130,0.985409355
2131,0.843172255
2132,0.943697325
2133,0.946691385
2134,0.992825771
2135,0.971131573
2136,0.913598183
2137,0.888975182
2138,0.923129018
2139,0.905238554
2140,0.948692067
2141,0.818757895
2142,0.961142344
2143,0.844685381
2144,0.803182807
2145,0.817009861
2146,0.876266194
2147,0.817585663
2148,0.990816374
2149,0.812979019
2150,0.884802345
2151,0.924039623
2152,0.937387215
2153,0.972858554
2154,0.948771157
2155,0.904143351
2156,0.859362373
2157,0.883988324
2158,0.964029521
2159,0.897812332
2160,0.984591999
2161,0.816587567
2162,0.936426886
2163,0.963887983
2164,0.9470659
2165,0.953395016
2166,0.845308599
2167,0.959651699
2168,0.949644
2169,0.86965724
2170,0.964098607
2171,0.941311623
2172,0.874110814
2173,0.902020354
2174,0.846930156
2175,0.853180143
2176,0.964781888
2177,0.806304256
2178,0.892203378
2179,0.882994628
2180,0.820082754
2181,0.979812025
2182,0.875638143
2183,0.853414978
2184,0.840810523
2185,0.872047487
2186,0.998631695
2187,0.863343119
2188,0.87661292
2189,0.898425293
2190,0.995989936
2191,0.812261587
2192,0.866727081
2193,0.817440828
2194,0.859071007
2195,0.80510133
2196,0.982543824
2197,0.955228766
2198,0.806450285
2199,0.985927592
2200,0.806542231
2201,0.998232773
2202,0.87184349
2203,0.991320495
2204,0.976424405
2205,0.991315578
2206,0.925773276
2207,0.93525149
2208,0.809057443
2209,0.939132983
2210,0.827236299
2211,0.917156356
2212,0.823970205
2213,0.868710351
2214,0.80136262
2215,0.959403857
2216,0.817477548
2217,0.904982755
2218,0.898480311
2219,0.80618039
2220,0.887063611
2221,0.97528351
2222,0.867130627
2223,0.996528444
2224,0.852393498
2225,0.830144905
2226,0.85993405
2227,0.897857228
2228,0.854751025
2229,0.910129019
2230,0.86744491
2231,0.986760858
2232,0.908277127
2233,0.968326822
2234,0.852512766
2235,0.848751699
2236,0.905758862
2237,0.874607972
2238,0.864744564
2239,0.937789452
2240,0.876103348
2241,0.857994767
2242,0.960377187
2243,0.870071596
2244,0.895931721
2245,0.99770333
2246,0.941168633
2247,0.869373142
2248,0.865987319
2249,0.841631777
2250,0.988390848
2251,0.854781788
2252,0.913166545
2253,0.988242236
2254,0.995019534
2255,0.881189548
2256,0.894700382
2257,0.89354759
2258,0.878941083
2259,0.908443242
2260,0.920706842
2261,0.951237993
2262,0.921742306
2263,0.874130486
2264,0.917144912
2265,0.841371198
2266,0.95604556
2267,0.939110479
2268,0.935388649
2269,0.908114862
2270,0.86996144
2271,0.865923531
2272,0.894308284
2273,0.919433209
2274,0.919696652
2275,0.918942936
2276,0.957388642
2277,0.977451884
2278,0.896766743
2279,0.90307945
2280,0.867096886
2281,0.994752719
2282,0.824583288
2283,0.973230381
2284,0.909097708
2285,0.81619385
2286,0.849942004
2287,0.89885593
2288,0.816001681
2289,0.891310221
2290,0.966437227
2291,0.832864391
2292,0.979114035
2293,0.997259205
2294,0.91621922
2295,0.931739613
2296,0.83462609
2297,0.906875564
2298,0.922933214
2299,0.916475398
2300,0.959556165
2301,0.863432395
2302,0.868144047
2303,0.929020974
2304,0.934163454
2305,0.832240179
2306,0.893074378
2307,0.96449342
2308,0.873713834
2309,0.987349923
2310,0.816588153
2311,0.852997678
2312,0.91673313
2313,0.983427044
2314,0.959365148
2315,0.915277753
2316,0.928623989
2317,0.902141312
2318,0.996157528
2319,0.833063931
2320,0.982092866
2321,0.98206286
2322,0.93876127
2323,0.829739027
2324,0.954693352
2325,0.889086908
2326,0.813747224
2327,0.886991152
2328,0.81276179
2329,0.967516667
2330,0.9946202
2331,0.921307745
2332,0.98932863
2333,0.814352309
2334,0.880365236
2335,0.892528927
2336,0.960750886
2337,0.828589554
2338,0.88961041
2339,0.929142169
2340,0.820704144
2341,0.814977553
2342,0.927877411
2343,0.981802094
2344,0.80005556
2345,0.871609112
2346,0.944320672
2347,0.93875001
2348,0.935249666
2349,0.801983804
2350,0.814193926
2351,0.995134323
2352,0.869371188
2353,0.823948711
2354,0.845526881
2355,0.983873293
2356,0.890337852
2357,0.975655898
2358,0.908419331
2359,0.869981554
2360,0.829424932
2361,0.997511817
2362,0.886850099
2363,0.964615773
2364,0.970633943
2365,0.820540408
2366,0.980408191
2367,0.940877335
2368,0.936702929
2369,0.831694482
2370,0.968320205
2371,0.960840772
2372,0.933716796
2373,0.992821374
2374,0.894940816
2375,0.976147126
2376,0.855770818
2377,0.838815673
2378,0.82059192
2379,0.99755011
2380,0.969680374
2381,0.843848886
2382,0.870464064
2383,0.801848322
2384,0.86778027
2385,0.827996011
2386,0.810077855
2387,0.955889382
2388,0.962161796
2389,0.842262146
2390,0.899610796
2391,0.990276928
2392,0.884265913
2393,0.806874815
2394,0.903266284
2395,0.919713254
2396,0.832965668
2397,0.901375081
2398,0.82201613
2399,0.961987092
2400,0.938830981
2401,0.958349906
2402,0.853416295
2403,0.868410259
2404,0.98994667
2405,0.820281108
2406,0.963961708
2407,0.925921711
2408,0.948298999
2409,0.979517434
2410,0.881124669
2411,0.964735453
2412,0.875922035
2413,0.930635651
2414,0.858139113
2415,0.88899368
2416,0.9089322
2417,0.967861961
2418,0.891129555
2419,0.941598368
2420,0.851029936
2421,0.923798983
2422,0.847384568
2423,0.820521119
2424,0.922431877
2425,0.975745659
2426,0.839624306
2427,0.998516926
2428,0.983002626
2429,0.860365408
2430,0.950438142
2431,0.879404898
2432,0.871942124
2433,0.862109853
2434,0.894173058
2435,0.817176334
2436,0.885618195
2437,0.864422349
2438,0.829418681
2439,0.834847498
2440,0.850891978
2441,0.962347335
2442,0.804080549
2443,0.800711184
2444,0.802491013
2445,0.911342066
2446,0.901427396
2447,0.909739154
2448,0.959527486
2449,0.880657666
2450,0.859290795
2451,0.83979118
2452,0.868838002
2453,0.912270677
2454,0.859895291
2455,0.854802427
2456,0.930537482
2457,0.961346561
2458,0.944623164
2459,0.833364695
2460,0.850698117
2461,0.98179258
2462,0.81974016
2463,0.966242496
2464,0.816396817
2465,0.847781827
2466,0.997187976
2467,0.837449321
2468,0.93221292
2469,0.952665404
2470,0.802327268
2471,0.81910207
2472,0.928200152
2473,0.800788525
2474,0.929983942
2475,0.832004716
2476,0.824789932
2477,0.991908899
2478,0.842926042
2479,0.934267286
2480,0.875719655
2481,0.96351197
2482,0.889682424
2483,0.995930206
2484,0.855710542
2485,0.972613203
2486,0.891870658
2487,0.972303197
2488,0.809053262
2489,0.89997308
2490,0.978265915
2491,0.819985733
2492,0.866551817
2493,0.8518295
2494,0.919181532
2495,0.850995128
2496,0.817897486
2497,0.954985578
2498,0.815162183
2499,0.86517828
2500,0.833537922
2501,0.854648284
2502,0.806821106
2503,0.904998002
2504,0.897024779
2505,0.894386096
2506,0.943869841
2507,0.803342017
2508,0.997105231
2509,0.949404154
2510,0.880699621
2511,0.812385813
2512,0.949180679
2513,0.909868223
2514,0.9729661
2515,0.919709788
2516,0.92806105
2517,0.826601406
2518,0.877559861
2519,0.865081544
2520,0.852381472
2521,0.910418365
2522,0.863042468
2523,0.963727691
2524,0.860323187
2525,0.954968991
2526,0.800161703
2527,0.833006151
2528,0.898657496
2529,0.966536591
2530,0.899332164
2531,0.960652367
2532,0.92804214
2533,0.872465537
2534,0.93606924
2535,0.866096321
2536,0.957399232
2537,0.872895593
2538,0.823275767
2539,0.857569513
2540,0.908336543
2541,0.880530814
2542,0.821115862
2543,0.964926672
2544,0.953537523
2545,0.830228856
2546,0.867777747
2547,0.806726696
2548,0.941603467
2549,0.835173225
2550,0.921283199
2551,0.980342763
2552,0.841937591
2553,0.965116073
2554,0.82522229
2555,0.961058067
2556,0.864557526
2557,0.850408445
2558,0.875132851
2559,0.949361436
2560,0.804672772
2561,0.991411508
2562,0.825851693
2563,0.969060279
2564,0.900797874
2565,0.878511238
2566,0.921521018
2567,0.940746113
2568,0.949919668
2569,0.836824598
2570,0.835153195
2571,0.947171
2572,0.878298304
2573,0.910653226
2574,0.808092452
2575,0.899628766
2576,0.953183786
2577,0.803043613
2578,0.805768952
2579,0.866388353
2580,0.949441428
2581,0.85359649
2582,0.813059618
2583,0.977883844
2584,0.963485936
2585,0.873674908
2586,0.867447648
2587,0.836747989
2588,0.922284677
2589,0.988574792
2590,0.812651291
2591,0.991589132
2592,0.827777474
2593,0.884031276
2594,0.887071348
2595,0.996918859
2596,0.954999792
2597,0.867697905
2598,0.931843794
2599,0.882282953
2600,0.855975584
2601,0.84617481
2602,0.851780208
2603,0.803997595
2604,0.87678844
2605,0.98257719
2606,0.933637323
2607,0.918117321
2608,0.859086901
2609,0.869864492
2610,0.945892258
2611,0.916426576
2612,0.807386655
2613,0.97429361
2614,0.960138448
2615,0.875663121
2616,0.907448157
2617,0.943133198
2618,0.812863603
2619,0.888415605
2620,0.97667611
2621,0.830326492
2622,0.955293658
2623,0.80953738
2624,0.812656975
2625,0.805574532
2626,0.819455314
2627,0.85997112
2628,0.943416269
2629,0.968268538
2630,0.92016838
2631,0.858771546
2632,0.919363852
2633,0.970249082
2634,0.920631639
2635,0.991210456
2636,0.951924473
2637,0.845391312
2638,0.894950396
2639,0.856604499
2640,0.996182976
2641,0.884961272
2642,0.94381143
2643,0.905948786
2644,0.941550936
2645,0.891935343
2646,0.868388483
2647,0.862397278
2648,0.848286412
2649,0.966578774
2650,0.865125433
2651,0.879653317
2652,0.98193513
2653,0.925946891
2654,0.850796664
2655,0.829343699
2656,0.87481817
2657,0.901473927
2658,0.894069209
2659,0.88801842
2660,0.885744816
2661,0.984234303
2662,0.83886676
2663,0.903489149
2664,0.899858377
2665,0.938563179
2666,0.976099722
2667,0.838425886
2668,0.881154973
2669,0.899761787
2670,0.819295677
2671,0.847701312
2672,0.918081723
2673,0.962748629
2674,0.959852123
2675,0.880707844
2676,0.918025179
2677,0.93221968
2678,0.884564111
2679,0.92307834
2680,0.933006782
2681,0.959758398
2682,0.964256311
2683,0.876592037
2684,0.869263878
2685,0.830466834
2686,0.911803466
2687,0.804321168
2688,0.878451044
2689,0.941183299
2690,0.872487362
2691,0.829474165
2692,0.984556009
2693,0.908291866
2694,0.97707494
2695,0.950593472
2696,0.943554897
2697,0.956541127
2698,0.898916941
2699,0.811052531
2700,0.992985459
2701,0.902796746
2702,0.851874557
2703,0.903097366
2704,0.869338729
2705,0.849053125
2706,0.834000976
2707,0.800758187
2708,0.947130739
2709,0.997368859
2710,0.872424051
2711,0.903697558
2712,0.99050969
2713,0.896488993
2714,0.812687014
2715,0.837536816
2716,0.869312958
2717,0.843018676
2718,0.819804381
2719,0.811761401
2720,0.946103078
2721,0.826811849
2722,0.869481024
2723,0.912497236
2724,0.817832956
2725,0.980665344
2726,0.968555802
2727,0.910755966
2728,0.934523967
2729,0.984563972
2730,0.86844614
2731,0.956836557
2732,0.950557269
2733,0.929966104
2734,0.899003648
2735,0.814736457
2736,0.966112637
2737,0.814588039
2738,0.968471588
2739,0.967006558
2740,0.940750177
2741,0.906496076
2742,0.857016123
2743,0.857640633
2744,0.919428331
2745,0.990689065
2746,0.878887685
2747,0.85747353
2748,0.947783932
2749,0.820235018
2750,0.819709133
2751,0.813866001
2752,0.87157148
2753,0.932093333
2754,0.888809531
2755,0.996659136
2756,0.911823083
2757,0.860421523
2758,0.852076836
2759,0.990320043
2760,0.819905872
2761,0.936818388
2762,0.939286752
2763,0.887315964
2764,0.864726623
2765,0.923695043
2766,0.825929004
2767,0.816899516
2768,0.945720592
2769,0.835717806
2770,0.9167004
2771,0.803363985
2772,0.888885417
2773,0.866792292
2774,0.813009028
2775,0.947680217
2776,0.854926855
2777,0.886192376
2778,0.892369741
2779,0.879355084
2780,0.916548295
2781,0.822567545
2782,0.832571051
2783,0.904012726
2784,0.989611686
2785,0.929625145
2786,0.941416715
2787,0.917447283
2788,0.90418434
2789,0.996523819
2790,0.923347384
2791,0.951684347
2792,0.985432749
2793,0.963377944
2794,0.832146623
2795,0.871168402
2796,0.839422037
2797,0.937838509
2798,0.922930843
2799,0.920162262
2800,0.8042159
2801,0.923552021
2802,0.849566942
2803,0.891592937
2804,0.876745029
2805,0.866661945
2806,0.831666505
2807,0.943440898
2808,0.877788211
2809,0.951888978
2810,0.819798655
2811,0.814712133
2812,0.882081476
2813,0.995149401
2814,0.84655431
2815,0.80250743
2816,0.844543692
2817,0.934494006
2818,0.99250353
2819,0.826750124
2820,0.971874844
2821,0.890804657
2822,0.999548672
2823,0.911829047
2824,0.872541812
2825,0.870632776
2826,0.969940606
2827,0.920762037
2828,0.896759382
2829,0.975272221
2830,0.971749248
2831,0.87675952
2832,0.902795261
2833,0.830963345
2834,0.905979023
2835,0.852085697
2836,0.99195345
2837,0.952077382
2838,0.86607848
2839,0.881209237
2840,0.874057806
2841,0.857959399
2842,0.836065482
2843,0.941840223
2844,0.998637429
2845,0.91911661
2846,0.901787025
2847,0.915227551
2848,0.83887653
2849,0.822679472
2850,0.885914199
2851,0.833820119
2852,0.994161128
2853,0.880587932
2854,0.850668126
2855,0.995083051
2856,0.950000284
2857,0.940595811
2858,0.909944643
2859,0.85960925
2860,0.940791944
2861,0.96485592
2862,0.869413279
2863,0.972151852
2864,0.982754128
2865,0.916471449
2866,0.971488458
2867,0.930925894
2868,0.879828065
2869,0.895851194
2870,0.953930902
2871,0.805824992
2872,0.943472333
2873,0.89272585
2874,0.916621931
2875,0.878283423
2876,0.88799942
2877,0.832300056
2878,0.822804777
2879,0.845868808
2880,0.994546363
2881,0.978524195
2882,0.911719125
2883,0.8798816
2884,0.923014215
2885,0.891072976
2886,0.804803824
2887,0.969189268
2888,0.926371955
2889,0.846624776
2890,0.825791481
2891,0.908063716
2892,0.839558771
2893,0.823071587
2894,0.924127182
2895,0.981703173
2896,0.887348063
2897,0.910189419
2898,0.833475357
2899,0.940552278
2900,0.933031529
2901,0.839090059
2902,0.884955451
2903,0.913275045
2904,0.94709298
2905,0.971324972
2906,0.919993117
2907,0.83529045
2908,0.803642701
2909,0.86639601
2910,0.861345238
2911,0.861792182
2912,0.993827441
2913,0.942667428
2914,0.817066315
2915,0.976699174
2916,0.848613288
2917,0.853183591
2918,0.883737503
2919,0.955695036
2920,0.902707762
2921,0.88764822
2922,0.805096809
2923,0.850190217
2924,0.859117087
2925,0.810884305
2926,0.948950949
2927,0.946402579
2928,0.868396102
2929,0.817821257
2930,0.879524095
2931,0.96612399
2932,0.886491212
2933,0.960038899
2934,0.959370436
2935,0.875773826
2936,0.982000396
2937,0.906566896
2938,0.88940878
2939,0.831085491
2940,0.93852299
2941,0.855639909
2942,0.9271956
2943,0.866984422
2944,0.996276056
2945,0.826884448
2946,0.984343902
2947,0.871097927
2948,0.846536042
2949,0.965154316
2950,0.940204468
2951,0.837767079
2952,0.866210888
2953,0.842507504
2954,0.868462604
2955,0.97858617
2956,0.941685512
2957,0.963880489
2958,0.820357124
2959,0.815549569
2960,0.896870313
2961,0.968953032
2962,0.99275624
2963,0.824797114
2964,0.837226396
2965,0.999024968
2966,0.932652177
2967,0.806304889
2968,0.85110707
2969,0.852362277
2970,0.889010841
2971,0.972226384
2972,0.916432439
2973,0.933654706
2974,0.953307499
2975,0.969273077
2976,0.929110422
2977,0.924626541
2978,0.891637001
2979,0.859807724
2980,0.807642093
2981,0.848924409
2982,0.909420615
2983,0.961732969
2984,0.994048475
2985,0.985861317
2986,0.833837168
2987,0.81634214
2988,0.845583386
2989,0.883039548
2990,0.890748631
2991,0.981905034
2992,0.850200879
2993,0.980062893
2994,0.885092205
2995,0.812242881
2996,0.927400429
2997,0.948020553
2998,0.80459473
2999,0.882901487
3000,0.846723344
3001,0.882224039
3002,0.890593892
3003,0.830616907
3004,0.921581797
3005,0.99871932
3006,0.836414254
3007,0.94580983
3008,0.988665625
3009,0.955597951
3010,0.982720258
3011,0.822792412
3012,0.810961084
3013,0.960440564
3014,0.973233843
3015,0.848902534
3016,0.851678312
3017,0.879851649
3018,0.868592507
3019,0.811773736
3020,0.809131264
3021,0.878150379
3022,0.925455385
3023,0.946178981
3024,0.830692125
3025,0.918061482
3026,0.814962909
3027,0.856078882
3028,0.815480831
3029,0.875907719
3030,0.836555215
3031,0.995178721
3032,0.895872814
3033,0.824737662
3034,0.991972019
3035,0.855293522
3036,0.974502051
3037,0.92034664
3038,0.819191888
3039,0.978312337
3040,0.968662256
3041,0.862065044
3042,0.920575048
3043,0.924501193
3044,0.954591665
3045,0.877557872
3046,0.831050247
3047,0.929420643
3048,0.873653964
3049,0.81658739
3050,0.916012903
3051,0.963316377
3052,0.930843358
3053,0.810011164
3054,0.972265154
3055,0.890302946
3056,0.869071514
3057,0.973340342
3058,0.854226796
3059,0.830509832
3060,0.921167561
3061,0.865199052
3062,0.965589176
3063,0.827929718
3064,0.822507545
3065,0.881544624
3066,0.948518432
3067,0.812302303
3068,0.822682243
3069,0.88660631
3070,0.863150789
3071,0.989077165
3072,0.993102822
3073,0.988077246
3074,0.872118496
3075,0.83290164
3076,0.902413684
3077,0.977283932
3078,0.80498778
3079,0.835632403
3080,0.892337881
3081,0.889653934
3082,0.920135999
3083,0.902461199
3084,0.950060425
3085,0.881063508
3086,0.862235771
3087,0.917825664
3088,0.871086694
3089,0.847470284
3090,0.898620257
3091,0.806172964
3092,0.924516911
3093,0.978612472
3094,0.872867264
3095,0.898241587
3096,0.862490634
3097,0.926508628
3098,0.81650036
3099,0.836426203
3100,0.872955155
3101,0.83571996
3102,0.999146833
3103,0.924852519
3104,0.828648576
3105,0.922571383
3106,0.902767293
3107,0.980425731
3108,0.939536442
3109,0.820274751
3110,0.837195971
3111,0.980684567
3112,0.857958567
3113,0.809002528
3114,0.96057044
3115,0.800187148
3116,0.984050144
3117,0.955764505
3118,0.806426711
3119,0.995411086
3120,0.849550868
3121,0.958177715
3122,0.940919456
3123,0.820575427
3124,0.859402222
3125,0.972938331
3126,0.956611423
3127,0.953697493
3128,0.898850164
3129,0.86390039
3130,0.909518479
3131,0.873908718
3132,0.955448919
3133,0.906932706
3134,0.827490336
3135,0.956386286
3136,0.954768671
3137,0.839269999
3138,0.828322616
3139,0.943304448
3140,0.814386864
3141,0.874865449
3142,0.997565513
3143,0.99396444
3144,0.824984101
3145,0.943943169
3146,0.836413541
3147,0.978643315
3148,0.950929671
3149,0.84263905
3150,0.934383734
3151,0.824928012
3152,0.800930079
3153,0.886129821
3154,0.922166942
3155,0.927964435
3156,0.984794207
3157,0.942151303
3158,0.847348995
3159,0.868331695
3160,0.901265878
3161,0.887268934
3162,0.800472685
3163,0.976187865
3164,0.943485607
3165,0.845198342
3166,0.84351247
3167,0.988987568
3168,0.89900154
3169,0.963253706
3170,0.853533868
3171,0.981181269
3172,0.914132209
3173,0.866507969
3174,0.904608282
3175,0.806489015
3176,0.892155076
3177,0.919817701
3178,0.852083108
3179,0.844299267
3180,0.985017469
3181,0.897746682
3182,0.804623935
3183,0.930569687
3184,0.940903691
3185,0.830406551
3186,0.819262099
3187,0.912234614
3188,0.958623296
3189,0.985825343
3190,0.971536332
3191,0.977948964
3192,0.881710319
3193,0.968729863
3194,0.963208136
3195,0.970999889
3196,0.811557441
3197,0.830193449
3198,0.939872254
3199,0.957029786
3200,0.880449326
3201,0.892422148
3202,0.90293859
3203,0.920435491
3204,0.843959104
3205,0.961604266
3206,0.921145133
3207,0.907374138
3208,0.980337531
3209,0.948549322
3210,0.99351572
3211,0.801019529
3212,0.992688985
3213,0.869822382
3214,0.929769672
3215,0.844649786
3216,0.857297668
3217,0.986767773
3218,0.873067294
3219,0.892154041
3220,0.91571702
3221,0.835420409
3222,0.933796443
3223,0.920120896
3224,0.968491228
3225,0.901128653
3226,0.91899757
3227,0.972218363
3228,0.867005844
3229,0.974616523
3230,0.932139035
3231,0.892965411
3232,0.916367028
3233,0.978510567
3234,0.888413445
3235,0.982142205
3236,0.987195966
3237,0.899889924
3238,0.963233631
3239,0.83205893
3240,0.918030962
3241,0.845658661
3242,0.855940387
3243,0.89160738
3244,0.960101585
3245,0.926308253
3246,0.820825713
3247,0.859459526
3248,0.883499671
3249,0.897646237
3250,0.980909241
3251,0.812234783
3252,0.843799693
3253,0.865198545
3254,0.896993321
3255,0.957595474
3256,0.822662623
3257,0.953551753
3258,0.807256298
3259,0.891022759
3260,0.933656808
3261,0.906840769
3262,0.888325621
3263,0.998437321
3264,0.860714769
3265,0.931374246
3266,0.8085914
3267,0.82087957
3268,0.882816369
3269,0.97436369
3270,0.8053728
3271,0.99847115
3272,0.925181157
3273,0.9630394
3274,0.815680527
3275,0.913936097
3276,0.880172797
3277,0.92121725
3278,0.954457576
3279,0.960858765
3280,0.838669729
3281,0.822319061
3282,0.990318533
3283,0.886605644
3284,0.91171357
3285,0.80750445
3286,0.897732959
3287,0.961525393
3288,0.863674994
3289,0.933076025
3290,0.816436402
3291,0.837488613
3292,0.93171639
3293,0.951436144
3294,0.884798278
3295,0.853427109
3296,0.976042326
3297,0.937171311
3298,0.987514495
3299,0.869391295
3300,0.898897275
3301,0.882490991
3302,0.95251174
3303,0.872286518
3304,0.922323357
3305,0.88651268
3306,0.83717813
3307,0.800285902
3308,0.826231237
3309,0.996271606
3310,0.871395895
3311,0.892017485
3312,0.84940214
3313,0.863196607
3314,0.996620891
3315,0.806330986
3316,0.807583833
3317,0.899339621
3318,0.89116836
3319,0.951713299
3320,0.833104381
3321,0.910853895
3322,0.966398088
3323,0.873179305
3324,0.928947722
3325,0.867201108
3326,0.964187835
3327,0.887767726
3328,0.895283397
3329,0.998841534
3330,0.883573518
3331,0.942973948
3332,0.862261156
3333,0.944337364
3334,0.903734152
3335,0.941407306
3336,0.925658788
3337,0.959228054
3338,0.827943929
3339,0.862123467
3340,0.978008433
3341,0.930671583
3342,0.984005027
3343,0.92114537
3344,0.833766076
3345,0.879380211
3346,0.899257646
3347,0.846835342
3348,0.970259763
3349,0.818883693
3350,0.854846443
3351,0.834726034
3352,0.880794817
3353,0.819423274
3354,0.878482239
3355,0.963231087
3356,0.873551535
3357,0.903593149
3358,0.845990236
3359,0.971920603
3360,0.916307609
3361,0.808301837
3362,0.996029459
3363,0.835689853
3364,0.985005961
3365,0.96420903
3366,0.915217829
3367,0.857293741
3368,0.886027087
3369,0.832357121
3370,0.951047008
3371,0.877307191
3372,0.921386753
3373,0.863537613
3374,0.979889593
3375,0.855180121
3376,0.94487012
3377,0.914740888
3378,0.865514538
3379,0.89264446
3380,0.856844838
3381,0.902219337
3382,0.96467277
3383,0.999485375
3384,0.858227361
3385,0.958157786
3386,0.861282422
3387,0.8983762
3388,0.994049021
3389,0.903827144
3390,0.876734961
3391,0.854717644
3392,0.902323222
3393,0.998638608
3394,0.969591682
3395,0.929203019
3396,0.822458302
3397,0.995755476
3398,0.829342852
3399,0.940316969
3400,0.801558276
3401,0.852492292
3402,0.964738286
3403,0.919937736
3404,0.922001439
3405,0.809565741
3406,0.80949119
3407,0.911137464
3408,0.831177146
3409,0.861424474
3410,0.948514846
3411,0.935400828
3412,0.817656944
3413,0.863300043
3414,0.915810658
3415,0.80948081
3416,0.9885496
3417,0.959682247
3418,0.97206828
3419,0.967645895
3420,0.852662806
3421,0.984054276
3422,0.903830272
3423,0.987113686
3424,0.894178234
3425,0.887003935
3426,0.884622031
3427,0.968360015
3428,0.916822989
3429,0.824723962
3430,0.843627955
3431,0.955218185
3432,0.889135304
3433,0.823524785
3434,0.939241815
3435,0.971128322
3436,0.862107959
3437,0.975805808
3438,0.9562671
3439,0.978235853
3440,0.977025441
3441,0.839502712
3442,0.819401591
3443,0.903031118
3444,0.878013672
3445,0.913434775
3446,0.811940858
3447,0.818253588
3448,0.952019984
3449,0.880641763
3450,0.941113761
3451,0.857644934
3452,0.930872823
3453,0.829293779
3454,0.831308822
3455,0.990236396
3456,0.942084736
3457,0.936459579
3458,0.917590006
3459,0.889858174
3460,0.962502915
3461,0.984097431
3462,0.830961683
3463,0.990370817
3464,0.96280159
3465,0.810222198
3466,0.827430006
3467,0.915855052
3468,0.847853931
3469,0.984533864
3470,0.925476271
3471,0.877743113
3472,0.811932366
3473,0.864557031
3474,0.901867214
3475,0.924213576
3476,0.893776083
3477,0.869796818
3478,0.980715363
3479,0.843409646
3480,0.863174864
3481,0.914450761
3482,0.927427392
3483,0.875224069
3484,0.843159544
3485,0.894485786
3486,0.871298646
3487,0.800026751
3488,0.968340163
3489,0.802109204
3490,0.879516182
3491,0.935242457
3492,0.909551208
3493,0.933178323
3494,0.82453305
3495,0.916832141
3496,0.847988978
3497,0.953371876
3498,0.853372253
3499,0.812749576
3500,0.896885374
3501,0.977889433
3502,0.939291971
3503,0.846789048
3504,0.911817832
3505,0.951858153
3506,0.990281733
3507,0.908152255
3508,0.97238399
3509,0.840444806
3510,0.863279176
3511,0.819091202
3512,0.92333859
3513,0.883619423
3514,0.912841076
3515,0.854448546
3516,0.973540285
3517,0.985644096
3518,0.804167199
3519,0.873523119
3520,0.915347204
3521,0.935532701
3522,0.889269215
3523,0.958944759
3524,0.909950544
3525,0.938799147
3526,0.89370091
3527,0.811001653
3528,0.965647614
3529,0.815075069
3530,0.980106219
3531,0.801303303
3532,0.982166202
3533,0.85733794
3534,0.912020251
3535,0.861659733
3536,0.844266692
3537,0.953597409
3538,0.926731612
3539,0.9036272
3540,0.905482676
3541,0.926369485
3542,0.972341714
3543,0.972317416
3544,0.812868622
3545,0.93874522
3546,0.940705606
3547,0.946124808
3548,0.929982306
3549,0.992708258
3550,0.944267057
3551,0.80068261
3552,0.954960358
3553,0.886128948
3554,0.856364575
3555,0.985625372
3556,0.883008611
3557,0.802741428
3558,0.987964436
3559,0.960850095
3560,0.823839498
3561,0.829949225
3562,0.883863697
3563,0.984188335
3564,0.912935511
3565,0.99527335
3566,0.844705143
3567,0.883152979
3568,0.974722378
3569,0.907342833
3570,0.952778659
3571,0.86090301
3572,0.958796241
3573,0.986978829
3574,0.96828855
3575,0.981249054
3576,0.807446909
3577,0.95206393
3578,0.904519614
3579,0.990020059
3580,0.858517389
3581,0.936278192
3582,0.968555465
3583,0.941615698
3584,0.865209904
3585,0.929483189
3586,0.874061277
3587,0.842447775
3588,0.803326479
3589,0.94648584
3590,0.856114456
3591,0.80375411
3592,0.82710644
3593,0.993757125
3594,0.847839429
3595,0.998908313
3596,0.947226187
3597,0.883390104
3598,0.846511999
3599,0.949749967
3600,0.934490341
3601,0.947840309
3602,0.912440925
3603,0.844294147
3604,0.985385822
3605,0.853308319
3606,0.817895606
3607,0.88748696
3608,0.806118983
3609,0.800624753
3610,0.847168666
3611,0.967857623
3612,0.967508887
3613,0.853215124
3614,0.882184725
3615,0.853772966
3616,0.848839489
3617,0.812143652
3618,0.858722931
3619,0.802348353
3620,0.89427375
3621,0.989199786
3622,0.882607471
3623,0.970131799
3624,0.911623066
3625,0.885884537
3626,0.866001255
3627,0.874634799
3628,0.886906983
3629,0.822738658
3630,0.916547344
3631,0.934830774
3632,0.836752985
3633,0.983143407
3634,0.963829314
3635,0.825135485
3636,0.811396067
3637,0.99374002
3638,0.806850638
3639,0.868677673
3640,0.821044327
3641,0.916088672
3642,0.992305261
3643,0.852433736
3644,0.961309746
3645,0.809851189
3646,0.904585708
3647,0.966550079
3648,0.964348895
3649,0.906549878
3650,0.864875446
3651,0.847085262
3652,0.848334277
3653,0.939260957
3654,0.837122409
3655,0.996548953
3656,0.980328863
3657,0.944720781
3658,0.973639437
3659,0.970790738
3660,0.802387305
3661,0.839815662
3662,0.816282426
3663,0.867936344
3664,0.86075382
3665,0.802163154
3666,0.957924851
3667,0.819804308
3668,0.874641153
3669,0.930669119
3670,0.978690252
3671,0.943734962
3672,0.925285107
3673,0.826633938
3674,0.954097264
3675,0.898759683
3676,0.966660447
3677,0.857298402
3678,0.802390699
3679,0.947584823
3680,0.992596396
3681,0.939781023
3682,0.875271146
3683,0.84630311
3684,0.963905003
3685,0.909701868
3686,0.994801517
3687,0.823688874
3688,0.922498362
3689,0.889806526
3690,0.910130798
3691,0.818257222
3692,0.826510082
3693,0.891110179
3694,0.901712064
3695,0.844223938
3696,0.835121449
3697,0.827034669
3698,0.889904535
3699,0.920937231
3700,0.961550651
3701,0.842770984
3702,0.919149014
3703,0.87749912
3704,0.927466077
3705,0.858944514
3706,0.92038771
3707,0.96376133
3708,0.987212635
3709,0.965881906
3710,0.91594645
3711,0.993626329
3712,0.898068632
3713,0.988927747
3714,0.905386246
3715,0.863622265
3716,0.981973892
3717,0.812535391
3718,0.993525655
3719,0.978208751
3720,0.847541512
3721,0.852642806
3722,0.945629208
3723,0.989999316
3724,0.874374126
3725,0.951947901
3726,0.85422394
3727,0.983353113
3728,0.855147062
3729,0.836663334
3730,0.842150638
3731,0.920329345
3732,0.901366036
3733,0.908930008
3734,0.875924337
3735,0.84568039
3736,0.951236024
3737,0.968150901
3738,0.921046082
3739,0.802977263
3740,0.994617488
3741,0.974706786
3742,0.948756202
3743,0.97421036
3744,0.987635529
3745,0.96635188
3746,0.899699693
3747,0.892243572
3748,0.928631504
3749,0.868274241
3750,0.925338554
3751,0.866071778
3752,0.985086371
3753,0.907497645
3754,0.984907634
3755,0.931876409
3756,0.932302693
3757,0.985706204
3758,0.948937728
3759,0.97839619
3760,0.841373567
3761,0.917617752
3762,0.86054274
3763,0.976915983
3764,0.809967035
3765,0.951355515
3766,0.930592032
3767,0.876656044
3768,0.856548839
3769,0.865860538
3770,0.959352001
3771,0.800329847
3772,0.981572121
3773,0.879172427
3774,0.858581279
3775,0.896634967
3776,0.840619532
3777,0.86345884
3778,0.98586837
3779,0.87927618
3780,0.940278581
3781,0.828855046
3782,0.85229946
3783,0.915352435
3784,0.925700403
3785,0.852353359
3786,0.834979519
3787,0.837465143
3788,0.859784379
3789,0.996951257
3790,0.862504273
3791,0.804056528
3792,0.856120982
3793,0.884107281
3794,0.872724649
3795,0.801664912
3796,0.899172433
3797,0.844751657
3798,0.901031527
3799,0.801433055
3800,0.981592814
3801,0.880566239
3802,0.866392047
3803,0.979366853
3804,0.935063893
3805,0.840085358
3806,0.953650592
3807,0.805009326
3808,0.832246323
3809,0.902348334
3810,0.881532747
3811,0.995750278
3812,0.800246937
3813,0.840767973
3814,0.855464205
3815,0.823867297
3816,0.814231477
3817,0.816293221
3818,0.921472834
3819,0.960359909
3820,0.982140796
3821,0.927289061
3822,0.92589854
3823,0.814319024
3824,0.954098976
3825,0.939117924
3826,0.876650875
3827,0.917891276
3828,0.889203232
3829,0.994097544
3830,0.840306386
3831,0.973969408
3832,0.858275155
3833,0.961857647
3834,0.865021694
3835,0.917797251
3836,0.932465756
3837,0.863869366
3838,0.809648543
3839,0.859306698
3840,0.808550457
3841,0.881865932
3842,0.980597571
3843,0.970519396
3844,0.859207816
3845,0.853269002
3846,0.829482426
3847,0.911387919
3848,0.931245246
3849,0.878013808
3850,0.963302898
3851,0.948233381
3852,0.994989713
3853,0.949576242
3854,0.866169701
3855,0.936959627
3856,0.843214026
3857,0.878504491
3858,0.91932599
3859,0.859777188
3860,0.878623742
3861,0.808531041
3862,0.974775514
3863,0.923182006
3864,0.876320483
3865,0.871112844
3866,0.878942984
3867,0.923799295
3868,0.810859932
3869,0.886451074
3870,0.873174492
3871,0.884454204
3872,0.970628352
3873,0.984918884
3874,0.883312098
3875,0.974668016
3876,0.847298361
3877,0.885806638
3878,0.970970636
3879,0.807135781
3880,0.950161643
3881,0.952543128
3882,0.905580353
3883,0.809541151
3884,0.934713662
3885,0.810968266
3886,0.910929736
3887,0.832215286
3888,0.866659464
3889,0.906228788
3890,0.823558899
3891,0.983893299
3892,0.871219813
3893,0.926645553
3894,0.881912724
3895,0.903309546
3896,0.968982245
3897,0.993180634
3898,0.944804048
3899,0.809062754
3900,0.855270988
3901,0.876526382
3902,0.830897632
3903,0.800433912
3904,0.980841233
3905,0.999811546
3906,0.814388183
3907,0.926947828
3908,0.902716383
3909,0.837138457
3910,0.928967171
3911,0.933259129
3912,0.954096474
3913,0.974774795
3914,0.958664092
3915,0.950613348
3916,0.844409109
3917,0.821905282
3918,0.936104815
3919,0.813068085
3920,0.848238494
3921,0.886366645
3922,0.890699429
3923,0.803241679
3924,0.962205228
3925,0.838755267
3926,0.95783337
3927,0.879945052
3928,0.860092453
3929,0.900004487
3930,0.861946011
3931,0.842317123
3932,0.87199564
3933,0.97424078
3934,0.80571363
3935,0.935464403
3936,0.945470403
3937,0.851231894
3938,0.820943133
3939,0.997678991
3940,0.905609687
3941,0.876570737
3942,0.925512426
3943,0.805749972
3944,0.887099671
3945,0.829987835
3946,0.828599133
3947,0.978680266
3948,0.940263582
3949,0.892351379
3950,0.935536034
3951,0.923918563
3952,0.849762781
3953,0.938529905
3954,0.818506481
3955,0.936057137
3956,0.927875155
3957,0.963165295
3958,0.91853442
3959,0.863883899
3960,0.910962677
3961,0.839694379
3962,0.817588568
3963,0.897661352
3964,0.828915468
3965,0.849462301
3966,0.951704777
3967,0.815991661
3968,0.845478778
3969,0.809269312
3970,0.838437003
3971,0.895714283
3972,0.87255442
3973,0.90194894
3974,0.890856929
3975,0.88414219
3976,0.855953545
3977,0.893558524
3978,0.999559684
3979,0.802085519
3980,0.966214267
3981,0.904049265
3982,0.990042731
3983,0.889590467
3984,0.872184297
3985,0.940166389
3986,0.928444163
3987,0.862264995
3988,0.966400868
3989,0.95195699
3990,0.901283848
3991,0.97790565
3992,0.923643636
3993,0.999949938
3994,0.906477701
3995,0.912981642
3996,0.973174286
3997,0.837110761
3998,0.902036648
3999,0.96654369
4000,0.999512574
4001,0.86877411
4002,0.837878249
4003,0.832089296
4004,0.860346975
4005,0.89610483
4006,0.888653084
4007,0.818859852
4008,0.946294649
4009,0.816347985
4010,0.981243332
4011,0.8685673
4012,0.805081422
4013,0.880012412
4014,0.866010615
4015,0.961030719
4016,0.960855682
4017,0.827515913
4018,0.929154018
4019,0.940831773
4020,0.882987112
4021,0.997676423
4022,0.875056289
4023,0.912512392
4024,0.905315536
4025,0.839055812
4026,0.80571472
4027,0.982884961
4028,0.873488601
4029,0.927295235
4030,0.918084137
4031,0.88262085
4032,0.939729054
4033,0.854709377
4034,0.955450235
4035,0.885537599
4036,0.881059052
4037,0.858877695
4038,0.918282876
4039,0.924158281
4040,0.960910423
4041,0.99172443
4042,0.845629598
4043,0.861755811
4044,0.929541029
4045,0.941202326
4046,0.816057276
4047,0.955796086
4048,0.987753957
4049,0.983688162
4050,0.815796155
4051,0.939368265
4052,0.879821926
4053,0.979683336
4054,0.862731712
4055,0.906742915
4056,0.804617826
4057,0.903535278
4058,0.878999094
4059,0.934646631
4060,0.823037903
4061,0.896595777
4062,0.820213946
4063,0.920894866
4064,0.919897692
4065,0.864999788
4066,0.873348659
4067,0.873749769
4068,0.946269351
4069,0.913924566
4070,0.937172552
4071,0.977710947
4072,0.922887035
4073,0.989489822
4074,0.836019719
4075,0.93190694
4076,0.824827976
4077,0.866604924
4078,0.929399467
4079,0.89403702
4080,0.923876428
4081,0.843831825
4082,0.852205121
4083,0.877521444
4084,0.981345508
4085,0.828919389
4086,0.838540092
4087,0.865433216
4088,0.960104131
4089,0.829300978
4090,0.914523127
4091,0.987093654
4092,0.95544528
4093,0.913798455
4094,0.860358145
4095,0.983600944
4096,0.977723859
4097,0.947546509
4098,0.873684551
4099,0.954734505
4100,0.813658885
4101,0.810307384
4102,0.95791109
4103,0.909693084
4104,0.862772691
4105,0.807768701
4106,0.899047576
4107,0.923381329
4108,0.861499561
4109,0.981877816
4110,0.823914789
4111,0.925913981
4112,0.852219566
4113,0.841121638
4114,0.827852404
4115,0.959059431
4116,0.931457011
4117,0.978422186
4118,0.998131666
4119,0.98466981
4120,0.845795445
4121,0.815435842
4122,0.914699718
4123,0.964431617
4124,0.977117458
4125,0.971811997
4126,0.84982867
4127,0.980528422
4128,0.973449192
4129,0.961064737
4130,0.902797317
4131,0.960472206
4132,0.978844727
4133,0.848315469
4134,0.819571824
4135,0.856651777
4136,0.950595279
4137,0.826056263
4138,0.929400601
4139,0.81097108
4140,0.978052355
4141,0.892591031
4142,0.828001159
4143,0.936748808
4144,0.856699081
4145,0.881128031
4146,0.956967342
4147,0.804633611
4148,0.888045336
4149,0.83045224
4150,0.865332524
4151,0.890355726
4152,0.869079652
4153,0.962644338
4154,0.934695289
4155,0.803269954
4156,0.868438229
4157,0.978868217
4158,0.907540466
4159,0.85725697
4160,0.935925197
4161,0.876368276
4162,0.839364883
4163,0.903854686
4164,0.82474124
4165,0.868907437
4166,0.96552997
4167,0.826449117
4168,0.921991175
4169,0.982639566
4170,0.847056615
4171,0.976342031
4172,0.886121095
4173,0.823535723
4174,0.951088666
4175,0.853807775
4176,0.814089811
4177,0.867790166
4178,0.928242486
4179,0.974074309
4180,0.854915722
4181,0.892885377
4182,0.956284931
4183,0.891260827
4184,0.891481935
4185,0.990604343
4186,0.958124239
4187,0.866281359
4188,0.955260371
4189,0.946433783
4190,0.813441433
4191,0.994691604
4192,0.847060636
4193,0.934378109
4194,0.889705026
4195,0.846511925
4196,0.91926225
4197,0.846155997
4198,0.950356262
4199,0.926500557
4200,0.853717136
4201,0.953358691
4202,0.806467459
4203,0.846732141
4204,0.905401401
4205,0.87177278
4206,0.906197545
4207,0.876708407
4208,0.915872611
4209,0.900939333
4210,0.995230496
4211,0.824666941
4212,0.844747624
4213,0.995472522
4214,0.933122345
4215,0.989089657
4216,0.859306878
4217,0.807659524
4218,0.953964771
4219,0.964112912
4220,0.856028681
4221,0.975635258
4222,0.880737239
4223,0.943083415
4224,0.829463661
4225,0.834791011
4226,0.856512705
4227,0.800656781
4228,0.897075746
4229,0.98123573
4230,0.872243022
4231,0.817593969
4232,0.966621346
4233,0.963931316
4234,0.845488714
4235,0.980931802
4236,0.837014484
4237,0.913750986
4238,0.900233049
4239,0.945789854
4240,0.85060035
4241,0.861605616
4242,0.918687329
4243,0.842699657
4244,0.910929319
4245,0.928071852
4246,0.912841884
4247,0.88614127
4248,0.899088511
4249,0.941920449
4250,0.951434683
4251,0.864796453
4252,0.839045455
4253,0.965846264
4254,0.828426692
4255,0.865529761
4256,0.994842482
4257,0.9474001
4258,0.877743067
4259,0.871299897
4260,0.8204056
4261,0.881310432
4262,0.825240825
4263,0.82094053
4264,0.977085473
4265,0.850971154
4266,0.841153648
4267,0.820812247
4268,0.834131572
4269,0.834920776
4270,0.917814064
4271,0.895628047
4272,0.848577612
4273,0.862843106
4274,0.980353825
4275,0.954543736
4276,0.889641369
4277,0.900443647
4278,0.994794201
4279,0.965363334
4280,0.93050065
4281,0.999282329
4282,0.934751203
4283,0.881930128
4284,0.88440009
4285,0.858419129
4286,0.983933682
4287,0.868242914
4288,0.889807579
4289,0.996302792
4290,0.849328759
4291,0.953583651
4292,0.849250447
4293,0.883892313
4294,0.957374259
4295,0.990577134
4296,0.916869604
4297,0.939141068
4298,0.928920142
4299,0.927107759
4300,0.993931708
4301,0.967218094
4302,0.965090848
4303,0.998212397
4304,0.877020401
4305,0.989665815
4306,0.891343218
4307,0.925824483
4308,0.833539932
4309,0.951882067
4310,0.978243847
4311,0.968560748
4312,0.984858254
4313,0.99637704
4314,0.802395069
4315,0.953894465
4316,0.866324524
4317,0.800452872
4318,0.893948266
4319,0.894627517
4320,0.843300469
4321,0.859034129
4322,0.91972628
4323,0.958848772
4324,0.81287209
4325,0.921136786
4326,0.822850078
4327,0.80822727
4328,0.973124592
4329,0.829375535
4330,0.943131745
4331,0.845028291
4332,0.834634926
4333,0.904403451
4334,0.879090813
4335,0.824369493
4336,0.830540407
4337,0.929906065
4338,0.824500995
4339,0.953672522
4340,0.8282077
4341,0.91947443
4342,0.865994591
4343,0.95854612
4344,0.844341939
4345,0.873717398
4346,0.826441668
4347,0.897024521
4348,0.819264587
4349,0.957874102
4350,0.825390935
4351,0.80342538
4352,0.99447397
4353,0.902431109
4354,0.861474285
4355,0.989210151
4356,0.833309088
4357,0.988171977
4358,0.952327145
4359,0.98494817
4360,0.877325204
4361,0.978881034
4362,0.955973769
4363,0.991709711
4364,0.824788255
4365,0.962657251
4366,0.843620153
4367,0.972119466
4368,0.923946701
4369,0.836995618
4370,0.800510642
4371,0.868284376
4372,0.864098202
4373,0.868830408
4374,0.837901066
4375,0.819146598
4376,0.99254333
4377,0.935200511
4378,0.907140682
4379,0.830345476
4380,0.863685908
4381,0.848944135
4382,0.802871482
4383,0.807859871
4384,0.978076169
4385,0.8020198
4386,0.879538028
4387,0.95091389
4388,0.99631412
4389,0.920483868
4390,0.858256898
4391,0.977099971
4392,0.906482976
4393,0.99307482
4394,0.801779752
4395,0.84792797
4396,0.901336575
4397,0.914421107
4398,0.805212561
4399,0.972687323
4400,0.902949701
4401,0.807508239
4402,0.937451868
4403,0.946263625
4404,0.948240263
4405,0.856211653
4406,0.85119843
4407,0.808698067
4408,0.812927145
4409,0.981174482
4410,0.923637702
4411,0.853472934
4412,0.8151246
4413,0.84773152
4414,0.870583882
4415,0.869109442
4416,0.990264218
4417,0.921936315
4418,0.81329544
4419,0.841665018
4420,0.875020956
4421,0.919829358
4422,0.839182433
4423,0.898429588
4424,0.891299661
4425,0.817278717
4426,0.807912435
4427,0.895731028
4428,0.952214786
4429,0.956677408
4430,0.845160054
4431,0.906943329
4432,0.957058816
4433,0.855072758
4434,0.964624965
4435,0.911128362
4436,0.99044209
4437,0.896431896
4438,0.998021824
4439,0.861865948
4440,0.879385244
4441,0.997915589
4442,0.875275668
4443,0.950581871
4444,0.969776732
4445,0.944046196
4446,0.9907734
4447,0.812926975
4448,0.998234403
4449,0.876832795
4450,0.92040966
4451,0.952725835
4452,0.892707677
4453,0.843758698
4454,0.817015265
4455,0.856256043
4456,0.867706403
4457,0.911269778
4458,0.849118392
4459,0.841607304
4460,0.917148668
4461,0.971128535
4462,0.810264745
4463,0.9682183
4464,0.810693102
4465,0.947273765
4466,0.878739688
4467,0.868944999
4468,0.846477007
4469,0.916669029
4470,0.866301639
4471,0.908496378
4472,0.883225808
4473,0.947676602
4474,0.822617367
4475,0.980381999
4476,0.988993297
4477,0.847147521
4478,0.927440716
4479,0.8755432
4480,0.963175904
4481,0.984617809
4482,0.889524861
4483,0.851602604
4484,0.883354417
4485,0.850096673
4486,0.864080226
4487,0.846109633
4488,0.886157369
4489,0.816684978
4490,0.956263553
4491,0.912873114
4492,0.864955656
4493,0.90750491
4494,0.991667884
4495,0.875943031
4496,0.873882672
4497,0.99618339
4498,0.835055293
4499,0.962993347
4500,0.938234472
4501,0.840833725
4502,0.857343564
4503,0.932324425
4504,0.826780434
4505,0.872118469
4506,0.847437301
4507,0.909301786
4508,0.924069431
4509,0.873686916
4510,0.822319204
4511,0.85010098
4512,0.990622031
4513,0.865426954
4514,0.816664224
4515,0.831258059
4516,0.955965751
4517,0.886233051
4518,0.883863317
4519,0.878999386
4520,0.880240266
4521,0.99706815
4522,0.801072749
4523,0.984330065
4524,0.963016794
4525,0.8035852
4526,0.902263857
4527,0.845311499
4528,0.814343068
4529,0.979346276
4530,0.878660114
4531,0.853353522
4532,0.858499012
4533,0.999208107
4534,0.802485135
4535,0.913686908
4536,0.829829993
4537,0.88739456
4538,0.8395913
4539,0.987266621
4540,0.861335955
4541,0.938570469
4542,0.824460424
4543,0.977559575
4544,0.83628472
4545,0.914508213
4546,0.843149049
4547,0.909616759
4548,0.932080181
4549,0.946479569
4550,0.955430099
4551,0.836841092
4552,0.813897076
4553,0.944923118
4554,0.990632616
4555,0.996505293
4556,0.982226328
4557,0.80786176
4558,0.969673688
4559,0.913514734
4560,0.955433891
4561,0.826622296
4562,0.8350633
4563,0.82857264
4564,0.930312726
4565,0.81757955
4566,0.977263608
4567,0.916082228
4568,0.993856583
4569,0.808397508
4570,0.987338794
4571,0.988272525
4572,0.932591509
4573,0.901645863
4574,0.814950023
4575,0.898046143
4576,0.828943066
4577,0.92144799
4578,0.836063921
4579,0.893513251
4580,0.935706016
4581,0.984706384
4582,0.861337778
4583,0.922239937
4584,0.953636668
4585,0.983705271
4586,0.811177718
4587,0.977365243
4588,0.998037162
4589,0.949531951
4590,0.882687738
4591,0.81940986
4592,0.98320209
4593,0.800694035
4594,0.841640801
4595,0.998378269
4596,0.841479384
4597,0.823835919
4598,0.862247263
4599,0.986451407
4600,0.886757559
4601,0.806255159
4602,0.870587764
4603,0.929680506
4604,0.812623382
4605,0.801708617
4606,0.921227495
4607,0.881581927
4608,0.880427913
4609,0.812934545
4610,0.804281915
4611,0.843747255
4612,0.813892475
4613,0.898726197
4614,0.810016084
4615,0.881660422
4616,0.995771195
4617,0.929608366
4618,0.900614134
4619,0.815021941
4620,0.905434013
4621,0.853907993
4622,0.900943728
4623,0.874543482
4624,0.894396436
4625,0.801336189
4626,0.804391621
4627,0.828014402
4628,0.839629799
4629,0.978083232
4630,0.999448067
4631,0.869536838
4632,0.814637482
4633,0.803301549
4634,0.903036482
4635,0.819522509
4636,0.825164942
4637,0.928034104
4638,0.912651234
4639,0.880855107
4640,0.890208112
4641,0.923336708
4642,0.899872513
4643,0.928194052
4644,0.983952304
4645,0.817716552
4646,0.980044814
4647,0.800617891
4648,0.865526281
4649,0.954465554
4650,0.871257352
4651,0.856312702
4652,0.934791918
4653,0.849249643
4654,0.866729843
4655,0.874946915
4656,0.842840039
4657,0.975172556
4658,0.916857924
4659,0.961601108
4660,0.845765364
4661,0.998558909
4662,0.87727229
4663,0.884491175
4664,0.99906232
4665,0.830920222
4666,0.94297588
4667,0.840105399
4668,0.910251125
4669,0.861920086
4670,0.954751607
4671,0.987181991
4672,0.913832754
4673,0.840387944
4674,0.807708432
4675,0.874224474
4676,0.861746055
4677,0.953066936
4678,0.968827063
4679,0.976931399
4680,0.903777235
4681,0.950101055
4682,0.883084998
4683,0.994578914
4684,0.901110807
4685,0.990680371
4686,0.812954506
4687,0.991050939
4688,0.810906368
4689,0.956124719
4690,0.856379914
4691,0.910321671
4692,0.926884465
4693,0.999739259
4694,0.917187371
4695,0.902699927
4696,0.89026077
4697,0.998058966
4698,0.932493992
4699,0.936163547
4700,0.950481101
4701,0.987175949
4702,0.902176855
4703,0.889114312
4704,0.895163649
4705,0.853294816
4706,0.830572149
4707,0.878275658
4708,0.857174606
4709,0.902433559
4710,0.951938906
4711,0.800659582
4712,0.94954381
4713,0.857875378
4714,0.959815154
4715,0.844954308
4716,0.974282319
4717,0.952516709
4718,0.982457374
4719,0.850355254
4720,0.905842324
4721,0.896962352
4722,0.816832993
4723,0.909926363
4724,0.883454016
4725,0.91136829
4726,0.857776067
4727,0.895856257
4728,0.993747328
4729,0.864968624
4730,0.931895174
4731,0.932887026
4732,0.854464967
4733,0.825965639
4734,0.960801253
4735,0.951756498
4736,0.9896539
4737,0.900452062
4738,0.841035792
4739,0.955324099
4740,0.942232325
4741,0.987325978
4742,0.874222185
4743,0.946349704
4744,0.81391073
4745,0.934196216
4746,0.865239821
4747,0.81500923
4748,0.956882165
4749,0.82377407
4750,0.875115565
4751,0.872759432
4752,0.931379135
4753,0.991991598
4754,0.846995584
4755,0.859799992
4756,0.98298484
4757,0.99334094
4758,0.881564241
4759,0.9557342
4760,0.844055159
4761,0.834859867
4762,0.83471284
4763,0.873090685
4764,0.93947687
4765,0.899223492
4766,0.947625531
4767,0.890596205
4768,0.90734151
4769,0.897787204
4770,0.938515203
4771,0.879990868
4772,0.951492318
4773,0.917582379
4774,0.826814636
4775,0.86388797
4776,0.995874981
4777,0.888764388
4778,0.908122648
4779,0.954248908
4780,0.808060663
4781,0.804106448
4782,0.936672964
4783,0.875223664
4784,0.899634273
4785,0.853380715
4786,0.91987107
4787,0.976950845
4788,0.937950332
4789,0.979972952
4790,0.826241679
4791,0.891251862
4792,0.932110148
4793,0.851625001
4794,0.889531977
4795,0.896892701
4796,0.900603621
4797,0.969935727
4798,0.982418679
4799,0.94437965
4800,0.803672147
4801,0.931417729
4802,0.957725181
4803,0.833673655
4804,0.865530849
4805,0.969790719
4806,0.883516666
4807,0.988552321
4808,0.805732892
4809,0.951199717
4810,0.922268394
4811,0.867402683
4812,0.963992309
4813,0.856995608
4814,0.834571592
4815,0.820210963
4816,0.991335801
4817,0.838949532
4818,0.976104126
4819,0.972051423
4820,0.921993538
4821,0.9135554
4822,0.992502338
4823,0.833749873
4824,0.959979721
4825,0.899007941
4826,0.801239527
4827,0.956419998
4828,0.873581824
4829,0.877742899
4830,0.867343135
4831,0.965873849
4832,0.894461304
4833,0.802795856
4834,0.914401393
4835,0.852270944
4836,0.996657275
4837,0.849163191
4838,0.828014189
4839,0.970458608
4840,0.995132373
4841,0.925606336
4842,0.888512189
4843,0.954467683
4844,0.86904251
4845,0.958534435
4846,0.977257497
4847,0.979081125
4848,0.903165208
4849,0.977738369
4850,0.961571302
4851,0.88069799
4852,0.91589793
4853,0.846459036
4854,0.837133834
4855,0.908039315
4856,0.947109569
4857,0.940391246
4858,0.902484437
4859,0.97010234
4860,0.994248591
4861,0.874636783
4862,0.922363898
4863,0.80987912
4864,0.838638325
4865,0.800978787
4866,0.912820478
4867,0.82839576
4868,0.872954894
4869,0.86566183
4870,0.906116498
4871,0.876176788
4872,0.920237344
4873,0.820568332
4874,0.844597193
4875,0.978925549
4876,0.819687301
4877,0.875183223
4878,0.92036192
4879,0.826247583
4880,0.917808524
4881,0.882398265
4882,0.943380276
4883,0.95301929
4884,0.983811747
4885,0.855570545
4886,0.878689962
4887,0.963219241
4888,0.953624546
4889,0.925962522
4890,0.840032714
4891,0.804908219
4892,0.89123172
4893,0.993805814
4894,0.883489125
4895,0.994819899
4896,0.833410135
4897,0.960760241
4898,0.829484716
4899,0.87240269
4900,0.871363228
4901,0.943295363
4902,0.829740748
4903,0.83216281
4904,0.838759359
4905,0.91802396
4906,0.983957427
4907,0.88051061
4908,0.851822544
4909,0.83576696
4910,0.955723398
4911,0.825649691
4912,0.989567379
4913,0.871632777
4914,0.859641666
4915,0.929003109
4916,0.867377205
4917,0.866425969
4918,0.845222945
4919,0.948658718
4920,0.901518224
4921,0.980974118
4922,0.856717791
4923,0.933284908
4924,0.983699699
4925,0.974042976
4926,0.931306168
4927,0.9647242
4928,0.985109447
4929,0.984330152
4930,0.821229848
4931,0.902796612
4932,0.868031016
4933,0.940118747
4934,0.887705015
4935,0.87767542
4936,0.967516458
4937,0.919480961
4938,0.964290187
4939,0.923697038
4940,0.847685588
4941,0.864589697
4942,0.937714764
4943,0.90443106
4944,0.826131095
4945,0.854128027
4946,0.922094012
4947,0.893382092
4948,0.953424569
4949,0.918382025
4950,0.826174985
4951,0.902149545
4952,0.856646887
4953,0.933944558
4954,0.934076299
4955,0.893507512
4956,0.815927588
4957,0.856347841
4958,0.971770164
4959,0.964637219
4960,0.830429656
4961,0.908193228
4962,0.97647504
4963,0.858381964
4964,0.989164548
4965,0.942035514
4966,0.974133755
4967,0.817404839
4968,0.895342278
4969,0.914108715
4970,0.82719142
4971,0.931474075
4972,0.972960367
4973,0.989402128
4974,0.9408975
4975,0.814397935
4976,0.853660524
4977,0.808798324
4978,0.964123765
4979,0.973106078
4980,0.958291787
4981,0.904434769
4982,0.987351119
4983,0.902111385
4984,0.903931579
4985,0.841153335
4986,0.801991566
4987,0.91358227
4988,0.992249185
4989,0.989020546
4990,0.97682343
4991,0.821019171
4992,0.936705656
4993,0.954777816
4994,0.933220616
4995,0.824554229
4996,0.801734114
4997,0.868861293
4998,0.831389896
4999,0.992677786
5000,0.813811385
5001,0.862516279
5002,0.884466716
5003,0.811837419
5004,0.944265093
5005,0.939672805
5006,0.956794069
5007,0.960599244
5008,0.826417889
5009,0.92742726
5010,0.990711294
5011,0.820453531
5012,0.912993821
5013,0.800736589
5014,0.866060787
5015,0.932161602
5016,0.937263266
5017,0.822040178
5018,0.973425651
5019,0.96534855
5020,0.98454515
5021,0.938612741
5022,0.827494893
5023,0.940955024
5024,0.861863779
5025,0.932334015
5026,0.986873062
5027,0.85858521
5028,0.955510277
5029,0.832328609
5030,0.942507426
5031,0.980997327
5032,0.960108934
5033,0.847856712
5034,0.891561264
5035,0.892452918
5036,0.915282778
5037,0.96349821
5038,0.811365058
5039,0.941148774
5040,0.80200655
5041,0.839176904
5042,0.979725157
5043,0.999475389
5044,0.926800081
5045,0.827033096
5046,0.929849937
5047,0.971100482
5048,0.81229321
5049,0.978432179
5050,0.904570993
5051,0.958870246
5052,0.954960611
5053,0.877011807
5054,0.983739463
5055,0.960658124
5056,0.854896571
5057,0.976081763
5058,0.811226206
5059,0.867233608
5060,0.858814363
5061,0.906269611
5062,0.939213879
5063,0.831632148
5064,0.940020532
5065,0.832596418
5066,0.940534771
5067,0.947205657
5068,0.982598557
5069,0.96494226
5070,0.881559908
5071,0.920245874
5072,0.979553006
5073,0.924134676
5074,0.919893042
5075,0.997265826
5076,0.837437328
5077,0.809987698
5078,0.934350232
5079,0.922040171
5080,0.806679922
5081,0.988750675
5082,0.933984242
5083,0.936920644
5084,0.810566422
5085,0.907178627
5086,0.989617788
5087,0.865073571
5088,0.957601646
5089,0.88118413
5090,0.806942918
5091,0.91342104
5092,0.914636422
5093,0.822537421
5094,0.880613535
5095,0.876900485
5096,0.906685767
5097,0.830757627
5098,0.954472332
5099,0.910748817
5100,0.923818252
5101,0.889268412
5102,0.802489461
5103,0.851777262
5104,0.859590721
5105,0.992348684
5106,0.882631679
5107,0.875780364
5108,0.942211659
5109,0.801388757
5110,0.802229752
5111,0.999686231
5112,0.851256348
5113,0.931914346
5114,0.935368362
5115,0.935032434
5116,0.892777031
5117,0.817699111
5118,0.955139158
5119,0.878831831
5120,0.888990029
5121,0.926135516
5122,0.985783857
5123,0.95852511
5124,0.93891758
5125,0.972577324
5126,0.989586863
5127,0.862573575
5128,0.883462244
5129,0.950824568
5130,0.961710779
5131,0.833724765
5132,0.819100937
5133,0.893974945
5134,0.889470325
5135,0.842604229
5136,0.9110477
5137,0.922234937
5138,0.969441198
5139,0.812351029
5140,0.825080304
5141,0.830018264
5142,0.810206035
5143,0.894391379
5144,0.926707747
5145,0.997541983
5146,0.916965204
5147,0.963146859
5148,0.899720923
5149,0.860925173
5150,0.916375039
5151,0.881478643
5152,0.857036393
5153,0.861914014
5154,0.981441615
5155,0.860423452
5156,0.941757706
5157,0.942934631
5158,0.829695205
5159,0.922204467
5160,0.989631921
5161,0.81669633
5162,0.957772852
5163,0.837629137
5164,0.991517076
5165,0.903771485
5166,0.920166571
5167,0.92439179
5168,0.823157875
5169,0.902259145
5170,0.874392283
5171,0.882324018
5172,0.935943124
5173,0.986479916
5174,0.890330051
5175,0.822224657
5176,0.921895304
5177,0.888048998
5178,0.812114902
5179,0.943839119
5180,0.957635913
5181,0.839494374
5182,0.957579719
5183,0.983241323
5184,0.950331777
5185,0.941089434
5186,0.9854353
5187,0.98321988
5188,0.995398323
5189,0.942151324
5190,0.971168429
5191,0.903874399
5192,0.901647377
5193,0.885897506
5194,0.881465362
5195,0.969077736
5196,0.885487549
5197,0.835890601
5198,0.945051415
5199,0.90454743
5200,0.811025857
5201,0.911502202
5202,0.846775701
5203,0.855723464
5204,0.91520244
5205,0.967209124
5206,0.896978264
5207,0.806524462
5208,0.932163168
5209,0.873278323
5210,0.987148253
5211,0.933473396
5212,0.858919976
5213,0.960471465
5214,0.846134583
5215,0.973590196
5216,0.820390519
5217,0.847286439
5218,0.962399095
5219,0.872923774
5220,0.930729636
5221,0.946524843
5222,0.943718981
5223,0.845778889
5224,0.965908086
5225,0.811810357
5226,0.890516206
5227,0.968444641
5228,0.885193306
5229,0.912638029
5230,0.923600477
5231,0.887189094
5232,0.807468357
5233,0.992187326
5234,0.850334493
5235,0.959722247
5236,0.994984759
5237,0.961912399
5238,0.988980844
5239,0.925630154
5240,0.847632909
5241,0.917398391
5242,0.891873956
5243,0.917035457
5244,0.804933412
5245,0.969436231
5246,0.967100046
5247,0.893373407
5248,0.912653296
5249,0.89757414
5250,0.975141198
5251,0.942133069
5252,0.972861384
5253,0.954656266
5254,0.800271145
5255,0.966575541
5256,0.906759741
5257,0.927728188
5258,0.88015013
5259,0.859219828
5260,0.885917557
5261,0.887962255
5262,0.924390215
5263,0.897646976
5264,0.879367928
5265,0.819079183
5266,0.94847292
5267,0.863644383
5268,0.828438153
5269,0.963654755
5270,0.871007774
5271,0.839911449
5272,0.994945127
5273,0.823745101
5274,0.96895708
5275,0.943808745
5276,0.82820256
5277,0.851283766
5278,0.896229269
5279,0.879628611
5280,0.915571433
5281,0.89780806
5282,0.899075968
5283,0.837788693
5284,0.804955964
5285,0.900610881
5286,0.908198177
5287,0.930383485
5288,0.927138653
5289,0.920972977
5290,0.855420611
5291,0.878232691
5292,0.969169612
5293,0.859904528
5294,0.833592973
5295,0.897278431
5296,0.884438205
5297,0.917053781
5298,0.825904427
5299,0.806453738
5300,0.837036077
5301,0.850574702
5302,0.934098978
5303,0.996916069
5304,0.958649065
5305,0.819911293
5306,0.902239478
5307,0.858554389
5308,0.983741001
5309,0.907365919
5310,0.868783026
5311,0.939652259
5312,0.938075092
5313,0.976508456
5314,0.84771199
5315,0.835828462
5316,0.97679053
5317,0.871392421
5318,0.823064785
5319,0.932231811
5320,0.922585927
5321,0.948198859
5322,0.957859096
5323,0.876759059
5324,0.983823825
5325,0.94386827
5326,0.880005797
5327,0.975504341
5328,0.929240843
5329,0.905800661
5330,0.928341384
5331,0.968231259
5332,0.890524383
5333,0.897201643
5334,0.820344869
5335,0.859447751
5336,0.901922921
5337,0.843609225
5338,0.874147859
5339,0.810542641
5340,0.828662993
5341,0.943310823
5342,0.897096581
5343,0.817582321
5344,0.88674169
5345,0.894696375
5346,0.89530711
5347,0.99060127
5348,0.863507508
5349,0.976875696
5350,0.918317933
5351,0.884403905
5352,0.889555639
5353,0.962873623
5354,0.973126482
5355,0.880996309
5356,0.92403944
5357,0.994508958
5358,0.881823744
5359,0.910265469
5360,0.977173585
5361,0.857888433
5362,0.812189841
5363,0.877500536
5364,0.832143554
5365,0.807450807
5366,0.905392896
5367,0.988821017
5368,0.809879912
5369,0.967098404
5370,0.9822047
5371,0.908516513
5372,0.827446563
5373,0.862461418
5374,0.846852768
5375,0.935546884
5376,0.854434854
5377,0.913917765
5378,0.9440042
5379,0.930821415
5380,0.981541661
5381,0.80780692
5382,0.80460237
5383,0.87845483
5384,0.889861164
5385,0.803290019
5386,0.896055341
5387,0.840345464
5388,0.854886857
5389,0.907145418
5390,0.951664505
5391,0.962752307
5392,0.803809137
5393,0.813201287
5394,0.931727956
5395,0.931696347
5396,0.896373204
5397,0.998001827
5398,0.934689452
5399,0.959710519
5400,0.932124694
5401,0.918691704
5402,0.999576619
5403,0.824748835
5404,0.907120484
5405,0.837059885
5406,0.983293291
5407,0.801797359
5408,0.95742402
5409,0.841164565
5410,0.814629043
5411,0.86584974
5412,0.836626165
5413,0.964349621
5414,0.860285052
5415,0.962190021
5416,0.996476233
5417,0.956916797
5418,0.85377279
5419,0.935383951
5420,0.937686944
5421,0.983818712
5422,0.881330218
5423,0.840748257
5424,0.942927366
5425,0.943325942
5426,0.94246127
5427,0.819081217
5428,0.931200598
5429,0.961101728
5430,0.962960744
5431,0.932797602
5432,0.816762551
5433,0.847974131
5434,0.921083577
5435,0.971010221
5436,0.908718079
5437,0.924805337
5438,0.918422581
5439,0.98950357
5440,0.848436602
5441,0.917289198
5442,0.820745143
5443,0.981685781
5444,0.810203179
5445,0.864292652
5446,0.921964213
5447,0.97797293
5448,0.90808739
5449,0.878850213
5450,0.982062068
5451,0.946799855
5452,0.94306597
5453,0.912274201
5454,0.815577067
5455,0.857646695
5456,0.867015908
5457,0.800774756
5458,0.88124694
5459,0.818215282
5460,0.896097451
5461,0.927276798
5462,0.809258601
5463,0.899239561
5464,0.842989012
5465,0.97601762
5466,0.919653816
5467,0.859198918
5468,0.837286242
5469,0.870671589
5470,0.985503508
5471,0.851214306
5472,0.988987353
5473,0.917912229
5474,0.924059075
5475,0.89590153
5476,0.989510196
5477,0.897475545
5478,0.818204817
5479,0.811351534
5480,0.971055253
5481,0.899216701
5482,0.989708805
5483,0.872711288
5484,0.803415822
5485,0.934944858
5486,0.820808799
5487,0.857024739
5488,0.874738557
5489,0.965357032
5490,0.897848382
5491,0.87134609
5492,0.826063205
5493,0.974732647
5494,0.883854117
5495,0.966968236
5496,0.83400086
5497,0.849278079
5498,0.975276996
5499,0.883781323
5500,0.948481179
5501,0.813025922
5502,0.859542129
5503,0.959437944
5504,0.891754528
5505,0.898973824
5506,0.938910916
5507,0.867193121
5508,0.846892525
5509,0.861381485
5510,0.977790401
5511,0.877966211
5512,0.871419886
5513,0.882338342
5514,0.89107594
5515,0.925522685
5516,0.810869187
5517,0.87420065
5518,0.927935312
5519,0.824054473
5520,0.900860658
5521,0.906659844
5522,0.986988591
5523,0.990126223
5524,0.920262456
5525,0.871249261
5526,0.860563074
5527,0.907554587
5528,0.887556401
5529,0.941343824
5530,0.973583728
5531,0.896372652
5532,0.876522766
5533,0.801185023
5534,0.892972584
5535,0.94663816
5536,0.801359375
5537,0.93502585
5538,0.971306689
5539,0.993329356
5540,0.965106647
5541,0.885678187
5542,0.971158839
5543,0.998287374
5544,0.819588381
5545,0.90995509
5546,0.988665502
5547,0.915609633
5548,0.849425406
5549,0.852380372
5550,0.847654397
5551,0.936917069
5552,0.808031892
5553,0.909596154
5554,0.999026857
5555,0.800114409
5556,0.888166117
5557,0.845613534
5558,0.904798386
5559,0.974294027
5560,0.936216273
5561,0.990485384
5562,0.883858519
5563,0.874328202
5564,0.879573868
5565,0.900688289
5566,0.967150329
5567,0.898878954
5568,0.981282549
5569,0.868604529
5570,0.970709934
5571,0.981975886
5572,0.843608381
5573,0.986627135
5574,0.997809662
5575,0.822765361
5576,0.806796218
5577,0.89799532
5578,0.881179561
5579,0.987284841
5580,0.89633566
5581,0.815995598
5582,0.920840228
5583,0.970378035
5584,0.901881187
5585,0.988783798
5586,0.881990402
5587,0.962652021
5588,0.89259144
5589,0.970802482
5590,0.884209505
5591,0.96512963
5592,0.872258669
5593,0.806357877
5594,0.979468757
5595,0.808698706
5596,0.845552049
5597,0.898926618
5598,0.806972823
5599,0.966082331
5600,0.924462235
5601,0.812265144
5602,0.98458173
5603,0.844229391
5604,0.919858348
5605,0.816764081
5606,0.848815782
5607,0.804052877
5608,0.813572232
5609,0.802539174
5610,0.817928822
5611,0.935662813
5612,0.986788572
5613,0.938101706
5614,0.979368082
5615,0.975422398
5616,0.819409371
5617,0.83480665
5618,0.857589151
5619,0.876901383
5620,0.828804231
5621,0.964245571
5622,0.972332858
5623,0.974765497
5624,0.88862436
5625,0.890880344
5626,0.951254151
5627,0.905723103
5628,0.886990292
5629,0.91122798
5630,0.831589299
5631,0.822789606
5632,0.833944336
5633,0.956362292
5634,0.914168569
5635,0.875517698
5636,0.899128647
5637,0.824040166
5638,0.822035023
5639,0.839616759
5640,0.814622873
5641,0.993826997
5642,0.856888076
5643,0.843915606
5644,0.827904305
5645,0.848496513
5646,0.924063359
5647,0.907139888
5648,0.841490164
5649,0.871935195
5650,0.839565591
5651,0.941166288
5652,0.905403887
5653,0.971862136
5654,0.961148491
5655,0.88444988
5656,0.822252935
5657,0.843753292
5658,0.948320679
5659,0.994532104
5660,0.988443929
5661,0.91305915
5662,0.892121366
5663,0.864787011
5664,0.810848101
5665,0.881750049
5666,0.857926667
5667,0.927680965
5668,0.95034691
5669,0.951436396
5670,0.812551977
5671,0.921572192
5672,0.957971297
5673,0.899812713
5674,0.842677844
5675,0.800668823
5676,0.915058755
5677,0.974787972
5678,0.878730594
5679,0.901694801
5680,0.803707994
5681,0.891578785
5682,0.907867841
5683,0.988653989
5684,0.904541404
5685,0.910417585
5686,0.919961077
5687,0.984907397
5688,0.992655588
5689,0.858914074
5690,0.802177034
5691,0.818516614
5692,0.803476207
5693,0.824815536
5694,0.900344588
5695,0.815499316
5696,0.903559499
5697,0.873746725
5698,0.858800325
5699,0.833956378
5700,0.969001796
5701,0.958269156
5702,0.907384881
5703,0.838883071
5704,0.805345456
5705,0.881169606
5706,0.983786871
5707,0.974098331
5708,0.848547143
5709,0.884856618
5710,0.965027668
5711,0.985104098
5712,0.954221416
5713,0.910891107
5714,0.869568249
5715,0.85242175
5716,0.878966355
5717,0.991017114
5718,0.800973
5719,0.986472539
5720,0.940473848
5721,0.930874848
5722,0.891482714
5723,0.937481678
5724,0.98513518
5725,0.984828378
5726,0.801899595
5727,0.868349333
5728,0.855683446
5729,0.933728761
5730,0.955877051
5731,0.847920214
5732,0.895836514
5733,0.996400607
5734,0.809102221
5735,0.863920529
5736,0.995197689
5737,0.823176188
5738,0.884886538
5739,0.807696412
5740,0.896289557
5741,0.855199488
5742,0.823155306
5743,0.875228891
5744,0.961885513
5745,0.903178174
5746,0.987815662
5747,0.909085658
5748,0.881247668
5749,0.868336714
5750,0.88575052
5751,0.888001538
5752,0.899078593
5753,0.999505161
5754,0.843694915
5755,0.817407706
5756,0.96832385
5757,0.935955227
5758,0.919179901
5759,0.913462219
5760,0.851042845
5761,0.999899838
5762,0.869148481
5763,0.969683207
5764,0.807089785
5765,0.8157203
5766,0.993735441
5767,0.839719131
5768,0.850160229
5769,0.949955363
5770,0.987903657
5771,0.854149753
5772,0.815997988
5773,0.965873355
5774,0.870020166
5775,0.916818068
5776,0.866700161
5777,0.884214799
5778,0.959938356
5779,0.927776037
5780,0.960846146
5781,0.961374852
5782,0.92313009
5783,0.853877054
5784,0.837926675
5785,0.831192848
5786,0.904108037
5787,0.832537475
5788,0.973943364
5789,0.892130063
5790,0.939196776
5791,0.83490336
5792,0.805145589
5793,0.856215457
5794,0.853360943
5795,0.801370345
5796,0.802669081
5797,0.987630918
5798,0.878372896
5799,0.932006172
5800,0.898582708
5801,0.891142259
5802,0.872104739
5803,0.904568839
5804,0.873086664
5805,0.823097528
5806,0.949845821
5807,0.900501794
5808,0.875086065
5809,0.981184753
5810,0.932398565
5811,0.854445137
5812,0.985704934
5813,0.952827112
5814,0.981714599
5815,0.854499399
5816,0.820777388
5817,0.940116794
5818,0.855234452
5819,0.911727567
5820,0.952194322
5821,0.823429174
5822,0.817854447
5823,0.843058464
5824,0.993863116
5825,0.881645904
5826,0.801425269
5827,0.996617287
5828,0.834780297
5829,0.906595586
5830,0.848764876
5831,0.963489369
5832,0.81429137
5833,0.843614006
5834,0.913141647
5835,0.814639576
5836,0.868126533
5837,0.998377665
5838,0.975140902
5839,0.889353149
5840,0.908950386
5841,0.994347416
5842,0.917780106
5843,0.89942281
5844,0.930796833
5845,0.976103441
5846,0.972748504
5847,0.905773189
5848,0.879444634
5849,0.825336151
5850,0.954149031
5851,0.903963692
5852,0.876144241
5853,0.85540213
5854,0.916369591
5855,0.917892101
5856,0.944714373
5857,0.922543028
5858,0.838532818
5859,0.9860681
5860,0.820170252
5861,0.987782419
5862,0.986064583
5863,0.902189345
5864,0.830153536
5865,0.929024255
5866,0.835554738
5867,0.817576031
5868,0.885784538
5869,0.901980371
5870,0.828359439
5871,0.943015804
5872,0.835878833
5873,0.84561868
5874,0.963921958
5875,0.94987915
5876,0.89129523
5877,0.820447458
5878,0.89587515
5879,0.983911725
5880,0.835428009
5881,0.940674756
5882,0.978938125
5883,0.857629387
5884,0.844816569
5885,0.857741687
5886,0.852407421
5887,0.961474727
5888,0.851741624
5889,0.83701787
5890,0.902805696
5891,0.807613994
5892,0.819335434
5893,0.979993031
5894,0.917507535
5895,0.892685646
5896,0.976475756
5897,0.905453896
5898,0.910033532
5899,0.868241171
5900,0.821820817
5901,0.971598358
5902,0.966212866
5903,0.967903908
5904,0.953553774
5905,0.896700728
5906,0.931798996
5907,0.914361802
5908,0.846274969
5909,0.932641334
5910,0.875604108
5911,0.995056734
5912,0.811157594
5913,0.985318077
5914,0.979842729
5915,0.814907513
5916,0.835877718
5917,0.803156649
5918,0.867871395
5919,0.932170891
5920,0.866703883
5921,0.827691599
5922,0.888909222
5923,0.991181878
5924,0.964838778
5925,0.876755442
5926,0.961479096
5927,0.896541413
5928,0.928120887
5929,0.825910633
5930,0.970153639
5931,0.940721774
5932,0.945047013
5933,0.956412005
5934,0.857494218
5935,0.900140279
5936,0.964462562
5937,0.967243357
5938,0.910575199
5939,0.918696206
5940,0.854433632
5941,0.818117655
5942,0.947138919
5943,0.840835787
5944,0.8475384
5945,0.974305321
5946,0.827306066
5947,0.805373443
5948,0.857293626
5949,0.875989528
5950,0.868868994
5951,0.827504636
5952,0.854596273
5953,0.927601506
5954,0.929531969
5955,0.941716578
5956,0.811534921
5957,0.838629133
5958,0.892976413
5959,0.874065602
5960,0.994230167
5961,0.881532666
5962,0.875205069
5963,0.923632076
5964,0.873062197
5965,0.917889877
5966,0.931176294
5967,0.808442564
5968,0.877719262
5969,0.930293021
5970,0.816639402
5971,0.925347451
5972,0.823926744
5973,0.912565296
5974,0.84110727
5975,0.992314302
5976,0.87703483
5977,0.987156424
5978,0.897839147
5979,0.831484979
5980,0.996844699
5981,0.98679196
5982,0.829084234
5983,0.803246511
5984,0.944240463
5985,0.966590904
5986,0.817991071
5987,0.897353595
5988,0.813490473
5989,0.976802797
5990,0.879196784
5991,0.893068115
5992,0.916275095
5993,0.850563117
5994,0.848993319
5995,0.873393209
5996,0.996603218
5997,0.804080985
5998,0.956437163
5999,0.920686283
6000,0.966475313
6001,0.809471124
6002,0.888464732
6003,0.975105775
6004,0.9188027
6005,0.960674844
6006,0.986351316
6007,0.883323768
6008,0.897788851
6009,0.919062842
6010,0.98427886
6011,0.981290047
6012,0.98654464
6013,0.936179627
6014,0.86617192
6015,0.883262858
6016,0.842628493
6017,0.829561362
6018,0.962572951
6019,0.887815999
6020,0.944288542
6021,0.923631046
6022,0.910982435
6023,0.820057837
6024,0.928154192
6025,0.876061722
6026,0.905212722
6027,0.920132221
6028,0.883054295
6029,0.981354618
6030,0.960040848
6031,0.941396758
6032,0.917731962
6033,0.873050711
6034,0.934558963
6035,0.950824181
6036,0.974689498
6037,0.939770061
6038,0.935697967
6039,0.810270201
6040,0.986282864
6041,0.841801498
6042,0.950847048
6043,0.819544318
6044,0.874633366
6045,0.902387611
6046,0.837091734
6047,0.997796458
6048,0.964409934
6049,0.806341215
6050,0.862065951
6051,0.852940523
6052,0.82812491
6053,0.889974448
6054,0.925177178
6055,0.899546699
6056,0.837046796
6057,0.916838992
6058,0.977988792
6059,0.836837463
6060,0.813681249
6061,0.877028225
6062,0.819251825
6063,0.808664289
6064,0.967306609
6065,0.908778898
6066,0.946015063
6067,0.978247828
6068,0.942711156
6069,0.971636079
6070,0.900170787
6071,0.90965186
6072,0.8966839
6073,0.986092604
6074,0.805758519
6075,0.815507505
6076,0.804636108
6077,0.932432247
6078,0.957775167
6079,0.968520098
6080,0.824216666
6081,0.878508555
6082,0.828317607
6083,0.827312385
6084,0.868974146
6085,0.831826667
6086,0.887984395
6087,0.935600513
6088,0.812169832
6089,0.890667089
6090,0.943889018
6091,0.986513728
6092,0.966610814
6093,0.932276909
6094,0.98770926
6095,0.825649653
6096,0.908272583
6097,0.849786046
6098,0.941772385
6099,0.978602063
6100,0.99862215
6101,0.830747641
6102,0.905084792
6103,0.911391612
6104,0.925935292
6105,0.830483171
6106,0.877014115
6107,0.965353419
6108,0.996464814
6109,0.817317656
6110,0.930446835
6111,0.937000532
6112,0.889883281
6113,0.877372021
6114,0.884507875
6115,0.876135209
6116,0.984515773
6117,0.993603393
6118,0.871680076
6119,0.976282302
6120,0.811346671
6121,0.924793492
6122,0.967154618
6123,0.869067756
6124,0.975830516
6125,0.805334706
6126,0.99714922
6127,0.817167749
6128,0.908712215
6129,0.919203815
6130,0.914282224
6131,0.91974387
6132,0.832140053
6133,0.8641801
6134,0.915305832
6135,0.839993678
6136,0.810287107
6137,0.950094282
6138,0.99583298
6139,0.801255818
6140,0.997285707
6141,0.995517244
6142,0.934884333
6143,0.984757416
6144,0.887960179
6145,0.965412992
6146,0.864554736
6147,0.850544599
6148,0.824395196
6149,0.887411935
6150,0.924140992
6151,0.870282343
6152,0.948633765
6153,0.812044917
6154,0.889391881
6155,0.834796942
6156,0.950158265
6157,0.886910912
6158,0.953707985
6159,0.837286457
6160,0.945431063
6161,0.807544617
6162,0.926233521
6163,0.9890678
6164,0.917890885
6165,0.970109102
6166,0.805894123
6167,0.951115467
6168,0.953286955
6169,0.919616687
6170,0.852989598
6171,0.874567699
6172,0.982635396
6173,0.931462843
6174,0.896610725
6175,0.825815682
6176,0.863904368
6177,0.995279132
6178,0.959449847
6179,0.889493646
6180,0.986873955
6181,0.995143513
6182,0.853778614
6183,0.817002783
6184,0.864263139
6185,0.91845149
6186,0.808824551
6187,0.941802209
6188,0.874568704
6189,0.863346317
6190,0.856978155
6191,0.891218093
6192,0.979638491
6193,0.81153277
6194,0.97166136
6195,0.964457769
6196,0.828117062
6197,0.886857383
6198,0.997155583
6199,0.924759936
6200,0.905460818
6201,0.927471567
6202,0.872237789
6203,0.824776763
6204,0.859250678
6205,0.840495915
6206,0.80467231
6207,0.89867764
6208,0.998783869
6209,0.961267005
6210,0.883158265
6211,0.945262741
6212,0.989229078
6213,0.915912048
6214,0.824880675
6215,0.97574217
6216,0.941548201
6217,0.965883229
6218,0.998989681
6219,0.880120921
6220,0.998498644
6221,0.84017447
6222,0.923829709
6223,0.947625326
6224,0.893532292
6225,0.972529868
6226,0.898020617
6227,0.802002826
6228,0.900689016
6229,0.837810722
6230,0.886727953
6231,0.872024328
6232,0.927968678
6233,0.891179311
6234,0.926320575
6235,0.902979468
6236,0.959946026
6237,0.918207999
6238,0.856729408
6239,0.967421314
6240,0.850723246
6241,0.980097187
6242,0.974504208
6243,0.890988913
6244,0.980646985
6245,0.968425983
6246,0.829123039
6247,0.810877131
6248,0.869674924
6249,0.945138009
6250,0.99076693
6251,0.829319454
6252,0.83596445
6253,0.844711898
6254,0.87341326
6255,0.970103483
6256,0.878614963
6257,0.819044087
6258,0.856969116
6259,0.851635398
6260,0.884441846
6261,0.824606682
6262,0.849188661
6263,0.979508321
6264,0.890228157
6265,0.951155626
6266,0.971953158
6267,0.95996444
6268,0.903265827
6269,0.910423656
6270,0.886936092
6271,0.876174547
6272,0.82567492
6273,0.824843009
6274,0.935682546
6275,0.818213556
6276,0.84039934
6277,0.950206127
6278,0.846149609
6279,0.800844674
6280,0.913095376
6281,0.928813181
6282,0.860603266
6283,0.891835858
6284,0.861080087
6285,0.908802326
6286,0.827020497
6287,0.964727947
6288,0.992763733
6289,0.997646307
6290,0.880554329
6291,0.928306594
6292,0.892444964
6293,0.909629367
6294,0.875628064
6295,0.832691584
6296,0.919664219
6297,0.918662864
6298,0.926395525
6299,0.882739633
6300,0.898629264
6301,0.827676684
6302,0.973390232
6303,0.978918726
6304,0.873483237
6305,0.814384018
6306,0.973877355
6307,0.907060761
6308,0.820920493
6309,0.866015599
6310,0.864102504
6311,0.962595748
6312,0.950454327
6313,0.99889388
6314,0.844693951
6315,0.838208309
6316,0.815049949
6317,0.974984416
6318,0.952844752
6319,0.80624943
6320,0.807846783
6321,0.966397725
6322,0.861558912
6323,0.879309966
6324,0.867724983
6325,0.872244838
6326,0.904319752
6327,0.967123946
6328,0.924364901
6329,0.819672951
6330,0.803695905
6331,0.935089917
6332,0.99138485
6333,0.954310428
6334,0.890758836
6335,0.810208471
6336,0.834982776
6337,0.929078169
6338,0.979484308
6339,0.871993201
6340,0.993128951
6341,0.909858634
6342,0.837098988
6343,0.965160654
6344,0.869666025
6345,0.852044011
6346,0.800737531
6347,0.938746993
6348,0.957012328
6349,0.943586362
6350,0.979903457
6351,0.999919143
6352,0.856368043
6353,0.971914071
6354,0.964873704
6355,0.997312069
6356,0.875902701
6357,0.905479422
6358,0.94602924
6359,0.881182233
6360,0.817473289
6361,0.974297906
6362,0.833328429
6363,0.858134017
6364,0.818597796
6365,0.875661412
6366,0.895179028
6367,0.933553981
6368,0.933489664
6369,0.885388852
6370,0.888332874
6371,0.862549962
6372,0.814337851
6373,0.982228811
6374,0.980082226
6375,0.911705852
6376,0.99176656
6377,0.921461538
6378,0.857864357
6379,0.923609181
6380,0.808483208
6381,0.927745088
6382,0.970460353
6383,0.987819162
6384,0.945829069
6385,0.893430551
6386,0.861625353
6387,0.905260994
6388,0.841756272
6389,0.897490776
6390,0.890983997
6391,0.887213972
6392,0.857232625
6393,0.850442823
6394,0.826575466
6395,0.802083294
6396,0.971361397
6397,0.950696335
6398,0.880895589
6399,0.971014038
6400,0.80729301
6401,0.874255134
6402,0.873173145
6403,0.888856981
6404,0.820796264
6405,0.984725608
6406,0.882054102
6407,0.863200962
6408,0.994060191
6409,0.803567794
6410,0.802681168
6411,0.966346432
6412,0.916448856
6413,0.948405648
6414,0.802796621
6415,0.951843449
6416,0.808554298
6417,0.979414659
6418,0.985635975
6419,0.961025353
6420,0.921457093
6421,0.959567597
6422,0.836140715
6423,0.925200207
6424,0.947716112
6425,0.982901782
6426,0.978239275
6427,0.910785138
6428,0.824630877
6429,0.920289289
6430,0.967793632
6431,0.914801879
6432,0.838650797
6433,0.928059172
6434,0.869155595
6435,0.886932342
6436,0.842233734
6437,0.935269609
6438,0.970229188
6439,0.965871665
6440,0.954326633
6441,0.959625165
6442,0.933428817
6443,0.981707704
6444,0.995854969
6445,0.853869556
6446,0.991466301
6447,0.967637648
6448,0.99040909
6449,0.905778181
6450,0.907032454
6451,0.978400587
6452,0.992132136
6453,0.904480881
6454,0.939621014
6455,0.860667174
6456,0.866280179
6457,0.845425158
6458,0.893637666
6459,0.861107878
6460,0.961656934
6461,0.864157773
6462,0.832019766
6463,0.82350582
6464,0.850201316
6465,0.850610691
6466,0.821333516
6467,0.937208076
6468,0.967467028
6469,0.914997511
6470,0.977448289
6471,0.945101377
6472,0.955146017
6473,0.992200598
6474,0.970788072
6475,0.936687973
6476,0.865632614
6477,0.822426258
6478,0.813047141
6479,0.810794445
6480,0.811562949
6481,0.985379861
6482,0.873188611
6483,0.944016105
6484,0.808392847
6485,0.930258576
6486,0.93309987
6487,0.841399185
6488,0.933672995
6489,0.888689396
6490,0.932564235
6491,0.860639456
6492,0.842073628
6493,0.887027953
6494,0.972188372
6495,0.834824772
6496,0.93075969
6497,0.990062399
6498,0.976670793
6499,0.945483893
6500,0.955514649
6501,0.902836487
6502,0.970090927
6503,0.903058248
6504,0.993468037
6505,0.929816297
6506,0.822311442
6507,0.939738881
6508,0.879144424
6509,0.960337407
6510,0.894193496
6511,0.846493706
6512,0.816374495
6513,0.91692677
6514,0.97292853
6515,0.873321065
6516,0.952034397
6517,0.82233273
6518,0.905177398
6519,0.939034132
6520,0.882133575
6521,0.806065726
6522,0.852785986
6523,0.821533466
6524,0.865424105
6525,0.824570988
6526,0.948967165
6527,0.975256917
6528,0.887283465
6529,0.856751609
6530,0.80777103
6531,0.959025528
6532,0.978845481
6533,0.865730514
6534,0.861886874
6535,0.861124748
6536,0.89697869
6537,0.822453465
6538,0.814572693
6539,0.970810922
6540,0.909405788
6541,0.903607238
6542,0.803625683
6543,0.80759059
6544,0.884009092
6545,0.829759665
6546,0.962535634
6547,0.97239251
6548,0.813218544
6549,0.877623931
6550,0.877778074
6551,0.889298336
6552,0.962987233
6553,0.816222268
6554,0.941608689
6555,0.843776901
6556,0.963749002
6557,0.945014015
6558,0.943714247
6559,0.908082581
6560,0.969620108
6561,0.958506404
6562,0.902090858
6563,0.811690434
6564,0.889547108
6565,0.999196661
6566,0.96449943
6567,0.985072163
6568,0.895192881
6569,0.924657208
6570,0.876964108
6571,0.805666359
6572,0.952677201
6573,0.838977541
6574,0.95400412
6575,0.940076875
6576,0.874613708
6577,0.986116208
6578,0.997182905
6579,0.982053114
6580,0.847833601
6581,0.819344742
6582,0.984601042
6583,0.95171024
6584,0.801719752
6585,0.945304365
6586,0.99968173
6587,0.963663931
6588,0.997045299
6589,0.941688123
6590,0.843247377
6591,0.864852372
6592,0.963884759
6593,0.97757059
6594,0.966166503
6595,0.985800394
6596,0.988073337
6597,0.972804706
6598,0.899272474
6599,0.860343409
6600,0.858138141
6601,0.838692878
6602,0.930350431
6603,0.926859123
6604,0.975927451
6605,0.837881982
6606,0.960329683
6607,0.909609608
6608,0.879097906
6609,0.951280011
6610,0.839020858
6611,0.873205564
6612,0.813368094
6613,0.872909576
6614,0.958870831
6615,0.823342669
6616,0.838389811
6617,0.809522134
6618,0.87256659
6619,0.97750531
6620,0.816884701
6621,0.822891519
6622,0.832379975
6623,0.841779264
6624,0.91521049
6625,0.821934821
6626,0.907106039
6627,0.895417687
6628,0.987169899
6629,0.948982551
6630,0.872617888
6631,0.89355234
6632,0.848303418
6633,0.868796236
6634,0.967232317
6635,0.93788453
6636,0.961591477
6637,0.914070553
6638,0.987385505
6639,0.818097897
6640,0.959195603
6641,0.854616425
6642,0.977548073
6643,0.915275735
6644,0.986062924
6645,0.955059085
6646,0.838523953
6647,0.910345788
6648,0.93422273
6649,0.938963107
6650,0.99832168
6651,0.846639903
6652,0.971551663
6653,0.84845974
6654,0.9867178
6655,0.912824957
6656,0.950840279
6657,0.954994781
6658,0.827506983
6659,0.847302484
6660,0.991661077
6661,0.977756688
6662,0.999221625
6663,0.955871333
6664,0.97565594
6665,0.934096536
6666,0.834057953
6667,0.866262533
6668,0.853318257
6669,0.940233491
6670,0.828306692
6671,0.999062794
6672,0.87004244
6673,0.867944825
6674,0.974338947
6675,0.861607973
6676,0.821414638
6677,0.942749693
6678,0.989915325
6679,0.86342342
6680,0.943163618
6681,0.83296625
6682,0.915012838
6683,0.987223063
6684,0.907418777
6685,0.887917234
6686,0.886816775
6687,0.971203085
6688,0.804639165
6689,0.932715564
6690,0.882351994
6691,0.879550441
6692,0.827622414
6693,0.96224357
6694,0.807882318
6695,0.968687949
6696,0.851569067
6697,0.847213209
6698,0.970241791
6699,0.873380272
6700,0.855763555
6701,0.983772271
6702,0.898205673
6703,0.931946749
6704,0.987932097
6705,0.917776726
6706,0.881823434
6707,0.975756616
6708,0.916616251
6709,0.940074136
6710,0.821374119
6711,0.876245773
6712,0.959761053
6713,0.892953196
6714,0.850488246
6715,0.970953396
6716,0.866474641
6717,0.993586631
6718,0.938136397
6719,0.951005405
6720,0.825399149
6721,0.862186596
6722,0.834250706
6723,0.877353703
6724,0.834960185
6725,0.851871658
6726,0.875364773
6727,0.951071232
6728,0.879855005
6729,0.857680688
6730,0.986856738
6731,0.960357639
6732,0.954067062
6733,0.818303337
6734,0.848780426
6735,0.904211721
6736,0.998149249
6737,0.839249867
6738,0.840142019
6739,0.861434523
6740,0.863196462
6741,0.880238889
6742,0.879559967
6743,0.865220234
6744,0.982723611
6745,0.918156734
6746,0.841269303
6747,0.840960224
6748,0.846417633
6749,0.92094712
6750,0.950501453
6751,0.92199512
6752,0.926489068
6753,0.810749662
6754,0.931502997
6755,0.9485234
6756,0.920803592
6757,0.902992397
6758,0.856414194
6759,0.964986073
6760,0.911534799
6761,0.854658683
6762,0.830583672
6763,0.824068008
6764,0.888555956
6765,0.848380435
6766,0.929830541
6767,0.845041951
6768,0.895387126
6769,0.860180408
6770,0.80070595
6771,0.802962204
6772,0.929632806
6773,0.987955499
6774,0.961237356
6775,0.999197263
6776,0.913266589
6777,0.946670412
6778,0.812258662
6779,0.95927325
6780,0.9555363
6781,0.806771578
6782,0.824551188
6783,0.959305173
6784,0.804458834
6785,0.816610002
6786,0.810239364
6787,0.933495397
6788,0.998460248
6789,0.815707727
6790,0.947657267
6791,0.860499944
6792,0.874266794
6793,0.978722082
6794,0.81353585
6795,0.86389329
6796,0.879302342
6797,0.905628376
6798,0.884385445
6799,0.936688636
6800,0.958704684
6801,0.955729576
6802,0.848962674
6803,0.875336209
6804,0.818406479
6805,0.841534365
6806,0.925145408
6807,0.980929881
6808,0.835487351
6809,0.941964452
6810,0.887813904
6811,0.816546598
6812,0.871401545
6813,0.921252319
6814,0.992414595
6815,0.877114828
6816,0.878214998
6817,0.803191529
6818,0.982705919
6819,0.968200252
6820,0.803739156
6821,0.968561666
6822,0.972071903
6823,0.869665141
6824,0.881585974
6825,0.826317419
6826,0.910022886
6827,0.882651535
6828,0.981440851
6829,0.850316553
6830,0.948791178
6831,0.929787438
6832,0.973944722
6833,0.908540703
6834,0.874566426
6835,0.806981399
6836,0.890983885
6837,0.879700121
6838,0.947660958
6839,0.962509769
6840,0.900073781
6841,0.888119066
6842,0.962349513
6843,0.840145144
6844,0.88443897
6845,0.821404009
6846,0.94267237
6847,0.803232384
6848,0.889780289
6849,0.986274669
6850,0.861569302
6851,0.88228802
6852,0.93919408
6853,0.80747975
6854,0.842005188
6855,0.926664116
6856,0.983918098
6857,0.806690006
6858,0.958808758
6859,0.826803832
6860,0.971125197
6861,0.888859891
6862,0.88467798
6863,0.952380397
6864,0.98952269
6865,0.946820042
6866,0.90194984
6867,0.970036576
6868,0.904893573
6869,0.950072022
6870,0.850122482
6871,0.883701103
6872,0.917260474
6873,0.954936319
6874,0.878309876
6875,0.84923107
6876,0.800475028
6877,0.91715171
6878,0.809657509
6879,0.872482043
6880,0.911849266
6881,0.839269711
6882,0.928864718
6883,0.985773902
6884,0.894620702
6885,0.927901829
6886,0.810102383
6887,0.977216358
6888,0.913625629
6889,0.869675058
6890,0.96975795
6891,0.937897207
6892,0.963829403
6893,0.899505556
6894,0.864938307
6895,0.921619528
6896,0.950099636
6897,0.876287813
6898,0.906199286
6899,0.957993122
6900,0.885795998
6901,0.944320948
6902,0.943263237
6903,0.818779299
6904,0.92177744
6905,0.983945267
6906,0.998623125
6907,0.889917573
6908,0.897359724
6909,0.954063232
6910,0.965375309
6911,0.941817422
6912,0.973935035
6913,0.864277713
6914,0.912101219
6915,0.942687436
6916,0.841010326
6917,0.996184697
6918,0.997749742
6919,0.815438933
6920,0.974747504
6921,0.826523921
6922,0.807626313
6923,0.849169673
6924,0.878333126
6925,0.901658798
6926,0.817140965
6927,0.823403559
6928,0.898783469
6929,0.847382783
6930,0.880469341
6931,0.908493963
6932,0.901921321
6933,0.853182047
6934,0.854070559
6935,0.847061946
6936,0.815417564
6937,0.871164555
6938,0.978587634
6939,0.98100624
6940,0.944213092
6941,0.907247151
6942,0.895384958
6943,0.899896165
6944,0.851112316
6945,0.955294573
6946,0.922439645
6947,0.850266383
6948,0.911291678
6949,0.89897842
6950,0.922419997
6951,0.947053147
6952,0.87239959
6953,0.871780613
6954,0.961844957
6955,0.848180488
6956,0.907515152
6957,0.970094872
6958,0.849059654
6959,0.819843846
6960,0.91111639
6961,0.9139375
6962,0.820254002
6963,0.835294064
6964,0.972120308
6965,0.877469307
6966,0.845797209
6967,0.945944858
6968,0.974837224
6969,0.952746542
6970,0.994269559
6971,0.891654057
6972,0.900421705
6973,0.916761984
6974,0.993676181
6975,0.940847513
6976,0.913623479
6977,0.871499951
6978,0.951372697
6979,0.971133803
6980,0.808896652
6981,0.821886045
6982,0.880973479
6983,0.947190817
6984,0.956379961
6985,0.896676059
6986,0.830902161
6987,0.945891625
6988,0.9250107
6989,0.832071628
6990,0.978323005
6991,0.857215102
6992,0.94159912
6993,0.838203689
6994,0.847429522
6995,0.908678014
6996,0.877028226
6997,0.898963437
6998,0.924679552
6999,0.880199412
7000,0.884854336
7001,0.909267629
7002,0.884610923
7003,0.979039617
7004,0.99465534
7005,0.957736109
7006,0.851826907
7007,0.889290466
7008,0.811742051
7009,0.944660465
7010,0.942162416
7011,0.809845623
7012,0.937119392
7013,0.945268741
7014,0.979231706
7015,0.805273102
7016,0.911605969
7017,0.99858023
7018,0.829948609
7019,0.806753843
7020,0.838361422
7021,0.905582883
7022,0.85433632
7023,0.846813167
7024,0.9029824
7025,0.968735262
7026,0.876483324
7027,0.80825354
7028,0.961315855
7029,0.958715716
7030,0.863617836
7031,0.940331305
7032,0.905678921
7033,0.826827261
7034,0.883044651
7035,0.97532186
7036,0.86862964
7037,0.968250028
7038,0.851359616
7039,0.94384321
7040,0.927370725
7041,0.999389849
7042,0.861150182
7043,0.862364685
7044,0.853327745
7045,0.966805228
7046,0.923961482
7047,0.864539066
7048,0.878400089
7049,0.961910129
7050,0.940169999
7051,0.861417981
7052,0.843969556
7053,0.822002741
7054,0.983296208
7055,0.856156768
7056,0.985997314
7057,0.986185841
7058,0.922076806
7059,0.936267335
7060,0.849631358
7061,0.997725931
7062,0.988548515
7063,0.882329035
7064,0.889423461
7065,0.887220366
7066,0.826365035
7067,0.974593394
7068,0.934070513
7069,0.969378273
7070,0.909311388
7071,0.839299678
7072,0.837185769
7073,0.984704365
7074,0.986593267
7075,0.897151087
7076,0.997644206
7077,0.806879966
7078,0.924685682
7079,0.940191186
7080,0.884978452
7081,0.989991199
7082,0.809048548
7083,0.847731875
7084,0.879093934
7085,0.881404737
7086,0.852912452
7087,0.97306276
7088,0.987895581
7089,0.862093761
7090,0.93337908
7091,0.928121602
7092,0.877424021
7093,0.829861245
7094,0.875320779
7095,0.936688176
7096,0.815751407
7097,0.811003677
7098,0.965696592
7099,0.888518132
7100,0.931928754
7101,0.997988001
7102,0.877020055
7103,0.804015071
7104,0.87144506
7105,0.892137421
7106,0.849487997
7107,0.827783774
7108,0.813633231
7109,0.84763145
7110,0.896670978
7111,0.878034695
7112,0.976518283
7113,0.99543757
7114,0.976189269
7115,0.817767743
7116,0.851731165
7117,0.845191935
7118,0.851417323
7119,0.829794618
7120,0.866647127
7121,0.948396715
7122,0.894931066
7123,0.884733135
7124,0.973108747
7125,0.915605251
7126,0.845851162
7127,0.886497696
7128,0.93282431
7129,0.937490919
7130,0.921681246
7131,0.971435975
7132,0.880260764
7133,0.930513285
7134,0.964429344
7135,0.934194217
7136,0.853937848
7137,0.817079672
7138,0.844854718
7139,0.809724743
7140,0.89043783
7141,0.966727639
7142,0.86006838
7143,0.943157838
7144,0.838035238
7145,0.834774281
7146,0.967472641
7147,0.998615317
7148,0.879097893
7149,0.961867716
7150,0.86088983
7151,0.951885029
7152,0.978186444
7153,0.969289156
7154,0.988337382
7155,0.836086649
7156,0.972822879
7157,0.805453296
7158,0.888168625
7159,0.823291147
7160,0.946731866
7161,0.873473478
7162,0.883409947
7163,0.96241478
7164,0.88564681
7165,0.927951364
7166,0.800478963
7167,0.928116244
7168,0.991721883
7169,0.848721359
7170,0.808962318
7171,0.925944433
7172,0.832019734
7173,0.960819466
7174,0.925541419
7175,0.858995539
7176,0.919568823
7177,0.907123856
7178,0.829597433
7179,0.810748601
7180,0.885650466
7181,0.830103646
7182,0.861148836
7183,0.812599673
7184,0.802755557
7185,0.840212463
7186,0.822568047
7187,0.951540462
7188,0.944728511
7189,0.905397201
7190,0.944400646
7191,0.820302224
7192,0.878785674
7193,0.980514559
7194,0.890580566
7195,0.822950663
7196,0.838153959
7197,0.844392686
7198,0.85084297
7199,0.974297242
7200,0.875175541
7201,0.94989893
7202,0.926265607
7203,0.896937523
7204,0.803157173
7205,0.994778224
7206,0.943153542
7207,0.903599361
7208,0.909144693
7209,0.804500597
7210,0.884332039
7211,0.99280911
7212,0.936090198
7213,0.934028274
7214,0.923260707
7215,0.989943863
7216,0.815150712
7217,0.806416317
7218,0.902684579
7219,0.874422788
7220,0.841250246
7221,0.858441022
7222,0.822583902
7223,0.8034782
7224,0.855373982
7225,0.916450396
7226,0.865273896
7227,0.917622798
7228,0.839006531
7229,0.977471776
7230,0.943612063
7231,0.836357877
7232,0.829272189
7233,0.971986759
7234,0.816469266
7235,0.82931788
7236,0.869476782
7237,0.878505256
7238,0.975199455
7239,0.991588591
7240,0.863185239
7241,0.875916213
7242,0.84874904
7243,0.891617345
7244,0.898969467
7245,0.931575098
7246,0.997209473
7247,0.944212504
7248,0.969042739
7249,0.906016624
7250,0.859245752
7251,0.842396042
7252,0.88491756
7253,0.998868806
7254,0.94374936
7255,0.885867342
7256,0.979157024
7257,0.85467511
7258,0.891198648
7259,0.8124986
7260,0.940858691
7261,0.845996025
7262,0.900668088
7263,0.962617699
7264,0.827372092
7265,0.998493533
7266,0.931849005
7267,0.870498639
7268,0.901465838
7269,0.825278344
7270,0.901416241
7271,0.840751538
7272,0.861675024
7273,0.856513725
7274,0.911260065
7275,0.899715965
7276,0.898752789
7277,0.941393197
7278,0.861019829
7279,0.935536566
7280,0.964691369
7281,0.968421232
7282,0.984928033
7283,0.8593434
7284,0.951666369
7285,0.971091584
7286,0.986720785
7287,0.99765319
7288,0.95493172
7289,0.991757474
7290,0.822518581
7291,0.99089056
7292,0.892680641
7293,0.961278457
7294,0.935523632
7295,0.801998394
7296,0.984513659
7297,0.850590417
7298,0.889934081
7299,0.809862403
7300,0.914704221
7301,0.911916311
7302,0.936847678
7303,0.841042618
7304,0.900516745
7305,0.862272536
7306,0.816494032
7307,0.925270776
7308,0.94850666
7309,0.981006725
7310,0.878976437
7311,0.951927673
7312,0.805703739
7313,0.94440059
7314,0.925528567
7315,0.834182595
7316,0.913496913
7317,0.899918593
7318,0.953698643
7319,0.949756817
7320,0.826694505
7321,0.853741211
7322,0.954872658
7323,0.911964181
7324,0.978553393
7325,0.926806163
7326,0.97355589
7327,0.902093715
7328,0.971079964
7329,0.837125749
7330,0.980691498
7331,0.919321768
7332,0.989465783
7333,0.811160937
7334,0.9953602
7335,0.807572764
7336,0.975156394
7337,0.907297043
7338,0.850328008
7339,0.880543873
7340,0.927667377
7341,0.839516748
7342,0.94986629
7343,0.827826024
7344,0.906327444
7345,0.825553909
7346,0.943289358
7347,0.87154168
7348,0.883620925
7349,0.838782201
7350,0.854304913
7351,0.902959737
7352,0.919671819
7353,0.819675723
7354,0.823668496
7355,0.980160456
7356,0.882824108
7357,0.906488807
7358,0.991361271
7359,0.949050668
7360,0.882647218
7361,0.96571604
7362,0.8828809
7363,0.873084522
7364,0.933301658
7365,0.806036058
7366,0.874828742
7367,0.980890747
7368,0.992655139
7369,0.955524696
7370,0.906131719
7371,0.929429399
7372,0.869072371
7373,0.829881518
7374,0.906002047
7375,0.933304209
7376,0.828772266
7377,0.849075686
7378,0.856683217
7379,0.836073649
7380,0.890580505
7381,0.82476341
7382,0.987217118
7383,0.890279369
7384,0.884495324
7385,0.816454389
7386,0.933683357
7387,0.863448454
7388,0.901806956
7389,0.909672038
7390,0.969105901
7391,0.916627207
7392,0.947183823
7393,0.979568855
7394,0.945762587
7395,0.826058119
7396,0.922816764
7397,0.815230153
7398,0.891440841
7399,0.951853259
7400,0.992023816
7401,0.922562249
7402,0.850379449
7403,0.894538283
7404,0.865948978
7405,0.961005931
7406,0.838173983
7407,0.899832846
7408,0.947699002
7409,0.9125075
7410,0.826675916
7411,0.999364634
7412,0.867340885
7413,0.907964851
7414,0.892160489
7415,0.937682094
7416,0.991816787
7417,0.936622119
7418,0.948619389
7419,0.911408375
7420,0.808954713
7421,0.827402477
7422,0.97124681
7423,0.989619313
7424,0.899957634
7425,0.802022302
7426,0.834443549
7427,0.998529757
7428,0.96923689
7429,0.837363108
7430,0.834301875
7431,0.936999929
7432,0.823430994
7433,0.923119085
7434,0.862867015
7435,0.948906591
7436,0.924955677
7437,0.99481256
7438,0.996066317
7439,0.961252821
7440,0.900642128
7441,0.975918299
7442,0.846105017
7443,0.853345334
7444,0.862047884
7445,0.805226799
7446,0.848415309
7447,0.991801844
7448,0.934485916
7449,0.96487894
7450,0.926289498
7451,0.961026134
7452,0.992008627
7453,0.889182939
7454,0.873275131
7455,0.984340676
7456,0.983646381
7457,0.820385653
7458,0.89541459
7459,0.934106304
7460,0.97820216
7461,0.853559645
7462,0.969815323
7463,0.828506195
7464,0.823454866
7465,0.809499278
7466,0.900241492
7467,0.939103773
7468,0.904971777
7469,0.800001949
7470,0.949385703
7471,0.966673882
7472,0.919188963
7473,0.948683335
7474,0.805135035
7475,0.931802719
7476,0.918403198
7477,0.93190119
7478,0.917961489
7479,0.967427646
7480,0.805860737
7481,0.810511114
7482,0.892052097
7483,0.846597346
7484,0.919690785
7485,0.933268115
7486,0.897631522
7487,0.926397993
7488,0.829192678
7489,0.83717001
7490,0.813838038
7491,0.91475066
7492,0.951598322
7493,0.975572157
7494,0.836120326
7495,0.910963705
7496,0.99907
7497,0.920610842
7498,0.893005938
7499,0.931019098
7500,0.81590483
7501,0.839551711
7502,0.869383155
7503,0.844967081
7504,0.951334886
7505,0.953374362
7506,0.848067744
7507,0.99617744
7508,0.874953677
7509,0.956788391
7510,0.909854785
7511,0.974943509
7512,0.94789861
7513,0.946987755
7514,0.834609024
7515,0.918025959
7516,0.900536375
7517,0.829746802
7518,0.813506415
7519,0.908372978
7520,0.815221396
7521,0.857543754
7522,0.944020131
7523,0.809157846
7524,0.944420285
7525,0.883601125
7526,0.834088475
7527,0.82617974
7528,0.968751604
7529,0.884400491
7530,0.876419722
7531,0.842719288
7532,0.942805191
7533,0.85800794
7534,0.872128863
7535,0.969661868
7536,0.838968629
7537,0.864180271
7538,0.829067772
7539,0.860989721
7540,0.960088711
7541,0.830430611
7542,0.935867714
7543,0.918147422
7544,0.983479534
7545,0.836661356
7546,0.920060161
7547,0.867354935
7548,0.97116975
7549,0.800485643
7550,0.878628066
7551,0.845066006
7552,0.919540243
7553,0.863180736
7554,0.910509891
7555,0.842294132
7556,0.801972441
7557,0.818725039
7558,0.80283808
7559,0.813094316
7560,0.813603461
7561,0.909393257
7562,0.936582801
7563,0.954656411
7564,0.878460552
7565,0.815415431
7566,0.950101457
7567,0.974909054
7568,0.910309914
7569,0.87159967
7570,0.82904528
7571,0.910869989
7572,0.840604069
7573,0.809175155
7574,0.83705836
7575,0.844071017
7576,0.815059388
7577,0.92539772
7578,0.804101528
7579,0.84169711
7580,0.884591704
7581,0.805587373
7582,0.890870551
7583,0.894738764
7584,0.849886382
7585,0.924960589
7586,0.833884353
7587,0.830303577
7588,0.81391492
7589,0.854069768
7590,0.946454464
7591,0.956681059
7592,0.849912646
7593,0.98201589
7594,0.923097938
7595,0.812947353
7596,0.945934416
7597,0.826210785
7598,0.945215323
7599,0.968865741
7600,0.972602171
7601,0.952331673
7602,0.981762033
7603,0.811828525
7604,0.8862705
7605,0.904803695
7606,0.925843801
7607,0.958074297
7608,0.985837841
7609,0.829829946
7610,0.969682379
7611,0.84231016
7612,0.971323141
7613,0.985644767
7614,0.931125199
7615,0.840734861
7616,0.830096034
7617,0.92406453
7618,0.858068699
7619,0.815126958
7620,0.917957471
7621,0.947470812
7622,0.99797691
7623,0.840532049
7624,0.823481103
7625,0.934768399
7626,0.965371692
7627,0.945604901
7628,0.960446108
7629,0.826104331
7630,0.882857001
7631,0.929784887
7632,0.977096588
7633,0.821632823
7634,0.825313688
7635,0.809946719
7636,0.888571535
7637,0.995988209
7638,0.975016301
7639,0.937004482
7640,0.952694341
7641,0.839547727
7642,0.956458248
7643,0.873206029
7644,0.894223878
7645,0.944671365
7646,0.85725354
7647,0.816833421
7648,0.853681309
7649,0.823767584
7650,0.808614193
7651,0.926806046
7652,0.947285095
7653,0.934242403
7654,0.877387712
7655,0.96190405
7656,0.961837363
7657,0.815743099
7658,0.985400513
7659,0.950041491
7660,0.90652646
7661,0.822567184
7662,0.92745407
7663,0.811954066
7664,0.923038527
7665,0.917486229
7666,0.864507106
7667,0.836265942
7668,0.971075177
7669,0.855624555
7670,0.96635562
7671,0.883406946
7672,0.811506483
7673,0.863589832
7674,0.966125137
7675,0.969402347
7676,0.847823458
7677,0.998496939
7678,0.822899385
7679,0.96757021
7680,0.956773652
7681,0.854850874
7682,0.80846523
7683,0.840936151
7684,0.957373932
7685,0.852037473
7686,0.940101148
7687,0.892877169
7688,0.895339255
7689,0.89735449
7690,0.947999729
7691,0.853900381
7692,0.987597915
7693,0.884445428
7694,0.946265006
7695,0.900370792
7696,0.881175853
7697,0.861553949
7698,0.903203685
7699,0.818042228
7700,0.946956185
7701,0.825316416
7702,0.907847074
7703,0.809277799
7704,0.904976544
7705,0.800738304
7706,0.864138039
7707,0.912511697
7708,0.956242029
7709,0.927568744
7710,0.815403996
7711,0.903866641
7712,0.866532925
7713,0.883007446
7714,0.823640431
7715,0.879796762
7716,0.859367859
7717,0.814226748
7718,0.805209408
7719,0.840888177
7720,0.805301005
7721,0.87077876
7722,0.824407744
7723,0.97086294
7724,0.990198143
7725,0.825835478
7726,0.915136721
7727,0.9861446
7728,0.939082381
7729,0.804456062
7730,0.807511475
7731,0.941230323
7732,0.819082604
7733,0.803333198
7734,0.985708142
7735,0.806040656
7736,0.988167782
7737,0.985090733
7738,0.950466857
7739,0.816546706
7740,0.886297231
7741,0.905008901
7742,0.984331
7743,0.998250144
7744,0.826292888
7745,0.941329802
7746,0.8084967
7747,0.873388359
7748,0.909032949
7749,0.996200123
7750,0.934624174
7751,0.929964156
7752,0.910444522
7753,0.958027051
7754,0.937069354
7755,0.855955365
7756,0.92255443
7757,0.817134789
7758,0.892052737
7759,0.804408112
7760,0.96176013
7761,0.811238567
7762,0.809305741
7763,0.81565982
7764,0.985887936
7765,0.845518715
7766,0.80526216
7767,0.806392302
7768,0.954518864
7769,0.891719926
7770,0.878673207
7771,0.913301319
7772,0.970754862
7773,0.806412965
7774,0.988099077
7775,0.945435688
7776,0.847069801
7777,0.867563032
7778,0.925758766
7779,0.957077542
7780,0.909409105
7781,0.96900984
7782,0.826534542
7783,0.976407183
7784,0.868883712
7785,0.836596567
7786,0.905825677
7787,0.820242791
7788,0.9282282
7789,0.969227277
7790,0.947727282
7791,0.826661179
7792,0.809628855
7793,0.818440261
7794,0.993008204
7795,0.973430665
7796,0.916384063
7797,0.831496727
7798,0.804914292
7799,0.814231806
7800,0.90568463
7801,0.946296489
7802,0.846765058
7803,0.865894374
7804,0.913687555
7805,0.827765057
7806,0.977863004
7807,0.828963888
7808,0.817337508
7809,0.927076872
7810,0.808686739
7811,0.987040861
7812,0.892450727
7813,0.857036415
7814,0.822650627
7815,0.939348568
7816,0.809074155
7817,0.872068829
7818,0.814876386
7819,0.825048312
7820,0.838458101
7821,0.881472746
7822,0.908792889
7823,0.979503168
7824,0.954202306
7825,0.950798686
7826,0.939489539
7827,0.894477759
7828,0.886725022
7829,0.948594454
7830,0.930237939
7831,0.922437287
7832,0.839643924
7833,0.9592572
7834,0.854768735
7835,0.991622425
7836,0.94679944
7837,0.830354285
7838,0.843383727
7839,0.927935791
7840,0.939218823
7841,0.871578491
7842,0.911243618
7843,0.998924826
7844,0.91790913
7845,0.937647362
7846,0.819366814
7847,0.889275847
7848,0.836579609
7849,0.867550508
7850,0.802993835
7851,0.875421427
7852,0.97584954
7853,0.90010356
7854,0.817663307
7855,0.84425738
7856,0.946181926
7857,0.870547256
7858,0.998430536
7859,0.8994225
7860,0.969964558
7861,0.949025604
7862,0.848543839
7863,0.885669881
7864,0.906380949
7865,0.899495816
7866,0.931224919
7867,0.946990649
7868,0.976938682
7869,0.895040428
7870,0.978409731
7871,0.904027237
7872,0.996297255
7873,0.822423812
7874,0.991517378
7875,0.916862631
7876,0.874013269
7877,0.915817399
7878,0.846999107
7879,0.843362999
7880,0.974194117
7881,0.800103977
7882,0.963268941
7883,0.926295652
7884,0.953693596
7885,0.862978588
7886,0.91391545
7887,0.92386532
7888,0.80487701
7889,0.855502845
7890,0.877577163
7891,0.803836058
7892,0.922685255
7893,0.810049625
7894,0.866955798
7895,0.828333662
7896,0.833924116
7897,0.957843879
7898,0.909750545
7899,0.8079274
7900,0.801174485
7901,0.966413117
7902,0.894091413
7903,0.907126952
7904,0.913714686
7905,0.870083109
7906,0.914390213
7907,0.853464947
7908,0.960283189
7909,0.966928388
7910,0.905786351
7911,0.983962625
7912,0.963329637
7913,0.856403052
7914,0.831206389
7915,0.814124903
7916,0.916756769
7917,0.81496791
7918,0.971358883
7919,0.872149746
7920,0.847006838
7921,0.904499056
7922,0.9854134
7923,0.916319169
7924,0.988005583
7925,0.827631061
7926,0.843478029
7927,0.993641442
7928,0.894499083
7929,0.931629488
7930,0.941107849
7931,0.887974848
7932,0.828835644
7933,0.993910008
7934,0.902212661
7935,0.978219973
7936,0.941627662
7937,0.961868756
7938,0.916463658
7939,0.883392965
7940,0.855569823
7941,0.83723204
7942,0.832595478
7943,0.966875568
7944,0.910793868
7945,0.849964064
7946,0.885361854
7947,0.88270207
7948,0.928054947
7949,0.883763427
7950,0.800027036
7951,0.871709905
7952,0.934933377
7953,0.915531507
7954,0.85865148
7955,0.99491597
7956,0.825583055
7957,0.859187007
7958,0.918617833
7959,0.831408727
7960,0.955331092
7961,0.849358294
7962,0.889349019
7963,0.807840324
7964,0.919372285
7965,0.884475039
7966,0.913612218
7967,0.973820081
7968,0.866308867
7969,0.822458606
7970,0.932372392
7971,0.848459113
7972,0.876637828
7973,0.84971189
7974,0.808232679
7975,0.995036868
7976,0.942570285
7977,0.8282538
7978,0.918570396
7979,0.821964282
7980,0.921994906
7981,0.866974108
7982,0.847820498
7983,0.873032664
7984,0.805160321
7985,0.959643975
7986,0.869806831
7987,0.87730427
7988,0.801224072
7989,0.853656858
7990,0.81166982
7991,0.815168687
7992,0.942169232
7993,0.829596371
7994,0.842628167
7995,0.895912463
7996,0.836500024
7997,0.972715581
7998,0.881784705
7999,0.949866372
8000,0.959166364
8001,0.995254028
8002,0.891191069
8003,0.942716559
8004,0.800448629
8005,0.877876865
8006,0.982459618
8007,0.976558457
8008,0.829583989
8009,0.829486127
8010,0.926833758
8011,0.98974125
8012,0.959114967
8013,0.825868381
8014,0.811740529
8015,0.832783711
8016,0.871878431
8017,0.897164009
8018,0.801205048
8019,0.93694737
8020,0.826391361
8021,0.958412413
8022,0.912449239
8023,0.840537531
8024,0.984184436
8025,0.954243351
8026,0.807594452
8027,0.954733996
8028,0.925975571
8029,0.974501829
8030,0.999662964
8031,0.897361067
8032,0.860427587
8033,0.986650293
8034,0.848457781
8035,0.960420179
8036,0.822661494
8037,0.894059456
8038,0.808291428
8039,0.836663946
8040,0.982013963
8041,0.804082932
8042,0.912239972
8043,0.866283898
8044,0.998860968
8045,0.906431449
8046,0.854646658
8047,0.824371859
8048,0.839436425
8049,0.851162977
8050,0.970509616
8051,0.82340958
8052,0.946542647
8053,0.809738068
8054,0.818959353
8055,0.909093152
8056,0.854833668
8057,0.95718339
8058,0.967005869
8059,0.937647249
8060,0.968284461
8061,0.930474402
8062,0.817159114
8063,0.875354614
8064,0.9916079
8065,0.888239374
8066,0.920103474
8067,0.835227766
8068,0.886441594
8069,0.945818139
8070,0.903475229
8071,0.819342076
8072,0.849037071
8073,0.801750728
8074,0.865118857
8075,0.937075448
8076,0.833963106
8077,0.835575587
8078,0.933956357
8079,0.987181781
8080,0.921256481
8081,0.844229848
8082,0.908858039
8083,0.935315478
8084,0.832473804
8085,0.910249833
8086,0.914271375
8087,0.838800021
8088,0.886173711
8089,0.991310732
8090,0.996672136
8091,0.955300024
8092,0.865238868
8093,0.889251569
8094,0.808561087
8095,0.916768265
8096,0.80531188
8097,0.925486152
8098,0.842685049
8099,0.815472989
8100,0.815388773
8101,0.888083156
8102,0.837327862
8103,0.944839713
8104,0.874835601
8105,0.878154581
8106,0.833283487
8107,0.804227641
8108,0.987470354
8109,0.842949683
8110,0.972674224
8111,0.963650904
8112,0.864013263
8113,0.953767889
8114,0.978866689
8115,0.994804609
8116,0.817343715
8117,0.978664696
8118,0.90850529
8119,0.960161976
8120,0.829394726
8121,0.960633345
8122,0.806450989
8123,0.803143044
8124,0.857422367
8125,0.933279047
8126,0.905534716
8127,0.847773445
8128,0.806881884
8129,0.99705072
8130,0.982723053
8131,0.865715107
8132,0.924763278
8133,0.953502187
8134,0.822403837
8135,0.893002286
8136,0.850852461
8137,0.925009881
8138,0.946531686
8139,0.831014871
8140,0.831369075
8141,0.950424933
8142,0.938021027
8143,0.849721994
8144,0.916072864
8145,0.911655654
8146,0.846377623
8147,0.900958581
8148,0.997008933
8149,0.987884177
8150,0.827719469
8151,0.960821767
8152,0.861272309
8153,0.831274366
8154,0.944990511
8155,0.877707713
8156,0.992092931
8157,0.841065935
8158,0.823312161
8159,0.845642885
8160,0.868645846
8161,0.947789473
8162,0.914555903
8163,0.852153354
8164,0.839284378
8165,0.919788285
8166,0.981173177
8167,0.846977774
8168,0.846571978
8169,0.819474746
8170,0.836350838
8171,0.898532723
8172,0.849534461
8173,0.985471309
8174,0.932117177
8175,0.87146447
8176,0.972689767
8177,0.959823875
8178,0.851952452
8179,0.976787016
8180,0.924079975
8181,0.841058869
8182,0.825541175
8183,0.900177076
8184,0.866629066
8185,0.807610877
8186,0.957265167
8187,0.991264796
8188,0.903837558
8189,0.900378368
8190,0.929754808
8191,0.803503416
8192,0.972720662
8193,0.919031199
8194,0.800898723
8195,0.928151854
8196,0.861870629
8197,0.921820666
8198,0.813053224
8199,0.831268871
8200,0.893097863
8201,0.882190616
8202,0.856275858
8203,0.983714524
8204,0.880488591
8205,0.938951634
8206,0.97690695
8207,0.933417823
8208,0.870896066
8209,0.93227849
8210,0.955591668
8211,0.879263336
8212,0.992745049
8213,0.874281123
8214,0.8025708
8215,0.86924685
8216,0.868292359
8217,0.816002919
8218,0.866927113
8219,0.846672449
8220,0.86944862
8221,0.910427729
8222,0.988205038
8223,0.955426944
8224,0.936172652
8225,0.813403263
8226,0.954575573
8227,0.916116279
8228,0.830821645
8229,0.915925047
8230,0.891269744
8231,0.913739656
8232,0.940037799
8233,0.86617465
8234,0.962868088
8235,0.960012161
8236,0.967972053
8237,0.855143692
8238,0.806556477
8239,0.907002201
8240,0.822322499
8241,0.996496289
8242,0.96934091
8243,0.823569523
8244,0.848003182
8245,0.85214404
8246,0.891700282
8247,0.897218269
8248,0.812776538
8249,0.874642962
8250,0.897204997
8251,0.999958162
8252,0.908226892
8253,0.914481289
8254,0.82609469
8255,0.815864695
8256,0.807947179
8257,0.910317506
8258,0.970216794
8259,0.997803304
8260,0.965471195
8261,0.87123066
8262,0.846293794
8263,0.825949478
8264,0.915648402
8265,0.846563236
8266,0.987299781
8267,0.980361046
8268,0.846816835
8269,0.808924976
8270,0.820808182
8271,0.908771529
8272,0.937532213
8273,0.913037746
8274,0.978513803
8275,0.876048615
8276,0.953265303
8277,0.950586831
8278,0.845345626
8279,0.967176722
8280,0.964412023
8281,0.804220342
8282,0.833647141
8283,0.943960433
8284,0.942832851
8285,0.922662388
8286,0.823087437
8287,0.830140018
8288,0.956806372
8289,0.846553226
8290,0.932316516
8291,0.849526202
8292,0.979238079
8293,0.9217287
8294,0.905921078
8295,0.97440104
8296,0.980063522
8297,0.981958959
8298,0.997863865
8299,0.982461514
8300,0.933722172
8301,0.855508913
8302,0.814036149
8303,0.887902444
8304,0.831947819
8305,0.82924037
8306,0.935786688
8307,0.967192501
8308,0.869841317
8309,0.900834342
8310,0.803708725
8311,0.958657415
8312,0.87956662
8313,0.823414569
8314,0.828093527
8315,0.88537192
8316,0.860448869
8317,0.978645644
8318,0.946468529
8319,0.824550613
8320,0.854155145
8321,0.843436105
8322,0.829043623
8323,0.976173864
8324,0.913396573
8325,0.91743833
8326,0.955942566
8327,0.959851646
8328,0.94024467
8329,0.967102048
8330,0.805390319
8331,0.851421218
8332,0.806004325
8333,0.805464583
8334,0.859510683
8335,0.985214787
8336,0.923490221
8337,0.827076513
8338,0.862790508
8339,0.92192157
8340,0.9859269
8341,0.947811264
8342,0.985319669
8343,0.907762578
8344,0.970628081
8345,0.90636243
8346,0.856060573
8347,0.961575868
8348,0.977058849
8349,0.943482935
8350,0.953592613
8351,0.899522827
8352,0.832449388
8353,0.804920609
8354,0.812182303
8355,0.910244196
8356,0.867882748
8357,0.815715124
8358,0.871058981
8359,0.992160882
8360,0.826714078
8361,0.991001989
8362,0.80041851
8363,0.953130257
8364,0.832704773
8365,0.844411159
8366,0.962357812
8367,0.822317711
8368,0.855503595
8369,0.962416999
8370,0.915746139
8371,0.823319776
8372,0.831967511
8373,0.995718962
8374,0.801898297
8375,0.801591977
8376,0.946570093
8377,0.910006365
8378,0.89483204
8379,0.955664486
8380,0.943516245
8381,0.928314923
8382,0.850393381
8383,0.863681183
8384,0.836319978
8385,0.907206413
8386,0.930877101
8387,0.856068597
8388,0.948859879
8389,0.974517738
8390,0.966378218
8391,0.85200826
8392,0.937951994
8393,0.871171496
8394,0.967559448
8395,0.816842119
8396,0.960776551
8397,0.854382286
8398,0.819774136
8399,0.954152224
8400,0.9201337
8401,0.802065891
8402,0.931661013
8403,0.926611387
8404,0.83380196
8405,0.856332768
8406,0.869236038
8407,0.970138002
8408,0.828478237
8409,0.949619906
8410,0.813289028
8411,0.888766614
8412,0.962496649
8413,0.871561432
8414,0.979186708
8415,0.90371002
8416,0.960644429
8417,0.826778575
8418,0.93174684
8419,0.932884208
8420,0.8403382
8421,0.930401223
8422,0.850602715
8423,0.915580146
8424,0.983191872
8425,0.806258588
8426,0.827500174
8427,0.945793373
8428,0.821280175
8429,0.926696096
8430,0.849806001
8431,0.837478832
8432,0.808118404
8433,0.965768207
8434,0.915533636
8435,0.922144474
8436,0.810410692
8437,0.872059308
8438,0.973326122
8439,0.954759811
8440,0.869901421
8441,0.909890193
8442,0.904195987
8443,0.807612351
8444,0.811968801
8445,0.826079538
8446,0.873645743
8447,0.808375462
8448,0.919867036
8449,0.838145459
8450,0.869915064
8451,0.844013857
8452,0.826753102
8453,0.96830479
8454,0.954554649
8455,0.9112859
8456,0.836484867
8457,0.970320653
8458,0.859862144
8459,0.802624821
8460,0.936421906
8461,0.812582008
8462,0.994947966
8463,0.886264635
8464,0.961442802
8465,0.857325965
8466,0.920660533
8467,0.986528047
8468,0.836480307
8469,0.856438269
8470,0.997756841
8471,0.894709242
8472,0.890522821
8473,0.830172985
8474,0.839603238
8475,0.917762194
8476,0.880734655
8477,0.992195236
8478,0.862047438
8479,0.916652502
8480,0.996861776
8481,0.829555508
8482,0.92782043
8483,0.996522037
8484,0.997612586
8485,0.997217208
8486,0.842856765
8487,0.954313592
8488,0.899107682
8489,0.966910319
8490,0.859974843
8491,0.980344469
8492,0.832369165
8493,0.855081042
8494,0.86019292
8495,0.983718515
8496,0.944384386
8497,0.890563036
8498,0.831295693
8499,0.911328555
8500,0.97863328
8501,0.944336371
8502,0.84192053
8503,0.845123247
8504,0.94905687
8505,0.894124604
8506,0.959668758
8507,0.896127591
8508,0.8267911
8509,0.850393371
8510,0.971038843
8511,0.993629037
8512,0.844470768
8513,0.814688438
8514,0.987158116
8515,0.865031164
8516,0.993196902
8517,0.808995785
8518,0.868763891
8519,0.844501812
8520,0.988487463
8521,0.953300195
8522,0.913219613
8523,0.853082275
8524,0.881400671
8525,0.954044648
8526,0.963387937
8527,0.848379257
8528,0.964424311
8529,0.938351076
8530,0.900459912
8531,0.910672441
8532,0.868826797
8533,0.840359703
8534,0.959759648
8535,0.990187384
8536,0.890653619
8537,0.820263344
8538,0.931657366
8539,0.967956036
8540,0.932909403
8541,0.930970564
8542,0.834226877
8543,0.955920389
8544,0.80675538
8545,0.895486672
8546,0.843508039
8547,0.88175604
8548,0.949911666
8549,0.813857977
8550,0.934295405
8551,0.964228899
8552,0.884205904
8553,0.887652233
8554,0.920567887
8555,0.938231125
8556,0.926247639
8557,0.864459525
8558,0.986978675
8559,0.934999172
8560,0.887775198
8561,0.9672026
8562,0.842897915
8563,0.874949259
8564,0.900760263
8565,0.871216759
8566,0.8085061
8567,0.831761191
8568,0.96674332
8569,0.862138685
8570,0.822797706
8571,0.896274049
8572,0.938639947
8573,0.987045996
8574,0.906811698
8575,0.866058442
8576,0.849314672
8577,0.98397983
8578,0.93169205
8579,0.91932674
8580,0.871064521
8581,0.833401525
8582,0.822762361
8583,0.863385312
8584,0.913650875
8585,0.903791625
8586,0.856732585
8587,0.942272545
8588,0.931441296
8589,0.847205881
8590,0.811260247
8591,0.962890507
8592,0.823970495
8593,0.996297991
8594,0.975494868
8595,0.967639511
8596,0.83876807
8597,0.959264673
8598,0.915816337
8599,0.92192081
8600,0.814301891
8601,0.96638314
8602,0.8499523
8603,0.822368714
8604,0.94766488
8605,0.856108282
8606,0.980457623
8607,0.949435889
8608,0.927084807
8609,0.959785538
8610,0.816888863
8611,0.986651412
8612,0.9310733
8613,0.856473265
8614,0.924861357
8615,0.875093645
8616,0.820160409
8617,0.856430025
8618,0.897455822
8619,0.910813594
8620,0.907936784
8621,0.816384061
8622,0.969726549
8623,0.998216832
8624,0.839202629
8625,0.916376878
8626,0.982017507
8627,0.879080651
8628,0.850833253
8629,0.857278621
8630,0.890654705
8631,0.90924194
8632,0.881984571
8633,0.887519375
8634,0.891472623
8635,0.88274682
8636,0.890076429
8637,0.976387538
8638,0.867230098
8639,0.844014048
8640,0.95249881
8641,0.832458536
8642,0.934549397
8643,0.983531469
8644,0.825922153
8645,0.896794128
8646,0.834479363
8647,0.956678667
8648,0.863869404
8649,0.814066569
8650,0.855281511
8651,0.903599447
8652,0.975740812
8653,0.803445355
8654,0.891399616
8655,0.862256507
8656,0.895875013
8657,0.964272686
8658,0.887124829
8659,0.988523543
8660,0.993641448
8661,0.970295822
8662,0.895565021
8663,0.998347482
8664,0.960691498
8665,0.982983674
8666,0.87663596
8667,0.835471588
8668,0.818991938
8669,0.93604609
8670,0.912393642
8671,0.83391947
8672,0.960499422
8673,0.826129691
8674,0.955854601
8675,0.85126208
8676,0.971274919
8677,0.927102761
8678,0.906512448
8679,0.883608724
8680,0.955236656
8681,0.899928606
8682,0.897583893
8683,0.983453009
8684,0.814008974
8685,0.86351179
8686,0.920835529
8687,0.912955531
8688,0.836800567
8689,0.878867893
8690,0.935547254
8691,0.916126573
8692,0.845661712
8693,0.843365266
8694,0.880258705
8695,0.985715694
8696,0.862890281
8697,0.892618037
8698,0.942482179
8699,0.854843026
8700,0.996919633
8701,0.802440498
8702,0.900147517
8703,0.98095624
8704,0.804025245
8705,0.845847493
8706,0.934297642
8707,0.95252796
8708,0.951420154
8709,0.83972487
8710,0.973061865
8711,0.940006729
8712,0.821541123
8713,0.919911899
8714,0.857255436
8715,0.913555403
8716,0.873241736
8717,0.974365206
8718,0.871279886
8719,0.950662334
8720,0.950810847
8721,0.888238098
8722,0.991890927
8723,0.875895631
8724,0.972040459
8725,0.916400831
8726,0.842895318
8727,0.893577799
8728,0.925687236
8729,0.97775457
8730,0.966190376
8731,0.898074161
8732,0.901027041
8733,0.948134412
8734,0.950844544
8735,0.967683294
8736,0.83717842
8737,0.960720208
8738,0.894662526
8739,0.84301157
8740,0.981555147
8741,0.88708562
8742,0.884946816
8743,0.897085145
8744,0.913344364
8745,0.95029995
8746,0.876656002
8747,0.97649295
8748,0.806248792
8749,0.833951219
8750,0.981351667
8751,0.870522776
8752,0.814860899
8753,0.997637227
8754,0.831067692
8755,0.824601414
8756,0.922213724
8757,0.866508537
8758,0.845011012
8759,0.818530889
8760,0.804438572
