,datetime,demand_MW
1,2023-01-01 00:00:00,600.4351572118604
2,2023-01-01 01:00:00,599.6221890246568
3,2023-01-01 02:00:00,671.7344372857247
4,2023-01-01 03:00:00,627.3984965855253
5,2023-01-01 04:00:00,685.2510444749562
6,2023-01-01 05:00:00,607.2587725748385
7,2023-01-01 06:00:00,671.2709978352867
8,2023-01-01 07:00:00,631.503441180028
9,2023-01-01 08:00:00,655.9287632690608
10,2023-01-01 09:00:00,625.7557124353075
11,2023-01-01 10:00:00,645.2533274704042
12,2023-01-01 11:00:00,600.7452330288704
13,2023-01-01 12:00:00,652.0240563698117
14,2023-01-01 13:00:00,567.9071965409148
15,2023-01-01 14:00:00,572.5311386932974
16,2023-01-01 15:00:00,583.8792847719961
17,2023-01-01 16:00:00,674.2617983741291
18,2023-01-01 17:00:00,596.5177322019849
19,2023-01-01 18:00:00,551.455255075901
20,2023-01-01 19:00:00,567.0035035674736
21,2023-01-01 20:00:00,576.9494914630229
22,2023-01-01 21:00:00,622.4270751728274
23,2023-01-01 22:00:00,657.0573109829164
24,2023-01-01 23:00:00,653.5234447280434
25,2023-01-02 00:00:00,573.7516446763689
26,2023-01-02 01:00:00,688.2962048209642
27,2023-01-02 02:00:00,617.2019707535152
28,2023-01-02 03:00:00,670.3743265286944
29,2023-01-02 04:00:00,603.6040769635466
30,2023-01-02 05:00:00,593.7206765047272
31,2023-01-02 06:00:00,622.9772448203689
32,2023-01-02 07:00:00,605.3549715557301
33,2023-01-02 08:00:00,681.9965308788215
34,2023-01-02 09:00:00,620.8226770747757
35,2023-01-02 10:00:00,620.9901041308312
36,2023-01-02 11:00:00,651.1784338014548
37,2023-01-02 12:00:00,628.0725229778118
38,2023-01-02 13:00:00,608.2203414112316
39,2023-01-02 14:00:00,580.2748910467533
40,2023-01-02 15:00:00,646.8886396771878
41,2023-01-02 16:00:00,612.3363786510743
42,2023-01-02 17:00:00,596.2673712186437
43,2023-01-02 18:00:00,603.0863320005597
44,2023-01-02 19:00:00,669.3667507524588
45,2023-01-02 20:00:00,579.0988979768617
46,2023-01-02 21:00:00,582.7899738813791
47,2023-01-02 22:00:00,593.978039019022
48,2023-01-02 23:00:00,658.9414049729216
49,2023-01-03 00:00:00,604.7516863862193
50,2023-01-03 01:00:00,636.5833642031914
51,2023-01-03 02:00:00,580.9060114028393
52,2023-01-03 03:00:00,654.1714962898568
53,2023-01-03 04:00:00,646.2520850277309
54,2023-01-03 05:00:00,634.8059886568711
55,2023-01-03 06:00:00,639.560884146749
56,2023-01-03 07:00:00,674.4534801700073
57,2023-01-03 08:00:00,598.5880686708203
58,2023-01-03 09:00:00,633.042093181198
59,2023-01-03 10:00:00,592.1028246169037
60,2023-01-03 11:00:00,605.5983707748279
61,2023-01-03 12:00:00,618.9548502211125
62,2023-01-03 13:00:00,589.4104339351712
63,2023-01-03 14:00:00,584.2290458807105
64,2023-01-03 15:00:00,661.8400913236866
65,2023-01-03 16:00:00,615.8245940642897
66,2023-01-03 17:00:00,588.0729324723687
67,2023-01-03 18:00:00,615.2939275057064
68,2023-01-03 19:00:00,627.5684574426576
69,2023-01-03 20:00:00,600.9564921311892
70,2023-01-03 21:00:00,594.9879356951554
71,2023-01-03 22:00:00,621.5404272922029
72,2023-01-03 23:00:00,630.7913225112786
73,2023-01-04 00:00:00,617.394360061939
74,2023-01-04 01:00:00,647.5939404200216
75,2023-01-04 02:00:00,657.3295534192873
76,2023-01-04 03:00:00,638.0034439200048
77,2023-01-04 04:00:00,678.8813235786284
78,2023-01-04 05:00:00,649.9880335273795
79,2023-01-04 06:00:00,654.6664478765688
80,2023-01-04 07:00:00,636.4648043429485
81,2023-01-04 08:00:00,631.6624495209429
82,2023-01-04 09:00:00,663.5589827195329
83,2023-01-04 10:00:00,645.5489556271153
84,2023-01-04 11:00:00,644.4248441407242
85,2023-01-04 12:00:00,613.9392425683593
86,2023-01-04 13:00:00,616.4046228833038
87,2023-01-04 14:00:00,578.5055458449744
88,2023-01-04 15:00:00,648.3318885562377
89,2023-01-04 16:00:00,617.7090990474453
90,2023-01-04 17:00:00,636.2103662888949
91,2023-01-04 18:00:00,566.6408363410885
92,2023-01-04 19:00:00,575.7627599847149
93,2023-01-04 20:00:00,604.9897977460558
94,2023-01-04 21:00:00,640.1143404488931
95,2023-01-04 22:00:00,585.6567583043632
96,2023-01-04 23:00:00,671.1557838683897
97,2023-01-05 00:00:00,628.0231380590963
98,2023-01-05 01:00:00,627.4773193568004
99,2023-01-05 02:00:00,646.8451039110936
100,2023-01-05 03:00:00,657.0642214524768
101,2023-01-05 04:00:00,674.9740044091634
102,2023-01-05 05:00:00,601.2388705866845
103,2023-01-05 06:00:00,631.8667935987777
104,2023-01-05 07:00:00,594.3473251282063
105,2023-01-05 08:00:00,684.4581374881193
106,2023-01-05 09:00:00,620.6276589685826
107,2023-01-05 10:00:00,636.2196929889456
108,2023-01-05 11:00:00,632.4873565878004
109,2023-01-05 12:00:00,598.5834181332568
110,2023-01-05 13:00:00,599.5236225904404
111,2023-01-05 14:00:00,624.951725199646
112,2023-01-05 15:00:00,608.2475819575732
113,2023-01-05 16:00:00,588.0582841501562
114,2023-01-05 17:00:00,607.2889948243042
115,2023-01-05 18:00:00,582.1580844440577
116,2023-01-05 19:00:00,617.8879372945
117,2023-01-05 20:00:00,560.6632089199949
118,2023-01-05 21:00:00,622.9961038553216
119,2023-01-05 22:00:00,594.0499111463988
120,2023-01-05 23:00:00,689.5108904414394
121,2023-01-06 00:00:00,672.1947905545318
122,2023-01-06 01:00:00,619.732525364156
123,2023-01-06 02:00:00,635.2874149744376
124,2023-01-06 03:00:00,629.8324753160423
125,2023-01-06 04:00:00,621.6181101085854
126,2023-01-06 05:00:00,640.5275135387617
127,2023-01-06 06:00:00,678.1641362533064
128,2023-01-06 07:00:00,681.5026552647709
129,2023-01-06 08:00:00,635.8958542731555
130,2023-01-06 09:00:00,626.4112259972214
131,2023-01-06 10:00:00,688.8375606133742
132,2023-01-06 11:00:00,677.766007180916
133,2023-01-06 12:00:00,601.0333946501141
134,2023-01-06 13:00:00,699.1534744016413
135,2023-01-06 14:00:00,597.109081220875
136,2023-01-06 15:00:00,612.5004776380939
137,2023-01-06 16:00:00,646.8533858960612
138,2023-01-06 17:00:00,606.5549082669903
139,2023-01-06 18:00:00,612.2997008354578
140,2023-01-06 19:00:00,601.9546253117471
141,2023-01-06 20:00:00,623.9048982431941
142,2023-01-06 21:00:00,674.7633777338548
143,2023-01-06 22:00:00,632.8851527130626
144,2023-01-06 23:00:00,633.2524790113923
145,2023-01-07 00:00:00,616.7238403191669
146,2023-01-07 01:00:00,602.3413354435755
147,2023-01-07 02:00:00,588.6838253642522
148,2023-01-07 03:00:00,625.9211756122187
149,2023-01-07 04:00:00,641.0689664508319
150,2023-01-07 05:00:00,642.8310309873787
151,2023-01-07 06:00:00,689.9880755172071
152,2023-01-07 07:00:00,609.5603021172643
153,2023-01-07 08:00:00,633.7928680224134
154,2023-01-07 09:00:00,691.4224566334497
155,2023-01-07 10:00:00,569.2667919890025
156,2023-01-07 11:00:00,604.8346440153978
157,2023-01-07 12:00:00,623.2797417560877
158,2023-01-07 13:00:00,626.9456689020027
159,2023-01-07 14:00:00,574.2017580221573
160,2023-01-07 15:00:00,610.5323054572318
161,2023-01-07 16:00:00,609.2706711247323
162,2023-01-07 17:00:00,594.3692352482608
163,2023-01-07 18:00:00,564.2707535592488
164,2023-01-07 19:00:00,564.2424273368781
165,2023-01-07 20:00:00,557.8793371001399
166,2023-01-07 21:00:00,634.845688005053
167,2023-01-07 22:00:00,646.708667783058
168,2023-01-07 23:00:00,616.5738233971713
169,2023-01-08 00:00:00,635.9467674676445
170,2023-01-08 01:00:00,708.0778596300878
171,2023-01-08 02:00:00,645.2429945913938
172,2023-01-08 03:00:00,653.9937240391523
173,2023-01-08 04:00:00,648.421826012501
174,2023-01-08 05:00:00,684.5887892149424
175,2023-01-08 06:00:00,611.6688615934797
176,2023-01-08 07:00:00,642.9767752996476
177,2023-01-08 08:00:00,698.3290754215823
178,2023-01-08 09:00:00,628.9085146360085
179,2023-01-08 10:00:00,631.3190918302046
180,2023-01-08 11:00:00,595.2521688848856
181,2023-01-08 12:00:00,626.3002194588166
182,2023-01-08 13:00:00,586.5390210022923
183,2023-01-08 14:00:00,636.6426248822874
184,2023-01-08 15:00:00,619.4140611714764
185,2023-01-08 16:00:00,622.3929296703666
186,2023-01-08 17:00:00,642.8310521955545
187,2023-01-08 18:00:00,554.1547857900555
188,2023-01-08 19:00:00,670.1123634897465
189,2023-01-08 20:00:00,571.0162072830902
190,2023-01-08 21:00:00,659.2480514523758
191,2023-01-08 22:00:00,616.0930838557548
192,2023-01-08 23:00:00,634.5244872994438
193,2023-01-09 00:00:00,559.8602852188652
194,2023-01-09 01:00:00,643.4777496331554
195,2023-01-09 02:00:00,661.5581382389047
196,2023-01-09 03:00:00,641.6720606946352
197,2023-01-09 04:00:00,681.5191985149564
198,2023-01-09 05:00:00,679.4692267871163
199,2023-01-09 06:00:00,705.7192001485384
200,2023-01-09 07:00:00,623.4083490610327
201,2023-01-09 08:00:00,646.2050484532165
202,2023-01-09 09:00:00,607.6305591064096
203,2023-01-09 10:00:00,618.084099459485
204,2023-01-09 11:00:00,651.5169235375595
205,2023-01-09 12:00:00,628.9915610471681
206,2023-01-09 13:00:00,548.8542408223373
207,2023-01-09 14:00:00,638.1229966581105
208,2023-01-09 15:00:00,573.5933392871117
209,2023-01-09 16:00:00,605.895288562562
210,2023-01-09 17:00:00,578.9410871106729
211,2023-01-09 18:00:00,597.669565136191
212,2023-01-09 19:00:00,578.5338278849787
213,2023-01-09 20:00:00,575.4539710539203
214,2023-01-09 21:00:00,630.0660542337861
215,2023-01-09 22:00:00,569.0432585224046
216,2023-01-09 23:00:00,576.528386203759
217,2023-01-10 00:00:00,645.0947563403844
218,2023-01-10 01:00:00,632.2258661329586
219,2023-01-10 02:00:00,591.3171341362778
220,2023-01-10 03:00:00,696.6333182525442
221,2023-01-10 04:00:00,625.8015807281233
222,2023-01-10 05:00:00,665.1767706427032
223,2023-01-10 06:00:00,626.2262155203686
224,2023-01-10 07:00:00,636.9287137413658
225,2023-01-10 08:00:00,592.8759140076103
226,2023-01-10 09:00:00,607.2773899635588
227,2023-01-10 10:00:00,639.9236133568387
228,2023-01-10 11:00:00,661.9355105896683
229,2023-01-10 12:00:00,654.4177693729716
230,2023-01-10 13:00:00,602.7132235015781
231,2023-01-10 14:00:00,572.7972915791826
232,2023-01-10 15:00:00,642.1515191244048
233,2023-01-10 16:00:00,602.4792027415828
234,2023-01-10 17:00:00,533.4263405032524
235,2023-01-10 18:00:00,606.9609762464396
236,2023-01-10 19:00:00,574.5006942327946
237,2023-01-10 20:00:00,618.1244490861568
238,2023-01-10 21:00:00,596.4661900784582
239,2023-01-10 22:00:00,599.344187926266
240,2023-01-10 23:00:00,604.0004925000353
241,2023-01-11 00:00:00,681.1930363403824
242,2023-01-11 01:00:00,589.6286843374257
243,2023-01-11 02:00:00,655.3251874475479
244,2023-01-11 03:00:00,634.9291565901857
245,2023-01-11 04:00:00,609.6252119065673
246,2023-01-11 05:00:00,635.8230796840339
247,2023-01-11 06:00:00,629.3951351980995
248,2023-01-11 07:00:00,674.2904496587927
249,2023-01-11 08:00:00,664.3746684555525
250,2023-01-11 09:00:00,657.3331664576032
251,2023-01-11 10:00:00,609.840224178965
252,2023-01-11 11:00:00,615.2650101678646
253,2023-01-11 12:00:00,650.5774366786737
254,2023-01-11 13:00:00,618.0385221757733
255,2023-01-11 14:00:00,561.5887906909986
256,2023-01-11 15:00:00,606.7125833974965
257,2023-01-11 16:00:00,637.5192244716741
258,2023-01-11 17:00:00,609.3267744001765
259,2023-01-11 18:00:00,579.9964796560027
260,2023-01-11 19:00:00,608.0065943002129
261,2023-01-11 20:00:00,592.1214145524258
262,2023-01-11 21:00:00,630.7698700976647
263,2023-01-11 22:00:00,630.8630541438974
264,2023-01-11 23:00:00,637.9321915060001
265,2023-01-12 00:00:00,609.5655555614863
266,2023-01-12 01:00:00,623.046459559509
267,2023-01-12 02:00:00,692.2673876703321
268,2023-01-12 03:00:00,674.324291330253
269,2023-01-12 04:00:00,637.770522994591
270,2023-01-12 05:00:00,622.4574757702327
271,2023-01-12 06:00:00,630.4401345365641
272,2023-01-12 07:00:00,700.2396182930128
273,2023-01-12 08:00:00,627.7969797441224
274,2023-01-12 09:00:00,665.3322339020026
275,2023-01-12 10:00:00,596.681052230664
276,2023-01-12 11:00:00,609.3078758452468
277,2023-01-12 12:00:00,572.8145134469364
278,2023-01-12 13:00:00,582.1647360607541
279,2023-01-12 14:00:00,606.8615014638502
280,2023-01-12 15:00:00,594.7309818926658
281,2023-01-12 16:00:00,577.6323151897468
282,2023-01-12 17:00:00,548.6704810939418
283,2023-01-12 18:00:00,614.4644667514951
284,2023-01-12 19:00:00,584.3620327567395
285,2023-01-12 20:00:00,599.3191994959722
286,2023-01-12 21:00:00,618.4584058583614
287,2023-01-12 22:00:00,591.1588307113173
288,2023-01-12 23:00:00,629.1604311223822
289,2023-01-13 00:00:00,603.8652248886909
290,2023-01-13 01:00:00,629.8072073400473
291,2023-01-13 02:00:00,631.1766278139179
292,2023-01-13 03:00:00,680.1389352966788
293,2023-01-13 04:00:00,651.3917049923617
294,2023-01-13 05:00:00,608.2067451286327
295,2023-01-13 06:00:00,697.2905960319931
296,2023-01-13 07:00:00,711.0395163021399
297,2023-01-13 08:00:00,604.1011989211164
298,2023-01-13 09:00:00,639.7756294129975
299,2023-01-13 10:00:00,690.566220246899
300,2023-01-13 11:00:00,586.3823537524257
301,2023-01-13 12:00:00,650.4260372351482
302,2023-01-13 13:00:00,659.4200009638258
303,2023-01-13 14:00:00,573.840396627324
304,2023-01-13 15:00:00,613.7436013510218
305,2023-01-13 16:00:00,585.9205312900556
306,2023-01-13 17:00:00,586.2174835441656
307,2023-01-13 18:00:00,587.1748440727969
308,2023-01-13 19:00:00,574.9192853015152
309,2023-01-13 20:00:00,602.9458608849036
310,2023-01-13 21:00:00,615.0625253520606
311,2023-01-13 22:00:00,555.5722171468178
312,2023-01-13 23:00:00,658.8471433789052
313,2023-01-14 00:00:00,596.5164671255343
314,2023-01-14 01:00:00,669.6346525965286
315,2023-01-14 02:00:00,589.3768276219164
316,2023-01-14 03:00:00,604.612790592046
317,2023-01-14 04:00:00,673.9086211247702
318,2023-01-14 05:00:00,698.8745942834304
319,2023-01-14 06:00:00,654.9408796589745
320,2023-01-14 07:00:00,659.5693869129782
321,2023-01-14 08:00:00,623.3272393595024
322,2023-01-14 09:00:00,613.8500053425156
323,2023-01-14 10:00:00,637.0595352336626
324,2023-01-14 11:00:00,670.1082582141875
325,2023-01-14 12:00:00,585.4427118213662
326,2023-01-14 13:00:00,606.4949071841729
327,2023-01-14 14:00:00,639.7688844584618
328,2023-01-14 15:00:00,611.1206050380946
329,2023-01-14 16:00:00,610.1539070608578
330,2023-01-14 17:00:00,573.7056427816606
331,2023-01-14 18:00:00,594.738878673093
332,2023-01-14 19:00:00,612.4153495814364
333,2023-01-14 20:00:00,636.9359232337781
334,2023-01-14 21:00:00,592.8019638339398
335,2023-01-14 22:00:00,628.5529599325301
336,2023-01-14 23:00:00,644.0090022245029
337,2023-01-15 00:00:00,639.6494595492493
338,2023-01-15 01:00:00,679.002961466462
339,2023-01-15 02:00:00,657.8460757693227
340,2023-01-15 03:00:00,608.5059302450134
341,2023-01-15 04:00:00,670.1266400045055
342,2023-01-15 05:00:00,653.3136095887315
343,2023-01-15 06:00:00,652.5239832498493
344,2023-01-15 07:00:00,611.7943148780502
345,2023-01-15 08:00:00,624.8413810965319
346,2023-01-15 09:00:00,681.0431001009721
347,2023-01-15 10:00:00,580.8525985277184
348,2023-01-15 11:00:00,634.5570511311757
349,2023-01-15 12:00:00,653.1632152924999
350,2023-01-15 13:00:00,619.3924135671595
351,2023-01-15 14:00:00,618.1636979090667
352,2023-01-15 15:00:00,568.4101161635533
353,2023-01-15 16:00:00,591.9827801454289
354,2023-01-15 17:00:00,599.348489327161
355,2023-01-15 18:00:00,599.1644779643366
356,2023-01-15 19:00:00,649.5516307458813
357,2023-01-15 20:00:00,600.2427805243074
358,2023-01-15 21:00:00,634.1623347901361
359,2023-01-15 22:00:00,576.633021339307
360,2023-01-15 23:00:00,648.1527100724859
361,2023-01-16 00:00:00,653.360955382586
362,2023-01-16 01:00:00,561.8489110862465
363,2023-01-16 02:00:00,651.7351861103336
364,2023-01-16 03:00:00,652.2086786549243
365,2023-01-16 04:00:00,731.8732379154982
366,2023-01-16 05:00:00,670.6241380032667
367,2023-01-16 06:00:00,625.5016109504486
368,2023-01-16 07:00:00,670.2950101844568
369,2023-01-16 08:00:00,611.5740586593464
370,2023-01-16 09:00:00,614.1327034078192
371,2023-01-16 10:00:00,620.3022084087988
372,2023-01-16 11:00:00,571.7181659748641
373,2023-01-16 12:00:00,631.0625349641924
374,2023-01-16 13:00:00,636.0869810101633
375,2023-01-16 14:00:00,549.1553310580426
376,2023-01-16 15:00:00,564.942168170426
377,2023-01-16 16:00:00,630.5841746284979
378,2023-01-16 17:00:00,679.7655370900931
379,2023-01-16 18:00:00,616.9404842114706
380,2023-01-16 19:00:00,524.4833703542793
381,2023-01-16 20:00:00,633.9872651749149
382,2023-01-16 21:00:00,640.2075151158756
383,2023-01-16 22:00:00,630.5826576443624
384,2023-01-16 23:00:00,620.7391276561593
385,2023-01-17 00:00:00,597.0134220381407
386,2023-01-17 01:00:00,629.9029142388863
387,2023-01-17 02:00:00,630.606547929685
388,2023-01-17 03:00:00,670.7019971581484
389,2023-01-17 04:00:00,691.5127013978426
390,2023-01-17 05:00:00,635.55311008529
391,2023-01-17 06:00:00,651.2098445682784
392,2023-01-17 07:00:00,682.2437317132893
393,2023-01-17 08:00:00,632.4398971793661
394,2023-01-17 09:00:00,616.5343075960868
395,2023-01-17 10:00:00,607.5146379462416
396,2023-01-17 11:00:00,552.9151168423291
397,2023-01-17 12:00:00,609.0911414326863
398,2023-01-17 13:00:00,596.3047184747177
399,2023-01-17 14:00:00,574.0920491202804
400,2023-01-17 15:00:00,594.7128357297044
401,2023-01-17 16:00:00,650.2220834909435
402,2023-01-17 17:00:00,594.4824379286877
403,2023-01-17 18:00:00,600.1666726887639
404,2023-01-17 19:00:00,581.9413312359176
405,2023-01-17 20:00:00,574.1120452756186
406,2023-01-17 21:00:00,602.5612481752896
407,2023-01-17 22:00:00,617.1834490996641
408,2023-01-17 23:00:00,599.1488357776741
409,2023-01-18 00:00:00,612.1966493324317
410,2023-01-18 01:00:00,569.7589592932828
411,2023-01-18 02:00:00,583.7531523487808
412,2023-01-18 03:00:00,634.1786819002995
413,2023-01-18 04:00:00,635.5833168681003
414,2023-01-18 05:00:00,605.5500757978089
415,2023-01-18 06:00:00,661.7237938590658
416,2023-01-18 07:00:00,646.86808224765
417,2023-01-18 08:00:00,655.9189027599518
418,2023-01-18 09:00:00,652.7369095167729
419,2023-01-18 10:00:00,648.9697242037447
420,2023-01-18 11:00:00,617.3556861878751
421,2023-01-18 12:00:00,599.8158902857169
422,2023-01-18 13:00:00,538.4253314924906
423,2023-01-18 14:00:00,607.3650911465668
424,2023-01-18 15:00:00,600.5901036333354
425,2023-01-18 16:00:00,626.7798226915329
426,2023-01-18 17:00:00,581.223488772583
427,2023-01-18 18:00:00,595.4259874272399
428,2023-01-18 19:00:00,579.1901136655621
429,2023-01-18 20:00:00,599.0630871960444
430,2023-01-18 21:00:00,599.8439564252058
431,2023-01-18 22:00:00,632.6983807168509
432,2023-01-18 23:00:00,655.2530862371171
433,2023-01-19 00:00:00,608.0024168935995
434,2023-01-19 01:00:00,593.4699432616358
435,2023-01-19 02:00:00,656.747956416692
436,2023-01-19 03:00:00,585.358389682115
437,2023-01-19 04:00:00,656.2268050024794
438,2023-01-19 05:00:00,680.9242813033586
439,2023-01-19 06:00:00,660.358151434421
440,2023-01-19 07:00:00,622.2453101587025
441,2023-01-19 08:00:00,663.8527566534104
442,2023-01-19 09:00:00,574.7979227554738
443,2023-01-19 10:00:00,635.4206222521909
444,2023-01-19 11:00:00,643.6304630705987
445,2023-01-19 12:00:00,657.6361092104926
446,2023-01-19 13:00:00,608.0820451443041
447,2023-01-19 14:00:00,588.2066804012666
448,2023-01-19 15:00:00,604.6020722541181
449,2023-01-19 16:00:00,573.2186371422545
450,2023-01-19 17:00:00,582.0304199500217
451,2023-01-19 18:00:00,624.6788443761137
452,2023-01-19 19:00:00,633.1345089873571
453,2023-01-19 20:00:00,639.0069940089835
454,2023-01-19 21:00:00,598.4889623939256
455,2023-01-19 22:00:00,647.8364270545347
456,2023-01-19 23:00:00,674.1163995187139
457,2023-01-20 00:00:00,620.4451138510653
458,2023-01-20 01:00:00,612.3497242008918
459,2023-01-20 02:00:00,697.0358465559816
460,2023-01-20 03:00:00,700.1326567090832
461,2023-01-20 04:00:00,626.8081523889979
462,2023-01-20 05:00:00,608.0409898857515
463,2023-01-20 06:00:00,634.6506397537337
464,2023-01-20 07:00:00,640.9504682224386
465,2023-01-20 08:00:00,682.7655247250175
466,2023-01-20 09:00:00,638.4932426033376
467,2023-01-20 10:00:00,670.7161750911207
468,2023-01-20 11:00:00,641.7803549700981
469,2023-01-20 12:00:00,521.610702890566
470,2023-01-20 13:00:00,572.276335737504
471,2023-01-20 14:00:00,600.1281975657312
472,2023-01-20 15:00:00,642.0315859632138
473,2023-01-20 16:00:00,634.62232819116
474,2023-01-20 17:00:00,632.6501923293944
475,2023-01-20 18:00:00,588.2012680693807
476,2023-01-20 19:00:00,560.8232669641119
477,2023-01-20 20:00:00,613.9095437108487
478,2023-01-20 21:00:00,656.3785886253619
479,2023-01-20 22:00:00,596.9737894932462
480,2023-01-20 23:00:00,582.5171969486311
481,2023-01-21 00:00:00,568.4774077305698
482,2023-01-21 01:00:00,633.1940319387496
483,2023-01-21 02:00:00,640.5623449456319
484,2023-01-21 03:00:00,602.2491217684869
485,2023-01-21 04:00:00,664.4242014123099
486,2023-01-21 05:00:00,671.1886096272664
487,2023-01-21 06:00:00,629.169720666188
488,2023-01-21 07:00:00,637.4187728116233
489,2023-01-21 08:00:00,626.8859235475534
490,2023-01-21 09:00:00,652.336917158399
491,2023-01-21 10:00:00,587.9801731741018
492,2023-01-21 11:00:00,651.6143586889024
493,2023-01-21 12:00:00,590.912069352594
494,2023-01-21 13:00:00,605.0143521320095
495,2023-01-21 14:00:00,555.7387229317671
496,2023-01-21 15:00:00,521.677442914141
497,2023-01-21 16:00:00,543.9847126874513
498,2023-01-21 17:00:00,594.3814822923061
499,2023-01-21 18:00:00,590.5400956913448
500,2023-01-21 19:00:00,571.3503834071919
501,2023-01-21 20:00:00,552.4864551857941
502,2023-01-21 21:00:00,556.0182252130285
503,2023-01-21 22:00:00,555.006266217714
504,2023-01-21 23:00:00,628.1613381327654
505,2023-01-22 00:00:00,604.3954977277293
506,2023-01-22 01:00:00,641.3002995240616
507,2023-01-22 02:00:00,632.1985637674094
508,2023-01-22 03:00:00,660.3205082385864
509,2023-01-22 04:00:00,659.8605911248198
510,2023-01-22 05:00:00,624.0644733287878
511,2023-01-22 06:00:00,613.4603826812267
512,2023-01-22 07:00:00,649.3006403061617
513,2023-01-22 08:00:00,616.188021605909
514,2023-01-22 09:00:00,609.370064760626
515,2023-01-22 10:00:00,639.3351839705521
516,2023-01-22 11:00:00,615.0735788302939
517,2023-01-22 12:00:00,623.2582790556407
518,2023-01-22 13:00:00,610.1987479144361
519,2023-01-22 14:00:00,588.638284169102
520,2023-01-22 15:00:00,629.2093233496721
521,2023-01-22 16:00:00,582.9017659595049
522,2023-01-22 17:00:00,569.5742519849972
523,2023-01-22 18:00:00,573.2015744305298
524,2023-01-22 19:00:00,614.7845242645644
525,2023-01-22 20:00:00,585.7062652369775
526,2023-01-22 21:00:00,613.0976517506855
527,2023-01-22 22:00:00,653.3037913112158
528,2023-01-22 23:00:00,569.982122750636
529,2023-01-23 00:00:00,577.0389917111113
530,2023-01-23 01:00:00,625.865627972276
531,2023-01-23 02:00:00,602.1689308298031
532,2023-01-23 03:00:00,613.0463935006635
533,2023-01-23 04:00:00,604.4583544693018
534,2023-01-23 05:00:00,618.0122278683656
535,2023-01-23 06:00:00,696.1396233911116
536,2023-01-23 07:00:00,644.6260109417877
537,2023-01-23 08:00:00,619.6386627450876
538,2023-01-23 09:00:00,707.6612564337333
539,2023-01-23 10:00:00,609.824273040685
540,2023-01-23 11:00:00,654.1551111374051
541,2023-01-23 12:00:00,613.6733790435762
542,2023-01-23 13:00:00,597.9305019025585
543,2023-01-23 14:00:00,646.6697058069614
544,2023-01-23 15:00:00,659.4748571154245
545,2023-01-23 16:00:00,570.0749079970129
546,2023-01-23 17:00:00,614.3607806106231
547,2023-01-23 18:00:00,560.9140697423027
548,2023-01-23 19:00:00,539.6891597837848
549,2023-01-23 20:00:00,628.0918282816815
550,2023-01-23 21:00:00,611.8291786868741
551,2023-01-23 22:00:00,589.2106476073084
552,2023-01-23 23:00:00,571.1215882119799
553,2023-01-24 00:00:00,590.8849423543921
554,2023-01-24 01:00:00,620.1497317628
555,2023-01-24 02:00:00,664.3802863626399
556,2023-01-24 03:00:00,601.8400914035935
557,2023-01-24 04:00:00,675.3100102333682
558,2023-01-24 05:00:00,616.1520113152069
559,2023-01-24 06:00:00,611.2895231692033
560,2023-01-24 07:00:00,640.9653139928475
561,2023-01-24 08:00:00,628.4441709704212
562,2023-01-24 09:00:00,650.6523771872737
563,2023-01-24 10:00:00,630.9832588481564
564,2023-01-24 11:00:00,602.0428499723528
565,2023-01-24 12:00:00,637.4091159371452
566,2023-01-24 13:00:00,586.7120700957717
567,2023-01-24 14:00:00,628.8159737468541
568,2023-01-24 15:00:00,573.7983236320905
569,2023-01-24 16:00:00,563.0873763382566
570,2023-01-24 17:00:00,583.9688177829632
571,2023-01-24 18:00:00,627.9389636543483
572,2023-01-24 19:00:00,645.8611022264911
573,2023-01-24 20:00:00,641.9843695237554
574,2023-01-24 21:00:00,551.1188145611251
575,2023-01-24 22:00:00,581.5147527050472
576,2023-01-24 23:00:00,585.7469910269195
577,2023-01-25 00:00:00,629.7758181324065
578,2023-01-25 01:00:00,603.4132759972653
579,2023-01-25 02:00:00,614.0781432596837
580,2023-01-25 03:00:00,680.0676395041621
581,2023-01-25 04:00:00,637.7092848520837
582,2023-01-25 05:00:00,658.5001859430174
583,2023-01-25 06:00:00,575.7533344723605
584,2023-01-25 07:00:00,637.383558757348
585,2023-01-25 08:00:00,683.2979859468542
586,2023-01-25 09:00:00,650.2463395881498
587,2023-01-25 10:00:00,577.1298299492138
588,2023-01-25 11:00:00,642.5638892828518
589,2023-01-25 12:00:00,629.4182635860532
590,2023-01-25 13:00:00,606.6227803338328
591,2023-01-25 14:00:00,565.4701082314075
592,2023-01-25 15:00:00,593.6296867653135
593,2023-01-25 16:00:00,577.2128967714389
594,2023-01-25 17:00:00,586.1326026869141
595,2023-01-25 18:00:00,600.5295300235452
596,2023-01-25 19:00:00,604.1648696553669
597,2023-01-25 20:00:00,565.6807457672844
598,2023-01-25 21:00:00,618.5330085401353
599,2023-01-25 22:00:00,570.33562604592
600,2023-01-25 23:00:00,656.2618113598185
601,2023-01-26 00:00:00,642.6780463006602
602,2023-01-26 01:00:00,613.3469269818331
603,2023-01-26 02:00:00,616.7592619975713
604,2023-01-26 03:00:00,636.2813580082206
605,2023-01-26 04:00:00,611.6791283679657
606,2023-01-26 05:00:00,638.306463400775
607,2023-01-26 06:00:00,661.9767963716288
608,2023-01-26 07:00:00,605.2859422961878
609,2023-01-26 08:00:00,610.1551762507698
610,2023-01-26 09:00:00,650.3061549730224
611,2023-01-26 10:00:00,620.1803007569962
612,2023-01-26 11:00:00,631.2573353542859
613,2023-01-26 12:00:00,609.1351455039211
614,2023-01-26 13:00:00,562.2279470465874
615,2023-01-26 14:00:00,596.861703944944
616,2023-01-26 15:00:00,590.4251974447357
617,2023-01-26 16:00:00,581.9530457467176
618,2023-01-26 17:00:00,596.8675842531251
619,2023-01-26 18:00:00,580.2184541821168
620,2023-01-26 19:00:00,612.3387378217212
621,2023-01-26 20:00:00,635.3248636608587
622,2023-01-26 21:00:00,622.1617786777
623,2023-01-26 22:00:00,613.6800536362562
624,2023-01-26 23:00:00,616.6155250508434
625,2023-01-27 00:00:00,640.3529088191291
626,2023-01-27 01:00:00,603.4792655986471
627,2023-01-27 02:00:00,615.3095854371777
628,2023-01-27 03:00:00,641.2451027807483
629,2023-01-27 04:00:00,680.9092096073006
630,2023-01-27 05:00:00,679.6189872476209
631,2023-01-27 06:00:00,698.9744143446862
632,2023-01-27 07:00:00,628.8746024106301
633,2023-01-27 08:00:00,639.8031521491471
634,2023-01-27 09:00:00,664.4906091652812
635,2023-01-27 10:00:00,635.8575116213347
636,2023-01-27 11:00:00,582.530627554178
637,2023-01-27 12:00:00,639.9047195070592
638,2023-01-27 13:00:00,619.7398398426693
639,2023-01-27 14:00:00,594.0344283772015
640,2023-01-27 15:00:00,552.3746720196501
641,2023-01-27 16:00:00,621.7011825955097
642,2023-01-27 17:00:00,573.5477199227087
643,2023-01-27 18:00:00,569.7519107147752
644,2023-01-27 19:00:00,577.1953623955083
645,2023-01-27 20:00:00,657.29893034154
646,2023-01-27 21:00:00,581.9110997229202
647,2023-01-27 22:00:00,592.1701871257593
648,2023-01-27 23:00:00,626.8908922090958
649,2023-01-28 00:00:00,649.1941800295798
650,2023-01-28 01:00:00,639.5253363320387
651,2023-01-28 02:00:00,628.1036181620892
652,2023-01-28 03:00:00,615.649736106455
653,2023-01-28 04:00:00,619.2826843414416
654,2023-01-28 05:00:00,596.2942636895737
655,2023-01-28 06:00:00,666.3439291279177
656,2023-01-28 07:00:00,654.1050982314415
657,2023-01-28 08:00:00,695.8108193403411
658,2023-01-28 09:00:00,681.7940337084257
659,2023-01-28 10:00:00,671.5775672309306
660,2023-01-28 11:00:00,585.8061222818241
661,2023-01-28 12:00:00,636.2619436938166
662,2023-01-28 13:00:00,610.146956726473
663,2023-01-28 14:00:00,584.3835582766698
664,2023-01-28 15:00:00,601.0394483475314
665,2023-01-28 16:00:00,550.0808650301251
666,2023-01-28 17:00:00,572.1244434681494
667,2023-01-28 18:00:00,547.3412666207857
668,2023-01-28 19:00:00,571.487793149192
669,2023-01-28 20:00:00,644.6433082465329
670,2023-01-28 21:00:00,655.9068950573597
671,2023-01-28 22:00:00,639.447652925043
672,2023-01-28 23:00:00,613.9394495326329
673,2023-01-29 00:00:00,608.3925867197486
674,2023-01-29 01:00:00,627.9912832107532
675,2023-01-29 02:00:00,618.7793726320788
676,2023-01-29 03:00:00,615.9732300977536
677,2023-01-29 04:00:00,635.4958742384961
678,2023-01-29 05:00:00,600.1555483468986
679,2023-01-29 06:00:00,644.5237859592545
680,2023-01-29 07:00:00,659.7185295420257
681,2023-01-29 08:00:00,602.8793820153497
682,2023-01-29 09:00:00,640.9025011366597
683,2023-01-29 10:00:00,627.1245993424618
684,2023-01-29 11:00:00,637.3056612030528
685,2023-01-29 12:00:00,559.411502026865
686,2023-01-29 13:00:00,605.6375834695026
687,2023-01-29 14:00:00,569.0940585601924
688,2023-01-29 15:00:00,528.6596930018718
689,2023-01-29 16:00:00,597.3453903068638
690,2023-01-29 17:00:00,594.70513351814
691,2023-01-29 18:00:00,613.1103424832379
692,2023-01-29 19:00:00,553.4149094286968
693,2023-01-29 20:00:00,614.9905443751703
694,2023-01-29 21:00:00,615.1598278147644
695,2023-01-29 22:00:00,607.7216853046492
696,2023-01-29 23:00:00,648.4225927617055
697,2023-01-30 00:00:00,640.9825718109777
698,2023-01-30 01:00:00,637.6438878426251
699,2023-01-30 02:00:00,654.4099240557737
700,2023-01-30 03:00:00,656.409321381756
701,2023-01-30 04:00:00,605.3453894551419
702,2023-01-30 05:00:00,611.9147676973317
703,2023-01-30 06:00:00,630.5319259940808
704,2023-01-30 07:00:00,626.8913616098223
705,2023-01-30 08:00:00,634.7181384984682
706,2023-01-30 09:00:00,649.1120893586948
707,2023-01-30 10:00:00,619.846303293443
708,2023-01-30 11:00:00,594.7919712633974
709,2023-01-30 12:00:00,568.923181085933
710,2023-01-30 13:00:00,666.4348313924742
711,2023-01-30 14:00:00,614.7883579328318
712,2023-01-30 15:00:00,562.0427550069008
713,2023-01-30 16:00:00,591.2235447009563
714,2023-01-30 17:00:00,609.2098236525925
715,2023-01-30 18:00:00,564.9457757487658
716,2023-01-30 19:00:00,584.8773344190288
717,2023-01-30 20:00:00,589.6351198172903
718,2023-01-30 21:00:00,629.8563718071766
719,2023-01-30 22:00:00,605.3183418808649
720,2023-01-30 23:00:00,636.4503542508073
721,2023-01-31 00:00:00,571.4434122973686
722,2023-01-31 01:00:00,644.0155142788142
723,2023-01-31 02:00:00,657.5582521027916
724,2023-01-31 03:00:00,623.6964464661352
725,2023-01-31 04:00:00,648.6394756454382
726,2023-01-31 05:00:00,644.3213078370468
727,2023-01-31 06:00:00,656.7454071812751
728,2023-01-31 07:00:00,623.4739175539491
729,2023-01-31 08:00:00,647.7211650505965
730,2023-01-31 09:00:00,647.9179011416819
731,2023-01-31 10:00:00,606.149226471955
732,2023-01-31 11:00:00,661.5255984818721
733,2023-01-31 12:00:00,661.9122755082669
734,2023-01-31 13:00:00,608.1060758803401
735,2023-01-31 14:00:00,553.6599480494218
736,2023-01-31 15:00:00,601.7542132645277
737,2023-01-31 16:00:00,619.5805268763182
738,2023-01-31 17:00:00,625.0022631403739
739,2023-01-31 18:00:00,600.78033096014
740,2023-01-31 19:00:00,628.5891460903915
741,2023-01-31 20:00:00,613.6919348730539
742,2023-01-31 21:00:00,553.8933979119157
743,2023-01-31 22:00:00,562.3900636336798
744,2023-01-31 23:00:00,586.4513619289813
745,2023-02-01 00:00:00,596.3133090573274
746,2023-02-01 01:00:00,665.025508823162
747,2023-02-01 02:00:00,623.3087110604454
748,2023-02-01 03:00:00,658.725862283401
749,2023-02-01 04:00:00,630.5655703847358
750,2023-02-01 05:00:00,647.5613310944383
751,2023-02-01 06:00:00,644.7144519229818
752,2023-02-01 07:00:00,662.5851786082791
753,2023-02-01 08:00:00,686.905116529414
754,2023-02-01 09:00:00,615.943491920353
755,2023-02-01 10:00:00,598.0719599078079
756,2023-02-01 11:00:00,661.6931004760332
757,2023-02-01 12:00:00,621.3625876612015
758,2023-02-01 13:00:00,597.7703399254366
759,2023-02-01 14:00:00,581.9590091282208
760,2023-02-01 15:00:00,578.2465999772231
761,2023-02-01 16:00:00,616.4073126025461
762,2023-02-01 17:00:00,642.9599666559795
763,2023-02-01 18:00:00,537.1168321629364
764,2023-02-01 19:00:00,588.4983052924548
765,2023-02-01 20:00:00,543.7122200547601
766,2023-02-01 21:00:00,549.5618127593859
767,2023-02-01 22:00:00,617.6398498799065
768,2023-02-01 23:00:00,592.0015400137088
769,2023-02-02 00:00:00,590.7186596715499
770,2023-02-02 01:00:00,667.150651944092
771,2023-02-02 02:00:00,634.229182658481
772,2023-02-02 03:00:00,586.2662374987369
773,2023-02-02 04:00:00,618.8129291003196
774,2023-02-02 05:00:00,637.3732990887453
775,2023-02-02 06:00:00,624.3326094184512
776,2023-02-02 07:00:00,638.2294311804903
777,2023-02-02 08:00:00,696.6284697315372
778,2023-02-02 09:00:00,613.1872915522252
779,2023-02-02 10:00:00,594.6898218871977
780,2023-02-02 11:00:00,598.9127326384831
781,2023-02-02 12:00:00,584.3996371280688
782,2023-02-02 13:00:00,608.9399284929002
783,2023-02-02 14:00:00,587.971079423555
784,2023-02-02 15:00:00,592.2111564414529
785,2023-02-02 16:00:00,614.8670514100573
786,2023-02-02 17:00:00,597.7705052810768
787,2023-02-02 18:00:00,558.8379945463062
788,2023-02-02 19:00:00,598.31181881562
789,2023-02-02 20:00:00,593.1368148316491
790,2023-02-02 21:00:00,625.4932661543157
791,2023-02-02 22:00:00,565.8998204162349
792,2023-02-02 23:00:00,576.94052910559
793,2023-02-03 00:00:00,645.963485265311
794,2023-02-03 01:00:00,597.4799966649966
795,2023-02-03 02:00:00,623.3628139543673
796,2023-02-03 03:00:00,673.5730060711259
797,2023-02-03 04:00:00,619.0688780011878
798,2023-02-03 05:00:00,656.7319333848938
799,2023-02-03 06:00:00,664.5141967706675
800,2023-02-03 07:00:00,678.7253556733549
801,2023-02-03 08:00:00,653.858974292517
802,2023-02-03 09:00:00,556.2750032231563
803,2023-02-03 10:00:00,584.397915247605
804,2023-02-03 11:00:00,610.6178627814177
805,2023-02-03 12:00:00,599.1061634682391
806,2023-02-03 13:00:00,570.3267470788714
807,2023-02-03 14:00:00,562.941501785409
808,2023-02-03 15:00:00,584.920079488536
809,2023-02-03 16:00:00,627.7208888308068
810,2023-02-03 17:00:00,638.602462242418
811,2023-02-03 18:00:00,649.2020180010745
812,2023-02-03 19:00:00,598.0905746295689
813,2023-02-03 20:00:00,604.4993315384486
814,2023-02-03 21:00:00,654.4138144419586
815,2023-02-03 22:00:00,521.4678767487137
816,2023-02-03 23:00:00,596.2765258088567
817,2023-02-04 00:00:00,625.2601102544088
818,2023-02-04 01:00:00,586.6541347451403
819,2023-02-04 02:00:00,590.6878691260405
820,2023-02-04 03:00:00,633.8422717207956
821,2023-02-04 04:00:00,605.2339370583949
822,2023-02-04 05:00:00,666.7697269004623
823,2023-02-04 06:00:00,662.7114769468477
824,2023-02-04 07:00:00,659.1811743435809
825,2023-02-04 08:00:00,653.467325286629
826,2023-02-04 09:00:00,609.6553472761153
827,2023-02-04 10:00:00,648.3640843877763
828,2023-02-04 11:00:00,610.7624306475393
829,2023-02-04 12:00:00,622.0707554434185
830,2023-02-04 13:00:00,598.9057085201771
831,2023-02-04 14:00:00,566.1168150415355
832,2023-02-04 15:00:00,596.0414875501145
833,2023-02-04 16:00:00,577.2421102956632
834,2023-02-04 17:00:00,601.6825227803502
835,2023-02-04 18:00:00,564.0239321070698
836,2023-02-04 19:00:00,550.1618789494489
837,2023-02-04 20:00:00,633.2691048848186
838,2023-02-04 21:00:00,649.1807957081899
839,2023-02-04 22:00:00,606.513533976442
840,2023-02-04 23:00:00,578.11721935089
841,2023-02-05 00:00:00,595.5768469294634
842,2023-02-05 01:00:00,481.33524963955335
843,2023-02-05 02:00:00,614.127819090845
844,2023-02-05 03:00:00,661.3812989057311
845,2023-02-05 04:00:00,581.8845638998193
846,2023-02-05 05:00:00,619.0750007206326
847,2023-02-05 06:00:00,630.1251656235099
848,2023-02-05 07:00:00,638.8551987283175
849,2023-02-05 08:00:00,624.3352990880478
850,2023-02-05 09:00:00,595.2229840165177
851,2023-02-05 10:00:00,576.3140730171265
852,2023-02-05 11:00:00,601.3453027651038
853,2023-02-05 12:00:00,626.3833069384895
854,2023-02-05 13:00:00,650.0150143486949
855,2023-02-05 14:00:00,611.8795805636083
856,2023-02-05 15:00:00,567.2644972067164
857,2023-02-05 16:00:00,562.3257265903633
858,2023-02-05 17:00:00,548.3680112646031
859,2023-02-05 18:00:00,599.9585797428748
860,2023-02-05 19:00:00,647.3768043424745
861,2023-02-05 20:00:00,631.0882712899901
862,2023-02-05 21:00:00,626.1952335598419
863,2023-02-05 22:00:00,526.9451109727158
864,2023-02-05 23:00:00,619.6260216273146
865,2023-02-06 00:00:00,575.1836314700437
866,2023-02-06 01:00:00,555.5906823735099
867,2023-02-06 02:00:00,622.8084364368844
868,2023-02-06 03:00:00,611.2847013776098
869,2023-02-06 04:00:00,632.0044214434452
870,2023-02-06 05:00:00,668.3307906972592
871,2023-02-06 06:00:00,607.4996574450805
872,2023-02-06 07:00:00,642.2325275381887
873,2023-02-06 08:00:00,600.2378967744086
874,2023-02-06 09:00:00,614.5606417082975
875,2023-02-06 10:00:00,608.5536175707665
876,2023-02-06 11:00:00,623.8242266098785
877,2023-02-06 12:00:00,561.1992619112533
878,2023-02-06 13:00:00,591.480534853379
879,2023-02-06 14:00:00,574.8820514413947
880,2023-02-06 15:00:00,617.2192218663489
881,2023-02-06 16:00:00,615.3947991682096
882,2023-02-06 17:00:00,533.2941594869703
883,2023-02-06 18:00:00,589.3568201179488
884,2023-02-06 19:00:00,592.5930326275889
885,2023-02-06 20:00:00,630.1894544785881
886,2023-02-06 21:00:00,586.027913017142
887,2023-02-06 22:00:00,600.9098794181363
888,2023-02-06 23:00:00,672.8785324889333
889,2023-02-07 00:00:00,660.3085884594816
890,2023-02-07 01:00:00,662.257144797694
891,2023-02-07 02:00:00,628.1096338485852
892,2023-02-07 03:00:00,637.8623667299277
893,2023-02-07 04:00:00,666.4597834138243
894,2023-02-07 05:00:00,660.5229123375108
895,2023-02-07 06:00:00,610.4594991245601
896,2023-02-07 07:00:00,661.7630727358461
897,2023-02-07 08:00:00,653.6664694496453
898,2023-02-07 09:00:00,619.9011586964175
899,2023-02-07 10:00:00,627.4306025455659
900,2023-02-07 11:00:00,610.0023941455198
901,2023-02-07 12:00:00,629.0976035932902
902,2023-02-07 13:00:00,586.6794560719146
903,2023-02-07 14:00:00,605.072397282823
904,2023-02-07 15:00:00,625.8878356437788
905,2023-02-07 16:00:00,565.9299619498971
906,2023-02-07 17:00:00,570.8470405949694
907,2023-02-07 18:00:00,548.9336137280817
908,2023-02-07 19:00:00,605.3434195184994
909,2023-02-07 20:00:00,641.1833281188349
910,2023-02-07 21:00:00,574.2063443793584
911,2023-02-07 22:00:00,555.9225112791027
912,2023-02-07 23:00:00,558.6601100302983
913,2023-02-08 00:00:00,623.3742462536865
914,2023-02-08 01:00:00,682.0598881557098
915,2023-02-08 02:00:00,641.321310575707
916,2023-02-08 03:00:00,633.5651694581601
917,2023-02-08 04:00:00,655.8293896929454
918,2023-02-08 05:00:00,639.1597497026424
919,2023-02-08 06:00:00,606.4232934621116
920,2023-02-08 07:00:00,577.7182766930209
921,2023-02-08 08:00:00,643.9695253075519
922,2023-02-08 09:00:00,612.5166468945843
923,2023-02-08 10:00:00,643.0959898554394
924,2023-02-08 11:00:00,624.5435653913215
925,2023-02-08 12:00:00,593.8380893299702
926,2023-02-08 13:00:00,566.686781046735
927,2023-02-08 14:00:00,593.527697177803
928,2023-02-08 15:00:00,583.3635141952534
929,2023-02-08 16:00:00,565.7461095459427
930,2023-02-08 17:00:00,566.3610986105142
931,2023-02-08 18:00:00,576.01014112859
932,2023-02-08 19:00:00,609.1013607662804
933,2023-02-08 20:00:00,527.3362457212745
934,2023-02-08 21:00:00,544.6149847530659
935,2023-02-08 22:00:00,620.7047558391992
936,2023-02-08 23:00:00,627.7882943995479
937,2023-02-09 00:00:00,605.9744332274528
938,2023-02-09 01:00:00,622.882340003568
939,2023-02-09 02:00:00,568.4485774362472
940,2023-02-09 03:00:00,651.377926010514
941,2023-02-09 04:00:00,641.5042603203739
942,2023-02-09 05:00:00,612.4758116325555
943,2023-02-09 06:00:00,636.5955554217426
944,2023-02-09 07:00:00,658.2761077766197
945,2023-02-09 08:00:00,621.8223935580188
946,2023-02-09 09:00:00,589.419356493225
947,2023-02-09 10:00:00,551.9398396056238
948,2023-02-09 11:00:00,640.3619509161622
949,2023-02-09 12:00:00,607.2916651446438
950,2023-02-09 13:00:00,583.516930562051
951,2023-02-09 14:00:00,590.4431867748187
952,2023-02-09 15:00:00,593.8505417398896
953,2023-02-09 16:00:00,551.3799776911526
954,2023-02-09 17:00:00,584.507914692594
955,2023-02-09 18:00:00,607.1679313522061
956,2023-02-09 19:00:00,628.2505458683509
957,2023-02-09 20:00:00,613.2551620447366
958,2023-02-09 21:00:00,602.2079522122673
959,2023-02-09 22:00:00,575.6236932508359
960,2023-02-09 23:00:00,662.1494842841796
961,2023-02-10 00:00:00,630.8524692569965
962,2023-02-10 01:00:00,643.0940376726977
963,2023-02-10 02:00:00,582.5039695346265
964,2023-02-10 03:00:00,589.5690795855189
965,2023-02-10 04:00:00,667.6221797850104
966,2023-02-10 05:00:00,686.728484165114
967,2023-02-10 06:00:00,620.2738464930985
968,2023-02-10 07:00:00,644.986855131768
969,2023-02-10 08:00:00,634.7224786905058
970,2023-02-10 09:00:00,568.0534254152038
971,2023-02-10 10:00:00,658.6375276030404
972,2023-02-10 11:00:00,615.2720614947651
973,2023-02-10 12:00:00,635.5403957353111
974,2023-02-10 13:00:00,579.3490262929386
975,2023-02-10 14:00:00,618.7965045346375
976,2023-02-10 15:00:00,532.329777799764
977,2023-02-10 16:00:00,543.9265234957991
978,2023-02-10 17:00:00,581.7342119775464
979,2023-02-10 18:00:00,558.4849769606882
980,2023-02-10 19:00:00,599.0008764111728
981,2023-02-10 20:00:00,607.4667092768096
982,2023-02-10 21:00:00,596.8464385512743
983,2023-02-10 22:00:00,600.7277398650253
984,2023-02-10 23:00:00,605.5349550751585
985,2023-02-11 00:00:00,582.4356799237963
986,2023-02-11 01:00:00,515.2257091458257
987,2023-02-11 02:00:00,615.4890296279908
988,2023-02-11 03:00:00,637.7730560538041
989,2023-02-11 04:00:00,606.4864848801535
990,2023-02-11 05:00:00,692.7964803456786
991,2023-02-11 06:00:00,585.3449307055967
992,2023-02-11 07:00:00,667.1480633158397
993,2023-02-11 08:00:00,639.7745272916062
994,2023-02-11 09:00:00,676.8178239693833
995,2023-02-11 10:00:00,593.0816685345791
996,2023-02-11 11:00:00,598.0853644850729
997,2023-02-11 12:00:00,608.5765249572115
998,2023-02-11 13:00:00,596.9197400616417
999,2023-02-11 14:00:00,583.3286673469908
1000,2023-02-11 15:00:00,581.6391387543175
1001,2023-02-11 16:00:00,595.9993033545127
1002,2023-02-11 17:00:00,628.6173553441386
1003,2023-02-11 18:00:00,560.0260909037844
1004,2023-02-11 19:00:00,574.3862145398127
1005,2023-02-11 20:00:00,620.9268606115938
1006,2023-02-11 21:00:00,584.0509170124042
1007,2023-02-11 22:00:00,555.2110168803068
1008,2023-02-11 23:00:00,598.0181924952918
1009,2023-02-12 00:00:00,575.7849216624309
1010,2023-02-12 01:00:00,608.5736317618364
1011,2023-02-12 02:00:00,608.2523915977267
1012,2023-02-12 03:00:00,656.1026304414889
1013,2023-02-12 04:00:00,619.7237111413162
1014,2023-02-12 05:00:00,645.4945795919447
1015,2023-02-12 06:00:00,663.4402268052418
1016,2023-02-12 07:00:00,613.2670685672687
1017,2023-02-12 08:00:00,589.7169249582184
1018,2023-02-12 09:00:00,583.7003984069603
1019,2023-02-12 10:00:00,574.5608734025941
1020,2023-02-12 11:00:00,608.6204498427919
1021,2023-02-12 12:00:00,592.5664833599479
1022,2023-02-12 13:00:00,595.4381442100755
1023,2023-02-12 14:00:00,594.462777326714
1024,2023-02-12 15:00:00,549.3617942617888
1025,2023-02-12 16:00:00,600.751513895209
1026,2023-02-12 17:00:00,615.0617138474712
1027,2023-02-12 18:00:00,578.6793766685548
1028,2023-02-12 19:00:00,579.8333509479016
1029,2023-02-12 20:00:00,652.9128709800625
1030,2023-02-12 21:00:00,585.8046798711297
1031,2023-02-12 22:00:00,605.7490875844475
1032,2023-02-12 23:00:00,584.1075508906854
1033,2023-02-13 00:00:00,612.3020280308864
1034,2023-02-13 01:00:00,597.4939397494555
1035,2023-02-13 02:00:00,678.1165686013322
1036,2023-02-13 03:00:00,593.1459980135686
1037,2023-02-13 04:00:00,619.74916841504
1038,2023-02-13 05:00:00,667.2699703503009
1039,2023-02-13 06:00:00,604.3055430826046
1040,2023-02-13 07:00:00,611.5308729672206
1041,2023-02-13 08:00:00,600.3645771059373
1042,2023-02-13 09:00:00,603.7672188400302
1043,2023-02-13 10:00:00,673.0011936950659
1044,2023-02-13 11:00:00,589.7541089255776
1045,2023-02-13 12:00:00,530.3329788564329
1046,2023-02-13 13:00:00,582.2861916235121
1047,2023-02-13 14:00:00,549.0686521639865
1048,2023-02-13 15:00:00,574.483586161371
1049,2023-02-13 16:00:00,498.8599750376957
1050,2023-02-13 17:00:00,573.1964431610694
1051,2023-02-13 18:00:00,595.3950843929915
1052,2023-02-13 19:00:00,557.2152977870794
1053,2023-02-13 20:00:00,611.5506850778881
1054,2023-02-13 21:00:00,649.4760048920253
1055,2023-02-13 22:00:00,592.3481189441657
1056,2023-02-13 23:00:00,633.1934184892289
1057,2023-02-14 00:00:00,658.1463469441647
1058,2023-02-14 01:00:00,662.6287886091303
1059,2023-02-14 02:00:00,639.0451456672693
1060,2023-02-14 03:00:00,605.0750597090594
1061,2023-02-14 04:00:00,650.9469815056302
1062,2023-02-14 05:00:00,643.597973873149
1063,2023-02-14 06:00:00,645.944268126747
1064,2023-02-14 07:00:00,628.7364864973019
1065,2023-02-14 08:00:00,601.7361504359858
1066,2023-02-14 09:00:00,621.4192894950075
1067,2023-02-14 10:00:00,619.6638515229646
1068,2023-02-14 11:00:00,634.5105669592643
1069,2023-02-14 12:00:00,588.4556954264093
1070,2023-02-14 13:00:00,634.4613222178598
1071,2023-02-14 14:00:00,542.9449411999174
1072,2023-02-14 15:00:00,598.2939713491105
1073,2023-02-14 16:00:00,606.9954687770653
1074,2023-02-14 17:00:00,582.6320635562145
1075,2023-02-14 18:00:00,578.3839163349741
1076,2023-02-14 19:00:00,581.8899946156112
1077,2023-02-14 20:00:00,604.119928844801
1078,2023-02-14 21:00:00,603.5653810991682
1079,2023-02-14 22:00:00,584.2995664376926
1080,2023-02-14 23:00:00,570.3450560890149
1081,2023-02-15 00:00:00,616.425339338658
1082,2023-02-15 01:00:00,581.5461103883931
1083,2023-02-15 02:00:00,634.7359817489247
1084,2023-02-15 03:00:00,648.6260517375794
1085,2023-02-15 04:00:00,608.8446173320565
1086,2023-02-15 05:00:00,559.5095420999752
1087,2023-02-15 06:00:00,678.8161324467451
1088,2023-02-15 07:00:00,564.6076416210028
1089,2023-02-15 08:00:00,583.9950938365978
1090,2023-02-15 09:00:00,617.0996673085218
1091,2023-02-15 10:00:00,665.5272273348093
1092,2023-02-15 11:00:00,585.7008594535381
1093,2023-02-15 12:00:00,581.4651276130896
1094,2023-02-15 13:00:00,574.4475111477036
1095,2023-02-15 14:00:00,578.1362475101965
1096,2023-02-15 15:00:00,551.6282895524117
1097,2023-02-15 16:00:00,641.6701328141121
1098,2023-02-15 17:00:00,571.3029275907655
1099,2023-02-15 18:00:00,586.5839131215959
1100,2023-02-15 19:00:00,540.2486791292498
1101,2023-02-15 20:00:00,556.4333488915127
1102,2023-02-15 21:00:00,615.2758513873288
1103,2023-02-15 22:00:00,607.9720200096747
1104,2023-02-15 23:00:00,589.5352820588934
1105,2023-02-16 00:00:00,618.6967665049267
1106,2023-02-16 01:00:00,619.6271954666879
1107,2023-02-16 02:00:00,651.6013528201821
1108,2023-02-16 03:00:00,610.9046994786962
1109,2023-02-16 04:00:00,586.8353033860603
1110,2023-02-16 05:00:00,596.6968015544296
1111,2023-02-16 06:00:00,629.1248334393229
1112,2023-02-16 07:00:00,633.9855265031368
1113,2023-02-16 08:00:00,592.9721328913686
1114,2023-02-16 09:00:00,608.2435457042864
1115,2023-02-16 10:00:00,639.5022405193564
1116,2023-02-16 11:00:00,606.7615935771602
1117,2023-02-16 12:00:00,599.6701261654167
1118,2023-02-16 13:00:00,620.0411440471547
1119,2023-02-16 14:00:00,578.080765374015
1120,2023-02-16 15:00:00,544.676722789055
1121,2023-02-16 16:00:00,567.0702918831553
1122,2023-02-16 17:00:00,532.4150531509096
1123,2023-02-16 18:00:00,565.0014779824985
1124,2023-02-16 19:00:00,529.7357594351063
1125,2023-02-16 20:00:00,588.9196108451804
1126,2023-02-16 21:00:00,560.3664869280683
1127,2023-02-16 22:00:00,568.2044639477514
1128,2023-02-16 23:00:00,555.308076302312
1129,2023-02-17 00:00:00,585.1661442606219
1130,2023-02-17 01:00:00,576.5582200532913
1131,2023-02-17 02:00:00,630.5329155177939
1132,2023-02-17 03:00:00,577.3604063137797
1133,2023-02-17 04:00:00,612.4671220227751
1134,2023-02-17 05:00:00,641.0381200696202
1135,2023-02-17 06:00:00,641.796189473438
1136,2023-02-17 07:00:00,549.2201878425963
1137,2023-02-17 08:00:00,623.9320835335689
1138,2023-02-17 09:00:00,605.0109802644049
1139,2023-02-17 10:00:00,586.6256336266167
1140,2023-02-17 11:00:00,625.2523842496594
1141,2023-02-17 12:00:00,601.8101987724212
1142,2023-02-17 13:00:00,625.1770297521252
1143,2023-02-17 14:00:00,559.861411996109
1144,2023-02-17 15:00:00,525.8976823362789
1145,2023-02-17 16:00:00,539.327711483336
1146,2023-02-17 17:00:00,603.366438442727
1147,2023-02-17 18:00:00,619.2873750983674
1148,2023-02-17 19:00:00,519.0194644895785
1149,2023-02-17 20:00:00,624.8200493346081
1150,2023-02-17 21:00:00,602.0254345113473
1151,2023-02-17 22:00:00,551.6181676804796
1152,2023-02-17 23:00:00,597.7977319966723
1153,2023-02-18 00:00:00,550.2816340327755
1154,2023-02-18 01:00:00,576.8723706901975
1155,2023-02-18 02:00:00,626.2814073150448
1156,2023-02-18 03:00:00,613.7120005615917
1157,2023-02-18 04:00:00,670.9286149455968
1158,2023-02-18 05:00:00,635.0544634153011
1159,2023-02-18 06:00:00,639.6840181252309
1160,2023-02-18 07:00:00,682.9145178834139
1161,2023-02-18 08:00:00,650.2284910621457
1162,2023-02-18 09:00:00,621.3699667840615
1163,2023-02-18 10:00:00,606.8398892932287
1164,2023-02-18 11:00:00,636.7869579836205
1165,2023-02-18 12:00:00,589.3617727103485
1166,2023-02-18 13:00:00,564.4107295495771
1167,2023-02-18 14:00:00,530.2786279941872
1168,2023-02-18 15:00:00,594.0850710243676
1169,2023-02-18 16:00:00,589.8200107100683
1170,2023-02-18 17:00:00,545.2966693997882
1171,2023-02-18 18:00:00,592.7199401211286
1172,2023-02-18 19:00:00,565.9215019753846
1173,2023-02-18 20:00:00,607.1949517122366
1174,2023-02-18 21:00:00,623.9592786440213
1175,2023-02-18 22:00:00,553.5182423802408
1176,2023-02-18 23:00:00,628.1508564746339
1177,2023-02-19 00:00:00,609.8791202345187
1178,2023-02-19 01:00:00,559.845221983928
1179,2023-02-19 02:00:00,576.3409659496779
1180,2023-02-19 03:00:00,575.396201999089
1181,2023-02-19 04:00:00,613.7803654578894
1182,2023-02-19 05:00:00,611.9634098061653
1183,2023-02-19 06:00:00,644.4451368998567
1184,2023-02-19 07:00:00,648.9391104315007
1185,2023-02-19 08:00:00,641.445927590917
1186,2023-02-19 09:00:00,616.9514131481518
1187,2023-02-19 10:00:00,582.08514632137
1188,2023-02-19 11:00:00,602.6662606876902
1189,2023-02-19 12:00:00,556.0773888733928
1190,2023-02-19 13:00:00,594.6260428449414
1191,2023-02-19 14:00:00,588.5407732544509
1192,2023-02-19 15:00:00,568.1009864252196
1193,2023-02-19 16:00:00,568.516489443246
1194,2023-02-19 17:00:00,556.7205209374168
1195,2023-02-19 18:00:00,513.2861668829552
1196,2023-02-19 19:00:00,509.16547798754937
1197,2023-02-19 20:00:00,613.4302558110501
1198,2023-02-19 21:00:00,588.3806388888627
1199,2023-02-19 22:00:00,521.3724329582208
1200,2023-02-19 23:00:00,599.6910729985162
1201,2023-02-20 00:00:00,567.8489442901041
1202,2023-02-20 01:00:00,580.6914484769743
1203,2023-02-20 02:00:00,586.973219732679
1204,2023-02-20 03:00:00,567.9980519961449
1205,2023-02-20 04:00:00,578.0843232597991
1206,2023-02-20 05:00:00,649.134738335775
1207,2023-02-20 06:00:00,620.107610827419
1208,2023-02-20 07:00:00,639.9245653691032
1209,2023-02-20 08:00:00,585.9986513160414
1210,2023-02-20 09:00:00,572.6452153577801
1211,2023-02-20 10:00:00,561.3101447080091
1212,2023-02-20 11:00:00,524.8738704543741
1213,2023-02-20 12:00:00,564.5227130748494
1214,2023-02-20 13:00:00,583.5533753545618
1215,2023-02-20 14:00:00,581.2859668063866
1216,2023-02-20 15:00:00,500.1154186569003
1217,2023-02-20 16:00:00,577.0950092289333
1218,2023-02-20 17:00:00,584.7060267376471
1219,2023-02-20 18:00:00,585.7095676477265
1220,2023-02-20 19:00:00,547.3285655338667
1221,2023-02-20 20:00:00,577.3432138554475
1222,2023-02-20 21:00:00,514.2019567345484
1223,2023-02-20 22:00:00,608.5710128399224
1224,2023-02-20 23:00:00,646.8618324722017
1225,2023-02-21 00:00:00,620.3515327252096
1226,2023-02-21 01:00:00,591.4128539351289
1227,2023-02-21 02:00:00,630.697763709911
1228,2023-02-21 03:00:00,561.0211540902155
1229,2023-02-21 04:00:00,667.5836368088475
1230,2023-02-21 05:00:00,587.6843954911103
1231,2023-02-21 06:00:00,587.521321595523
1232,2023-02-21 07:00:00,629.436293366317
1233,2023-02-21 08:00:00,538.5111591531997
1234,2023-02-21 09:00:00,616.5356187426588
1235,2023-02-21 10:00:00,630.2814875604777
1236,2023-02-21 11:00:00,602.7759890465347
1237,2023-02-21 12:00:00,583.8898948565983
1238,2023-02-21 13:00:00,565.9434129231928
1239,2023-02-21 14:00:00,526.3654367839159
1240,2023-02-21 15:00:00,610.7105839909387
1241,2023-02-21 16:00:00,560.1709936276925
1242,2023-02-21 17:00:00,479.67542373082335
1243,2023-02-21 18:00:00,520.1579040725419
1244,2023-02-21 19:00:00,535.3553537769633
1245,2023-02-21 20:00:00,585.5131458760733
1246,2023-02-21 21:00:00,557.3862714616846
1247,2023-02-21 22:00:00,567.7605263755923
1248,2023-02-21 23:00:00,539.6199587422465
1249,2023-02-22 00:00:00,631.9630020590024
1250,2023-02-22 01:00:00,595.1421605242989
1251,2023-02-22 02:00:00,647.0737071444245
1252,2023-02-22 03:00:00,609.547381872995
1253,2023-02-22 04:00:00,587.6872092107857
1254,2023-02-22 05:00:00,657.3060005421646
1255,2023-02-22 06:00:00,602.6706036762859
1256,2023-02-22 07:00:00,672.4775700408964
1257,2023-02-22 08:00:00,554.0245964625113
1258,2023-02-22 09:00:00,620.7779867377997
1259,2023-02-22 10:00:00,588.5001939533811
1260,2023-02-22 11:00:00,641.6228971600832
1261,2023-02-22 12:00:00,539.0039731348644
1262,2023-02-22 13:00:00,589.1632425015499
1263,2023-02-22 14:00:00,575.1561654542807
1264,2023-02-22 15:00:00,590.3968661436343
1265,2023-02-22 16:00:00,531.8499116659701
1266,2023-02-22 17:00:00,533.5554816620579
1267,2023-02-22 18:00:00,547.8673112964358
1268,2023-02-22 19:00:00,581.4305787077278
1269,2023-02-22 20:00:00,590.3911241068882
1270,2023-02-22 21:00:00,496.0548206209188
1271,2023-02-22 22:00:00,599.6982438094497
1272,2023-02-22 23:00:00,624.9184480253247
1273,2023-02-23 00:00:00,529.6320862411509
1274,2023-02-23 01:00:00,624.5272262785037
1275,2023-02-23 02:00:00,562.6858018617016
1276,2023-02-23 03:00:00,680.9018470198157
1277,2023-02-23 04:00:00,600.7643775885197
1278,2023-02-23 05:00:00,626.2307578361356
1279,2023-02-23 06:00:00,601.1148144746619
1280,2023-02-23 07:00:00,547.4378380911775
1281,2023-02-23 08:00:00,598.4719475268004
1282,2023-02-23 09:00:00,591.3306705002112
1283,2023-02-23 10:00:00,572.9157615050909
1284,2023-02-23 11:00:00,562.6648017917971
1285,2023-02-23 12:00:00,572.7541493360388
1286,2023-02-23 13:00:00,595.8139126106786
1287,2023-02-23 14:00:00,549.1911010527676
1288,2023-02-23 15:00:00,570.9424850394448
1289,2023-02-23 16:00:00,553.0832883700878
1290,2023-02-23 17:00:00,567.7365365298973
1291,2023-02-23 18:00:00,552.0036679226355
1292,2023-02-23 19:00:00,522.2961705807542
1293,2023-02-23 20:00:00,630.801737382787
1294,2023-02-23 21:00:00,582.0402533713868
1295,2023-02-23 22:00:00,550.688791902104
1296,2023-02-23 23:00:00,559.6920978813677
1297,2023-02-24 00:00:00,535.7207896328473
1298,2023-02-24 01:00:00,563.1584788768578
1299,2023-02-24 02:00:00,571.7682457920203
1300,2023-02-24 03:00:00,627.049984909037
1301,2023-02-24 04:00:00,651.5712407681224
1302,2023-02-24 05:00:00,624.9752932394761
1303,2023-02-24 06:00:00,621.8669827466599
1304,2023-02-24 07:00:00,592.7355556195838
1305,2023-02-24 08:00:00,572.5603508684839
1306,2023-02-24 09:00:00,585.2293060119873
1307,2023-02-24 10:00:00,555.6543296610868
1308,2023-02-24 11:00:00,583.0207347724005
1309,2023-02-24 12:00:00,584.1745256080238
1310,2023-02-24 13:00:00,566.0880859208659
1311,2023-02-24 14:00:00,566.1932039142797
1312,2023-02-24 15:00:00,581.3993311254944
1313,2023-02-24 16:00:00,520.2828505925045
1314,2023-02-24 17:00:00,512.7837789908625
1315,2023-02-24 18:00:00,556.9130222780311
1316,2023-02-24 19:00:00,519.7054523151174
1317,2023-02-24 20:00:00,592.3477223237543
1318,2023-02-24 21:00:00,612.520767536511
1319,2023-02-24 22:00:00,562.8454084479177
1320,2023-02-24 23:00:00,636.5298729899118
1321,2023-02-25 00:00:00,594.9205690550067
1322,2023-02-25 01:00:00,612.7359020923705
1323,2023-02-25 02:00:00,603.0899085889091
1324,2023-02-25 03:00:00,582.46830020162
1325,2023-02-25 04:00:00,599.107707731611
1326,2023-02-25 05:00:00,662.9607270121819
1327,2023-02-25 06:00:00,559.6297963383373
1328,2023-02-25 07:00:00,553.4698101248649
1329,2023-02-25 08:00:00,620.8888570974607
1330,2023-02-25 09:00:00,596.4962920237641
1331,2023-02-25 10:00:00,592.0837253457979
1332,2023-02-25 11:00:00,564.5397190661234
1333,2023-02-25 12:00:00,571.4863418713388
1334,2023-02-25 13:00:00,614.7787969276509
1335,2023-02-25 14:00:00,569.8872175579974
1336,2023-02-25 15:00:00,565.352328196299
1337,2023-02-25 16:00:00,549.1915425587753
1338,2023-02-25 17:00:00,563.694637967573
1339,2023-02-25 18:00:00,492.54642428357033
1340,2023-02-25 19:00:00,526.1229915201893
1341,2023-02-25 20:00:00,562.8429452009217
1342,2023-02-25 21:00:00,547.4586216021629
1343,2023-02-25 22:00:00,617.5259959075433
1344,2023-02-25 23:00:00,580.3539022526661
1345,2023-02-26 00:00:00,598.5080762986687
1346,2023-02-26 01:00:00,559.3137785620357
1347,2023-02-26 02:00:00,593.2061796630167
1348,2023-02-26 03:00:00,596.8833497373236
1349,2023-02-26 04:00:00,628.2829918259949
1350,2023-02-26 05:00:00,635.7329477869765
1351,2023-02-26 06:00:00,582.8683294893985
1352,2023-02-26 07:00:00,612.1637366623501
1353,2023-02-26 08:00:00,560.249577306585
1354,2023-02-26 09:00:00,601.175019942226
1355,2023-02-26 10:00:00,570.915783573607
1356,2023-02-26 11:00:00,564.9759212571183
1357,2023-02-26 12:00:00,572.259553564403
1358,2023-02-26 13:00:00,602.5446544888498
1359,2023-02-26 14:00:00,626.542299599249
1360,2023-02-26 15:00:00,595.0007684694082
1361,2023-02-26 16:00:00,549.7248885702746
1362,2023-02-26 17:00:00,570.9318071143462
1363,2023-02-26 18:00:00,513.418639457887
1364,2023-02-26 19:00:00,626.9120141181339
1365,2023-02-26 20:00:00,547.5623129129259
1366,2023-02-26 21:00:00,549.0594112111249
1367,2023-02-26 22:00:00,525.2483193159412
1368,2023-02-26 23:00:00,530.44409370527
1369,2023-02-27 00:00:00,623.2294434898992
1370,2023-02-27 01:00:00,600.6104940025164
1371,2023-02-27 02:00:00,616.5928373258629
1372,2023-02-27 03:00:00,631.4438726523215
1373,2023-02-27 04:00:00,557.4198642481317
1374,2023-02-27 05:00:00,617.2220599401411
1375,2023-02-27 06:00:00,594.5620444177727
1376,2023-02-27 07:00:00,560.1928801410331
1377,2023-02-27 08:00:00,592.3312953877135
1378,2023-02-27 09:00:00,581.0500192919494
1379,2023-02-27 10:00:00,605.25621818953
1380,2023-02-27 11:00:00,546.4468922718496
1381,2023-02-27 12:00:00,575.4398837564253
1382,2023-02-27 13:00:00,498.96646230611066
1383,2023-02-27 14:00:00,525.234619916659
1384,2023-02-27 15:00:00,557.3826048111024
1385,2023-02-27 16:00:00,551.2403993012814
1386,2023-02-27 17:00:00,553.6685577988405
1387,2023-02-27 18:00:00,535.9251268483275
1388,2023-02-27 19:00:00,551.6425880029576
1389,2023-02-27 20:00:00,554.8496687147401
1390,2023-02-27 21:00:00,550.4914649148055
1391,2023-02-27 22:00:00,597.3821673189963
1392,2023-02-27 23:00:00,607.7497887480635
1393,2023-02-28 00:00:00,549.9533654410678
1394,2023-02-28 01:00:00,561.557603383127
1395,2023-02-28 02:00:00,585.1219993557017
1396,2023-02-28 03:00:00,559.9947757308812
1397,2023-02-28 04:00:00,555.1386415893729
1398,2023-02-28 05:00:00,646.2735664288507
1399,2023-02-28 06:00:00,582.7204703671196
1400,2023-02-28 07:00:00,655.8874706845203
1401,2023-02-28 08:00:00,592.9526787310886
1402,2023-02-28 09:00:00,546.5894495129622
1403,2023-02-28 10:00:00,565.6457150030352
1404,2023-02-28 11:00:00,561.0934329962802
1405,2023-02-28 12:00:00,550.5182485480727
1406,2023-02-28 13:00:00,610.3329756994842
1407,2023-02-28 14:00:00,587.8047645125025
1408,2023-02-28 15:00:00,467.78901893863974
1409,2023-02-28 16:00:00,575.9663537694689
1410,2023-02-28 17:00:00,570.1459526958979
1411,2023-02-28 18:00:00,500.2399036964512
1412,2023-02-28 19:00:00,544.4339243312713
1413,2023-02-28 20:00:00,523.5267227815278
1414,2023-02-28 21:00:00,586.0272336824848
1415,2023-02-28 22:00:00,506.92816071459765
1416,2023-02-28 23:00:00,512.2612144300812
1417,2023-03-01 00:00:00,594.0402109698475
1418,2023-03-01 01:00:00,538.4021431192132
1419,2023-03-01 02:00:00,568.7441196574715
1420,2023-03-01 03:00:00,602.6544466219071
1421,2023-03-01 04:00:00,535.9996192163026
1422,2023-03-01 05:00:00,599.7651863288964
1423,2023-03-01 06:00:00,594.5154650171277
1424,2023-03-01 07:00:00,599.4475992351086
1425,2023-03-01 08:00:00,577.6429995963496
1426,2023-03-01 09:00:00,596.6680941314017
1427,2023-03-01 10:00:00,613.2040546850471
1428,2023-03-01 11:00:00,593.6012389101309
1429,2023-03-01 12:00:00,560.0293384436545
1430,2023-03-01 13:00:00,575.9859497853
1431,2023-03-01 14:00:00,625.8548702711859
1432,2023-03-01 15:00:00,542.6262677368769
1433,2023-03-01 16:00:00,514.0376069282572
1434,2023-03-01 17:00:00,531.5707262642112
1435,2023-03-01 18:00:00,583.5302887341998
1436,2023-03-01 19:00:00,538.9571846821492
1437,2023-03-01 20:00:00,614.1735262103685
1438,2023-03-01 21:00:00,530.2181190915774
1439,2023-03-01 22:00:00,556.498523303444
1440,2023-03-01 23:00:00,651.7948676194277
1441,2023-03-02 00:00:00,566.3970564455434
1442,2023-03-02 01:00:00,571.0102217767756
1443,2023-03-02 02:00:00,565.1907519922221
1444,2023-03-02 03:00:00,516.6340207385155
1445,2023-03-02 04:00:00,633.4666599523224
1446,2023-03-02 05:00:00,605.6896764108275
1447,2023-03-02 06:00:00,604.932871318892
1448,2023-03-02 07:00:00,599.4707098495129
1449,2023-03-02 08:00:00,604.081338950301
1450,2023-03-02 09:00:00,588.917650482829
1451,2023-03-02 10:00:00,578.4336347267961
1452,2023-03-02 11:00:00,556.7080144456917
1453,2023-03-02 12:00:00,580.6002881210345
1454,2023-03-02 13:00:00,531.8791928899917
1455,2023-03-02 14:00:00,522.7500715425409
1456,2023-03-02 15:00:00,602.6197683419306
1457,2023-03-02 16:00:00,543.2565002797797
1458,2023-03-02 17:00:00,536.5619564490275
1459,2023-03-02 18:00:00,517.9007579228876
1460,2023-03-02 19:00:00,506.3015933213079
1461,2023-03-02 20:00:00,504.85805676593407
1462,2023-03-02 21:00:00,577.8469367477392
1463,2023-03-02 22:00:00,533.5688023305318
1464,2023-03-02 23:00:00,548.2034391979939
1465,2023-03-03 00:00:00,559.545168710316
1466,2023-03-03 01:00:00,594.184854978374
1467,2023-03-03 02:00:00,589.5006669375134
1468,2023-03-03 03:00:00,551.7016642053009
1469,2023-03-03 04:00:00,648.3045890484243
1470,2023-03-03 05:00:00,606.0507526234161
1471,2023-03-03 06:00:00,606.1989012896707
1472,2023-03-03 07:00:00,579.1091412431671
1473,2023-03-03 08:00:00,585.3762161615705
1474,2023-03-03 09:00:00,582.882405075649
1475,2023-03-03 10:00:00,663.5596760048319
1476,2023-03-03 11:00:00,529.6964865836399
1477,2023-03-03 12:00:00,608.9743373739319
1478,2023-03-03 13:00:00,523.8419779317061
1479,2023-03-03 14:00:00,572.697678661699
1480,2023-03-03 15:00:00,581.2015504268614
1481,2023-03-03 16:00:00,535.5652244544452
1482,2023-03-03 17:00:00,546.8658925331762
1483,2023-03-03 18:00:00,520.2891834026709
1484,2023-03-03 19:00:00,531.4589255322551
1485,2023-03-03 20:00:00,565.6746989599163
1486,2023-03-03 21:00:00,600.0481489020214
1487,2023-03-03 22:00:00,525.1697571686011
1488,2023-03-03 23:00:00,570.557149357922
1489,2023-03-04 00:00:00,594.9653679590292
1490,2023-03-04 01:00:00,506.66268298091035
1491,2023-03-04 02:00:00,571.7035422399114
1492,2023-03-04 03:00:00,619.0913393968336
1493,2023-03-04 04:00:00,557.0039786493372
1494,2023-03-04 05:00:00,542.795963502677
1495,2023-03-04 06:00:00,593.2942057091684
1496,2023-03-04 07:00:00,639.5623588889777
1497,2023-03-04 08:00:00,631.0819404936601
1498,2023-03-04 09:00:00,643.8672756356245
1499,2023-03-04 10:00:00,599.7243619778673
1500,2023-03-04 11:00:00,572.2716799209186
1501,2023-03-04 12:00:00,538.866117869627
1502,2023-03-04 13:00:00,565.5274618420065
1503,2023-03-04 14:00:00,550.9576778621908
1504,2023-03-04 15:00:00,567.8559557771121
1505,2023-03-04 16:00:00,566.4583851639121
1506,2023-03-04 17:00:00,532.9893032467434
1507,2023-03-04 18:00:00,562.7295811342736
1508,2023-03-04 19:00:00,526.4655281665822
1509,2023-03-04 20:00:00,540.9935939291588
1510,2023-03-04 21:00:00,530.4339327876633
1511,2023-03-04 22:00:00,590.7347603289128
1512,2023-03-04 23:00:00,572.6215145367439
1513,2023-03-05 00:00:00,574.9053604109895
1514,2023-03-05 01:00:00,611.8743899499049
1515,2023-03-05 02:00:00,558.2479266695918
1516,2023-03-05 03:00:00,651.8678529072916
1517,2023-03-05 04:00:00,606.9755117431079
1518,2023-03-05 05:00:00,586.2660797300565
1519,2023-03-05 06:00:00,570.6788272092305
1520,2023-03-05 07:00:00,606.5552829748536
1521,2023-03-05 08:00:00,601.704859241516
1522,2023-03-05 09:00:00,556.431448297401
1523,2023-03-05 10:00:00,592.6091188089126
1524,2023-03-05 11:00:00,593.1944747844171
1525,2023-03-05 12:00:00,585.9453640863077
1526,2023-03-05 13:00:00,580.7257507921113
1527,2023-03-05 14:00:00,542.2225468358776
1528,2023-03-05 15:00:00,556.4560970347392
1529,2023-03-05 16:00:00,537.8999752114928
1530,2023-03-05 17:00:00,561.9835845302807
1531,2023-03-05 18:00:00,558.4639932541207
1532,2023-03-05 19:00:00,525.4261647201391
1533,2023-03-05 20:00:00,527.516738943755
1534,2023-03-05 21:00:00,567.6891891229064
1535,2023-03-05 22:00:00,568.7891400101339
1536,2023-03-05 23:00:00,542.2562947152114
1537,2023-03-06 00:00:00,645.7957963137654
1538,2023-03-06 01:00:00,465.2287392438948
1539,2023-03-06 02:00:00,543.7037280883112
1540,2023-03-06 03:00:00,537.9742555541766
1541,2023-03-06 04:00:00,617.2037638392085
1542,2023-03-06 05:00:00,594.7521529954361
1543,2023-03-06 06:00:00,577.9533392283581
1544,2023-03-06 07:00:00,612.5895830637271
1545,2023-03-06 08:00:00,568.835983039509
1546,2023-03-06 09:00:00,620.7300594714565
1547,2023-03-06 10:00:00,591.6971957374783
1548,2023-03-06 11:00:00,554.748035126283
1549,2023-03-06 12:00:00,574.7478123032595
1550,2023-03-06 13:00:00,563.3963336789836
1551,2023-03-06 14:00:00,578.5307823328692
1552,2023-03-06 15:00:00,580.6597684562673
1553,2023-03-06 16:00:00,576.4660030482588
1554,2023-03-06 17:00:00,557.5436444494442
1555,2023-03-06 18:00:00,566.2465100579343
1556,2023-03-06 19:00:00,580.4733724928672
1557,2023-03-06 20:00:00,633.0232203254129
1558,2023-03-06 21:00:00,528.9960720140502
1559,2023-03-06 22:00:00,549.030459560424
1560,2023-03-06 23:00:00,522.3749650786715
1561,2023-03-07 00:00:00,521.6663214988531
1562,2023-03-07 01:00:00,654.0818461416357
1563,2023-03-07 02:00:00,660.2270596237117
1564,2023-03-07 03:00:00,582.8478896085169
1565,2023-03-07 04:00:00,573.5207308074196
1566,2023-03-07 05:00:00,537.0843687418034
1567,2023-03-07 06:00:00,629.4273047109247
1568,2023-03-07 07:00:00,608.3523337171978
1569,2023-03-07 08:00:00,598.6446422492205
1570,2023-03-07 09:00:00,615.3328150613653
1571,2023-03-07 10:00:00,597.0444633440013
1572,2023-03-07 11:00:00,553.1395337150241
1573,2023-03-07 12:00:00,570.9172838892882
1574,2023-03-07 13:00:00,635.0729111356811
1575,2023-03-07 14:00:00,509.7865821230148
1576,2023-03-07 15:00:00,534.1828867284829
1577,2023-03-07 16:00:00,502.0355402844955
1578,2023-03-07 17:00:00,518.8581989466359
1579,2023-03-07 18:00:00,488.3495298170029
1580,2023-03-07 19:00:00,553.8912296332533
1581,2023-03-07 20:00:00,560.7278670479102
1582,2023-03-07 21:00:00,566.1238227168218
1583,2023-03-07 22:00:00,511.46063986313516
1584,2023-03-07 23:00:00,538.7154679525887
1585,2023-03-08 00:00:00,601.6722108170227
1586,2023-03-08 01:00:00,603.0185060441493
1587,2023-03-08 02:00:00,557.9996675698426
1588,2023-03-08 03:00:00,598.4075197446792
1589,2023-03-08 04:00:00,542.7310367524825
1590,2023-03-08 05:00:00,593.8649002734414
1591,2023-03-08 06:00:00,650.3549513301269
1592,2023-03-08 07:00:00,614.5596631761989
1593,2023-03-08 08:00:00,603.1010422339639
1594,2023-03-08 09:00:00,577.5204163878606
1595,2023-03-08 10:00:00,573.8019249637191
1596,2023-03-08 11:00:00,626.3960133970301
1597,2023-03-08 12:00:00,546.0223813281159
1598,2023-03-08 13:00:00,563.6847369417164
1599,2023-03-08 14:00:00,554.396434809126
1600,2023-03-08 15:00:00,543.8713577811811
1601,2023-03-08 16:00:00,617.1014540008296
1602,2023-03-08 17:00:00,536.4694688775527
1603,2023-03-08 18:00:00,562.4875693381814
1604,2023-03-08 19:00:00,576.5994137651631
1605,2023-03-08 20:00:00,506.21738726131497
1606,2023-03-08 21:00:00,538.1802363655538
1607,2023-03-08 22:00:00,555.4088033141534
1608,2023-03-08 23:00:00,558.1317354832726
1609,2023-03-09 00:00:00,542.8379313278853
1610,2023-03-09 01:00:00,509.37882393515235
1611,2023-03-09 02:00:00,628.3078176309203
1612,2023-03-09 03:00:00,617.085880500529
1613,2023-03-09 04:00:00,589.4355515828139
1614,2023-03-09 05:00:00,587.1228720272604
1615,2023-03-09 06:00:00,578.1687677703103
1616,2023-03-09 07:00:00,610.9566500676173
1617,2023-03-09 08:00:00,548.172769083877
1618,2023-03-09 09:00:00,611.3955325728298
1619,2023-03-09 10:00:00,552.7806630619729
1620,2023-03-09 11:00:00,560.6309861366839
1621,2023-03-09 12:00:00,596.2365484853011
1622,2023-03-09 13:00:00,554.0124853646882
1623,2023-03-09 14:00:00,525.3925857086147
1624,2023-03-09 15:00:00,559.7964811798497
1625,2023-03-09 16:00:00,597.2642119279813
1626,2023-03-09 17:00:00,520.8365138687153
1627,2023-03-09 18:00:00,555.6013766619285
1628,2023-03-09 19:00:00,535.3802419344621
1629,2023-03-09 20:00:00,557.8546226181567
1630,2023-03-09 21:00:00,548.1314787590517
1631,2023-03-09 22:00:00,571.6085029591687
1632,2023-03-09 23:00:00,589.7244950996719
1633,2023-03-10 00:00:00,538.1636793123012
1634,2023-03-10 01:00:00,565.5982626312543
1635,2023-03-10 02:00:00,607.3356444859055
1636,2023-03-10 03:00:00,594.5137447335535
1637,2023-03-10 04:00:00,602.0342271767015
1638,2023-03-10 05:00:00,622.2553246794162
1639,2023-03-10 06:00:00,593.5778420918921
1640,2023-03-10 07:00:00,566.7439745513237
1641,2023-03-10 08:00:00,592.5413188711392
1642,2023-03-10 09:00:00,591.9856709167192
1643,2023-03-10 10:00:00,608.7004404522985
1644,2023-03-10 11:00:00,543.6517957145962
1645,2023-03-10 12:00:00,561.9409167858008
1646,2023-03-10 13:00:00,561.4034257582034
1647,2023-03-10 14:00:00,539.1108471133198
1648,2023-03-10 15:00:00,551.8751432025629
1649,2023-03-10 16:00:00,494.58328512721874
1650,2023-03-10 17:00:00,581.0222764080343
1651,2023-03-10 18:00:00,510.1479804587901
1652,2023-03-10 19:00:00,573.6201596314277
1653,2023-03-10 20:00:00,559.4958463485068
1654,2023-03-10 21:00:00,518.8255879742064
1655,2023-03-10 22:00:00,577.741163103725
1656,2023-03-10 23:00:00,501.9182988524269
1657,2023-03-11 00:00:00,538.2882250899403
1658,2023-03-11 01:00:00,570.9590492445711
1659,2023-03-11 02:00:00,536.5492469553922
1660,2023-03-11 03:00:00,607.6260760565857
1661,2023-03-11 04:00:00,620.6958971076916
1662,2023-03-11 05:00:00,580.0123813081599
1663,2023-03-11 06:00:00,629.1700665031663
1664,2023-03-11 07:00:00,615.4334581417355
1665,2023-03-11 08:00:00,602.3775858375886
1666,2023-03-11 09:00:00,568.3131574728658
1667,2023-03-11 10:00:00,561.5652367284305
1668,2023-03-11 11:00:00,542.6621680392418
1669,2023-03-11 12:00:00,579.5026634321978
1670,2023-03-11 13:00:00,551.8649986126845
1671,2023-03-11 14:00:00,510.74058077798543
1672,2023-03-11 15:00:00,535.1370824734934
1673,2023-03-11 16:00:00,556.4469316411497
1674,2023-03-11 17:00:00,590.4772239136129
1675,2023-03-11 18:00:00,549.7337067229562
1676,2023-03-11 19:00:00,553.9548095080054
1677,2023-03-11 20:00:00,559.4674789291441
1678,2023-03-11 21:00:00,513.0147177602222
1679,2023-03-11 22:00:00,544.4533769990944
1680,2023-03-11 23:00:00,574.8948921710994
1681,2023-03-12 00:00:00,568.3313102187609
1682,2023-03-12 01:00:00,579.9663434048433
1683,2023-03-12 02:00:00,537.7076665216385
1684,2023-03-12 03:00:00,625.6719836939287
1685,2023-03-12 04:00:00,569.4656333509707
1686,2023-03-12 05:00:00,606.4678113865707
1687,2023-03-12 06:00:00,585.5913861090427
1688,2023-03-12 07:00:00,545.2582282828108
1689,2023-03-12 08:00:00,607.5025620898376
1690,2023-03-12 09:00:00,600.6339429102552
1691,2023-03-12 10:00:00,578.9066579035365
1692,2023-03-12 11:00:00,610.1992759113505
1693,2023-03-12 12:00:00,552.675233292958
1694,2023-03-12 13:00:00,547.4637005177846
1695,2023-03-12 14:00:00,499.0374562599035
1696,2023-03-12 15:00:00,547.626338773451
1697,2023-03-12 16:00:00,559.0013317573092
1698,2023-03-12 17:00:00,574.147460661471
1699,2023-03-12 18:00:00,530.4109750419115
1700,2023-03-12 19:00:00,542.0572071608257
1701,2023-03-12 20:00:00,541.9626434818061
1702,2023-03-12 21:00:00,595.077579329061
1703,2023-03-12 22:00:00,535.0327665184221
1704,2023-03-12 23:00:00,532.3696825970507
1705,2023-03-13 00:00:00,571.0860456952673
1706,2023-03-13 01:00:00,536.6257253164438
1707,2023-03-13 02:00:00,574.5802238113179
1708,2023-03-13 03:00:00,572.5618079039344
1709,2023-03-13 04:00:00,585.7749603308407
1710,2023-03-13 05:00:00,601.48028604745
1711,2023-03-13 06:00:00,626.215003153639
1712,2023-03-13 07:00:00,564.8864374063074
1713,2023-03-13 08:00:00,573.3274391427916
1714,2023-03-13 09:00:00,551.4327763761057
1715,2023-03-13 10:00:00,572.0106922222941
1716,2023-03-13 11:00:00,532.9392036589404
1717,2023-03-13 12:00:00,557.0442543308585
1718,2023-03-13 13:00:00,567.595356774912
1719,2023-03-13 14:00:00,563.0050262061587
1720,2023-03-13 15:00:00,520.134125940107
1721,2023-03-13 16:00:00,558.2178850612264
1722,2023-03-13 17:00:00,564.5724228825093
1723,2023-03-13 18:00:00,546.2957796293115
1724,2023-03-13 19:00:00,562.133213161643
1725,2023-03-13 20:00:00,565.3211492874193
1726,2023-03-13 21:00:00,501.94619434653805
1727,2023-03-13 22:00:00,540.2392324755233
1728,2023-03-13 23:00:00,562.657497217506
1729,2023-03-14 00:00:00,563.3841249657896
1730,2023-03-14 01:00:00,599.2461036426575
1731,2023-03-14 02:00:00,549.2733147420378
1732,2023-03-14 03:00:00,574.6163939472337
1733,2023-03-14 04:00:00,606.8291783860984
1734,2023-03-14 05:00:00,602.902626184843
1735,2023-03-14 06:00:00,648.84577073761
1736,2023-03-14 07:00:00,617.8608911090561
1737,2023-03-14 08:00:00,579.6161367007209
1738,2023-03-14 09:00:00,560.5139080315176
1739,2023-03-14 10:00:00,590.5547563747716
1740,2023-03-14 11:00:00,554.9302883080998
1741,2023-03-14 12:00:00,576.0932043115444
1742,2023-03-14 13:00:00,521.244439375902
1743,2023-03-14 14:00:00,527.0854022002483
1744,2023-03-14 15:00:00,522.9499172876422
1745,2023-03-14 16:00:00,566.2534334142032
1746,2023-03-14 17:00:00,536.7568863607817
1747,2023-03-14 18:00:00,550.6182847123686
1748,2023-03-14 19:00:00,578.1024394596864
1749,2023-03-14 20:00:00,496.7829533314505
1750,2023-03-14 21:00:00,553.0359539629575
1751,2023-03-14 22:00:00,573.4904450172791
1752,2023-03-14 23:00:00,500.58976931162124
1753,2023-03-15 00:00:00,545.6491093664299
1754,2023-03-15 01:00:00,550.3212319331815
1755,2023-03-15 02:00:00,569.5543230554943
1756,2023-03-15 03:00:00,547.4767890351161
1757,2023-03-15 04:00:00,583.4609335793774
1758,2023-03-15 05:00:00,607.2168038219755
1759,2023-03-15 06:00:00,613.5677765282946
1760,2023-03-15 07:00:00,574.1707772833867
1761,2023-03-15 08:00:00,594.378366220479
1762,2023-03-15 09:00:00,543.2572924480987
1763,2023-03-15 10:00:00,522.5722664591293
1764,2023-03-15 11:00:00,569.1628434018382
1765,2023-03-15 12:00:00,543.3459731770646
1766,2023-03-15 13:00:00,580.4846522732552
1767,2023-03-15 14:00:00,506.2848894033871
1768,2023-03-15 15:00:00,609.9920799171477
1769,2023-03-15 16:00:00,547.7918446523489
1770,2023-03-15 17:00:00,522.4818271799478
1771,2023-03-15 18:00:00,528.5709286596148
1772,2023-03-15 19:00:00,523.5412781894101
1773,2023-03-15 20:00:00,563.3651840964463
1774,2023-03-15 21:00:00,592.7927260073928
1775,2023-03-15 22:00:00,564.7767975920001
1776,2023-03-15 23:00:00,508.4492021241018
1777,2023-03-16 00:00:00,615.4987594987167
1778,2023-03-16 01:00:00,594.2232744774245
1779,2023-03-16 02:00:00,547.7881910343616
1780,2023-03-16 03:00:00,594.4138544312099
1781,2023-03-16 04:00:00,556.1323227718043
1782,2023-03-16 05:00:00,521.5058671497289
1783,2023-03-16 06:00:00,571.8346839093346
1784,2023-03-16 07:00:00,613.0345246286348
1785,2023-03-16 08:00:00,572.1057006673905
1786,2023-03-16 09:00:00,578.5680079598948
1787,2023-03-16 10:00:00,544.6073687137266
1788,2023-03-16 11:00:00,524.7315303751739
1789,2023-03-16 12:00:00,534.5656244350463
1790,2023-03-16 13:00:00,520.5696124364524
1791,2023-03-16 14:00:00,516.9369071815829
1792,2023-03-16 15:00:00,550.5012752084422
1793,2023-03-16 16:00:00,522.6831145974173
1794,2023-03-16 17:00:00,501.2797784587865
1795,2023-03-16 18:00:00,551.6513650932818
1796,2023-03-16 19:00:00,482.9376495443131
1797,2023-03-16 20:00:00,547.872158966385
1798,2023-03-16 21:00:00,526.7282098547856
1799,2023-03-16 22:00:00,546.4073004379286
1800,2023-03-16 23:00:00,568.241656830362
1801,2023-03-17 00:00:00,519.2935733248593
1802,2023-03-17 01:00:00,529.6071888916621
1803,2023-03-17 02:00:00,565.7929853660729
1804,2023-03-17 03:00:00,554.33538458404
1805,2023-03-17 04:00:00,591.1569425565538
1806,2023-03-17 05:00:00,553.7328987434736
1807,2023-03-17 06:00:00,534.3913775209953
1808,2023-03-17 07:00:00,593.6882973876186
1809,2023-03-17 08:00:00,567.9549260477492
1810,2023-03-17 09:00:00,537.3055567645771
1811,2023-03-17 10:00:00,615.1642961059428
1812,2023-03-17 11:00:00,571.7444821026047
1813,2023-03-17 12:00:00,513.5053126066276
1814,2023-03-17 13:00:00,509.82207129233313
1815,2023-03-17 14:00:00,482.037996938547
1816,2023-03-17 15:00:00,510.82306514417223
1817,2023-03-17 16:00:00,500.0412825323076
1818,2023-03-17 17:00:00,560.4529752899476
1819,2023-03-17 18:00:00,510.1298065097774
1820,2023-03-17 19:00:00,503.44450044784116
1821,2023-03-17 20:00:00,503.88812274151286
1822,2023-03-17 21:00:00,520.5497799828698
1823,2023-03-17 22:00:00,596.8755516812419
1824,2023-03-17 23:00:00,524.6590980942057
1825,2023-03-18 00:00:00,534.3229299083769
1826,2023-03-18 01:00:00,592.1804230079373
1827,2023-03-18 02:00:00,574.1208575727836
1828,2023-03-18 03:00:00,509.0200561775663
1829,2023-03-18 04:00:00,610.0853165232407
1830,2023-03-18 05:00:00,602.4642908044711
1831,2023-03-18 06:00:00,560.5560851947472
1832,2023-03-18 07:00:00,556.472437738729
1833,2023-03-18 08:00:00,582.2834293506953
1834,2023-03-18 09:00:00,523.368910810715
1835,2023-03-18 10:00:00,555.6430377804193
1836,2023-03-18 11:00:00,509.405784127719
1837,2023-03-18 12:00:00,576.7367956016294
1838,2023-03-18 13:00:00,539.8110602628578
1839,2023-03-18 14:00:00,516.3346460262148
1840,2023-03-18 15:00:00,506.01319541112935
1841,2023-03-18 16:00:00,500.67245977706926
1842,2023-03-18 17:00:00,502.38979403342705
1843,2023-03-18 18:00:00,560.9310970134111
1844,2023-03-18 19:00:00,457.613777627515
1845,2023-03-18 20:00:00,529.2309229870107
1846,2023-03-18 21:00:00,578.6754567527053
1847,2023-03-18 22:00:00,546.1371639225287
1848,2023-03-18 23:00:00,590.1482963738816
1849,2023-03-19 00:00:00,524.8750339064374
1850,2023-03-19 01:00:00,578.104405324239
1851,2023-03-19 02:00:00,589.6876514082281
1852,2023-03-19 03:00:00,617.8621281871023
1853,2023-03-19 04:00:00,506.87255866575185
1854,2023-03-19 05:00:00,563.3471919443119
1855,2023-03-19 06:00:00,641.5189964705422
1856,2023-03-19 07:00:00,583.0530695870593
1857,2023-03-19 08:00:00,549.0906488375932
1858,2023-03-19 09:00:00,542.1945104137025
1859,2023-03-19 10:00:00,549.3404593246937
1860,2023-03-19 11:00:00,579.1375760213924
1861,2023-03-19 12:00:00,518.0979416101281
1862,2023-03-19 13:00:00,596.5443248223735
1863,2023-03-19 14:00:00,561.9273581566341
1864,2023-03-19 15:00:00,549.3099617687303
1865,2023-03-19 16:00:00,546.9186501418505
1866,2023-03-19 17:00:00,506.9968223499604
1867,2023-03-19 18:00:00,543.0025202071764
1868,2023-03-19 19:00:00,536.1914431141062
1869,2023-03-19 20:00:00,557.5907056931123
1870,2023-03-19 21:00:00,620.2688731386535
1871,2023-03-19 22:00:00,611.8899304327747
1872,2023-03-19 23:00:00,554.9041768427358
1873,2023-03-20 00:00:00,589.7364947239168
1874,2023-03-20 01:00:00,595.5539083080017
1875,2023-03-20 02:00:00,498.42738866860896
1876,2023-03-20 03:00:00,547.7049309344128
1877,2023-03-20 04:00:00,554.2573260774559
1878,2023-03-20 05:00:00,605.4750901650335
1879,2023-03-20 06:00:00,556.9758449032744
1880,2023-03-20 07:00:00,524.073711515347
1881,2023-03-20 08:00:00,574.365893408117
1882,2023-03-20 09:00:00,571.1736893545888
1883,2023-03-20 10:00:00,513.8035765705008
1884,2023-03-20 11:00:00,581.2953613364176
1885,2023-03-20 12:00:00,551.1337326674072
1886,2023-03-20 13:00:00,546.8635711575057
1887,2023-03-20 14:00:00,518.9980048287171
1888,2023-03-20 15:00:00,537.9115961557178
1889,2023-03-20 16:00:00,524.0483237246615
1890,2023-03-20 17:00:00,540.1830086537001
1891,2023-03-20 18:00:00,521.679791894874
1892,2023-03-20 19:00:00,516.2454097322711
1893,2023-03-20 20:00:00,514.2424637266965
1894,2023-03-20 21:00:00,518.4023645089239
1895,2023-03-20 22:00:00,514.0172731889269
1896,2023-03-20 23:00:00,595.4675974568793
1897,2023-03-21 00:00:00,509.4645167489691
1898,2023-03-21 01:00:00,557.0645595806257
1899,2023-03-21 02:00:00,532.5919574037919
1900,2023-03-21 03:00:00,473.4392821573372
1901,2023-03-21 04:00:00,571.9075439781208
1902,2023-03-21 05:00:00,540.7070762109729
1903,2023-03-21 06:00:00,595.4365239735475
1904,2023-03-21 07:00:00,539.4293681888547
1905,2023-03-21 08:00:00,549.4968702990728
1906,2023-03-21 09:00:00,563.9285839385516
1907,2023-03-21 10:00:00,564.6836542708643
1908,2023-03-21 11:00:00,539.7206326480386
1909,2023-03-21 12:00:00,500.80221073218127
1910,2023-03-21 13:00:00,569.2394715208598
1911,2023-03-21 14:00:00,523.7396482228621
1912,2023-03-21 15:00:00,561.7239650736815
1913,2023-03-21 16:00:00,537.6857556303257
1914,2023-03-21 17:00:00,563.6315630103078
1915,2023-03-21 18:00:00,513.5236054073035
1916,2023-03-21 19:00:00,534.4462203780798
1917,2023-03-21 20:00:00,532.8224885289741
1918,2023-03-21 21:00:00,554.7777277182123
1919,2023-03-21 22:00:00,504.57130285582565
1920,2023-03-21 23:00:00,571.2849140053811
1921,2023-03-22 00:00:00,520.8533616073915
1922,2023-03-22 01:00:00,536.9222680562128
1923,2023-03-22 02:00:00,583.0818360437825
1924,2023-03-22 03:00:00,572.0400139140223
1925,2023-03-22 04:00:00,548.5143185232664
1926,2023-03-22 05:00:00,575.2311758729859
1927,2023-03-22 06:00:00,583.9804134261252
1928,2023-03-22 07:00:00,573.8162063151212
1929,2023-03-22 08:00:00,580.5480699287103
1930,2023-03-22 09:00:00,527.433636881776
1931,2023-03-22 10:00:00,611.8250473198973
1932,2023-03-22 11:00:00,547.0414337718955
1933,2023-03-22 12:00:00,558.3197311420997
1934,2023-03-22 13:00:00,566.6361352609786
1935,2023-03-22 14:00:00,571.1924454731158
1936,2023-03-22 15:00:00,494.91392651520107
1937,2023-03-22 16:00:00,496.1426165794294
1938,2023-03-22 17:00:00,566.2451639931465
1939,2023-03-22 18:00:00,533.2131505300184
1940,2023-03-22 19:00:00,515.5447029163292
1941,2023-03-22 20:00:00,575.6397189535514
1942,2023-03-22 21:00:00,509.95986914874777
1943,2023-03-22 22:00:00,547.4756263944322
1944,2023-03-22 23:00:00,541.9329605485453
1945,2023-03-23 00:00:00,563.5062949769825
1946,2023-03-23 01:00:00,520.0501099527199
1947,2023-03-23 02:00:00,549.9327525584238
1948,2023-03-23 03:00:00,586.8558366390919
1949,2023-03-23 04:00:00,558.1237206371494
1950,2023-03-23 05:00:00,548.2908862038176
1951,2023-03-23 06:00:00,566.4266630601124
1952,2023-03-23 07:00:00,502.22045170617235
1953,2023-03-23 08:00:00,555.8967288654767
1954,2023-03-23 09:00:00,558.8086164747253
1955,2023-03-23 10:00:00,546.2699336424149
1956,2023-03-23 11:00:00,527.0897573044282
1957,2023-03-23 12:00:00,552.503486756474
1958,2023-03-23 13:00:00,546.5832044378661
1959,2023-03-23 14:00:00,579.8187699524083
1960,2023-03-23 15:00:00,559.336095593074
1961,2023-03-23 16:00:00,549.3498369050093
1962,2023-03-23 17:00:00,512.2469624444873
1963,2023-03-23 18:00:00,537.5966317531819
1964,2023-03-23 19:00:00,527.3699127090407
1965,2023-03-23 20:00:00,578.459968617299
1966,2023-03-23 21:00:00,539.8217408600503
1967,2023-03-23 22:00:00,495.8805684874376
1968,2023-03-23 23:00:00,541.4634753268506
1969,2023-03-24 00:00:00,504.61369560403654
1970,2023-03-24 01:00:00,573.5199491738698
1971,2023-03-24 02:00:00,556.048033767689
1972,2023-03-24 03:00:00,517.6123675250653
1973,2023-03-24 04:00:00,628.077843042737
1974,2023-03-24 05:00:00,565.5966501169719
1975,2023-03-24 06:00:00,582.0925200116018
1976,2023-03-24 07:00:00,542.3475411891583
1977,2023-03-24 08:00:00,541.1147581645364
1978,2023-03-24 09:00:00,603.9505241498347
1979,2023-03-24 10:00:00,548.0408172277422
1980,2023-03-24 11:00:00,561.0068788866021
1981,2023-03-24 12:00:00,527.5975747974715
1982,2023-03-24 13:00:00,572.0340855462315
1983,2023-03-24 14:00:00,544.5768479582309
1984,2023-03-24 15:00:00,471.67418241431443
1985,2023-03-24 16:00:00,529.1785605535742
1986,2023-03-24 17:00:00,529.5453625058824
1987,2023-03-24 18:00:00,522.6160561996373
1988,2023-03-24 19:00:00,481.91851922839356
1989,2023-03-24 20:00:00,507.81790300933864
1990,2023-03-24 21:00:00,499.68854758731584
1991,2023-03-24 22:00:00,531.3832809741771
1992,2023-03-24 23:00:00,536.8911177282589
1993,2023-03-25 00:00:00,510.7493335500823
1994,2023-03-25 01:00:00,565.5987950917362
1995,2023-03-25 02:00:00,551.2627364251583
1996,2023-03-25 03:00:00,557.8392414043734
1997,2023-03-25 04:00:00,551.1119749625702
1998,2023-03-25 05:00:00,554.6862168623487
1999,2023-03-25 06:00:00,549.7253040817495
2000,2023-03-25 07:00:00,546.6299580909541
2001,2023-03-25 08:00:00,580.1978377387869
2002,2023-03-25 09:00:00,512.7497010321632
2003,2023-03-25 10:00:00,576.5358416712454
2004,2023-03-25 11:00:00,597.065812042398
2005,2023-03-25 12:00:00,516.8660785674566
2006,2023-03-25 13:00:00,482.45695154960003
2007,2023-03-25 14:00:00,524.6632134150525
2008,2023-03-25 15:00:00,502.93153402032215
2009,2023-03-25 16:00:00,493.62056890011746
2010,2023-03-25 17:00:00,473.886079994984
2011,2023-03-25 18:00:00,489.7359239013234
2012,2023-03-25 19:00:00,548.7230045203928
2013,2023-03-25 20:00:00,527.7246669693998
2014,2023-03-25 21:00:00,516.3101543185807
2015,2023-03-25 22:00:00,537.4899382047103
2016,2023-03-25 23:00:00,587.8256687808571
2017,2023-03-26 00:00:00,570.7469692906354
2018,2023-03-26 01:00:00,570.8926504341317
2019,2023-03-26 02:00:00,579.8817263427577
2020,2023-03-26 03:00:00,518.5113322394395
2021,2023-03-26 04:00:00,563.201255644644
2022,2023-03-26 05:00:00,532.3430806882833
2023,2023-03-26 06:00:00,511.9990493208556
2024,2023-03-26 07:00:00,587.2694679245488
2025,2023-03-26 08:00:00,585.6177383862165
2026,2023-03-26 09:00:00,519.0204633648738
2027,2023-03-26 10:00:00,570.3686808875253
2028,2023-03-26 11:00:00,564.3698122163377
2029,2023-03-26 12:00:00,509.3002589464089
2030,2023-03-26 13:00:00,555.1137966134191
2031,2023-03-26 14:00:00,570.586030752843
2032,2023-03-26 15:00:00,528.0317582420729
2033,2023-03-26 16:00:00,577.7816439235943
2034,2023-03-26 17:00:00,527.9143107526529
2035,2023-03-26 18:00:00,573.2363940396403
2036,2023-03-26 19:00:00,565.5726919464571
2037,2023-03-26 20:00:00,558.3543031614602
2038,2023-03-26 21:00:00,505.9744687890567
2039,2023-03-26 22:00:00,533.5466214318609
2040,2023-03-26 23:00:00,530.7960865896064
2041,2023-03-27 00:00:00,539.8152763151103
2042,2023-03-27 01:00:00,515.5035522212161
2043,2023-03-27 02:00:00,497.5931938660857
2044,2023-03-27 03:00:00,589.1140755587867
2045,2023-03-27 04:00:00,534.5311140045466
2046,2023-03-27 05:00:00,534.1869625007386
2047,2023-03-27 06:00:00,582.7603715557105
2048,2023-03-27 07:00:00,534.3029392827517
2049,2023-03-27 08:00:00,562.1009619329146
2050,2023-03-27 09:00:00,561.1968116572044
2051,2023-03-27 10:00:00,499.70949483669557
2052,2023-03-27 11:00:00,572.5900196426442
2053,2023-03-27 12:00:00,505.6237133455022
2054,2023-03-27 13:00:00,522.7284015294521
2055,2023-03-27 14:00:00,523.9876044659438
2056,2023-03-27 15:00:00,494.9504341612952
2057,2023-03-27 16:00:00,538.3041726660095
2058,2023-03-27 17:00:00,469.68023725212436
2059,2023-03-27 18:00:00,389.23251706150677
2060,2023-03-27 19:00:00,483.3485848094901
2061,2023-03-27 20:00:00,532.9865323724583
2062,2023-03-27 21:00:00,521.3977643425462
2063,2023-03-27 22:00:00,545.7246238815279
2064,2023-03-27 23:00:00,548.9832503640469
2065,2023-03-28 00:00:00,562.9919570869228
2066,2023-03-28 01:00:00,522.0418846921916
2067,2023-03-28 02:00:00,557.9620704755184
2068,2023-03-28 03:00:00,561.2590497331244
2069,2023-03-28 04:00:00,573.2856822452623
2070,2023-03-28 05:00:00,563.2916153583741
2071,2023-03-28 06:00:00,562.8507234915036
2072,2023-03-28 07:00:00,595.2937108008634
2073,2023-03-28 08:00:00,577.6054618145406
2074,2023-03-28 09:00:00,540.3893147798155
2075,2023-03-28 10:00:00,523.9862097614334
2076,2023-03-28 11:00:00,554.1695682148165
2077,2023-03-28 12:00:00,507.351800243375
2078,2023-03-28 13:00:00,510.90447982302936
2079,2023-03-28 14:00:00,540.5989734705956
2080,2023-03-28 15:00:00,552.1270402554652
2081,2023-03-28 16:00:00,516.3123464193085
2082,2023-03-28 17:00:00,522.7308919565166
2083,2023-03-28 18:00:00,524.4989364386258
2084,2023-03-28 19:00:00,487.0991011163093
2085,2023-03-28 20:00:00,462.2787371981309
2086,2023-03-28 21:00:00,514.8828955779068
2087,2023-03-28 22:00:00,560.3045214685187
2088,2023-03-28 23:00:00,494.87330354512403
2089,2023-03-29 00:00:00,509.998382077663
2090,2023-03-29 01:00:00,506.5647699246578
2091,2023-03-29 02:00:00,544.0754921340754
2092,2023-03-29 03:00:00,535.613590516363
2093,2023-03-29 04:00:00,556.6585042713563
2094,2023-03-29 05:00:00,593.5511675550396
2095,2023-03-29 06:00:00,574.9863663560753
2096,2023-03-29 07:00:00,540.7065227712783
2097,2023-03-29 08:00:00,527.2495127810097
2098,2023-03-29 09:00:00,563.8234011225733
2099,2023-03-29 10:00:00,579.5413277188702
2100,2023-03-29 11:00:00,537.4130909647836
2101,2023-03-29 12:00:00,525.2262808791273
2102,2023-03-29 13:00:00,548.9385149494211
2103,2023-03-29 14:00:00,560.5395769906434
2104,2023-03-29 15:00:00,584.8654011092949
2105,2023-03-29 16:00:00,499.4219431599716
2106,2023-03-29 17:00:00,540.3519180474453
2107,2023-03-29 18:00:00,515.4632336579917
2108,2023-03-29 19:00:00,468.12638448065434
2109,2023-03-29 20:00:00,538.1429968568802
2110,2023-03-29 21:00:00,527.9682422862498
2111,2023-03-29 22:00:00,519.2152037832766
2112,2023-03-29 23:00:00,535.0754894912878
2113,2023-03-30 00:00:00,485.8224268830681
2114,2023-03-30 01:00:00,539.6858408105949
2115,2023-03-30 02:00:00,536.0378918659056
2116,2023-03-30 03:00:00,536.1844496372183
2117,2023-03-30 04:00:00,617.4952095373992
2118,2023-03-30 05:00:00,517.9371291596402
2119,2023-03-30 06:00:00,540.8240091874752
2120,2023-03-30 07:00:00,536.5042963608666
2121,2023-03-30 08:00:00,554.1151690138593
2122,2023-03-30 09:00:00,513.6000467250427
2123,2023-03-30 10:00:00,558.6741557739942
2124,2023-03-30 11:00:00,513.1962061536988
2125,2023-03-30 12:00:00,544.6862555817144
2126,2023-03-30 13:00:00,583.3836060003983
2127,2023-03-30 14:00:00,499.9211720993961
2128,2023-03-30 15:00:00,494.32847996059695
2129,2023-03-30 16:00:00,486.7377572488689
2130,2023-03-30 17:00:00,534.3554805824115
2131,2023-03-30 18:00:00,469.17362680042913
2132,2023-03-30 19:00:00,560.4587527054426
2133,2023-03-30 20:00:00,473.2036067992207
2134,2023-03-30 21:00:00,501.55293513290167
2135,2023-03-30 22:00:00,589.7531371972228
2136,2023-03-30 23:00:00,549.2566827414203
2137,2023-03-31 00:00:00,584.8184522676008
2138,2023-03-31 01:00:00,531.5837794417179
2139,2023-03-31 02:00:00,533.5408684258914
2140,2023-03-31 03:00:00,543.6854729984856
2141,2023-03-31 04:00:00,552.3070999425934
2142,2023-03-31 05:00:00,488.14578005011714
2143,2023-03-31 06:00:00,574.5295508880828
2144,2023-03-31 07:00:00,508.24301192779023
2145,2023-03-31 08:00:00,545.2086741552941
2146,2023-03-31 09:00:00,535.3333576104104
2147,2023-03-31 10:00:00,511.91543950154914
2148,2023-03-31 11:00:00,571.6591105298331
2149,2023-03-31 12:00:00,502.23959777049134
2150,2023-03-31 13:00:00,514.8492826914435
2151,2023-03-31 14:00:00,497.14043832693017
2152,2023-03-31 15:00:00,460.6095390984776
2153,2023-03-31 16:00:00,501.6589778110969
2154,2023-03-31 17:00:00,521.150579735494
2155,2023-03-31 18:00:00,509.749467779368
2156,2023-03-31 19:00:00,479.35687267227456
2157,2023-03-31 20:00:00,607.2890527830046
2158,2023-03-31 21:00:00,499.5019827646922
2159,2023-03-31 22:00:00,522.4102242252781
2160,2023-03-31 23:00:00,529.558210050642
2161,2023-04-01 00:00:00,537.5024564167811
2162,2023-04-01 01:00:00,465.0769391184268
2163,2023-04-01 02:00:00,554.6870638374706
2164,2023-04-01 03:00:00,487.967270699936
2165,2023-04-01 04:00:00,521.7742111651578
2166,2023-04-01 05:00:00,539.5494538619226
2167,2023-04-01 06:00:00,534.0001094025682
2168,2023-04-01 07:00:00,583.0773557241729
2169,2023-04-01 08:00:00,522.960814376053
2170,2023-04-01 09:00:00,548.4571321712106
2171,2023-04-01 10:00:00,546.4434883699571
2172,2023-04-01 11:00:00,487.4492727350155
2173,2023-04-01 12:00:00,488.76461557441553
2174,2023-04-01 13:00:00,542.1436502038714
2175,2023-04-01 14:00:00,501.8150049618389
2176,2023-04-01 15:00:00,458.70558586820675
2177,2023-04-01 16:00:00,502.4681797348756
2178,2023-04-01 17:00:00,517.3137821945636
2179,2023-04-01 18:00:00,516.3608630511605
2180,2023-04-01 19:00:00,519.831303126526
2181,2023-04-01 20:00:00,506.7916155137664
2182,2023-04-01 21:00:00,474.89700195226237
2183,2023-04-01 22:00:00,510.73237236162305
2184,2023-04-01 23:00:00,502.0862076665067
2185,2023-04-02 00:00:00,509.6632377240357
2186,2023-04-02 01:00:00,527.0811438244825
2187,2023-04-02 02:00:00,560.7667124081817
2188,2023-04-02 03:00:00,530.6986496579433
2189,2023-04-02 04:00:00,501.0505107295124
2190,2023-04-02 05:00:00,567.1929378556263
2191,2023-04-02 06:00:00,607.9922516930544
2192,2023-04-02 07:00:00,479.4649341276756
2193,2023-04-02 08:00:00,547.1330049199184
2194,2023-04-02 09:00:00,481.4593019806024
2195,2023-04-02 10:00:00,594.3345835089661
2196,2023-04-02 11:00:00,531.4752281979339
2197,2023-04-02 12:00:00,505.74614326635293
2198,2023-04-02 13:00:00,486.8370346781194
2199,2023-04-02 14:00:00,483.72225097324434
2200,2023-04-02 15:00:00,501.3280944959621
2201,2023-04-02 16:00:00,447.96870338823237
2202,2023-04-02 17:00:00,521.6312757092666
2203,2023-04-02 18:00:00,487.49642130876356
2204,2023-04-02 19:00:00,509.4236821048678
2205,2023-04-02 20:00:00,527.2253241516039
2206,2023-04-02 21:00:00,500.6893969399717
2207,2023-04-02 22:00:00,475.07556054351295
2208,2023-04-02 23:00:00,511.81839807774725
2209,2023-04-03 00:00:00,583.0275040113778
2210,2023-04-03 01:00:00,469.5409738832578
2211,2023-04-03 02:00:00,519.8952266555866
2212,2023-04-03 03:00:00,545.9414960031949
2213,2023-04-03 04:00:00,584.9130959558315
2214,2023-04-03 05:00:00,606.6983968231191
2215,2023-04-03 06:00:00,566.5169905382513
2216,2023-04-03 07:00:00,571.2329201795678
2217,2023-04-03 08:00:00,549.4690620400334
2218,2023-04-03 09:00:00,533.4994953511423
2219,2023-04-03 10:00:00,493.84039548536936
2220,2023-04-03 11:00:00,511.5966167326691
2221,2023-04-03 12:00:00,565.6705845601983
2222,2023-04-03 13:00:00,590.3267179571218
2223,2023-04-03 14:00:00,561.0705537082117
2224,2023-04-03 15:00:00,470.05140275401925
2225,2023-04-03 16:00:00,495.0767538205075
2226,2023-04-03 17:00:00,490.64646059518344
2227,2023-04-03 18:00:00,498.0983236138571
2228,2023-04-03 19:00:00,487.5770227747507
2229,2023-04-03 20:00:00,553.1944095205333
2230,2023-04-03 21:00:00,534.4895142487719
2231,2023-04-03 22:00:00,551.5302028050181
2232,2023-04-03 23:00:00,559.3326937629291
2233,2023-04-04 00:00:00,559.9104799447555
2234,2023-04-04 01:00:00,519.6304734597734
2235,2023-04-04 02:00:00,528.2449015121678
2236,2023-04-04 03:00:00,537.612296219458
2237,2023-04-04 04:00:00,545.8352635162985
2238,2023-04-04 05:00:00,523.6153318673606
2239,2023-04-04 06:00:00,572.6401846474577
2240,2023-04-04 07:00:00,580.1740983823645
2241,2023-04-04 08:00:00,543.191034633445
2242,2023-04-04 09:00:00,595.0446215538847
2243,2023-04-04 10:00:00,551.244463650905
2244,2023-04-04 11:00:00,530.9411567247331
2245,2023-04-04 12:00:00,547.5349256225983
2246,2023-04-04 13:00:00,514.2233326979625
2247,2023-04-04 14:00:00,471.4832490608422
2248,2023-04-04 15:00:00,468.3677704739171
2249,2023-04-04 16:00:00,550.7692995780379
2250,2023-04-04 17:00:00,496.6017529915482
2251,2023-04-04 18:00:00,524.3121728823808
2252,2023-04-04 19:00:00,514.368056261081
2253,2023-04-04 20:00:00,507.9347692887498
2254,2023-04-04 21:00:00,549.8735003842585
2255,2023-04-04 22:00:00,553.0647932124205
2256,2023-04-04 23:00:00,551.2428695933755
2257,2023-04-05 00:00:00,567.5442031551105
2258,2023-04-05 01:00:00,553.2495484133927
2259,2023-04-05 02:00:00,547.5540309923516
2260,2023-04-05 03:00:00,542.0019960272708
2261,2023-04-05 04:00:00,553.5890150298542
2262,2023-04-05 05:00:00,548.6925455288829
2263,2023-04-05 06:00:00,561.9730717641983
2264,2023-04-05 07:00:00,581.7884673089661
2265,2023-04-05 08:00:00,564.319418208768
2266,2023-04-05 09:00:00,530.6931603743194
2267,2023-04-05 10:00:00,547.750682084541
2268,2023-04-05 11:00:00,487.45040766899933
2269,2023-04-05 12:00:00,496.80986168780663
2270,2023-04-05 13:00:00,461.5830884613957
2271,2023-04-05 14:00:00,502.89226862527426
2272,2023-04-05 15:00:00,469.41712284643137
2273,2023-04-05 16:00:00,445.99247045744715
2274,2023-04-05 17:00:00,515.1551402028368
2275,2023-04-05 18:00:00,456.17321698064296
2276,2023-04-05 19:00:00,513.5149634308254
2277,2023-04-05 20:00:00,525.4687397555424
2278,2023-04-05 21:00:00,438.4824784832832
2279,2023-04-05 22:00:00,513.6114390820994
2280,2023-04-05 23:00:00,507.34074309319226
2281,2023-04-06 00:00:00,576.2549810463497
2282,2023-04-06 01:00:00,518.6964013747966
2283,2023-04-06 02:00:00,576.130969082655
2284,2023-04-06 03:00:00,553.7191716021972
2285,2023-04-06 04:00:00,553.5984974896583
2286,2023-04-06 05:00:00,478.631257306326
2287,2023-04-06 06:00:00,530.9531866847594
2288,2023-04-06 07:00:00,536.5577207838758
2289,2023-04-06 08:00:00,544.5834455560656
2290,2023-04-06 09:00:00,506.0018770924239
2291,2023-04-06 10:00:00,567.6122694059651
2292,2023-04-06 11:00:00,540.0891105330062
2293,2023-04-06 12:00:00,566.0651080844299
2294,2023-04-06 13:00:00,529.8790351164971
2295,2023-04-06 14:00:00,504.8450412106321
2296,2023-04-06 15:00:00,526.6107689679174
2297,2023-04-06 16:00:00,495.6743439536127
2298,2023-04-06 17:00:00,448.0023207137445
2299,2023-04-06 18:00:00,490.10595479929765
2300,2023-04-06 19:00:00,528.5191259249921
2301,2023-04-06 20:00:00,546.4816587255757
2302,2023-04-06 21:00:00,537.6539573362493
2303,2023-04-06 22:00:00,510.8279768994039
2304,2023-04-06 23:00:00,469.72267039241575
2305,2023-04-07 00:00:00,486.4347647571839
2306,2023-04-07 01:00:00,563.0449104048168
2307,2023-04-07 02:00:00,562.070203483032
2308,2023-04-07 03:00:00,539.7097705420961
2309,2023-04-07 04:00:00,587.4966944224057
2310,2023-04-07 05:00:00,574.7573927378738
2311,2023-04-07 06:00:00,500.51722804451515
2312,2023-04-07 07:00:00,593.1220812349325
2313,2023-04-07 08:00:00,510.3418879037222
2314,2023-04-07 09:00:00,509.25882061122525
2315,2023-04-07 10:00:00,521.8153422247999
2316,2023-04-07 11:00:00,534.391098934965
2317,2023-04-07 12:00:00,569.3731714739056
2318,2023-04-07 13:00:00,479.87916830289544
2319,2023-04-07 14:00:00,477.15992598420155
2320,2023-04-07 15:00:00,482.5519472424386
2321,2023-04-07 16:00:00,502.9993137598155
2322,2023-04-07 17:00:00,413.5637459077242
2323,2023-04-07 18:00:00,487.20957693904285
2324,2023-04-07 19:00:00,501.6935865319942
2325,2023-04-07 20:00:00,468.6616854066217
2326,2023-04-07 21:00:00,498.00071592203756
2327,2023-04-07 22:00:00,543.076040134669
2328,2023-04-07 23:00:00,552.0693372910164
2329,2023-04-08 00:00:00,494.7799154233714
2330,2023-04-08 01:00:00,570.1860299339684
2331,2023-04-08 02:00:00,548.3450164021763
2332,2023-04-08 03:00:00,526.9988805680312
2333,2023-04-08 04:00:00,536.8074956405659
2334,2023-04-08 05:00:00,508.1365481481395
2335,2023-04-08 06:00:00,517.074990736351
2336,2023-04-08 07:00:00,530.8998411799696
2337,2023-04-08 08:00:00,569.8640624862824
2338,2023-04-08 09:00:00,537.6760236591113
2339,2023-04-08 10:00:00,519.932867430452
2340,2023-04-08 11:00:00,513.7995487764014
2341,2023-04-08 12:00:00,507.9193721415689
2342,2023-04-08 13:00:00,498.40678108953995
2343,2023-04-08 14:00:00,476.43945999314894
2344,2023-04-08 15:00:00,467.6511853117937
2345,2023-04-08 16:00:00,481.72552041536966
2346,2023-04-08 17:00:00,487.82421090014554
2347,2023-04-08 18:00:00,468.57028238623127
2348,2023-04-08 19:00:00,536.5949204857739
2349,2023-04-08 20:00:00,488.5513518323338
2350,2023-04-08 21:00:00,420.19606374418834
2351,2023-04-08 22:00:00,526.8552185455942
2352,2023-04-08 23:00:00,554.4963790900788
2353,2023-04-09 00:00:00,466.693060103284
2354,2023-04-09 01:00:00,519.695551400009
2355,2023-04-09 02:00:00,528.5066266971172
2356,2023-04-09 03:00:00,565.9310257027824
2357,2023-04-09 04:00:00,492.2318366325989
2358,2023-04-09 05:00:00,528.3897131581047
2359,2023-04-09 06:00:00,574.5455168727544
2360,2023-04-09 07:00:00,521.2845172981428
2361,2023-04-09 08:00:00,558.0481350953476
2362,2023-04-09 09:00:00,540.9669865220152
2363,2023-04-09 10:00:00,482.7552377644313
2364,2023-04-09 11:00:00,549.7868411931993
2365,2023-04-09 12:00:00,526.7812557165604
2366,2023-04-09 13:00:00,510.9930379685499
2367,2023-04-09 14:00:00,531.0860250229846
2368,2023-04-09 15:00:00,431.7407983125469
2369,2023-04-09 16:00:00,496.26913583804094
2370,2023-04-09 17:00:00,493.9659943834026
2371,2023-04-09 18:00:00,470.2688724629453
2372,2023-04-09 19:00:00,505.79684148975355
2373,2023-04-09 20:00:00,472.01747946182945
2374,2023-04-09 21:00:00,538.9018325392649
2375,2023-04-09 22:00:00,481.86251911464046
2376,2023-04-09 23:00:00,508.2788023467798
2377,2023-04-10 00:00:00,474.5340165799127
2378,2023-04-10 01:00:00,493.2943763395854
2379,2023-04-10 02:00:00,520.3473121191277
2380,2023-04-10 03:00:00,541.0115644016104
2381,2023-04-10 04:00:00,513.5120151731736
2382,2023-04-10 05:00:00,535.2318436979812
2383,2023-04-10 06:00:00,497.4269292956677
2384,2023-04-10 07:00:00,553.0326947984311
2385,2023-04-10 08:00:00,522.4325910487516
2386,2023-04-10 09:00:00,518.5578157298385
2387,2023-04-10 10:00:00,504.34944539530414
2388,2023-04-10 11:00:00,537.0004533910883
2389,2023-04-10 12:00:00,472.2518122450918
2390,2023-04-10 13:00:00,469.9958612755204
2391,2023-04-10 14:00:00,487.449351721367
2392,2023-04-10 15:00:00,475.8286868239604
2393,2023-04-10 16:00:00,545.3061992311484
2394,2023-04-10 17:00:00,469.7709018311007
2395,2023-04-10 18:00:00,479.90128476706235
2396,2023-04-10 19:00:00,440.6382905876259
2397,2023-04-10 20:00:00,441.4187226670106
2398,2023-04-10 21:00:00,437.1192590526033
2399,2023-04-10 22:00:00,452.69672564724505
2400,2023-04-10 23:00:00,484.59447627309225
2401,2023-04-11 00:00:00,447.5303286861842
2402,2023-04-11 01:00:00,547.8423551883081
2403,2023-04-11 02:00:00,486.2663712283907
2404,2023-04-11 03:00:00,528.2450684416411
2405,2023-04-11 04:00:00,495.5383044024373
2406,2023-04-11 05:00:00,520.7845980059492
2407,2023-04-11 06:00:00,510.92739387310615
2408,2023-04-11 07:00:00,512.3915569306316
2409,2023-04-11 08:00:00,533.7153093278589
2410,2023-04-11 09:00:00,496.17950091027274
2411,2023-04-11 10:00:00,508.283777172778
2412,2023-04-11 11:00:00,500.6746324442992
2413,2023-04-11 12:00:00,529.2931312277345
2414,2023-04-11 13:00:00,500.5830867567371
2415,2023-04-11 14:00:00,510.8201942971236
2416,2023-04-11 15:00:00,514.0986543737577
2417,2023-04-11 16:00:00,495.72853824102805
2418,2023-04-11 17:00:00,474.1547561903309
2419,2023-04-11 18:00:00,429.4410491958529
2420,2023-04-11 19:00:00,420.302608309823
2421,2023-04-11 20:00:00,495.7186694958458
2422,2023-04-11 21:00:00,505.2089673681039
2423,2023-04-11 22:00:00,473.6784566842756
2424,2023-04-11 23:00:00,488.8346562497496
2425,2023-04-12 00:00:00,472.8304533838995
2426,2023-04-12 01:00:00,522.1396155532981
2427,2023-04-12 02:00:00,502.07359483329276
2428,2023-04-12 03:00:00,479.3250554816694
2429,2023-04-12 04:00:00,527.425173946762
2430,2023-04-12 05:00:00,550.5086711209952
2431,2023-04-12 06:00:00,527.7718253535879
2432,2023-04-12 07:00:00,502.3732447194463
2433,2023-04-12 08:00:00,545.4446824042303
2434,2023-04-12 09:00:00,587.6912758912079
2435,2023-04-12 10:00:00,524.0242862609481
2436,2023-04-12 11:00:00,516.7915897752707
2437,2023-04-12 12:00:00,501.8314393679373
2438,2023-04-12 13:00:00,528.5018060862277
2439,2023-04-12 14:00:00,507.4836255052548
2440,2023-04-12 15:00:00,466.24118838496554
2441,2023-04-12 16:00:00,442.74229774560547
2442,2023-04-12 17:00:00,499.2891762906895
2443,2023-04-12 18:00:00,478.55895633867993
2444,2023-04-12 19:00:00,462.50036511465163
2445,2023-04-12 20:00:00,433.8587913418615
2446,2023-04-12 21:00:00,499.46133892408517
2447,2023-04-12 22:00:00,464.3854745685322
2448,2023-04-12 23:00:00,467.4735174357202
2449,2023-04-13 00:00:00,505.92726706959456
2450,2023-04-13 01:00:00,497.95794818757355
2451,2023-04-13 02:00:00,566.7432095255285
2452,2023-04-13 03:00:00,524.2127622264104
2453,2023-04-13 04:00:00,527.4208332338637
2454,2023-04-13 05:00:00,574.4445946316495
2455,2023-04-13 06:00:00,567.4753167771291
2456,2023-04-13 07:00:00,489.72225002307334
2457,2023-04-13 08:00:00,572.5092896520542
2458,2023-04-13 09:00:00,526.9647395855408
2459,2023-04-13 10:00:00,519.3777316210036
2460,2023-04-13 11:00:00,515.4382719402402
2461,2023-04-13 12:00:00,468.7980951798127
2462,2023-04-13 13:00:00,527.2063385070318
2463,2023-04-13 14:00:00,496.3208027738782
2464,2023-04-13 15:00:00,490.4798843483353
2465,2023-04-13 16:00:00,512.2900522243947
2466,2023-04-13 17:00:00,528.3099398907117
2467,2023-04-13 18:00:00,525.7553252080353
2468,2023-04-13 19:00:00,528.9725916322024
2469,2023-04-13 20:00:00,485.77610142814194
2470,2023-04-13 21:00:00,495.4273616000205
2471,2023-04-13 22:00:00,484.0041073135643
2472,2023-04-13 23:00:00,452.0569851491876
2473,2023-04-14 00:00:00,521.5403498353877
2474,2023-04-14 01:00:00,515.1758240363657
2475,2023-04-14 02:00:00,516.177481654473
2476,2023-04-14 03:00:00,538.257614189746
2477,2023-04-14 04:00:00,506.110396723224
2478,2023-04-14 05:00:00,507.140742631345
2479,2023-04-14 06:00:00,531.8685091246409
2480,2023-04-14 07:00:00,536.7892203858705
2481,2023-04-14 08:00:00,550.947998535709
2482,2023-04-14 09:00:00,565.5728757276654
2483,2023-04-14 10:00:00,570.281959671428
2484,2023-04-14 11:00:00,581.4699411363252
2485,2023-04-14 12:00:00,518.5039879072729
2486,2023-04-14 13:00:00,536.4802104917686
2487,2023-04-14 14:00:00,504.3944891356902
2488,2023-04-14 15:00:00,515.2891900329474
2489,2023-04-14 16:00:00,464.1822124899075
2490,2023-04-14 17:00:00,516.5397184516744
2491,2023-04-14 18:00:00,543.2520861754554
2492,2023-04-14 19:00:00,443.2279708617953
2493,2023-04-14 20:00:00,474.10504653760364
2494,2023-04-14 21:00:00,497.882889136229
2495,2023-04-14 22:00:00,473.3736216180924
2496,2023-04-14 23:00:00,485.8896572074515
2497,2023-04-15 00:00:00,505.06525164432526
2498,2023-04-15 01:00:00,531.7338011672636
2499,2023-04-15 02:00:00,530.4162419474853
2500,2023-04-15 03:00:00,520.8239816549625
2501,2023-04-15 04:00:00,525.5465866359054
2502,2023-04-15 05:00:00,434.7352261544832
2503,2023-04-15 06:00:00,572.1707881500039
2504,2023-04-15 07:00:00,554.5347650603101
2505,2023-04-15 08:00:00,488.4045436801576
2506,2023-04-15 09:00:00,476.289767728491
2507,2023-04-15 10:00:00,483.3265923076426
2508,2023-04-15 11:00:00,511.65623619644015
2509,2023-04-15 12:00:00,514.8647658312516
2510,2023-04-15 13:00:00,483.71086461230675
2511,2023-04-15 14:00:00,512.4297601056031
2512,2023-04-15 15:00:00,550.8955642383336
2513,2023-04-15 16:00:00,498.9339753583941
2514,2023-04-15 17:00:00,526.2929535448894
2515,2023-04-15 18:00:00,461.54837236464624
2516,2023-04-15 19:00:00,444.5158122846747
2517,2023-04-15 20:00:00,515.5993140049749
2518,2023-04-15 21:00:00,469.32405099151856
2519,2023-04-15 22:00:00,536.8321400311065
2520,2023-04-15 23:00:00,541.9848920872513
2521,2023-04-16 00:00:00,552.6909621439065
2522,2023-04-16 01:00:00,507.05598407315466
2523,2023-04-16 02:00:00,457.83929879399403
2524,2023-04-16 03:00:00,490.0079436427412
2525,2023-04-16 04:00:00,492.45888988745145
2526,2023-04-16 05:00:00,535.651855258486
2527,2023-04-16 06:00:00,556.4590831765815
2528,2023-04-16 07:00:00,532.8944392269783
2529,2023-04-16 08:00:00,497.5648863870715
2530,2023-04-16 09:00:00,532.0415922701187
2531,2023-04-16 10:00:00,522.142105956904
2532,2023-04-16 11:00:00,537.6357941966612
2533,2023-04-16 12:00:00,531.1577198071038
2534,2023-04-16 13:00:00,501.9911250362784
2535,2023-04-16 14:00:00,523.9992822584985
2536,2023-04-16 15:00:00,485.14044042288066
2537,2023-04-16 16:00:00,441.42254267641647
2538,2023-04-16 17:00:00,447.9162288673085
2539,2023-04-16 18:00:00,487.8291750582271
2540,2023-04-16 19:00:00,494.0733850437095
2541,2023-04-16 20:00:00,446.17527734048116
2542,2023-04-16 21:00:00,462.5460089139301
2543,2023-04-16 22:00:00,491.7472861103156
2544,2023-04-16 23:00:00,492.8392486742613
2545,2023-04-17 00:00:00,479.2654061835935
2546,2023-04-17 01:00:00,480.1187503629627
2547,2023-04-17 02:00:00,542.7238846400047
2548,2023-04-17 03:00:00,502.4490576092589
2549,2023-04-17 04:00:00,484.03405455290306
2550,2023-04-17 05:00:00,521.932927433865
2551,2023-04-17 06:00:00,513.4035813075002
2552,2023-04-17 07:00:00,528.7114567718198
2553,2023-04-17 08:00:00,516.3786864838528
2554,2023-04-17 09:00:00,538.8987514186401
2555,2023-04-17 10:00:00,485.6220754082487
2556,2023-04-17 11:00:00,484.6084362622995
2557,2023-04-17 12:00:00,484.74696442751576
2558,2023-04-17 13:00:00,521.6970911577741
2559,2023-04-17 14:00:00,514.3213822834358
2560,2023-04-17 15:00:00,468.5199314983052
2561,2023-04-17 16:00:00,477.1355014696789
2562,2023-04-17 17:00:00,434.51013378253106
2563,2023-04-17 18:00:00,511.65162421307804
2564,2023-04-17 19:00:00,515.2549399184727
2565,2023-04-17 20:00:00,478.5183472673799
2566,2023-04-17 21:00:00,496.24252571346955
2567,2023-04-17 22:00:00,463.7123832734547
2568,2023-04-17 23:00:00,508.42224272589414
2569,2023-04-18 00:00:00,503.14458024749956
2570,2023-04-18 01:00:00,530.680274397492
2571,2023-04-18 02:00:00,561.2326440595655
2572,2023-04-18 03:00:00,488.59175592472747
2573,2023-04-18 04:00:00,543.0587704176534
2574,2023-04-18 05:00:00,491.85484488004283
2575,2023-04-18 06:00:00,558.4951053200436
2576,2023-04-18 07:00:00,515.0563778602049
2577,2023-04-18 08:00:00,554.5910573949618
2578,2023-04-18 09:00:00,474.59235942054164
2579,2023-04-18 10:00:00,525.5335251913439
2580,2023-04-18 11:00:00,472.68115652985244
2581,2023-04-18 12:00:00,515.4898818416838
2582,2023-04-18 13:00:00,530.062754589665
2583,2023-04-18 14:00:00,469.36414353225456
2584,2023-04-18 15:00:00,495.78483365304646
2585,2023-04-18 16:00:00,506.87341454033015
2586,2023-04-18 17:00:00,445.10469060838597
2587,2023-04-18 18:00:00,484.9484140199996
2588,2023-04-18 19:00:00,476.62734284170494
2589,2023-04-18 20:00:00,551.1520027730437
2590,2023-04-18 21:00:00,493.88060239282504
2591,2023-04-18 22:00:00,483.542074726269
2592,2023-04-18 23:00:00,493.8951950871686
2593,2023-04-19 00:00:00,493.38519700119105
2594,2023-04-19 01:00:00,519.7582117353134
2595,2023-04-19 02:00:00,547.3558080067381
2596,2023-04-19 03:00:00,484.82684796742086
2597,2023-04-19 04:00:00,493.72343564788
2598,2023-04-19 05:00:00,496.73284217991466
2599,2023-04-19 06:00:00,533.2597038030664
2600,2023-04-19 07:00:00,531.2636744141278
2601,2023-04-19 08:00:00,540.7414489939722
2602,2023-04-19 09:00:00,522.9043405592829
2603,2023-04-19 10:00:00,507.5482907777398
2604,2023-04-19 11:00:00,530.4305282846708
2605,2023-04-19 12:00:00,516.8328472362379
2606,2023-04-19 13:00:00,491.5040560034959
2607,2023-04-19 14:00:00,508.7946062981683
2608,2023-04-19 15:00:00,489.08892417185825
2609,2023-04-19 16:00:00,481.2449644156717
2610,2023-04-19 17:00:00,461.00693357681376
2611,2023-04-19 18:00:00,425.00799790081163
2612,2023-04-19 19:00:00,470.00443586534516
2613,2023-04-19 20:00:00,439.6947001439199
2614,2023-04-19 21:00:00,479.5191766641005
2615,2023-04-19 22:00:00,427.9481007379511
2616,2023-04-19 23:00:00,471.93824603175676
2617,2023-04-20 00:00:00,477.97413404693197
2618,2023-04-20 01:00:00,477.7902151267442
2619,2023-04-20 02:00:00,479.1721105403975
2620,2023-04-20 03:00:00,508.60068526278013
2621,2023-04-20 04:00:00,495.1104700306261
2622,2023-04-20 05:00:00,544.0024086330308
2623,2023-04-20 06:00:00,534.9626277904165
2624,2023-04-20 07:00:00,516.9543792190005
2625,2023-04-20 08:00:00,504.6870169714378
2626,2023-04-20 09:00:00,493.79233673682666
2627,2023-04-20 10:00:00,513.3857901034239
2628,2023-04-20 11:00:00,522.3198590972532
2629,2023-04-20 12:00:00,463.7054109970909
2630,2023-04-20 13:00:00,504.3080316161049
2631,2023-04-20 14:00:00,476.7294706311686
2632,2023-04-20 15:00:00,464.00671853543895
2633,2023-04-20 16:00:00,420.28413632803614
2634,2023-04-20 17:00:00,459.87950063844295
2635,2023-04-20 18:00:00,439.0380710905355
2636,2023-04-20 19:00:00,489.2038488263477
2637,2023-04-20 20:00:00,447.27456739893387
2638,2023-04-20 21:00:00,514.4284527474144
2639,2023-04-20 22:00:00,502.54519977915635
2640,2023-04-20 23:00:00,491.29455848041067
2641,2023-04-21 00:00:00,511.8315815824712
2642,2023-04-21 01:00:00,486.792886423896
2643,2023-04-21 02:00:00,543.2040661574522
2644,2023-04-21 03:00:00,542.9039497255606
2645,2023-04-21 04:00:00,526.6834391071225
2646,2023-04-21 05:00:00,558.2776790850603
2647,2023-04-21 06:00:00,514.7445633323093
2648,2023-04-21 07:00:00,532.1387539883788
2649,2023-04-21 08:00:00,498.0250340659078
2650,2023-04-21 09:00:00,527.4713447771088
2651,2023-04-21 10:00:00,504.89127901457096
2652,2023-04-21 11:00:00,521.5108122596307
2653,2023-04-21 12:00:00,493.4781785982212
2654,2023-04-21 13:00:00,528.2864509345299
2655,2023-04-21 14:00:00,459.0199247392644
2656,2023-04-21 15:00:00,458.2588919905506
2657,2023-04-21 16:00:00,529.9192861831233
2658,2023-04-21 17:00:00,482.7643648401601
2659,2023-04-21 18:00:00,519.6134035690775
2660,2023-04-21 19:00:00,506.53263831581813
2661,2023-04-21 20:00:00,470.09521243503485
2662,2023-04-21 21:00:00,492.7190202485752
2663,2023-04-21 22:00:00,521.2210003094332
2664,2023-04-21 23:00:00,448.63727241337955
2665,2023-04-22 00:00:00,518.6567286046665
2666,2023-04-22 01:00:00,492.0499261014558
2667,2023-04-22 02:00:00,525.2111741503244
2668,2023-04-22 03:00:00,514.2463079185408
2669,2023-04-22 04:00:00,536.6092257383441
2670,2023-04-22 05:00:00,551.569385990201
2671,2023-04-22 06:00:00,612.8622815462368
2672,2023-04-22 07:00:00,514.0404810324378
2673,2023-04-22 08:00:00,497.26887152976093
2674,2023-04-22 09:00:00,517.9470452588833
2675,2023-04-22 10:00:00,545.6117300734934
2676,2023-04-22 11:00:00,508.6336968346949
2677,2023-04-22 12:00:00,443.9663328398859
2678,2023-04-22 13:00:00,433.7000793772207
2679,2023-04-22 14:00:00,444.61056958672543
2680,2023-04-22 15:00:00,465.76144951872044
2681,2023-04-22 16:00:00,472.6895779725217
2682,2023-04-22 17:00:00,465.7004179699447
2683,2023-04-22 18:00:00,462.2903332421736
2684,2023-04-22 19:00:00,459.4650074289631
2685,2023-04-22 20:00:00,476.8469716018383
2686,2023-04-22 21:00:00,465.785780582337
2687,2023-04-22 22:00:00,465.5748097815178
2688,2023-04-22 23:00:00,456.2446453721322
2689,2023-04-23 00:00:00,472.16572466720913
2690,2023-04-23 01:00:00,493.9481435999375
2691,2023-04-23 02:00:00,535.9847699723913
2692,2023-04-23 03:00:00,465.2183083456986
2693,2023-04-23 04:00:00,491.660573930668
2694,2023-04-23 05:00:00,484.8325458519805
2695,2023-04-23 06:00:00,524.5875922523908
2696,2023-04-23 07:00:00,481.93327110216603
2697,2023-04-23 08:00:00,559.5953644571008
2698,2023-04-23 09:00:00,509.1080726298623
2699,2023-04-23 10:00:00,546.9188528546149
2700,2023-04-23 11:00:00,516.3783764959294
2701,2023-04-23 12:00:00,492.939113641018
2702,2023-04-23 13:00:00,462.4831170040387
2703,2023-04-23 14:00:00,444.1392284021375
2704,2023-04-23 15:00:00,493.77211585305025
2705,2023-04-23 16:00:00,503.44978743566844
2706,2023-04-23 17:00:00,459.7928618742353
2707,2023-04-23 18:00:00,442.13911865744143
2708,2023-04-23 19:00:00,384.37857988841546
2709,2023-04-23 20:00:00,523.4574398167798
2710,2023-04-23 21:00:00,440.19263711005556
2711,2023-04-23 22:00:00,506.66137887395047
2712,2023-04-23 23:00:00,484.20841224877705
2713,2023-04-24 00:00:00,463.1855525088077
2714,2023-04-24 01:00:00,452.7357049927058
2715,2023-04-24 02:00:00,464.49809560633264
2716,2023-04-24 03:00:00,487.6033231065449
2717,2023-04-24 04:00:00,530.7994544863254
2718,2023-04-24 05:00:00,520.2461877439165
2719,2023-04-24 06:00:00,468.76036874347017
2720,2023-04-24 07:00:00,548.3435275931062
2721,2023-04-24 08:00:00,484.1352814223451
2722,2023-04-24 09:00:00,529.6294549958174
2723,2023-04-24 10:00:00,541.3931482947569
2724,2023-04-24 11:00:00,483.3113692572983
2725,2023-04-24 12:00:00,528.1577555880117
2726,2023-04-24 13:00:00,458.0554717818004
2727,2023-04-24 14:00:00,476.4437270866761
2728,2023-04-24 15:00:00,451.4738662714828
2729,2023-04-24 16:00:00,470.4441036960835
2730,2023-04-24 17:00:00,488.40021662637605
2731,2023-04-24 18:00:00,479.20729963610063
2732,2023-04-24 19:00:00,460.67447425044094
2733,2023-04-24 20:00:00,475.84897313676595
2734,2023-04-24 21:00:00,489.72708008476667
2735,2023-04-24 22:00:00,466.8478467091565
2736,2023-04-24 23:00:00,474.6152062067551
2737,2023-04-25 00:00:00,513.390875133568
2738,2023-04-25 01:00:00,470.8381326817497
2739,2023-04-25 02:00:00,471.1078556010195
2740,2023-04-25 03:00:00,479.12685536830963
2741,2023-04-25 04:00:00,497.5405125575105
2742,2023-04-25 05:00:00,504.87256127269296
2743,2023-04-25 06:00:00,535.1938489119855
2744,2023-04-25 07:00:00,528.1364307430695
2745,2023-04-25 08:00:00,509.71081971926344
2746,2023-04-25 09:00:00,519.4611650047531
2747,2023-04-25 10:00:00,523.7878300202827
2748,2023-04-25 11:00:00,449.6104120003342
2749,2023-04-25 12:00:00,521.9191884470175
2750,2023-04-25 13:00:00,489.3146580016363
2751,2023-04-25 14:00:00,467.2491995277531
2752,2023-04-25 15:00:00,486.0074500721081
2753,2023-04-25 16:00:00,437.8397981361103
2754,2023-04-25 17:00:00,448.78289050341743
2755,2023-04-25 18:00:00,466.0447436435557
2756,2023-04-25 19:00:00,436.46975458605516
2757,2023-04-25 20:00:00,459.95747552778346
2758,2023-04-25 21:00:00,495.23055511692183
2759,2023-04-25 22:00:00,489.0668745929843
2760,2023-04-25 23:00:00,453.1060430509362
2761,2023-04-26 00:00:00,498.4036018224047
2762,2023-04-26 01:00:00,444.95770347586534
2763,2023-04-26 02:00:00,457.40613924389044
2764,2023-04-26 03:00:00,501.9525514478088
2765,2023-04-26 04:00:00,481.5758126810931
2766,2023-04-26 05:00:00,502.5852989590254
2767,2023-04-26 06:00:00,476.16562913100745
2768,2023-04-26 07:00:00,509.0617719121958
2769,2023-04-26 08:00:00,499.4766887232236
2770,2023-04-26 09:00:00,510.3866525917493
2771,2023-04-26 10:00:00,541.1687758899304
2772,2023-04-26 11:00:00,502.47056414339
2773,2023-04-26 12:00:00,458.77627192220666
2774,2023-04-26 13:00:00,434.1288063503244
2775,2023-04-26 14:00:00,463.45445354452
2776,2023-04-26 15:00:00,600.223759538243
2777,2023-04-26 16:00:00,480.88469527502934
2778,2023-04-26 17:00:00,501.46062831714045
2779,2023-04-26 18:00:00,424.56624317304886
2780,2023-04-26 19:00:00,455.2005235082594
2781,2023-04-26 20:00:00,456.0008983924132
2782,2023-04-26 21:00:00,451.0077630615391
2783,2023-04-26 22:00:00,489.92179732963734
2784,2023-04-26 23:00:00,505.811295575108
2785,2023-04-27 00:00:00,464.9042845676407
2786,2023-04-27 01:00:00,459.9112842937315
2787,2023-04-27 02:00:00,449.93678610225203
2788,2023-04-27 03:00:00,459.58370034000546
2789,2023-04-27 04:00:00,509.8942342249536
2790,2023-04-27 05:00:00,516.5027898365837
2791,2023-04-27 06:00:00,507.91058808899226
2792,2023-04-27 07:00:00,520.7185366701957
2793,2023-04-27 08:00:00,483.3970151628359
2794,2023-04-27 09:00:00,545.1912580189926
2795,2023-04-27 10:00:00,523.5809719866426
2796,2023-04-27 11:00:00,475.2045794193341
2797,2023-04-27 12:00:00,505.3547516041998
2798,2023-04-27 13:00:00,421.6222119064261
2799,2023-04-27 14:00:00,484.26672460071546
2800,2023-04-27 15:00:00,437.20195441283
2801,2023-04-27 16:00:00,423.5706561129934
2802,2023-04-27 17:00:00,472.38471384855853
2803,2023-04-27 18:00:00,460.0776898028977
2804,2023-04-27 19:00:00,527.0901816549953
2805,2023-04-27 20:00:00,437.06327392802507
2806,2023-04-27 21:00:00,431.10229288153096
2807,2023-04-27 22:00:00,495.8032988189781
2808,2023-04-27 23:00:00,477.4838554421861
2809,2023-04-28 00:00:00,484.2286323292346
2810,2023-04-28 01:00:00,477.1666445221765
2811,2023-04-28 02:00:00,470.86950405346124
2812,2023-04-28 03:00:00,459.38424546572037
2813,2023-04-28 04:00:00,512.4933387685586
2814,2023-04-28 05:00:00,487.8232065720567
2815,2023-04-28 06:00:00,519.9437684794178
2816,2023-04-28 07:00:00,467.5315179696913
2817,2023-04-28 08:00:00,491.1801226863368
2818,2023-04-28 09:00:00,557.2699955673668
2819,2023-04-28 10:00:00,479.78472629712786
2820,2023-04-28 11:00:00,509.1258813186957
2821,2023-04-28 12:00:00,497.0406524959867
2822,2023-04-28 13:00:00,460.79975432021575
2823,2023-04-28 14:00:00,473.01903374402104
2824,2023-04-28 15:00:00,431.39719872934535
2825,2023-04-28 16:00:00,421.4838214145198
2826,2023-04-28 17:00:00,376.43567341806374
2827,2023-04-28 18:00:00,416.9165598973408
2828,2023-04-28 19:00:00,408.90179818951344
2829,2023-04-28 20:00:00,408.9141999961696
2830,2023-04-28 21:00:00,480.26709248387664
2831,2023-04-28 22:00:00,490.84998969277774
2832,2023-04-28 23:00:00,524.2489108360693
2833,2023-04-29 00:00:00,515.9345344162842
2834,2023-04-29 01:00:00,479.9980461448951
2835,2023-04-29 02:00:00,458.80783906968213
2836,2023-04-29 03:00:00,469.58410306197015
2837,2023-04-29 04:00:00,537.0675347076843
2838,2023-04-29 05:00:00,496.50509481898547
2839,2023-04-29 06:00:00,480.4588875900124
2840,2023-04-29 07:00:00,510.943568530953
2841,2023-04-29 08:00:00,534.6743783315011
2842,2023-04-29 09:00:00,423.8596664923109
2843,2023-04-29 10:00:00,451.08745679264916
2844,2023-04-29 11:00:00,506.164114743083
2845,2023-04-29 12:00:00,498.5703177011549
2846,2023-04-29 13:00:00,507.0357785989996
2847,2023-04-29 14:00:00,432.48224954133445
2848,2023-04-29 15:00:00,471.9413183114676
2849,2023-04-29 16:00:00,486.4308170544491
2850,2023-04-29 17:00:00,421.03521924249037
2851,2023-04-29 18:00:00,438.5546344043705
2852,2023-04-29 19:00:00,416.831853061611
2853,2023-04-29 20:00:00,466.0828103477126
2854,2023-04-29 21:00:00,555.4555272726531
2855,2023-04-29 22:00:00,421.64033913103566
2856,2023-04-29 23:00:00,466.6618075411243
2857,2023-04-30 00:00:00,543.0321001402301
2858,2023-04-30 01:00:00,443.4485390814488
2859,2023-04-30 02:00:00,464.43537583974353
2860,2023-04-30 03:00:00,509.5521834291769
2861,2023-04-30 04:00:00,560.4170295487966
2862,2023-04-30 05:00:00,466.7750048889124
2863,2023-04-30 06:00:00,526.983857487192
2864,2023-04-30 07:00:00,516.0189787860024
2865,2023-04-30 08:00:00,534.0860301540947
2866,2023-04-30 09:00:00,483.7576786960632
2867,2023-04-30 10:00:00,513.9154050563569
2868,2023-04-30 11:00:00,485.0607578330829
2869,2023-04-30 12:00:00,481.8825970433536
2870,2023-04-30 13:00:00,485.6022095778329
2871,2023-04-30 14:00:00,460.9123357177923
2872,2023-04-30 15:00:00,489.0349424304661
2873,2023-04-30 16:00:00,403.6521430624524
2874,2023-04-30 17:00:00,446.76544673493504
2875,2023-04-30 18:00:00,409.8059578953396
2876,2023-04-30 19:00:00,453.67883114009913
2877,2023-04-30 20:00:00,506.466128401048
2878,2023-04-30 21:00:00,444.3141145338038
2879,2023-04-30 22:00:00,500.01479355903234
2880,2023-04-30 23:00:00,517.4008238345024
2881,2023-05-01 00:00:00,492.7741583417596
2882,2023-05-01 01:00:00,462.05842303751444
2883,2023-05-01 02:00:00,514.3690994713289
2884,2023-05-01 03:00:00,534.4356417612116
2885,2023-05-01 04:00:00,478.4410870254408
2886,2023-05-01 05:00:00,500.9702354177534
2887,2023-05-01 06:00:00,481.3506040450288
2888,2023-05-01 07:00:00,471.14527300793884
2889,2023-05-01 08:00:00,511.4158978738852
2890,2023-05-01 09:00:00,494.39411995147
2891,2023-05-01 10:00:00,493.6338649815116
2892,2023-05-01 11:00:00,483.184128609609
2893,2023-05-01 12:00:00,447.1404444888578
2894,2023-05-01 13:00:00,454.03704952983315
2895,2023-05-01 14:00:00,415.79178653327546
2896,2023-05-01 15:00:00,430.6804877025791
2897,2023-05-01 16:00:00,482.94754614046104
2898,2023-05-01 17:00:00,452.04385298706893
2899,2023-05-01 18:00:00,465.6561131289909
2900,2023-05-01 19:00:00,416.4576462410786
2901,2023-05-01 20:00:00,462.2132708789595
2902,2023-05-01 21:00:00,526.1143374810982
2903,2023-05-01 22:00:00,420.6797524752863
2904,2023-05-01 23:00:00,460.5275563782838
2905,2023-05-02 00:00:00,499.2720064449224
2906,2023-05-02 01:00:00,443.54257548591556
2907,2023-05-02 02:00:00,515.4238140153161
2908,2023-05-02 03:00:00,447.23467399922464
2909,2023-05-02 04:00:00,520.1233497086256
2910,2023-05-02 05:00:00,507.7326349562317
2911,2023-05-02 06:00:00,607.6366829652951
2912,2023-05-02 07:00:00,498.09845186053076
2913,2023-05-02 08:00:00,537.2105755067793
2914,2023-05-02 09:00:00,490.8133233362185
2915,2023-05-02 10:00:00,508.7792905520659
2916,2023-05-02 11:00:00,493.94982336146387
2917,2023-05-02 12:00:00,501.4784010254251
2918,2023-05-02 13:00:00,419.8961850434576
2919,2023-05-02 14:00:00,468.91453723397797
2920,2023-05-02 15:00:00,470.1955599452532
2921,2023-05-02 16:00:00,469.2350074913985
2922,2023-05-02 17:00:00,441.57064734093757
2923,2023-05-02 18:00:00,403.06448853496545
2924,2023-05-02 19:00:00,421.03357489221526
2925,2023-05-02 20:00:00,440.96310149610935
2926,2023-05-02 21:00:00,503.78598890381676
2927,2023-05-02 22:00:00,438.7148642438971
2928,2023-05-02 23:00:00,440.2168968482287
2929,2023-05-03 00:00:00,419.4791965047729
2930,2023-05-03 01:00:00,523.970191093061
2931,2023-05-03 02:00:00,548.7115153609528
2932,2023-05-03 03:00:00,523.2203004694031
2933,2023-05-03 04:00:00,514.156310314472
2934,2023-05-03 05:00:00,516.0640734674525
2935,2023-05-03 06:00:00,485.6637536954355
2936,2023-05-03 07:00:00,482.3003776660945
2937,2023-05-03 08:00:00,571.1951293656091
2938,2023-05-03 09:00:00,479.68390902349927
2939,2023-05-03 10:00:00,491.4923359043825
2940,2023-05-03 11:00:00,481.3460248236706
2941,2023-05-03 12:00:00,443.89083475746804
2942,2023-05-03 13:00:00,474.18178024410776
2943,2023-05-03 14:00:00,448.03451873400235
2944,2023-05-03 15:00:00,461.1124792856646
2945,2023-05-03 16:00:00,448.72357874493423
2946,2023-05-03 17:00:00,402.9949756169674
2947,2023-05-03 18:00:00,449.7491047438899
2948,2023-05-03 19:00:00,465.1873572936262
2949,2023-05-03 20:00:00,444.22558321425146
2950,2023-05-03 21:00:00,426.384746888825
2951,2023-05-03 22:00:00,472.34692237817484
2952,2023-05-03 23:00:00,502.1713144852862
2953,2023-05-04 00:00:00,469.02920356275547
2954,2023-05-04 01:00:00,453.29520095218993
2955,2023-05-04 02:00:00,460.08289169579837
2956,2023-05-04 03:00:00,477.96604980221315
2957,2023-05-04 04:00:00,524.1853358465621
2958,2023-05-04 05:00:00,422.00601698602816
2959,2023-05-04 06:00:00,451.5301260475542
2960,2023-05-04 07:00:00,534.5958376374396
2961,2023-05-04 08:00:00,504.2951562844977
2962,2023-05-04 09:00:00,471.4647789317492
2963,2023-05-04 10:00:00,454.028217253583
2964,2023-05-04 11:00:00,455.89956960443374
2965,2023-05-04 12:00:00,493.428828220572
2966,2023-05-04 13:00:00,443.48745607954726
2967,2023-05-04 14:00:00,447.4067829139573
2968,2023-05-04 15:00:00,461.53124009907265
2969,2023-05-04 16:00:00,464.2582359692588
2970,2023-05-04 17:00:00,506.52372164339755
2971,2023-05-04 18:00:00,446.3448125342796
2972,2023-05-04 19:00:00,425.05458815245987
2973,2023-05-04 20:00:00,434.9595811273872
2974,2023-05-04 21:00:00,439.93282144236804
2975,2023-05-04 22:00:00,481.6762914930217
2976,2023-05-04 23:00:00,478.2442080805188
2977,2023-05-05 00:00:00,454.0676243147471
2978,2023-05-05 01:00:00,480.0042273829592
2979,2023-05-05 02:00:00,491.3693139178174
2980,2023-05-05 03:00:00,472.28519451887337
2981,2023-05-05 04:00:00,514.8158950104366
2982,2023-05-05 05:00:00,508.95872919449266
2983,2023-05-05 06:00:00,535.7578235203995
2984,2023-05-05 07:00:00,533.9786655863527
2985,2023-05-05 08:00:00,504.46044589054395
2986,2023-05-05 09:00:00,413.0514954185651
2987,2023-05-05 10:00:00,444.8207823505045
2988,2023-05-05 11:00:00,507.9094899735933
2989,2023-05-05 12:00:00,452.3408356718347
2990,2023-05-05 13:00:00,461.5530802647561
2991,2023-05-05 14:00:00,418.7928823548007
2992,2023-05-05 15:00:00,487.42475140725855
2993,2023-05-05 16:00:00,421.3056080670925
2994,2023-05-05 17:00:00,429.2099633387197
2995,2023-05-05 18:00:00,481.40725081900996
2996,2023-05-05 19:00:00,504.2875924349149
2997,2023-05-05 20:00:00,454.3730879066804
2998,2023-05-05 21:00:00,471.32663596018136
2999,2023-05-05 22:00:00,440.83981050833614
3000,2023-05-05 23:00:00,446.0088462077763
3001,2023-05-06 00:00:00,413.4933046466243
3002,2023-05-06 01:00:00,462.0266711257528
3003,2023-05-06 02:00:00,476.3594260878494
3004,2023-05-06 03:00:00,496.36028229447544
3005,2023-05-06 04:00:00,499.6734696132685
3006,2023-05-06 05:00:00,517.9777872554497
3007,2023-05-06 06:00:00,508.0911908457086
3008,2023-05-06 07:00:00,445.48055538959915
3009,2023-05-06 08:00:00,514.6911538904694
3010,2023-05-06 09:00:00,423.228840597013
3011,2023-05-06 10:00:00,457.3042720900914
3012,2023-05-06 11:00:00,408.0545518200268
3013,2023-05-06 12:00:00,489.1322875330309
3014,2023-05-06 13:00:00,477.88078355928735
3015,2023-05-06 14:00:00,456.07295148052486
3016,2023-05-06 15:00:00,445.3851849295247
3017,2023-05-06 16:00:00,464.7957617218575
3018,2023-05-06 17:00:00,499.5982181225861
3019,2023-05-06 18:00:00,407.00542848736023
3020,2023-05-06 19:00:00,407.1512947507225
3021,2023-05-06 20:00:00,453.1092015887431
3022,2023-05-06 21:00:00,478.2422970282424
3023,2023-05-06 22:00:00,500.471135439129
3024,2023-05-06 23:00:00,509.2451248144422
3025,2023-05-07 00:00:00,467.17477732087434
3026,2023-05-07 01:00:00,451.58598701680563
3027,2023-05-07 02:00:00,465.88470654359526
3028,2023-05-07 03:00:00,520.2531685872204
3029,2023-05-07 04:00:00,485.1604936422457
3030,2023-05-07 05:00:00,501.58137415987335
3031,2023-05-07 06:00:00,463.4671070136082
3032,2023-05-07 07:00:00,524.3333749514771
3033,2023-05-07 08:00:00,470.58832717099165
3034,2023-05-07 09:00:00,515.5113700020361
3035,2023-05-07 10:00:00,494.3741203033081
3036,2023-05-07 11:00:00,446.2870555717216
3037,2023-05-07 12:00:00,456.35868248068715
3038,2023-05-07 13:00:00,455.10488257518216
3039,2023-05-07 14:00:00,429.24878881783025
3040,2023-05-07 15:00:00,457.9922433088716
3041,2023-05-07 16:00:00,434.38840254788687
3042,2023-05-07 17:00:00,420.6703711602623
3043,2023-05-07 18:00:00,419.9162305081669
3044,2023-05-07 19:00:00,474.55294464089997
3045,2023-05-07 20:00:00,422.9243224550744
3046,2023-05-07 21:00:00,486.6061094906402
3047,2023-05-07 22:00:00,491.05409801150853
3048,2023-05-07 23:00:00,454.4408680897115
3049,2023-05-08 00:00:00,421.3544752755815
3050,2023-05-08 01:00:00,479.8040539493075
3051,2023-05-08 02:00:00,541.1156652166212
3052,2023-05-08 03:00:00,489.2431981146876
3053,2023-05-08 04:00:00,472.5243314823283
3054,2023-05-08 05:00:00,490.40381336843217
3055,2023-05-08 06:00:00,498.9214240816999
3056,2023-05-08 07:00:00,531.0831229963273
3057,2023-05-08 08:00:00,482.5088633289981
3058,2023-05-08 09:00:00,469.09278456551743
3059,2023-05-08 10:00:00,407.6846010037487
3060,2023-05-08 11:00:00,488.03504737720505
3061,2023-05-08 12:00:00,499.35788017614914
3062,2023-05-08 13:00:00,459.4121372183164
3063,2023-05-08 14:00:00,458.32110723324
3064,2023-05-08 15:00:00,446.527675369905
3065,2023-05-08 16:00:00,477.3095452686859
3066,2023-05-08 17:00:00,423.037232307209
3067,2023-05-08 18:00:00,454.86669499691374
3068,2023-05-08 19:00:00,475.1238214759198
3069,2023-05-08 20:00:00,453.9172473110954
3070,2023-05-08 21:00:00,453.8661081345174
3071,2023-05-08 22:00:00,492.0648511124537
3072,2023-05-08 23:00:00,468.7399685639992
3073,2023-05-09 00:00:00,476.5134936718704
3074,2023-05-09 01:00:00,520.6021712100649
3075,2023-05-09 02:00:00,494.1635713623538
3076,2023-05-09 03:00:00,458.57508758896773
3077,2023-05-09 04:00:00,523.3234203660885
3078,2023-05-09 05:00:00,534.4878363002334
3079,2023-05-09 06:00:00,471.951581507811
3080,2023-05-09 07:00:00,481.24021406658983
3081,2023-05-09 08:00:00,479.7699658396853
3082,2023-05-09 09:00:00,524.0745313565843
3083,2023-05-09 10:00:00,484.50395458919627
3084,2023-05-09 11:00:00,473.38657620087304
3085,2023-05-09 12:00:00,447.0696757330572
3086,2023-05-09 13:00:00,412.7127465216018
3087,2023-05-09 14:00:00,414.36079697072637
3088,2023-05-09 15:00:00,429.86571801093686
3089,2023-05-09 16:00:00,433.34864172662
3090,2023-05-09 17:00:00,449.355512997652
3091,2023-05-09 18:00:00,434.98772798362677
3092,2023-05-09 19:00:00,460.1849964995075
3093,2023-05-09 20:00:00,492.1939354980464
3094,2023-05-09 21:00:00,426.466172134647
3095,2023-05-09 22:00:00,505.6155322854464
3096,2023-05-09 23:00:00,496.57531453746145
3097,2023-05-10 00:00:00,435.02319177654465
3098,2023-05-10 01:00:00,451.09266154642603
3099,2023-05-10 02:00:00,482.65462140797524
3100,2023-05-10 03:00:00,508.0929274168372
3101,2023-05-10 04:00:00,492.1651095936144
3102,2023-05-10 05:00:00,505.5900038958313
3103,2023-05-10 06:00:00,516.2769788171129
3104,2023-05-10 07:00:00,512.7494319716274
3105,2023-05-10 08:00:00,482.24122435110155
3106,2023-05-10 09:00:00,573.9872000399647
3107,2023-05-10 10:00:00,480.460170756098
3108,2023-05-10 11:00:00,457.09206453839715
3109,2023-05-10 12:00:00,484.6194375113035
3110,2023-05-10 13:00:00,476.08368340577425
3111,2023-05-10 14:00:00,449.8115907055934
3112,2023-05-10 15:00:00,455.96538737595836
3113,2023-05-10 16:00:00,441.38305959827443
3114,2023-05-10 17:00:00,451.7691614567891
3115,2023-05-10 18:00:00,446.3778285819444
3116,2023-05-10 19:00:00,475.20984486356696
3117,2023-05-10 20:00:00,445.2647575632946
3118,2023-05-10 21:00:00,518.5280255326163
3119,2023-05-10 22:00:00,472.5729241418361
3120,2023-05-10 23:00:00,462.92632325616563
3121,2023-05-11 00:00:00,457.49288124239206
3122,2023-05-11 01:00:00,459.63118653741645
3123,2023-05-11 02:00:00,424.7296503869775
3124,2023-05-11 03:00:00,506.5683876529891
3125,2023-05-11 04:00:00,480.33788691800686
3126,2023-05-11 05:00:00,466.6724954110318
3127,2023-05-11 06:00:00,477.51375324735136
3128,2023-05-11 07:00:00,484.6052682150614
3129,2023-05-11 08:00:00,471.4968652736256
3130,2023-05-11 09:00:00,470.2132678986197
3131,2023-05-11 10:00:00,525.487484752098
3132,2023-05-11 11:00:00,493.0854558426041
3133,2023-05-11 12:00:00,418.97433140309556
3134,2023-05-11 13:00:00,434.56363301696814
3135,2023-05-11 14:00:00,470.29955023849124
3136,2023-05-11 15:00:00,421.8284164276135
3137,2023-05-11 16:00:00,459.28420533126797
3138,2023-05-11 17:00:00,461.3594427842496
3139,2023-05-11 18:00:00,484.87697790174764
3140,2023-05-11 19:00:00,406.15959810898744
3141,2023-05-11 20:00:00,443.7429207556493
3142,2023-05-11 21:00:00,476.869858224428
3143,2023-05-11 22:00:00,463.55975698507655
3144,2023-05-11 23:00:00,531.9003686505156
3145,2023-05-12 00:00:00,527.751149191892
3146,2023-05-12 01:00:00,477.92144327656973
3147,2023-05-12 02:00:00,444.6304740191672
3148,2023-05-12 03:00:00,485.8685433706488
3149,2023-05-12 04:00:00,461.5322397303086
3150,2023-05-12 05:00:00,461.4275405631016
3151,2023-05-12 06:00:00,462.3124122532444
3152,2023-05-12 07:00:00,512.3403585997391
3153,2023-05-12 08:00:00,472.70320861965007
3154,2023-05-12 09:00:00,467.5521433560189
3155,2023-05-12 10:00:00,449.45515772671774
3156,2023-05-12 11:00:00,431.5709209908774
3157,2023-05-12 12:00:00,478.49112626539977
3158,2023-05-12 13:00:00,424.95203799097345
3159,2023-05-12 14:00:00,514.6863939588261
3160,2023-05-12 15:00:00,408.93415268767404
3161,2023-05-12 16:00:00,415.26862449350705
3162,2023-05-12 17:00:00,432.7580136711054
3163,2023-05-12 18:00:00,449.93117144501394
3164,2023-05-12 19:00:00,423.34309322922985
3165,2023-05-12 20:00:00,463.65092395154693
3166,2023-05-12 21:00:00,457.59409899187665
3167,2023-05-12 22:00:00,435.42410297374437
3168,2023-05-12 23:00:00,521.3659957794476
3169,2023-05-13 00:00:00,494.76748865017805
3170,2023-05-13 01:00:00,410.7268070488783
3171,2023-05-13 02:00:00,494.2333688050969
3172,2023-05-13 03:00:00,532.3637439883132
3173,2023-05-13 04:00:00,489.4645859300248
3174,2023-05-13 05:00:00,508.3326509647474
3175,2023-05-13 06:00:00,486.60540428672135
3176,2023-05-13 07:00:00,488.4019013202461
3177,2023-05-13 08:00:00,495.9468063788067
3178,2023-05-13 09:00:00,402.1869468901589
3179,2023-05-13 10:00:00,516.9140939459385
3180,2023-05-13 11:00:00,491.1229839030894
3181,2023-05-13 12:00:00,488.98510742888385
3182,2023-05-13 13:00:00,487.57392198166093
3183,2023-05-13 14:00:00,461.76780247544235
3184,2023-05-13 15:00:00,427.78278134957264
3185,2023-05-13 16:00:00,447.7373027137729
3186,2023-05-13 17:00:00,420.2571848118296
3187,2023-05-13 18:00:00,484.48240918914155
3188,2023-05-13 19:00:00,395.59509035317006
3189,2023-05-13 20:00:00,429.56103198742437
3190,2023-05-13 21:00:00,451.52714451568824
3191,2023-05-13 22:00:00,488.12699920307614
3192,2023-05-13 23:00:00,448.7555557842043
3193,2023-05-14 00:00:00,463.9418704264562
3194,2023-05-14 01:00:00,456.80409035948
3195,2023-05-14 02:00:00,433.48990767054966
3196,2023-05-14 03:00:00,484.9426620102989
3197,2023-05-14 04:00:00,439.7206292834853
3198,2023-05-14 05:00:00,513.6421341557851
3199,2023-05-14 06:00:00,524.1254438246401
3200,2023-05-14 07:00:00,483.0123577930847
3201,2023-05-14 08:00:00,495.8724720520513
3202,2023-05-14 09:00:00,516.4692662791781
3203,2023-05-14 10:00:00,433.934805364264
3204,2023-05-14 11:00:00,447.6691037355047
3205,2023-05-14 12:00:00,491.7845144917124
3206,2023-05-14 13:00:00,467.6784586889738
3207,2023-05-14 14:00:00,394.45441597562905
3208,2023-05-14 15:00:00,439.1487949031087
3209,2023-05-14 16:00:00,421.99569639202343
3210,2023-05-14 17:00:00,441.43424119685545
3211,2023-05-14 18:00:00,493.74558449144604
3212,2023-05-14 19:00:00,424.39924526588544
3213,2023-05-14 20:00:00,453.4400398859481
3214,2023-05-14 21:00:00,403.33182850530767
3215,2023-05-14 22:00:00,438.07065174507215
3216,2023-05-14 23:00:00,468.3571329180639
3217,2023-05-15 00:00:00,469.40975532397897
3218,2023-05-15 01:00:00,432.6504156640913
3219,2023-05-15 02:00:00,499.93181652343435
3220,2023-05-15 03:00:00,510.1443439145694
3221,2023-05-15 04:00:00,513.209455722887
3222,2023-05-15 05:00:00,542.3904891722601
3223,2023-05-15 06:00:00,497.41792109427803
3224,2023-05-15 07:00:00,452.3290323274174
3225,2023-05-15 08:00:00,452.52400186818807
3226,2023-05-15 09:00:00,477.7246691904596
3227,2023-05-15 10:00:00,501.04218956574283
3228,2023-05-15 11:00:00,457.0301060999987
3229,2023-05-15 12:00:00,472.1460735037346
3230,2023-05-15 13:00:00,410.10468811482406
3231,2023-05-15 14:00:00,465.6592913409124
3232,2023-05-15 15:00:00,455.39702550192544
3233,2023-05-15 16:00:00,460.07748639811075
3234,2023-05-15 17:00:00,403.6650953082385
3235,2023-05-15 18:00:00,398.341961980617
3236,2023-05-15 19:00:00,409.0171922111718
3237,2023-05-15 20:00:00,434.4053924935535
3238,2023-05-15 21:00:00,420.31593209265736
3239,2023-05-15 22:00:00,491.37876828423975
3240,2023-05-15 23:00:00,401.3471113067404
3241,2023-05-16 00:00:00,447.04888401427786
3242,2023-05-16 01:00:00,454.23375635718304
3243,2023-05-16 02:00:00,527.2820281593987
3244,2023-05-16 03:00:00,461.3607043715288
3245,2023-05-16 04:00:00,518.7286775750923
3246,2023-05-16 05:00:00,508.2900510388689
3247,2023-05-16 06:00:00,502.3621001955936
3248,2023-05-16 07:00:00,518.2660152310569
3249,2023-05-16 08:00:00,446.424742684694
3250,2023-05-16 09:00:00,466.4625012876107
3251,2023-05-16 10:00:00,491.52318079179975
3252,2023-05-16 11:00:00,421.4358025914576
3253,2023-05-16 12:00:00,430.8779695215366
3254,2023-05-16 13:00:00,461.05232222509636
3255,2023-05-16 14:00:00,437.56170659315325
3256,2023-05-16 15:00:00,421.1709636193717
3257,2023-05-16 16:00:00,416.4417435233164
3258,2023-05-16 17:00:00,454.4008322532566
3259,2023-05-16 18:00:00,452.8501092870237
3260,2023-05-16 19:00:00,385.7711808794308
3261,2023-05-16 20:00:00,436.3909689785645
3262,2023-05-16 21:00:00,376.33336926069353
3263,2023-05-16 22:00:00,429.0461749296775
3264,2023-05-16 23:00:00,446.28670801014925
3265,2023-05-17 00:00:00,419.151481308454
3266,2023-05-17 01:00:00,463.3340135737
3267,2023-05-17 02:00:00,486.722960063999
3268,2023-05-17 03:00:00,462.8394676721767
3269,2023-05-17 04:00:00,498.7721426133929
3270,2023-05-17 05:00:00,452.8656490172969
3271,2023-05-17 06:00:00,448.15560095835866
3272,2023-05-17 07:00:00,507.5586302344788
3273,2023-05-17 08:00:00,447.26885167030133
3274,2023-05-17 09:00:00,509.0901615880943
3275,2023-05-17 10:00:00,475.53379089538123
3276,2023-05-17 11:00:00,490.2418378649425
3277,2023-05-17 12:00:00,445.8621630855831
3278,2023-05-17 13:00:00,460.6690367991206
3279,2023-05-17 14:00:00,458.40321795834274
3280,2023-05-17 15:00:00,481.40124580673756
3281,2023-05-17 16:00:00,461.69567430103655
3282,2023-05-17 17:00:00,449.78696310859624
3283,2023-05-17 18:00:00,473.21098744370335
3284,2023-05-17 19:00:00,420.28781565429495
3285,2023-05-17 20:00:00,398.6556377537586
3286,2023-05-17 21:00:00,434.3293104201315
3287,2023-05-17 22:00:00,465.59223582374466
3288,2023-05-17 23:00:00,461.13536201136236
3289,2023-05-18 00:00:00,468.96473903103055
3290,2023-05-18 01:00:00,500.45010224798773
3291,2023-05-18 02:00:00,453.56133003978965
3292,2023-05-18 03:00:00,426.37395689808795
3293,2023-05-18 04:00:00,513.4934551272693
3294,2023-05-18 05:00:00,554.324905404709
3295,2023-05-18 06:00:00,503.0837832805818
3296,2023-05-18 07:00:00,433.1246517584825
3297,2023-05-18 08:00:00,457.17617894033634
3298,2023-05-18 09:00:00,477.3289920216804
3299,2023-05-18 10:00:00,407.10941604695034
3300,2023-05-18 11:00:00,485.0662872399347
3301,2023-05-18 12:00:00,470.716819751136
3302,2023-05-18 13:00:00,435.5343673843668
3303,2023-05-18 14:00:00,461.25291816159097
3304,2023-05-18 15:00:00,420.77893210292603
3305,2023-05-18 16:00:00,410.11401155746773
3306,2023-05-18 17:00:00,470.66672688945016
3307,2023-05-18 18:00:00,460.266259605551
3308,2023-05-18 19:00:00,459.4241553869353
3309,2023-05-18 20:00:00,405.20505852047387
3310,2023-05-18 21:00:00,468.9722637630409
3311,2023-05-18 22:00:00,465.7140656825254
3312,2023-05-18 23:00:00,466.5197020186837
3313,2023-05-19 00:00:00,475.8718957468739
3314,2023-05-19 01:00:00,515.3251238653496
3315,2023-05-19 02:00:00,470.91983507774984
3316,2023-05-19 03:00:00,495.5354914245558
3317,2023-05-19 04:00:00,523.2508051271304
3318,2023-05-19 05:00:00,489.40201313990593
3319,2023-05-19 06:00:00,477.8414096609039
3320,2023-05-19 07:00:00,461.22018896588554
3321,2023-05-19 08:00:00,537.1099443926553
3322,2023-05-19 09:00:00,434.6875652273545
3323,2023-05-19 10:00:00,444.10752508904244
3324,2023-05-19 11:00:00,423.9853128711445
3325,2023-05-19 12:00:00,423.6287767466264
3326,2023-05-19 13:00:00,433.42818828667515
3327,2023-05-19 14:00:00,513.3788723508876
3328,2023-05-19 15:00:00,415.8873677782436
3329,2023-05-19 16:00:00,391.2426357071369
3330,2023-05-19 17:00:00,383.6474508242568
3331,2023-05-19 18:00:00,418.9469388308379
3332,2023-05-19 19:00:00,448.27138210762683
3333,2023-05-19 20:00:00,473.62314297071964
3334,2023-05-19 21:00:00,471.9906638579576
3335,2023-05-19 22:00:00,440.45654270380027
3336,2023-05-19 23:00:00,463.973167669919
3337,2023-05-20 00:00:00,393.68943921882305
3338,2023-05-20 01:00:00,440.9870065888768
3339,2023-05-20 02:00:00,435.23789368582914
3340,2023-05-20 03:00:00,509.7270216533506
3341,2023-05-20 04:00:00,463.51274651793835
3342,2023-05-20 05:00:00,475.359776649394
3343,2023-05-20 06:00:00,471.948817378906
3344,2023-05-20 07:00:00,489.1130673340277
3345,2023-05-20 08:00:00,499.62429780816336
3346,2023-05-20 09:00:00,471.90527577215585
3347,2023-05-20 10:00:00,459.01004584525793
3348,2023-05-20 11:00:00,445.6495488102755
3349,2023-05-20 12:00:00,519.5898714933595
3350,2023-05-20 13:00:00,444.70709239530265
3351,2023-05-20 14:00:00,430.65604146247915
3352,2023-05-20 15:00:00,488.0163136012295
3353,2023-05-20 16:00:00,399.58059026513286
3354,2023-05-20 17:00:00,461.3377328051798
3355,2023-05-20 18:00:00,417.44488689499354
3356,2023-05-20 19:00:00,461.9544329464095
3357,2023-05-20 20:00:00,436.52387096335997
3358,2023-05-20 21:00:00,441.8696780217736
3359,2023-05-20 22:00:00,525.4998048087521
3360,2023-05-20 23:00:00,467.56136209063527
3361,2023-05-21 00:00:00,435.7855083908443
3362,2023-05-21 01:00:00,477.6147881414401
3363,2023-05-21 02:00:00,477.67434924279166
3364,2023-05-21 03:00:00,454.0005440867735
3365,2023-05-21 04:00:00,450.0272252936866
3366,2023-05-21 05:00:00,508.77426657196116
3367,2023-05-21 06:00:00,494.8917730761485
3368,2023-05-21 07:00:00,489.82838941391486
3369,2023-05-21 08:00:00,440.6675691434151
3370,2023-05-21 09:00:00,475.1841447314912
3371,2023-05-21 10:00:00,461.67560180724087
3372,2023-05-21 11:00:00,487.2498610742576
3373,2023-05-21 12:00:00,454.3839748506802
3374,2023-05-21 13:00:00,436.38865911810416
3375,2023-05-21 14:00:00,480.76178135639503
3376,2023-05-21 15:00:00,404.88312487805206
3377,2023-05-21 16:00:00,417.18847303047687
3378,2023-05-21 17:00:00,457.47386357184564
3379,2023-05-21 18:00:00,407.85794709503494
3380,2023-05-21 19:00:00,436.53383241709315
3381,2023-05-21 20:00:00,434.4202014736615
3382,2023-05-21 21:00:00,449.14717431857906
3383,2023-05-21 22:00:00,429.12915008074225
3384,2023-05-21 23:00:00,442.81013524301505
3385,2023-05-22 00:00:00,448.860870054282
3386,2023-05-22 01:00:00,492.51851350492524
3387,2023-05-22 02:00:00,478.17669352745173
3388,2023-05-22 03:00:00,468.6421083559081
3389,2023-05-22 04:00:00,464.82444580221465
3390,2023-05-22 05:00:00,472.4472107470221
3391,2023-05-22 06:00:00,475.03159240863323
3392,2023-05-22 07:00:00,495.43819686469334
3393,2023-05-22 08:00:00,418.5188080664018
3394,2023-05-22 09:00:00,468.06808720652236
3395,2023-05-22 10:00:00,472.8799751070702
3396,2023-05-22 11:00:00,439.0167411957192
3397,2023-05-22 12:00:00,365.5262025024027
3398,2023-05-22 13:00:00,439.004161087498
3399,2023-05-22 14:00:00,477.31481732097853
3400,2023-05-22 15:00:00,474.65750778688033
3401,2023-05-22 16:00:00,470.2625879595016
3402,2023-05-22 17:00:00,434.2406715670953
3403,2023-05-22 18:00:00,440.21457442550866
3404,2023-05-22 19:00:00,427.8578968812885
3405,2023-05-22 20:00:00,447.64341823050665
3406,2023-05-22 21:00:00,411.71021257968596
3407,2023-05-22 22:00:00,425.29352331607583
3408,2023-05-22 23:00:00,428.7793580892654
3409,2023-05-23 00:00:00,471.1993063576918
3410,2023-05-23 01:00:00,450.39439553166426
3411,2023-05-23 02:00:00,460.27529995769254
3412,2023-05-23 03:00:00,490.02505747219374
3413,2023-05-23 04:00:00,446.61023306134973
3414,2023-05-23 05:00:00,421.4557462433062
3415,2023-05-23 06:00:00,507.4054760986665
3416,2023-05-23 07:00:00,489.7393007729699
3417,2023-05-23 08:00:00,505.3409907876425
3418,2023-05-23 09:00:00,470.68861365000816
3419,2023-05-23 10:00:00,506.9699219088952
3420,2023-05-23 11:00:00,426.53388802165773
3421,2023-05-23 12:00:00,492.00500703621844
3422,2023-05-23 13:00:00,431.7838592611116
3423,2023-05-23 14:00:00,428.95264175886126
3424,2023-05-23 15:00:00,408.81893719142374
3425,2023-05-23 16:00:00,448.0326376026042
3426,2023-05-23 17:00:00,406.8081110648142
3427,2023-05-23 18:00:00,361.6041652699804
3428,2023-05-23 19:00:00,448.4007098827435
3429,2023-05-23 20:00:00,432.7091879683481
3430,2023-05-23 21:00:00,419.5171362122495
3431,2023-05-23 22:00:00,451.3083136279569
3432,2023-05-23 23:00:00,448.92480250289714
3433,2023-05-24 00:00:00,475.1720187535461
3434,2023-05-24 01:00:00,444.1964919463908
3435,2023-05-24 02:00:00,438.59189312036403
3436,2023-05-24 03:00:00,476.5422214771574
3437,2023-05-24 04:00:00,475.8929509917271
3438,2023-05-24 05:00:00,459.9575815062846
3439,2023-05-24 06:00:00,511.09679055353206
3440,2023-05-24 07:00:00,413.84157935980835
3441,2023-05-24 08:00:00,481.571290677517
3442,2023-05-24 09:00:00,470.27100497366274
3443,2023-05-24 10:00:00,474.107048230512
3444,2023-05-24 11:00:00,458.341368637008
3445,2023-05-24 12:00:00,446.32708355573294
3446,2023-05-24 13:00:00,428.1009994111546
3447,2023-05-24 14:00:00,422.0752648569143
3448,2023-05-24 15:00:00,438.23175470658686
3449,2023-05-24 16:00:00,421.0025855382306
3450,2023-05-24 17:00:00,382.97283981179993
3451,2023-05-24 18:00:00,403.4498408218156
3452,2023-05-24 19:00:00,442.55989139489503
3453,2023-05-24 20:00:00,376.10028025586087
3454,2023-05-24 21:00:00,441.2357188225202
3455,2023-05-24 22:00:00,438.96242280325737
3456,2023-05-24 23:00:00,393.62212085511885
3457,2023-05-25 00:00:00,438.4230181961829
3458,2023-05-25 01:00:00,451.7722340995869
3459,2023-05-25 02:00:00,438.0968066871832
3460,2023-05-25 03:00:00,445.1197590454759
3461,2023-05-25 04:00:00,465.5455668356647
3462,2023-05-25 05:00:00,428.30027901296546
3463,2023-05-25 06:00:00,522.1046217703031
3464,2023-05-25 07:00:00,458.3286017688318
3465,2023-05-25 08:00:00,489.1397165307823
3466,2023-05-25 09:00:00,421.0552179634317
3467,2023-05-25 10:00:00,499.21842721408547
3468,2023-05-25 11:00:00,451.5911880664415
3469,2023-05-25 12:00:00,448.1641973957134
3470,2023-05-25 13:00:00,356.12189864368816
3471,2023-05-25 14:00:00,437.41043730769695
3472,2023-05-25 15:00:00,413.14618368509014
3473,2023-05-25 16:00:00,409.6187975114873
3474,2023-05-25 17:00:00,447.29671284145314
3475,2023-05-25 18:00:00,471.975509048331
3476,2023-05-25 19:00:00,392.06214791325823
3477,2023-05-25 20:00:00,443.97173164613014
3478,2023-05-25 21:00:00,446.1803072749423
3479,2023-05-25 22:00:00,445.02151486983126
3480,2023-05-25 23:00:00,414.40811615091417
3481,2023-05-26 00:00:00,443.9150808878998
3482,2023-05-26 01:00:00,460.1620309641913
3483,2023-05-26 02:00:00,428.38539389816594
3484,2023-05-26 03:00:00,477.5536163134767
3485,2023-05-26 04:00:00,441.5626879593539
3486,2023-05-26 05:00:00,481.32987054749003
3487,2023-05-26 06:00:00,481.6112438601908
3488,2023-05-26 07:00:00,457.10798554986025
3489,2023-05-26 08:00:00,506.8812501650781
3490,2023-05-26 09:00:00,464.7426470143108
3491,2023-05-26 10:00:00,445.37109061530543
3492,2023-05-26 11:00:00,458.0492839524001
3493,2023-05-26 12:00:00,454.665342233912
3494,2023-05-26 13:00:00,433.53629058249226
3495,2023-05-26 14:00:00,460.8800459578217
3496,2023-05-26 15:00:00,416.53636866288923
3497,2023-05-26 16:00:00,467.43932069061975
3498,2023-05-26 17:00:00,394.901180110634
3499,2023-05-26 18:00:00,394.84674751374524
3500,2023-05-26 19:00:00,477.628831442369
3501,2023-05-26 20:00:00,448.77578027276684
3502,2023-05-26 21:00:00,467.104906941633
3503,2023-05-26 22:00:00,493.9538054356488
3504,2023-05-26 23:00:00,453.7993389416872
3505,2023-05-27 00:00:00,486.74501755979804
3506,2023-05-27 01:00:00,429.0100998331879
3507,2023-05-27 02:00:00,482.19044560966506
3508,2023-05-27 03:00:00,475.09477802950306
3509,2023-05-27 04:00:00,483.47835689485674
3510,2023-05-27 05:00:00,441.213992698934
3511,2023-05-27 06:00:00,445.42386515414444
3512,2023-05-27 07:00:00,507.6845285425961
3513,2023-05-27 08:00:00,480.2526921415206
3514,2023-05-27 09:00:00,435.83425339027883
3515,2023-05-27 10:00:00,496.5677691875526
3516,2023-05-27 11:00:00,426.8013110295859
3517,2023-05-27 12:00:00,411.7615197084448
3518,2023-05-27 13:00:00,472.0910703170467
3519,2023-05-27 14:00:00,405.3725815052418
3520,2023-05-27 15:00:00,390.5766914526327
3521,2023-05-27 16:00:00,406.64749546134317
3522,2023-05-27 17:00:00,455.460132327373
3523,2023-05-27 18:00:00,461.7093802268989
3524,2023-05-27 19:00:00,420.2401747419796
3525,2023-05-27 20:00:00,453.3849297820031
3526,2023-05-27 21:00:00,429.88887345274196
3527,2023-05-27 22:00:00,451.63918472659327
3528,2023-05-27 23:00:00,436.096548966769
3529,2023-05-28 00:00:00,479.81134278293825
3530,2023-05-28 01:00:00,380.7236799358097
3531,2023-05-28 02:00:00,444.5770296697397
3532,2023-05-28 03:00:00,460.77209814023007
3533,2023-05-28 04:00:00,475.89653885259315
3534,2023-05-28 05:00:00,499.3184164280427
3535,2023-05-28 06:00:00,502.20738131136864
3536,2023-05-28 07:00:00,450.11224190446353
3537,2023-05-28 08:00:00,477.2578153190233
3538,2023-05-28 09:00:00,503.88268835994825
3539,2023-05-28 10:00:00,484.9969925974485
3540,2023-05-28 11:00:00,473.7823229929293
3541,2023-05-28 12:00:00,436.87796947564436
3542,2023-05-28 13:00:00,446.76938947127985
3543,2023-05-28 14:00:00,463.1570114568787
3544,2023-05-28 15:00:00,407.3458510792446
3545,2023-05-28 16:00:00,461.6684982019532
3546,2023-05-28 17:00:00,427.89142239763066
3547,2023-05-28 18:00:00,438.11096593632664
3548,2023-05-28 19:00:00,431.64565961919186
3549,2023-05-28 20:00:00,401.6742534759884
3550,2023-05-28 21:00:00,463.839311912418
3551,2023-05-28 22:00:00,466.3137709447011
3552,2023-05-28 23:00:00,405.0417966736357
3553,2023-05-29 00:00:00,440.419130058871
3554,2023-05-29 01:00:00,487.45222997450753
3555,2023-05-29 02:00:00,485.2028813314745
3556,2023-05-29 03:00:00,471.9968510239833
3557,2023-05-29 04:00:00,491.1691870147685
3558,2023-05-29 05:00:00,480.5982279088525
3559,2023-05-29 06:00:00,412.3954978368838
3560,2023-05-29 07:00:00,449.3770633633337
3561,2023-05-29 08:00:00,455.0570138328549
3562,2023-05-29 09:00:00,502.5487199316385
3563,2023-05-29 10:00:00,456.1274376528738
3564,2023-05-29 11:00:00,438.5799729904789
3565,2023-05-29 12:00:00,383.124159310357
3566,2023-05-29 13:00:00,405.4895384326217
3567,2023-05-29 14:00:00,440.10317859434355
3568,2023-05-29 15:00:00,426.26611748970595
3569,2023-05-29 16:00:00,421.6256825531517
3570,2023-05-29 17:00:00,437.37799543048106
3571,2023-05-29 18:00:00,409.0496081692354
3572,2023-05-29 19:00:00,435.64302143313125
3573,2023-05-29 20:00:00,411.09816038612905
3574,2023-05-29 21:00:00,457.60915482276306
3575,2023-05-29 22:00:00,433.3495155256666
3576,2023-05-29 23:00:00,409.23895691105787
3577,2023-05-30 00:00:00,436.94119306159166
3578,2023-05-30 01:00:00,454.0424819812823
3579,2023-05-30 02:00:00,438.24222886753455
3580,2023-05-30 03:00:00,403.56324183615675
3581,2023-05-30 04:00:00,478.1269373612368
3582,2023-05-30 05:00:00,470.64036619182946
3583,2023-05-30 06:00:00,502.96151013265336
3584,2023-05-30 07:00:00,455.53957764265704
3585,2023-05-30 08:00:00,455.2898572460634
3586,2023-05-30 09:00:00,455.93127941904334
3587,2023-05-30 10:00:00,441.8710970888194
3588,2023-05-30 11:00:00,392.37597866251184
3589,2023-05-30 12:00:00,429.52671562650806
3590,2023-05-30 13:00:00,489.5340023456721
3591,2023-05-30 14:00:00,443.85208913212824
3592,2023-05-30 15:00:00,466.6692286808474
3593,2023-05-30 16:00:00,466.719096437816
3594,2023-05-30 17:00:00,415.70922242817556
3595,2023-05-30 18:00:00,390.92527493796814
3596,2023-05-30 19:00:00,382.4884276779838
3597,2023-05-30 20:00:00,424.43260050416734
3598,2023-05-30 21:00:00,480.8426791512742
3599,2023-05-30 22:00:00,468.41152192635207
3600,2023-05-30 23:00:00,428.05695095133467
3601,2023-05-31 00:00:00,423.28255099968646
3602,2023-05-31 01:00:00,475.11996999977396
3603,2023-05-31 02:00:00,430.85133166374095
3604,2023-05-31 03:00:00,527.3462902325216
3605,2023-05-31 04:00:00,448.99540415916636
3606,2023-05-31 05:00:00,437.82024301143474
3607,2023-05-31 06:00:00,475.29936106344144
3608,2023-05-31 07:00:00,464.2642885632821
3609,2023-05-31 08:00:00,433.45771650178426
3610,2023-05-31 09:00:00,466.5468544457738
3611,2023-05-31 10:00:00,453.1335328116101
3612,2023-05-31 11:00:00,455.47986677917305
3613,2023-05-31 12:00:00,437.97793078607043
3614,2023-05-31 13:00:00,424.4059332109862
3615,2023-05-31 14:00:00,432.6885282219723
3616,2023-05-31 15:00:00,438.5018952158186
3617,2023-05-31 16:00:00,426.4432332070919
3618,2023-05-31 17:00:00,411.6375802434651
3619,2023-05-31 18:00:00,433.2341672239756
3620,2023-05-31 19:00:00,443.10695289009726
3621,2023-05-31 20:00:00,432.48525139817815
3622,2023-05-31 21:00:00,402.99368707493096
3623,2023-05-31 22:00:00,435.6428989148991
3624,2023-05-31 23:00:00,446.39364407213367
3625,2023-06-01 00:00:00,435.612530367869
3626,2023-06-01 01:00:00,451.7329756152741
3627,2023-06-01 02:00:00,473.77275604450926
3628,2023-06-01 03:00:00,453.9702603420368
3629,2023-06-01 04:00:00,439.20788422204623
3630,2023-06-01 05:00:00,393.19284412389595
3631,2023-06-01 06:00:00,466.10667226231436
3632,2023-06-01 07:00:00,488.88876754610715
3633,2023-06-01 08:00:00,444.4506693539606
3634,2023-06-01 09:00:00,447.7337581228129
3635,2023-06-01 10:00:00,440.8262160075793
3636,2023-06-01 11:00:00,438.3299268244762
3637,2023-06-01 12:00:00,364.4058209135493
3638,2023-06-01 13:00:00,418.9314284994465
3639,2023-06-01 14:00:00,473.72039672298587
3640,2023-06-01 15:00:00,438.43150893908535
3641,2023-06-01 16:00:00,406.7308419455466
3642,2023-06-01 17:00:00,377.6424098179636
3643,2023-06-01 18:00:00,409.69545481478417
3644,2023-06-01 19:00:00,403.41957160066073
3645,2023-06-01 20:00:00,430.571171614032
3646,2023-06-01 21:00:00,407.58763182294365
3647,2023-06-01 22:00:00,477.1347931522039
3648,2023-06-01 23:00:00,404.47497300890564
3649,2023-06-02 00:00:00,465.58962449968556
3650,2023-06-02 01:00:00,473.03683871570763
3651,2023-06-02 02:00:00,456.3388147079426
3652,2023-06-02 03:00:00,479.7009393218966
3653,2023-06-02 04:00:00,434.2302119485763
3654,2023-06-02 05:00:00,513.7010405391081
3655,2023-06-02 06:00:00,494.9582822815592
3656,2023-06-02 07:00:00,483.6201353524167
3657,2023-06-02 08:00:00,493.082786257058
3658,2023-06-02 09:00:00,430.69411454403894
3659,2023-06-02 10:00:00,474.61497121257105
3660,2023-06-02 11:00:00,426.83331266845784
3661,2023-06-02 12:00:00,433.66270992714266
3662,2023-06-02 13:00:00,420.9664806193405
3663,2023-06-02 14:00:00,386.62949190794336
3664,2023-06-02 15:00:00,374.05534322923177
3665,2023-06-02 16:00:00,423.1318360849599
3666,2023-06-02 17:00:00,372.0436518026402
3667,2023-06-02 18:00:00,471.22992885427254
3668,2023-06-02 19:00:00,350.86611084146904
3669,2023-06-02 20:00:00,433.3162104238076
3670,2023-06-02 21:00:00,394.22199683943126
3671,2023-06-02 22:00:00,469.4553422429248
3672,2023-06-02 23:00:00,475.62481452871396
3673,2023-06-03 00:00:00,489.08121523656735
3674,2023-06-03 01:00:00,468.0193949884666
3675,2023-06-03 02:00:00,457.0280049154627
3676,2023-06-03 03:00:00,478.5558809590695
3677,2023-06-03 04:00:00,433.28652707266593
3678,2023-06-03 05:00:00,437.5473740975168
3679,2023-06-03 06:00:00,423.56166198320255
3680,2023-06-03 07:00:00,432.76657524010153
3681,2023-06-03 08:00:00,436.10400141304257
3682,2023-06-03 09:00:00,463.398186875244
3683,2023-06-03 10:00:00,468.2108506804373
3684,2023-06-03 11:00:00,465.3327268660069
3685,2023-06-03 12:00:00,408.23270736047505
3686,2023-06-03 13:00:00,443.369186227614
3687,2023-06-03 14:00:00,458.33657500736115
3688,2023-06-03 15:00:00,402.4587709695094
3689,2023-06-03 16:00:00,415.5209493567041
3690,2023-06-03 17:00:00,414.233438359847
3691,2023-06-03 18:00:00,391.8786412429822
3692,2023-06-03 19:00:00,374.25820531854697
3693,2023-06-03 20:00:00,425.14771637028815
3694,2023-06-03 21:00:00,455.2028819422421
3695,2023-06-03 22:00:00,413.74475479392095
3696,2023-06-03 23:00:00,488.23483269129133
3697,2023-06-04 00:00:00,457.9961856077245
3698,2023-06-04 01:00:00,455.88620896033683
3699,2023-06-04 02:00:00,417.78470665820527
3700,2023-06-04 03:00:00,456.7023354047845
3701,2023-06-04 04:00:00,445.79389567816605
3702,2023-06-04 05:00:00,430.8628846552086
3703,2023-06-04 06:00:00,526.8002093071075
3704,2023-06-04 07:00:00,512.1562969146946
3705,2023-06-04 08:00:00,428.358489828418
3706,2023-06-04 09:00:00,461.21475492911094
3707,2023-06-04 10:00:00,434.3314727189931
3708,2023-06-04 11:00:00,431.7636311136227
3709,2023-06-04 12:00:00,399.1040412654404
3710,2023-06-04 13:00:00,437.1265344524555
3711,2023-06-04 14:00:00,343.23724059389986
3712,2023-06-04 15:00:00,407.57684055177316
3713,2023-06-04 16:00:00,425.67758871888486
3714,2023-06-04 17:00:00,384.28376316831725
3715,2023-06-04 18:00:00,434.1593831150283
3716,2023-06-04 19:00:00,391.909748262625
3717,2023-06-04 20:00:00,420.8586475933618
3718,2023-06-04 21:00:00,422.0795812613497
3719,2023-06-04 22:00:00,436.485070934669
3720,2023-06-04 23:00:00,477.51663088768817
3721,2023-06-05 00:00:00,476.4350996851666
3722,2023-06-05 01:00:00,454.45867099171
3723,2023-06-05 02:00:00,441.79699340022415
3724,2023-06-05 03:00:00,446.52535032625326
3725,2023-06-05 04:00:00,458.9145595999922
3726,2023-06-05 05:00:00,459.4889236803378
3727,2023-06-05 06:00:00,439.9465623327263
3728,2023-06-05 07:00:00,468.7924561889086
3729,2023-06-05 08:00:00,485.59892929839646
3730,2023-06-05 09:00:00,425.13679366110256
3731,2023-06-05 10:00:00,450.5593273440648
3732,2023-06-05 11:00:00,469.56947271021073
3733,2023-06-05 12:00:00,451.7348884671838
3734,2023-06-05 13:00:00,434.9006821952674
3735,2023-06-05 14:00:00,419.2797075097588
3736,2023-06-05 15:00:00,419.5093574295807
3737,2023-06-05 16:00:00,367.25771223658836
3738,2023-06-05 17:00:00,429.67553284767735
3739,2023-06-05 18:00:00,407.32062999818646
3740,2023-06-05 19:00:00,400.16513298716086
3741,2023-06-05 20:00:00,432.8333255099854
3742,2023-06-05 21:00:00,470.46495585711034
3743,2023-06-05 22:00:00,413.2307135374147
3744,2023-06-05 23:00:00,426.6003599611867
3745,2023-06-06 00:00:00,478.42297152625105
3746,2023-06-06 01:00:00,476.4560209003461
3747,2023-06-06 02:00:00,427.9269659901469
3748,2023-06-06 03:00:00,425.4954074697266
3749,2023-06-06 04:00:00,470.9749154076734
3750,2023-06-06 05:00:00,405.273094189747
3751,2023-06-06 06:00:00,458.35137501449526
3752,2023-06-06 07:00:00,475.7232451569328
3753,2023-06-06 08:00:00,514.0053003734881
3754,2023-06-06 09:00:00,422.82525508680726
3755,2023-06-06 10:00:00,450.9077870591712
3756,2023-06-06 11:00:00,540.9030795085009
3757,2023-06-06 12:00:00,388.60914699376303
3758,2023-06-06 13:00:00,454.25628031662006
3759,2023-06-06 14:00:00,442.8943076554579
3760,2023-06-06 15:00:00,425.0684261512031
3761,2023-06-06 16:00:00,413.00856439197236
3762,2023-06-06 17:00:00,373.12981100571574
3763,2023-06-06 18:00:00,373.1300043417984
3764,2023-06-06 19:00:00,422.2004327268243
3765,2023-06-06 20:00:00,368.2389616868399
3766,2023-06-06 21:00:00,436.27214516817116
3767,2023-06-06 22:00:00,430.5062884923986
3768,2023-06-06 23:00:00,424.7866683749339
3769,2023-06-07 00:00:00,406.65178756629916
3770,2023-06-07 01:00:00,462.4232467177536
3771,2023-06-07 02:00:00,450.0194574125384
3772,2023-06-07 03:00:00,372.94059818385585
3773,2023-06-07 04:00:00,441.39217925491647
3774,2023-06-07 05:00:00,447.85695339575466
3775,2023-06-07 06:00:00,449.2784603980343
3776,2023-06-07 07:00:00,459.58301464146314
3777,2023-06-07 08:00:00,447.09646551000253
3778,2023-06-07 09:00:00,448.3368813512665
3779,2023-06-07 10:00:00,425.8525513161718
3780,2023-06-07 11:00:00,426.7437748802665
3781,2023-06-07 12:00:00,421.89078343256523
3782,2023-06-07 13:00:00,428.4801106935083
3783,2023-06-07 14:00:00,469.7116651984731
3784,2023-06-07 15:00:00,380.6608604900094
3785,2023-06-07 16:00:00,379.9650370065154
3786,2023-06-07 17:00:00,382.30927232225645
3787,2023-06-07 18:00:00,433.7821953618852
3788,2023-06-07 19:00:00,361.16766261938085
3789,2023-06-07 20:00:00,426.60451002836663
3790,2023-06-07 21:00:00,449.8300707106979
3791,2023-06-07 22:00:00,440.75759978955205
3792,2023-06-07 23:00:00,430.24718229745093
3793,2023-06-08 00:00:00,442.1571566855627
3794,2023-06-08 01:00:00,455.0243164540097
3795,2023-06-08 02:00:00,439.7050732251839
3796,2023-06-08 03:00:00,429.33788381455156
3797,2023-06-08 04:00:00,442.74556150575717
3798,2023-06-08 05:00:00,407.2451359521093
3799,2023-06-08 06:00:00,477.7445058300988
3800,2023-06-08 07:00:00,463.23008662593185
3801,2023-06-08 08:00:00,423.17309922913637
3802,2023-06-08 09:00:00,413.52763340554463
3803,2023-06-08 10:00:00,464.8018070342794
3804,2023-06-08 11:00:00,414.35520832676633
3805,2023-06-08 12:00:00,416.00231995629736
3806,2023-06-08 13:00:00,414.1965403839272
3807,2023-06-08 14:00:00,368.34931085796325
3808,2023-06-08 15:00:00,427.4789851277456
3809,2023-06-08 16:00:00,364.95741300802206
3810,2023-06-08 17:00:00,467.81114166646626
3811,2023-06-08 18:00:00,376.31068668273247
3812,2023-06-08 19:00:00,466.01213474108783
3813,2023-06-08 20:00:00,443.47433060285135
3814,2023-06-08 21:00:00,411.1576555827836
3815,2023-06-08 22:00:00,408.6541251659975
3816,2023-06-08 23:00:00,421.90094730880134
3817,2023-06-09 00:00:00,412.2075292237178
3818,2023-06-09 01:00:00,394.03902357149076
3819,2023-06-09 02:00:00,452.85660143950275
3820,2023-06-09 03:00:00,468.7874846535222
3821,2023-06-09 04:00:00,439.1938302947273
3822,2023-06-09 05:00:00,476.8747766058107
3823,2023-06-09 06:00:00,477.880252269824
3824,2023-06-09 07:00:00,456.1885140326446
3825,2023-06-09 08:00:00,428.3881467439183
3826,2023-06-09 09:00:00,419.84217110241724
3827,2023-06-09 10:00:00,427.3063737251961
3828,2023-06-09 11:00:00,452.4052453966327
3829,2023-06-09 12:00:00,408.89467603151616
3830,2023-06-09 13:00:00,409.12257227219555
3831,2023-06-09 14:00:00,413.12453966964614
3832,2023-06-09 15:00:00,416.6191594519086
3833,2023-06-09 16:00:00,386.88388312555446
3834,2023-06-09 17:00:00,388.16147035843073
3835,2023-06-09 18:00:00,420.7641388235051
3836,2023-06-09 19:00:00,392.98993834008536
3837,2023-06-09 20:00:00,412.0932134295051
3838,2023-06-09 21:00:00,454.61768968517765
3839,2023-06-09 22:00:00,445.72025306755444
3840,2023-06-09 23:00:00,449.5025225979333
3841,2023-06-10 00:00:00,429.40829585023863
3842,2023-06-10 01:00:00,437.4673906491388
3843,2023-06-10 02:00:00,469.1360169430584
3844,2023-06-10 03:00:00,400.78252266279543
3845,2023-06-10 04:00:00,384.8098101945144
3846,2023-06-10 05:00:00,464.5476756566215
3847,2023-06-10 06:00:00,427.1391216094054
3848,2023-06-10 07:00:00,482.19896036216466
3849,2023-06-10 08:00:00,461.3992225542745
3850,2023-06-10 09:00:00,444.206538147403
3851,2023-06-10 10:00:00,498.77999963976464
3852,2023-06-10 11:00:00,456.21874305055525
3853,2023-06-10 12:00:00,404.7584669180762
3854,2023-06-10 13:00:00,412.75615000350535
3855,2023-06-10 14:00:00,467.7031942022734
3856,2023-06-10 15:00:00,431.84497210191034
3857,2023-06-10 16:00:00,455.8862223634918
3858,2023-06-10 17:00:00,418.76443603716604
3859,2023-06-10 18:00:00,435.19942452179527
3860,2023-06-10 19:00:00,412.7082675572984
3861,2023-06-10 20:00:00,416.08811977731017
3862,2023-06-10 21:00:00,373.6626753155729
3863,2023-06-10 22:00:00,435.0181941006165
3864,2023-06-10 23:00:00,420.41082634297914
3865,2023-06-11 00:00:00,390.7669432489079
3866,2023-06-11 01:00:00,416.97387085040674
3867,2023-06-11 02:00:00,410.0270825909012
3868,2023-06-11 03:00:00,437.35717612618276
3869,2023-06-11 04:00:00,439.35547279300215
3870,2023-06-11 05:00:00,452.43084428476055
3871,2023-06-11 06:00:00,444.96767922176775
3872,2023-06-11 07:00:00,446.2376735935289
3873,2023-06-11 08:00:00,407.18574528827264
3874,2023-06-11 09:00:00,458.3594593547435
3875,2023-06-11 10:00:00,459.21761105531147
3876,2023-06-11 11:00:00,414.85015553491763
3877,2023-06-11 12:00:00,465.2663652966755
3878,2023-06-11 13:00:00,488.2248393983034
3879,2023-06-11 14:00:00,427.1025578845341
3880,2023-06-11 15:00:00,434.7465344835459
3881,2023-06-11 16:00:00,382.8884990701351
3882,2023-06-11 17:00:00,403.66526655944904
3883,2023-06-11 18:00:00,398.1703199134099
3884,2023-06-11 19:00:00,444.41712587600995
3885,2023-06-11 20:00:00,434.45848923042837
3886,2023-06-11 21:00:00,391.20398402987496
3887,2023-06-11 22:00:00,447.94764815479726
3888,2023-06-11 23:00:00,464.2882167186059
3889,2023-06-12 00:00:00,458.26625402959644
3890,2023-06-12 01:00:00,453.5165063383723
3891,2023-06-12 02:00:00,407.4154338915921
3892,2023-06-12 03:00:00,419.38275106969496
3893,2023-06-12 04:00:00,485.19424017301384
3894,2023-06-12 05:00:00,459.8158717883696
3895,2023-06-12 06:00:00,502.5877903596748
3896,2023-06-12 07:00:00,493.70889964040015
3897,2023-06-12 08:00:00,444.6268148185731
3898,2023-06-12 09:00:00,504.421947765633
3899,2023-06-12 10:00:00,460.02724002470586
3900,2023-06-12 11:00:00,451.8429753449279
3901,2023-06-12 12:00:00,436.30875432413944
3902,2023-06-12 13:00:00,443.44077205972803
3903,2023-06-12 14:00:00,386.5013573767437
3904,2023-06-12 15:00:00,402.2972757617369
3905,2023-06-12 16:00:00,363.63057057233874
3906,2023-06-12 17:00:00,430.7440058583787
3907,2023-06-12 18:00:00,422.3565579576409
3908,2023-06-12 19:00:00,390.3330187932135
3909,2023-06-12 20:00:00,476.24840278800605
3910,2023-06-12 21:00:00,392.1239692279542
3911,2023-06-12 22:00:00,446.69355335988774
3912,2023-06-12 23:00:00,453.4216535472783
3913,2023-06-13 00:00:00,430.40691364577873
3914,2023-06-13 01:00:00,425.9073686160243
3915,2023-06-13 02:00:00,486.0610629747563
3916,2023-06-13 03:00:00,484.13193482653253
3917,2023-06-13 04:00:00,430.9659202206201
3918,2023-06-13 05:00:00,475.1050542075897
3919,2023-06-13 06:00:00,468.1995410609253
3920,2023-06-13 07:00:00,500.51658314883974
3921,2023-06-13 08:00:00,430.33235322000655
3922,2023-06-13 09:00:00,435.0539812679745
3923,2023-06-13 10:00:00,464.5220748956462
3924,2023-06-13 11:00:00,427.5225630094226
3925,2023-06-13 12:00:00,396.9148780202048
3926,2023-06-13 13:00:00,434.5849460287998
3927,2023-06-13 14:00:00,409.2839904470988
3928,2023-06-13 15:00:00,387.3421189019085
3929,2023-06-13 16:00:00,389.4813311408464
3930,2023-06-13 17:00:00,441.4458025503527
3931,2023-06-13 18:00:00,383.0928596550179
3932,2023-06-13 19:00:00,396.12123792869124
3933,2023-06-13 20:00:00,457.1096142614604
3934,2023-06-13 21:00:00,412.9802448762752
3935,2023-06-13 22:00:00,453.4727913128818
3936,2023-06-13 23:00:00,366.89844585198875
3937,2023-06-14 00:00:00,441.9110181299885
3938,2023-06-14 01:00:00,443.5088594416157
3939,2023-06-14 02:00:00,467.15019612417206
3940,2023-06-14 03:00:00,474.15979835791444
3941,2023-06-14 04:00:00,538.7580821460194
3942,2023-06-14 05:00:00,427.0487538323245
3943,2023-06-14 06:00:00,442.94207667947296
3944,2023-06-14 07:00:00,493.03187957427207
3945,2023-06-14 08:00:00,415.382560861102
3946,2023-06-14 09:00:00,474.5599196683227
3947,2023-06-14 10:00:00,469.473110633743
3948,2023-06-14 11:00:00,449.15960449065267
3949,2023-06-14 12:00:00,451.24492568686014
3950,2023-06-14 13:00:00,438.6901020512789
3951,2023-06-14 14:00:00,496.127759598909
3952,2023-06-14 15:00:00,444.5436951062647
3953,2023-06-14 16:00:00,382.3349595940482
3954,2023-06-14 17:00:00,377.85356899687514
3955,2023-06-14 18:00:00,353.3825170637121
3956,2023-06-14 19:00:00,403.77493328866194
3957,2023-06-14 20:00:00,447.4264578239704
3958,2023-06-14 21:00:00,410.2319260306884
3959,2023-06-14 22:00:00,419.83586311684576
3960,2023-06-14 23:00:00,464.50809073954025
3961,2023-06-15 00:00:00,442.21763152828873
3962,2023-06-15 01:00:00,437.5300705131573
3963,2023-06-15 02:00:00,473.7441976519767
3964,2023-06-15 03:00:00,419.27888627204777
3965,2023-06-15 04:00:00,483.4491375443224
3966,2023-06-15 05:00:00,467.28543462313775
3967,2023-06-15 06:00:00,497.10463745135394
3968,2023-06-15 07:00:00,435.2166855584445
3969,2023-06-15 08:00:00,460.5672241656161
3970,2023-06-15 09:00:00,505.8803465971116
3971,2023-06-15 10:00:00,457.91659077471473
3972,2023-06-15 11:00:00,474.05483867020615
3973,2023-06-15 12:00:00,424.5411024181563
3974,2023-06-15 13:00:00,416.6621905583531
3975,2023-06-15 14:00:00,436.3557659752385
3976,2023-06-15 15:00:00,378.0510928370375
3977,2023-06-15 16:00:00,379.173279389239
3978,2023-06-15 17:00:00,373.83257112176483
3979,2023-06-15 18:00:00,404.7583366589252
3980,2023-06-15 19:00:00,404.9002325414939
3981,2023-06-15 20:00:00,465.6365562351171
3982,2023-06-15 21:00:00,416.456727987685
3983,2023-06-15 22:00:00,413.6011776472474
3984,2023-06-15 23:00:00,441.78908710650853
3985,2023-06-16 00:00:00,395.0137961368805
3986,2023-06-16 01:00:00,520.2326542111401
3987,2023-06-16 02:00:00,429.01694156479857
3988,2023-06-16 03:00:00,452.53985371496617
3989,2023-06-16 04:00:00,462.31946410570583
3990,2023-06-16 05:00:00,437.10766322959773
3991,2023-06-16 06:00:00,435.4864740124174
3992,2023-06-16 07:00:00,459.45458702996166
3993,2023-06-16 08:00:00,427.00543872469274
3994,2023-06-16 09:00:00,465.1537126832393
3995,2023-06-16 10:00:00,414.26797298046847
3996,2023-06-16 11:00:00,437.37444406074144
3997,2023-06-16 12:00:00,432.17931959939955
3998,2023-06-16 13:00:00,410.3804321986157
3999,2023-06-16 14:00:00,370.1791084071013
4000,2023-06-16 15:00:00,414.2879689788649
4001,2023-06-16 16:00:00,403.6910448492809
4002,2023-06-16 17:00:00,448.01475298240155
4003,2023-06-16 18:00:00,444.0814450088149
4004,2023-06-16 19:00:00,445.2152072136781
4005,2023-06-16 20:00:00,417.61144393347234
4006,2023-06-16 21:00:00,411.0808021960966
4007,2023-06-16 22:00:00,354.78980465685675
4008,2023-06-16 23:00:00,379.41541483304525
4009,2023-06-17 00:00:00,467.35406181004345
4010,2023-06-17 01:00:00,469.4814746133917
4011,2023-06-17 02:00:00,465.89618323489174
4012,2023-06-17 03:00:00,436.36509636096844
4013,2023-06-17 04:00:00,438.1859257797161
4014,2023-06-17 05:00:00,477.7917873785409
4015,2023-06-17 06:00:00,466.3077633691334
4016,2023-06-17 07:00:00,422.0747475695971
4017,2023-06-17 08:00:00,408.0495933601332
4018,2023-06-17 09:00:00,442.8479940232021
4019,2023-06-17 10:00:00,415.5691931054313
4020,2023-06-17 11:00:00,446.0762006978109
4021,2023-06-17 12:00:00,434.69507786347503
4022,2023-06-17 13:00:00,443.7221247694866
4023,2023-06-17 14:00:00,444.2207215137715
4024,2023-06-17 15:00:00,369.13340984210555
4025,2023-06-17 16:00:00,408.6257252609728
4026,2023-06-17 17:00:00,377.7104675455347
4027,2023-06-17 18:00:00,413.67261203184427
4028,2023-06-17 19:00:00,369.33721185390095
4029,2023-06-17 20:00:00,403.3644120024913
4030,2023-06-17 21:00:00,436.6822802566611
4031,2023-06-17 22:00:00,481.4203472512786
4032,2023-06-17 23:00:00,378.63583964607943
4033,2023-06-18 00:00:00,411.66705264802664
4034,2023-06-18 01:00:00,426.18053862103267
4035,2023-06-18 02:00:00,426.60724463128054
4036,2023-06-18 03:00:00,433.86236956021787
4037,2023-06-18 04:00:00,439.58593404322613
4038,2023-06-18 05:00:00,426.1879893680204
4039,2023-06-18 06:00:00,454.1384022750557
4040,2023-06-18 07:00:00,471.7749833279213
4041,2023-06-18 08:00:00,498.93871105706387
4042,2023-06-18 09:00:00,452.26787509406716
4043,2023-06-18 10:00:00,443.7635169253092
4044,2023-06-18 11:00:00,377.8598790833174
4045,2023-06-18 12:00:00,398.2396740071317
4046,2023-06-18 13:00:00,429.4624682030921
4047,2023-06-18 14:00:00,403.01123328594656
4048,2023-06-18 15:00:00,412.61293023482386
4049,2023-06-18 16:00:00,420.9864395967012
4050,2023-06-18 17:00:00,390.1593348939235
4051,2023-06-18 18:00:00,433.34689806202863
4052,2023-06-18 19:00:00,457.60689859021426
4053,2023-06-18 20:00:00,427.70094778726707
4054,2023-06-18 21:00:00,445.98100177854496
4055,2023-06-18 22:00:00,402.4135663574061
4056,2023-06-18 23:00:00,465.8772757889446
4057,2023-06-19 00:00:00,414.7308876005661
4058,2023-06-19 01:00:00,500.0421639551188
4059,2023-06-19 02:00:00,439.6068362553727
4060,2023-06-19 03:00:00,424.37220660745595
4061,2023-06-19 04:00:00,488.6625930299259
4062,2023-06-19 05:00:00,449.1477663946384
4063,2023-06-19 06:00:00,452.22251166893506
4064,2023-06-19 07:00:00,438.4245171823222
4065,2023-06-19 08:00:00,474.5149229759829
4066,2023-06-19 09:00:00,460.2180526352336
4067,2023-06-19 10:00:00,436.5153694811546
4068,2023-06-19 11:00:00,437.83615693400856
4069,2023-06-19 12:00:00,422.65025791556167
4070,2023-06-19 13:00:00,425.47966232973994
4071,2023-06-19 14:00:00,362.86458006898624
4072,2023-06-19 15:00:00,464.6066805285462
4073,2023-06-19 16:00:00,391.43697842257507
4074,2023-06-19 17:00:00,380.3972969977193
4075,2023-06-19 18:00:00,360.1483525289386
4076,2023-06-19 19:00:00,419.0939959894092
4077,2023-06-19 20:00:00,400.8040808502101
4078,2023-06-19 21:00:00,377.1435412321099
4079,2023-06-19 22:00:00,404.9456576621513
4080,2023-06-19 23:00:00,412.8704688395493
4081,2023-06-20 00:00:00,419.4942442264334
4082,2023-06-20 01:00:00,465.83886079244826
4083,2023-06-20 02:00:00,451.44710106306303
4084,2023-06-20 03:00:00,415.4990593243296
4085,2023-06-20 04:00:00,433.15611973601386
4086,2023-06-20 05:00:00,386.26117513021524
4087,2023-06-20 06:00:00,508.3136962607063
4088,2023-06-20 07:00:00,462.62726514375044
4089,2023-06-20 08:00:00,482.2319627447393
4090,2023-06-20 09:00:00,435.2431955677868
4091,2023-06-20 10:00:00,420.0383700734843
4092,2023-06-20 11:00:00,401.3475441663151
4093,2023-06-20 12:00:00,446.1453759011063
4094,2023-06-20 13:00:00,409.0291951760158
4095,2023-06-20 14:00:00,404.11610853587854
4096,2023-06-20 15:00:00,427.84428210835915
4097,2023-06-20 16:00:00,388.1315135605186
4098,2023-06-20 17:00:00,389.76726367167856
4099,2023-06-20 18:00:00,414.48795178630434
4100,2023-06-20 19:00:00,473.48302370587896
4101,2023-06-20 20:00:00,400.9926177076863
4102,2023-06-20 21:00:00,423.579108762679
4103,2023-06-20 22:00:00,434.22649538466106
4104,2023-06-20 23:00:00,486.2447302476348
4105,2023-06-21 00:00:00,440.66978968329573
4106,2023-06-21 01:00:00,415.0029192585639
4107,2023-06-21 02:00:00,459.6612341430264
4108,2023-06-21 03:00:00,461.95116851677597
4109,2023-06-21 04:00:00,447.8725773774367
4110,2023-06-21 05:00:00,465.9113509061884
4111,2023-06-21 06:00:00,463.00540547200444
4112,2023-06-21 07:00:00,421.5040406433733
4113,2023-06-21 08:00:00,430.51664038216006
4114,2023-06-21 09:00:00,477.11169907958504
4115,2023-06-21 10:00:00,458.67154741420853
4116,2023-06-21 11:00:00,442.80604822418354
4117,2023-06-21 12:00:00,383.32747445872235
4118,2023-06-21 13:00:00,416.55127473018797
4119,2023-06-21 14:00:00,386.710330134092
4120,2023-06-21 15:00:00,421.5652983101105
4121,2023-06-21 16:00:00,418.9086670470302
4122,2023-06-21 17:00:00,405.93676019531046
4123,2023-06-21 18:00:00,474.6117210774734
4124,2023-06-21 19:00:00,400.34836368653686
4125,2023-06-21 20:00:00,448.14098267804854
4126,2023-06-21 21:00:00,427.1729799081048
4127,2023-06-21 22:00:00,403.1305050214293
4128,2023-06-21 23:00:00,386.54964901350553
4129,2023-06-22 00:00:00,350.342264468678
4130,2023-06-22 01:00:00,394.9724152128832
4131,2023-06-22 02:00:00,483.0306555022757
4132,2023-06-22 03:00:00,476.8209714310482
4133,2023-06-22 04:00:00,446.8014142383974
4134,2023-06-22 05:00:00,452.9221533664057
4135,2023-06-22 06:00:00,440.24020775338306
4136,2023-06-22 07:00:00,423.8548235992612
4137,2023-06-22 08:00:00,459.71126470024484
4138,2023-06-22 09:00:00,491.23715680855474
4139,2023-06-22 10:00:00,444.33623881495276
4140,2023-06-22 11:00:00,421.8588995392575
4141,2023-06-22 12:00:00,413.4452043126638
4142,2023-06-22 13:00:00,399.4245345742934
4143,2023-06-22 14:00:00,407.02311685177546
4144,2023-06-22 15:00:00,416.10374190722337
4145,2023-06-22 16:00:00,379.3997525781854
4146,2023-06-22 17:00:00,378.3953763409724
4147,2023-06-22 18:00:00,391.71548350653114
4148,2023-06-22 19:00:00,437.84767526634647
4149,2023-06-22 20:00:00,395.710325307665
4150,2023-06-22 21:00:00,433.98904150237104
4151,2023-06-22 22:00:00,409.5043231167116
4152,2023-06-22 23:00:00,418.4501126779922
4153,2023-06-23 00:00:00,449.88605610331007
4154,2023-06-23 01:00:00,459.8903691930913
4155,2023-06-23 02:00:00,463.103340546461
4156,2023-06-23 03:00:00,464.21007247228255
4157,2023-06-23 04:00:00,412.29611471197677
4158,2023-06-23 05:00:00,452.02128481056803
4159,2023-06-23 06:00:00,482.94955050464284
4160,2023-06-23 07:00:00,461.5262611809466
4161,2023-06-23 08:00:00,457.24830597915485
4162,2023-06-23 09:00:00,476.08492459887776
4163,2023-06-23 10:00:00,442.9556406396011
4164,2023-06-23 11:00:00,429.12992323520837
4165,2023-06-23 12:00:00,458.2181746088727
4166,2023-06-23 13:00:00,401.9003302267557
4167,2023-06-23 14:00:00,438.35699646650755
4168,2023-06-23 15:00:00,405.90943060713346
4169,2023-06-23 16:00:00,434.38487956015376
4170,2023-06-23 17:00:00,389.19333548882355
4171,2023-06-23 18:00:00,389.292291546104
4172,2023-06-23 19:00:00,399.4840259821672
4173,2023-06-23 20:00:00,373.9346041154931
4174,2023-06-23 21:00:00,365.6226159114864
4175,2023-06-23 22:00:00,431.8431095377359
4176,2023-06-23 23:00:00,437.2424782034345
4177,2023-06-24 00:00:00,418.97683459202364
4178,2023-06-24 01:00:00,426.28507574807793
4179,2023-06-24 02:00:00,481.3663585491638
4180,2023-06-24 03:00:00,435.5785480944519
4181,2023-06-24 04:00:00,472.89381779547153
4182,2023-06-24 05:00:00,475.42257685230095
4183,2023-06-24 06:00:00,476.5066456344709
4184,2023-06-24 07:00:00,455.76052706137233
4185,2023-06-24 08:00:00,478.046055540156
4186,2023-06-24 09:00:00,462.9173058985505
4187,2023-06-24 10:00:00,445.76769979151453
4188,2023-06-24 11:00:00,431.5396926163041
4189,2023-06-24 12:00:00,405.4042823527075
4190,2023-06-24 13:00:00,463.51244697307646
4191,2023-06-24 14:00:00,366.85744252263146
4192,2023-06-24 15:00:00,383.9275556374584
4193,2023-06-24 16:00:00,447.9745454534069
4194,2023-06-24 17:00:00,411.53506276985024
4195,2023-06-24 18:00:00,381.7310140116849
4196,2023-06-24 19:00:00,418.8589863202826
4197,2023-06-24 20:00:00,391.146323663874
4198,2023-06-24 21:00:00,436.21902485372664
4199,2023-06-24 22:00:00,398.63974284223445
4200,2023-06-24 23:00:00,398.42570954009494
4201,2023-06-25 00:00:00,415.0514241453672
4202,2023-06-25 01:00:00,372.26029149062924
4203,2023-06-25 02:00:00,426.3530553351774
4204,2023-06-25 03:00:00,459.1350421782407
4205,2023-06-25 04:00:00,455.1955318274802
4206,2023-06-25 05:00:00,440.21469579511006
4207,2023-06-25 06:00:00,429.3959009602936
4208,2023-06-25 07:00:00,390.8997640539213
4209,2023-06-25 08:00:00,456.31514651549696
4210,2023-06-25 09:00:00,465.7532186230747
4211,2023-06-25 10:00:00,479.0408096034077
4212,2023-06-25 11:00:00,438.5032959865563
4213,2023-06-25 12:00:00,405.3497397187722
4214,2023-06-25 13:00:00,443.50779403751574
4215,2023-06-25 14:00:00,369.79411898035596
4216,2023-06-25 15:00:00,431.1092288885978
4217,2023-06-25 16:00:00,410.5311554629479
4218,2023-06-25 17:00:00,419.5104957533739
4219,2023-06-25 18:00:00,386.10096005418217
4220,2023-06-25 19:00:00,379.46098286202823
4221,2023-06-25 20:00:00,367.5579085035522
4222,2023-06-25 21:00:00,409.1992819312836
4223,2023-06-25 22:00:00,408.0225318692566
4224,2023-06-25 23:00:00,395.97021626590276
4225,2023-06-26 00:00:00,465.516102965813
4226,2023-06-26 01:00:00,486.78324818432316
4227,2023-06-26 02:00:00,448.7771722157017
4228,2023-06-26 03:00:00,462.223068244926
4229,2023-06-26 04:00:00,459.5762096429373
4230,2023-06-26 05:00:00,504.8219856575294
4231,2023-06-26 06:00:00,486.8814550103712
4232,2023-06-26 07:00:00,482.2172421164128
4233,2023-06-26 08:00:00,413.51881056127644
4234,2023-06-26 09:00:00,412.60692540414556
4235,2023-06-26 10:00:00,467.65164139343307
4236,2023-06-26 11:00:00,395.5625587919992
4237,2023-06-26 12:00:00,376.5036815440094
4238,2023-06-26 13:00:00,356.4909594166982
4239,2023-06-26 14:00:00,392.60027276887837
4240,2023-06-26 15:00:00,401.204102690878
4241,2023-06-26 16:00:00,373.7010220518839
4242,2023-06-26 17:00:00,417.3324598498947
4243,2023-06-26 18:00:00,363.9567325061091
4244,2023-06-26 19:00:00,419.1019641613009
4245,2023-06-26 20:00:00,377.5553181875155
4246,2023-06-26 21:00:00,404.23269045684026
4247,2023-06-26 22:00:00,453.06615138524035
4248,2023-06-26 23:00:00,412.50585056429674
4249,2023-06-27 00:00:00,438.98300203898185
4250,2023-06-27 01:00:00,381.98402746853077
4251,2023-06-27 02:00:00,422.4563036367015
4252,2023-06-27 03:00:00,422.1545906212308
4253,2023-06-27 04:00:00,488.2708799658362
4254,2023-06-27 05:00:00,399.38937566285017
4255,2023-06-27 06:00:00,498.07283347613105
4256,2023-06-27 07:00:00,490.0665985321741
4257,2023-06-27 08:00:00,497.9048950671934
4258,2023-06-27 09:00:00,447.93074553457984
4259,2023-06-27 10:00:00,423.83872714715386
4260,2023-06-27 11:00:00,448.95705845031847
4261,2023-06-27 12:00:00,399.7126148124021
4262,2023-06-27 13:00:00,393.72239219051977
4263,2023-06-27 14:00:00,403.4135482796771
4264,2023-06-27 15:00:00,328.25231271208236
4265,2023-06-27 16:00:00,346.83437053924456
4266,2023-06-27 17:00:00,415.9406064677584
4267,2023-06-27 18:00:00,444.40466043215554
4268,2023-06-27 19:00:00,388.5508436303682
4269,2023-06-27 20:00:00,414.291865349046
4270,2023-06-27 21:00:00,399.0043915532259
4271,2023-06-27 22:00:00,401.2594105309195
4272,2023-06-27 23:00:00,429.7384130801755
4273,2023-06-28 00:00:00,385.47053396505993
4274,2023-06-28 01:00:00,448.48460946404794
4275,2023-06-28 02:00:00,444.3347647626231
4276,2023-06-28 03:00:00,419.7140771786123
4277,2023-06-28 04:00:00,426.7764470731349
4278,2023-06-28 05:00:00,382.7831742695059
4279,2023-06-28 06:00:00,428.8766803915423
4280,2023-06-28 07:00:00,458.0409195000617
4281,2023-06-28 08:00:00,443.9570805364279
4282,2023-06-28 09:00:00,478.99056517171067
4283,2023-06-28 10:00:00,452.49708881587145
4284,2023-06-28 11:00:00,437.6467326958716
4285,2023-06-28 12:00:00,372.2182050156011
4286,2023-06-28 13:00:00,427.9250093524981
4287,2023-06-28 14:00:00,394.92414291420977
4288,2023-06-28 15:00:00,420.7224996990518
4289,2023-06-28 16:00:00,429.29802552018066
4290,2023-06-28 17:00:00,425.7499351933508
4291,2023-06-28 18:00:00,377.7115831091942
4292,2023-06-28 19:00:00,386.80357669525534
4293,2023-06-28 20:00:00,382.070694825477
4294,2023-06-28 21:00:00,394.33893793784927
4295,2023-06-28 22:00:00,441.75737005568425
4296,2023-06-28 23:00:00,416.9128055296145
4297,2023-06-29 00:00:00,412.4664992842439
4298,2023-06-29 01:00:00,458.7684558634497
4299,2023-06-29 02:00:00,428.31180235954224
4300,2023-06-29 03:00:00,521.265420323565
4301,2023-06-29 04:00:00,455.15974310292575
4302,2023-06-29 05:00:00,472.22286108325875
4303,2023-06-29 06:00:00,458.2723027496345
4304,2023-06-29 07:00:00,413.46080707476375
4305,2023-06-29 08:00:00,433.96556538194284
4306,2023-06-29 09:00:00,408.9224789430447
4307,2023-06-29 10:00:00,415.777278361818
4308,2023-06-29 11:00:00,466.12239228626896
4309,2023-06-29 12:00:00,429.4315544989619
4310,2023-06-29 13:00:00,347.47546263158296
4311,2023-06-29 14:00:00,441.7085839818534
4312,2023-06-29 15:00:00,373.9770993230822
4313,2023-06-29 16:00:00,429.4322185238791
4314,2023-06-29 17:00:00,406.88608397151893
4315,2023-06-29 18:00:00,388.9742840276402
4316,2023-06-29 19:00:00,425.95515271496515
4317,2023-06-29 20:00:00,393.80971331151153
4318,2023-06-29 21:00:00,414.74145503722445
4319,2023-06-29 22:00:00,433.62206093603896
4320,2023-06-29 23:00:00,451.83795091028696
4321,2023-06-30 00:00:00,428.5953388169719
4322,2023-06-30 01:00:00,388.93876350022634
4323,2023-06-30 02:00:00,407.87192356793736
4324,2023-06-30 03:00:00,493.2854627801497
4325,2023-06-30 04:00:00,446.8782433014646
4326,2023-06-30 05:00:00,413.4942931664994
4327,2023-06-30 06:00:00,452.69642823702964
4328,2023-06-30 07:00:00,468.57694282134753
4329,2023-06-30 08:00:00,437.8131953206012
4330,2023-06-30 09:00:00,404.523040210033
4331,2023-06-30 10:00:00,436.9524816037025
4332,2023-06-30 11:00:00,442.23622195843564
4333,2023-06-30 12:00:00,399.72524596103773
4334,2023-06-30 13:00:00,431.0400855055587
4335,2023-06-30 14:00:00,439.33185041433194
4336,2023-06-30 15:00:00,371.2462776875667
4337,2023-06-30 16:00:00,392.2470645323247
4338,2023-06-30 17:00:00,401.41828188656257
4339,2023-06-30 18:00:00,389.8531707358864
4340,2023-06-30 19:00:00,373.1973343459523
4341,2023-06-30 20:00:00,363.15411203978715
4342,2023-06-30 21:00:00,429.79474169875823
4343,2023-06-30 22:00:00,478.6542992873539
4344,2023-06-30 23:00:00,452.094066589385
4345,2023-07-01 00:00:00,432.49252156760997
4346,2023-07-01 01:00:00,439.34074151660997
4347,2023-07-01 02:00:00,494.7257804582465
4348,2023-07-01 03:00:00,449.0327638788557
4349,2023-07-01 04:00:00,395.0140852052392
4350,2023-07-01 05:00:00,457.5349971788811
4351,2023-07-01 06:00:00,473.40195856943046
4352,2023-07-01 07:00:00,416.47237787821416
4353,2023-07-01 08:00:00,438.5677451566749
4354,2023-07-01 09:00:00,411.30940475342186
4355,2023-07-01 10:00:00,431.90206314814986
4356,2023-07-01 11:00:00,398.227032495546
4357,2023-07-01 12:00:00,416.548947346439
4358,2023-07-01 13:00:00,427.37813445227107
4359,2023-07-01 14:00:00,386.5102058671339
4360,2023-07-01 15:00:00,417.5987413993137
4361,2023-07-01 16:00:00,433.1932741346751
4362,2023-07-01 17:00:00,397.6824612150315
4363,2023-07-01 18:00:00,498.2926974003441
4364,2023-07-01 19:00:00,443.3739182537805
4365,2023-07-01 20:00:00,365.4978779508681
4366,2023-07-01 21:00:00,391.05653954244195
4367,2023-07-01 22:00:00,435.3572793393269
4368,2023-07-01 23:00:00,425.6629073576138
4369,2023-07-02 00:00:00,358.4839864485085
4370,2023-07-02 01:00:00,384.0264478036715
4371,2023-07-02 02:00:00,468.06680172849883
4372,2023-07-02 03:00:00,495.13833918491207
4373,2023-07-02 04:00:00,399.58094036331977
4374,2023-07-02 05:00:00,458.0389684986539
4375,2023-07-02 06:00:00,446.06674513478885
4376,2023-07-02 07:00:00,444.6419347369647
4377,2023-07-02 08:00:00,442.0170146243268
4378,2023-07-02 09:00:00,456.7728732760945
4379,2023-07-02 10:00:00,446.0304601575193
4380,2023-07-02 11:00:00,422.7279345652115
4381,2023-07-02 12:00:00,382.21490861275447
4382,2023-07-02 13:00:00,408.9946099708397
4383,2023-07-02 14:00:00,386.7587695911474
4384,2023-07-02 15:00:00,367.2444988098958
4385,2023-07-02 16:00:00,425.9001633509794
4386,2023-07-02 17:00:00,479.2753940180718
4387,2023-07-02 18:00:00,380.03196646637315
4388,2023-07-02 19:00:00,397.32608560444135
4389,2023-07-02 20:00:00,422.6138799172157
4390,2023-07-02 21:00:00,415.4124580079866
4391,2023-07-02 22:00:00,408.60656551659673
4392,2023-07-02 23:00:00,454.691882574945
4393,2023-07-03 00:00:00,417.74849104255884
4394,2023-07-03 01:00:00,467.53891080131734
4395,2023-07-03 02:00:00,462.7231237044181
4396,2023-07-03 03:00:00,444.825845741195
4397,2023-07-03 04:00:00,474.0510377716669
4398,2023-07-03 05:00:00,467.629714970399
4399,2023-07-03 06:00:00,481.90394305628
4400,2023-07-03 07:00:00,487.04275874949565
4401,2023-07-03 08:00:00,485.94951543425447
4402,2023-07-03 09:00:00,400.71148812855864
4403,2023-07-03 10:00:00,412.08054616974664
4404,2023-07-03 11:00:00,399.2916514189874
4405,2023-07-03 12:00:00,421.46355172393083
4406,2023-07-03 13:00:00,356.3907057298585
4407,2023-07-03 14:00:00,430.0507200787817
4408,2023-07-03 15:00:00,384.3227643583408
4409,2023-07-03 16:00:00,356.22079134415935
4410,2023-07-03 17:00:00,410.46485931397916
4411,2023-07-03 18:00:00,444.88482598967994
4412,2023-07-03 19:00:00,413.1573074388578
4413,2023-07-03 20:00:00,412.15233593390957
4414,2023-07-03 21:00:00,384.1649063714566
4415,2023-07-03 22:00:00,437.2133001685323
4416,2023-07-03 23:00:00,397.1809214016686
4417,2023-07-04 00:00:00,432.8959236699396
4418,2023-07-04 01:00:00,433.8972713123886
4419,2023-07-04 02:00:00,403.7201605465447
4420,2023-07-04 03:00:00,403.4200107506859
4421,2023-07-04 04:00:00,419.46964638972474
4422,2023-07-04 05:00:00,481.8387613036298
4423,2023-07-04 06:00:00,513.5996251551079
4424,2023-07-04 07:00:00,479.22953550206734
4425,2023-07-04 08:00:00,417.17000131211563
4426,2023-07-04 09:00:00,425.99368142885845
4427,2023-07-04 10:00:00,461.2174122361398
4428,2023-07-04 11:00:00,443.18772464016746
4429,2023-07-04 12:00:00,449.96090318999063
4430,2023-07-04 13:00:00,375.2898498032982
4431,2023-07-04 14:00:00,431.92117843341606
4432,2023-07-04 15:00:00,403.4081600249332
4433,2023-07-04 16:00:00,378.1163060930903
4434,2023-07-04 17:00:00,447.2535745463292
4435,2023-07-04 18:00:00,420.7965824552649
4436,2023-07-04 19:00:00,383.25547062974687
4437,2023-07-04 20:00:00,356.90361241888115
4438,2023-07-04 21:00:00,397.53002278407706
4439,2023-07-04 22:00:00,399.9772443163779
4440,2023-07-04 23:00:00,413.3142822895027
4441,2023-07-05 00:00:00,452.7090932789881
4442,2023-07-05 01:00:00,460.07093799899184
4443,2023-07-05 02:00:00,508.7939671019136
4444,2023-07-05 03:00:00,485.4281332670848
4445,2023-07-05 04:00:00,457.25602890705204
4446,2023-07-05 05:00:00,457.1769132088639
4447,2023-07-05 06:00:00,460.3706548309383
4448,2023-07-05 07:00:00,447.8905098535837
4449,2023-07-05 08:00:00,450.34327076396465
4450,2023-07-05 09:00:00,411.4495770005082
4451,2023-07-05 10:00:00,456.59574065329633
4452,2023-07-05 11:00:00,430.8440084509195
4453,2023-07-05 12:00:00,432.5228611957749
4454,2023-07-05 13:00:00,421.1279605080871
4455,2023-07-05 14:00:00,385.8051577390789
4456,2023-07-05 15:00:00,401.00171270659393
4457,2023-07-05 16:00:00,391.75790350056127
4458,2023-07-05 17:00:00,429.3059886475066
4459,2023-07-05 18:00:00,433.25723060365374
4460,2023-07-05 19:00:00,455.8495675798399
4461,2023-07-05 20:00:00,440.56829221010304
4462,2023-07-05 21:00:00,334.62054240993905
4463,2023-07-05 22:00:00,440.3999839623817
4464,2023-07-05 23:00:00,437.56915217349876
4465,2023-07-06 00:00:00,411.05075193783955
4466,2023-07-06 01:00:00,404.29884144478643
4467,2023-07-06 02:00:00,460.38339131473003
4468,2023-07-06 03:00:00,402.96639147754524
4469,2023-07-06 04:00:00,428.699887598008
4470,2023-07-06 05:00:00,414.98584628337625
4471,2023-07-06 06:00:00,448.688736920269
4472,2023-07-06 07:00:00,449.49423837799674
4473,2023-07-06 08:00:00,450.92348472199797
4474,2023-07-06 09:00:00,421.5730175801379
4475,2023-07-06 10:00:00,447.8162766479003
4476,2023-07-06 11:00:00,405.772095804531
4477,2023-07-06 12:00:00,446.70079354859416
4478,2023-07-06 13:00:00,411.9056446315532
4479,2023-07-06 14:00:00,380.0855311420349
4480,2023-07-06 15:00:00,430.1915845995399
4481,2023-07-06 16:00:00,408.7311813601452
4482,2023-07-06 17:00:00,370.98234860653713
4483,2023-07-06 18:00:00,413.27347955377974
4484,2023-07-06 19:00:00,329.7135128160702
4485,2023-07-06 20:00:00,405.38975974089414
4486,2023-07-06 21:00:00,438.3024626288394
4487,2023-07-06 22:00:00,479.73913451978626
4488,2023-07-06 23:00:00,431.7914555704659
4489,2023-07-07 00:00:00,401.12062178396343
4490,2023-07-07 01:00:00,421.1716849421758
4491,2023-07-07 02:00:00,432.2959652259739
4492,2023-07-07 03:00:00,479.9193726149678
4493,2023-07-07 04:00:00,472.19883910111724
4494,2023-07-07 05:00:00,487.0966578817572
4495,2023-07-07 06:00:00,474.7490572984325
4496,2023-07-07 07:00:00,495.3506473746777
4497,2023-07-07 08:00:00,440.15813501240547
4498,2023-07-07 09:00:00,414.9040166511923
4499,2023-07-07 10:00:00,440.551907104337
4500,2023-07-07 11:00:00,388.88695504167276
4501,2023-07-07 12:00:00,426.6290327795882
4502,2023-07-07 13:00:00,412.56915918429206
4503,2023-07-07 14:00:00,437.6943471449577
4504,2023-07-07 15:00:00,411.72673997325734
4505,2023-07-07 16:00:00,418.54447344053943
4506,2023-07-07 17:00:00,343.5135768148153
4507,2023-07-07 18:00:00,403.3039645823561
4508,2023-07-07 19:00:00,416.3408028732544
4509,2023-07-07 20:00:00,427.41329037596915
4510,2023-07-07 21:00:00,374.60161033092345
4511,2023-07-07 22:00:00,388.4905415893818
4512,2023-07-07 23:00:00,432.05998801344134
4513,2023-07-08 00:00:00,456.0289661619576
4514,2023-07-08 01:00:00,475.46190897630095
4515,2023-07-08 02:00:00,453.5868595174213
4516,2023-07-08 03:00:00,475.53551990899933
4517,2023-07-08 04:00:00,410.6049109305346
4518,2023-07-08 05:00:00,435.7458482894382
4519,2023-07-08 06:00:00,495.4024683797792
4520,2023-07-08 07:00:00,437.3815902003877
4521,2023-07-08 08:00:00,458.6074989512704
4522,2023-07-08 09:00:00,424.3528737491878
4523,2023-07-08 10:00:00,416.32209984930955
4524,2023-07-08 11:00:00,468.50710437549344
4525,2023-07-08 12:00:00,430.80791085566665
4526,2023-07-08 13:00:00,443.7256231139254
4527,2023-07-08 14:00:00,389.16345887035726
4528,2023-07-08 15:00:00,404.11620547532294
4529,2023-07-08 16:00:00,420.412214368782
4530,2023-07-08 17:00:00,414.357895592227
4531,2023-07-08 18:00:00,409.06824805597074
4532,2023-07-08 19:00:00,438.473007431751
4533,2023-07-08 20:00:00,401.29501103005134
4534,2023-07-08 21:00:00,471.1089053237195
4535,2023-07-08 22:00:00,429.59097986934347
4536,2023-07-08 23:00:00,441.9303062817065
4537,2023-07-09 00:00:00,428.7665360212159
4538,2023-07-09 01:00:00,419.499271951598
4539,2023-07-09 02:00:00,465.5323612199711
4540,2023-07-09 03:00:00,482.1751511866214
4541,2023-07-09 04:00:00,429.95035362981895
4542,2023-07-09 05:00:00,463.0190039112542
4543,2023-07-09 06:00:00,484.1327573684277
4544,2023-07-09 07:00:00,409.1256430599231
4545,2023-07-09 08:00:00,402.6723334138441
4546,2023-07-09 09:00:00,463.79055397350703
4547,2023-07-09 10:00:00,417.4763016663536
4548,2023-07-09 11:00:00,436.2942656650605
4549,2023-07-09 12:00:00,411.8132166181539
4550,2023-07-09 13:00:00,420.6369890190902
4551,2023-07-09 14:00:00,381.83641662301204
4552,2023-07-09 15:00:00,451.01715780334894
4553,2023-07-09 16:00:00,380.77633594365386
4554,2023-07-09 17:00:00,410.05176516044565
4555,2023-07-09 18:00:00,376.6806427724965
4556,2023-07-09 19:00:00,416.6606870082372
4557,2023-07-09 20:00:00,392.5455272360357
4558,2023-07-09 21:00:00,425.638787635155
4559,2023-07-09 22:00:00,375.5076246695215
4560,2023-07-09 23:00:00,409.06212442290297
4561,2023-07-10 00:00:00,457.06735070999815
4562,2023-07-10 01:00:00,456.4986500806925
4563,2023-07-10 02:00:00,428.0858822866675
4564,2023-07-10 03:00:00,445.93221562284555
4565,2023-07-10 04:00:00,395.3901769406441
4566,2023-07-10 05:00:00,431.1938109046648
4567,2023-07-10 06:00:00,414.06099677436123
4568,2023-07-10 07:00:00,495.72002042107715
4569,2023-07-10 08:00:00,430.98919482405097
4570,2023-07-10 09:00:00,458.49819882336726
4571,2023-07-10 10:00:00,425.38095855845626
4572,2023-07-10 11:00:00,432.91184509237496
4573,2023-07-10 12:00:00,461.54457721655604
4574,2023-07-10 13:00:00,377.57373540390034
4575,2023-07-10 14:00:00,394.71312914451033
4576,2023-07-10 15:00:00,399.72059655954877
4577,2023-07-10 16:00:00,404.56488936148264
4578,2023-07-10 17:00:00,418.3250025864186
4579,2023-07-10 18:00:00,321.49011180162387
4580,2023-07-10 19:00:00,407.65742330647277
4581,2023-07-10 20:00:00,361.45217591437483
4582,2023-07-10 21:00:00,350.2295193336999
4583,2023-07-10 22:00:00,472.8543390620442
4584,2023-07-10 23:00:00,440.01203167048
4585,2023-07-11 00:00:00,471.94946017553434
4586,2023-07-11 01:00:00,359.80585046800024
4587,2023-07-11 02:00:00,447.77513761780364
4588,2023-07-11 03:00:00,399.1327063713351
4589,2023-07-11 04:00:00,469.5137028122734
4590,2023-07-11 05:00:00,451.27263088797713
4591,2023-07-11 06:00:00,471.9672095804814
4592,2023-07-11 07:00:00,405.55029344763204
4593,2023-07-11 08:00:00,463.75458575203504
4594,2023-07-11 09:00:00,438.136642585118
4595,2023-07-11 10:00:00,411.4156346098041
4596,2023-07-11 11:00:00,461.01461384463073
4597,2023-07-11 12:00:00,349.93878457574243
4598,2023-07-11 13:00:00,423.6191747807969
4599,2023-07-11 14:00:00,436.0547403420171
4600,2023-07-11 15:00:00,405.2678550093675
4601,2023-07-11 16:00:00,426.7730836621109
4602,2023-07-11 17:00:00,448.3672280294521
4603,2023-07-11 18:00:00,422.2342073234679
4604,2023-07-11 19:00:00,379.70256800698223
4605,2023-07-11 20:00:00,382.42211041613797
4606,2023-07-11 21:00:00,363.1954339577129
4607,2023-07-11 22:00:00,370.8518792534582
4608,2023-07-11 23:00:00,422.9322772600384
4609,2023-07-12 00:00:00,443.2448555906351
4610,2023-07-12 01:00:00,394.63584014781065
4611,2023-07-12 02:00:00,435.614583642222
4612,2023-07-12 03:00:00,449.6862405544387
4613,2023-07-12 04:00:00,431.31231282371584
4614,2023-07-12 05:00:00,461.20869051873547
4615,2023-07-12 06:00:00,470.6155133830263
4616,2023-07-12 07:00:00,431.3636652740937
4617,2023-07-12 08:00:00,386.6131147716773
4618,2023-07-12 09:00:00,448.1569126835967
4619,2023-07-12 10:00:00,430.7738727855742
4620,2023-07-12 11:00:00,383.76630489744315
4621,2023-07-12 12:00:00,454.1403789661434
4622,2023-07-12 13:00:00,474.87662749454125
4623,2023-07-12 14:00:00,400.86776442757645
4624,2023-07-12 15:00:00,424.0530321873806
4625,2023-07-12 16:00:00,438.4127967494526
4626,2023-07-12 17:00:00,414.2860499725484
4627,2023-07-12 18:00:00,422.2289989841091
4628,2023-07-12 19:00:00,397.5877751975494
4629,2023-07-12 20:00:00,423.04415921132215
4630,2023-07-12 21:00:00,434.7167417113699
4631,2023-07-12 22:00:00,386.1781183700066
4632,2023-07-12 23:00:00,398.35102365049914
4633,2023-07-13 00:00:00,422.25743453338595
4634,2023-07-13 01:00:00,443.7225960809248
4635,2023-07-13 02:00:00,414.4723670184265
4636,2023-07-13 03:00:00,452.3377070771014
4637,2023-07-13 04:00:00,408.5310047552468
4638,2023-07-13 05:00:00,475.6162238051523
4639,2023-07-13 06:00:00,466.48264514576533
4640,2023-07-13 07:00:00,435.54459028422355
4641,2023-07-13 08:00:00,473.27264517406513
4642,2023-07-13 09:00:00,395.0352518952764
4643,2023-07-13 10:00:00,488.42572607996505
4644,2023-07-13 11:00:00,421.63278135755405
4645,2023-07-13 12:00:00,457.7022412046014
4646,2023-07-13 13:00:00,405.60357540825396
4647,2023-07-13 14:00:00,425.3865800593953
4648,2023-07-13 15:00:00,372.79586957477215
4649,2023-07-13 16:00:00,377.7351025030272
4650,2023-07-13 17:00:00,363.47256843441323
4651,2023-07-13 18:00:00,425.66006766640965
4652,2023-07-13 19:00:00,395.27995988939836
4653,2023-07-13 20:00:00,450.0541759826553
4654,2023-07-13 21:00:00,413.74963121505823
4655,2023-07-13 22:00:00,404.8078591537865
4656,2023-07-13 23:00:00,456.6781889916809
4657,2023-07-14 00:00:00,457.5449346159453
4658,2023-07-14 01:00:00,409.89626356303063
4659,2023-07-14 02:00:00,399.1558657855952
4660,2023-07-14 03:00:00,487.8616270811091
4661,2023-07-14 04:00:00,475.2600836053249
4662,2023-07-14 05:00:00,442.0961897543668
4663,2023-07-14 06:00:00,464.29087122722206
4664,2023-07-14 07:00:00,461.9617395078005
4665,2023-07-14 08:00:00,414.08566757962205
4666,2023-07-14 09:00:00,421.5032407055324
4667,2023-07-14 10:00:00,423.6803985527505
4668,2023-07-14 11:00:00,399.5405781318296
4669,2023-07-14 12:00:00,455.0084722275459
4670,2023-07-14 13:00:00,446.4865170645439
4671,2023-07-14 14:00:00,459.23964645963673
4672,2023-07-14 15:00:00,431.8846974826354
4673,2023-07-14 16:00:00,424.8492184682153
4674,2023-07-14 17:00:00,454.7327125229626
4675,2023-07-14 18:00:00,380.31791015159337
4676,2023-07-14 19:00:00,430.0504956229878
4677,2023-07-14 20:00:00,379.28419650963235
4678,2023-07-14 21:00:00,449.5803322677527
4679,2023-07-14 22:00:00,412.9172935003082
4680,2023-07-14 23:00:00,432.8331298461799
4681,2023-07-15 00:00:00,459.7823092401022
4682,2023-07-15 01:00:00,452.59246122098244
4683,2023-07-15 02:00:00,428.1914620326671
4684,2023-07-15 03:00:00,434.9114319662033
4685,2023-07-15 04:00:00,426.3477697551159
4686,2023-07-15 05:00:00,429.1552682806733
4687,2023-07-15 06:00:00,422.7406347342937
4688,2023-07-15 07:00:00,497.0656806958699
4689,2023-07-15 08:00:00,460.80142416026706
4690,2023-07-15 09:00:00,401.85190720439897
4691,2023-07-15 10:00:00,464.5007642074951
4692,2023-07-15 11:00:00,442.0140378702653
4693,2023-07-15 12:00:00,466.88848354189827
4694,2023-07-15 13:00:00,436.20109999260745
4695,2023-07-15 14:00:00,408.14401751093436
4696,2023-07-15 15:00:00,364.63243599437214
4697,2023-07-15 16:00:00,400.9301189657202
4698,2023-07-15 17:00:00,424.1218861232585
4699,2023-07-15 18:00:00,411.3127125244994
4700,2023-07-15 19:00:00,394.9098277309745
4701,2023-07-15 20:00:00,413.2613424377988
4702,2023-07-15 21:00:00,405.0866421830471
4703,2023-07-15 22:00:00,371.35162660894827
4704,2023-07-15 23:00:00,434.87773152077176
4705,2023-07-16 00:00:00,422.5724560476403
4706,2023-07-16 01:00:00,410.5174752905974
4707,2023-07-16 02:00:00,454.20008974525655
4708,2023-07-16 03:00:00,439.4893329309695
4709,2023-07-16 04:00:00,442.1390542336488
4710,2023-07-16 05:00:00,451.33331501199234
4711,2023-07-16 06:00:00,423.788535335453
4712,2023-07-16 07:00:00,419.4757950388786
4713,2023-07-16 08:00:00,446.9232520382104
4714,2023-07-16 09:00:00,418.12565021698924
4715,2023-07-16 10:00:00,433.7782662169711
4716,2023-07-16 11:00:00,450.0425901626041
4717,2023-07-16 12:00:00,434.7394919916706
4718,2023-07-16 13:00:00,432.46798627858556
4719,2023-07-16 14:00:00,393.3945400390251
4720,2023-07-16 15:00:00,458.16044734742184
4721,2023-07-16 16:00:00,399.40525484304214
4722,2023-07-16 17:00:00,474.6294390101189
4723,2023-07-16 18:00:00,483.98497060124697
4724,2023-07-16 19:00:00,403.064740574884
4725,2023-07-16 20:00:00,392.2521614450484
4726,2023-07-16 21:00:00,429.5882604593423
4727,2023-07-16 22:00:00,389.22000442200255
4728,2023-07-16 23:00:00,399.8837227067087
4729,2023-07-17 00:00:00,431.9891405756973
4730,2023-07-17 01:00:00,463.39502486733335
4731,2023-07-17 02:00:00,506.5808301974416
4732,2023-07-17 03:00:00,368.5327989104107
4733,2023-07-17 04:00:00,443.8455055265564
4734,2023-07-17 05:00:00,438.58362395646424
4735,2023-07-17 06:00:00,474.00268189644714
4736,2023-07-17 07:00:00,385.66735547933774
4737,2023-07-17 08:00:00,428.0230410571045
4738,2023-07-17 09:00:00,447.692084771153
4739,2023-07-17 10:00:00,404.5704492235516
4740,2023-07-17 11:00:00,454.5264015150658
4741,2023-07-17 12:00:00,395.5457178040225
4742,2023-07-17 13:00:00,447.0360906544398
4743,2023-07-17 14:00:00,421.6885547839395
4744,2023-07-17 15:00:00,415.6304641901762
4745,2023-07-17 16:00:00,424.41750022182424
4746,2023-07-17 17:00:00,362.3417258494649
4747,2023-07-17 18:00:00,389.28908292358676
4748,2023-07-17 19:00:00,390.35811691752735
4749,2023-07-17 20:00:00,447.6990031340165
4750,2023-07-17 21:00:00,386.2621228456734
4751,2023-07-17 22:00:00,443.92027252305286
4752,2023-07-17 23:00:00,380.70937318995584
4753,2023-07-18 00:00:00,402.3758375192703
4754,2023-07-18 01:00:00,414.0492621289463
4755,2023-07-18 02:00:00,463.737741256594
4756,2023-07-18 03:00:00,439.7638401124327
4757,2023-07-18 04:00:00,418.64481920173506
4758,2023-07-18 05:00:00,420.6775603953852
4759,2023-07-18 06:00:00,470.234868540294
4760,2023-07-18 07:00:00,432.8203259684172
4761,2023-07-18 08:00:00,576.897766541653
4762,2023-07-18 09:00:00,522.9070197696935
4763,2023-07-18 10:00:00,391.89794456093966
4764,2023-07-18 11:00:00,482.07474048589256
4765,2023-07-18 12:00:00,410.95809104613886
4766,2023-07-18 13:00:00,414.097232087892
4767,2023-07-18 14:00:00,434.52221084995506
4768,2023-07-18 15:00:00,371.1087249250734
4769,2023-07-18 16:00:00,417.59764266119504
4770,2023-07-18 17:00:00,390.12970422786475
4771,2023-07-18 18:00:00,397.56127043727884
4772,2023-07-18 19:00:00,407.4874392518325
4773,2023-07-18 20:00:00,405.67500952424535
4774,2023-07-18 21:00:00,443.6883954478291
4775,2023-07-18 22:00:00,373.1416187379533
4776,2023-07-18 23:00:00,424.0540026041478
4777,2023-07-19 00:00:00,423.4989469827407
4778,2023-07-19 01:00:00,468.9215244461199
4779,2023-07-19 02:00:00,446.08362294152323
4780,2023-07-19 03:00:00,477.6248642599766
4781,2023-07-19 04:00:00,456.70011444440416
4782,2023-07-19 05:00:00,466.3675594790607
4783,2023-07-19 06:00:00,457.3554238747919
4784,2023-07-19 07:00:00,487.3688965312822
4785,2023-07-19 08:00:00,460.2202299862797
4786,2023-07-19 09:00:00,434.3523788022803
4787,2023-07-19 10:00:00,451.30875350081936
4788,2023-07-19 11:00:00,438.9470714836708
4789,2023-07-19 12:00:00,449.18392047382736
4790,2023-07-19 13:00:00,420.641778027829
4791,2023-07-19 14:00:00,401.48115801051824
4792,2023-07-19 15:00:00,453.2348968162633
4793,2023-07-19 16:00:00,407.98681844117834
4794,2023-07-19 17:00:00,399.99166423966017
4795,2023-07-19 18:00:00,384.0354723358813
4796,2023-07-19 19:00:00,363.3148021760197
4797,2023-07-19 20:00:00,392.7806339711904
4798,2023-07-19 21:00:00,402.4359943336613
4799,2023-07-19 22:00:00,430.7647235677577
4800,2023-07-19 23:00:00,448.0686394551464
4801,2023-07-20 00:00:00,453.93931690182774
4802,2023-07-20 01:00:00,432.5856852733045
4803,2023-07-20 02:00:00,434.61600337693835
4804,2023-07-20 03:00:00,411.2127777759225
4805,2023-07-20 04:00:00,436.4574361950775
4806,2023-07-20 05:00:00,399.5686621345735
4807,2023-07-20 06:00:00,467.2366466076174
4808,2023-07-20 07:00:00,462.37964799523155
4809,2023-07-20 08:00:00,450.55850006754434
4810,2023-07-20 09:00:00,441.77767023870643
4811,2023-07-20 10:00:00,462.20124616672865
4812,2023-07-20 11:00:00,403.3418100454087
4813,2023-07-20 12:00:00,429.46325535752305
4814,2023-07-20 13:00:00,395.5562307708006
4815,2023-07-20 14:00:00,426.27030897373504
4816,2023-07-20 15:00:00,441.33626758123444
4817,2023-07-20 16:00:00,392.2610869921067
4818,2023-07-20 17:00:00,436.5272905700863
4819,2023-07-20 18:00:00,405.65868796440014
4820,2023-07-20 19:00:00,422.9360653157637
4821,2023-07-20 20:00:00,423.96676550943454
4822,2023-07-20 21:00:00,379.52265607221545
4823,2023-07-20 22:00:00,438.7973720052885
4824,2023-07-20 23:00:00,447.6101207152453
4825,2023-07-21 00:00:00,420.6855107573643
4826,2023-07-21 01:00:00,462.09601987574894
4827,2023-07-21 02:00:00,436.00448037059596
4828,2023-07-21 03:00:00,463.53025122262284
4829,2023-07-21 04:00:00,470.31521738579625
4830,2023-07-21 05:00:00,438.4118490175513
4831,2023-07-21 06:00:00,443.01428359740385
4832,2023-07-21 07:00:00,452.04540246231204
4833,2023-07-21 08:00:00,447.92286092731246
4834,2023-07-21 09:00:00,463.2635164324772
4835,2023-07-21 10:00:00,447.1040877022219
4836,2023-07-21 11:00:00,437.4200107134465
4837,2023-07-21 12:00:00,412.0242928568178
4838,2023-07-21 13:00:00,461.6929385704302
4839,2023-07-21 14:00:00,372.44236211497997
4840,2023-07-21 15:00:00,380.4847574302829
4841,2023-07-21 16:00:00,351.33837701924347
4842,2023-07-21 17:00:00,431.04801637928927
4843,2023-07-21 18:00:00,393.76419548842404
4844,2023-07-21 19:00:00,377.6213320321968
4845,2023-07-21 20:00:00,417.83239071850676
4846,2023-07-21 21:00:00,437.57014439594826
4847,2023-07-21 22:00:00,373.90347869342634
4848,2023-07-21 23:00:00,375.8022581028914
4849,2023-07-22 00:00:00,439.61988139830413
4850,2023-07-22 01:00:00,415.8389254825063
4851,2023-07-22 02:00:00,513.5890319573946
4852,2023-07-22 03:00:00,453.95077254038836
4853,2023-07-22 04:00:00,416.98887286040156
4854,2023-07-22 05:00:00,425.29993207129144
4855,2023-07-22 06:00:00,443.2266734168834
4856,2023-07-22 07:00:00,485.53236072570724
4857,2023-07-22 08:00:00,460.63141339678924
4858,2023-07-22 09:00:00,378.4519523324202
4859,2023-07-22 10:00:00,380.7444488226564
4860,2023-07-22 11:00:00,453.2514109324467
4861,2023-07-22 12:00:00,434.1451946777945
4862,2023-07-22 13:00:00,384.1663044156059
4863,2023-07-22 14:00:00,379.3531819146903
4864,2023-07-22 15:00:00,381.85428951026336
4865,2023-07-22 16:00:00,447.1519658096213
4866,2023-07-22 17:00:00,429.3247023919771
4867,2023-07-22 18:00:00,412.5529781186722
4868,2023-07-22 19:00:00,385.2855590603471
4869,2023-07-22 20:00:00,375.42875446979957
4870,2023-07-22 21:00:00,425.5881843145738
4871,2023-07-22 22:00:00,415.10164747184757
4872,2023-07-22 23:00:00,441.14175540171175
4873,2023-07-23 00:00:00,463.01774112913586
4874,2023-07-23 01:00:00,466.0418492372549
4875,2023-07-23 02:00:00,439.1629518776342
4876,2023-07-23 03:00:00,426.0674917816832
4877,2023-07-23 04:00:00,417.74521698727335
4878,2023-07-23 05:00:00,477.3416366407086
4879,2023-07-23 06:00:00,467.38324299086827
4880,2023-07-23 07:00:00,420.0900531613171
4881,2023-07-23 08:00:00,391.3515924654051
4882,2023-07-23 09:00:00,431.40468423938205
4883,2023-07-23 10:00:00,450.9601512963092
4884,2023-07-23 11:00:00,424.28782364834535
4885,2023-07-23 12:00:00,440.4116268503868
4886,2023-07-23 13:00:00,341.84116767785605
4887,2023-07-23 14:00:00,444.5093468491825
4888,2023-07-23 15:00:00,417.8720448684136
4889,2023-07-23 16:00:00,365.7355362187562
4890,2023-07-23 17:00:00,432.03632351697127
4891,2023-07-23 18:00:00,373.3112808199529
4892,2023-07-23 19:00:00,353.1185560808067
4893,2023-07-23 20:00:00,437.3812601229958
4894,2023-07-23 21:00:00,427.1664873653864
4895,2023-07-23 22:00:00,448.47140379210157
4896,2023-07-23 23:00:00,500.3951666532147
4897,2023-07-24 00:00:00,407.5681231402156
4898,2023-07-24 01:00:00,440.688288724699
4899,2023-07-24 02:00:00,503.46405238878975
4900,2023-07-24 03:00:00,480.1704904649098
4901,2023-07-24 04:00:00,454.73228485485527
4902,2023-07-24 05:00:00,517.705571635268
4903,2023-07-24 06:00:00,409.6281185428422
4904,2023-07-24 07:00:00,441.03636061138167
4905,2023-07-24 08:00:00,465.1153487063988
4906,2023-07-24 09:00:00,461.2839756255137
4907,2023-07-24 10:00:00,477.82804669615865
4908,2023-07-24 11:00:00,410.80067360743226
4909,2023-07-24 12:00:00,416.25446347030396
4910,2023-07-24 13:00:00,427.9340101392749
4911,2023-07-24 14:00:00,440.73136857248164
4912,2023-07-24 15:00:00,367.36417228923517
4913,2023-07-24 16:00:00,431.01853338318625
4914,2023-07-24 17:00:00,347.80623188968764
4915,2023-07-24 18:00:00,457.32819622234354
4916,2023-07-24 19:00:00,431.158331866667
4917,2023-07-24 20:00:00,437.6536342381317
4918,2023-07-24 21:00:00,457.00002527878024
4919,2023-07-24 22:00:00,416.22737219079
4920,2023-07-24 23:00:00,407.65633337467693
4921,2023-07-25 00:00:00,413.9355304397922
4922,2023-07-25 01:00:00,416.17009000603014
4923,2023-07-25 02:00:00,456.191535422042
4924,2023-07-25 03:00:00,449.7150410290078
4925,2023-07-25 04:00:00,443.13778276223667
4926,2023-07-25 05:00:00,421.7989900553081
4927,2023-07-25 06:00:00,523.0825933126769
4928,2023-07-25 07:00:00,477.6502936923878
4929,2023-07-25 08:00:00,444.1154463295448
4930,2023-07-25 09:00:00,438.6426292520607
4931,2023-07-25 10:00:00,433.92725915538057
4932,2023-07-25 11:00:00,441.3971716331287
4933,2023-07-25 12:00:00,458.6641991574768
4934,2023-07-25 13:00:00,425.0433600678116
4935,2023-07-25 14:00:00,466.2227135845348
4936,2023-07-25 15:00:00,398.62289339763305
4937,2023-07-25 16:00:00,404.8880562162691
4938,2023-07-25 17:00:00,408.10182258018807
4939,2023-07-25 18:00:00,371.70075157658636
4940,2023-07-25 19:00:00,409.81471973014254
4941,2023-07-25 20:00:00,396.99349882706315
4942,2023-07-25 21:00:00,417.64035373838993
4943,2023-07-25 22:00:00,413.3166824234293
4944,2023-07-25 23:00:00,412.4181112255698
4945,2023-07-26 00:00:00,415.9748705307121
4946,2023-07-26 01:00:00,455.41320869113514
4947,2023-07-26 02:00:00,460.7794126917519
4948,2023-07-26 03:00:00,443.49658781570093
4949,2023-07-26 04:00:00,428.65167023284977
4950,2023-07-26 05:00:00,422.3305835556355
4951,2023-07-26 06:00:00,470.46894717531706
4952,2023-07-26 07:00:00,472.40237355355316
4953,2023-07-26 08:00:00,467.20437768358806
4954,2023-07-26 09:00:00,454.8372118405321
4955,2023-07-26 10:00:00,412.74766293477916
4956,2023-07-26 11:00:00,430.9513370391404
4957,2023-07-26 12:00:00,379.8283807602927
4958,2023-07-26 13:00:00,442.60174315769655
4959,2023-07-26 14:00:00,458.489928937591
4960,2023-07-26 15:00:00,458.4197845907496
4961,2023-07-26 16:00:00,404.88974564395494
4962,2023-07-26 17:00:00,471.8056596645666
4963,2023-07-26 18:00:00,336.78382934093963
4964,2023-07-26 19:00:00,435.998407671132
4965,2023-07-26 20:00:00,444.0009653933262
4966,2023-07-26 21:00:00,446.6742442816989
4967,2023-07-26 22:00:00,485.4489611885832
4968,2023-07-26 23:00:00,414.18659629127717
4969,2023-07-27 00:00:00,440.1166679917523
4970,2023-07-27 01:00:00,481.80050464081853
4971,2023-07-27 02:00:00,404.70654334444384
4972,2023-07-27 03:00:00,476.9092790780805
4973,2023-07-27 04:00:00,486.86636763413725
4974,2023-07-27 05:00:00,437.3441134337213
4975,2023-07-27 06:00:00,480.9453079372549
4976,2023-07-27 07:00:00,438.73120710937997
4977,2023-07-27 08:00:00,469.7263729809489
4978,2023-07-27 09:00:00,446.34215879684444
4979,2023-07-27 10:00:00,429.9549242904139
4980,2023-07-27 11:00:00,423.77534583904844
4981,2023-07-27 12:00:00,414.3233129349015
4982,2023-07-27 13:00:00,421.0075096035582
4983,2023-07-27 14:00:00,433.2180294949238
4984,2023-07-27 15:00:00,406.28156857058013
4985,2023-07-27 16:00:00,448.89315221338023
4986,2023-07-27 17:00:00,442.19299373779097
4987,2023-07-27 18:00:00,369.2258477284956
4988,2023-07-27 19:00:00,416.44902406022874
4989,2023-07-27 20:00:00,413.51117074286503
4990,2023-07-27 21:00:00,385.23547247806516
4991,2023-07-27 22:00:00,421.16178899473533
4992,2023-07-27 23:00:00,465.87675212386984
4993,2023-07-28 00:00:00,375.4413991149947
4994,2023-07-28 01:00:00,482.44022450820626
4995,2023-07-28 02:00:00,426.400512560299
4996,2023-07-28 03:00:00,472.9476515074354
4997,2023-07-28 04:00:00,467.54768619004983
4998,2023-07-28 05:00:00,462.68170778408694
4999,2023-07-28 06:00:00,453.95069249652386
5000,2023-07-28 07:00:00,450.70673205556363
5001,2023-07-28 08:00:00,482.9298989704733
5002,2023-07-28 09:00:00,452.6229431031331
5003,2023-07-28 10:00:00,435.5942666673262
5004,2023-07-28 11:00:00,482.1724143887134
5005,2023-07-28 12:00:00,465.64687975849745
5006,2023-07-28 13:00:00,417.4150464720056
5007,2023-07-28 14:00:00,428.66868992371167
5008,2023-07-28 15:00:00,385.60924975362644
5009,2023-07-28 16:00:00,471.7423315551746
5010,2023-07-28 17:00:00,399.2753613528829
5011,2023-07-28 18:00:00,423.9523490836216
5012,2023-07-28 19:00:00,414.0602789139343
5013,2023-07-28 20:00:00,417.76954777413044
5014,2023-07-28 21:00:00,399.8246497732765
5015,2023-07-28 22:00:00,406.5399607059138
5016,2023-07-28 23:00:00,420.09265457843634
5017,2023-07-29 00:00:00,409.6160697299539
5018,2023-07-29 01:00:00,437.27165287032665
5019,2023-07-29 02:00:00,407.40827625886976
5020,2023-07-29 03:00:00,415.2897474257366
5021,2023-07-29 04:00:00,436.25358893568824
5022,2023-07-29 05:00:00,469.9489476851293
5023,2023-07-29 06:00:00,482.8650679960415
5024,2023-07-29 07:00:00,425.2750538446987
5025,2023-07-29 08:00:00,435.01359833459986
5026,2023-07-29 09:00:00,431.2523584537456
5027,2023-07-29 10:00:00,411.7676271818996
5028,2023-07-29 11:00:00,478.1961312798312
5029,2023-07-29 12:00:00,383.3955084497614
5030,2023-07-29 13:00:00,410.739817998563
5031,2023-07-29 14:00:00,447.04399057341186
5032,2023-07-29 15:00:00,379.98635785439217
5033,2023-07-29 16:00:00,427.62189034967366
5034,2023-07-29 17:00:00,433.1890082669419
5035,2023-07-29 18:00:00,443.2225023537929
5036,2023-07-29 19:00:00,456.7601390300635
5037,2023-07-29 20:00:00,394.1679613930341
5038,2023-07-29 21:00:00,446.53696924690536
5039,2023-07-29 22:00:00,406.4457797563579
5040,2023-07-29 23:00:00,426.9858133540203
5041,2023-07-30 00:00:00,448.1893849812319
5042,2023-07-30 01:00:00,449.44424133677376
5043,2023-07-30 02:00:00,422.01329368837247
5044,2023-07-30 03:00:00,441.74259650812076
5045,2023-07-30 04:00:00,432.1619360378502
5046,2023-07-30 05:00:00,427.1242806160784
5047,2023-07-30 06:00:00,458.0572189279626
5048,2023-07-30 07:00:00,472.4001876292968
5049,2023-07-30 08:00:00,435.2115321286829
5050,2023-07-30 09:00:00,427.9907427234028
5051,2023-07-30 10:00:00,414.0667218735208
5052,2023-07-30 11:00:00,471.5527392350699
5053,2023-07-30 12:00:00,446.229094880493
5054,2023-07-30 13:00:00,477.33789675568926
5055,2023-07-30 14:00:00,428.9457727620855
5056,2023-07-30 15:00:00,430.2773305482472
5057,2023-07-30 16:00:00,371.1764246777101
5058,2023-07-30 17:00:00,414.56744200111785
5059,2023-07-30 18:00:00,413.7783614174083
5060,2023-07-30 19:00:00,381.58892419209707
5061,2023-07-30 20:00:00,439.04544921717917
5062,2023-07-30 21:00:00,418.42417865085844
5063,2023-07-30 22:00:00,426.27630068591606
5064,2023-07-30 23:00:00,457.96606762574913
5065,2023-07-31 00:00:00,407.3747829634041
5066,2023-07-31 01:00:00,364.93272689019705
5067,2023-07-31 02:00:00,451.5575681500685
5068,2023-07-31 03:00:00,440.63945394826203
5069,2023-07-31 04:00:00,431.99884485486507
5070,2023-07-31 05:00:00,473.0600596423279
5071,2023-07-31 06:00:00,468.5057637380981
5072,2023-07-31 07:00:00,459.5926596271777
5073,2023-07-31 08:00:00,497.4788073059998
5074,2023-07-31 09:00:00,484.79673353285085
5075,2023-07-31 10:00:00,501.0276760521483
5076,2023-07-31 11:00:00,430.45887846888496
5077,2023-07-31 12:00:00,461.83807533949283
5078,2023-07-31 13:00:00,450.2193119730286
5079,2023-07-31 14:00:00,409.49152627819643
5080,2023-07-31 15:00:00,392.9872874007452
5081,2023-07-31 16:00:00,414.2407957304165
5082,2023-07-31 17:00:00,418.31528604456565
5083,2023-07-31 18:00:00,393.7589559129424
5084,2023-07-31 19:00:00,426.32529423739254
5085,2023-07-31 20:00:00,419.3976017938109
5086,2023-07-31 21:00:00,465.2474408504423
5087,2023-07-31 22:00:00,452.3664829062012
5088,2023-07-31 23:00:00,411.43752337914145
5089,2023-08-01 00:00:00,493.5321182486235
5090,2023-08-01 01:00:00,505.6080760991907
5091,2023-08-01 02:00:00,436.14079731386425
5092,2023-08-01 03:00:00,437.76696334108726
5093,2023-08-01 04:00:00,422.93793245538075
5094,2023-08-01 05:00:00,467.42937134061515
5095,2023-08-01 06:00:00,448.5672326176183
5096,2023-08-01 07:00:00,443.84965309631616
5097,2023-08-01 08:00:00,442.18045769856127
5098,2023-08-01 09:00:00,430.6920290505669
5099,2023-08-01 10:00:00,433.34875120385533
5100,2023-08-01 11:00:00,411.3637464231599
5101,2023-08-01 12:00:00,403.54041717728165
5102,2023-08-01 13:00:00,448.3891688120962
5103,2023-08-01 14:00:00,401.0594012432344
5104,2023-08-01 15:00:00,413.5111472003932
5105,2023-08-01 16:00:00,376.1026095584345
5106,2023-08-01 17:00:00,441.5218270967743
5107,2023-08-01 18:00:00,445.3699129490517
5108,2023-08-01 19:00:00,399.7829771637407
5109,2023-08-01 20:00:00,482.6912799962084
5110,2023-08-01 21:00:00,466.62840977031783
5111,2023-08-01 22:00:00,404.9559972345155
5112,2023-08-01 23:00:00,469.93759197137945
5113,2023-08-02 00:00:00,445.72880143283106
5114,2023-08-02 01:00:00,471.0125538456347
5115,2023-08-02 02:00:00,471.873614980154
5116,2023-08-02 03:00:00,443.7874359130221
5117,2023-08-02 04:00:00,449.53747274012
5118,2023-08-02 05:00:00,489.15715752821905
5119,2023-08-02 06:00:00,458.0241336352479
5120,2023-08-02 07:00:00,487.6164166657682
5121,2023-08-02 08:00:00,506.0836995261893
5122,2023-08-02 09:00:00,436.4499240416993
5123,2023-08-02 10:00:00,510.2037688064712
5124,2023-08-02 11:00:00,473.32333781050403
5125,2023-08-02 12:00:00,471.31052924943776
5126,2023-08-02 13:00:00,455.10367835633366
5127,2023-08-02 14:00:00,453.13330318490523
5128,2023-08-02 15:00:00,422.9280666328558
5129,2023-08-02 16:00:00,434.97303427886914
5130,2023-08-02 17:00:00,432.65815893606333
5131,2023-08-02 18:00:00,417.2359529987849
5132,2023-08-02 19:00:00,417.716423177902
5133,2023-08-02 20:00:00,408.96200057643426
5134,2023-08-02 21:00:00,423.51434058185754
5135,2023-08-02 22:00:00,400.6492834666012
5136,2023-08-02 23:00:00,388.41870329036425
5137,2023-08-03 00:00:00,473.49022296406997
5138,2023-08-03 01:00:00,429.4396723447666
5139,2023-08-03 02:00:00,492.3315750407027
5140,2023-08-03 03:00:00,450.3865308825531
5141,2023-08-03 04:00:00,469.0403725702761
5142,2023-08-03 05:00:00,492.2586977954851
5143,2023-08-03 06:00:00,404.88807179938146
5144,2023-08-03 07:00:00,422.0408559931442
5145,2023-08-03 08:00:00,466.9993132485617
5146,2023-08-03 09:00:00,510.74044337082444
5147,2023-08-03 10:00:00,419.2164336872717
5148,2023-08-03 11:00:00,465.4517897879991
5149,2023-08-03 12:00:00,411.4580225908942
5150,2023-08-03 13:00:00,465.1006438550718
5151,2023-08-03 14:00:00,429.61442254105526
5152,2023-08-03 15:00:00,378.35535073849223
5153,2023-08-03 16:00:00,443.5221662914707
5154,2023-08-03 17:00:00,464.6787143719144
5155,2023-08-03 18:00:00,423.6509420158579
5156,2023-08-03 19:00:00,460.9052533495287
5157,2023-08-03 20:00:00,413.5519786857268
5158,2023-08-03 21:00:00,445.29991090964376
5159,2023-08-03 22:00:00,419.3693822389257
5160,2023-08-03 23:00:00,448.32646217618026
5161,2023-08-04 00:00:00,476.25900023818645
5162,2023-08-04 01:00:00,488.92270509431324
5163,2023-08-04 02:00:00,431.0785467944588
5164,2023-08-04 03:00:00,465.06383470149694
5165,2023-08-04 04:00:00,415.5069069272954
5166,2023-08-04 05:00:00,533.2556594953985
5167,2023-08-04 06:00:00,450.8912693682042
5168,2023-08-04 07:00:00,435.89028859691774
5169,2023-08-04 08:00:00,461.1759390083509
5170,2023-08-04 09:00:00,482.37292028216297
5171,2023-08-04 10:00:00,423.65872355211286
5172,2023-08-04 11:00:00,400.85910355889405
5173,2023-08-04 12:00:00,444.8226755545447
5174,2023-08-04 13:00:00,415.631796921879
5175,2023-08-04 14:00:00,463.11089443713263
5176,2023-08-04 15:00:00,434.7875747061227
5177,2023-08-04 16:00:00,402.3005556403688
5178,2023-08-04 17:00:00,362.605583733585
5179,2023-08-04 18:00:00,454.77756542193595
5180,2023-08-04 19:00:00,430.42906520057954
5181,2023-08-04 20:00:00,384.1765093462374
5182,2023-08-04 21:00:00,427.32531247940443
5183,2023-08-04 22:00:00,525.6783779800991
5184,2023-08-04 23:00:00,417.52107044223965
5185,2023-08-05 00:00:00,506.62858346867773
5186,2023-08-05 01:00:00,489.5178627703345
5187,2023-08-05 02:00:00,456.01501971488193
5188,2023-08-05 03:00:00,469.8057629769942
5189,2023-08-05 04:00:00,460.5680259526995
5190,2023-08-05 05:00:00,477.1032189534182
5191,2023-08-05 06:00:00,455.8270135639102
5192,2023-08-05 07:00:00,439.28893622532354
5193,2023-08-05 08:00:00,475.4165369405764
5194,2023-08-05 09:00:00,478.8219330579833
5195,2023-08-05 10:00:00,486.12833204325483
5196,2023-08-05 11:00:00,475.28136434984816
5197,2023-08-05 12:00:00,483.80768759428315
5198,2023-08-05 13:00:00,441.7483467040215
5199,2023-08-05 14:00:00,423.8886988571586
5200,2023-08-05 15:00:00,334.41085995601713
5201,2023-08-05 16:00:00,421.64361350056294
5202,2023-08-05 17:00:00,410.2764900569603
5203,2023-08-05 18:00:00,406.26585074113945
5204,2023-08-05 19:00:00,408.0702009693627
5205,2023-08-05 20:00:00,433.6099081428966
5206,2023-08-05 21:00:00,442.3456878480085
5207,2023-08-05 22:00:00,421.7675423305137
5208,2023-08-05 23:00:00,430.59068398559816
5209,2023-08-06 00:00:00,504.0861131224318
5210,2023-08-06 01:00:00,487.49811095827266
5211,2023-08-06 02:00:00,463.4737872655501
5212,2023-08-06 03:00:00,489.063423089945
5213,2023-08-06 04:00:00,487.0133018776406
5214,2023-08-06 05:00:00,455.87780747000284
5215,2023-08-06 06:00:00,479.45962307272856
5216,2023-08-06 07:00:00,468.180054033839
5217,2023-08-06 08:00:00,428.42609430401353
5218,2023-08-06 09:00:00,493.29941601822907
5219,2023-08-06 10:00:00,422.6163285068828
5220,2023-08-06 11:00:00,445.3984026147268
5221,2023-08-06 12:00:00,498.87264595979144
5222,2023-08-06 13:00:00,446.3773142152591
5223,2023-08-06 14:00:00,462.2289193924811
5224,2023-08-06 15:00:00,413.9271456179434
5225,2023-08-06 16:00:00,409.1286673848262
5226,2023-08-06 17:00:00,393.17587755195785
5227,2023-08-06 18:00:00,388.6702075999604
5228,2023-08-06 19:00:00,447.5204561431204
5229,2023-08-06 20:00:00,417.864851592989
5230,2023-08-06 21:00:00,395.79896753151024
5231,2023-08-06 22:00:00,486.28062717302
5232,2023-08-06 23:00:00,464.7476381396362
5233,2023-08-07 00:00:00,368.86454424465785
5234,2023-08-07 01:00:00,495.0790302964004
5235,2023-08-07 02:00:00,422.6325973747908
5236,2023-08-07 03:00:00,456.7902027476667
5237,2023-08-07 04:00:00,435.3961687965799
5238,2023-08-07 05:00:00,455.8829451033052
5239,2023-08-07 06:00:00,469.8898458319027
5240,2023-08-07 07:00:00,449.5393665361302
5241,2023-08-07 08:00:00,446.594167566018
5242,2023-08-07 09:00:00,474.5215657787227
5243,2023-08-07 10:00:00,459.2538237644311
5244,2023-08-07 11:00:00,499.572450413564
5245,2023-08-07 12:00:00,474.4552044553939
5246,2023-08-07 13:00:00,366.7989998139968
5247,2023-08-07 14:00:00,435.2927233698672
5248,2023-08-07 15:00:00,411.37584555850526
5249,2023-08-07 16:00:00,362.7970841997581
5250,2023-08-07 17:00:00,460.78585119459757
5251,2023-08-07 18:00:00,401.893151608472
5252,2023-08-07 19:00:00,429.28107050563983
5253,2023-08-07 20:00:00,439.96673698245297
5254,2023-08-07 21:00:00,429.43787502904615
5255,2023-08-07 22:00:00,428.6217468661223
5256,2023-08-07 23:00:00,470.2635434795906
5257,2023-08-08 00:00:00,455.695723906892
5258,2023-08-08 01:00:00,476.7393029952938
5259,2023-08-08 02:00:00,469.11964443799627
5260,2023-08-08 03:00:00,507.4911611371524
5261,2023-08-08 04:00:00,447.4177479517699
5262,2023-08-08 05:00:00,466.8670664174168
5263,2023-08-08 06:00:00,503.34432079667005
5264,2023-08-08 07:00:00,493.85124634931293
5265,2023-08-08 08:00:00,458.8334899735366
5266,2023-08-08 09:00:00,454.4562276368585
5267,2023-08-08 10:00:00,417.99187177084036
5268,2023-08-08 11:00:00,448.7393558663802
5269,2023-08-08 12:00:00,440.6552521862152
5270,2023-08-08 13:00:00,425.00751166066755
5271,2023-08-08 14:00:00,434.9379627473232
5272,2023-08-08 15:00:00,406.0063631062018
5273,2023-08-08 16:00:00,419.1595323932774
5274,2023-08-08 17:00:00,457.3468592436896
5275,2023-08-08 18:00:00,472.0194925100291
5276,2023-08-08 19:00:00,426.15119903735797
5277,2023-08-08 20:00:00,423.249139085632
5278,2023-08-08 21:00:00,406.9569194933534
5279,2023-08-08 22:00:00,425.12461642306033
5280,2023-08-08 23:00:00,482.790054336072
5281,2023-08-09 00:00:00,487.3543227496393
5282,2023-08-09 01:00:00,472.72402309370295
5283,2023-08-09 02:00:00,458.49493377204726
5284,2023-08-09 03:00:00,447.70932750392745
5285,2023-08-09 04:00:00,412.66836986613123
5286,2023-08-09 05:00:00,446.23055378855514
5287,2023-08-09 06:00:00,430.7203642186298
5288,2023-08-09 07:00:00,475.3206417503
5289,2023-08-09 08:00:00,490.91694935805816
5290,2023-08-09 09:00:00,462.1115217289789
5291,2023-08-09 10:00:00,433.5520167320372
5292,2023-08-09 11:00:00,528.5211583546422
5293,2023-08-09 12:00:00,390.5102622628818
5294,2023-08-09 13:00:00,378.0825353785862
5295,2023-08-09 14:00:00,424.0039425751734
5296,2023-08-09 15:00:00,379.74897135085956
5297,2023-08-09 16:00:00,398.8209007325771
5298,2023-08-09 17:00:00,416.5743557800687
5299,2023-08-09 18:00:00,378.2656083271246
5300,2023-08-09 19:00:00,447.5755763127889
5301,2023-08-09 20:00:00,427.24655342802976
5302,2023-08-09 21:00:00,413.9401720243262
5303,2023-08-09 22:00:00,417.1040179270776
5304,2023-08-09 23:00:00,479.3977280184432
5305,2023-08-10 00:00:00,479.23956703508827
5306,2023-08-10 01:00:00,397.2247359314356
5307,2023-08-10 02:00:00,506.1273459090159
5308,2023-08-10 03:00:00,513.2943127541268
5309,2023-08-10 04:00:00,479.6753284857163
5310,2023-08-10 05:00:00,507.8239447005888
5311,2023-08-10 06:00:00,507.0757162897332
5312,2023-08-10 07:00:00,490.26316967323083
5313,2023-08-10 08:00:00,430.42387994972773
5314,2023-08-10 09:00:00,487.2244590176274
5315,2023-08-10 10:00:00,482.80219491888516
5316,2023-08-10 11:00:00,440.45202748554874
5317,2023-08-10 12:00:00,417.8009301943917
5318,2023-08-10 13:00:00,452.02079367199326
5319,2023-08-10 14:00:00,464.408454307327
5320,2023-08-10 15:00:00,366.39704426023934
5321,2023-08-10 16:00:00,439.19839264223714
5322,2023-08-10 17:00:00,435.4979905246403
5323,2023-08-10 18:00:00,391.4189761903877
5324,2023-08-10 19:00:00,411.3756598891666
5325,2023-08-10 20:00:00,339.24134941067416
5326,2023-08-10 21:00:00,425.33068471075126
5327,2023-08-10 22:00:00,487.5568673597152
5328,2023-08-10 23:00:00,420.3505914940939
5329,2023-08-11 00:00:00,402.1819036840397
5330,2023-08-11 01:00:00,466.3868231508472
5331,2023-08-11 02:00:00,460.8832311174247
5332,2023-08-11 03:00:00,478.85520392451053
5333,2023-08-11 04:00:00,480.88597543256617
5334,2023-08-11 05:00:00,474.1699542336135
5335,2023-08-11 06:00:00,484.2550252702644
5336,2023-08-11 07:00:00,457.889095212191
5337,2023-08-11 08:00:00,487.7505108964872
5338,2023-08-11 09:00:00,434.3320422830579
5339,2023-08-11 10:00:00,437.42257411297186
5340,2023-08-11 11:00:00,472.8138534024445
5341,2023-08-11 12:00:00,439.8803521110939
5342,2023-08-11 13:00:00,467.4344259059167
5343,2023-08-11 14:00:00,388.39992776080896
5344,2023-08-11 15:00:00,451.7638252103841
5345,2023-08-11 16:00:00,433.2293159151128
5346,2023-08-11 17:00:00,437.0291283876265
5347,2023-08-11 18:00:00,442.0976464911352
5348,2023-08-11 19:00:00,412.4132104594688
5349,2023-08-11 20:00:00,415.9050480826658
5350,2023-08-11 21:00:00,424.16085215025606
5351,2023-08-11 22:00:00,430.925396020845
5352,2023-08-11 23:00:00,448.31524203936755
5353,2023-08-12 00:00:00,472.8254527239712
5354,2023-08-12 01:00:00,397.14561021778087
5355,2023-08-12 02:00:00,459.07741317142177
5356,2023-08-12 03:00:00,489.53587348025167
5357,2023-08-12 04:00:00,472.5194933580039
5358,2023-08-12 05:00:00,474.92322160138764
5359,2023-08-12 06:00:00,460.0486302467019
5360,2023-08-12 07:00:00,539.7421682050191
5361,2023-08-12 08:00:00,489.65709075593463
5362,2023-08-12 09:00:00,510.88249739630857
5363,2023-08-12 10:00:00,502.9648834681466
5364,2023-08-12 11:00:00,460.61088986647263
5365,2023-08-12 12:00:00,512.6900788850231
5366,2023-08-12 13:00:00,454.7706612851258
5367,2023-08-12 14:00:00,471.2885503984884
5368,2023-08-12 15:00:00,474.88702483244003
5369,2023-08-12 16:00:00,388.5768053246278
5370,2023-08-12 17:00:00,468.7833515127488
5371,2023-08-12 18:00:00,418.7490277004226
5372,2023-08-12 19:00:00,431.8019897642882
5373,2023-08-12 20:00:00,414.38852313887503
5374,2023-08-12 21:00:00,438.16875331586664
5375,2023-08-12 22:00:00,486.77308012097
5376,2023-08-12 23:00:00,446.1972755373971
5377,2023-08-13 00:00:00,451.0548415784566
5378,2023-08-13 01:00:00,513.2734456378248
5379,2023-08-13 02:00:00,465.1119901275171
5380,2023-08-13 03:00:00,404.05562418858267
5381,2023-08-13 04:00:00,458.1466937039731
5382,2023-08-13 05:00:00,524.2648696185698
5383,2023-08-13 06:00:00,446.57369635166106
5384,2023-08-13 07:00:00,438.92174051158713
5385,2023-08-13 08:00:00,484.9440718184606
5386,2023-08-13 09:00:00,473.6844068727
5387,2023-08-13 10:00:00,449.6556712955476
5388,2023-08-13 11:00:00,446.36241290612656
5389,2023-08-13 12:00:00,450.349144886964
5390,2023-08-13 13:00:00,426.36490819934346
5391,2023-08-13 14:00:00,399.69677491390144
5392,2023-08-13 15:00:00,470.2355619469137
5393,2023-08-13 16:00:00,392.36436706119764
5394,2023-08-13 17:00:00,500.5731671628612
5395,2023-08-13 18:00:00,429.27476442876747
5396,2023-08-13 19:00:00,399.32311254713954
5397,2023-08-13 20:00:00,465.5491909094717
5398,2023-08-13 21:00:00,390.97809968095737
5399,2023-08-13 22:00:00,414.1908564177111
5400,2023-08-13 23:00:00,400.34780460748914
5401,2023-08-14 00:00:00,417.2378707482263
5402,2023-08-14 01:00:00,425.3514419298547
5403,2023-08-14 02:00:00,487.98277732440135
5404,2023-08-14 03:00:00,445.38419611722645
5405,2023-08-14 04:00:00,434.96983818937946
5406,2023-08-14 05:00:00,512.0353531861577
5407,2023-08-14 06:00:00,493.821406568987
5408,2023-08-14 07:00:00,467.8004213698798
5409,2023-08-14 08:00:00,460.0585692521378
5410,2023-08-14 09:00:00,492.46017233802013
5411,2023-08-14 10:00:00,473.716505507871
5412,2023-08-14 11:00:00,500.1591260722962
5413,2023-08-14 12:00:00,455.55594499357727
5414,2023-08-14 13:00:00,443.70339427966877
5415,2023-08-14 14:00:00,433.58994280192456
5416,2023-08-14 15:00:00,443.0320629491412
5417,2023-08-14 16:00:00,446.05979753595886
5418,2023-08-14 17:00:00,430.0284697051972
5419,2023-08-14 18:00:00,411.20979620849096
5420,2023-08-14 19:00:00,404.88859951510375
5421,2023-08-14 20:00:00,422.6600352701436
5422,2023-08-14 21:00:00,485.28609435520946
5423,2023-08-14 22:00:00,419.4597954356422
5424,2023-08-14 23:00:00,424.6778900199147
5425,2023-08-15 00:00:00,424.6595775640726
5426,2023-08-15 01:00:00,464.83292772326683
5427,2023-08-15 02:00:00,489.64467779892146
5428,2023-08-15 03:00:00,416.5384623968374
5429,2023-08-15 04:00:00,501.29965860050544
5430,2023-08-15 05:00:00,527.1052948176598
5431,2023-08-15 06:00:00,466.9317424080682
5432,2023-08-15 07:00:00,468.4130303169851
5433,2023-08-15 08:00:00,419.1235025876749
5434,2023-08-15 09:00:00,424.20541045671905
5435,2023-08-15 10:00:00,463.785213286295
5436,2023-08-15 11:00:00,458.12213372888084
5437,2023-08-15 12:00:00,477.85251891253097
5438,2023-08-15 13:00:00,416.3620826328109
5439,2023-08-15 14:00:00,459.42628401719594
5440,2023-08-15 15:00:00,397.8119759987527
5441,2023-08-15 16:00:00,445.6318502175744
5442,2023-08-15 17:00:00,403.7070039543382
5443,2023-08-15 18:00:00,423.1499462378523
5444,2023-08-15 19:00:00,464.21115112400173
5445,2023-08-15 20:00:00,424.0099706388307
5446,2023-08-15 21:00:00,475.3001856169086
5447,2023-08-15 22:00:00,464.50713219093666
5448,2023-08-15 23:00:00,366.0677603846156
5449,2023-08-16 00:00:00,403.22369192864335
5450,2023-08-16 01:00:00,456.6837033608753
5451,2023-08-16 02:00:00,433.78668042553977
5452,2023-08-16 03:00:00,491.49177462998705
5453,2023-08-16 04:00:00,462.45592443819567
5454,2023-08-16 05:00:00,503.4213008781869
5455,2023-08-16 06:00:00,445.70200773850536
5456,2023-08-16 07:00:00,523.6577665133145
5457,2023-08-16 08:00:00,508.5506078582444
5458,2023-08-16 09:00:00,498.982946597229
5459,2023-08-16 10:00:00,482.4712864002289
5460,2023-08-16 11:00:00,445.01612777501083
5461,2023-08-16 12:00:00,409.2902759440594
5462,2023-08-16 13:00:00,458.25606558560503
5463,2023-08-16 14:00:00,428.14983780813515
5464,2023-08-16 15:00:00,455.94715573518926
5465,2023-08-16 16:00:00,409.3440263426324
5466,2023-08-16 17:00:00,428.6571357816609
5467,2023-08-16 18:00:00,432.8543179124467
5468,2023-08-16 19:00:00,405.1746030831559
5469,2023-08-16 20:00:00,379.24967770456794
5470,2023-08-16 21:00:00,494.8321083598625
5471,2023-08-16 22:00:00,383.37982109963974
5472,2023-08-16 23:00:00,413.9221056218315
5473,2023-08-17 00:00:00,439.17991327250826
5474,2023-08-17 01:00:00,424.5211182489703
5475,2023-08-17 02:00:00,472.64444402499055
5476,2023-08-17 03:00:00,518.9519708800096
5477,2023-08-17 04:00:00,454.31518144133196
5478,2023-08-17 05:00:00,445.3538517791428
5479,2023-08-17 06:00:00,500.8875392011614
5480,2023-08-17 07:00:00,479.31672896539175
5481,2023-08-17 08:00:00,480.73687870009377
5482,2023-08-17 09:00:00,426.20012485462695
5483,2023-08-17 10:00:00,464.74907837974877
5484,2023-08-17 11:00:00,497.1994285227186
5485,2023-08-17 12:00:00,517.1697984355147
5486,2023-08-17 13:00:00,397.4256521846015
5487,2023-08-17 14:00:00,448.1572809629015
5488,2023-08-17 15:00:00,454.7331581556623
5489,2023-08-17 16:00:00,364.3892534504687
5490,2023-08-17 17:00:00,393.1130654118362
5491,2023-08-17 18:00:00,487.5591785391002
5492,2023-08-17 19:00:00,473.07221412569527
5493,2023-08-17 20:00:00,420.81296092188256
5494,2023-08-17 21:00:00,447.99775025547063
5495,2023-08-17 22:00:00,383.5738206529
5496,2023-08-17 23:00:00,481.4673042908073
5497,2023-08-18 00:00:00,430.06790719176837
5498,2023-08-18 01:00:00,448.0539530086268
5499,2023-08-18 02:00:00,462.93454572025803
5500,2023-08-18 03:00:00,416.3828685358028
5501,2023-08-18 04:00:00,523.6276724422137
5502,2023-08-18 05:00:00,485.99321351752974
5503,2023-08-18 06:00:00,483.3683787219872
5504,2023-08-18 07:00:00,476.6128790596625
5505,2023-08-18 08:00:00,509.418401618561
5506,2023-08-18 09:00:00,535.8305906299156
5507,2023-08-18 10:00:00,454.65186862667133
5508,2023-08-18 11:00:00,442.5729300123801
5509,2023-08-18 12:00:00,509.50782207395105
5510,2023-08-18 13:00:00,497.90588349040195
5511,2023-08-18 14:00:00,463.8859387668732
5512,2023-08-18 15:00:00,434.16840713999943
5513,2023-08-18 16:00:00,456.02474437479765
5514,2023-08-18 17:00:00,418.6408351150611
5515,2023-08-18 18:00:00,397.02481737287496
5516,2023-08-18 19:00:00,427.9816409373554
5517,2023-08-18 20:00:00,412.99903810265084
5518,2023-08-18 21:00:00,448.8996360204682
5519,2023-08-18 22:00:00,460.40490873817737
5520,2023-08-18 23:00:00,452.06221773312893
5521,2023-08-19 00:00:00,458.55480731725453
5522,2023-08-19 01:00:00,475.5367577926501
5523,2023-08-19 02:00:00,481.0801347616067
5524,2023-08-19 03:00:00,448.6322870815995
5525,2023-08-19 04:00:00,548.8536578494948
5526,2023-08-19 05:00:00,470.65595806991473
5527,2023-08-19 06:00:00,479.99786317894257
5528,2023-08-19 07:00:00,462.21298338680265
5529,2023-08-19 08:00:00,441.1007370849447
5530,2023-08-19 09:00:00,440.42459080966626
5531,2023-08-19 10:00:00,454.3397640751613
5532,2023-08-19 11:00:00,485.7307453789495
5533,2023-08-19 12:00:00,499.7894990778952
5534,2023-08-19 13:00:00,457.86042797570445
5535,2023-08-19 14:00:00,439.5246763446212
5536,2023-08-19 15:00:00,505.67706134058517
5537,2023-08-19 16:00:00,432.68263370087067
5538,2023-08-19 17:00:00,454.2245112773773
5539,2023-08-19 18:00:00,438.9419325524359
5540,2023-08-19 19:00:00,457.9509497639746
5541,2023-08-19 20:00:00,445.19756220601136
5542,2023-08-19 21:00:00,393.9779103932325
5543,2023-08-19 22:00:00,468.8049998452038
5544,2023-08-19 23:00:00,490.7213255913008
5545,2023-08-20 00:00:00,441.2893117007026
5546,2023-08-20 01:00:00,433.8720559354584
5547,2023-08-20 02:00:00,502.35077086812976
5548,2023-08-20 03:00:00,498.8717914889588
5549,2023-08-20 04:00:00,487.6478576582687
5550,2023-08-20 05:00:00,493.8210559391197
5551,2023-08-20 06:00:00,495.70062341864593
5552,2023-08-20 07:00:00,494.05952044826915
5553,2023-08-20 08:00:00,505.1403697682217
5554,2023-08-20 09:00:00,516.1695952531975
5555,2023-08-20 10:00:00,458.32188198415383
5556,2023-08-20 11:00:00,451.78834094039735
5557,2023-08-20 12:00:00,445.9603094109312
5558,2023-08-20 13:00:00,468.020095050451
5559,2023-08-20 14:00:00,417.1073457878392
5560,2023-08-20 15:00:00,428.63063888256943
5561,2023-08-20 16:00:00,400.5875208193703
5562,2023-08-20 17:00:00,467.7128912072453
5563,2023-08-20 18:00:00,434.69702657114584
5564,2023-08-20 19:00:00,486.464958427446
5565,2023-08-20 20:00:00,413.70313080272547
5566,2023-08-20 21:00:00,425.67691479429203
5567,2023-08-20 22:00:00,426.6660894578206
5568,2023-08-20 23:00:00,449.25390660747775
5569,2023-08-21 00:00:00,460.5547905592204
5570,2023-08-21 01:00:00,479.17856880644604
5571,2023-08-21 02:00:00,487.8322683618336
5572,2023-08-21 03:00:00,414.4198067582421
5573,2023-08-21 04:00:00,518.2327416895033
5574,2023-08-21 05:00:00,522.8961426071924
5575,2023-08-21 06:00:00,517.5802363953624
5576,2023-08-21 07:00:00,452.2146512949515
5577,2023-08-21 08:00:00,489.22924618396354
5578,2023-08-21 09:00:00,451.04543760956363
5579,2023-08-21 10:00:00,436.9566526678383
5580,2023-08-21 11:00:00,485.231769186463
5581,2023-08-21 12:00:00,442.6158314854617
5582,2023-08-21 13:00:00,399.9677766703412
5583,2023-08-21 14:00:00,432.98752496075423
5584,2023-08-21 15:00:00,412.313364523481
5585,2023-08-21 16:00:00,468.8749782149826
5586,2023-08-21 17:00:00,436.1315309635021
5587,2023-08-21 18:00:00,420.7511079268844
5588,2023-08-21 19:00:00,385.11190753225105
5589,2023-08-21 20:00:00,444.7561290095885
5590,2023-08-21 21:00:00,469.02719730144344
5591,2023-08-21 22:00:00,460.7408719720824
5592,2023-08-21 23:00:00,410.912092842016
5593,2023-08-22 00:00:00,519.1629446841116
5594,2023-08-22 01:00:00,426.6285385789664
5595,2023-08-22 02:00:00,502.12966946369886
5596,2023-08-22 03:00:00,437.90562039282
5597,2023-08-22 04:00:00,488.6346376303307
5598,2023-08-22 05:00:00,491.4680530527386
5599,2023-08-22 06:00:00,424.15686568982017
5600,2023-08-22 07:00:00,519.3741014812275
5601,2023-08-22 08:00:00,505.4660792030554
5602,2023-08-22 09:00:00,501.04494082641855
5603,2023-08-22 10:00:00,450.6699755023298
5604,2023-08-22 11:00:00,500.5783678591741
5605,2023-08-22 12:00:00,468.4332021417719
5606,2023-08-22 13:00:00,487.84446536885747
5607,2023-08-22 14:00:00,436.0777002746322
5608,2023-08-22 15:00:00,458.8420280126468
5609,2023-08-22 16:00:00,346.87208726195445
5610,2023-08-22 17:00:00,466.71489346717686
5611,2023-08-22 18:00:00,443.2440851565122
5612,2023-08-22 19:00:00,422.77921498570436
5613,2023-08-22 20:00:00,439.3746147223927
5614,2023-08-22 21:00:00,473.2498433912114
5615,2023-08-22 22:00:00,450.5272863754603
5616,2023-08-22 23:00:00,432.16540815126064
5617,2023-08-23 00:00:00,461.45812963560417
5618,2023-08-23 01:00:00,517.221236020952
5619,2023-08-23 02:00:00,480.8978561564308
5620,2023-08-23 03:00:00,542.9335592686867
5621,2023-08-23 04:00:00,524.3676655504514
5622,2023-08-23 05:00:00,455.8349405994438
5623,2023-08-23 06:00:00,520.4477191468043
5624,2023-08-23 07:00:00,480.8357292462226
5625,2023-08-23 08:00:00,482.5450948567943
5626,2023-08-23 09:00:00,459.66680642492366
5627,2023-08-23 10:00:00,454.8390157649571
5628,2023-08-23 11:00:00,440.7783585718287
5629,2023-08-23 12:00:00,447.2027142895456
5630,2023-08-23 13:00:00,390.4931537476136
5631,2023-08-23 14:00:00,476.7373476029077
5632,2023-08-23 15:00:00,459.2688643741356
5633,2023-08-23 16:00:00,431.9285594592258
5634,2023-08-23 17:00:00,493.779838660275
5635,2023-08-23 18:00:00,446.2103093331295
5636,2023-08-23 19:00:00,440.02051425960383
5637,2023-08-23 20:00:00,504.7205640577146
5638,2023-08-23 21:00:00,433.2796109912814
5639,2023-08-23 22:00:00,493.36135321923484
5640,2023-08-23 23:00:00,444.1745369505195
5641,2023-08-24 00:00:00,445.70641521142613
5642,2023-08-24 01:00:00,506.02794806940625
5643,2023-08-24 02:00:00,441.47045625812626
5644,2023-08-24 03:00:00,476.12836555665086
5645,2023-08-24 04:00:00,458.5028852456109
5646,2023-08-24 05:00:00,510.50073151893685
5647,2023-08-24 06:00:00,516.544543698081
5648,2023-08-24 07:00:00,515.3116650842901
5649,2023-08-24 08:00:00,419.0262922970361
5650,2023-08-24 09:00:00,485.2206224334131
5651,2023-08-24 10:00:00,497.5921762813168
5652,2023-08-24 11:00:00,506.40903047509386
5653,2023-08-24 12:00:00,481.1166331709574
5654,2023-08-24 13:00:00,431.8113834469043
5655,2023-08-24 14:00:00,461.3075017932663
5656,2023-08-24 15:00:00,490.5143026787217
5657,2023-08-24 16:00:00,432.46042275655395
5658,2023-08-24 17:00:00,407.48978178914945
5659,2023-08-24 18:00:00,404.716112680773
5660,2023-08-24 19:00:00,426.042512853766
5661,2023-08-24 20:00:00,405.0871075546644
5662,2023-08-24 21:00:00,419.82833515227946
5663,2023-08-24 22:00:00,456.25415918936034
5664,2023-08-24 23:00:00,434.37211886921375
5665,2023-08-25 00:00:00,473.2980563207297
5666,2023-08-25 01:00:00,502.31599138616923
5667,2023-08-25 02:00:00,513.3195631240599
5668,2023-08-25 03:00:00,498.5188003853332
5669,2023-08-25 04:00:00,500.14386992888535
5670,2023-08-25 05:00:00,489.57527283928835
5671,2023-08-25 06:00:00,498.73417742633825
5672,2023-08-25 07:00:00,477.4865369005317
5673,2023-08-25 08:00:00,452.4673190404938
5674,2023-08-25 09:00:00,494.68540812349187
5675,2023-08-25 10:00:00,455.060099729718
5676,2023-08-25 11:00:00,450.67459694478316
5677,2023-08-25 12:00:00,421.3960767675372
5678,2023-08-25 13:00:00,475.5752661841612
5679,2023-08-25 14:00:00,465.8631064192957
5680,2023-08-25 15:00:00,459.8328038023631
5681,2023-08-25 16:00:00,428.97689987623534
5682,2023-08-25 17:00:00,439.5409632971709
5683,2023-08-25 18:00:00,463.56112222704803
5684,2023-08-25 19:00:00,439.8459398742265
5685,2023-08-25 20:00:00,415.7142557089663
5686,2023-08-25 21:00:00,475.3195377287079
5687,2023-08-25 22:00:00,414.59999742193617
5688,2023-08-25 23:00:00,442.7756124296092
5689,2023-08-26 00:00:00,446.25181407590986
5690,2023-08-26 01:00:00,459.826604552541
5691,2023-08-26 02:00:00,463.6546556107504
5692,2023-08-26 03:00:00,478.34781927762464
5693,2023-08-26 04:00:00,530.3918564367029
5694,2023-08-26 05:00:00,524.0950447497889
5695,2023-08-26 06:00:00,505.0875049831102
5696,2023-08-26 07:00:00,472.476047099378
5697,2023-08-26 08:00:00,520.80474880663
5698,2023-08-26 09:00:00,530.4989004914793
5699,2023-08-26 10:00:00,434.85741786158246
5700,2023-08-26 11:00:00,539.4771775231181
5701,2023-08-26 12:00:00,484.52830785740053
5702,2023-08-26 13:00:00,437.54848779029874
5703,2023-08-26 14:00:00,445.23272870482424
5704,2023-08-26 15:00:00,420.96617994630253
5705,2023-08-26 16:00:00,424.78045340158184
5706,2023-08-26 17:00:00,421.51475191760665
5707,2023-08-26 18:00:00,413.91512479462807
5708,2023-08-26 19:00:00,476.2516965754412
5709,2023-08-26 20:00:00,418.10948930011176
5710,2023-08-26 21:00:00,388.4214167583857
5711,2023-08-26 22:00:00,408.17721073325055
5712,2023-08-26 23:00:00,478.04781353281766
5713,2023-08-27 00:00:00,455.69137230215136
5714,2023-08-27 01:00:00,448.40427129141426
5715,2023-08-27 02:00:00,464.2333472232093
5716,2023-08-27 03:00:00,492.16159125698493
5717,2023-08-27 04:00:00,465.390468059261
5718,2023-08-27 05:00:00,536.8983667194564
5719,2023-08-27 06:00:00,503.50318033279797
5720,2023-08-27 07:00:00,491.63034319437975
5721,2023-08-27 08:00:00,465.0539132844419
5722,2023-08-27 09:00:00,456.38550978425013
5723,2023-08-27 10:00:00,446.0968404576728
5724,2023-08-27 11:00:00,464.9279873191148
5725,2023-08-27 12:00:00,512.7966343153216
5726,2023-08-27 13:00:00,485.18232602343693
5727,2023-08-27 14:00:00,428.6842929147807
5728,2023-08-27 15:00:00,447.1286756767413
5729,2023-08-27 16:00:00,445.6576829764881
5730,2023-08-27 17:00:00,407.8951962495054
5731,2023-08-27 18:00:00,456.1174789758654
5732,2023-08-27 19:00:00,405.2813784688083
5733,2023-08-27 20:00:00,404.30728302652926
5734,2023-08-27 21:00:00,472.4175117617235
5735,2023-08-27 22:00:00,510.6256284049341
5736,2023-08-27 23:00:00,510.7206145199437
5737,2023-08-28 00:00:00,460.5886001639731
5738,2023-08-28 01:00:00,484.4178541035277
5739,2023-08-28 02:00:00,455.02984903508735
5740,2023-08-28 03:00:00,479.57612596276556
5741,2023-08-28 04:00:00,442.6632215968311
5742,2023-08-28 05:00:00,467.3966439693266
5743,2023-08-28 06:00:00,484.24888660444617
5744,2023-08-28 07:00:00,511.0953106457881
5745,2023-08-28 08:00:00,466.3579725064769
5746,2023-08-28 09:00:00,518.2351876641552
5747,2023-08-28 10:00:00,442.45938158506647
5748,2023-08-28 11:00:00,519.3599941380814
5749,2023-08-28 12:00:00,487.4471088760957
5750,2023-08-28 13:00:00,457.8538053100756
5751,2023-08-28 14:00:00,413.1494005670565
5752,2023-08-28 15:00:00,397.27465473488235
5753,2023-08-28 16:00:00,412.03830881280817
5754,2023-08-28 17:00:00,490.8604885651525
5755,2023-08-28 18:00:00,463.3680253482878
5756,2023-08-28 19:00:00,423.18341831092073
5757,2023-08-28 20:00:00,441.4734994299588
5758,2023-08-28 21:00:00,443.55232612730435
5759,2023-08-28 22:00:00,391.46215923295244
5760,2023-08-28 23:00:00,429.94644276140536
5761,2023-08-29 00:00:00,483.65032447558696
5762,2023-08-29 01:00:00,571.1358420261676
5763,2023-08-29 02:00:00,479.848163205924
5764,2023-08-29 03:00:00,489.5223305505111
5765,2023-08-29 04:00:00,485.72484875844987
5766,2023-08-29 05:00:00,526.9468169270443
5767,2023-08-29 06:00:00,460.3890672762242
5768,2023-08-29 07:00:00,488.9650448440143
5769,2023-08-29 08:00:00,499.51540583352767
5770,2023-08-29 09:00:00,470.8969761654018
5771,2023-08-29 10:00:00,448.6720626443783
5772,2023-08-29 11:00:00,491.88797119250603
5773,2023-08-29 12:00:00,470.38027226092714
5774,2023-08-29 13:00:00,481.3499530046263
5775,2023-08-29 14:00:00,454.2219788527767
5776,2023-08-29 15:00:00,462.58505077694537
5777,2023-08-29 16:00:00,465.6960891236352
5778,2023-08-29 17:00:00,425.27664579446287
5779,2023-08-29 18:00:00,418.0213169669676
5780,2023-08-29 19:00:00,417.67026806365175
5781,2023-08-29 20:00:00,422.5913680454466
5782,2023-08-29 21:00:00,413.8194200737668
5783,2023-08-29 22:00:00,488.9853616151009
5784,2023-08-29 23:00:00,452.5209460762375
5785,2023-08-30 00:00:00,508.5687812712731
5786,2023-08-30 01:00:00,483.13007970139705
5787,2023-08-30 02:00:00,537.2416560314414
5788,2023-08-30 03:00:00,543.971223130453
5789,2023-08-30 04:00:00,469.1492116208483
5790,2023-08-30 05:00:00,460.378257289358
5791,2023-08-30 06:00:00,474.95755021732356
5792,2023-08-30 07:00:00,490.0014338446503
5793,2023-08-30 08:00:00,453.51137339004964
5794,2023-08-30 09:00:00,514.2979108703355
5795,2023-08-30 10:00:00,462.0492491122381
5796,2023-08-30 11:00:00,521.1698351338765
5797,2023-08-30 12:00:00,455.1664596421595
5798,2023-08-30 13:00:00,421.6056673519337
5799,2023-08-30 14:00:00,467.1781460621509
5800,2023-08-30 15:00:00,414.40542730217305
5801,2023-08-30 16:00:00,455.6602362277641
5802,2023-08-30 17:00:00,394.30873177056
5803,2023-08-30 18:00:00,456.7198644793264
5804,2023-08-30 19:00:00,482.5230831206885
5805,2023-08-30 20:00:00,504.5711747802006
5806,2023-08-30 21:00:00,493.7001846421306
5807,2023-08-30 22:00:00,467.8386294196959
5808,2023-08-30 23:00:00,479.9708010433036
5809,2023-08-31 00:00:00,494.6542463336596
5810,2023-08-31 01:00:00,508.4094708005558
5811,2023-08-31 02:00:00,494.6193916753813
5812,2023-08-31 03:00:00,547.8412037144727
5813,2023-08-31 04:00:00,500.04975170961006
5814,2023-08-31 05:00:00,518.8795701333817
5815,2023-08-31 06:00:00,481.8580471332821
5816,2023-08-31 07:00:00,485.75390709228515
5817,2023-08-31 08:00:00,433.47090944945285
5818,2023-08-31 09:00:00,512.9885604127624
5819,2023-08-31 10:00:00,472.2657270419106
5820,2023-08-31 11:00:00,459.6265255137901
5821,2023-08-31 12:00:00,472.9306884774905
5822,2023-08-31 13:00:00,503.5952481136435
5823,2023-08-31 14:00:00,411.838818850641
5824,2023-08-31 15:00:00,430.7968378472783
5825,2023-08-31 16:00:00,465.8095597085129
5826,2023-08-31 17:00:00,453.90662483136066
5827,2023-08-31 18:00:00,478.8761173171101
5828,2023-08-31 19:00:00,397.3962219772929
5829,2023-08-31 20:00:00,446.84541315895547
5830,2023-08-31 21:00:00,444.6443207545732
5831,2023-08-31 22:00:00,444.23946893362523
5832,2023-08-31 23:00:00,465.9267530910325
5833,2023-09-01 00:00:00,490.5925414725058
5834,2023-09-01 01:00:00,526.890543062105
5835,2023-09-01 02:00:00,516.3276859602337
5836,2023-09-01 03:00:00,477.9444997051067
5837,2023-09-01 04:00:00,521.7279883401462
5838,2023-09-01 05:00:00,502.8444814924655
5839,2023-09-01 06:00:00,483.69441999836465
5840,2023-09-01 07:00:00,518.2121766739366
5841,2023-09-01 08:00:00,515.6952713769305
5842,2023-09-01 09:00:00,486.91192528192687
5843,2023-09-01 10:00:00,441.2814738212846
5844,2023-09-01 11:00:00,463.1501706204559
5845,2023-09-01 12:00:00,465.9231419048833
5846,2023-09-01 13:00:00,462.3394660709837
5847,2023-09-01 14:00:00,484.5633690814016
5848,2023-09-01 15:00:00,451.72976278819834
5849,2023-09-01 16:00:00,487.03832289680173
5850,2023-09-01 17:00:00,374.74264613726507
5851,2023-09-01 18:00:00,447.01635674359466
5852,2023-09-01 19:00:00,446.490134393318
5853,2023-09-01 20:00:00,493.0711153554803
5854,2023-09-01 21:00:00,383.0106642603211
5855,2023-09-01 22:00:00,488.2203708267978
5856,2023-09-01 23:00:00,505.81502200055917
5857,2023-09-02 00:00:00,471.7837477825576
5858,2023-09-02 01:00:00,518.4650740339832
5859,2023-09-02 02:00:00,464.7759249697059
5860,2023-09-02 03:00:00,475.4161571807127
5861,2023-09-02 04:00:00,444.67650875956656
5862,2023-09-02 05:00:00,485.3932061665408
5863,2023-09-02 06:00:00,491.16565311016876
5864,2023-09-02 07:00:00,490.4786223668385
5865,2023-09-02 08:00:00,462.8847312167799
5866,2023-09-02 09:00:00,471.1079139109661
5867,2023-09-02 10:00:00,464.15533018709647
5868,2023-09-02 11:00:00,469.3492702917426
5869,2023-09-02 12:00:00,489.51126619651757
5870,2023-09-02 13:00:00,476.4711908591545
5871,2023-09-02 14:00:00,389.5950785343606
5872,2023-09-02 15:00:00,486.02929938032383
5873,2023-09-02 16:00:00,422.9592399096544
5874,2023-09-02 17:00:00,497.0982363637352
5875,2023-09-02 18:00:00,435.71215826436327
5876,2023-09-02 19:00:00,449.027517317696
5877,2023-09-02 20:00:00,479.7445516236932
5878,2023-09-02 21:00:00,432.99572003153895
5879,2023-09-02 22:00:00,488.9622076506482
5880,2023-09-02 23:00:00,517.4585562831337
5881,2023-09-03 00:00:00,502.3226641384821
5882,2023-09-03 01:00:00,511.3792459613248
5883,2023-09-03 02:00:00,504.2380360160787
5884,2023-09-03 03:00:00,429.9652762590609
5885,2023-09-03 04:00:00,485.92959646061917
5886,2023-09-03 05:00:00,526.2094687251215
5887,2023-09-03 06:00:00,511.0880557016167
5888,2023-09-03 07:00:00,578.4564976450669
5889,2023-09-03 08:00:00,531.4917672271375
5890,2023-09-03 09:00:00,452.64566801831415
5891,2023-09-03 10:00:00,471.8112390296734
5892,2023-09-03 11:00:00,451.8763808942956
5893,2023-09-03 12:00:00,492.1451428159982
5894,2023-09-03 13:00:00,459.279262103557
5895,2023-09-03 14:00:00,459.8614480285867
5896,2023-09-03 15:00:00,477.66423593510507
5897,2023-09-03 16:00:00,425.43099476444155
5898,2023-09-03 17:00:00,438.0129708916526
5899,2023-09-03 18:00:00,487.6650363696785
5900,2023-09-03 19:00:00,480.3611387924734
5901,2023-09-03 20:00:00,491.02289630941357
5902,2023-09-03 21:00:00,480.7601097715427
5903,2023-09-03 22:00:00,505.1590578047501
5904,2023-09-03 23:00:00,464.865987729174
5905,2023-09-04 00:00:00,493.0807719526414
5906,2023-09-04 01:00:00,514.451845835466
5907,2023-09-04 02:00:00,526.1046818329643
5908,2023-09-04 03:00:00,502.138977025121
5909,2023-09-04 04:00:00,470.4449722288921
5910,2023-09-04 05:00:00,497.15730170522426
5911,2023-09-04 06:00:00,476.23880707132713
5912,2023-09-04 07:00:00,507.45267817672374
5913,2023-09-04 08:00:00,512.2445624148723
5914,2023-09-04 09:00:00,525.8963629568472
5915,2023-09-04 10:00:00,442.32536516485465
5916,2023-09-04 11:00:00,444.11894732291773
5917,2023-09-04 12:00:00,456.4056697522583
5918,2023-09-04 13:00:00,473.11836698995813
5919,2023-09-04 14:00:00,449.57603172601085
5920,2023-09-04 15:00:00,487.73540435252846
5921,2023-09-04 16:00:00,500.5420041567712
5922,2023-09-04 17:00:00,461.2901666126903
5923,2023-09-04 18:00:00,469.738713435451
5924,2023-09-04 19:00:00,505.21968904757824
5925,2023-09-04 20:00:00,496.2378301960737
5926,2023-09-04 21:00:00,449.0309579643644
5927,2023-09-04 22:00:00,482.95135035687485
5928,2023-09-04 23:00:00,459.37840715471225
5929,2023-09-05 00:00:00,521.3064508421189
5930,2023-09-05 01:00:00,490.84428654328303
5931,2023-09-05 02:00:00,522.6005328199346
5932,2023-09-05 03:00:00,438.9888824066908
5933,2023-09-05 04:00:00,497.7344129058853
5934,2023-09-05 05:00:00,516.6053453732097
5935,2023-09-05 06:00:00,480.4836127444218
5936,2023-09-05 07:00:00,495.64984967824245
5937,2023-09-05 08:00:00,489.73073293352354
5938,2023-09-05 09:00:00,509.2504872611479
5939,2023-09-05 10:00:00,501.9494923491613
5940,2023-09-05 11:00:00,520.4939924292761
5941,2023-09-05 12:00:00,469.8484787066754
5942,2023-09-05 13:00:00,494.25680935738364
5943,2023-09-05 14:00:00,482.8030268884625
5944,2023-09-05 15:00:00,463.7115501247586
5945,2023-09-05 16:00:00,441.463757566121
5946,2023-09-05 17:00:00,459.3675380732003
5947,2023-09-05 18:00:00,513.4732777141347
5948,2023-09-05 19:00:00,430.2112239575775
5949,2023-09-05 20:00:00,499.92952991287734
5950,2023-09-05 21:00:00,488.68359831022445
5951,2023-09-05 22:00:00,487.7585325640978
5952,2023-09-05 23:00:00,448.3282940851152
5953,2023-09-06 00:00:00,532.1453818415104
5954,2023-09-06 01:00:00,483.02556317516144
5955,2023-09-06 02:00:00,491.5324545424204
5956,2023-09-06 03:00:00,442.1109828023981
5957,2023-09-06 04:00:00,500.43736958024476
5958,2023-09-06 05:00:00,497.9904955466763
5959,2023-09-06 06:00:00,505.6086686207851
5960,2023-09-06 07:00:00,510.91679361072534
5961,2023-09-06 08:00:00,513.3776951251269
5962,2023-09-06 09:00:00,547.2480534387735
5963,2023-09-06 10:00:00,497.2499054945746
5964,2023-09-06 11:00:00,465.72776737508633
5965,2023-09-06 12:00:00,467.9041104004618
5966,2023-09-06 13:00:00,497.5280155726653
5967,2023-09-06 14:00:00,482.3073303870238
5968,2023-09-06 15:00:00,411.3646520204883
5969,2023-09-06 16:00:00,459.05855882971565
5970,2023-09-06 17:00:00,448.00800470379664
5971,2023-09-06 18:00:00,431.25696733270024
5972,2023-09-06 19:00:00,465.30239758188617
5973,2023-09-06 20:00:00,475.58634867945324
5974,2023-09-06 21:00:00,514.8937656852889
5975,2023-09-06 22:00:00,442.0131956519902
5976,2023-09-06 23:00:00,456.8595675523931
5977,2023-09-07 00:00:00,480.35256809613355
5978,2023-09-07 01:00:00,519.711745258202
5979,2023-09-07 02:00:00,539.3349945797021
5980,2023-09-07 03:00:00,503.9698008468696
5981,2023-09-07 04:00:00,483.8944943080264
5982,2023-09-07 05:00:00,491.0779051108541
5983,2023-09-07 06:00:00,510.4599729933109
5984,2023-09-07 07:00:00,461.36954195646865
5985,2023-09-07 08:00:00,483.42661720176596
5986,2023-09-07 09:00:00,420.56795303392596
5987,2023-09-07 10:00:00,483.7165090270986
5988,2023-09-07 11:00:00,519.4308606577615
5989,2023-09-07 12:00:00,471.37497803578395
5990,2023-09-07 13:00:00,416.8907410219046
5991,2023-09-07 14:00:00,483.6213502550161
5992,2023-09-07 15:00:00,467.1624323319095
5993,2023-09-07 16:00:00,434.43949159076584
5994,2023-09-07 17:00:00,397.76927438409757
5995,2023-09-07 18:00:00,463.8904361843047
5996,2023-09-07 19:00:00,503.70642052846733
5997,2023-09-07 20:00:00,475.0871488737871
5998,2023-09-07 21:00:00,514.6949330430652
5999,2023-09-07 22:00:00,441.54885269732273
6000,2023-09-07 23:00:00,467.0272435845019
6001,2023-09-08 00:00:00,489.5026520015323
6002,2023-09-08 01:00:00,509.29638769819167
6003,2023-09-08 02:00:00,506.35958765174894
6004,2023-09-08 03:00:00,475.942557786636
6005,2023-09-08 04:00:00,475.66833390087197
6006,2023-09-08 05:00:00,525.2797985285627
6007,2023-09-08 06:00:00,545.0996935653551
6008,2023-09-08 07:00:00,484.4304527375894
6009,2023-09-08 08:00:00,532.6680805341995
6010,2023-09-08 09:00:00,458.4791568523566
6011,2023-09-08 10:00:00,530.6809324424157
6012,2023-09-08 11:00:00,435.1967687303675
6013,2023-09-08 12:00:00,490.46136647996065
6014,2023-09-08 13:00:00,466.71366359267364
6015,2023-09-08 14:00:00,520.987864645564
6016,2023-09-08 15:00:00,487.0630838674777
6017,2023-09-08 16:00:00,481.0277038430541
6018,2023-09-08 17:00:00,505.57423438816335
6019,2023-09-08 18:00:00,488.3146372658457
6020,2023-09-08 19:00:00,454.8428115135021
6021,2023-09-08 20:00:00,511.9903793280948
6022,2023-09-08 21:00:00,467.980242431571
6023,2023-09-08 22:00:00,516.1030523305933
6024,2023-09-08 23:00:00,479.03753793591056
6025,2023-09-09 00:00:00,551.9506914362161
6026,2023-09-09 01:00:00,516.5865267508963
6027,2023-09-09 02:00:00,430.2961166079335
6028,2023-09-09 03:00:00,464.6151626766215
6029,2023-09-09 04:00:00,533.7191316811901
6030,2023-09-09 05:00:00,516.247243440183
6031,2023-09-09 06:00:00,521.093190826298
6032,2023-09-09 07:00:00,545.6050800480941
6033,2023-09-09 08:00:00,495.64110080229153
6034,2023-09-09 09:00:00,574.5144684163051
6035,2023-09-09 10:00:00,514.2356548237746
6036,2023-09-09 11:00:00,482.79805798413526
6037,2023-09-09 12:00:00,503.4327103899149
6038,2023-09-09 13:00:00,481.67723886255675
6039,2023-09-09 14:00:00,534.8289020566358
6040,2023-09-09 15:00:00,462.89136769273836
6041,2023-09-09 16:00:00,472.7082047478135
6042,2023-09-09 17:00:00,521.0160697533557
6043,2023-09-09 18:00:00,456.52891719533886
6044,2023-09-09 19:00:00,464.83013373916435
6045,2023-09-09 20:00:00,439.3235905598088
6046,2023-09-09 21:00:00,445.59621274623686
6047,2023-09-09 22:00:00,535.0945298715884
6048,2023-09-09 23:00:00,486.6626849865386
6049,2023-09-10 00:00:00,506.9216194056117
6050,2023-09-10 01:00:00,500.0469678712252
6051,2023-09-10 02:00:00,531.5169830356267
6052,2023-09-10 03:00:00,404.97786511183
6053,2023-09-10 04:00:00,516.6151707298441
6054,2023-09-10 05:00:00,500.1156039464358
6055,2023-09-10 06:00:00,497.5423459381402
6056,2023-09-10 07:00:00,467.98271950007944
6057,2023-09-10 08:00:00,564.6612720724204
6058,2023-09-10 09:00:00,518.9662113411732
6059,2023-09-10 10:00:00,502.3158689646358
6060,2023-09-10 11:00:00,510.35436064048633
6061,2023-09-10 12:00:00,475.5276423287481
6062,2023-09-10 13:00:00,425.27457061766427
6063,2023-09-10 14:00:00,453.21850997421274
6064,2023-09-10 15:00:00,480.98086590898043
6065,2023-09-10 16:00:00,447.27297951290194
6066,2023-09-10 17:00:00,489.4750190959852
6067,2023-09-10 18:00:00,476.80441486441725
6068,2023-09-10 19:00:00,510.18819885007895
6069,2023-09-10 20:00:00,482.7221823644359
6070,2023-09-10 21:00:00,481.66357582036426
6071,2023-09-10 22:00:00,490.7521762738737
6072,2023-09-10 23:00:00,533.3856131036862
6073,2023-09-11 00:00:00,520.4775051518637
6074,2023-09-11 01:00:00,526.9268988444285
6075,2023-09-11 02:00:00,482.85404557776997
6076,2023-09-11 03:00:00,486.6932944105583
6077,2023-09-11 04:00:00,517.3506084157358
6078,2023-09-11 05:00:00,512.4636641424718
6079,2023-09-11 06:00:00,521.0462890770131
6080,2023-09-11 07:00:00,455.58410510861074
6081,2023-09-11 08:00:00,512.9547133423486
6082,2023-09-11 09:00:00,524.9413328213745
6083,2023-09-11 10:00:00,477.7947656103758
6084,2023-09-11 11:00:00,465.2454632510014
6085,2023-09-11 12:00:00,428.7514897197948
6086,2023-09-11 13:00:00,477.4271559925335
6087,2023-09-11 14:00:00,488.18383595381135
6088,2023-09-11 15:00:00,521.3474081099209
6089,2023-09-11 16:00:00,436.9815485311547
6090,2023-09-11 17:00:00,453.6602428045383
6091,2023-09-11 18:00:00,512.0781337831161
6092,2023-09-11 19:00:00,431.29809856427016
6093,2023-09-11 20:00:00,478.0168039149648
6094,2023-09-11 21:00:00,521.0247158981596
6095,2023-09-11 22:00:00,436.48986676133256
6096,2023-09-11 23:00:00,474.3013361379919
6097,2023-09-12 00:00:00,485.86151785463755
6098,2023-09-12 01:00:00,472.55862025435675
6099,2023-09-12 02:00:00,496.22242387372876
6100,2023-09-12 03:00:00,525.0062063568018
6101,2023-09-12 04:00:00,550.3940419892308
6102,2023-09-12 05:00:00,547.0070915861371
6103,2023-09-12 06:00:00,467.177355188698
6104,2023-09-12 07:00:00,524.8451238729258
6105,2023-09-12 08:00:00,536.6240440254613
6106,2023-09-12 09:00:00,556.7930047719312
6107,2023-09-12 10:00:00,518.6955874949189
6108,2023-09-12 11:00:00,506.8848931691399
6109,2023-09-12 12:00:00,420.0900529047957
6110,2023-09-12 13:00:00,520.3295820924533
6111,2023-09-12 14:00:00,509.7200180026599
6112,2023-09-12 15:00:00,482.0833967979175
6113,2023-09-12 16:00:00,469.3201360578294
6114,2023-09-12 17:00:00,466.73872172034993
6115,2023-09-12 18:00:00,506.97422580135134
6116,2023-09-12 19:00:00,438.2546783152417
6117,2023-09-12 20:00:00,426.22000230813006
6118,2023-09-12 21:00:00,563.6360349117974
6119,2023-09-12 22:00:00,528.040876976923
6120,2023-09-12 23:00:00,512.4606283750152
6121,2023-09-13 00:00:00,469.6548801753722
6122,2023-09-13 01:00:00,575.9389541580595
6123,2023-09-13 02:00:00,500.69777931320516
6124,2023-09-13 03:00:00,506.65525524294316
6125,2023-09-13 04:00:00,529.681945213286
6126,2023-09-13 05:00:00,497.7861639471138
6127,2023-09-13 06:00:00,502.8046220444047
6128,2023-09-13 07:00:00,487.70379093394905
6129,2023-09-13 08:00:00,513.7585147996087
6130,2023-09-13 09:00:00,533.6776274499802
6131,2023-09-13 10:00:00,501.01722941788375
6132,2023-09-13 11:00:00,547.3096297992812
6133,2023-09-13 12:00:00,548.1134397421321
6134,2023-09-13 13:00:00,517.9841238551346
6135,2023-09-13 14:00:00,518.7231609140351
6136,2023-09-13 15:00:00,452.7097634468242
6137,2023-09-13 16:00:00,480.10332076722375
6138,2023-09-13 17:00:00,509.94120852563617
6139,2023-09-13 18:00:00,469.1399381274224
6140,2023-09-13 19:00:00,464.04699556266934
6141,2023-09-13 20:00:00,456.04776227889965
6142,2023-09-13 21:00:00,478.6582279397141
6143,2023-09-13 22:00:00,484.56811189118656
6144,2023-09-13 23:00:00,460.8443560643965
6145,2023-09-14 00:00:00,478.7686201416283
6146,2023-09-14 01:00:00,470.32770394112447
6147,2023-09-14 02:00:00,512.155283014205
6148,2023-09-14 03:00:00,548.7553092343162
6149,2023-09-14 04:00:00,557.4136756823603
6150,2023-09-14 05:00:00,511.1763265283672
6151,2023-09-14 06:00:00,468.49756300510074
6152,2023-09-14 07:00:00,542.4023462888987
6153,2023-09-14 08:00:00,552.4846225001668
6154,2023-09-14 09:00:00,542.0695207168142
6155,2023-09-14 10:00:00,460.38627256850714
6156,2023-09-14 11:00:00,483.01622266997765
6157,2023-09-14 12:00:00,476.4096506684309
6158,2023-09-14 13:00:00,486.41616884318455
6159,2023-09-14 14:00:00,457.6693662364003
6160,2023-09-14 15:00:00,448.0517764603051
6161,2023-09-14 16:00:00,453.1889587353977
6162,2023-09-14 17:00:00,489.2882622184525
6163,2023-09-14 18:00:00,498.00930639657884
6164,2023-09-14 19:00:00,457.36050201567207
6165,2023-09-14 20:00:00,486.2411382917501
6166,2023-09-14 21:00:00,487.99287971141575
6167,2023-09-14 22:00:00,488.8477791141908
6168,2023-09-14 23:00:00,534.5076224085961
6169,2023-09-15 00:00:00,525.1823667768789
6170,2023-09-15 01:00:00,486.962895702744
6171,2023-09-15 02:00:00,463.01392178009706
6172,2023-09-15 03:00:00,524.8608435869897
6173,2023-09-15 04:00:00,501.60479049545495
6174,2023-09-15 05:00:00,537.3006702500157
6175,2023-09-15 06:00:00,510.33597846867724
6176,2023-09-15 07:00:00,555.1713126287211
6177,2023-09-15 08:00:00,597.0751263519312
6178,2023-09-15 09:00:00,524.288609781796
6179,2023-09-15 10:00:00,463.5239963012928
6180,2023-09-15 11:00:00,491.8988126452216
6181,2023-09-15 12:00:00,482.78627980709155
6182,2023-09-15 13:00:00,458.9517887707386
6183,2023-09-15 14:00:00,451.80497248866607
6184,2023-09-15 15:00:00,514.5878069028984
6185,2023-09-15 16:00:00,510.4711725282677
6186,2023-09-15 17:00:00,478.34696792786195
6187,2023-09-15 18:00:00,487.06307597059504
6188,2023-09-15 19:00:00,474.1766427039272
6189,2023-09-15 20:00:00,449.13563002814146
6190,2023-09-15 21:00:00,503.5490919918487
6191,2023-09-15 22:00:00,468.2869751416901
6192,2023-09-15 23:00:00,487.6027227699745
6193,2023-09-16 00:00:00,501.9939781083632
6194,2023-09-16 01:00:00,465.7317609975506
6195,2023-09-16 02:00:00,456.16834550530575
6196,2023-09-16 03:00:00,476.86001372299353
6197,2023-09-16 04:00:00,435.352143968563
6198,2023-09-16 05:00:00,528.1123271060346
6199,2023-09-16 06:00:00,533.1410181076608
6200,2023-09-16 07:00:00,487.35974002579235
6201,2023-09-16 08:00:00,484.29354109652155
6202,2023-09-16 09:00:00,524.6704872612418
6203,2023-09-16 10:00:00,476.72289420847545
6204,2023-09-16 11:00:00,474.4366434407565
6205,2023-09-16 12:00:00,482.03671683844294
6206,2023-09-16 13:00:00,450.9936868508897
6207,2023-09-16 14:00:00,427.75494977491485
6208,2023-09-16 15:00:00,494.5692974929079
6209,2023-09-16 16:00:00,484.49347694825036
6210,2023-09-16 17:00:00,483.99674758905695
6211,2023-09-16 18:00:00,459.87027731726926
6212,2023-09-16 19:00:00,484.7531847385462
6213,2023-09-16 20:00:00,519.394910649414
6214,2023-09-16 21:00:00,521.7131959688686
6215,2023-09-16 22:00:00,519.3935192359692
6216,2023-09-16 23:00:00,489.50179356134635
6217,2023-09-17 00:00:00,522.3112116286421
6218,2023-09-17 01:00:00,536.2811096482865
6219,2023-09-17 02:00:00,520.763256207576
6220,2023-09-17 03:00:00,552.0215528352169
6221,2023-09-17 04:00:00,537.6628298963922
6222,2023-09-17 05:00:00,525.5156198983143
6223,2023-09-17 06:00:00,543.3877691560195
6224,2023-09-17 07:00:00,526.2772355085363
6225,2023-09-17 08:00:00,543.3644185488715
6226,2023-09-17 09:00:00,466.711118630415
6227,2023-09-17 10:00:00,498.8959629973507
6228,2023-09-17 11:00:00,441.8399137690396
6229,2023-09-17 12:00:00,507.11785222434077
6230,2023-09-17 13:00:00,513.8610208613453
6231,2023-09-17 14:00:00,452.5956437089911
6232,2023-09-17 15:00:00,422.58239602560843
6233,2023-09-17 16:00:00,465.0331030435501
6234,2023-09-17 17:00:00,523.2051276924956
6235,2023-09-17 18:00:00,499.62013251778154
6236,2023-09-17 19:00:00,525.388870489149
6237,2023-09-17 20:00:00,486.6915519836779
6238,2023-09-17 21:00:00,425.55700646265444
6239,2023-09-17 22:00:00,486.03821781752094
6240,2023-09-17 23:00:00,474.37937263319446
6241,2023-09-18 00:00:00,441.3752961883133
6242,2023-09-18 01:00:00,530.2228581907959
6243,2023-09-18 02:00:00,507.86951159064694
6244,2023-09-18 03:00:00,516.0185541370478
6245,2023-09-18 04:00:00,522.1043592285957
6246,2023-09-18 05:00:00,584.5161153302306
6247,2023-09-18 06:00:00,563.4331799148848
6248,2023-09-18 07:00:00,483.06562608059903
6249,2023-09-18 08:00:00,480.7682758682875
6250,2023-09-18 09:00:00,537.3905668341635
6251,2023-09-18 10:00:00,500.4563922880108
6252,2023-09-18 11:00:00,488.37483007546285
6253,2023-09-18 12:00:00,551.1674007529793
6254,2023-09-18 13:00:00,435.88256083503086
6255,2023-09-18 14:00:00,486.8689702256669
6256,2023-09-18 15:00:00,459.9413635005625
6257,2023-09-18 16:00:00,432.1131969907248
6258,2023-09-18 17:00:00,457.97537735670704
6259,2023-09-18 18:00:00,488.0518853254003
6260,2023-09-18 19:00:00,499.213315593165
6261,2023-09-18 20:00:00,491.958473018784
6262,2023-09-18 21:00:00,478.1542346943611
6263,2023-09-18 22:00:00,488.82500350887625
6264,2023-09-18 23:00:00,487.7385766196358
6265,2023-09-19 00:00:00,503.954778032714
6266,2023-09-19 01:00:00,497.1369737588726
6267,2023-09-19 02:00:00,536.155531806465
6268,2023-09-19 03:00:00,524.0366262720838
6269,2023-09-19 04:00:00,516.0267040075639
6270,2023-09-19 05:00:00,513.1710442380304
6271,2023-09-19 06:00:00,555.451776289887
6272,2023-09-19 07:00:00,530.1080139722743
6273,2023-09-19 08:00:00,530.4240617137735
6274,2023-09-19 09:00:00,525.2568521231791
6275,2023-09-19 10:00:00,521.4072736820361
6276,2023-09-19 11:00:00,536.613203919313
6277,2023-09-19 12:00:00,452.01434176100906
6278,2023-09-19 13:00:00,539.0668917445691
6279,2023-09-19 14:00:00,518.4143213099944
6280,2023-09-19 15:00:00,465.971117075058
6281,2023-09-19 16:00:00,512.8496772354887
6282,2023-09-19 17:00:00,475.1836841508393
6283,2023-09-19 18:00:00,531.2578312079798
6284,2023-09-19 19:00:00,469.6001079150189
6285,2023-09-19 20:00:00,481.225934010615
6286,2023-09-19 21:00:00,466.20051216014247
6287,2023-09-19 22:00:00,483.74796051785285
6288,2023-09-19 23:00:00,515.2875519597867
6289,2023-09-20 00:00:00,549.9621387465938
6290,2023-09-20 01:00:00,513.8318250070512
6291,2023-09-20 02:00:00,540.7894019827569
6292,2023-09-20 03:00:00,532.344646464987
6293,2023-09-20 04:00:00,562.981918146007
6294,2023-09-20 05:00:00,493.1545073482647
6295,2023-09-20 06:00:00,556.9597713860419
6296,2023-09-20 07:00:00,490.1350165591949
6297,2023-09-20 08:00:00,558.5084581201261
6298,2023-09-20 09:00:00,516.9207899574968
6299,2023-09-20 10:00:00,524.3871210409737
6300,2023-09-20 11:00:00,481.3987604384057
6301,2023-09-20 12:00:00,535.7946018142131
6302,2023-09-20 13:00:00,492.52395414688715
6303,2023-09-20 14:00:00,489.42778649814414
6304,2023-09-20 15:00:00,454.81959134138015
6305,2023-09-20 16:00:00,472.6682079184668
6306,2023-09-20 17:00:00,409.9945070641026
6307,2023-09-20 18:00:00,471.0751211492879
6308,2023-09-20 19:00:00,539.9404309311136
6309,2023-09-20 20:00:00,403.4309786916086
6310,2023-09-20 21:00:00,464.37518836934817
6311,2023-09-20 22:00:00,524.5771328299166
6312,2023-09-20 23:00:00,395.5039686659833
6313,2023-09-21 00:00:00,520.3769321659828
6314,2023-09-21 01:00:00,554.944754895793
6315,2023-09-21 02:00:00,522.4990106631805
6316,2023-09-21 03:00:00,595.0682459317388
6317,2023-09-21 04:00:00,533.3199636709776
6318,2023-09-21 05:00:00,533.5165720502883
6319,2023-09-21 06:00:00,518.178701709277
6320,2023-09-21 07:00:00,574.7805996574992
6321,2023-09-21 08:00:00,538.1846541514223
6322,2023-09-21 09:00:00,505.82659093210054
6323,2023-09-21 10:00:00,486.48111797462843
6324,2023-09-21 11:00:00,552.5768100806949
6325,2023-09-21 12:00:00,571.4206835164194
6326,2023-09-21 13:00:00,493.1199471185505
6327,2023-09-21 14:00:00,521.1801988758054
6328,2023-09-21 15:00:00,534.0673964907667
6329,2023-09-21 16:00:00,466.4180739314962
6330,2023-09-21 17:00:00,470.78653946680674
6331,2023-09-21 18:00:00,458.6142375490991
6332,2023-09-21 19:00:00,478.21047095497914
6333,2023-09-21 20:00:00,511.77523291328924
6334,2023-09-21 21:00:00,461.7603054233948
6335,2023-09-21 22:00:00,516.6358013641104
6336,2023-09-21 23:00:00,486.57490749980167
6337,2023-09-22 00:00:00,478.8084273244532
6338,2023-09-22 01:00:00,519.0387918353191
6339,2023-09-22 02:00:00,494.5607498344564
6340,2023-09-22 03:00:00,496.5624249333243
6341,2023-09-22 04:00:00,523.5978462374879
6342,2023-09-22 05:00:00,495.0907383584847
6343,2023-09-22 06:00:00,532.1932008424233
6344,2023-09-22 07:00:00,535.8002764936167
6345,2023-09-22 08:00:00,542.5699218958038
6346,2023-09-22 09:00:00,523.1464889430495
6347,2023-09-22 10:00:00,574.1079260850897
6348,2023-09-22 11:00:00,556.704073248023
6349,2023-09-22 12:00:00,532.6668144849816
6350,2023-09-22 13:00:00,512.5278326780749
6351,2023-09-22 14:00:00,490.67165823743755
6352,2023-09-22 15:00:00,477.584006775771
6353,2023-09-22 16:00:00,521.8197534998056
6354,2023-09-22 17:00:00,489.71995451385703
6355,2023-09-22 18:00:00,489.17281273350113
6356,2023-09-22 19:00:00,542.4727018202889
6357,2023-09-22 20:00:00,476.51774397918905
6358,2023-09-22 21:00:00,491.2909600546242
6359,2023-09-22 22:00:00,480.2415477184261
6360,2023-09-22 23:00:00,490.87640757078225
6361,2023-09-23 00:00:00,488.82928530268845
6362,2023-09-23 01:00:00,532.9154608855068
6363,2023-09-23 02:00:00,560.9357616286951
6364,2023-09-23 03:00:00,537.8942835631676
6365,2023-09-23 04:00:00,529.208954275294
6366,2023-09-23 05:00:00,520.9325430751345
6367,2023-09-23 06:00:00,574.4175801090557
6368,2023-09-23 07:00:00,553.2295868944548
6369,2023-09-23 08:00:00,494.48796557697614
6370,2023-09-23 09:00:00,476.40675610813463
6371,2023-09-23 10:00:00,471.24309092046354
6372,2023-09-23 11:00:00,524.2364291523866
6373,2023-09-23 12:00:00,467.33995905087835
6374,2023-09-23 13:00:00,485.4459882601903
6375,2023-09-23 14:00:00,439.75196972559144
6376,2023-09-23 15:00:00,526.8869349492045
6377,2023-09-23 16:00:00,441.10307063362546
6378,2023-09-23 17:00:00,434.5697643207707
6379,2023-09-23 18:00:00,490.138697941747
6380,2023-09-23 19:00:00,470.85587048384207
6381,2023-09-23 20:00:00,493.6865072666623
6382,2023-09-23 21:00:00,509.42008126880467
6383,2023-09-23 22:00:00,513.873863332853
6384,2023-09-23 23:00:00,473.9491539400454
6385,2023-09-24 00:00:00,470.2746929990822
6386,2023-09-24 01:00:00,497.7656138200726
6387,2023-09-24 02:00:00,516.1329541637066
6388,2023-09-24 03:00:00,535.7813544234781
6389,2023-09-24 04:00:00,532.1049305263853
6390,2023-09-24 05:00:00,549.644672191586
6391,2023-09-24 06:00:00,609.1202113203981
6392,2023-09-24 07:00:00,551.2471750284967
6393,2023-09-24 08:00:00,551.852058473471
6394,2023-09-24 09:00:00,557.5492991110302
6395,2023-09-24 10:00:00,536.9487680816441
6396,2023-09-24 11:00:00,513.3932552908719
6397,2023-09-24 12:00:00,539.4986574261968
6398,2023-09-24 13:00:00,524.6541030721669
6399,2023-09-24 14:00:00,483.56833023239324
6400,2023-09-24 15:00:00,452.80782036964723
6401,2023-09-24 16:00:00,466.30597210482495
6402,2023-09-24 17:00:00,499.4865288503581
6403,2023-09-24 18:00:00,536.6738787683727
6404,2023-09-24 19:00:00,518.2755714930629
6405,2023-09-24 20:00:00,540.5119948869639
6406,2023-09-24 21:00:00,489.59507371938514
6407,2023-09-24 22:00:00,509.3048233481813
6408,2023-09-24 23:00:00,506.6543542925509
6409,2023-09-25 00:00:00,514.8415778190792
6410,2023-09-25 01:00:00,497.39186793541006
6411,2023-09-25 02:00:00,514.245468358321
6412,2023-09-25 03:00:00,527.6043307389377
6413,2023-09-25 04:00:00,571.7255000489204
6414,2023-09-25 05:00:00,503.22057297256754
6415,2023-09-25 06:00:00,473.38718419307656
6416,2023-09-25 07:00:00,539.6675678536553
6417,2023-09-25 08:00:00,557.0029580891376
6418,2023-09-25 09:00:00,550.5017652771406
6419,2023-09-25 10:00:00,525.4466412444204
6420,2023-09-25 11:00:00,530.8473132034214
6421,2023-09-25 12:00:00,518.6280554131156
6422,2023-09-25 13:00:00,577.9354065330517
6423,2023-09-25 14:00:00,457.9834286452879
6424,2023-09-25 15:00:00,500.60269373792227
6425,2023-09-25 16:00:00,561.3523730278168
6426,2023-09-25 17:00:00,521.3488727552059
6427,2023-09-25 18:00:00,512.8388308257341
6428,2023-09-25 19:00:00,493.70507126317904
6429,2023-09-25 20:00:00,509.63410695639294
6430,2023-09-25 21:00:00,516.9206099748158
6431,2023-09-25 22:00:00,481.1800932016741
6432,2023-09-25 23:00:00,548.997754566904
6433,2023-09-26 00:00:00,518.0905260620913
6434,2023-09-26 01:00:00,482.6965959905953
6435,2023-09-26 02:00:00,498.1920820613158
6436,2023-09-26 03:00:00,544.4200715888754
6437,2023-09-26 04:00:00,535.0856102868295
6438,2023-09-26 05:00:00,545.0982012703969
6439,2023-09-26 06:00:00,529.4900685570668
6440,2023-09-26 07:00:00,606.3326750860526
6441,2023-09-26 08:00:00,567.1622992189054
6442,2023-09-26 09:00:00,569.3930602130129
6443,2023-09-26 10:00:00,504.3152992230833
6444,2023-09-26 11:00:00,454.8816803757297
6445,2023-09-26 12:00:00,485.6474482020577
6446,2023-09-26 13:00:00,491.2876312112125
6447,2023-09-26 14:00:00,465.18141711333715
6448,2023-09-26 15:00:00,482.1917220432039
6449,2023-09-26 16:00:00,487.62431423357094
6450,2023-09-26 17:00:00,465.67875321017243
6451,2023-09-26 18:00:00,453.308121799678
6452,2023-09-26 19:00:00,496.8701154758847
6453,2023-09-26 20:00:00,484.49876748270844
6454,2023-09-26 21:00:00,489.74508190803965
6455,2023-09-26 22:00:00,513.0062881683194
6456,2023-09-26 23:00:00,491.139577309513
6457,2023-09-27 00:00:00,520.9939232632204
6458,2023-09-27 01:00:00,513.6478261062512
6459,2023-09-27 02:00:00,517.5729072874319
6460,2023-09-27 03:00:00,577.8123291175187
6461,2023-09-27 04:00:00,484.08212897377337
6462,2023-09-27 05:00:00,534.7859493605947
6463,2023-09-27 06:00:00,526.566440436016
6464,2023-09-27 07:00:00,557.5861155009444
6465,2023-09-27 08:00:00,563.9201390924877
6466,2023-09-27 09:00:00,552.0405030675425
6467,2023-09-27 10:00:00,543.8922259021485
6468,2023-09-27 11:00:00,555.4027203061607
6469,2023-09-27 12:00:00,562.1593422333096
6470,2023-09-27 13:00:00,498.5560512028373
6471,2023-09-27 14:00:00,487.8186360365051
6472,2023-09-27 15:00:00,467.3824687707548
6473,2023-09-27 16:00:00,456.8474685275752
6474,2023-09-27 17:00:00,463.036024212048
6475,2023-09-27 18:00:00,473.4919851789032
6476,2023-09-27 19:00:00,480.78233922367724
6477,2023-09-27 20:00:00,556.4019077431498
6478,2023-09-27 21:00:00,542.2520516836108
6479,2023-09-27 22:00:00,468.58971070164745
6480,2023-09-27 23:00:00,494.6736629654638
6481,2023-09-28 00:00:00,527.7158477504785
6482,2023-09-28 01:00:00,521.9716192850582
6483,2023-09-28 02:00:00,551.801568383594
6484,2023-09-28 03:00:00,580.391832881623
6485,2023-09-28 04:00:00,484.34708321528626
6486,2023-09-28 05:00:00,567.1205294714375
6487,2023-09-28 06:00:00,565.7699658030876
6488,2023-09-28 07:00:00,540.5997416008455
6489,2023-09-28 08:00:00,544.3177276775508
6490,2023-09-28 09:00:00,542.3957862862925
6491,2023-09-28 10:00:00,503.46164734939475
6492,2023-09-28 11:00:00,479.27010641706374
6493,2023-09-28 12:00:00,550.1048385973309
6494,2023-09-28 13:00:00,493.9097796216114
6495,2023-09-28 14:00:00,459.8253965688866
6496,2023-09-28 15:00:00,504.71302482196404
6497,2023-09-28 16:00:00,492.9299473121519
6498,2023-09-28 17:00:00,470.7301356254047
6499,2023-09-28 18:00:00,613.3254410674846
6500,2023-09-28 19:00:00,519.4977498857248
6501,2023-09-28 20:00:00,495.78289174143356
6502,2023-09-28 21:00:00,531.3454571714836
6503,2023-09-28 22:00:00,516.3514122086278
6504,2023-09-28 23:00:00,514.1342047254668
6505,2023-09-29 00:00:00,531.7134077448377
6506,2023-09-29 01:00:00,556.6805635709566
6507,2023-09-29 02:00:00,452.52273534132127
6508,2023-09-29 03:00:00,565.2737741511156
6509,2023-09-29 04:00:00,540.0609681155164
6510,2023-09-29 05:00:00,536.4265387611773
6511,2023-09-29 06:00:00,534.8304208129692
6512,2023-09-29 07:00:00,569.3016557473084
6513,2023-09-29 08:00:00,518.2102609503618
6514,2023-09-29 09:00:00,567.8994987482758
6515,2023-09-29 10:00:00,495.9918661537479
6516,2023-09-29 11:00:00,504.54829039436197
6517,2023-09-29 12:00:00,485.74933401966763
6518,2023-09-29 13:00:00,505.81397476921785
6519,2023-09-29 14:00:00,560.5735884973101
6520,2023-09-29 15:00:00,467.04259534447925
6521,2023-09-29 16:00:00,445.22248741016006
6522,2023-09-29 17:00:00,532.103454132512
6523,2023-09-29 18:00:00,507.7635445503848
6524,2023-09-29 19:00:00,528.5954812735258
6525,2023-09-29 20:00:00,506.49616500880177
6526,2023-09-29 21:00:00,512.3158665631296
6527,2023-09-29 22:00:00,519.2259766789746
6528,2023-09-29 23:00:00,528.5839680111728
6529,2023-09-30 00:00:00,565.0746009445675
6530,2023-09-30 01:00:00,538.3972317254461
6531,2023-09-30 02:00:00,554.1853837456474
6532,2023-09-30 03:00:00,505.44237474823524
6533,2023-09-30 04:00:00,490.36192522628494
6534,2023-09-30 05:00:00,556.7096530709671
6535,2023-09-30 06:00:00,598.6899720513563
6536,2023-09-30 07:00:00,544.2841502652012
6537,2023-09-30 08:00:00,523.4036193913784
6538,2023-09-30 09:00:00,565.7861879279645
6539,2023-09-30 10:00:00,540.8935417612863
6540,2023-09-30 11:00:00,591.1578470921698
6541,2023-09-30 12:00:00,571.5147530866125
6542,2023-09-30 13:00:00,543.3692798452681
6543,2023-09-30 14:00:00,515.7221350935861
6544,2023-09-30 15:00:00,496.35600914100064
6545,2023-09-30 16:00:00,492.5945220104714
6546,2023-09-30 17:00:00,491.7180221574749
6547,2023-09-30 18:00:00,524.1692729912744
6548,2023-09-30 19:00:00,484.51181418393986
6549,2023-09-30 20:00:00,504.3766307793184
6550,2023-09-30 21:00:00,490.82207748253114
6551,2023-09-30 22:00:00,513.1313973953422
6552,2023-09-30 23:00:00,503.5227921747781
6553,2023-10-01 00:00:00,507.1115990589199
6554,2023-10-01 01:00:00,493.69972718153446
6555,2023-10-01 02:00:00,530.293265811323
6556,2023-10-01 03:00:00,547.3296968533881
6557,2023-10-01 04:00:00,531.6453853962206
6558,2023-10-01 05:00:00,605.8079598528961
6559,2023-10-01 06:00:00,580.3449890486667
6560,2023-10-01 07:00:00,616.4888445407223
6561,2023-10-01 08:00:00,563.9233269443133
6562,2023-10-01 09:00:00,518.4537392003164
6563,2023-10-01 10:00:00,542.0785824603188
6564,2023-10-01 11:00:00,559.233056746898
6565,2023-10-01 12:00:00,494.2282470502398
6566,2023-10-01 13:00:00,505.8787615849913
6567,2023-10-01 14:00:00,501.6220864611624
6568,2023-10-01 15:00:00,480.6913710085142
6569,2023-10-01 16:00:00,492.31408367529065
6570,2023-10-01 17:00:00,482.45708769514897
6571,2023-10-01 18:00:00,520.222259134824
6572,2023-10-01 19:00:00,485.1853323259738
6573,2023-10-01 20:00:00,481.6818087394733
6574,2023-10-01 21:00:00,493.55914193676955
6575,2023-10-01 22:00:00,510.9940085305748
6576,2023-10-01 23:00:00,463.285039015404
6577,2023-10-02 00:00:00,487.58541183198264
6578,2023-10-02 01:00:00,516.4133910951555
6579,2023-10-02 02:00:00,585.0387023982844
6580,2023-10-02 03:00:00,574.032728459342
6581,2023-10-02 04:00:00,529.822165373332
6582,2023-10-02 05:00:00,562.8690891587948
6583,2023-10-02 06:00:00,562.5356367889725
6584,2023-10-02 07:00:00,548.1358376097263
6585,2023-10-02 08:00:00,527.2856466418825
6586,2023-10-02 09:00:00,509.50011530211935
6587,2023-10-02 10:00:00,571.3915147457402
6588,2023-10-02 11:00:00,487.0839716948579
6589,2023-10-02 12:00:00,515.5985231859978
6590,2023-10-02 13:00:00,524.5435025089548
6591,2023-10-02 14:00:00,491.66671752802284
6592,2023-10-02 15:00:00,517.0111849503002
6593,2023-10-02 16:00:00,513.9507383563257
6594,2023-10-02 17:00:00,557.6767289709558
6595,2023-10-02 18:00:00,484.4782838446867
6596,2023-10-02 19:00:00,448.0770743365076
6597,2023-10-02 20:00:00,501.4885984929602
6598,2023-10-02 21:00:00,452.75157645395
6599,2023-10-02 22:00:00,552.5850673891848
6600,2023-10-02 23:00:00,544.2076252092078
6601,2023-10-03 00:00:00,518.8340731720044
6602,2023-10-03 01:00:00,493.70147079466494
6603,2023-10-03 02:00:00,537.5549288105262
6604,2023-10-03 03:00:00,556.8591333734455
6605,2023-10-03 04:00:00,489.56202447371385
6606,2023-10-03 05:00:00,552.8365544701013
6607,2023-10-03 06:00:00,560.8899517558207
6608,2023-10-03 07:00:00,581.707031777165
6609,2023-10-03 08:00:00,576.5824058727595
6610,2023-10-03 09:00:00,508.93728404181485
6611,2023-10-03 10:00:00,546.7362324913802
6612,2023-10-03 11:00:00,528.6904498007443
6613,2023-10-03 12:00:00,544.3159937743709
6614,2023-10-03 13:00:00,527.3763324170012
6615,2023-10-03 14:00:00,542.6075144158256
6616,2023-10-03 15:00:00,466.974806816732
6617,2023-10-03 16:00:00,531.3450549000756
6618,2023-10-03 17:00:00,508.13517547974396
6619,2023-10-03 18:00:00,510.8797441231056
6620,2023-10-03 19:00:00,491.07778251492914
6621,2023-10-03 20:00:00,514.9972546017026
6622,2023-10-03 21:00:00,494.6114488168557
6623,2023-10-03 22:00:00,505.03508962909854
6624,2023-10-03 23:00:00,518.7743254646673
6625,2023-10-04 00:00:00,508.6383201843126
6626,2023-10-04 01:00:00,496.70127090182007
6627,2023-10-04 02:00:00,557.8742760051173
6628,2023-10-04 03:00:00,571.3725161851746
6629,2023-10-04 04:00:00,555.7412723776064
6630,2023-10-04 05:00:00,547.0416803876894
6631,2023-10-04 06:00:00,599.1601628185525
6632,2023-10-04 07:00:00,536.2181749348464
6633,2023-10-04 08:00:00,576.4916489702172
6634,2023-10-04 09:00:00,521.954804914554
6635,2023-10-04 10:00:00,586.4083007967453
6636,2023-10-04 11:00:00,487.37146513374404
6637,2023-10-04 12:00:00,497.7839610062687
6638,2023-10-04 13:00:00,537.218481443457
6639,2023-10-04 14:00:00,534.7259286677946
6640,2023-10-04 15:00:00,518.4658263225068
6641,2023-10-04 16:00:00,479.3912628775403
6642,2023-10-04 17:00:00,521.7093150016609
6643,2023-10-04 18:00:00,546.6208987565044
6644,2023-10-04 19:00:00,445.0717607882283
6645,2023-10-04 20:00:00,498.6425985501969
6646,2023-10-04 21:00:00,582.5119809152976
6647,2023-10-04 22:00:00,494.5147061277252
6648,2023-10-04 23:00:00,539.7653118670386
6649,2023-10-05 00:00:00,554.1814239749781
6650,2023-10-05 01:00:00,572.5310922064054
6651,2023-10-05 02:00:00,541.3340261990782
6652,2023-10-05 03:00:00,537.9235212519147
6653,2023-10-05 04:00:00,526.2196354389597
6654,2023-10-05 05:00:00,579.4299947741979
6655,2023-10-05 06:00:00,601.7284803174668
6656,2023-10-05 07:00:00,518.0368919874138
6657,2023-10-05 08:00:00,578.2336418624983
6658,2023-10-05 09:00:00,602.5304970570444
6659,2023-10-05 10:00:00,593.1933103427078
6660,2023-10-05 11:00:00,515.108225452049
6661,2023-10-05 12:00:00,595.8074530314101
6662,2023-10-05 13:00:00,542.5962175244232
6663,2023-10-05 14:00:00,530.2977797236002
6664,2023-10-05 15:00:00,555.3416902776071
6665,2023-10-05 16:00:00,475.8524949645626
6666,2023-10-05 17:00:00,508.7501178469822
6667,2023-10-05 18:00:00,529.0609088925947
6668,2023-10-05 19:00:00,526.9808770411914
6669,2023-10-05 20:00:00,544.3902137192817
6670,2023-10-05 21:00:00,540.1975330309143
6671,2023-10-05 22:00:00,528.1913599250128
6672,2023-10-05 23:00:00,561.156807002245
6673,2023-10-06 00:00:00,503.70815664648893
6674,2023-10-06 01:00:00,489.0234709868657
6675,2023-10-06 02:00:00,559.3648573714742
6676,2023-10-06 03:00:00,555.0490874674816
6677,2023-10-06 04:00:00,565.1959378104135
6678,2023-10-06 05:00:00,554.213514831985
6679,2023-10-06 06:00:00,526.672698209246
6680,2023-10-06 07:00:00,583.5664175864031
6681,2023-10-06 08:00:00,588.2528307378607
6682,2023-10-06 09:00:00,512.3458906668767
6683,2023-10-06 10:00:00,507.54193641959745
6684,2023-10-06 11:00:00,498.3137256453904
6685,2023-10-06 12:00:00,553.800533442859
6686,2023-10-06 13:00:00,579.9323212584368
6687,2023-10-06 14:00:00,543.3328690768964
6688,2023-10-06 15:00:00,529.9733367729392
6689,2023-10-06 16:00:00,495.53625835865665
6690,2023-10-06 17:00:00,497.2593099943116
6691,2023-10-06 18:00:00,536.7905515616167
6692,2023-10-06 19:00:00,519.9923526563547
6693,2023-10-06 20:00:00,513.723708287892
6694,2023-10-06 21:00:00,551.759116971762
6695,2023-10-06 22:00:00,526.3469681232021
6696,2023-10-06 23:00:00,544.6663395207652
6697,2023-10-07 00:00:00,516.005635520955
6698,2023-10-07 01:00:00,568.2040693386732
6699,2023-10-07 02:00:00,488.92437096361925
6700,2023-10-07 03:00:00,570.3750245619195
6701,2023-10-07 04:00:00,519.2398799649676
6702,2023-10-07 05:00:00,549.1621868408891
6703,2023-10-07 06:00:00,568.9152444378643
6704,2023-10-07 07:00:00,567.2981925110014
6705,2023-10-07 08:00:00,548.0904370730995
6706,2023-10-07 09:00:00,484.0702354959407
6707,2023-10-07 10:00:00,535.0691079584898
6708,2023-10-07 11:00:00,479.7857440171135
6709,2023-10-07 12:00:00,484.4275635495236
6710,2023-10-07 13:00:00,542.46051471957
6711,2023-10-07 14:00:00,563.497522088349
6712,2023-10-07 15:00:00,507.2020711176086
6713,2023-10-07 16:00:00,497.6355450958743
6714,2023-10-07 17:00:00,495.73490433617957
6715,2023-10-07 18:00:00,554.0774121555313
6716,2023-10-07 19:00:00,580.337339956646
6717,2023-10-07 20:00:00,527.7707456553171
6718,2023-10-07 21:00:00,484.15578476397883
6719,2023-10-07 22:00:00,560.6307353210432
6720,2023-10-07 23:00:00,532.3161668644249
6721,2023-10-08 00:00:00,576.1912938976477
6722,2023-10-08 01:00:00,525.8167831109578
6723,2023-10-08 02:00:00,587.4689831693777
6724,2023-10-08 03:00:00,538.3531065653
6725,2023-10-08 04:00:00,542.9473044525803
6726,2023-10-08 05:00:00,529.0922437283282
6727,2023-10-08 06:00:00,558.5406821741133
6728,2023-10-08 07:00:00,587.2229228744912
6729,2023-10-08 08:00:00,537.7185080541757
6730,2023-10-08 09:00:00,558.0930375723309
6731,2023-10-08 10:00:00,495.5669878143756
6732,2023-10-08 11:00:00,584.9482790614109
6733,2023-10-08 12:00:00,520.4410829125304
6734,2023-10-08 13:00:00,515.4467671616038
6735,2023-10-08 14:00:00,491.8294720756292
6736,2023-10-08 15:00:00,447.23084825909757
6737,2023-10-08 16:00:00,480.7102886461883
6738,2023-10-08 17:00:00,566.726307332864
6739,2023-10-08 18:00:00,517.4443877567302
6740,2023-10-08 19:00:00,496.46020331950103
6741,2023-10-08 20:00:00,467.43009567704746
6742,2023-10-08 21:00:00,533.6342318979509
6743,2023-10-08 22:00:00,571.9901157466674
6744,2023-10-08 23:00:00,501.8805978632337
6745,2023-10-09 00:00:00,537.538392604807
6746,2023-10-09 01:00:00,583.2793733834482
6747,2023-10-09 02:00:00,543.2173932480491
6748,2023-10-09 03:00:00,486.94276432845885
6749,2023-10-09 04:00:00,583.2743530731483
6750,2023-10-09 05:00:00,514.1098268574051
6751,2023-10-09 06:00:00,639.3560582497148
6752,2023-10-09 07:00:00,533.9709075728844
6753,2023-10-09 08:00:00,552.8666181311461
6754,2023-10-09 09:00:00,521.5045127177547
6755,2023-10-09 10:00:00,527.115262577218
6756,2023-10-09 11:00:00,599.8116955992409
6757,2023-10-09 12:00:00,534.3970463532378
6758,2023-10-09 13:00:00,496.244159789453
6759,2023-10-09 14:00:00,518.7139658353598
6760,2023-10-09 15:00:00,562.0719527097157
6761,2023-10-09 16:00:00,541.4072150630477
6762,2023-10-09 17:00:00,530.9307774242226
6763,2023-10-09 18:00:00,489.9047192954754
6764,2023-10-09 19:00:00,535.5487490136396
6765,2023-10-09 20:00:00,530.8501670893871
6766,2023-10-09 21:00:00,551.1969409717964
6767,2023-10-09 22:00:00,558.8910620915561
6768,2023-10-09 23:00:00,494.4913944717206
6769,2023-10-10 00:00:00,594.9096802958865
6770,2023-10-10 01:00:00,568.3660672461112
6771,2023-10-10 02:00:00,570.1111118336388
6772,2023-10-10 03:00:00,574.90107605303
6773,2023-10-10 04:00:00,540.2783301054104
6774,2023-10-10 05:00:00,586.8880382343899
6775,2023-10-10 06:00:00,584.0586756964831
6776,2023-10-10 07:00:00,560.6788298221949
6777,2023-10-10 08:00:00,561.5720582912542
6778,2023-10-10 09:00:00,537.9610406903146
6779,2023-10-10 10:00:00,530.4261050942115
6780,2023-10-10 11:00:00,539.2670479694422
6781,2023-10-10 12:00:00,534.8569399882855
6782,2023-10-10 13:00:00,549.4018850735561
6783,2023-10-10 14:00:00,535.4182086807326
6784,2023-10-10 15:00:00,569.3115405942949
6785,2023-10-10 16:00:00,471.272668025593
6786,2023-10-10 17:00:00,502.79440060656964
6787,2023-10-10 18:00:00,496.22098700279014
6788,2023-10-10 19:00:00,510.8253334123751
6789,2023-10-10 20:00:00,521.6760767477851
6790,2023-10-10 21:00:00,460.0093194788694
6791,2023-10-10 22:00:00,532.1293636842476
6792,2023-10-10 23:00:00,537.8209955299722
6793,2023-10-11 00:00:00,513.4967898342735
6794,2023-10-11 01:00:00,531.0798461812556
6795,2023-10-11 02:00:00,569.593313396831
6796,2023-10-11 03:00:00,560.4568455935547
6797,2023-10-11 04:00:00,537.8434700310191
6798,2023-10-11 05:00:00,548.135075772032
6799,2023-10-11 06:00:00,594.2486463567361
6800,2023-10-11 07:00:00,578.2446968875547
6801,2023-10-11 08:00:00,532.1163344628113
6802,2023-10-11 09:00:00,455.6676650189858
6803,2023-10-11 10:00:00,554.8691080417032
6804,2023-10-11 11:00:00,578.5303917282624
6805,2023-10-11 12:00:00,515.1966563050613
6806,2023-10-11 13:00:00,504.4834372119129
6807,2023-10-11 14:00:00,564.503869867294
6808,2023-10-11 15:00:00,520.2337042929431
6809,2023-10-11 16:00:00,518.6952699421671
6810,2023-10-11 17:00:00,576.1018472589043
6811,2023-10-11 18:00:00,473.8404824067192
6812,2023-10-11 19:00:00,515.3428293386894
6813,2023-10-11 20:00:00,552.1918018452662
6814,2023-10-11 21:00:00,486.8072077740767
6815,2023-10-11 22:00:00,545.1286825087627
6816,2023-10-11 23:00:00,553.996888116911
6817,2023-10-12 00:00:00,530.2194237276984
6818,2023-10-12 01:00:00,507.96772524688896
6819,2023-10-12 02:00:00,573.7100321058417
6820,2023-10-12 03:00:00,584.3306243290963
6821,2023-10-12 04:00:00,576.707023068869
6822,2023-10-12 05:00:00,576.7197731351537
6823,2023-10-12 06:00:00,577.310359925952
6824,2023-10-12 07:00:00,574.5951340028781
6825,2023-10-12 08:00:00,537.0425094921965
6826,2023-10-12 09:00:00,524.3725410549913
6827,2023-10-12 10:00:00,541.9397593026489
6828,2023-10-12 11:00:00,534.2952787004128
6829,2023-10-12 12:00:00,514.2368629611364
6830,2023-10-12 13:00:00,513.4112315080703
6831,2023-10-12 14:00:00,501.0026201298741
6832,2023-10-12 15:00:00,525.9062449722016
6833,2023-10-12 16:00:00,547.6115747966629
6834,2023-10-12 17:00:00,469.3854600765999
6835,2023-10-12 18:00:00,546.0185757178355
6836,2023-10-12 19:00:00,509.45445395571943
6837,2023-10-12 20:00:00,516.739052383019
6838,2023-10-12 21:00:00,567.8353307190001
6839,2023-10-12 22:00:00,553.1202179118644
6840,2023-10-12 23:00:00,590.5623434569188
6841,2023-10-13 00:00:00,568.855179848004
6842,2023-10-13 01:00:00,588.0806207506834
6843,2023-10-13 02:00:00,549.6690264253332
6844,2023-10-13 03:00:00,532.1810575764813
6845,2023-10-13 04:00:00,570.8286790223384
6846,2023-10-13 05:00:00,574.8131333236488
6847,2023-10-13 06:00:00,525.0707116965443
6848,2023-10-13 07:00:00,554.855050026532
6849,2023-10-13 08:00:00,588.386480313903
6850,2023-10-13 09:00:00,591.8693881911713
6851,2023-10-13 10:00:00,544.2869511301334
6852,2023-10-13 11:00:00,533.3325387980417
6853,2023-10-13 12:00:00,563.2295644525296
6854,2023-10-13 13:00:00,546.9583472954972
6855,2023-10-13 14:00:00,518.120193513095
6856,2023-10-13 15:00:00,554.55350919778
6857,2023-10-13 16:00:00,476.0659582095802
6858,2023-10-13 17:00:00,573.8700529944884
6859,2023-10-13 18:00:00,512.2200473233366
6860,2023-10-13 19:00:00,516.0039309534103
6861,2023-10-13 20:00:00,498.8919806438358
6862,2023-10-13 21:00:00,519.318032891538
6863,2023-10-13 22:00:00,531.4074775394943
6864,2023-10-13 23:00:00,543.2677559436912
6865,2023-10-14 00:00:00,606.1555206570101
6866,2023-10-14 01:00:00,551.6838245604581
6867,2023-10-14 02:00:00,531.0737042193556
6868,2023-10-14 03:00:00,577.4724999003781
6869,2023-10-14 04:00:00,507.3422132946115
6870,2023-10-14 05:00:00,542.234409969234
6871,2023-10-14 06:00:00,549.9116107573735
6872,2023-10-14 07:00:00,598.1765792437432
6873,2023-10-14 08:00:00,572.3755726431646
6874,2023-10-14 09:00:00,566.5454520473943
6875,2023-10-14 10:00:00,582.9796686558234
6876,2023-10-14 11:00:00,553.7557429288526
6877,2023-10-14 12:00:00,545.3086087904059
6878,2023-10-14 13:00:00,538.9296915587848
6879,2023-10-14 14:00:00,488.77448969780517
6880,2023-10-14 15:00:00,524.8284526344256
6881,2023-10-14 16:00:00,556.6799740010792
6882,2023-10-14 17:00:00,509.53447876913003
6883,2023-10-14 18:00:00,529.817296855572
6884,2023-10-14 19:00:00,559.4670410015367
6885,2023-10-14 20:00:00,521.3092607459897
6886,2023-10-14 21:00:00,546.6013021258949
6887,2023-10-14 22:00:00,515.4879173786553
6888,2023-10-14 23:00:00,544.2930245735126
6889,2023-10-15 00:00:00,578.9447701829156
6890,2023-10-15 01:00:00,569.5357932177996
6891,2023-10-15 02:00:00,612.7146172787199
6892,2023-10-15 03:00:00,638.8580020035055
6893,2023-10-15 04:00:00,589.095632865306
6894,2023-10-15 05:00:00,567.5054910409506
6895,2023-10-15 06:00:00,582.2159245562623
6896,2023-10-15 07:00:00,631.5716460393407
6897,2023-10-15 08:00:00,567.4451199194832
6898,2023-10-15 09:00:00,601.593518701696
6899,2023-10-15 10:00:00,587.2165031428017
6900,2023-10-15 11:00:00,569.1084641771685
6901,2023-10-15 12:00:00,571.838878854909
6902,2023-10-15 13:00:00,555.4586925693601
6903,2023-10-15 14:00:00,566.2606193977584
6904,2023-10-15 15:00:00,551.3577136294141
6905,2023-10-15 16:00:00,546.5692247826245
6906,2023-10-15 17:00:00,475.830577387298
6907,2023-10-15 18:00:00,511.46376381723405
6908,2023-10-15 19:00:00,494.72336989029026
6909,2023-10-15 20:00:00,462.623460853757
6910,2023-10-15 21:00:00,541.2073668960611
6911,2023-10-15 22:00:00,552.2851902748049
6912,2023-10-15 23:00:00,484.747182695263
6913,2023-10-16 00:00:00,540.9905339591227
6914,2023-10-16 01:00:00,522.4731155101937
6915,2023-10-16 02:00:00,579.2212440260465
6916,2023-10-16 03:00:00,544.6731432752937
6917,2023-10-16 04:00:00,576.5602107219358
6918,2023-10-16 05:00:00,581.2179735710428
6919,2023-10-16 06:00:00,509.953181457978
6920,2023-10-16 07:00:00,614.8251984428408
6921,2023-10-16 08:00:00,544.0702518834963
6922,2023-10-16 09:00:00,595.1324776147488
6923,2023-10-16 10:00:00,552.685576442032
6924,2023-10-16 11:00:00,542.0205055294518
6925,2023-10-16 12:00:00,569.0594258164722
6926,2023-10-16 13:00:00,488.9724270969225
6927,2023-10-16 14:00:00,564.7641989596497
6928,2023-10-16 15:00:00,474.8949225084341
6929,2023-10-16 16:00:00,546.2605408977639
6930,2023-10-16 17:00:00,564.9049735213076
6931,2023-10-16 18:00:00,507.41384743056943
6932,2023-10-16 19:00:00,527.7926952650346
6933,2023-10-16 20:00:00,570.5686542832055
6934,2023-10-16 21:00:00,583.305143294407
6935,2023-10-16 22:00:00,532.368371876427
6936,2023-10-16 23:00:00,622.4268050235892
6937,2023-10-17 00:00:00,546.928069898406
6938,2023-10-17 01:00:00,574.9652849698399
6939,2023-10-17 02:00:00,580.1127556442927
6940,2023-10-17 03:00:00,642.10809864857
6941,2023-10-17 04:00:00,581.1647613403471
6942,2023-10-17 05:00:00,592.8979537099385
6943,2023-10-17 06:00:00,539.4293908625841
6944,2023-10-17 07:00:00,576.3210015752089
6945,2023-10-17 08:00:00,603.5848755707078
6946,2023-10-17 09:00:00,537.85857110835
6947,2023-10-17 10:00:00,577.4694532377931
6948,2023-10-17 11:00:00,547.8754975688397
6949,2023-10-17 12:00:00,547.994193482638
6950,2023-10-17 13:00:00,545.3868864055577
6951,2023-10-17 14:00:00,579.8424952034272
6952,2023-10-17 15:00:00,517.2002323838981
6953,2023-10-17 16:00:00,504.2531518012894
6954,2023-10-17 17:00:00,577.4180618661226
6955,2023-10-17 18:00:00,556.2062962442299
6956,2023-10-17 19:00:00,529.3736302170545
6957,2023-10-17 20:00:00,543.275691014537
6958,2023-10-17 21:00:00,504.1688053076061
6959,2023-10-17 22:00:00,530.811762051141
6960,2023-10-17 23:00:00,525.568947738336
6961,2023-10-18 00:00:00,594.0754955789
6962,2023-10-18 01:00:00,574.3686441394055
6963,2023-10-18 02:00:00,553.0974077186801
6964,2023-10-18 03:00:00,582.8473448756544
6965,2023-10-18 04:00:00,567.2932265025883
6966,2023-10-18 05:00:00,588.1287531383524
6967,2023-10-18 06:00:00,571.3084013184242
6968,2023-10-18 07:00:00,604.1202236798107
6969,2023-10-18 08:00:00,566.8859972669353
6970,2023-10-18 09:00:00,527.5845064752212
6971,2023-10-18 10:00:00,566.4648950011011
6972,2023-10-18 11:00:00,581.5665951920377
6973,2023-10-18 12:00:00,616.2155068609521
6974,2023-10-18 13:00:00,554.2914611210514
6975,2023-10-18 14:00:00,580.4026025954324
6976,2023-10-18 15:00:00,532.8394643712671
6977,2023-10-18 16:00:00,525.2816859689161
6978,2023-10-18 17:00:00,532.2220999680363
6979,2023-10-18 18:00:00,521.6495854931263
6980,2023-10-18 19:00:00,495.23351277146264
6981,2023-10-18 20:00:00,549.145423542808
6982,2023-10-18 21:00:00,574.6436116298256
6983,2023-10-18 22:00:00,551.9355760773623
6984,2023-10-18 23:00:00,610.52638698008
6985,2023-10-19 00:00:00,570.3011783686454
6986,2023-10-19 01:00:00,599.0138316417978
6987,2023-10-19 02:00:00,497.2698241405623
6988,2023-10-19 03:00:00,605.6052372502679
6989,2023-10-19 04:00:00,623.8649376673981
6990,2023-10-19 05:00:00,574.8836620256548
6991,2023-10-19 06:00:00,581.1662797831335
6992,2023-10-19 07:00:00,553.253862185984
6993,2023-10-19 08:00:00,596.3351786000367
6994,2023-10-19 09:00:00,530.3638517336667
6995,2023-10-19 10:00:00,563.3343961922864
6996,2023-10-19 11:00:00,600.2098749768711
6997,2023-10-19 12:00:00,579.73251290797
6998,2023-10-19 13:00:00,550.5248989968633
6999,2023-10-19 14:00:00,532.9179129951738
7000,2023-10-19 15:00:00,538.9776340705154
7001,2023-10-19 16:00:00,525.8698476963569
7002,2023-10-19 17:00:00,557.7546921662384
7003,2023-10-19 18:00:00,551.7439736106363
7004,2023-10-19 19:00:00,536.5558531128496
7005,2023-10-19 20:00:00,536.3771297645354
7006,2023-10-19 21:00:00,548.5475490226864
7007,2023-10-19 22:00:00,502.1751528377944
7008,2023-10-19 23:00:00,525.2724892079531
7009,2023-10-20 00:00:00,522.5178752761213
7010,2023-10-20 01:00:00,594.0791597586782
7011,2023-10-20 02:00:00,557.5248103689225
7012,2023-10-20 03:00:00,565.5407787979102
7013,2023-10-20 04:00:00,571.4672615692136
7014,2023-10-20 05:00:00,551.0263785652523
7015,2023-10-20 06:00:00,590.1546232430195
7016,2023-10-20 07:00:00,627.050229927432
7017,2023-10-20 08:00:00,616.1798296567255
7018,2023-10-20 09:00:00,574.6338726846976
7019,2023-10-20 10:00:00,583.42360773262
7020,2023-10-20 11:00:00,586.1713195330666
7021,2023-10-20 12:00:00,528.3789832030108
7022,2023-10-20 13:00:00,548.1287459828013
7023,2023-10-20 14:00:00,570.9793575721853
7024,2023-10-20 15:00:00,593.6454066694965
7025,2023-10-20 16:00:00,554.9570856495419
7026,2023-10-20 17:00:00,502.9504742811296
7027,2023-10-20 18:00:00,457.8019842504199
7028,2023-10-20 19:00:00,489.9778502409672
7029,2023-10-20 20:00:00,584.0927638902534
7030,2023-10-20 21:00:00,517.5093939328118
7031,2023-10-20 22:00:00,566.5100372856067
7032,2023-10-20 23:00:00,544.9507285875375
7033,2023-10-21 00:00:00,531.6144455551146
7034,2023-10-21 01:00:00,551.0433389222866
7035,2023-10-21 02:00:00,592.0434725769915
7036,2023-10-21 03:00:00,575.8333650391043
7037,2023-10-21 04:00:00,590.3179083675598
7038,2023-10-21 05:00:00,579.2707577744269
7039,2023-10-21 06:00:00,597.4260151169608
7040,2023-10-21 07:00:00,517.7562237663906
7041,2023-10-21 08:00:00,609.8025456544226
7042,2023-10-21 09:00:00,565.1690370697636
7043,2023-10-21 10:00:00,573.6048983202674
7044,2023-10-21 11:00:00,573.548839932614
7045,2023-10-21 12:00:00,586.9374115046353
7046,2023-10-21 13:00:00,593.0586234739043
7047,2023-10-21 14:00:00,572.3921998387605
7048,2023-10-21 15:00:00,562.5013002781585
7049,2023-10-21 16:00:00,576.9773747078293
7050,2023-10-21 17:00:00,501.48822197016
7051,2023-10-21 18:00:00,526.5534674889747
7052,2023-10-21 19:00:00,561.0170542693148
7053,2023-10-21 20:00:00,562.4761460767925
7054,2023-10-21 21:00:00,554.1108707092957
7055,2023-10-21 22:00:00,576.7811417436338
7056,2023-10-21 23:00:00,586.8539676406233
7057,2023-10-22 00:00:00,513.9453830969325
7058,2023-10-22 01:00:00,485.3373089971424
7059,2023-10-22 02:00:00,588.0062610745853
7060,2023-10-22 03:00:00,590.5111950791321
7061,2023-10-22 04:00:00,595.9426458956475
7062,2023-10-22 05:00:00,560.5901746305964
7063,2023-10-22 06:00:00,580.0233461663744
7064,2023-10-22 07:00:00,578.7498625772456
7065,2023-10-22 08:00:00,567.8381108395001
7066,2023-10-22 09:00:00,538.0963630472769
7067,2023-10-22 10:00:00,579.2626804591575
7068,2023-10-22 11:00:00,549.4046434945445
7069,2023-10-22 12:00:00,546.3209608184908
7070,2023-10-22 13:00:00,562.7549847252462
7071,2023-10-22 14:00:00,543.74090514845
7072,2023-10-22 15:00:00,553.0874517059228
7073,2023-10-22 16:00:00,519.8225587494095
7074,2023-10-22 17:00:00,573.591710676894
7075,2023-10-22 18:00:00,487.9789862363968
7076,2023-10-22 19:00:00,548.0861951833126
7077,2023-10-22 20:00:00,529.7188269588913
7078,2023-10-22 21:00:00,589.0722121255071
7079,2023-10-22 22:00:00,514.1790157695382
7080,2023-10-22 23:00:00,516.161300750104
7081,2023-10-23 00:00:00,568.8577836234421
7082,2023-10-23 01:00:00,573.756797708531
7083,2023-10-23 02:00:00,554.293554260559
7084,2023-10-23 03:00:00,550.1749265640118
7085,2023-10-23 04:00:00,557.428291014447
7086,2023-10-23 05:00:00,561.0964311101651
7087,2023-10-23 06:00:00,538.5986354473727
7088,2023-10-23 07:00:00,578.7574204221143
7089,2023-10-23 08:00:00,590.3859128802562
7090,2023-10-23 09:00:00,598.6200243063787
7091,2023-10-23 10:00:00,571.3350472058592
7092,2023-10-23 11:00:00,586.828506377876
7093,2023-10-23 12:00:00,560.1964431027492
7094,2023-10-23 13:00:00,543.7918563338205
7095,2023-10-23 14:00:00,567.6827498604439
7096,2023-10-23 15:00:00,526.6772029600322
7097,2023-10-23 16:00:00,534.456872870824
7098,2023-10-23 17:00:00,550.1020265338615
7099,2023-10-23 18:00:00,523.048265033803
7100,2023-10-23 19:00:00,498.0822464858019
7101,2023-10-23 20:00:00,578.8527937898012
7102,2023-10-23 21:00:00,511.62447176216835
7103,2023-10-23 22:00:00,579.3683811216083
7104,2023-10-23 23:00:00,617.5993353675048
7105,2023-10-24 00:00:00,554.7801325205052
7106,2023-10-24 01:00:00,554.1342892675663
7107,2023-10-24 02:00:00,567.4049933897494
7108,2023-10-24 03:00:00,567.8533819552704
7109,2023-10-24 04:00:00,586.4983446687138
7110,2023-10-24 05:00:00,621.3065490820989
7111,2023-10-24 06:00:00,634.1808409252488
7112,2023-10-24 07:00:00,578.3447905859592
7113,2023-10-24 08:00:00,592.7513512467365
7114,2023-10-24 09:00:00,680.7843411799195
7115,2023-10-24 10:00:00,531.7616771630563
7116,2023-10-24 11:00:00,553.9165334866232
7117,2023-10-24 12:00:00,524.90164254075
7118,2023-10-24 13:00:00,542.0011951259356
7119,2023-10-24 14:00:00,565.7760751323276
7120,2023-10-24 15:00:00,571.3483688028608
7121,2023-10-24 16:00:00,551.0610846423956
7122,2023-10-24 17:00:00,517.8105659751684
7123,2023-10-24 18:00:00,596.6634258691419
7124,2023-10-24 19:00:00,539.8216042415809
7125,2023-10-24 20:00:00,533.0366390489814
7126,2023-10-24 21:00:00,559.5257430663623
7127,2023-10-24 22:00:00,559.7181602754255
7128,2023-10-24 23:00:00,557.8675187875493
7129,2023-10-25 00:00:00,573.0793131509879
7130,2023-10-25 01:00:00,599.540475298146
7131,2023-10-25 02:00:00,561.9015311992097
7132,2023-10-25 03:00:00,580.5231168813203
7133,2023-10-25 04:00:00,584.1624259829724
7134,2023-10-25 05:00:00,608.758031339668
7135,2023-10-25 06:00:00,537.5237929688931
7136,2023-10-25 07:00:00,573.1017132085008
7137,2023-10-25 08:00:00,619.4573191744357
7138,2023-10-25 09:00:00,623.2700787178117
7139,2023-10-25 10:00:00,565.7240863110785
7140,2023-10-25 11:00:00,582.4417433605689
7141,2023-10-25 12:00:00,566.1825138203391
7142,2023-10-25 13:00:00,564.4192444046755
7143,2023-10-25 14:00:00,519.4575585362929
7144,2023-10-25 15:00:00,519.934851856652
7145,2023-10-25 16:00:00,562.047110975452
7146,2023-10-25 17:00:00,536.704685441838
7147,2023-10-25 18:00:00,564.3905767214499
7148,2023-10-25 19:00:00,536.8919971705949
7149,2023-10-25 20:00:00,547.5082071355251
7150,2023-10-25 21:00:00,533.1720471851067
7151,2023-10-25 22:00:00,558.9685397069934
7152,2023-10-25 23:00:00,587.6543025765483
7153,2023-10-26 00:00:00,579.1700261176177
7154,2023-10-26 01:00:00,547.6284412977625
7155,2023-10-26 02:00:00,582.5096901642099
7156,2023-10-26 03:00:00,585.8592911259311
7157,2023-10-26 04:00:00,567.9938831405002
7158,2023-10-26 05:00:00,631.9882877969767
7159,2023-10-26 06:00:00,644.8847909629336
7160,2023-10-26 07:00:00,623.9451169582887
7161,2023-10-26 08:00:00,544.1526516830147
7162,2023-10-26 09:00:00,631.453432321022
7163,2023-10-26 10:00:00,606.3583197958296
7164,2023-10-26 11:00:00,545.0367960855557
7165,2023-10-26 12:00:00,540.3387000536017
7166,2023-10-26 13:00:00,594.380520268409
7167,2023-10-26 14:00:00,558.2395243607697
7168,2023-10-26 15:00:00,591.5831097864659
7169,2023-10-26 16:00:00,566.7449175038514
7170,2023-10-26 17:00:00,550.4008028813503
7171,2023-10-26 18:00:00,584.2975466139476
7172,2023-10-26 19:00:00,520.1913609549875
7173,2023-10-26 20:00:00,507.3265313356389
7174,2023-10-26 21:00:00,619.6054206281631
7175,2023-10-26 22:00:00,582.7414218410537
7176,2023-10-26 23:00:00,561.2967683591935
7177,2023-10-27 00:00:00,580.3940697429827
7178,2023-10-27 01:00:00,595.8856674770312
7179,2023-10-27 02:00:00,580.3304628137892
7180,2023-10-27 03:00:00,570.2910844400031
7181,2023-10-27 04:00:00,564.0699191667222
7182,2023-10-27 05:00:00,615.7767378577578
7183,2023-10-27 06:00:00,553.9471830329818
7184,2023-10-27 07:00:00,533.6810193955188
7185,2023-10-27 08:00:00,555.8603801845369
7186,2023-10-27 09:00:00,614.1263568831449
7187,2023-10-27 10:00:00,594.6114506105448
7188,2023-10-27 11:00:00,580.6104835991766
7189,2023-10-27 12:00:00,552.7546836854439
7190,2023-10-27 13:00:00,516.2600558442026
7191,2023-10-27 14:00:00,561.5588307792127
7192,2023-10-27 15:00:00,575.6473671148914
7193,2023-10-27 16:00:00,539.7334644116672
7194,2023-10-27 17:00:00,552.234561269759
7195,2023-10-27 18:00:00,519.8522722573314
7196,2023-10-27 19:00:00,540.7631492730475
7197,2023-10-27 20:00:00,554.0710292771108
7198,2023-10-27 21:00:00,522.6096349449531
7199,2023-10-27 22:00:00,516.8497941584587
7200,2023-10-27 23:00:00,569.6666374106717
7201,2023-10-28 00:00:00,565.1442247105218
7202,2023-10-28 01:00:00,575.9110679468089
7203,2023-10-28 02:00:00,548.1553671275371
7204,2023-10-28 03:00:00,581.014047951747
7205,2023-10-28 04:00:00,628.8693238144664
7206,2023-10-28 05:00:00,630.7229408146353
7207,2023-10-28 06:00:00,603.8966480581727
7208,2023-10-28 07:00:00,599.8828327065354
7209,2023-10-28 08:00:00,561.6118275197643
7210,2023-10-28 09:00:00,606.6595152743267
7211,2023-10-28 10:00:00,567.0484257318178
7212,2023-10-28 11:00:00,581.0448080092349
7213,2023-10-28 12:00:00,540.4533356820225
7214,2023-10-28 13:00:00,589.8099892036691
7215,2023-10-28 14:00:00,532.8980761086442
7216,2023-10-28 15:00:00,508.0593919259762
7217,2023-10-28 16:00:00,544.9895163553001
7218,2023-10-28 17:00:00,533.3713368645263
7219,2023-10-28 18:00:00,559.6821927058654
7220,2023-10-28 19:00:00,560.2077521626469
7221,2023-10-28 20:00:00,524.2000146197948
7222,2023-10-28 21:00:00,583.5121159315055
7223,2023-10-28 22:00:00,514.2615195914233
7224,2023-10-28 23:00:00,573.2961686019589
7225,2023-10-29 00:00:00,582.0785424232546
7226,2023-10-29 01:00:00,560.2882220293477
7227,2023-10-29 02:00:00,555.9183069517846
7228,2023-10-29 03:00:00,604.1340209980268
7229,2023-10-29 04:00:00,590.7673403817046
7230,2023-10-29 05:00:00,562.725623417027
7231,2023-10-29 06:00:00,575.902794888465
7232,2023-10-29 07:00:00,593.5326085720639
7233,2023-10-29 08:00:00,578.0229669600691
7234,2023-10-29 09:00:00,597.7514276587608
7235,2023-10-29 10:00:00,525.3830161127669
7236,2023-10-29 11:00:00,563.3640349665103
7237,2023-10-29 12:00:00,591.0114270829755
7238,2023-10-29 13:00:00,561.8437391075875
7239,2023-10-29 14:00:00,594.8897540274485
7240,2023-10-29 15:00:00,554.2388227619023
7241,2023-10-29 16:00:00,497.8920852603217
7242,2023-10-29 17:00:00,580.4468936013499
7243,2023-10-29 18:00:00,482.4173985542489
7244,2023-10-29 19:00:00,556.3726951188603
7245,2023-10-29 20:00:00,572.064942095208
7246,2023-10-29 21:00:00,592.433195488797
7247,2023-10-29 22:00:00,565.2628317390567
7248,2023-10-29 23:00:00,558.2905604508525
7249,2023-10-30 00:00:00,581.6347389540513
7250,2023-10-30 01:00:00,544.5475713409028
7251,2023-10-30 02:00:00,603.8636393963782
7252,2023-10-30 03:00:00,571.2928045095247
7253,2023-10-30 04:00:00,624.4595470240307
7254,2023-10-30 05:00:00,612.3542270454533
7255,2023-10-30 06:00:00,627.0208903803014
7256,2023-10-30 07:00:00,618.317334321035
7257,2023-10-30 08:00:00,577.0394228926859
7258,2023-10-30 09:00:00,580.70855918673
7259,2023-10-30 10:00:00,591.4255459597764
7260,2023-10-30 11:00:00,590.9131234101162
7261,2023-10-30 12:00:00,564.0611183321976
7262,2023-10-30 13:00:00,548.7692668996667
7263,2023-10-30 14:00:00,504.33612499079527
7264,2023-10-30 15:00:00,563.0706969393613
7265,2023-10-30 16:00:00,565.6701184525435
7266,2023-10-30 17:00:00,550.3106227221971
7267,2023-10-30 18:00:00,522.0182972113794
7268,2023-10-30 19:00:00,571.1367227983692
7269,2023-10-30 20:00:00,644.7839418142033
7270,2023-10-30 21:00:00,569.0347880529789
7271,2023-10-30 22:00:00,590.7023266613146
7272,2023-10-30 23:00:00,578.88341517799
7273,2023-10-31 00:00:00,531.0234468929027
7274,2023-10-31 01:00:00,603.0975131632345
7275,2023-10-31 02:00:00,575.1949274477445
7276,2023-10-31 03:00:00,595.4655976890349
7277,2023-10-31 04:00:00,618.9871582179247
7278,2023-10-31 05:00:00,623.7852254805206
7279,2023-10-31 06:00:00,592.9660521179248
7280,2023-10-31 07:00:00,584.7913667860845
7281,2023-10-31 08:00:00,651.1625136884041
7282,2023-10-31 09:00:00,628.7756455629756
7283,2023-10-31 10:00:00,553.5768668283432
7284,2023-10-31 11:00:00,581.7579397847185
7285,2023-10-31 12:00:00,605.8376334385373
7286,2023-10-31 13:00:00,536.8078268236729
7287,2023-10-31 14:00:00,517.8074001463763
7288,2023-10-31 15:00:00,530.1731272236558
7289,2023-10-31 16:00:00,568.7123106195758
7290,2023-10-31 17:00:00,557.6766902425817
7291,2023-10-31 18:00:00,604.0732119040205
7292,2023-10-31 19:00:00,531.8522982171487
7293,2023-10-31 20:00:00,537.7967663829849
7294,2023-10-31 21:00:00,574.1542509912348
7295,2023-10-31 22:00:00,519.0895144683677
7296,2023-10-31 23:00:00,544.4814152597801
7297,2023-11-01 00:00:00,620.1966614516944
7298,2023-11-01 01:00:00,611.475511531526
7299,2023-11-01 02:00:00,565.8408646601167
7300,2023-11-01 03:00:00,585.1274359112077
7301,2023-11-01 04:00:00,610.6974915050095
7302,2023-11-01 05:00:00,567.4588616836205
7303,2023-11-01 06:00:00,631.5867085751081
7304,2023-11-01 07:00:00,603.1682186275083
7305,2023-11-01 08:00:00,622.9230231478818
7306,2023-11-01 09:00:00,648.6622914927714
7307,2023-11-01 10:00:00,597.5177466618902
7308,2023-11-01 11:00:00,573.107474778022
7309,2023-11-01 12:00:00,560.7012274885795
7310,2023-11-01 13:00:00,509.13483392268114
7311,2023-11-01 14:00:00,547.6547454322115
7312,2023-11-01 15:00:00,516.6931474931094
7313,2023-11-01 16:00:00,522.8380202850427
7314,2023-11-01 17:00:00,524.5740152720624
7315,2023-11-01 18:00:00,537.942550850277
7316,2023-11-01 19:00:00,575.1906726694009
7317,2023-11-01 20:00:00,547.0804584650299
7318,2023-11-01 21:00:00,556.6765878197851
7319,2023-11-01 22:00:00,506.722732320806
7320,2023-11-01 23:00:00,606.8781182420518
7321,2023-11-02 00:00:00,542.451609004281
7322,2023-11-02 01:00:00,589.0324841709756
7323,2023-11-02 02:00:00,550.5823840611018
7324,2023-11-02 03:00:00,676.4157026826545
7325,2023-11-02 04:00:00,632.3264710759945
7326,2023-11-02 05:00:00,627.9270515344247
7327,2023-11-02 06:00:00,543.731747581149
7328,2023-11-02 07:00:00,561.2041217184759
7329,2023-11-02 08:00:00,548.1993474571506
7330,2023-11-02 09:00:00,635.8575522121494
7331,2023-11-02 10:00:00,600.7040263787998
7332,2023-11-02 11:00:00,566.283150753504
7333,2023-11-02 12:00:00,535.5880448756169
7334,2023-11-02 13:00:00,578.6365144705711
7335,2023-11-02 14:00:00,579.4158123324096
7336,2023-11-02 15:00:00,566.1776031948706
7337,2023-11-02 16:00:00,583.1881785149666
7338,2023-11-02 17:00:00,571.2003771522213
7339,2023-11-02 18:00:00,559.3979579115645
7340,2023-11-02 19:00:00,551.031885809136
7341,2023-11-02 20:00:00,612.9539706609845
7342,2023-11-02 21:00:00,580.7738379442667
7343,2023-11-02 22:00:00,564.4279688170027
7344,2023-11-02 23:00:00,579.5294834026494
7345,2023-11-03 00:00:00,575.6479245990387
7346,2023-11-03 01:00:00,615.8660119265314
7347,2023-11-03 02:00:00,586.6926957756191
7348,2023-11-03 03:00:00,614.4824169383566
7349,2023-11-03 04:00:00,598.8699330160498
7350,2023-11-03 05:00:00,637.0112378054839
7351,2023-11-03 06:00:00,594.4875931010425
7352,2023-11-03 07:00:00,549.9634353886335
7353,2023-11-03 08:00:00,601.1399671833567
7354,2023-11-03 09:00:00,592.0854244500148
7355,2023-11-03 10:00:00,564.7556804702526
7356,2023-11-03 11:00:00,609.4763826224955
7357,2023-11-03 12:00:00,573.9820253385468
7358,2023-11-03 13:00:00,588.0262600249745
7359,2023-11-03 14:00:00,599.3384634095814
7360,2023-11-03 15:00:00,549.0047681728676
7361,2023-11-03 16:00:00,523.7021511360089
7362,2023-11-03 17:00:00,544.2374778338319
7363,2023-11-03 18:00:00,510.6993771238488
7364,2023-11-03 19:00:00,562.4131807111833
7365,2023-11-03 20:00:00,544.1287600437496
7366,2023-11-03 21:00:00,597.6570076673207
7367,2023-11-03 22:00:00,604.4503376770402
7368,2023-11-03 23:00:00,554.2580745082839
7369,2023-11-04 00:00:00,600.8301985583258
7370,2023-11-04 01:00:00,594.4347263516366
7371,2023-11-04 02:00:00,630.7442080041648
7372,2023-11-04 03:00:00,600.4527872339435
7373,2023-11-04 04:00:00,597.3388830201956
7374,2023-11-04 05:00:00,569.4588553231156
7375,2023-11-04 06:00:00,603.5050243474014
7376,2023-11-04 07:00:00,577.2928084384946
7377,2023-11-04 08:00:00,710.8717357796671
7378,2023-11-04 09:00:00,633.3176476875094
7379,2023-11-04 10:00:00,627.0118176897677
7380,2023-11-04 11:00:00,584.7499298974799
7381,2023-11-04 12:00:00,545.8561987876318
7382,2023-11-04 13:00:00,585.9433512901513
7383,2023-11-04 14:00:00,583.3827395232383
7384,2023-11-04 15:00:00,607.8476587845752
7385,2023-11-04 16:00:00,498.55158096548575
7386,2023-11-04 17:00:00,603.16619127853
7387,2023-11-04 18:00:00,519.0891498217281
7388,2023-11-04 19:00:00,610.3600312521311
7389,2023-11-04 20:00:00,602.8843612455707
7390,2023-11-04 21:00:00,532.4323301483736
7391,2023-11-04 22:00:00,611.8243861908096
7392,2023-11-04 23:00:00,613.0367815885973
7393,2023-11-05 00:00:00,523.8730736215256
7394,2023-11-05 01:00:00,632.0343335027441
7395,2023-11-05 02:00:00,584.9307928204058
7396,2023-11-05 03:00:00,646.1524217016823
7397,2023-11-05 04:00:00,573.7912472801748
7398,2023-11-05 05:00:00,608.5258348828127
7399,2023-11-05 06:00:00,590.7295223604424
7400,2023-11-05 07:00:00,620.863794812537
7401,2023-11-05 08:00:00,571.7170785631295
7402,2023-11-05 09:00:00,622.2345778758781
7403,2023-11-05 10:00:00,579.3884433529496
7404,2023-11-05 11:00:00,582.1016565799134
7405,2023-11-05 12:00:00,594.4708334610918
7406,2023-11-05 13:00:00,589.698444552826
7407,2023-11-05 14:00:00,554.7532151560199
7408,2023-11-05 15:00:00,579.4437696370672
7409,2023-11-05 16:00:00,581.5374644446566
7410,2023-11-05 17:00:00,573.9884161843474
7411,2023-11-05 18:00:00,543.6957695744181
7412,2023-11-05 19:00:00,558.5928759476374
7413,2023-11-05 20:00:00,557.8203916782763
7414,2023-11-05 21:00:00,519.6368174877964
7415,2023-11-05 22:00:00,552.101770506184
7416,2023-11-05 23:00:00,577.6772072011843
7417,2023-11-06 00:00:00,546.252783266544
7418,2023-11-06 01:00:00,591.3386373332753
7419,2023-11-06 02:00:00,581.712940665197
7420,2023-11-06 03:00:00,623.1087351546454
7421,2023-11-06 04:00:00,578.8080613947901
7422,2023-11-06 05:00:00,605.5578487448537
7423,2023-11-06 06:00:00,562.5473775509122
7424,2023-11-06 07:00:00,625.4376406911808
7425,2023-11-06 08:00:00,622.9955932466603
7426,2023-11-06 09:00:00,562.1973206860406
7427,2023-11-06 10:00:00,627.8280965244579
7428,2023-11-06 11:00:00,649.1833321966768
7429,2023-11-06 12:00:00,544.6104486547465
7430,2023-11-06 13:00:00,585.3079842075236
7431,2023-11-06 14:00:00,509.5125673428675
7432,2023-11-06 15:00:00,607.05275719197
7433,2023-11-06 16:00:00,576.7405722129613
7434,2023-11-06 17:00:00,533.3087693777597
7435,2023-11-06 18:00:00,584.6156820317323
7436,2023-11-06 19:00:00,552.1138073817148
7437,2023-11-06 20:00:00,528.5843977481625
7438,2023-11-06 21:00:00,547.5696752178391
7439,2023-11-06 22:00:00,627.7683401623049
7440,2023-11-06 23:00:00,587.7406388020023
7441,2023-11-07 00:00:00,565.9456296969666
7442,2023-11-07 01:00:00,550.0562171426245
7443,2023-11-07 02:00:00,644.9180734177814
7444,2023-11-07 03:00:00,638.5597324407981
7445,2023-11-07 04:00:00,600.2313343980546
7446,2023-11-07 05:00:00,607.4603459767591
7447,2023-11-07 06:00:00,603.0850506938917
7448,2023-11-07 07:00:00,581.8157918526101
7449,2023-11-07 08:00:00,600.48017925688
7450,2023-11-07 09:00:00,632.4124774125399
7451,2023-11-07 10:00:00,552.0819506963669
7452,2023-11-07 11:00:00,620.4289094858267
7453,2023-11-07 12:00:00,541.9407092287829
7454,2023-11-07 13:00:00,605.6515590049223
7455,2023-11-07 14:00:00,648.9527032478925
7456,2023-11-07 15:00:00,561.4910494408606
7457,2023-11-07 16:00:00,507.62239583791353
7458,2023-11-07 17:00:00,521.831654197535
7459,2023-11-07 18:00:00,514.7058882879588
7460,2023-11-07 19:00:00,587.6937040664777
7461,2023-11-07 20:00:00,524.6793694407864
7462,2023-11-07 21:00:00,568.7441444231777
7463,2023-11-07 22:00:00,610.3317841052542
7464,2023-11-07 23:00:00,525.8761843298511
7465,2023-11-08 00:00:00,557.8656972672236
7466,2023-11-08 01:00:00,533.6953620283366
7467,2023-11-08 02:00:00,609.419134256126
7468,2023-11-08 03:00:00,652.3886974384418
7469,2023-11-08 04:00:00,615.016481525762
7470,2023-11-08 05:00:00,611.1538557811763
7471,2023-11-08 06:00:00,594.9805745795663
7472,2023-11-08 07:00:00,603.8748172836703
7473,2023-11-08 08:00:00,654.0971215534903
7474,2023-11-08 09:00:00,619.7947864109478
7475,2023-11-08 10:00:00,573.3821838831213
7476,2023-11-08 11:00:00,576.0889594409808
7477,2023-11-08 12:00:00,551.1486435323327
7478,2023-11-08 13:00:00,591.6421149937902
7479,2023-11-08 14:00:00,569.611819105313
7480,2023-11-08 15:00:00,536.7538114459859
7481,2023-11-08 16:00:00,571.8293789286223
7482,2023-11-08 17:00:00,531.9482289520745
7483,2023-11-08 18:00:00,550.337911515573
7484,2023-11-08 19:00:00,582.9052666069274
7485,2023-11-08 20:00:00,591.1829443181163
7486,2023-11-08 21:00:00,549.2006004439075
7487,2023-11-08 22:00:00,634.1647817444492
7488,2023-11-08 23:00:00,634.710244984015
7489,2023-11-09 00:00:00,536.4545928891262
7490,2023-11-09 01:00:00,605.8536401188145
7491,2023-11-09 02:00:00,609.4852338196986
7492,2023-11-09 03:00:00,576.1206793754793
7493,2023-11-09 04:00:00,654.0230128155584
7494,2023-11-09 05:00:00,578.4087528189689
7495,2023-11-09 06:00:00,551.0455814761958
7496,2023-11-09 07:00:00,543.0219783748017
7497,2023-11-09 08:00:00,572.6558007514064
7498,2023-11-09 09:00:00,665.4292315499188
7499,2023-11-09 10:00:00,592.8489966112395
7500,2023-11-09 11:00:00,610.9466675983163
7501,2023-11-09 12:00:00,585.018834064244
7502,2023-11-09 13:00:00,582.4942837312773
7503,2023-11-09 14:00:00,575.8823532122111
7504,2023-11-09 15:00:00,575.26432008074
7505,2023-11-09 16:00:00,578.1044200716475
7506,2023-11-09 17:00:00,520.9480450309464
7507,2023-11-09 18:00:00,558.793431390282
7508,2023-11-09 19:00:00,605.3947031387336
7509,2023-11-09 20:00:00,572.5133416252211
7510,2023-11-09 21:00:00,553.4703187457299
7511,2023-11-09 22:00:00,531.1616554092737
7512,2023-11-09 23:00:00,589.2866113356736
7513,2023-11-10 00:00:00,595.3975320380605
7514,2023-11-10 01:00:00,574.2197077048021
7515,2023-11-10 02:00:00,649.2118072230248
7516,2023-11-10 03:00:00,640.4753742676222
7517,2023-11-10 04:00:00,594.0281658671577
7518,2023-11-10 05:00:00,578.3450996614396
7519,2023-11-10 06:00:00,608.0670208880196
7520,2023-11-10 07:00:00,597.360323676351
7521,2023-11-10 08:00:00,645.4942554407214
7522,2023-11-10 09:00:00,645.2841939470096
7523,2023-11-10 10:00:00,634.7561224577597
7524,2023-11-10 11:00:00,596.6332032283794
7525,2023-11-10 12:00:00,559.8801578931013
7526,2023-11-10 13:00:00,606.4179634016477
7527,2023-11-10 14:00:00,562.9634784974993
7528,2023-11-10 15:00:00,579.0722375145874
7529,2023-11-10 16:00:00,572.0375948428001
7530,2023-11-10 17:00:00,574.6220625296489
7531,2023-11-10 18:00:00,537.7915834814687
7532,2023-11-10 19:00:00,511.7022112861291
7533,2023-11-10 20:00:00,530.6106637747947
7534,2023-11-10 21:00:00,603.2352590209148
7535,2023-11-10 22:00:00,622.2695182933923
7536,2023-11-10 23:00:00,615.8387962737149
7537,2023-11-11 00:00:00,585.6249501640195
7538,2023-11-11 01:00:00,591.5209331959602
7539,2023-11-11 02:00:00,597.7054289433388
7540,2023-11-11 03:00:00,623.0730999125136
7541,2023-11-11 04:00:00,584.6978046785797
7542,2023-11-11 05:00:00,596.7089943952701
7543,2023-11-11 06:00:00,616.7776420655862
7544,2023-11-11 07:00:00,633.2109193952077
7545,2023-11-11 08:00:00,589.3617847153556
7546,2023-11-11 09:00:00,616.5391934417543
7547,2023-11-11 10:00:00,623.1606856203085
7548,2023-11-11 11:00:00,538.9958564007304
7549,2023-11-11 12:00:00,643.2165259220058
7550,2023-11-11 13:00:00,508.501535317934
7551,2023-11-11 14:00:00,607.9974606937138
7552,2023-11-11 15:00:00,580.2167470971821
7553,2023-11-11 16:00:00,595.6139603970273
7554,2023-11-11 17:00:00,560.740978538334
7555,2023-11-11 18:00:00,545.4842743629138
7556,2023-11-11 19:00:00,562.7187139523354
7557,2023-11-11 20:00:00,491.3232325257311
7558,2023-11-11 21:00:00,504.3165435657404
7559,2023-11-11 22:00:00,570.4417124426524
7560,2023-11-11 23:00:00,572.8659397457658
7561,2023-11-12 00:00:00,597.1917371417352
7562,2023-11-12 01:00:00,622.6141730256759
7563,2023-11-12 02:00:00,600.1434379607629
7564,2023-11-12 03:00:00,560.3956559184467
7565,2023-11-12 04:00:00,653.7364738715717
7566,2023-11-12 05:00:00,644.3916256018368
7567,2023-11-12 06:00:00,621.9368065876841
7568,2023-11-12 07:00:00,606.8124368521625
7569,2023-11-12 08:00:00,561.1466601284964
7570,2023-11-12 09:00:00,639.0937356700831
7571,2023-11-12 10:00:00,637.5953045488308
7572,2023-11-12 11:00:00,576.3746755118207
7573,2023-11-12 12:00:00,558.6790723055124
7574,2023-11-12 13:00:00,587.3323688325648
7575,2023-11-12 14:00:00,544.3527119667262
7576,2023-11-12 15:00:00,571.5760784269675
7577,2023-11-12 16:00:00,617.4231156810846
7578,2023-11-12 17:00:00,533.861244939386
7579,2023-11-12 18:00:00,567.9190549304584
7580,2023-11-12 19:00:00,544.3525044897499
7581,2023-11-12 20:00:00,598.1184219845418
7582,2023-11-12 21:00:00,553.0453813949819
7583,2023-11-12 22:00:00,568.7969149756003
7584,2023-11-12 23:00:00,596.3699525649995
7585,2023-11-13 00:00:00,623.0551800378353
7586,2023-11-13 01:00:00,615.9274970724294
7587,2023-11-13 02:00:00,607.9432097378395
7588,2023-11-13 03:00:00,588.4549464869126
7589,2023-11-13 04:00:00,631.9784751485495
7590,2023-11-13 05:00:00,612.9150634775776
7591,2023-11-13 06:00:00,613.2957783193458
7592,2023-11-13 07:00:00,624.4902005466657
7593,2023-11-13 08:00:00,593.490480974678
7594,2023-11-13 09:00:00,563.4654764618094
7595,2023-11-13 10:00:00,585.7090133911375
7596,2023-11-13 11:00:00,653.472413541372
7597,2023-11-13 12:00:00,565.1831183856285
7598,2023-11-13 13:00:00,614.8022220789501
7599,2023-11-13 14:00:00,570.5967046811547
7600,2023-11-13 15:00:00,568.3334813519456
7601,2023-11-13 16:00:00,548.3382315613392
7602,2023-11-13 17:00:00,570.7621293660567
7603,2023-11-13 18:00:00,585.2754099602042
7604,2023-11-13 19:00:00,555.2013185992015
7605,2023-11-13 20:00:00,552.2904807968315
7606,2023-11-13 21:00:00,553.3131290971259
7607,2023-11-13 22:00:00,628.6766085943771
7608,2023-11-13 23:00:00,646.4932259068491
7609,2023-11-14 00:00:00,619.2712880474353
7610,2023-11-14 01:00:00,596.9039262903586
7611,2023-11-14 02:00:00,597.637942855343
7612,2023-11-14 03:00:00,560.7037287535305
7613,2023-11-14 04:00:00,603.1231821152843
7614,2023-11-14 05:00:00,576.4828403890367
7615,2023-11-14 06:00:00,624.0079444730515
7616,2023-11-14 07:00:00,616.3158415701743
7617,2023-11-14 08:00:00,608.8850669105117
7618,2023-11-14 09:00:00,638.2868797945896
7619,2023-11-14 10:00:00,578.0255537712998
7620,2023-11-14 11:00:00,611.0459347760794
7621,2023-11-14 12:00:00,631.1277812611632
7622,2023-11-14 13:00:00,561.3047655506404
7623,2023-11-14 14:00:00,546.9135374616419
7624,2023-11-14 15:00:00,551.1380867474097
7625,2023-11-14 16:00:00,609.269597018983
7626,2023-11-14 17:00:00,561.9363464691961
7627,2023-11-14 18:00:00,567.7041331167196
7628,2023-11-14 19:00:00,575.5631829327099
7629,2023-11-14 20:00:00,574.9495422002449
7630,2023-11-14 21:00:00,599.8277687537394
7631,2023-11-14 22:00:00,559.9363271829037
7632,2023-11-14 23:00:00,653.1583757177395
7633,2023-11-15 00:00:00,646.148467497561
7634,2023-11-15 01:00:00,602.0591476209719
7635,2023-11-15 02:00:00,619.2967405045401
7636,2023-11-15 03:00:00,637.5460547044861
7637,2023-11-15 04:00:00,619.8381173145202
7638,2023-11-15 05:00:00,593.6501579194447
7639,2023-11-15 06:00:00,614.1062108645249
7640,2023-11-15 07:00:00,632.6727208780429
7641,2023-11-15 08:00:00,613.3719869038574
7642,2023-11-15 09:00:00,613.7357372805309
7643,2023-11-15 10:00:00,664.9893499360813
7644,2023-11-15 11:00:00,608.3842758707452
7645,2023-11-15 12:00:00,600.0677344250123
7646,2023-11-15 13:00:00,586.0590282247651
7647,2023-11-15 14:00:00,599.6289277399471
7648,2023-11-15 15:00:00,560.8178749373793
7649,2023-11-15 16:00:00,590.390547263878
7650,2023-11-15 17:00:00,564.5130808079673
7651,2023-11-15 18:00:00,602.7120631810141
7652,2023-11-15 19:00:00,557.9166409835495
7653,2023-11-15 20:00:00,580.6962949741978
7654,2023-11-15 21:00:00,565.9764574446478
7655,2023-11-15 22:00:00,572.7691986060288
7656,2023-11-15 23:00:00,571.3926453685931
7657,2023-11-16 00:00:00,605.7468108030456
7658,2023-11-16 01:00:00,570.4620949677884
7659,2023-11-16 02:00:00,603.1023622773461
7660,2023-11-16 03:00:00,613.5346286228572
7661,2023-11-16 04:00:00,593.3240515451955
7662,2023-11-16 05:00:00,596.9703624092582
7663,2023-11-16 06:00:00,632.5190133749118
7664,2023-11-16 07:00:00,635.4115488447586
7665,2023-11-16 08:00:00,630.1423135208744
7666,2023-11-16 09:00:00,570.866404224422
7667,2023-11-16 10:00:00,615.291145194094
7668,2023-11-16 11:00:00,557.6795603164658
7669,2023-11-16 12:00:00,637.3163084485541
7670,2023-11-16 13:00:00,586.1710208133445
7671,2023-11-16 14:00:00,535.089956115532
7672,2023-11-16 15:00:00,618.7879029584891
7673,2023-11-16 16:00:00,572.0096667688026
7674,2023-11-16 17:00:00,568.8558937749432
7675,2023-11-16 18:00:00,527.6419128212482
7676,2023-11-16 19:00:00,556.8838388596114
7677,2023-11-16 20:00:00,572.9613789220605
7678,2023-11-16 21:00:00,591.3580106758949
7679,2023-11-16 22:00:00,590.6776180861171
7680,2023-11-16 23:00:00,565.8813780024207
7681,2023-11-17 00:00:00,632.04403226787
7682,2023-11-17 01:00:00,602.3508050019403
7683,2023-11-17 02:00:00,645.8723627731401
7684,2023-11-17 03:00:00,637.48894283393
7685,2023-11-17 04:00:00,602.8565555165454
7686,2023-11-17 05:00:00,673.004627665393
7687,2023-11-17 06:00:00,661.3850019403783
7688,2023-11-17 07:00:00,660.6104193463466
7689,2023-11-17 08:00:00,594.9480501235985
7690,2023-11-17 09:00:00,619.4230777744073
7691,2023-11-17 10:00:00,617.1380825263703
7692,2023-11-17 11:00:00,580.5649112845349
7693,2023-11-17 12:00:00,613.420333431347
7694,2023-11-17 13:00:00,530.8251467998057
7695,2023-11-17 14:00:00,647.7434042696265
7696,2023-11-17 15:00:00,652.7520875222011
7697,2023-11-17 16:00:00,598.6526147435596
7698,2023-11-17 17:00:00,576.006718140517
7699,2023-11-17 18:00:00,584.864553152616
7700,2023-11-17 19:00:00,548.3038012823861
7701,2023-11-17 20:00:00,570.3702129673883
7702,2023-11-17 21:00:00,577.8227654415117
7703,2023-11-17 22:00:00,554.4966700295861
7704,2023-11-17 23:00:00,607.936613394887
7705,2023-11-18 00:00:00,599.1463829890665
7706,2023-11-18 01:00:00,597.2281898958653
7707,2023-11-18 02:00:00,615.698494652862
7708,2023-11-18 03:00:00,577.6349054650614
7709,2023-11-18 04:00:00,623.2328255753976
7710,2023-11-18 05:00:00,665.5434694456542
7711,2023-11-18 06:00:00,575.681875644001
7712,2023-11-18 07:00:00,616.3036392219851
7713,2023-11-18 08:00:00,605.9933371768376
7714,2023-11-18 09:00:00,597.6102697968387
7715,2023-11-18 10:00:00,639.4563989503494
7716,2023-11-18 11:00:00,590.0410497224772
7717,2023-11-18 12:00:00,581.542656379469
7718,2023-11-18 13:00:00,589.6057983873479
7719,2023-11-18 14:00:00,514.8560721182547
7720,2023-11-18 15:00:00,647.0491597715925
7721,2023-11-18 16:00:00,607.7910942788089
7722,2023-11-18 17:00:00,545.6709169378756
7723,2023-11-18 18:00:00,578.9887078465681
7724,2023-11-18 19:00:00,587.8543345580703
7725,2023-11-18 20:00:00,578.214596302409
7726,2023-11-18 21:00:00,593.323160239885
7727,2023-11-18 22:00:00,604.4580334680433
7728,2023-11-18 23:00:00,608.0626831747472
7729,2023-11-19 00:00:00,642.0221139101322
7730,2023-11-19 01:00:00,599.3102741370685
7731,2023-11-19 02:00:00,642.8820451032291
7732,2023-11-19 03:00:00,639.4428782035423
7733,2023-11-19 04:00:00,652.3191646999871
7734,2023-11-19 05:00:00,613.7050022848662
7735,2023-11-19 06:00:00,620.1230232319915
7736,2023-11-19 07:00:00,597.4599240362065
7737,2023-11-19 08:00:00,629.5515454297258
7738,2023-11-19 09:00:00,571.842271930535
7739,2023-11-19 10:00:00,637.1120424355232
7740,2023-11-19 11:00:00,623.9739855556722
7741,2023-11-19 12:00:00,589.1415798006369
7742,2023-11-19 13:00:00,599.7936406007541
7743,2023-11-19 14:00:00,546.6097096325402
7744,2023-11-19 15:00:00,570.5362317877568
7745,2023-11-19 16:00:00,590.0677696971401
7746,2023-11-19 17:00:00,565.5471358688934
7747,2023-11-19 18:00:00,561.3692074162624
7748,2023-11-19 19:00:00,635.049538383917
7749,2023-11-19 20:00:00,550.0628833149958
7750,2023-11-19 21:00:00,541.4927017123383
7751,2023-11-19 22:00:00,585.7153485924104
7752,2023-11-19 23:00:00,532.4116002394372
7753,2023-11-20 00:00:00,584.3579952749423
7754,2023-11-20 01:00:00,628.4809223512774
7755,2023-11-20 02:00:00,637.0001275484377
7756,2023-11-20 03:00:00,651.2302705259951
7757,2023-11-20 04:00:00,658.3887528872489
7758,2023-11-20 05:00:00,623.508108170062
7759,2023-11-20 06:00:00,631.0629525899004
7760,2023-11-20 07:00:00,626.9636186323401
7761,2023-11-20 08:00:00,599.9407658110215
7762,2023-11-20 09:00:00,609.3027214358112
7763,2023-11-20 10:00:00,599.1561258005938
7764,2023-11-20 11:00:00,540.6743400732939
7765,2023-11-20 12:00:00,601.3610798153607
7766,2023-11-20 13:00:00,552.4860846103687
7767,2023-11-20 14:00:00,619.2385420942431
7768,2023-11-20 15:00:00,571.6931828778629
7769,2023-11-20 16:00:00,542.8929744589959
7770,2023-11-20 17:00:00,607.3933495265268
7771,2023-11-20 18:00:00,588.8468210179949
7772,2023-11-20 19:00:00,611.0925386361151
7773,2023-11-20 20:00:00,580.7676830035515
7774,2023-11-20 21:00:00,614.0897981205584
7775,2023-11-20 22:00:00,601.9172533996948
7776,2023-11-20 23:00:00,582.3768402617815
7777,2023-11-21 00:00:00,607.8337576807141
7778,2023-11-21 01:00:00,675.2662468447581
7779,2023-11-21 02:00:00,605.4847638374562
7780,2023-11-21 03:00:00,593.4322096067448
7781,2023-11-21 04:00:00,624.9843970020847
7782,2023-11-21 05:00:00,636.9055708928764
7783,2023-11-21 06:00:00,656.7381676919343
7784,2023-11-21 07:00:00,631.0702112981324
7785,2023-11-21 08:00:00,587.5193594017894
7786,2023-11-21 09:00:00,570.2020853234175
7787,2023-11-21 10:00:00,574.3959175790309
7788,2023-11-21 11:00:00,663.3665734960265
7789,2023-11-21 12:00:00,645.5361546535123
7790,2023-11-21 13:00:00,642.1587364910756
7791,2023-11-21 14:00:00,683.3129844368142
7792,2023-11-21 15:00:00,592.3136729891834
7793,2023-11-21 16:00:00,633.7120712506398
7794,2023-11-21 17:00:00,586.4863724179054
7795,2023-11-21 18:00:00,540.7140600913876
7796,2023-11-21 19:00:00,574.7617477542022
7797,2023-11-21 20:00:00,627.5408747851396
7798,2023-11-21 21:00:00,663.5365482288663
7799,2023-11-21 22:00:00,602.9019524914729
7800,2023-11-21 23:00:00,587.6018874521101
7801,2023-11-22 00:00:00,604.4279141019489
7802,2023-11-22 01:00:00,571.4473687094608
7803,2023-11-22 02:00:00,596.8459915416721
7804,2023-11-22 03:00:00,619.7190631432751
7805,2023-11-22 04:00:00,575.1330404493101
7806,2023-11-22 05:00:00,643.2605244609668
7807,2023-11-22 06:00:00,596.974087049965
7808,2023-11-22 07:00:00,618.9675820912092
7809,2023-11-22 08:00:00,618.9054703449584
7810,2023-11-22 09:00:00,610.26097955166
7811,2023-11-22 10:00:00,600.7504495263762
7812,2023-11-22 11:00:00,595.3728317055692
7813,2023-11-22 12:00:00,582.0664511718135
7814,2023-11-22 13:00:00,617.0686678362218
7815,2023-11-22 14:00:00,569.4515968607521
7816,2023-11-22 15:00:00,660.2920340880335
7817,2023-11-22 16:00:00,589.0515029948547
7818,2023-11-22 17:00:00,648.7972263473216
7819,2023-11-22 18:00:00,536.4732149178947
7820,2023-11-22 19:00:00,567.6501161633961
7821,2023-11-22 20:00:00,539.9718441261389
7822,2023-11-22 21:00:00,576.9520018319602
7823,2023-11-22 22:00:00,593.0598728153992
7824,2023-11-22 23:00:00,589.3136985785933
7825,2023-11-23 00:00:00,638.7358427657441
7826,2023-11-23 01:00:00,560.6166587426417
7827,2023-11-23 02:00:00,612.9113619159816
7828,2023-11-23 03:00:00,614.1171844647594
7829,2023-11-23 04:00:00,652.9195733437125
7830,2023-11-23 05:00:00,606.4446779012397
7831,2023-11-23 06:00:00,610.3759138484819
7832,2023-11-23 07:00:00,633.1075746332864
7833,2023-11-23 08:00:00,648.8081104956449
7834,2023-11-23 09:00:00,660.6824992710086
7835,2023-11-23 10:00:00,622.9487186562367
7836,2023-11-23 11:00:00,634.5254786001749
7837,2023-11-23 12:00:00,621.3550185299599
7838,2023-11-23 13:00:00,627.8539200567343
7839,2023-11-23 14:00:00,605.1667309388508
7840,2023-11-23 15:00:00,651.5445882101803
7841,2023-11-23 16:00:00,602.3574221011976
7842,2023-11-23 17:00:00,570.0550947135398
7843,2023-11-23 18:00:00,538.88836735129
7844,2023-11-23 19:00:00,587.2696633991807
7845,2023-11-23 20:00:00,641.819420151651
7846,2023-11-23 21:00:00,594.4074425463742
7847,2023-11-23 22:00:00,641.277045392022
7848,2023-11-23 23:00:00,618.4429506404784
7849,2023-11-24 00:00:00,573.1655952276701
7850,2023-11-24 01:00:00,634.0867700532577
7851,2023-11-24 02:00:00,647.1178983424848
7852,2023-11-24 03:00:00,655.2737374046854
7853,2023-11-24 04:00:00,605.5708409363401
7854,2023-11-24 05:00:00,633.1699952681568
7855,2023-11-24 06:00:00,641.1105286230329
7856,2023-11-24 07:00:00,601.4625917430823
7857,2023-11-24 08:00:00,628.5309766142307
7858,2023-11-24 09:00:00,623.7319318037596
7859,2023-11-24 10:00:00,545.4630791326712
7860,2023-11-24 11:00:00,588.0525977082596
7861,2023-11-24 12:00:00,605.1938211991649
7862,2023-11-24 13:00:00,630.1014584057299
7863,2023-11-24 14:00:00,561.3632712608801
7864,2023-11-24 15:00:00,543.6807048571993
7865,2023-11-24 16:00:00,669.690575048074
7866,2023-11-24 17:00:00,614.0432334718057
7867,2023-11-24 18:00:00,558.9172954292867
7868,2023-11-24 19:00:00,540.4604407582686
7869,2023-11-24 20:00:00,555.0483473338236
7870,2023-11-24 21:00:00,580.1575045523599
7871,2023-11-24 22:00:00,602.3804282048561
7872,2023-11-24 23:00:00,595.026569654854
7873,2023-11-25 00:00:00,552.2104293476925
7874,2023-11-25 01:00:00,617.6176378820248
7875,2023-11-25 02:00:00,632.8691334245075
7876,2023-11-25 03:00:00,594.2991270324718
7877,2023-11-25 04:00:00,652.3528191726507
7878,2023-11-25 05:00:00,640.6658177808981
7879,2023-11-25 06:00:00,569.4912586524181
7880,2023-11-25 07:00:00,641.5979755028208
7881,2023-11-25 08:00:00,690.8501580421919
7882,2023-11-25 09:00:00,613.738481392901
7883,2023-11-25 10:00:00,637.9909232056696
7884,2023-11-25 11:00:00,592.1181105449235
7885,2023-11-25 12:00:00,560.2502578696807
7886,2023-11-25 13:00:00,620.1804257027718
7887,2023-11-25 14:00:00,616.2521964798972
7888,2023-11-25 15:00:00,557.5935881763644
7889,2023-11-25 16:00:00,566.6104498109697
7890,2023-11-25 17:00:00,564.0729013275845
7891,2023-11-25 18:00:00,562.2669343964344
7892,2023-11-25 19:00:00,650.6851341488334
7893,2023-11-25 20:00:00,533.1440275455793
7894,2023-11-25 21:00:00,555.7233292602514
7895,2023-11-25 22:00:00,523.9180804443969
7896,2023-11-25 23:00:00,623.2047132354534
7897,2023-11-26 00:00:00,642.3131159533386
7898,2023-11-26 01:00:00,624.2647176557492
7899,2023-11-26 02:00:00,670.0571220438541
7900,2023-11-26 03:00:00,677.4861435687855
7901,2023-11-26 04:00:00,647.3389977439725
7902,2023-11-26 05:00:00,648.3714449948294
7903,2023-11-26 06:00:00,590.7986546762085
7904,2023-11-26 07:00:00,637.0466607959958
7905,2023-11-26 08:00:00,677.7233520423271
7906,2023-11-26 09:00:00,641.3362336566211
7907,2023-11-26 10:00:00,616.2086903751762
7908,2023-11-26 11:00:00,589.7522650348856
7909,2023-11-26 12:00:00,615.7745755781752
7910,2023-11-26 13:00:00,627.0840373803965
7911,2023-11-26 14:00:00,632.9980450097634
7912,2023-11-26 15:00:00,555.3067844555194
7913,2023-11-26 16:00:00,600.5148155112793
7914,2023-11-26 17:00:00,584.8172810152466
7915,2023-11-26 18:00:00,622.0262808639335
7916,2023-11-26 19:00:00,550.2426403907012
7917,2023-11-26 20:00:00,567.3326145440212
7918,2023-11-26 21:00:00,636.0989315053956
7919,2023-11-26 22:00:00,609.580707700235
7920,2023-11-26 23:00:00,587.8021963017796
7921,2023-11-27 00:00:00,551.5180686755816
7922,2023-11-27 01:00:00,634.7053277800123
7923,2023-11-27 02:00:00,625.8703693022373
7924,2023-11-27 03:00:00,634.4563287258391
7925,2023-11-27 04:00:00,666.1824642961226
7926,2023-11-27 05:00:00,616.7570775147618
7927,2023-11-27 06:00:00,661.8155871716375
7928,2023-11-27 07:00:00,658.8568402189487
7929,2023-11-27 08:00:00,583.5327194815009
7930,2023-11-27 09:00:00,635.5233645657435
7931,2023-11-27 10:00:00,599.9102520546235
7932,2023-11-27 11:00:00,610.6432405921977
7933,2023-11-27 12:00:00,619.459751369155
7934,2023-11-27 13:00:00,610.1193996098074
7935,2023-11-27 14:00:00,563.4895532424432
7936,2023-11-27 15:00:00,588.2587504517504
7937,2023-11-27 16:00:00,597.657015633612
7938,2023-11-27 17:00:00,615.7891581423833
7939,2023-11-27 18:00:00,583.4561249120642
7940,2023-11-27 19:00:00,557.7733154409636
7941,2023-11-27 20:00:00,598.08158074083
7942,2023-11-27 21:00:00,591.0969150834396
7943,2023-11-27 22:00:00,571.0411026669436
7944,2023-11-27 23:00:00,602.6090259493934
7945,2023-11-28 00:00:00,611.8630964779844
7946,2023-11-28 01:00:00,678.3490891867674
7947,2023-11-28 02:00:00,639.8773059379973
7948,2023-11-28 03:00:00,604.8274005934313
7949,2023-11-28 04:00:00,637.7855342024517
7950,2023-11-28 05:00:00,615.7976120446848
7951,2023-11-28 06:00:00,605.2340581765064
7952,2023-11-28 07:00:00,606.3368087818163
7953,2023-11-28 08:00:00,644.2974218256318
7954,2023-11-28 09:00:00,623.6637865456534
7955,2023-11-28 10:00:00,578.484123870044
7956,2023-11-28 11:00:00,640.9318391911333
7957,2023-11-28 12:00:00,611.6289012427909
7958,2023-11-28 13:00:00,573.973120315006
7959,2023-11-28 14:00:00,528.5217192798563
7960,2023-11-28 15:00:00,618.2808184892141
7961,2023-11-28 16:00:00,587.7391373050727
7962,2023-11-28 17:00:00,597.8506362752413
7963,2023-11-28 18:00:00,514.469155327326
7964,2023-11-28 19:00:00,630.4504357998919
7965,2023-11-28 20:00:00,555.5915596010196
7966,2023-11-28 21:00:00,597.9459212281391
7967,2023-11-28 22:00:00,637.0781574849325
7968,2023-11-28 23:00:00,630.070589788969
7969,2023-11-29 00:00:00,560.5679703486413
7970,2023-11-29 01:00:00,590.9292963085654
7971,2023-11-29 02:00:00,666.9850832107935
7972,2023-11-29 03:00:00,602.4454442465398
7973,2023-11-29 04:00:00,629.9442733927502
7974,2023-11-29 05:00:00,639.6152058664572
7975,2023-11-29 06:00:00,629.1671410695361
7976,2023-11-29 07:00:00,620.602703102209
7977,2023-11-29 08:00:00,656.1546360388564
7978,2023-11-29 09:00:00,694.5700338015051
7979,2023-11-29 10:00:00,575.0746652899034
7980,2023-11-29 11:00:00,606.9658569215707
7981,2023-11-29 12:00:00,601.5457214265938
7982,2023-11-29 13:00:00,572.8470411265986
7983,2023-11-29 14:00:00,587.2325926065924
7984,2023-11-29 15:00:00,553.0714733572797
7985,2023-11-29 16:00:00,595.8887406694041
7986,2023-11-29 17:00:00,637.4237278283139
7987,2023-11-29 18:00:00,637.7301353690985
7988,2023-11-29 19:00:00,552.3787986025071
7989,2023-11-29 20:00:00,544.9868792317029
7990,2023-11-29 21:00:00,609.7109759471734
7991,2023-11-29 22:00:00,573.0624193736197
7992,2023-11-29 23:00:00,623.3643580239733
7993,2023-11-30 00:00:00,573.0052532533063
7994,2023-11-30 01:00:00,645.3140367688828
7995,2023-11-30 02:00:00,651.8418199835744
7996,2023-11-30 03:00:00,663.172188466392
7997,2023-11-30 04:00:00,652.5493976618471
7998,2023-11-30 05:00:00,617.0198657239756
7999,2023-11-30 06:00:00,609.215946839083
8000,2023-11-30 07:00:00,702.1040871912164
8001,2023-11-30 08:00:00,637.5441339081308
8002,2023-11-30 09:00:00,592.4439391644822
8003,2023-11-30 10:00:00,622.4024220861254
8004,2023-11-30 11:00:00,617.1185495449372
8005,2023-11-30 12:00:00,624.0600400023268
8006,2023-11-30 13:00:00,600.5164379984035
8007,2023-11-30 14:00:00,627.239434225128
8008,2023-11-30 15:00:00,584.8277851930557
8009,2023-11-30 16:00:00,613.1584525164664
8010,2023-11-30 17:00:00,579.4334092440655
8011,2023-11-30 18:00:00,630.1391725743437
8012,2023-11-30 19:00:00,571.4804474017807
8013,2023-11-30 20:00:00,581.3481773918546
8014,2023-11-30 21:00:00,523.1392251528218
8015,2023-11-30 22:00:00,659.877860701632
8016,2023-11-30 23:00:00,614.6223491978269
8017,2023-12-01 00:00:00,627.0918376469826
8018,2023-12-01 01:00:00,620.3177607840602
8019,2023-12-01 02:00:00,666.5422376397958
8020,2023-12-01 03:00:00,630.407092116027
8021,2023-12-01 04:00:00,688.6460483988064
8022,2023-12-01 05:00:00,649.1442015954707
8023,2023-12-01 06:00:00,632.5672153716315
8024,2023-12-01 07:00:00,685.0591630765445
8025,2023-12-01 08:00:00,671.6798471035542
8026,2023-12-01 09:00:00,620.8228911494323
8027,2023-12-01 10:00:00,604.1474662813819
8028,2023-12-01 11:00:00,616.6696263918238
8029,2023-12-01 12:00:00,629.8224368060008
8030,2023-12-01 13:00:00,622.8334633587663
8031,2023-12-01 14:00:00,620.8489796587996
8032,2023-12-01 15:00:00,560.8946408803674
8033,2023-12-01 16:00:00,661.1871279773773
8034,2023-12-01 17:00:00,592.2674270035831
8035,2023-12-01 18:00:00,539.7235102267671
8036,2023-12-01 19:00:00,548.2260288870282
8037,2023-12-01 20:00:00,554.1392864288609
8038,2023-12-01 21:00:00,553.0854637957002
8039,2023-12-01 22:00:00,622.7482652229659
8040,2023-12-01 23:00:00,649.0441108486789
8041,2023-12-02 00:00:00,613.4388794561278
8042,2023-12-02 01:00:00,622.5218321422421
8043,2023-12-02 02:00:00,641.0200294259586
8044,2023-12-02 03:00:00,629.964176426295
8045,2023-12-02 04:00:00,620.3497400874492
8046,2023-12-02 05:00:00,627.8834483961787
8047,2023-12-02 06:00:00,621.4504713998507
8048,2023-12-02 07:00:00,619.5131174383515
8049,2023-12-02 08:00:00,640.3977324712911
8050,2023-12-02 09:00:00,587.5667064334737
8051,2023-12-02 10:00:00,613.1754912213513
8052,2023-12-02 11:00:00,641.9090935014289
8053,2023-12-02 12:00:00,600.2493567770141
8054,2023-12-02 13:00:00,619.8172412169882
8055,2023-12-02 14:00:00,653.6531113671896
8056,2023-12-02 15:00:00,586.3637153069911
8057,2023-12-02 16:00:00,560.6308825641847
8058,2023-12-02 17:00:00,569.8183791863971
8059,2023-12-02 18:00:00,575.7864067125142
8060,2023-12-02 19:00:00,575.8778667105121
8061,2023-12-02 20:00:00,555.4431437969217
8062,2023-12-02 21:00:00,520.6816239154039
8063,2023-12-02 22:00:00,657.876845516988
8064,2023-12-02 23:00:00,592.6044044595807
8065,2023-12-03 00:00:00,590.7197784265938
8066,2023-12-03 01:00:00,621.5037048106135
8067,2023-12-03 02:00:00,683.4149394299617
8068,2023-12-03 03:00:00,614.0552218238
8069,2023-12-03 04:00:00,632.6039251844563
8070,2023-12-03 05:00:00,568.9435749690913
8071,2023-12-03 06:00:00,647.1504589240413
8072,2023-12-03 07:00:00,643.4677173845366
8073,2023-12-03 08:00:00,647.5014920869447
8074,2023-12-03 09:00:00,685.867809948713
8075,2023-12-03 10:00:00,684.5913139824241
8076,2023-12-03 11:00:00,647.1948912227738
8077,2023-12-03 12:00:00,625.7233699045892
8078,2023-12-03 13:00:00,624.9176071202008
8079,2023-12-03 14:00:00,629.3654774321336
8080,2023-12-03 15:00:00,520.2556762735139
8081,2023-12-03 16:00:00,585.3887757568498
8082,2023-12-03 17:00:00,597.241338406848
8083,2023-12-03 18:00:00,542.7752927899049
8084,2023-12-03 19:00:00,583.0029158868423
8085,2023-12-03 20:00:00,600.3084748480965
8086,2023-12-03 21:00:00,540.7911428253899
8087,2023-12-03 22:00:00,602.2898469389925
8088,2023-12-03 23:00:00,607.1412878898026
8089,2023-12-04 00:00:00,574.9181997725258
8090,2023-12-04 01:00:00,636.5360937029004
8091,2023-12-04 02:00:00,640.1039421109433
8092,2023-12-04 03:00:00,626.0745368105465
8093,2023-12-04 04:00:00,547.3251871027053
8094,2023-12-04 05:00:00,616.3050589508783
8095,2023-12-04 06:00:00,642.6957325781881
8096,2023-12-04 07:00:00,661.6055755505239
8097,2023-12-04 08:00:00,605.7356358244766
8098,2023-12-04 09:00:00,638.2010693557523
8099,2023-12-04 10:00:00,603.2993666701482
8100,2023-12-04 11:00:00,564.6474742325809
8101,2023-12-04 12:00:00,657.6546985381816
8102,2023-12-04 13:00:00,599.016337791931
8103,2023-12-04 14:00:00,641.1844847931438
8104,2023-12-04 15:00:00,587.1448398437906
8105,2023-12-04 16:00:00,611.3478808015433
8106,2023-12-04 17:00:00,610.5772530550166
8107,2023-12-04 18:00:00,570.0160692134064
8108,2023-12-04 19:00:00,604.2536663805523
8109,2023-12-04 20:00:00,600.4446014694427
8110,2023-12-04 21:00:00,628.3620074195168
8111,2023-12-04 22:00:00,587.683353408371
8112,2023-12-04 23:00:00,647.3765571413253
8113,2023-12-05 00:00:00,614.3030905502642
8114,2023-12-05 01:00:00,565.3477378059275
8115,2023-12-05 02:00:00,610.286604996702
8116,2023-12-05 03:00:00,667.8179101621294
8117,2023-12-05 04:00:00,630.2645856071143
8118,2023-12-05 05:00:00,646.556075440044
8119,2023-12-05 06:00:00,624.5430876649739
8120,2023-12-05 07:00:00,590.4018295180216
8121,2023-12-05 08:00:00,630.3625422771443
8122,2023-12-05 09:00:00,634.1289530146869
8123,2023-12-05 10:00:00,609.2761203970255
8124,2023-12-05 11:00:00,638.1820989653978
8125,2023-12-05 12:00:00,649.5949294835093
8126,2023-12-05 13:00:00,629.1820925752918
8127,2023-12-05 14:00:00,642.3484215942684
8128,2023-12-05 15:00:00,575.0083137748468
8129,2023-12-05 16:00:00,585.8300092016399
8130,2023-12-05 17:00:00,555.3350733643815
8131,2023-12-05 18:00:00,563.9005575740111
8132,2023-12-05 19:00:00,570.5154246348342
8133,2023-12-05 20:00:00,581.0829976831536
8134,2023-12-05 21:00:00,614.3225914261521
8135,2023-12-05 22:00:00,593.06225808259
8136,2023-12-05 23:00:00,621.712685406307
8137,2023-12-06 00:00:00,670.0707869140753
8138,2023-12-06 01:00:00,616.8788935540683
8139,2023-12-06 02:00:00,629.277073567104
8140,2023-12-06 03:00:00,625.4966850541533
8141,2023-12-06 04:00:00,626.4861551578834
8142,2023-12-06 05:00:00,685.5035122417218
8143,2023-12-06 06:00:00,614.1512078727098
8144,2023-12-06 07:00:00,597.1946049002056
8145,2023-12-06 08:00:00,603.9085473382411
8146,2023-12-06 09:00:00,610.7466823144639
8147,2023-12-06 10:00:00,614.4307229826273
8148,2023-12-06 11:00:00,641.2765744558391
8149,2023-12-06 12:00:00,614.0190359039369
8150,2023-12-06 13:00:00,633.7274426387642
8151,2023-12-06 14:00:00,541.5210680024518
8152,2023-12-06 15:00:00,592.822369950065
8153,2023-12-06 16:00:00,602.0134800020521
8154,2023-12-06 17:00:00,566.5022915215343
8155,2023-12-06 18:00:00,527.126905335061
8156,2023-12-06 19:00:00,604.1249567826336
8157,2023-12-06 20:00:00,607.3150221778773
8158,2023-12-06 21:00:00,610.2915333789709
8159,2023-12-06 22:00:00,643.0287925110872
8160,2023-12-06 23:00:00,580.6450058733482
8161,2023-12-07 00:00:00,599.0262116587272
8162,2023-12-07 01:00:00,557.0140750645617
8163,2023-12-07 02:00:00,669.2536465381553
8164,2023-12-07 03:00:00,632.1602515717777
8165,2023-12-07 04:00:00,621.7977768805628
8166,2023-12-07 05:00:00,669.8009376580852
8167,2023-12-07 06:00:00,682.2720580869969
8168,2023-12-07 07:00:00,630.9442868936483
8169,2023-12-07 08:00:00,644.8825666813617
8170,2023-12-07 09:00:00,631.4741661196754
8171,2023-12-07 10:00:00,656.7426935938128
8172,2023-12-07 11:00:00,658.57719089918
8173,2023-12-07 12:00:00,627.4920056747209
8174,2023-12-07 13:00:00,591.3028878561553
8175,2023-12-07 14:00:00,578.3735637244567
8176,2023-12-07 15:00:00,581.6579236648104
8177,2023-12-07 16:00:00,614.8239055012784
8178,2023-12-07 17:00:00,593.5731990990736
8179,2023-12-07 18:00:00,589.9791862031483
8180,2023-12-07 19:00:00,569.8677313318308
8181,2023-12-07 20:00:00,588.6282631411942
8182,2023-12-07 21:00:00,593.3155815907742
8183,2023-12-07 22:00:00,604.3396258435079
8184,2023-12-07 23:00:00,642.9998952846937
8185,2023-12-08 00:00:00,550.0079549309328
8186,2023-12-08 01:00:00,604.2546656737212
8187,2023-12-08 02:00:00,661.9625110532235
8188,2023-12-08 03:00:00,598.4770722908836
8189,2023-12-08 04:00:00,626.8259267068609
8190,2023-12-08 05:00:00,633.0650114126913
8191,2023-12-08 06:00:00,629.0131271550657
8192,2023-12-08 07:00:00,624.3716445418187
8193,2023-12-08 08:00:00,648.8918042142644
8194,2023-12-08 09:00:00,662.5845526328602
8195,2023-12-08 10:00:00,649.019264886961
8196,2023-12-08 11:00:00,633.4179883086072
8197,2023-12-08 12:00:00,658.5697287447672
8198,2023-12-08 13:00:00,599.6006380744074
8199,2023-12-08 14:00:00,589.609265753321
8200,2023-12-08 15:00:00,527.4959264793225
8201,2023-12-08 16:00:00,575.7465216576915
8202,2023-12-08 17:00:00,569.5553250398915
8203,2023-12-08 18:00:00,632.0423847411594
8204,2023-12-08 19:00:00,614.5754608318601
8205,2023-12-08 20:00:00,565.4540237786892
8206,2023-12-08 21:00:00,575.8595589900774
8207,2023-12-08 22:00:00,603.2435765717643
8208,2023-12-08 23:00:00,657.9854358958305
8209,2023-12-09 00:00:00,599.8261090511202
8210,2023-12-09 01:00:00,629.2997262978479
8211,2023-12-09 02:00:00,621.2392590373269
8212,2023-12-09 03:00:00,590.4883339555306
8213,2023-12-09 04:00:00,651.8027187068789
8214,2023-12-09 05:00:00,652.1296177224921
8215,2023-12-09 06:00:00,658.2340150375619
8216,2023-12-09 07:00:00,638.8957538498319
8217,2023-12-09 08:00:00,629.1122164002805
8218,2023-12-09 09:00:00,636.6832719551622
8219,2023-12-09 10:00:00,588.430448763036
8220,2023-12-09 11:00:00,620.5793962836949
8221,2023-12-09 12:00:00,610.181039720932
8222,2023-12-09 13:00:00,597.0762526718358
8223,2023-12-09 14:00:00,624.7693266943188
8224,2023-12-09 15:00:00,601.3409739965778
8225,2023-12-09 16:00:00,553.4990971855764
8226,2023-12-09 17:00:00,586.3634957513061
8227,2023-12-09 18:00:00,603.8586447266416
8228,2023-12-09 19:00:00,573.8421489905046
8229,2023-12-09 20:00:00,621.5710255931748
8230,2023-12-09 21:00:00,598.3462660914455
8231,2023-12-09 22:00:00,556.0162460351477
8232,2023-12-09 23:00:00,645.1578123919209
8233,2023-12-10 00:00:00,580.8869141765551
8234,2023-12-10 01:00:00,668.3831706462871
8235,2023-12-10 02:00:00,631.763071129941
8236,2023-12-10 03:00:00,627.5221182166114
8237,2023-12-10 04:00:00,646.2793597854961
8238,2023-12-10 05:00:00,592.6877425766149
8239,2023-12-10 06:00:00,611.4725347984386
8240,2023-12-10 07:00:00,646.9508343025376
8241,2023-12-10 08:00:00,610.3907466719177
8242,2023-12-10 09:00:00,646.4218060369743
8243,2023-12-10 10:00:00,639.1221388463179
8244,2023-12-10 11:00:00,642.5791934821782
8245,2023-12-10 12:00:00,650.718336945859
8246,2023-12-10 13:00:00,634.8066654495365
8247,2023-12-10 14:00:00,563.4513708730387
8248,2023-12-10 15:00:00,567.9249900761498
8249,2023-12-10 16:00:00,640.2202491224832
8250,2023-12-10 17:00:00,572.3079753527453
8251,2023-12-10 18:00:00,600.2545952885783
8252,2023-12-10 19:00:00,608.1116726381265
8253,2023-12-10 20:00:00,621.9957395885298
8254,2023-12-10 21:00:00,614.5031333236142
8255,2023-12-10 22:00:00,626.7918844483271
8256,2023-12-10 23:00:00,565.4857640164067
8257,2023-12-11 00:00:00,612.4037830537252
8258,2023-12-11 01:00:00,643.2913259218585
8259,2023-12-11 02:00:00,589.3420802015956
8260,2023-12-11 03:00:00,673.4323802664449
8261,2023-12-11 04:00:00,596.6274589038142
8262,2023-12-11 05:00:00,648.4468517313179
8263,2023-12-11 06:00:00,657.2728045426609
8264,2023-12-11 07:00:00,656.0719596568472
8265,2023-12-11 08:00:00,644.2480349135916
8266,2023-12-11 09:00:00,622.1499205060982
8267,2023-12-11 10:00:00,628.3684460281082
8268,2023-12-11 11:00:00,672.1289116251255
8269,2023-12-11 12:00:00,649.672963678428
8270,2023-12-11 13:00:00,620.7044734733022
8271,2023-12-11 14:00:00,577.3874895449483
8272,2023-12-11 15:00:00,636.6531837819664
8273,2023-12-11 16:00:00,589.1721363077461
8274,2023-12-11 17:00:00,570.0753519865702
8275,2023-12-11 18:00:00,593.1321881164852
8276,2023-12-11 19:00:00,631.8021670192254
8277,2023-12-11 20:00:00,555.7361653804625
8278,2023-12-11 21:00:00,638.2771146929508
8279,2023-12-11 22:00:00,618.7505047202369
8280,2023-12-11 23:00:00,584.5106119567
8281,2023-12-12 00:00:00,634.6044686428073
8282,2023-12-12 01:00:00,651.8233044807602
8283,2023-12-12 02:00:00,609.312805615752
8284,2023-12-12 03:00:00,655.0966220763924
8285,2023-12-12 04:00:00,672.4606720224768
8286,2023-12-12 05:00:00,633.0992060945957
8287,2023-12-12 06:00:00,608.4858252257097
8288,2023-12-12 07:00:00,677.3335168957852
8289,2023-12-12 08:00:00,627.455278631133
8290,2023-12-12 09:00:00,649.8841776712777
8291,2023-12-12 10:00:00,573.038295825556
8292,2023-12-12 11:00:00,581.2088495069712
8293,2023-12-12 12:00:00,650.9727918977967
8294,2023-12-12 13:00:00,620.6742853704694
8295,2023-12-12 14:00:00,555.4881382870561
8296,2023-12-12 15:00:00,628.3713305354461
8297,2023-12-12 16:00:00,600.3203292465271
8298,2023-12-12 17:00:00,626.9911820969883
8299,2023-12-12 18:00:00,553.8756296289515
8300,2023-12-12 19:00:00,569.680863423502
8301,2023-12-12 20:00:00,622.2550189225402
8302,2023-12-12 21:00:00,592.4446862662979
8303,2023-12-12 22:00:00,587.4788873777122
8304,2023-12-12 23:00:00,582.918544722972
8305,2023-12-13 00:00:00,547.1636236523622
8306,2023-12-13 01:00:00,688.0708867613996
8307,2023-12-13 02:00:00,712.5065367817472
8308,2023-12-13 03:00:00,657.3801986491651
8309,2023-12-13 04:00:00,615.4203755318414
8310,2023-12-13 05:00:00,660.8271875052069
8311,2023-12-13 06:00:00,645.6192235693705
8312,2023-12-13 07:00:00,599.1170668175807
8313,2023-12-13 08:00:00,619.198366370459
8314,2023-12-13 09:00:00,579.6357526196225
8315,2023-12-13 10:00:00,667.8687704262223
8316,2023-12-13 11:00:00,641.92277385351
8317,2023-12-13 12:00:00,583.6547349239901
8318,2023-12-13 13:00:00,607.5626276618261
8319,2023-12-13 14:00:00,623.8754562642004
8320,2023-12-13 15:00:00,636.0348151589085
8321,2023-12-13 16:00:00,585.8401357028678
8322,2023-12-13 17:00:00,551.2699652330247
8323,2023-12-13 18:00:00,599.3649972364876
8324,2023-12-13 19:00:00,593.389007231468
8325,2023-12-13 20:00:00,610.785044671501
8326,2023-12-13 21:00:00,546.211143521514
8327,2023-12-13 22:00:00,644.1971716622999
8328,2023-12-13 23:00:00,574.0326105247561
8329,2023-12-14 00:00:00,660.2885339915822
8330,2023-12-14 01:00:00,594.6569344826346
8331,2023-12-14 02:00:00,637.6930470332675
8332,2023-12-14 03:00:00,653.1468963611699
8333,2023-12-14 04:00:00,636.6418380023176
8334,2023-12-14 05:00:00,589.6846483534025
8335,2023-12-14 06:00:00,650.6911816046976
8336,2023-12-14 07:00:00,685.1090287108169
8337,2023-12-14 08:00:00,624.9123783071766
8338,2023-12-14 09:00:00,630.8216410637181
8339,2023-12-14 10:00:00,621.6345555206568
8340,2023-12-14 11:00:00,658.0051360323308
8341,2023-12-14 12:00:00,545.7461140801037
8342,2023-12-14 13:00:00,671.0571418999724
8343,2023-12-14 14:00:00,562.9372459464814
8344,2023-12-14 15:00:00,590.1542125189391
8345,2023-12-14 16:00:00,638.5765163851195
8346,2023-12-14 17:00:00,592.4357629205932
8347,2023-12-14 18:00:00,588.9672046813942
8348,2023-12-14 19:00:00,617.1891576375823
8349,2023-12-14 20:00:00,562.7008827300939
8350,2023-12-14 21:00:00,600.3514877193408
8351,2023-12-14 22:00:00,604.6168065234922
8352,2023-12-14 23:00:00,623.733416596106
8353,2023-12-15 00:00:00,582.8645833995824
8354,2023-12-15 01:00:00,615.393116905601
8355,2023-12-15 02:00:00,646.068306806333
8356,2023-12-15 03:00:00,649.1201395391199
8357,2023-12-15 04:00:00,643.0885555674931
8358,2023-12-15 05:00:00,623.8829405603394
8359,2023-12-15 06:00:00,609.8342783693121
8360,2023-12-15 07:00:00,639.8303077975472
8361,2023-12-15 08:00:00,607.0205072629142
8362,2023-12-15 09:00:00,615.9388236809436
8363,2023-12-15 10:00:00,650.3333512554001
8364,2023-12-15 11:00:00,635.6574297288096
8365,2023-12-15 12:00:00,586.7915504974673
8366,2023-12-15 13:00:00,626.747513046732
8367,2023-12-15 14:00:00,564.6089827435868
8368,2023-12-15 15:00:00,653.9892552622277
8369,2023-12-15 16:00:00,606.7231727232378
8370,2023-12-15 17:00:00,660.5450193326717
8371,2023-12-15 18:00:00,584.8292688286284
8372,2023-12-15 19:00:00,572.4007442224525
8373,2023-12-15 20:00:00,610.1445774248225
8374,2023-12-15 21:00:00,607.059705304525
8375,2023-12-15 22:00:00,577.4418568281826
8376,2023-12-15 23:00:00,621.7064799051603
8377,2023-12-16 00:00:00,649.1056394939527
8378,2023-12-16 01:00:00,680.0448232560237
8379,2023-12-16 02:00:00,612.0857120173441
8380,2023-12-16 03:00:00,630.1382984046279
8381,2023-12-16 04:00:00,697.5567811707033
8382,2023-12-16 05:00:00,664.8705442981601
8383,2023-12-16 06:00:00,576.1415409776606
8384,2023-12-16 07:00:00,635.6618838794998
8385,2023-12-16 08:00:00,678.6456040907964
8386,2023-12-16 09:00:00,601.9426377293199
8387,2023-12-16 10:00:00,595.3849498378203
8388,2023-12-16 11:00:00,651.239272013061
8389,2023-12-16 12:00:00,605.8727661656892
8390,2023-12-16 13:00:00,603.6634227755521
8391,2023-12-16 14:00:00,667.2022519986292
8392,2023-12-16 15:00:00,635.6951079442894
8393,2023-12-16 16:00:00,575.9605639172568
8394,2023-12-16 17:00:00,577.6077388223624
8395,2023-12-16 18:00:00,639.1925132366326
8396,2023-12-16 19:00:00,588.1898861579211
8397,2023-12-16 20:00:00,595.5258893211444
8398,2023-12-16 21:00:00,616.5670294152509
8399,2023-12-16 22:00:00,629.102357034198
8400,2023-12-16 23:00:00,684.6505382970155
8401,2023-12-17 00:00:00,576.4311130051865
8402,2023-12-17 01:00:00,590.7990551310342
8403,2023-12-17 02:00:00,614.3505833249986
8404,2023-12-17 03:00:00,612.3597081714621
8405,2023-12-17 04:00:00,661.853178029785
8406,2023-12-17 05:00:00,672.2747244520616
8407,2023-12-17 06:00:00,662.4054798325873
8408,2023-12-17 07:00:00,594.0303561985932
8409,2023-12-17 08:00:00,656.1646913030761
8410,2023-12-17 09:00:00,680.7346728036008
8411,2023-12-17 10:00:00,678.2643681682188
8412,2023-12-17 11:00:00,593.1656447894011
8413,2023-12-17 12:00:00,616.9260901088396
8414,2023-12-17 13:00:00,646.6256392466408
8415,2023-12-17 14:00:00,632.989597068633
8416,2023-12-17 15:00:00,618.0193606689656
8417,2023-12-17 16:00:00,574.7139574835313
8418,2023-12-17 17:00:00,585.7711482044929
8419,2023-12-17 18:00:00,608.6003773917452
8420,2023-12-17 19:00:00,652.9210840599114
8421,2023-12-17 20:00:00,608.8654259419999
8422,2023-12-17 21:00:00,568.0746663681055
8423,2023-12-17 22:00:00,661.2544639446002
8424,2023-12-17 23:00:00,589.447186351769
8425,2023-12-18 00:00:00,657.5841747759359
8426,2023-12-18 01:00:00,654.3868430923955
8427,2023-12-18 02:00:00,635.6877146696152
8428,2023-12-18 03:00:00,619.1436700872314
8429,2023-12-18 04:00:00,686.2462307140717
8430,2023-12-18 05:00:00,687.6093390469782
8431,2023-12-18 06:00:00,643.34955087387
8432,2023-12-18 07:00:00,614.9326947197918
8433,2023-12-18 08:00:00,597.4103455484233
8434,2023-12-18 09:00:00,644.8764021914927
8435,2023-12-18 10:00:00,619.773975720246
8436,2023-12-18 11:00:00,661.3310373152011
8437,2023-12-18 12:00:00,580.8064576072638
8438,2023-12-18 13:00:00,634.6260126361233
8439,2023-12-18 14:00:00,649.7411576122513
8440,2023-12-18 15:00:00,574.2551645095957
8441,2023-12-18 16:00:00,605.6797506902789
8442,2023-12-18 17:00:00,566.5177769186569
8443,2023-12-18 18:00:00,576.1450892518867
8444,2023-12-18 19:00:00,617.0707025861564
8445,2023-12-18 20:00:00,636.9055262820643
8446,2023-12-18 21:00:00,580.5861642990902
8447,2023-12-18 22:00:00,612.9763698426249
8448,2023-12-18 23:00:00,668.0401761541859
8449,2023-12-19 00:00:00,624.0767821094137
8450,2023-12-19 01:00:00,686.4995044753329
8451,2023-12-19 02:00:00,639.3479227990514
8452,2023-12-19 03:00:00,680.6174631098552
8453,2023-12-19 04:00:00,616.6823913442774
8454,2023-12-19 05:00:00,696.6450805631533
8455,2023-12-19 06:00:00,645.0532418678001
8456,2023-12-19 07:00:00,639.1412661775582
8457,2023-12-19 08:00:00,683.899886108948
8458,2023-12-19 09:00:00,585.2229138779749
8459,2023-12-19 10:00:00,649.4866444245557
8460,2023-12-19 11:00:00,650.4481289739318
8461,2023-12-19 12:00:00,611.9562820256535
8462,2023-12-19 13:00:00,634.0638285922169
8463,2023-12-19 14:00:00,615.2363431381181
8464,2023-12-19 15:00:00,644.6094736818122
8465,2023-12-19 16:00:00,591.2849370923551
8466,2023-12-19 17:00:00,568.9764065609922
8467,2023-12-19 18:00:00,604.8333583824518
8468,2023-12-19 19:00:00,573.88784038364
8469,2023-12-19 20:00:00,672.1564601197076
8470,2023-12-19 21:00:00,611.7642374141078
8471,2023-12-19 22:00:00,622.8301791253775
8472,2023-12-19 23:00:00,612.8767910643578
8473,2023-12-20 00:00:00,613.6559961160335
8474,2023-12-20 01:00:00,596.1387692683578
8475,2023-12-20 02:00:00,627.1368028032783
8476,2023-12-20 03:00:00,671.2079701029757
8477,2023-12-20 04:00:00,658.8882242949471
8478,2023-12-20 05:00:00,681.3623649055111
8479,2023-12-20 06:00:00,629.0906209717193
8480,2023-12-20 07:00:00,670.568050359542
8481,2023-12-20 08:00:00,694.110423172511
8482,2023-12-20 09:00:00,632.1467860643953
8483,2023-12-20 10:00:00,669.0300819758199
8484,2023-12-20 11:00:00,724.5175584680376
8485,2023-12-20 12:00:00,603.1225206093743
8486,2023-12-20 13:00:00,586.3975721349295
8487,2023-12-20 14:00:00,638.373251528722
8488,2023-12-20 15:00:00,642.3944885742573
8489,2023-12-20 16:00:00,611.8923737865933
8490,2023-12-20 17:00:00,626.0726066163719
8491,2023-12-20 18:00:00,614.4206882318166
8492,2023-12-20 19:00:00,577.3656912965146
8493,2023-12-20 20:00:00,577.6919408974644
8494,2023-12-20 21:00:00,645.7088293744675
8495,2023-12-20 22:00:00,611.0721466292514
8496,2023-12-20 23:00:00,629.0047052587117
8497,2023-12-21 00:00:00,641.7319877157684
8498,2023-12-21 01:00:00,674.7559940887099
8499,2023-12-21 02:00:00,655.9877029886261
8500,2023-12-21 03:00:00,667.0059648266092
8501,2023-12-21 04:00:00,645.4865391856878
8502,2023-12-21 05:00:00,678.5132447646442
8503,2023-12-21 06:00:00,702.0708703884727
8504,2023-12-21 07:00:00,668.5330253291364
8505,2023-12-21 08:00:00,652.5293601508384
8506,2023-12-21 09:00:00,638.6455767561371
8507,2023-12-21 10:00:00,698.3718214908973
8508,2023-12-21 11:00:00,637.1668083248178
8509,2023-12-21 12:00:00,591.2586613893402
8510,2023-12-21 13:00:00,647.9872088509641
8511,2023-12-21 14:00:00,610.4067168788022
8512,2023-12-21 15:00:00,563.0315498436858
8513,2023-12-21 16:00:00,590.9971034118033
8514,2023-12-21 17:00:00,587.1967146749473
8515,2023-12-21 18:00:00,585.3690327647943
8516,2023-12-21 19:00:00,598.2950079425643
8517,2023-12-21 20:00:00,595.1882324522551
8518,2023-12-21 21:00:00,590.1075456989051
8519,2023-12-21 22:00:00,594.7184180283539
8520,2023-12-21 23:00:00,597.9771451960466
8521,2023-12-22 00:00:00,642.9780638278195
8522,2023-12-22 01:00:00,640.3603739762884
8523,2023-12-22 02:00:00,615.2274991142211
8524,2023-12-22 03:00:00,615.5833281504791
8525,2023-12-22 04:00:00,647.4074478865683
8526,2023-12-22 05:00:00,610.229434385208
8527,2023-12-22 06:00:00,639.1351017971974
8528,2023-12-22 07:00:00,628.7321374130626
8529,2023-12-22 08:00:00,654.4350812748434
8530,2023-12-22 09:00:00,732.4518175576372
8531,2023-12-22 10:00:00,564.1918953047366
8532,2023-12-22 11:00:00,611.4649338487069
8533,2023-12-22 12:00:00,604.57591203527
8534,2023-12-22 13:00:00,622.1132004199337
8535,2023-12-22 14:00:00,618.2219080927581
8536,2023-12-22 15:00:00,624.9504422286514
8537,2023-12-22 16:00:00,613.3500586648362
8538,2023-12-22 17:00:00,614.1776515714413
8539,2023-12-22 18:00:00,636.2352285536701
8540,2023-12-22 19:00:00,664.3464200051341
8541,2023-12-22 20:00:00,595.66757546163
8542,2023-12-22 21:00:00,532.7014317898742
8543,2023-12-22 22:00:00,593.7221788105774
8544,2023-12-22 23:00:00,603.6452851965071
8545,2023-12-23 00:00:00,653.290001663795
8546,2023-12-23 01:00:00,642.8278215890368
8547,2023-12-23 02:00:00,653.2620588663005
8548,2023-12-23 03:00:00,710.4365641213376
8549,2023-12-23 04:00:00,648.0303098158093
8550,2023-12-23 05:00:00,669.2273058229734
8551,2023-12-23 06:00:00,633.0234678671271
8552,2023-12-23 07:00:00,660.0866056537474
8553,2023-12-23 08:00:00,623.6480661371854
8554,2023-12-23 09:00:00,643.2081393079263
8555,2023-12-23 10:00:00,714.0001879009208
8556,2023-12-23 11:00:00,621.1438038348056
8557,2023-12-23 12:00:00,640.8665566848027
8558,2023-12-23 13:00:00,650.0066885331144
8559,2023-12-23 14:00:00,617.1243241900311
8560,2023-12-23 15:00:00,574.4187214557156
8561,2023-12-23 16:00:00,665.4013351766731
8562,2023-12-23 17:00:00,678.4738423879855
8563,2023-12-23 18:00:00,587.4229160257288
8564,2023-12-23 19:00:00,608.4202942751772
8565,2023-12-23 20:00:00,562.3925729738789
8566,2023-12-23 21:00:00,599.1691672905257
8567,2023-12-23 22:00:00,571.3834233292889
8568,2023-12-23 23:00:00,632.4442890900299
8569,2023-12-24 00:00:00,611.158477815438
8570,2023-12-24 01:00:00,719.66153413428
8571,2023-12-24 02:00:00,656.5075939435486
8572,2023-12-24 03:00:00,646.6278988069166
8573,2023-12-24 04:00:00,683.4005814973339
8574,2023-12-24 05:00:00,661.5253701341835
8575,2023-12-24 06:00:00,670.6112203092235
8576,2023-12-24 07:00:00,639.6972015834621
8577,2023-12-24 08:00:00,632.0235751134269
8578,2023-12-24 09:00:00,665.6426314124391
8579,2023-12-24 10:00:00,625.2479404685921
8580,2023-12-24 11:00:00,590.2212188351338
8581,2023-12-24 12:00:00,606.3502173300866
8582,2023-12-24 13:00:00,666.5283143214605
8583,2023-12-24 14:00:00,627.3401380334222
8584,2023-12-24 15:00:00,593.3763838136516
8585,2023-12-24 16:00:00,572.9744553385176
8586,2023-12-24 17:00:00,563.5850498694675
8587,2023-12-24 18:00:00,565.5251442306337
8588,2023-12-24 19:00:00,648.9841731813015
8589,2023-12-24 20:00:00,618.5553675052394
8590,2023-12-24 21:00:00,668.4199926487113
8591,2023-12-24 22:00:00,617.7743546162559
8592,2023-12-24 23:00:00,658.7905506346033
8593,2023-12-25 00:00:00,581.8022986869012
8594,2023-12-25 01:00:00,664.4257617349215
8595,2023-12-25 02:00:00,618.7466774928241
8596,2023-12-25 03:00:00,647.4365828951204
8597,2023-12-25 04:00:00,713.5385798894578
8598,2023-12-25 05:00:00,579.5892579509604
8599,2023-12-25 06:00:00,657.3200402277108
8600,2023-12-25 07:00:00,662.5591298722208
8601,2023-12-25 08:00:00,650.8998002499528
8602,2023-12-25 09:00:00,655.096165127553
8603,2023-12-25 10:00:00,637.0396616100033
8604,2023-12-25 11:00:00,635.7530775127432
8605,2023-12-25 12:00:00,665.2236358648674
8606,2023-12-25 13:00:00,606.5267977331538
8607,2023-12-25 14:00:00,638.8570323175131
8608,2023-12-25 15:00:00,571.5875182935004
8609,2023-12-25 16:00:00,592.7022665817898
8610,2023-12-25 17:00:00,559.0115140118061
8611,2023-12-25 18:00:00,599.2440898049373
8612,2023-12-25 19:00:00,635.6990964860497
8613,2023-12-25 20:00:00,694.499279254278
8614,2023-12-25 21:00:00,638.6269973177098
8615,2023-12-25 22:00:00,590.5671280939476
8616,2023-12-25 23:00:00,577.5084967627303
8617,2023-12-26 00:00:00,588.6791109324074
8618,2023-12-26 01:00:00,631.4466328033105
8619,2023-12-26 02:00:00,648.6518208282329
8620,2023-12-26 03:00:00,631.8446797908616
8621,2023-12-26 04:00:00,650.5954653845286
8622,2023-12-26 05:00:00,641.0100900905137
8623,2023-12-26 06:00:00,657.3497869240292
8624,2023-12-26 07:00:00,614.0633530795245
8625,2023-12-26 08:00:00,603.7413042433396
8626,2023-12-26 09:00:00,610.3505444886293
8627,2023-12-26 10:00:00,635.922557032323
8628,2023-12-26 11:00:00,605.3325035175277
8629,2023-12-26 12:00:00,632.6857763739072
8630,2023-12-26 13:00:00,596.4354484111767
8631,2023-12-26 14:00:00,569.7853075284811
8632,2023-12-26 15:00:00,510.37704749316447
8633,2023-12-26 16:00:00,648.6683644616605
8634,2023-12-26 17:00:00,625.5679834821435
8635,2023-12-26 18:00:00,612.9642377499483
8636,2023-12-26 19:00:00,634.4861875410427
8637,2023-12-26 20:00:00,586.4383202773919
8638,2023-12-26 21:00:00,632.8998150107997
8639,2023-12-26 22:00:00,588.5933917497092
8640,2023-12-26 23:00:00,595.1038688210292
8641,2023-12-27 00:00:00,663.4058618271242
8642,2023-12-27 01:00:00,633.6254320866425
8643,2023-12-27 02:00:00,629.1229556010439
8644,2023-12-27 03:00:00,635.09433342801
8645,2023-12-27 04:00:00,689.2929274835456
8646,2023-12-27 05:00:00,650.2762219133683
8647,2023-12-27 06:00:00,668.990203132043
8648,2023-12-27 07:00:00,629.6619224148085
8649,2023-12-27 08:00:00,622.9089582996756
8650,2023-12-27 09:00:00,601.5653532003781
8651,2023-12-27 10:00:00,624.6244698418891
8652,2023-12-27 11:00:00,630.6059072670298
8653,2023-12-27 12:00:00,625.0424721366471
8654,2023-12-27 13:00:00,603.3061475674056
8655,2023-12-27 14:00:00,592.8580099557923
8656,2023-12-27 15:00:00,619.2739677694649
8657,2023-12-27 16:00:00,619.9886424966605
8658,2023-12-27 17:00:00,592.5768063179795
8659,2023-12-27 18:00:00,617.8312576442661
8660,2023-12-27 19:00:00,622.3569272273016
8661,2023-12-27 20:00:00,595.7372115698507
8662,2023-12-27 21:00:00,618.6156598452217
8663,2023-12-27 22:00:00,640.6954037492619
8664,2023-12-27 23:00:00,611.5350029128856
8665,2023-12-28 00:00:00,630.5981023850221
8666,2023-12-28 01:00:00,645.8192912275255
8667,2023-12-28 02:00:00,652.0748739966403
8668,2023-12-28 03:00:00,644.0051935303454
8669,2023-12-28 04:00:00,644.7924456890715
8670,2023-12-28 05:00:00,615.500266363193
8671,2023-12-28 06:00:00,619.1109009964644
8672,2023-12-28 07:00:00,625.755987600548
8673,2023-12-28 08:00:00,656.3394542421865
8674,2023-12-28 09:00:00,624.0308689446822
8675,2023-12-28 10:00:00,618.6192526882005
8676,2023-12-28 11:00:00,625.9220829295215
8677,2023-12-28 12:00:00,621.0250183020422
8678,2023-12-28 13:00:00,618.1394656332816
8679,2023-12-28 14:00:00,583.9993667217898
8680,2023-12-28 15:00:00,553.0077043113702
8681,2023-12-28 16:00:00,538.9848096840142
8682,2023-12-28 17:00:00,598.403386542524
8683,2023-12-28 18:00:00,584.7644034023748
8684,2023-12-28 19:00:00,610.4700909187902
8685,2023-12-28 20:00:00,558.8491328795789
8686,2023-12-28 21:00:00,614.7261976258535
8687,2023-12-28 22:00:00,596.6531737721702
8688,2023-12-28 23:00:00,651.6094556897292
8689,2023-12-29 00:00:00,643.1493751178092
8690,2023-12-29 01:00:00,615.3416178111995
8691,2023-12-29 02:00:00,641.0992307590369
8692,2023-12-29 03:00:00,657.8840006751858
8693,2023-12-29 04:00:00,646.9202397029513
8694,2023-12-29 05:00:00,622.5731909084715
8695,2023-12-29 06:00:00,717.0117245322143
8696,2023-12-29 07:00:00,594.7566830303344
8697,2023-12-29 08:00:00,645.2860899568549
8698,2023-12-29 09:00:00,638.4795074181066
8699,2023-12-29 10:00:00,648.9064480364747
8700,2023-12-29 11:00:00,609.6146172986263
8701,2023-12-29 12:00:00,627.927173417313
8702,2023-12-29 13:00:00,650.2756397024316
8703,2023-12-29 14:00:00,609.0606667694119
8704,2023-12-29 15:00:00,618.398728475618
8705,2023-12-29 16:00:00,579.5027176810311
8706,2023-12-29 17:00:00,566.2035131203214
8707,2023-12-29 18:00:00,637.7485404224927
8708,2023-12-29 19:00:00,598.1432209681255
8709,2023-12-29 20:00:00,706.3705020147856
8710,2023-12-29 21:00:00,569.2704669596634
8711,2023-12-29 22:00:00,629.0394076081061
8712,2023-12-29 23:00:00,616.1981841368538
8713,2023-12-30 00:00:00,601.8861732009752
8714,2023-12-30 01:00:00,664.5725017451155
8715,2023-12-30 02:00:00,581.474271655869
8716,2023-12-30 03:00:00,657.1242330317449
8717,2023-12-30 04:00:00,633.4624864602154
8718,2023-12-30 05:00:00,617.6685485777544
8719,2023-12-30 06:00:00,567.2819124567794
8720,2023-12-30 07:00:00,634.9689284742809
8721,2023-12-30 08:00:00,608.4163079326429
8722,2023-12-30 09:00:00,693.7299867108836
8723,2023-12-30 10:00:00,612.8054447267035
8724,2023-12-30 11:00:00,618.1621238542432
8725,2023-12-30 12:00:00,672.9168206246513
8726,2023-12-30 13:00:00,597.0689163953625
8727,2023-12-30 14:00:00,613.0925776791526
8728,2023-12-30 15:00:00,590.5682475494967
8729,2023-12-30 16:00:00,615.5775489899492
8730,2023-12-30 17:00:00,604.1084020026511
8731,2023-12-30 18:00:00,609.4198929759253
8732,2023-12-30 19:00:00,610.7250792116422
8733,2023-12-30 20:00:00,635.4539803970954
8734,2023-12-30 21:00:00,589.5256308002829
8735,2023-12-30 22:00:00,559.3806406222785
8736,2023-12-30 23:00:00,629.8718741760937
8737,2023-12-31 00:00:00,586.0147286067254
8738,2023-12-31 01:00:00,620.2282212095723
8739,2023-12-31 02:00:00,606.5808981381431
8740,2023-12-31 03:00:00,647.1374849300588
8741,2023-12-31 04:00:00,650.5022375870427
8742,2023-12-31 05:00:00,658.2335556223143
8743,2023-12-31 06:00:00,669.9560006549284
8744,2023-12-31 07:00:00,646.6004672702036
8745,2023-12-31 08:00:00,593.4432670001548
8746,2023-12-31 09:00:00,639.8413522700256
8747,2023-12-31 10:00:00,662.6462597305466
8748,2023-12-31 11:00:00,651.8605085549514
8749,2023-12-31 12:00:00,620.1467549847581
8750,2023-12-31 13:00:00,569.6461272404146
8751,2023-12-31 14:00:00,542.8967223527335
8752,2023-12-31 15:00:00,621.021641466727
8753,2023-12-31 16:00:00,593.673348572243
8754,2023-12-31 17:00:00,629.531932136404
8755,2023-12-31 18:00:00,581.833562260548
8756,2023-12-31 19:00:00,627.8796987621979
8757,2023-12-31 20:00:00,634.8972642234604
8758,2023-12-31 21:00:00,658.7255863711957
8759,2023-12-31 22:00:00,602.3580076546756
8760,2023-12-31 23:00:00,581.7744170022817
