,datetime,price
1,2024-01-01 00:00:00,49.81425210720251
2,2024-01-01 01:00:00,56.69678931322376
3,2024-01-01 02:00:00,71.2594880411698
4,2024-01-01 03:00:00,63.69414455286959
5,2024-01-01 04:00:00,78.54527090867424
6,2024-01-01 05:00:00,66.41383258870117
7,2024-01-01 06:00:00,64.27988494087741
8,2024-01-01 07:00:00,65.72494676859738
9,2024-01-01 08:00:00,64.07688233557788
10,2024-01-01 09:00:00,65.25031629278135
11,2024-01-01 10:00:00,58.29259775105584
12,2024-01-01 11:00:00,55.747230129516716
13,2024-01-01 12:00:00,49.233768780455115
14,2024-01-01 13:00:00,39.25780305984627
15,2024-01-01 14:00:00,41.334925438086366
16,2024-01-01 15:00:00,35.22773061861213
17,2024-01-01 16:00:00,33.788206439624325
18,2024-01-01 17:00:00,25.64779409411552
19,2024-01-01 18:00:00,32.6148629829536
20,2024-01-01 19:00:00,26.82495295115724
21,2024-01-01 20:00:00,40.44900489895957
22,2024-01-01 21:00:00,40.142091911208794
23,2024-01-01 22:00:00,48.25016157738145
24,2024-01-01 23:00:00,46.965671382312784
25,2024-01-02 00:00:00,47.059945792414474
26,2024-01-02 01:00:00,51.35935938355613
27,2024-01-02 02:00:00,61.236058745283174
28,2024-01-02 03:00:00,55.99917985425875
29,2024-01-02 04:00:00,73.5891602466692
30,2024-01-02 05:00:00,68.9345862248584
31,2024-01-02 06:00:00,58.94901832388959
32,2024-01-02 07:00:00,64.18162161682689
33,2024-01-02 08:00:00,68.25487162118108
34,2024-01-02 09:00:00,67.92435534642247
35,2024-01-02 10:00:00,57.11550676763393
36,2024-01-02 11:00:00,55.09565495325178
37,2024-01-02 12:00:00,50.334554298342816
38,2024-01-02 13:00:00,48.40434139115972
39,2024-01-02 14:00:00,40.837706773930904
40,2024-01-02 15:00:00,27.062396387002096
41,2024-01-02 16:00:00,33.30758645679077
42,2024-01-02 17:00:00,27.098696130808165
43,2024-01-02 18:00:00,17.0856698703165
44,2024-01-02 19:00:00,23.147369532264882
45,2024-01-02 20:00:00,31.042099258544894
46,2024-01-02 21:00:00,28.16425940504063
47,2024-01-02 22:00:00,55.739909730086005
48,2024-01-02 23:00:00,34.72443135661005
49,2024-01-03 00:00:00,52.639520018160745
50,2024-01-03 01:00:00,59.63298631300336
51,2024-01-03 02:00:00,60.78335735711838
52,2024-01-03 03:00:00,63.99278837178627
53,2024-01-03 04:00:00,63.3819105342054
54,2024-01-03 05:00:00,70.87763381656674
55,2024-01-03 06:00:00,71.72552783682376
56,2024-01-03 07:00:00,76.11147602216309
57,2024-01-03 08:00:00,69.49276113277456
58,2024-01-03 09:00:00,76.97418247892084
59,2024-01-03 10:00:00,57.19895113099376
60,2024-01-03 11:00:00,42.095525628942404
61,2024-01-03 12:00:00,46.75339863880414
62,2024-01-03 13:00:00,47.500893629611824
63,2024-01-03 14:00:00,40.12719708509106
64,2024-01-03 15:00:00,38.25572823293575
65,2024-01-03 16:00:00,40.38376612322778
66,2024-01-03 17:00:00,39.611902202620946
67,2024-01-03 18:00:00,36.90706960460393
68,2024-01-03 19:00:00,27.60025949509589
69,2024-01-03 20:00:00,34.018155092316704
70,2024-01-03 21:00:00,42.88555525031253
71,2024-01-03 22:00:00,36.857231008550194
72,2024-01-03 23:00:00,41.48346242632108
73,2024-01-04 00:00:00,50.0384160634534
74,2024-01-04 01:00:00,63.03829055314542
75,2024-01-04 02:00:00,57.80926442739479
76,2024-01-04 03:00:00,58.54662521513254
77,2024-01-04 04:00:00,71.29086435386087
78,2024-01-04 05:00:00,67.3662717870795
79,2024-01-04 06:00:00,67.9268205227063
80,2024-01-04 07:00:00,76.65568512024153
81,2024-01-04 08:00:00,69.39106141354445
82,2024-01-04 09:00:00,73.81443669542327
83,2024-01-04 10:00:00,58.96444418557418
84,2024-01-04 11:00:00,49.569792343374324
85,2024-01-04 12:00:00,56.949851900595554
86,2024-01-04 13:00:00,45.05415163737865
87,2024-01-04 14:00:00,37.65213921907248
88,2024-01-04 15:00:00,40.73682239801505
89,2024-01-04 16:00:00,30.385834573162533
90,2024-01-04 17:00:00,33.273953508733136
91,2024-01-04 18:00:00,33.74127668957081
92,2024-01-04 19:00:00,31.26391298908168
93,2024-01-04 20:00:00,37.18587493565706
94,2024-01-04 21:00:00,39.54349268998735
95,2024-01-04 22:00:00,50.5816277525965
96,2024-01-04 23:00:00,37.748127639018506
97,2024-01-05 00:00:00,51.237696374121775
98,2024-01-05 01:00:00,58.54660426360338
99,2024-01-05 02:00:00,67.56830502581523
100,2024-01-05 03:00:00,57.074276666920824
101,2024-01-05 04:00:00,71.94465911958962
102,2024-01-05 05:00:00,64.00748589536516
103,2024-01-05 06:00:00,75.46916659906961
104,2024-01-05 07:00:00,75.85028957554803
105,2024-01-05 08:00:00,68.42584396110612
106,2024-01-05 09:00:00,60.01281034568295
107,2024-01-05 10:00:00,63.612389443647245
108,2024-01-05 11:00:00,50.776145843452355
109,2024-01-05 12:00:00,39.90050046145471
110,2024-01-05 13:00:00,45.005346817093546
111,2024-01-05 14:00:00,38.371243743904934
112,2024-01-05 15:00:00,29.501770819189744
113,2024-01-05 16:00:00,28.485353472735174
114,2024-01-05 17:00:00,32.00808864493227
115,2024-01-05 18:00:00,31.616761696360765
116,2024-01-05 19:00:00,32.78160970177644
117,2024-01-05 20:00:00,35.44454387629822
118,2024-01-05 21:00:00,29.22910347680348
119,2024-01-05 22:00:00,39.670454601174434
120,2024-01-05 23:00:00,45.84448567658998
121,2024-01-06 00:00:00,46.065382042325375
122,2024-01-06 01:00:00,57.355891879972084
123,2024-01-06 02:00:00,56.92830344360615
124,2024-01-06 03:00:00,67.77721758230356
125,2024-01-06 04:00:00,65.31664844953849
126,2024-01-06 05:00:00,63.577254405491246
127,2024-01-06 06:00:00,67.08595078548697
128,2024-01-06 07:00:00,56.30435825423726
129,2024-01-06 08:00:00,77.7405106123471
130,2024-01-06 09:00:00,62.48152939966992
131,2024-01-06 10:00:00,60.94962969620941
132,2024-01-06 11:00:00,58.219275875512416
133,2024-01-06 12:00:00,52.66164274533151
134,2024-01-06 13:00:00,46.87433091849877
135,2024-01-06 14:00:00,41.77088521901331
136,2024-01-06 15:00:00,36.193039097458964
137,2024-01-06 16:00:00,25.952297769024835
138,2024-01-06 17:00:00,40.18515273993967
139,2024-01-06 18:00:00,37.96501704889364
140,2024-01-06 19:00:00,32.486375552658636
141,2024-01-06 20:00:00,33.569225014903424
142,2024-01-06 21:00:00,32.35888320759846
143,2024-01-06 22:00:00,41.83023807862459
144,2024-01-06 23:00:00,41.1910099503841
145,2024-01-07 00:00:00,45.09645134373539
146,2024-01-07 01:00:00,55.88291193232025
147,2024-01-07 02:00:00,51.74792619620433
148,2024-01-07 03:00:00,61.39900201223837
149,2024-01-07 04:00:00,69.11156535031493
150,2024-01-07 05:00:00,64.19247611945056
151,2024-01-07 06:00:00,67.82613174582379
152,2024-01-07 07:00:00,62.69767406126568
153,2024-01-07 08:00:00,65.9658422234382
154,2024-01-07 09:00:00,69.8798119868223
155,2024-01-07 10:00:00,63.96011050002012
156,2024-01-07 11:00:00,50.0719993590149
157,2024-01-07 12:00:00,54.92677343722034
158,2024-01-07 13:00:00,37.33483965437445
159,2024-01-07 14:00:00,45.11987202766914
160,2024-01-07 15:00:00,32.34827502825702
161,2024-01-07 16:00:00,33.554868972236356
162,2024-01-07 17:00:00,31.587903935304947
163,2024-01-07 18:00:00,35.021788004620916
164,2024-01-07 19:00:00,33.127297619773394
165,2024-01-07 20:00:00,37.540165313185796
166,2024-01-07 21:00:00,25.58613442661702
167,2024-01-07 22:00:00,43.276636128074735
168,2024-01-07 23:00:00,49.69789721856945
169,2024-01-08 00:00:00,54.855519079421754
170,2024-01-08 01:00:00,57.82814465704483
171,2024-01-08 02:00:00,58.849231839032555
172,2024-01-08 03:00:00,69.57974015166728
173,2024-01-08 04:00:00,75.65811815391008
174,2024-01-08 05:00:00,63.088013673255695
175,2024-01-08 06:00:00,76.98873852404576
176,2024-01-08 07:00:00,75.20530846921547
177,2024-01-08 08:00:00,67.98473039181935
178,2024-01-08 09:00:00,70.18185665914709
179,2024-01-08 10:00:00,55.36531509051333
180,2024-01-08 11:00:00,54.624950867290046
181,2024-01-08 12:00:00,41.129358602586784
182,2024-01-08 13:00:00,47.81303577925345
183,2024-01-08 14:00:00,46.875439578520336
184,2024-01-08 15:00:00,38.76685501092539
185,2024-01-08 16:00:00,28.410326681985367
186,2024-01-08 17:00:00,27.198374579865256
187,2024-01-08 18:00:00,32.78330139732895
188,2024-01-08 19:00:00,29.121716338961566
189,2024-01-08 20:00:00,39.45735499514244
190,2024-01-08 21:00:00,33.87900115154296
191,2024-01-08 22:00:00,35.370297289098126
192,2024-01-08 23:00:00,43.25552103664972
193,2024-01-09 00:00:00,60.00447094871393
194,2024-01-09 01:00:00,53.22517854261789
195,2024-01-09 02:00:00,67.88661925473089
196,2024-01-09 03:00:00,67.48744269161774
197,2024-01-09 04:00:00,75.67467991909034
198,2024-01-09 05:00:00,69.92970625715762
199,2024-01-09 06:00:00,71.47733739265301
200,2024-01-09 07:00:00,67.89870757059161
201,2024-01-09 08:00:00,67.14876902571305
202,2024-01-09 09:00:00,69.55120592194066
203,2024-01-09 10:00:00,54.899628662748086
204,2024-01-09 11:00:00,53.46760723661703
205,2024-01-09 12:00:00,48.27333114171765
206,2024-01-09 13:00:00,52.66634546121031
207,2024-01-09 14:00:00,38.5052556198115
208,2024-01-09 15:00:00,35.696501022694505
209,2024-01-09 16:00:00,36.47023321482827
210,2024-01-09 17:00:00,28.89776479315084
211,2024-01-09 18:00:00,40.6628303779304
212,2024-01-09 19:00:00,24.453446152466856
213,2024-01-09 20:00:00,39.261593946753266
214,2024-01-09 21:00:00,28.963691646601447
215,2024-01-09 22:00:00,44.0182706442538
216,2024-01-09 23:00:00,42.00229167003693
217,2024-01-10 00:00:00,47.82412406742718
218,2024-01-10 01:00:00,57.6617536987979
219,2024-01-10 02:00:00,56.283254269846395
220,2024-01-10 03:00:00,71.49335916765452
221,2024-01-10 04:00:00,67.27499106830115
222,2024-01-10 05:00:00,76.70296521263475
223,2024-01-10 06:00:00,66.70624892555784
224,2024-01-10 07:00:00,76.394741450404
225,2024-01-10 08:00:00,68.00646297169321
226,2024-01-10 09:00:00,61.92855937962975
227,2024-01-10 10:00:00,71.21403518938382
228,2024-01-10 11:00:00,58.63619747477241
229,2024-01-10 12:00:00,54.16500108287933
230,2024-01-10 13:00:00,53.8691825469534
231,2024-01-10 14:00:00,32.30400688276165
232,2024-01-10 15:00:00,31.420933325023796
233,2024-01-10 16:00:00,35.02355869407909
234,2024-01-10 17:00:00,36.445812598188844
235,2024-01-10 18:00:00,39.81061420524135
236,2024-01-10 19:00:00,36.22792594917607
237,2024-01-10 20:00:00,31.796630656415857
238,2024-01-10 21:00:00,28.182704096821837
239,2024-01-10 22:00:00,43.633730267421
240,2024-01-10 23:00:00,54.02526050627675
241,2024-01-11 00:00:00,46.10670028275927
242,2024-01-11 01:00:00,56.184826536023586
243,2024-01-11 02:00:00,59.65129489116772
244,2024-01-11 03:00:00,61.34838172857469
245,2024-01-11 04:00:00,68.19648221825307
246,2024-01-11 05:00:00,70.60548636046468
247,2024-01-11 06:00:00,67.83404213598517
248,2024-01-11 07:00:00,78.79393122494403
249,2024-01-11 08:00:00,67.37691696276538
250,2024-01-11 09:00:00,77.29452874066881
251,2024-01-11 10:00:00,55.94871467728046
252,2024-01-11 11:00:00,60.50588212914289
253,2024-01-11 12:00:00,49.85282336505386
254,2024-01-11 13:00:00,47.04782932048758
255,2024-01-11 14:00:00,43.581529990675904
256,2024-01-11 15:00:00,41.87926906492852
257,2024-01-11 16:00:00,25.355578445611744
258,2024-01-11 17:00:00,35.294843907241415
259,2024-01-11 18:00:00,29.301049032655
260,2024-01-11 19:00:00,29.825131127734952
261,2024-01-11 20:00:00,41.42165988872774
262,2024-01-11 21:00:00,23.95046857963257
263,2024-01-11 22:00:00,42.81763221686123
264,2024-01-11 23:00:00,48.920922551859036
265,2024-01-12 00:00:00,50.99729561529356
266,2024-01-12 01:00:00,59.177268783281235
267,2024-01-12 02:00:00,66.41898770425026
268,2024-01-12 03:00:00,69.64882550660403
269,2024-01-12 04:00:00,70.06824931535245
270,2024-01-12 05:00:00,59.9456760214736
271,2024-01-12 06:00:00,73.5056854130136
272,2024-01-12 07:00:00,73.7733763980167
273,2024-01-12 08:00:00,73.6101977959787
274,2024-01-12 09:00:00,64.05948462288336
275,2024-01-12 10:00:00,58.55351306116589
276,2024-01-12 11:00:00,55.06348512304594
277,2024-01-12 12:00:00,50.197252678087395
278,2024-01-12 13:00:00,46.00627353726887
279,2024-01-12 14:00:00,41.26767329328389
280,2024-01-12 15:00:00,40.939271630415675
281,2024-01-12 16:00:00,34.413199275113044
282,2024-01-12 17:00:00,38.12452627190959
283,2024-01-12 18:00:00,38.61136619013442
284,2024-01-12 19:00:00,33.71775690013715
285,2024-01-12 20:00:00,38.12984210925506
286,2024-01-12 21:00:00,26.17680105769198
287,2024-01-12 22:00:00,40.07357511649089
288,2024-01-12 23:00:00,44.02152242985734
289,2024-01-13 00:00:00,52.17123087729835
290,2024-01-13 01:00:00,56.64367970636077
291,2024-01-13 02:00:00,65.5006470636872
292,2024-01-13 03:00:00,68.32607084622452
293,2024-01-13 04:00:00,65.91147052754411
294,2024-01-13 05:00:00,67.66183575711611
295,2024-01-13 06:00:00,69.07607612546522
296,2024-01-13 07:00:00,77.5507248303188
297,2024-01-13 08:00:00,70.57489811186785
298,2024-01-13 09:00:00,63.34687797610725
299,2024-01-13 10:00:00,64.43754088482191
300,2024-01-13 11:00:00,60.190862136049276
301,2024-01-13 12:00:00,50.29754363374165
302,2024-01-13 13:00:00,44.68892599192747
303,2024-01-13 14:00:00,37.97098411498482
304,2024-01-13 15:00:00,30.09689688663235
305,2024-01-13 16:00:00,38.35623858635576
306,2024-01-13 17:00:00,29.024976963588323
307,2024-01-13 18:00:00,34.99850518928308
308,2024-01-13 19:00:00,36.03527419682912
309,2024-01-13 20:00:00,29.4879794759034
310,2024-01-13 21:00:00,34.28199107452349
311,2024-01-13 22:00:00,51.10422610645434
312,2024-01-13 23:00:00,56.08973827379164
313,2024-01-14 00:00:00,53.054051390945496
314,2024-01-14 01:00:00,48.51352993041664
315,2024-01-14 02:00:00,61.30751917528814
316,2024-01-14 03:00:00,71.59628250586717
317,2024-01-14 04:00:00,68.61604305909299
318,2024-01-14 05:00:00,76.07757633700686
319,2024-01-14 06:00:00,67.49963847418738
320,2024-01-14 07:00:00,78.40879505528672
321,2024-01-14 08:00:00,73.20115131293974
322,2024-01-14 09:00:00,67.33779064679099
323,2024-01-14 10:00:00,63.51517649368814
324,2024-01-14 11:00:00,57.13568694803796
325,2024-01-14 12:00:00,56.580350055085944
326,2024-01-14 13:00:00,55.56243773156484
327,2024-01-14 14:00:00,39.69349685267304
328,2024-01-14 15:00:00,36.27442733444544
329,2024-01-14 16:00:00,43.28740590363773
330,2024-01-14 17:00:00,36.01337755296128
331,2024-01-14 18:00:00,33.67302786178961
332,2024-01-14 19:00:00,38.72537621043641
333,2024-01-14 20:00:00,32.33166103785811
334,2024-01-14 21:00:00,29.484059758553165
335,2024-01-14 22:00:00,39.79157706973678
336,2024-01-14 23:00:00,46.1097089397561
337,2024-01-15 00:00:00,51.59358959360302
338,2024-01-15 01:00:00,58.83413234142173
339,2024-01-15 02:00:00,63.30473444684691
340,2024-01-15 03:00:00,69.64845152666267
341,2024-01-15 04:00:00,64.53053849129414
342,2024-01-15 05:00:00,74.26232220964641
343,2024-01-15 06:00:00,78.94224475621655
344,2024-01-15 07:00:00,69.26333794590225
345,2024-01-15 08:00:00,68.96612591937335
346,2024-01-15 09:00:00,62.87958160895903
347,2024-01-15 10:00:00,60.28901330353802
348,2024-01-15 11:00:00,56.826378240183594
349,2024-01-15 12:00:00,52.057950515621144
350,2024-01-15 13:00:00,50.25334150909551
351,2024-01-15 14:00:00,35.83824223816215
352,2024-01-15 15:00:00,29.643834237137348
353,2024-01-15 16:00:00,33.47713513454459
354,2024-01-15 17:00:00,34.72406405859299
355,2024-01-15 18:00:00,22.197295504939614
356,2024-01-15 19:00:00,30.90190348354591
357,2024-01-15 20:00:00,34.91773708976824
358,2024-01-15 21:00:00,48.90671363005056
359,2024-01-15 22:00:00,40.909970211647796
360,2024-01-15 23:00:00,39.30201263860306
361,2024-01-16 00:00:00,58.14742710135315
362,2024-01-16 01:00:00,62.24377889254421
363,2024-01-16 02:00:00,64.02105210893879
364,2024-01-16 03:00:00,69.02200049017969
365,2024-01-16 04:00:00,71.99037485817887
366,2024-01-16 05:00:00,70.46409643215894
367,2024-01-16 06:00:00,75.15683735142748
368,2024-01-16 07:00:00,77.21655034434403
369,2024-01-16 08:00:00,57.717164797405694
370,2024-01-16 09:00:00,56.44798228322317
371,2024-01-16 10:00:00,60.15913091984434
372,2024-01-16 11:00:00,49.3692660630455
373,2024-01-16 12:00:00,51.075408290668435
374,2024-01-16 13:00:00,51.067051196439394
375,2024-01-16 14:00:00,42.184334125766306
376,2024-01-16 15:00:00,49.536904699375484
377,2024-01-16 16:00:00,32.171873716374705
378,2024-01-16 17:00:00,38.2926471850576
379,2024-01-16 18:00:00,26.721090904419675
380,2024-01-16 19:00:00,36.42023837854621
381,2024-01-16 20:00:00,35.923005222366434
382,2024-01-16 21:00:00,46.2326396104062
383,2024-01-16 22:00:00,38.80842164946553
384,2024-01-16 23:00:00,48.24244030748198
385,2024-01-17 00:00:00,50.1089376729748
386,2024-01-17 01:00:00,62.10821101526553
387,2024-01-17 02:00:00,71.0988845083432
388,2024-01-17 03:00:00,73.04644454858864
389,2024-01-17 04:00:00,75.09596093321885
390,2024-01-17 05:00:00,67.33811987672043
391,2024-01-17 06:00:00,70.9489421936298
392,2024-01-17 07:00:00,73.40770371869444
393,2024-01-17 08:00:00,65.10884529193005
394,2024-01-17 09:00:00,67.26548621584598
395,2024-01-17 10:00:00,57.12917150679919
396,2024-01-17 11:00:00,58.69227173777868
397,2024-01-17 12:00:00,57.71597239525068
398,2024-01-17 13:00:00,51.64931868709315
399,2024-01-17 14:00:00,37.44204097987494
400,2024-01-17 15:00:00,29.67675229293126
401,2024-01-17 16:00:00,38.352586118802655
402,2024-01-17 17:00:00,33.81680803685106
403,2024-01-17 18:00:00,34.179257678080205
404,2024-01-17 19:00:00,29.594842338091823
405,2024-01-17 20:00:00,43.818321959697414
406,2024-01-17 21:00:00,37.89453283889386
407,2024-01-17 22:00:00,45.84787755208917
408,2024-01-17 23:00:00,48.95303052851699
409,2024-01-18 00:00:00,61.6394117613101
410,2024-01-18 01:00:00,67.82529714653211
411,2024-01-18 02:00:00,70.78854556482263
412,2024-01-18 03:00:00,68.19461580775717
413,2024-01-18 04:00:00,76.9441491357479
414,2024-01-18 05:00:00,82.39531819384814
415,2024-01-18 06:00:00,79.20456299849093
416,2024-01-18 07:00:00,71.53751328066741
417,2024-01-18 08:00:00,63.23328338644517
418,2024-01-18 09:00:00,76.7885100214602
419,2024-01-18 10:00:00,71.19253088502506
420,2024-01-18 11:00:00,57.60427557593379
421,2024-01-18 12:00:00,54.05143226827556
422,2024-01-18 13:00:00,39.92911609514402
423,2024-01-18 14:00:00,48.27278513055567
424,2024-01-18 15:00:00,41.25813757979389
425,2024-01-18 16:00:00,35.87868970206964
426,2024-01-18 17:00:00,33.12098266334231
427,2024-01-18 18:00:00,31.091704714462587
428,2024-01-18 19:00:00,17.91980001942868
429,2024-01-18 20:00:00,41.21472796643443
430,2024-01-18 21:00:00,37.910336747342726
431,2024-01-18 22:00:00,39.38730045335369
432,2024-01-18 23:00:00,43.67245029137309
433,2024-01-19 00:00:00,42.38548879816838
434,2024-01-19 01:00:00,54.4156133642838
435,2024-01-19 02:00:00,68.86402040617727
436,2024-01-19 03:00:00,68.19775603810608
437,2024-01-19 04:00:00,75.48348009329446
438,2024-01-19 05:00:00,81.79933296025999
439,2024-01-19 06:00:00,80.17706235859254
440,2024-01-19 07:00:00,68.26750455677879
441,2024-01-19 08:00:00,67.40054093034715
442,2024-01-19 09:00:00,59.56466311754677
443,2024-01-19 10:00:00,64.24454135378369
444,2024-01-19 11:00:00,60.23531294681115
445,2024-01-19 12:00:00,53.51589977691224
446,2024-01-19 13:00:00,47.02015222437871
447,2024-01-19 14:00:00,41.999256111513624
448,2024-01-19 15:00:00,41.80923797342364
449,2024-01-19 16:00:00,31.861433797205024
450,2024-01-19 17:00:00,38.28300564398981
451,2024-01-19 18:00:00,23.03089373577562
452,2024-01-19 19:00:00,30.41247529130364
453,2024-01-19 20:00:00,48.87182034225055
454,2024-01-19 21:00:00,38.60124753027488
455,2024-01-19 22:00:00,37.44317766046187
456,2024-01-19 23:00:00,46.7685584434085
457,2024-01-20 00:00:00,52.81728770952974
458,2024-01-20 01:00:00,60.82015382257124
459,2024-01-20 02:00:00,65.90488605895862
460,2024-01-20 03:00:00,66.87260109073509
461,2024-01-20 04:00:00,73.1576488271827
462,2024-01-20 05:00:00,75.39927178449835
463,2024-01-20 06:00:00,82.60565413710896
464,2024-01-20 07:00:00,74.14997494762025
465,2024-01-20 08:00:00,72.35318048131347
466,2024-01-20 09:00:00,67.66957874039514
467,2024-01-20 10:00:00,60.95216826098153
468,2024-01-20 11:00:00,61.579998625548356
469,2024-01-20 12:00:00,63.84231408120552
470,2024-01-20 13:00:00,42.38535716639376
471,2024-01-20 14:00:00,41.576674444404944
472,2024-01-20 15:00:00,31.91089154959162
473,2024-01-20 16:00:00,33.76785998114421
474,2024-01-20 17:00:00,31.463903737224147
475,2024-01-20 18:00:00,34.36322955473368
476,2024-01-20 19:00:00,39.60990765677656
477,2024-01-20 20:00:00,35.46727723451524
478,2024-01-20 21:00:00,46.06198902205962
479,2024-01-20 22:00:00,44.301330025367506
480,2024-01-20 23:00:00,53.15599074078744
481,2024-01-21 00:00:00,55.30046213632849
482,2024-01-21 01:00:00,57.89337265878868
483,2024-01-21 02:00:00,70.23871352038043
484,2024-01-21 03:00:00,60.63196283649208
485,2024-01-21 04:00:00,68.80738022016587
486,2024-01-21 05:00:00,70.9012515436373
487,2024-01-21 06:00:00,87.49318884493911
488,2024-01-21 07:00:00,68.34239985840362
489,2024-01-21 08:00:00,69.36416345944082
490,2024-01-21 09:00:00,65.14662144836865
491,2024-01-21 10:00:00,63.77896570870627
492,2024-01-21 11:00:00,59.568212772624435
493,2024-01-21 12:00:00,52.53261790142053
494,2024-01-21 13:00:00,47.285976870175375
495,2024-01-21 14:00:00,41.69702696809702
496,2024-01-21 15:00:00,34.1587232094782
497,2024-01-21 16:00:00,32.93571284114144
498,2024-01-21 17:00:00,30.174007874759255
499,2024-01-21 18:00:00,24.30071632026987
500,2024-01-21 19:00:00,40.853340564248214
501,2024-01-21 20:00:00,35.9705625705581
502,2024-01-21 21:00:00,44.7027292238744
503,2024-01-21 22:00:00,48.1839377072166
504,2024-01-21 23:00:00,50.63768327934274
505,2024-01-22 00:00:00,53.912345136649485
506,2024-01-22 01:00:00,55.550449296862844
507,2024-01-22 02:00:00,68.64562145021561
508,2024-01-22 03:00:00,63.23200562431222
509,2024-01-22 04:00:00,59.044242656564634
510,2024-01-22 05:00:00,63.04380346206324
511,2024-01-22 06:00:00,75.45463384279407
512,2024-01-22 07:00:00,75.85877942667602
513,2024-01-22 08:00:00,68.28564404131512
514,2024-01-22 09:00:00,71.26775282003332
515,2024-01-22 10:00:00,59.11790647220094
516,2024-01-22 11:00:00,55.39897579046143
517,2024-01-22 12:00:00,53.79048742270929
518,2024-01-22 13:00:00,46.392691981883864
519,2024-01-22 14:00:00,52.061163281180576
520,2024-01-22 15:00:00,40.21118673399213
521,2024-01-22 16:00:00,33.72858872863525
522,2024-01-22 17:00:00,40.43714591167282
523,2024-01-22 18:00:00,28.4297079680777
524,2024-01-22 19:00:00,30.694951627769683
525,2024-01-22 20:00:00,33.016225001820615
526,2024-01-22 21:00:00,41.41904612811753
527,2024-01-22 22:00:00,37.342143917216504
528,2024-01-22 23:00:00,50.210713070357116
529,2024-01-23 00:00:00,61.34287606096782
530,2024-01-23 01:00:00,55.732127029017434
531,2024-01-23 02:00:00,55.33269907803587
532,2024-01-23 03:00:00,74.88413237710829
533,2024-01-23 04:00:00,70.57464341819575
534,2024-01-23 05:00:00,77.44191585656068
535,2024-01-23 06:00:00,74.9661027572825
536,2024-01-23 07:00:00,67.91971018228175
537,2024-01-23 08:00:00,78.11147072939335
538,2024-01-23 09:00:00,78.48477947188988
539,2024-01-23 10:00:00,63.037594106799915
540,2024-01-23 11:00:00,57.286373002280556
541,2024-01-23 12:00:00,60.05673138806331
542,2024-01-23 13:00:00,45.61898888715718
543,2024-01-23 14:00:00,36.86237634953329
544,2024-01-23 15:00:00,29.731358731801713
545,2024-01-23 16:00:00,33.82862067024041
546,2024-01-23 17:00:00,27.465939535319023
547,2024-01-23 18:00:00,36.5736820003113
548,2024-01-23 19:00:00,33.21304408795603
549,2024-01-23 20:00:00,42.61702926356126
550,2024-01-23 21:00:00,32.83247775143382
551,2024-01-23 22:00:00,46.39169540694874
552,2024-01-23 23:00:00,51.357796816026244
553,2024-01-24 00:00:00,49.62129630603213
554,2024-01-24 01:00:00,62.760192024018416
555,2024-01-24 02:00:00,64.6882789708948
556,2024-01-24 03:00:00,55.69719991037122
557,2024-01-24 04:00:00,67.6428397698144
558,2024-01-24 05:00:00,77.75259177514961
559,2024-01-24 06:00:00,75.40829383824737
560,2024-01-24 07:00:00,80.24624671616868
561,2024-01-24 08:00:00,71.84319780670096
562,2024-01-24 09:00:00,65.65152085169227
563,2024-01-24 10:00:00,62.26658926324554
564,2024-01-24 11:00:00,59.341260515772234
565,2024-01-24 12:00:00,52.2217846360935
566,2024-01-24 13:00:00,52.21103191171051
567,2024-01-24 14:00:00,42.41636499032136
568,2024-01-24 15:00:00,39.40534370094514
569,2024-01-24 16:00:00,38.342593556789545
570,2024-01-24 17:00:00,26.28237139290821
571,2024-01-24 18:00:00,24.44436475559685
572,2024-01-24 19:00:00,35.64260825713746
573,2024-01-24 20:00:00,36.058731981865805
574,2024-01-24 21:00:00,45.837237092900956
575,2024-01-24 22:00:00,45.44594965610672
576,2024-01-24 23:00:00,50.719603666632565
577,2024-01-25 00:00:00,55.310223049520516
578,2024-01-25 01:00:00,57.38726774605499
579,2024-01-25 02:00:00,62.771707524527315
580,2024-01-25 03:00:00,63.30978915264065
581,2024-01-25 04:00:00,76.42105091270489
582,2024-01-25 05:00:00,75.20574809723374
583,2024-01-25 06:00:00,76.40744968266081
584,2024-01-25 07:00:00,72.27477161406485
585,2024-01-25 08:00:00,67.48647873203319
586,2024-01-25 09:00:00,64.26945315158133
587,2024-01-25 10:00:00,60.29160429133124
588,2024-01-25 11:00:00,56.56882048691246
589,2024-01-25 12:00:00,58.54526259880041
590,2024-01-25 13:00:00,54.197468110209314
591,2024-01-25 14:00:00,46.68830016206659
592,2024-01-25 15:00:00,33.93220467227855
593,2024-01-25 16:00:00,30.907431055091223
594,2024-01-25 17:00:00,40.59967752031201
595,2024-01-25 18:00:00,35.16888144955239
596,2024-01-25 19:00:00,40.47872535522774
597,2024-01-25 20:00:00,32.653107064760064
598,2024-01-25 21:00:00,54.127088825216234
599,2024-01-25 22:00:00,42.323226600043164
600,2024-01-25 23:00:00,49.304041132178334
601,2024-01-26 00:00:00,51.988281281657024
602,2024-01-26 01:00:00,61.06062526991221
603,2024-01-26 02:00:00,72.39407939689339
604,2024-01-26 03:00:00,61.11105672021597
605,2024-01-26 04:00:00,72.61866916920569
606,2024-01-26 05:00:00,78.46955716952466
607,2024-01-26 06:00:00,78.169006425646
608,2024-01-26 07:00:00,71.08647539978432
609,2024-01-26 08:00:00,74.50991021171829
610,2024-01-26 09:00:00,66.46244770063014
611,2024-01-26 10:00:00,62.38722455681165
612,2024-01-26 11:00:00,51.1242216074463
613,2024-01-26 12:00:00,50.058342356087735
614,2024-01-26 13:00:00,57.61824380207141
615,2024-01-26 14:00:00,48.09554502235815
616,2024-01-26 15:00:00,41.504175574677184
617,2024-01-26 16:00:00,36.9864276492282
618,2024-01-26 17:00:00,43.2950672537971
619,2024-01-26 18:00:00,30.278114002117178
620,2024-01-26 19:00:00,44.85157206131163
621,2024-01-26 20:00:00,38.1419370125341
622,2024-01-26 21:00:00,41.90301587577914
623,2024-01-26 22:00:00,42.850927285855555
624,2024-01-26 23:00:00,51.79606709137126
625,2024-01-27 00:00:00,52.006749620741274
626,2024-01-27 01:00:00,61.75838681854664
627,2024-01-27 02:00:00,62.14229477894658
628,2024-01-27 03:00:00,67.80941919071554
629,2024-01-27 04:00:00,72.11797637944255
630,2024-01-27 05:00:00,72.88177469827099
631,2024-01-27 06:00:00,71.76955122582156
632,2024-01-27 07:00:00,73.77452304593251
633,2024-01-27 08:00:00,68.38299363602333
634,2024-01-27 09:00:00,74.86698184636433
635,2024-01-27 10:00:00,65.63100036119339
636,2024-01-27 11:00:00,63.341850254678896
637,2024-01-27 12:00:00,50.112199153082884
638,2024-01-27 13:00:00,49.32456940197176
639,2024-01-27 14:00:00,47.54058999821924
640,2024-01-27 15:00:00,31.40989144328492
641,2024-01-27 16:00:00,41.0834744712059
642,2024-01-27 17:00:00,31.712740408069585
643,2024-01-27 18:00:00,22.525285451485157
644,2024-01-27 19:00:00,30.908174750288225
645,2024-01-27 20:00:00,35.80906183216143
646,2024-01-27 21:00:00,33.54409646412178
647,2024-01-27 22:00:00,45.549651608025414
648,2024-01-27 23:00:00,50.12823558389102
649,2024-01-28 00:00:00,54.778432235865104
650,2024-01-28 01:00:00,59.15582508706359
651,2024-01-28 02:00:00,64.05612597200259
652,2024-01-28 03:00:00,75.68970826457308
653,2024-01-28 04:00:00,85.69977208919872
654,2024-01-28 05:00:00,79.05844960274297
655,2024-01-28 06:00:00,68.46850318762894
656,2024-01-28 07:00:00,82.14076590082679
657,2024-01-28 08:00:00,85.60610550629114
658,2024-01-28 09:00:00,67.21051879468567
659,2024-01-28 10:00:00,73.32197455942725
660,2024-01-28 11:00:00,60.6872139803061
661,2024-01-28 12:00:00,55.60109911363372
662,2024-01-28 13:00:00,46.56067790045194
663,2024-01-28 14:00:00,42.490035267455625
664,2024-01-28 15:00:00,43.4340507990056
665,2024-01-28 16:00:00,30.240632363884814
666,2024-01-28 17:00:00,34.32489335977157
667,2024-01-28 18:00:00,29.465213674143882
668,2024-01-28 19:00:00,24.623478633967185
669,2024-01-28 20:00:00,35.69387266355932
670,2024-01-28 21:00:00,37.56482227553082
671,2024-01-28 22:00:00,36.67463773946878
672,2024-01-28 23:00:00,55.62462254050614
673,2024-01-29 00:00:00,56.328747061023826
674,2024-01-29 01:00:00,65.14233775490507
675,2024-01-29 02:00:00,57.839333192439305
676,2024-01-29 03:00:00,67.54142859692435
677,2024-01-29 04:00:00,72.24876334876457
678,2024-01-29 05:00:00,77.16705905950424
679,2024-01-29 06:00:00,72.69454721768689
680,2024-01-29 07:00:00,64.69749325544535
681,2024-01-29 08:00:00,77.24741213339755
682,2024-01-29 09:00:00,66.68336770008575
683,2024-01-29 10:00:00,59.88975591483753
684,2024-01-29 11:00:00,62.75241649913959
685,2024-01-29 12:00:00,48.97391103447547
686,2024-01-29 13:00:00,48.80941695410862
687,2024-01-29 14:00:00,39.16801992294273
688,2024-01-29 15:00:00,36.60833247427595
689,2024-01-29 16:00:00,32.50958677196445
690,2024-01-29 17:00:00,38.22249469532309
691,2024-01-29 18:00:00,30.72089712835331
692,2024-01-29 19:00:00,30.629993898211595
693,2024-01-29 20:00:00,41.53964324234356
694,2024-01-29 21:00:00,36.50537254193735
695,2024-01-29 22:00:00,34.37807406371334
696,2024-01-29 23:00:00,50.11782140351284
697,2024-01-30 00:00:00,58.71403911044662
698,2024-01-30 01:00:00,58.157378206769955
699,2024-01-30 02:00:00,63.966174041356446
700,2024-01-30 03:00:00,66.65333076040332
701,2024-01-30 04:00:00,70.66436320031619
702,2024-01-30 05:00:00,63.6943092437169
703,2024-01-30 06:00:00,70.7814715040183
704,2024-01-30 07:00:00,72.50091632725744
705,2024-01-30 08:00:00,74.3809064328651
706,2024-01-30 09:00:00,63.70523429608053
707,2024-01-30 10:00:00,63.49463268891009
708,2024-01-30 11:00:00,56.578353333101646
709,2024-01-30 12:00:00,52.832592049926696
710,2024-01-30 13:00:00,42.72388839045562
711,2024-01-30 14:00:00,51.45856738557032
712,2024-01-30 15:00:00,38.20103693135125
713,2024-01-30 16:00:00,29.521674434407814
714,2024-01-30 17:00:00,25.71033493525009
715,2024-01-30 18:00:00,34.619910576705436
716,2024-01-30 19:00:00,40.34111064549449
717,2024-01-30 20:00:00,27.161197877820367
718,2024-01-30 21:00:00,46.40770489278158
719,2024-01-30 22:00:00,50.00926745573303
720,2024-01-30 23:00:00,48.10736534521283
721,2024-01-31 00:00:00,45.99795471202529
722,2024-01-31 01:00:00,65.95885056327027
723,2024-01-31 02:00:00,66.5045319168033
724,2024-01-31 03:00:00,64.90487717029625
725,2024-01-31 04:00:00,69.31097825741637
726,2024-01-31 05:00:00,70.15208129808912
727,2024-01-31 06:00:00,80.05395227602816
728,2024-01-31 07:00:00,79.72087143821688
729,2024-01-31 08:00:00,67.75221520915714
730,2024-01-31 09:00:00,77.16254870755638
731,2024-01-31 10:00:00,56.66944077394163
732,2024-01-31 11:00:00,55.37974093245495
733,2024-01-31 12:00:00,58.14735100962381
734,2024-01-31 13:00:00,49.390544550443636
735,2024-01-31 14:00:00,43.4229069452585
736,2024-01-31 15:00:00,40.354253599847354
737,2024-01-31 16:00:00,38.62540995771673
738,2024-01-31 17:00:00,34.96933490818101
739,2024-01-31 18:00:00,40.55748994381689
740,2024-01-31 19:00:00,30.034179327340503
741,2024-01-31 20:00:00,29.755170311426763
742,2024-01-31 21:00:00,35.789616660906425
743,2024-01-31 22:00:00,50.73246669385626
744,2024-01-31 23:00:00,46.19957969268853
745,2024-02-01 00:00:00,59.96901738595606
746,2024-02-01 01:00:00,70.32185890133448
747,2024-02-01 02:00:00,64.93657415344065
748,2024-02-01 03:00:00,64.78941636835081
749,2024-02-01 04:00:00,81.3946377311448
750,2024-02-01 05:00:00,76.68444036452675
751,2024-02-01 06:00:00,81.24518445251118
752,2024-02-01 07:00:00,68.5332642936762
753,2024-02-01 08:00:00,72.21709276109901
754,2024-02-01 09:00:00,65.87523728674951
755,2024-02-01 10:00:00,55.940772046959616
756,2024-02-01 11:00:00,61.134001100524166
757,2024-02-01 12:00:00,62.085755161662306
758,2024-02-01 13:00:00,54.5320089526614
759,2024-02-01 14:00:00,52.80839102256756
760,2024-02-01 15:00:00,44.3544016324467
761,2024-02-01 16:00:00,38.86754664438592
762,2024-02-01 17:00:00,31.82002831915024
763,2024-02-01 18:00:00,31.94200531336621
764,2024-02-01 19:00:00,21.82844207863765
765,2024-02-01 20:00:00,31.611278644494327
766,2024-02-01 21:00:00,41.537072545654766
767,2024-02-01 22:00:00,44.365985933393745
768,2024-02-01 23:00:00,46.08196672463616
769,2024-02-02 00:00:00,46.47795602150362
770,2024-02-02 01:00:00,68.92108376239267
771,2024-02-02 02:00:00,75.79163035950359
772,2024-02-02 03:00:00,58.31171328538134
773,2024-02-02 04:00:00,66.79587163253669
774,2024-02-02 05:00:00,72.70467275997936
775,2024-02-02 06:00:00,75.55329364602316
776,2024-02-02 07:00:00,78.00774409107333
777,2024-02-02 08:00:00,73.25698647032866
778,2024-02-02 09:00:00,72.40221423002102
779,2024-02-02 10:00:00,64.81897182167985
780,2024-02-02 11:00:00,61.16746219131773
781,2024-02-02 12:00:00,56.522649538024716
782,2024-02-02 13:00:00,53.419380285880806
783,2024-02-02 14:00:00,42.691593035737256
784,2024-02-02 15:00:00,33.179156489443656
785,2024-02-02 16:00:00,37.54793972293393
786,2024-02-02 17:00:00,23.697469297754353
787,2024-02-02 18:00:00,33.113945647489814
788,2024-02-02 19:00:00,25.98373303276694
789,2024-02-02 20:00:00,42.59297884320489
790,2024-02-02 21:00:00,41.749256356119055
791,2024-02-02 22:00:00,51.39329864009977
792,2024-02-02 23:00:00,45.035227270056296
793,2024-02-03 00:00:00,61.381437839710046
794,2024-02-03 01:00:00,60.37776263647095
795,2024-02-03 02:00:00,64.0743122315282
796,2024-02-03 03:00:00,71.37609963734903
797,2024-02-03 04:00:00,76.25023630790142
798,2024-02-03 05:00:00,68.00345902226135
799,2024-02-03 06:00:00,75.22727825247541
800,2024-02-03 07:00:00,72.83599335920502
801,2024-02-03 08:00:00,71.97390983601049
802,2024-02-03 09:00:00,69.17217821380963
803,2024-02-03 10:00:00,68.7478765618151
804,2024-02-03 11:00:00,62.24905894098436
805,2024-02-03 12:00:00,44.85408075252538
806,2024-02-03 13:00:00,53.888301365490086
807,2024-02-03 14:00:00,56.8991236401208
808,2024-02-03 15:00:00,46.91335405485575
809,2024-02-03 16:00:00,34.26761112358999
810,2024-02-03 17:00:00,37.346041233322104
811,2024-02-03 18:00:00,29.667114966253017
812,2024-02-03 19:00:00,36.03957814029588
813,2024-02-03 20:00:00,39.379403619731015
814,2024-02-03 21:00:00,43.513042131274894
815,2024-02-03 22:00:00,42.90571305207491
816,2024-02-03 23:00:00,44.69974629034701
817,2024-02-04 00:00:00,51.15488880407476
818,2024-02-04 01:00:00,61.77467358893324
819,2024-02-04 02:00:00,61.06153484189752
820,2024-02-04 03:00:00,68.8601491536552
821,2024-02-04 04:00:00,70.94967985817985
822,2024-02-04 05:00:00,78.35276757741545
823,2024-02-04 06:00:00,84.86215757060738
824,2024-02-04 07:00:00,71.95986716545133
825,2024-02-04 08:00:00,70.2111317768075
826,2024-02-04 09:00:00,60.87584278602655
827,2024-02-04 10:00:00,75.78281767517555
828,2024-02-04 11:00:00,59.334177901378304
829,2024-02-04 12:00:00,60.130742903920435
830,2024-02-04 13:00:00,49.28457109256391
831,2024-02-04 14:00:00,36.17377328038915
832,2024-02-04 15:00:00,40.42746466057386
833,2024-02-04 16:00:00,38.35437447721994
834,2024-02-04 17:00:00,37.23345724464368
835,2024-02-04 18:00:00,30.962039475905584
836,2024-02-04 19:00:00,33.657266019847924
837,2024-02-04 20:00:00,43.76957658351589
838,2024-02-04 21:00:00,38.52072464883867
839,2024-02-04 22:00:00,49.451590602631605
840,2024-02-04 23:00:00,59.17780879772948
841,2024-02-05 00:00:00,62.316802340030634
842,2024-02-05 01:00:00,59.7621256879539
843,2024-02-05 02:00:00,63.276320486647194
844,2024-02-05 03:00:00,61.11747556676625
845,2024-02-05 04:00:00,71.6102306809546
846,2024-02-05 05:00:00,69.52703873783913
847,2024-02-05 06:00:00,76.92331688337634
848,2024-02-05 07:00:00,81.58035235959622
849,2024-02-05 08:00:00,71.71433742839831
850,2024-02-05 09:00:00,66.89008205395226
851,2024-02-05 10:00:00,68.85394960316822
852,2024-02-05 11:00:00,68.84296827660097
853,2024-02-05 12:00:00,60.47843838584501
854,2024-02-05 13:00:00,49.829815996180955
855,2024-02-05 14:00:00,42.92699283787408
856,2024-02-05 15:00:00,32.52773363157452
857,2024-02-05 16:00:00,36.27690033133882
858,2024-02-05 17:00:00,33.42160710925302
859,2024-02-05 18:00:00,35.95171295956148
860,2024-02-05 19:00:00,30.819803052730297
861,2024-02-05 20:00:00,37.198445769639434
862,2024-02-05 21:00:00,45.426041882786876
863,2024-02-05 22:00:00,44.063571965654056
864,2024-02-05 23:00:00,37.65768570157033
865,2024-02-06 00:00:00,53.12387617099307
866,2024-02-06 01:00:00,63.7454789666024
867,2024-02-06 02:00:00,60.45931958214158
868,2024-02-06 03:00:00,65.2067524892712
869,2024-02-06 04:00:00,67.0254487216724
870,2024-02-06 05:00:00,76.17121588404368
871,2024-02-06 06:00:00,80.84506884993363
872,2024-02-06 07:00:00,72.72123522972582
873,2024-02-06 08:00:00,75.99422251150907
874,2024-02-06 09:00:00,71.734754361168
875,2024-02-06 10:00:00,66.16972038049003
876,2024-02-06 11:00:00,57.019111734207456
877,2024-02-06 12:00:00,57.89962195393129
878,2024-02-06 13:00:00,57.67929232540654
879,2024-02-06 14:00:00,48.255339604831484
880,2024-02-06 15:00:00,40.6373285072906
881,2024-02-06 16:00:00,37.6520348867878
882,2024-02-06 17:00:00,34.66446067110948
883,2024-02-06 18:00:00,38.86949391096463
884,2024-02-06 19:00:00,41.548717428847674
885,2024-02-06 20:00:00,36.05959412188633
886,2024-02-06 21:00:00,29.267133483456824
887,2024-02-06 22:00:00,52.2162397957438
888,2024-02-06 23:00:00,51.66164981390346
889,2024-02-07 00:00:00,53.894889280135594
890,2024-02-07 01:00:00,62.96236315873245
891,2024-02-07 02:00:00,70.22849588575005
892,2024-02-07 03:00:00,68.13406951279565
893,2024-02-07 04:00:00,61.15544425786043
894,2024-02-07 05:00:00,67.83587293151571
895,2024-02-07 06:00:00,73.0297647123336
896,2024-02-07 07:00:00,77.73493668435673
897,2024-02-07 08:00:00,72.49242379607588
898,2024-02-07 09:00:00,71.58255177989052
899,2024-02-07 10:00:00,62.68130941455769
900,2024-02-07 11:00:00,63.58108642148318
901,2024-02-07 12:00:00,60.04066312039478
902,2024-02-07 13:00:00,51.324265728026184
903,2024-02-07 14:00:00,41.954532093938546
904,2024-02-07 15:00:00,41.616711982647814
905,2024-02-07 16:00:00,32.29679836727117
906,2024-02-07 17:00:00,41.80330809227604
907,2024-02-07 18:00:00,33.98635096323316
908,2024-02-07 19:00:00,29.78999319648748
909,2024-02-07 20:00:00,34.245662663772734
910,2024-02-07 21:00:00,40.78194805942891
911,2024-02-07 22:00:00,56.39598421331063
912,2024-02-07 23:00:00,47.116152217886125
913,2024-02-08 00:00:00,55.46970010830143
914,2024-02-08 01:00:00,59.235418642573705
915,2024-02-08 02:00:00,66.84258356401601
916,2024-02-08 03:00:00,69.74623486114994
917,2024-02-08 04:00:00,80.85907911405326
918,2024-02-08 05:00:00,74.49490182562509
919,2024-02-08 06:00:00,73.21917308146152
920,2024-02-08 07:00:00,79.43997016037551
921,2024-02-08 08:00:00,85.66181754686882
922,2024-02-08 09:00:00,68.05304485386158
923,2024-02-08 10:00:00,67.75284762341984
924,2024-02-08 11:00:00,77.66070198655834
925,2024-02-08 12:00:00,57.69963275838727
926,2024-02-08 13:00:00,51.09301446766626
927,2024-02-08 14:00:00,39.86654880582282
928,2024-02-08 15:00:00,45.105407459707884
929,2024-02-08 16:00:00,35.66470564937391
930,2024-02-08 17:00:00,39.268786501223616
931,2024-02-08 18:00:00,38.57896859206653
932,2024-02-08 19:00:00,30.33013718847948
933,2024-02-08 20:00:00,36.85134470386286
934,2024-02-08 21:00:00,38.35152815166304
935,2024-02-08 22:00:00,50.70971292623267
936,2024-02-08 23:00:00,50.2483957068796
937,2024-02-09 00:00:00,51.65210522922712
938,2024-02-09 01:00:00,58.31197181792244
939,2024-02-09 02:00:00,66.5065818155927
940,2024-02-09 03:00:00,68.15091556401977
941,2024-02-09 04:00:00,74.67093822998321
942,2024-02-09 05:00:00,71.73192941241085
943,2024-02-09 06:00:00,79.81291532018521
944,2024-02-09 07:00:00,72.19324329912425
945,2024-02-09 08:00:00,71.75272610848013
946,2024-02-09 09:00:00,71.14381839901742
947,2024-02-09 10:00:00,71.88535539030832
948,2024-02-09 11:00:00,64.27527327473982
949,2024-02-09 12:00:00,48.16308343386472
950,2024-02-09 13:00:00,45.734838017953955
951,2024-02-09 14:00:00,53.5058105712847
952,2024-02-09 15:00:00,33.10238145651796
953,2024-02-09 16:00:00,39.775683423836355
954,2024-02-09 17:00:00,37.310422533939885
955,2024-02-09 18:00:00,31.419662935618923
956,2024-02-09 19:00:00,35.79476392414057
957,2024-02-09 20:00:00,49.814396283572265
958,2024-02-09 21:00:00,44.825126952264476
959,2024-02-09 22:00:00,44.26376835319593
960,2024-02-09 23:00:00,53.1574263852937
961,2024-02-10 00:00:00,48.6732260482785
962,2024-02-10 01:00:00,57.82574028824922
963,2024-02-10 02:00:00,64.80746721940444
964,2024-02-10 03:00:00,71.98158484891694
965,2024-02-10 04:00:00,76.05528199412497
966,2024-02-10 05:00:00,72.47277604110552
967,2024-02-10 06:00:00,79.62683644210242
968,2024-02-10 07:00:00,72.50687272597736
969,2024-02-10 08:00:00,67.77188826600062
970,2024-02-10 09:00:00,66.98814253029852
971,2024-02-10 10:00:00,60.45541546445982
972,2024-02-10 11:00:00,64.37823019361655
973,2024-02-10 12:00:00,57.200704708356156
974,2024-02-10 13:00:00,48.9239830976518
975,2024-02-10 14:00:00,53.521257354207904
976,2024-02-10 15:00:00,41.30248432536886
977,2024-02-10 16:00:00,45.27081121209294
978,2024-02-10 17:00:00,46.72634528033677
979,2024-02-10 18:00:00,38.70496060333081
980,2024-02-10 19:00:00,38.6171330861879
981,2024-02-10 20:00:00,40.25477191049618
982,2024-02-10 21:00:00,39.55715346052943
983,2024-02-10 22:00:00,43.48600540203917
984,2024-02-10 23:00:00,57.323888579929196
985,2024-02-11 00:00:00,58.88805562683775
986,2024-02-11 01:00:00,55.58098685090415
987,2024-02-11 02:00:00,74.80968263064624
988,2024-02-11 03:00:00,64.0201189521035
989,2024-02-11 04:00:00,77.71218545373111
990,2024-02-11 05:00:00,79.52145861275072
991,2024-02-11 06:00:00,81.64995285102971
992,2024-02-11 07:00:00,80.94961335201123
993,2024-02-11 08:00:00,66.16069787453918
994,2024-02-11 09:00:00,68.55501115448364
995,2024-02-11 10:00:00,67.94043833953495
996,2024-02-11 11:00:00,65.28743032186806
997,2024-02-11 12:00:00,57.45087676671626
998,2024-02-11 13:00:00,51.550017059592705
999,2024-02-11 14:00:00,40.17755193034769
1000,2024-02-11 15:00:00,47.88391130057204
1001,2024-02-11 16:00:00,36.46655714730979
1002,2024-02-11 17:00:00,38.07310424585515
1003,2024-02-11 18:00:00,36.22065588054649
1004,2024-02-11 19:00:00,27.864936660657527
1005,2024-02-11 20:00:00,37.169005665833765
1006,2024-02-11 21:00:00,44.35238809612277
1007,2024-02-11 22:00:00,35.814742059016226
1008,2024-02-11 23:00:00,40.264744374387945
1009,2024-02-12 00:00:00,59.213327752505904
1010,2024-02-12 01:00:00,65.96698531507448
1011,2024-02-12 02:00:00,52.27773521006587
1012,2024-02-12 03:00:00,72.30524515430768
1013,2024-02-12 04:00:00,72.00061925872171
1014,2024-02-12 05:00:00,87.3008661652221
1015,2024-02-12 06:00:00,77.76092966157631
1016,2024-02-12 07:00:00,74.24470966632529
1017,2024-02-12 08:00:00,78.27137534927277
1018,2024-02-12 09:00:00,62.3217624327858
1019,2024-02-12 10:00:00,65.17004101704929
1020,2024-02-12 11:00:00,66.5827168125052
1021,2024-02-12 12:00:00,63.139445481276894
1022,2024-02-12 13:00:00,57.36560057189237
1023,2024-02-12 14:00:00,44.79135927390516
1024,2024-02-12 15:00:00,48.63269840300193
1025,2024-02-12 16:00:00,35.41740512705757
1026,2024-02-12 17:00:00,36.94545149511955
1027,2024-02-12 18:00:00,36.352248423516045
1028,2024-02-12 19:00:00,34.1128312361927
1029,2024-02-12 20:00:00,34.149784262818045
1030,2024-02-12 21:00:00,37.50757590016713
1031,2024-02-12 22:00:00,50.67296416588408
1032,2024-02-12 23:00:00,58.028319365469976
1033,2024-02-13 00:00:00,54.309466579083505
1034,2024-02-13 01:00:00,63.725660130486084
1035,2024-02-13 02:00:00,62.491763162872715
1036,2024-02-13 03:00:00,71.54608922439492
1037,2024-02-13 04:00:00,75.35716016796451
1038,2024-02-13 05:00:00,83.22622784817023
1039,2024-02-13 06:00:00,78.48084973951732
1040,2024-02-13 07:00:00,78.36545152535825
1041,2024-02-13 08:00:00,81.8859195709697
1042,2024-02-13 09:00:00,70.68252860742297
1043,2024-02-13 10:00:00,68.75419080230374
1044,2024-02-13 11:00:00,58.3675060167933
1045,2024-02-13 12:00:00,57.707991027634
1046,2024-02-13 13:00:00,51.6372132106412
1047,2024-02-13 14:00:00,43.78889233586996
1048,2024-02-13 15:00:00,42.97376306704343
1049,2024-02-13 16:00:00,46.66553714176666
1050,2024-02-13 17:00:00,34.840864467305074
1051,2024-02-13 18:00:00,37.36956227545262
1052,2024-02-13 19:00:00,36.29457043213491
1053,2024-02-13 20:00:00,41.225929972772015
1054,2024-02-13 21:00:00,35.31915555648095
1055,2024-02-13 22:00:00,44.46641786314384
1056,2024-02-13 23:00:00,55.92224694361672
1057,2024-02-14 00:00:00,54.23294808082356
1058,2024-02-14 01:00:00,61.8903413917913
1059,2024-02-14 02:00:00,73.83974373488718
1060,2024-02-14 03:00:00,69.9114095561191
1061,2024-02-14 04:00:00,61.68402981629101
1062,2024-02-14 05:00:00,70.2087017475427
1063,2024-02-14 06:00:00,66.5662539317033
1064,2024-02-14 07:00:00,78.02757757741452
1065,2024-02-14 08:00:00,70.41229266452484
1066,2024-02-14 09:00:00,67.06888721801947
1067,2024-02-14 10:00:00,72.21572309925206
1068,2024-02-14 11:00:00,63.49148303000146
1069,2024-02-14 12:00:00,60.57709962926957
1070,2024-02-14 13:00:00,53.00465893438456
1071,2024-02-14 14:00:00,45.18856975753523
1072,2024-02-14 15:00:00,38.04722108678669
1073,2024-02-14 16:00:00,40.377251207295785
1074,2024-02-14 17:00:00,36.897270586862334
1075,2024-02-14 18:00:00,43.19837810201638
1076,2024-02-14 19:00:00,40.13527212240687
1077,2024-02-14 20:00:00,41.862120780558335
1078,2024-02-14 21:00:00,44.41926765796056
1079,2024-02-14 22:00:00,38.63325052255007
1080,2024-02-14 23:00:00,47.13990342473258
1081,2024-02-15 00:00:00,60.5728967132124
1082,2024-02-15 01:00:00,64.33435991973055
1083,2024-02-15 02:00:00,66.06873191103752
1084,2024-02-15 03:00:00,61.66587892131165
1085,2024-02-15 04:00:00,80.6127283676201
1086,2024-02-15 05:00:00,69.03166348758047
1087,2024-02-15 06:00:00,80.83872673782753
1088,2024-02-15 07:00:00,79.98996638153687
1089,2024-02-15 08:00:00,59.213709600808116
1090,2024-02-15 09:00:00,74.33097881590403
1091,2024-02-15 10:00:00,61.97656682725276
1092,2024-02-15 11:00:00,58.86975379509609
1093,2024-02-15 12:00:00,56.01346813073732
1094,2024-02-15 13:00:00,48.499311651282945
1095,2024-02-15 14:00:00,43.04434451178038
1096,2024-02-15 15:00:00,46.08013116094702
1097,2024-02-15 16:00:00,45.54842256898071
1098,2024-02-15 17:00:00,46.880856489335805
1099,2024-02-15 18:00:00,43.45865841237003
1100,2024-02-15 19:00:00,35.286154449226096
1101,2024-02-15 20:00:00,43.879891365138946
1102,2024-02-15 21:00:00,37.847526339439
1103,2024-02-15 22:00:00,44.07155097198853
1104,2024-02-15 23:00:00,47.393057912363346
1105,2024-02-16 00:00:00,70.07507738322819
1106,2024-02-16 01:00:00,73.46877914195133
1107,2024-02-16 02:00:00,68.41808119928605
1108,2024-02-16 03:00:00,70.9602133994575
1109,2024-02-16 04:00:00,70.70828467668572
1110,2024-02-16 05:00:00,77.55078785293571
1111,2024-02-16 06:00:00,76.67563000761929
1112,2024-02-16 07:00:00,77.13806916171116
1113,2024-02-16 08:00:00,72.17908122770143
1114,2024-02-16 09:00:00,67.38027595340057
1115,2024-02-16 10:00:00,63.43334582970958
1116,2024-02-16 11:00:00,50.83429010897808
1117,2024-02-16 12:00:00,57.68554668831395
1118,2024-02-16 13:00:00,48.99381194427999
1119,2024-02-16 14:00:00,45.65659178413504
1120,2024-02-16 15:00:00,33.973300342209924
1121,2024-02-16 16:00:00,35.51790556804283
1122,2024-02-16 17:00:00,36.675826370735614
1123,2024-02-16 18:00:00,36.192721772384104
1124,2024-02-16 19:00:00,35.420200068847876
1125,2024-02-16 20:00:00,44.3346084206706
1126,2024-02-16 21:00:00,48.851085392338966
1127,2024-02-16 22:00:00,52.94399876376219
1128,2024-02-16 23:00:00,49.10032945086711
1129,2024-02-17 00:00:00,62.417487659394915
1130,2024-02-17 01:00:00,59.13949855277344
1131,2024-02-17 02:00:00,71.558103551154
1132,2024-02-17 03:00:00,72.20972662007959
1133,2024-02-17 04:00:00,78.09728600812772
1134,2024-02-17 05:00:00,74.25200943252818
1135,2024-02-17 06:00:00,71.45467626877654
1136,2024-02-17 07:00:00,67.15794337886442
1137,2024-02-17 08:00:00,70.77859630641443
1138,2024-02-17 09:00:00,74.51222977876563
1139,2024-02-17 10:00:00,65.40246881145406
1140,2024-02-17 11:00:00,61.8859169065822
1141,2024-02-17 12:00:00,63.41191019804545
1142,2024-02-17 13:00:00,46.003121366402304
1143,2024-02-17 14:00:00,51.12991001136796
1144,2024-02-17 15:00:00,43.61754627122262
1145,2024-02-17 16:00:00,36.23804768331955
1146,2024-02-17 17:00:00,31.263041923760145
1147,2024-02-17 18:00:00,39.90910635227564
1148,2024-02-17 19:00:00,42.12983785045632
1149,2024-02-17 20:00:00,44.132135719748156
1150,2024-02-17 21:00:00,44.46259320528131
1151,2024-02-17 22:00:00,52.50594915056603
1152,2024-02-17 23:00:00,51.55744135931328
1153,2024-02-18 00:00:00,64.00977137100232
1154,2024-02-18 01:00:00,62.421385815178134
1155,2024-02-18 02:00:00,74.59231713239116
1156,2024-02-18 03:00:00,70.71455992007036
1157,2024-02-18 04:00:00,75.27035886811228
1158,2024-02-18 05:00:00,80.37853693607957
1159,2024-02-18 06:00:00,87.35255533856574
1160,2024-02-18 07:00:00,71.09640589651237
1161,2024-02-18 08:00:00,76.428790052124
1162,2024-02-18 09:00:00,70.59969377682303
1163,2024-02-18 10:00:00,69.1249135767942
1164,2024-02-18 11:00:00,56.73431503028557
1165,2024-02-18 12:00:00,56.40103347838868
1166,2024-02-18 13:00:00,50.30921401240909
1167,2024-02-18 14:00:00,53.035588670441975
1168,2024-02-18 15:00:00,36.397662689725735
1169,2024-02-18 16:00:00,45.125781973215744
1170,2024-02-18 17:00:00,40.70159877416265
1171,2024-02-18 18:00:00,34.58904973615605
1172,2024-02-18 19:00:00,37.37169527430893
1173,2024-02-18 20:00:00,35.24515070525083
1174,2024-02-18 21:00:00,34.827041264987834
1175,2024-02-18 22:00:00,45.22780851051412
1176,2024-02-18 23:00:00,58.25997568839038
1177,2024-02-19 00:00:00,57.47434798076544
1178,2024-02-19 01:00:00,63.53501604904162
1179,2024-02-19 02:00:00,65.40946502612788
1180,2024-02-19 03:00:00,66.86257475135116
1181,2024-02-19 04:00:00,74.84946989448983
1182,2024-02-19 05:00:00,70.88232974956966
1183,2024-02-19 06:00:00,73.1561495598127
1184,2024-02-19 07:00:00,74.48985228540099
1185,2024-02-19 08:00:00,73.18441125168175
1186,2024-02-19 09:00:00,64.19065001185687
1187,2024-02-19 10:00:00,69.22400515558571
1188,2024-02-19 11:00:00,74.43795577425233
1189,2024-02-19 12:00:00,59.20446007008386
1190,2024-02-19 13:00:00,48.37520253344375
1191,2024-02-19 14:00:00,53.650588358923656
1192,2024-02-19 15:00:00,44.19921684944559
1193,2024-02-19 16:00:00,43.12607556194308
1194,2024-02-19 17:00:00,35.472890572424376
1195,2024-02-19 18:00:00,37.94923403386228
1196,2024-02-19 19:00:00,38.0687532739431
1197,2024-02-19 20:00:00,36.18950578544497
1198,2024-02-19 21:00:00,38.025757232165276
1199,2024-02-19 22:00:00,50.16122748225588
1200,2024-02-19 23:00:00,46.7457017966607
1201,2024-02-20 00:00:00,56.398867113717074
1202,2024-02-20 01:00:00,62.07371222405479
1203,2024-02-20 02:00:00,60.50712324455297
1204,2024-02-20 03:00:00,75.32562690590876
1205,2024-02-20 04:00:00,74.10306736161037
1206,2024-02-20 05:00:00,80.10270600226492
1207,2024-02-20 06:00:00,79.37176694650663
1208,2024-02-20 07:00:00,76.47527771830687
1209,2024-02-20 08:00:00,73.22812790516616
1210,2024-02-20 09:00:00,67.28121323779669
1211,2024-02-20 10:00:00,64.09079824682769
1212,2024-02-20 11:00:00,65.3100905581323
1213,2024-02-20 12:00:00,51.77005247688548
1214,2024-02-20 13:00:00,58.86912100910964
1215,2024-02-20 14:00:00,53.13513173060101
1216,2024-02-20 15:00:00,44.48398702391789
1217,2024-02-20 16:00:00,40.4252470751409
1218,2024-02-20 17:00:00,39.3998917635479
1219,2024-02-20 18:00:00,36.10637403479714
1220,2024-02-20 19:00:00,48.63228808901134
1221,2024-02-20 20:00:00,47.14805472000637
1222,2024-02-20 21:00:00,36.61292858683241
1223,2024-02-20 22:00:00,43.49948474699368
1224,2024-02-20 23:00:00,54.63929572814463
1225,2024-02-21 00:00:00,53.451651065085656
1226,2024-02-21 01:00:00,59.60086493434685
1227,2024-02-21 02:00:00,73.31954106989139
1228,2024-02-21 03:00:00,68.63316127814696
1229,2024-02-21 04:00:00,84.11933144772246
1230,2024-02-21 05:00:00,80.5128762131916
1231,2024-02-21 06:00:00,79.37853903672853
1232,2024-02-21 07:00:00,73.47638335251848
1233,2024-02-21 08:00:00,70.45472103514524
1234,2024-02-21 09:00:00,67.00136808233626
1235,2024-02-21 10:00:00,63.69562642900959
1236,2024-02-21 11:00:00,61.587739905568036
1237,2024-02-21 12:00:00,63.913107226557614
1238,2024-02-21 13:00:00,47.806167148540936
1239,2024-02-21 14:00:00,46.254454029291985
1240,2024-02-21 15:00:00,43.47288721304751
1241,2024-02-21 16:00:00,42.22681674872677
1242,2024-02-21 17:00:00,50.19529250913895
1243,2024-02-21 18:00:00,38.624431822293985
1244,2024-02-21 19:00:00,38.30973517447568
1245,2024-02-21 20:00:00,43.93923158117607
1246,2024-02-21 21:00:00,44.6573633573984
1247,2024-02-21 22:00:00,50.15954962588147
1248,2024-02-21 23:00:00,43.92889444745583
1249,2024-02-22 00:00:00,65.8213660820901
1250,2024-02-22 01:00:00,61.430730292333635
1251,2024-02-22 02:00:00,76.90245358541586
1252,2024-02-22 03:00:00,68.80262636368629
1253,2024-02-22 04:00:00,75.43111131825982
1254,2024-02-22 05:00:00,82.69334454258714
1255,2024-02-22 06:00:00,81.20922509101622
1256,2024-02-22 07:00:00,77.91150050686203
1257,2024-02-22 08:00:00,70.38687287732162
1258,2024-02-22 09:00:00,75.726941965721
1259,2024-02-22 10:00:00,65.342154052465
1260,2024-02-22 11:00:00,59.914868180092625
1261,2024-02-22 12:00:00,44.11145008968336
1262,2024-02-22 13:00:00,51.719214569322894
1263,2024-02-22 14:00:00,38.43405392964018
1264,2024-02-22 15:00:00,41.557633738402345
1265,2024-02-22 16:00:00,36.54632656638759
1266,2024-02-22 17:00:00,39.6082815575742
1267,2024-02-22 18:00:00,43.220678657105616
1268,2024-02-22 19:00:00,35.16292060799845
1269,2024-02-22 20:00:00,44.795838434254044
1270,2024-02-22 21:00:00,44.98334877594618
1271,2024-02-22 22:00:00,50.54670727801334
1272,2024-02-22 23:00:00,55.48185016247732
1273,2024-02-23 00:00:00,59.439758118777284
1274,2024-02-23 01:00:00,63.27858445493359
1275,2024-02-23 02:00:00,59.79436465279932
1276,2024-02-23 03:00:00,72.84389297036884
1277,2024-02-23 04:00:00,75.03907283069535
1278,2024-02-23 05:00:00,73.3140001321891
1279,2024-02-23 06:00:00,76.30476990913128
1280,2024-02-23 07:00:00,80.78194302507367
1281,2024-02-23 08:00:00,71.56561776889055
1282,2024-02-23 09:00:00,75.53571589123376
1283,2024-02-23 10:00:00,72.64867494439383
1284,2024-02-23 11:00:00,59.92348609719157
1285,2024-02-23 12:00:00,62.61724645601953
1286,2024-02-23 13:00:00,52.42827182084936
1287,2024-02-23 14:00:00,53.92621354601951
1288,2024-02-23 15:00:00,47.38455831919744
1289,2024-02-23 16:00:00,40.198590129222
1290,2024-02-23 17:00:00,36.949269958961686
1291,2024-02-23 18:00:00,37.50192870769364
1292,2024-02-23 19:00:00,36.34791437286589
1293,2024-02-23 20:00:00,41.575185949644364
1294,2024-02-23 21:00:00,43.86912432988797
1295,2024-02-23 22:00:00,39.15412874046285
1296,2024-02-23 23:00:00,57.30808930297561
1297,2024-02-24 00:00:00,59.63430238356234
1298,2024-02-24 01:00:00,61.89184610161172
1299,2024-02-24 02:00:00,65.99868171081256
1300,2024-02-24 03:00:00,79.41248162531743
1301,2024-02-24 04:00:00,74.91668874760013
1302,2024-02-24 05:00:00,86.2792957082212
1303,2024-02-24 06:00:00,77.60232494491615
1304,2024-02-24 07:00:00,80.14956848544178
1305,2024-02-24 08:00:00,83.351699975694
1306,2024-02-24 09:00:00,67.97525867640813
1307,2024-02-24 10:00:00,72.44461550427437
1308,2024-02-24 11:00:00,64.94768879569017
1309,2024-02-24 12:00:00,61.79372122879086
1310,2024-02-24 13:00:00,42.96286640316346
1311,2024-02-24 14:00:00,48.555884911830496
1312,2024-02-24 15:00:00,47.30018074495057
1313,2024-02-24 16:00:00,50.5996768887651
1314,2024-02-24 17:00:00,42.04240906369755
1315,2024-02-24 18:00:00,36.80275245315481
1316,2024-02-24 19:00:00,42.602155189397656
1317,2024-02-24 20:00:00,30.809342600751172
1318,2024-02-24 21:00:00,51.36756274738112
1319,2024-02-24 22:00:00,47.91669481820556
1320,2024-02-24 23:00:00,54.5484133041672
1321,2024-02-25 00:00:00,47.75794128302964
1322,2024-02-25 01:00:00,61.92336324873407
1323,2024-02-25 02:00:00,73.31103110920351
1324,2024-02-25 03:00:00,71.2926053076467
1325,2024-02-25 04:00:00,75.40849542615751
1326,2024-02-25 05:00:00,68.6513011866692
1327,2024-02-25 06:00:00,77.14578762018995
1328,2024-02-25 07:00:00,73.85853362415988
1329,2024-02-25 08:00:00,71.17211932879975
1330,2024-02-25 09:00:00,75.55688268193043
1331,2024-02-25 10:00:00,72.88347588249641
1332,2024-02-25 11:00:00,70.01346482156879
1333,2024-02-25 12:00:00,57.99343621119101
1334,2024-02-25 13:00:00,52.40590586878969
1335,2024-02-25 14:00:00,50.67933404863958
1336,2024-02-25 15:00:00,45.811156175428195
1337,2024-02-25 16:00:00,39.70812671446593
1338,2024-02-25 17:00:00,44.328023937421094
1339,2024-02-25 18:00:00,33.13511981449065
1340,2024-02-25 19:00:00,39.265686606385465
1341,2024-02-25 20:00:00,40.9054862951994
1342,2024-02-25 21:00:00,46.93124445387307
1343,2024-02-25 22:00:00,49.98030852601962
1344,2024-02-25 23:00:00,48.26225661763941
1345,2024-02-26 00:00:00,56.865371202098984
1346,2024-02-26 01:00:00,67.8785244374265
1347,2024-02-26 02:00:00,81.43102090067246
1348,2024-02-26 03:00:00,64.2592782218215
1349,2024-02-26 04:00:00,70.55317085472217
1350,2024-02-26 05:00:00,74.00965950789164
1351,2024-02-26 06:00:00,78.99631831202771
1352,2024-02-26 07:00:00,83.35593391636122
1353,2024-02-26 08:00:00,65.51185573889686
1354,2024-02-26 09:00:00,67.84300441665245
1355,2024-02-26 10:00:00,77.53103703081828
1356,2024-02-26 11:00:00,58.45661588054966
1357,2024-02-26 12:00:00,52.81027021809821
1358,2024-02-26 13:00:00,51.69997580970786
1359,2024-02-26 14:00:00,43.154068638747646
1360,2024-02-26 15:00:00,34.427690690609815
1361,2024-02-26 16:00:00,37.21726882134214
1362,2024-02-26 17:00:00,44.04816929559044
1363,2024-02-26 18:00:00,40.31228713929662
1364,2024-02-26 19:00:00,36.18759937375571
1365,2024-02-26 20:00:00,39.08663332403307
1366,2024-02-26 21:00:00,39.81979922520665
1367,2024-02-26 22:00:00,52.608167615168675
1368,2024-02-26 23:00:00,53.451908806661166
1369,2024-02-27 00:00:00,55.89617800686969
1370,2024-02-27 01:00:00,63.05638026503862
1371,2024-02-27 02:00:00,74.24817557133073
1372,2024-02-27 03:00:00,69.28734376231832
1373,2024-02-27 04:00:00,83.02610272887023
1374,2024-02-27 05:00:00,77.5035873989311
1375,2024-02-27 06:00:00,77.3030397258527
1376,2024-02-27 07:00:00,80.2972863394519
1377,2024-02-27 08:00:00,71.30642426770015
1378,2024-02-27 09:00:00,72.35366359063582
1379,2024-02-27 10:00:00,70.71867951454922
1380,2024-02-27 11:00:00,69.21009095279659
1381,2024-02-27 12:00:00,60.91819248028672
1382,2024-02-27 13:00:00,61.88513482099435
1383,2024-02-27 14:00:00,57.30053419733757
1384,2024-02-27 15:00:00,45.10597352489113
1385,2024-02-27 16:00:00,40.52388648837935
1386,2024-02-27 17:00:00,39.47691504355295
1387,2024-02-27 18:00:00,27.63498380565583
1388,2024-02-27 19:00:00,48.7631715353942
1389,2024-02-27 20:00:00,43.31558068121278
1390,2024-02-27 21:00:00,42.34249573206142
1391,2024-02-27 22:00:00,48.40614089727059
1392,2024-02-27 23:00:00,52.76550593710318
1393,2024-02-28 00:00:00,59.57636018035014
1394,2024-02-28 01:00:00,58.61218176065099
1395,2024-02-28 02:00:00,63.74676061849999
1396,2024-02-28 03:00:00,74.10571133210311
1397,2024-02-28 04:00:00,73.34024385304602
1398,2024-02-28 05:00:00,75.37615645006726
1399,2024-02-28 06:00:00,84.85248323819945
1400,2024-02-28 07:00:00,78.30556054753396
1401,2024-02-28 08:00:00,69.08528848603787
1402,2024-02-28 09:00:00,74.70280781902552
1403,2024-02-28 10:00:00,70.48625487664526
1404,2024-02-28 11:00:00,49.90517259636154
1405,2024-02-28 12:00:00,59.6367904693981
1406,2024-02-28 13:00:00,55.578659796784336
1407,2024-02-28 14:00:00,41.8460359292112
1408,2024-02-28 15:00:00,39.113293651734914
1409,2024-02-28 16:00:00,41.07256264530215
1410,2024-02-28 17:00:00,40.28752169368328
1411,2024-02-28 18:00:00,36.01951360609624
1412,2024-02-28 19:00:00,36.85430691376992
1413,2024-02-28 20:00:00,35.565518217640886
1414,2024-02-28 21:00:00,35.2457935616807
1415,2024-02-28 22:00:00,49.89899742875096
1416,2024-02-28 23:00:00,60.16244187418385
1417,2024-02-29 00:00:00,58.84548368345665
1418,2024-02-29 01:00:00,63.0619094235479
1419,2024-02-29 02:00:00,69.37325136729767
1420,2024-02-29 03:00:00,71.22068688509908
1421,2024-02-29 04:00:00,72.01401248157079
1422,2024-02-29 05:00:00,75.09856005439327
1423,2024-02-29 06:00:00,83.82618022449316
1424,2024-02-29 07:00:00,83.55096120991739
1425,2024-02-29 08:00:00,74.2028834081943
1426,2024-02-29 09:00:00,65.41008550930168
1427,2024-02-29 10:00:00,63.51455365130083
1428,2024-02-29 11:00:00,70.1936712249012
1429,2024-02-29 12:00:00,57.715925223142484
1430,2024-02-29 13:00:00,47.0509505208442
1431,2024-02-29 14:00:00,40.9173209655286
1432,2024-02-29 15:00:00,51.79688818572855
1433,2024-02-29 16:00:00,41.62155475774529
1434,2024-02-29 17:00:00,42.3411949922655
1435,2024-02-29 18:00:00,41.79068948302562
1436,2024-02-29 19:00:00,39.25694372425028
1437,2024-02-29 20:00:00,41.81053333965027
1438,2024-02-29 21:00:00,47.52884967123044
1439,2024-02-29 22:00:00,59.59163837904343
1440,2024-02-29 23:00:00,57.71885278674228
1441,2024-03-01 00:00:00,57.85797895932503
1442,2024-03-01 01:00:00,64.8868810401304
1443,2024-03-01 02:00:00,67.39854586637635
1444,2024-03-01 03:00:00,69.40182618800434
1445,2024-03-01 04:00:00,75.21776308355493
1446,2024-03-01 05:00:00,74.99611644818674
1447,2024-03-01 06:00:00,73.87531541619029
1448,2024-03-01 07:00:00,77.87569633580806
1449,2024-03-01 08:00:00,71.41805417040487
1450,2024-03-01 09:00:00,69.8416609554661
1451,2024-03-01 10:00:00,70.01565702899565
1452,2024-03-01 11:00:00,56.749219126158536
1453,2024-03-01 12:00:00,63.180692486295115
1454,2024-03-01 13:00:00,51.689529096814915
1455,2024-03-01 14:00:00,52.388437039124476
1456,2024-03-01 15:00:00,42.55782250209606
1457,2024-03-01 16:00:00,46.40717973496342
1458,2024-03-01 17:00:00,39.51350043987355
1459,2024-03-01 18:00:00,35.77346787924532
1460,2024-03-01 19:00:00,38.34645904116582
1461,2024-03-01 20:00:00,45.66684594489028
1462,2024-03-01 21:00:00,47.777268870415845
1463,2024-03-01 22:00:00,40.178189227366715
1464,2024-03-01 23:00:00,57.0430267140623
1465,2024-03-02 00:00:00,49.98110372761017
1466,2024-03-02 01:00:00,62.271582814842404
1467,2024-03-02 02:00:00,77.7933095766904
1468,2024-03-02 03:00:00,72.25816613871275
1469,2024-03-02 04:00:00,88.42566983484198
1470,2024-03-02 05:00:00,70.02708943275063
1471,2024-03-02 06:00:00,71.50442555664955
1472,2024-03-02 07:00:00,74.6508563355429
1473,2024-03-02 08:00:00,84.85501467448975
1474,2024-03-02 09:00:00,76.42918665775058
1475,2024-03-02 10:00:00,67.74353652760217
1476,2024-03-02 11:00:00,57.99970161722219
1477,2024-03-02 12:00:00,60.17173849214757
1478,2024-03-02 13:00:00,64.62691498684968
1479,2024-03-02 14:00:00,62.83902326476104
1480,2024-03-02 15:00:00,47.05131087250004
1481,2024-03-02 16:00:00,44.397030426233236
1482,2024-03-02 17:00:00,40.6576012603198
1483,2024-03-02 18:00:00,41.89446315373826
1484,2024-03-02 19:00:00,33.098939666604345
1485,2024-03-02 20:00:00,48.63854327184025
1486,2024-03-02 21:00:00,37.03143965884909
1487,2024-03-02 22:00:00,40.624379938134425
1488,2024-03-02 23:00:00,55.185545845364004
1489,2024-03-03 00:00:00,54.667601257469315
1490,2024-03-03 01:00:00,71.42420137916051
1491,2024-03-03 02:00:00,77.72134351608489
1492,2024-03-03 03:00:00,74.86922346867955
1493,2024-03-03 04:00:00,78.61724151576769
1494,2024-03-03 05:00:00,81.19437857920762
1495,2024-03-03 06:00:00,78.48687306410906
1496,2024-03-03 07:00:00,75.62314484709604
1497,2024-03-03 08:00:00,78.85358968815795
1498,2024-03-03 09:00:00,69.05915088204004
1499,2024-03-03 10:00:00,64.71760434169349
1500,2024-03-03 11:00:00,57.516768626535544
1501,2024-03-03 12:00:00,61.50469905488211
1502,2024-03-03 13:00:00,57.46643069546457
1503,2024-03-03 14:00:00,55.184734856861795
1504,2024-03-03 15:00:00,34.71907760323471
1505,2024-03-03 16:00:00,43.689232555872465
1506,2024-03-03 17:00:00,51.660768582341774
1507,2024-03-03 18:00:00,38.864017384759194
1508,2024-03-03 19:00:00,34.80348006135253
1509,2024-03-03 20:00:00,26.999458694757454
1510,2024-03-03 21:00:00,41.57092166848243
1511,2024-03-03 22:00:00,43.48557467267872
1512,2024-03-03 23:00:00,52.743537909651366
1513,2024-03-04 00:00:00,61.84397050748265
1514,2024-03-04 01:00:00,68.97028089308952
1515,2024-03-04 02:00:00,63.65297299584643
1516,2024-03-04 03:00:00,67.49629722887664
1517,2024-03-04 04:00:00,79.11014005285264
1518,2024-03-04 05:00:00,78.78492092035728
1519,2024-03-04 06:00:00,81.1011279236574
1520,2024-03-04 07:00:00,79.78593063385733
1521,2024-03-04 08:00:00,70.26745993524598
1522,2024-03-04 09:00:00,79.7492964225288
1523,2024-03-04 10:00:00,66.00008300075343
1524,2024-03-04 11:00:00,62.947009440588154
1525,2024-03-04 12:00:00,60.89165103938649
1526,2024-03-04 13:00:00,46.929745225885185
1527,2024-03-04 14:00:00,50.4588611341233
1528,2024-03-04 15:00:00,49.14419614774035
1529,2024-03-04 16:00:00,32.59523630409866
1530,2024-03-04 17:00:00,36.23721262437668
1531,2024-03-04 18:00:00,35.36519776697092
1532,2024-03-04 19:00:00,40.835384396050515
1533,2024-03-04 20:00:00,38.80762499584268
1534,2024-03-04 21:00:00,53.04365897345605
1535,2024-03-04 22:00:00,58.108848532519275
1536,2024-03-04 23:00:00,51.652290738955664
1537,2024-03-05 00:00:00,60.81004363639693
1538,2024-03-05 01:00:00,61.62247474594005
1539,2024-03-05 02:00:00,71.13850769274202
1540,2024-03-05 03:00:00,75.05068549032289
1541,2024-03-05 04:00:00,71.84290249909117
1542,2024-03-05 05:00:00,80.01601442653204
1543,2024-03-05 06:00:00,82.73658500378633
1544,2024-03-05 07:00:00,75.95219966078234
1545,2024-03-05 08:00:00,76.1058624298851
1546,2024-03-05 09:00:00,82.49979335887573
1547,2024-03-05 10:00:00,63.5126639621708
1548,2024-03-05 11:00:00,70.14841030469346
1549,2024-03-05 12:00:00,58.23739979815895
1550,2024-03-05 13:00:00,58.53040706635453
1551,2024-03-05 14:00:00,46.53095756765217
1552,2024-03-05 15:00:00,44.556261170034304
1553,2024-03-05 16:00:00,42.458691271118134
1554,2024-03-05 17:00:00,47.697233994205504
1555,2024-03-05 18:00:00,30.755486846951968
1556,2024-03-05 19:00:00,38.437302821000166
1557,2024-03-05 20:00:00,46.79277885838234
1558,2024-03-05 21:00:00,42.75569191697832
1559,2024-03-05 22:00:00,39.36080883157206
1560,2024-03-05 23:00:00,46.58119351812225
1561,2024-03-06 00:00:00,62.25649078826474
1562,2024-03-06 01:00:00,69.86319768550653
1563,2024-03-06 02:00:00,72.251357190335
1564,2024-03-06 03:00:00,80.73281870185473
1565,2024-03-06 04:00:00,79.09891169159077
1566,2024-03-06 05:00:00,75.10861797181201
1567,2024-03-06 06:00:00,79.17588662933188
1568,2024-03-06 07:00:00,75.51831032184904
1569,2024-03-06 08:00:00,69.22734010435944
1570,2024-03-06 09:00:00,73.34461106612518
1571,2024-03-06 10:00:00,65.49023293032086
1572,2024-03-06 11:00:00,66.88187932774218
1573,2024-03-06 12:00:00,57.85007821106494
1574,2024-03-06 13:00:00,48.28614809283001
1575,2024-03-06 14:00:00,57.854696820152085
1576,2024-03-06 15:00:00,38.30868821348402
1577,2024-03-06 16:00:00,41.311922536423
1578,2024-03-06 17:00:00,32.67798597269752
1579,2024-03-06 18:00:00,37.24637669567447
1580,2024-03-06 19:00:00,45.89403454621602
1581,2024-03-06 20:00:00,42.51908227649559
1582,2024-03-06 21:00:00,36.00133657140037
1583,2024-03-06 22:00:00,54.18358571682473
1584,2024-03-06 23:00:00,58.38508292204211
1585,2024-03-07 00:00:00,66.05810904389796
1586,2024-03-07 01:00:00,63.87344492332888
1587,2024-03-07 02:00:00,67.97118049693115
1588,2024-03-07 03:00:00,75.42122253580445
1589,2024-03-07 04:00:00,82.67816522887145
1590,2024-03-07 05:00:00,74.04626069963706
1591,2024-03-07 06:00:00,70.91321702116163
1592,2024-03-07 07:00:00,68.94476295376381
1593,2024-03-07 08:00:00,70.29414175067934
1594,2024-03-07 09:00:00,71.79247464877827
1595,2024-03-07 10:00:00,62.320339203554454
1596,2024-03-07 11:00:00,64.21819478410457
1597,2024-03-07 12:00:00,57.45200552081761
1598,2024-03-07 13:00:00,59.29395941420669
1599,2024-03-07 14:00:00,56.44541402559403
1600,2024-03-07 15:00:00,42.739723010381226
1601,2024-03-07 16:00:00,32.917012592070066
1602,2024-03-07 17:00:00,41.547078480414086
1603,2024-03-07 18:00:00,38.661059042685324
1604,2024-03-07 19:00:00,45.31391973091482
1605,2024-03-07 20:00:00,42.218418734087685
1606,2024-03-07 21:00:00,42.043323054607086
1607,2024-03-07 22:00:00,41.60489174620631
1608,2024-03-07 23:00:00,45.50294103103525
1609,2024-03-08 00:00:00,65.03938591650844
1610,2024-03-08 01:00:00,67.35747160119674
1611,2024-03-08 02:00:00,70.40546192288625
1612,2024-03-08 03:00:00,73.31277435870493
1613,2024-03-08 04:00:00,72.41241295246523
1614,2024-03-08 05:00:00,81.92152454368998
1615,2024-03-08 06:00:00,76.44736246235664
1616,2024-03-08 07:00:00,71.88884023891929
1617,2024-03-08 08:00:00,78.34899370010395
1618,2024-03-08 09:00:00,66.24780232287249
1619,2024-03-08 10:00:00,63.21907875816366
1620,2024-03-08 11:00:00,57.09960913108232
1621,2024-03-08 12:00:00,64.88372070108045
1622,2024-03-08 13:00:00,50.999522248255936
1623,2024-03-08 14:00:00,54.255874191017924
1624,2024-03-08 15:00:00,37.18862736029242
1625,2024-03-08 16:00:00,39.969984787553365
1626,2024-03-08 17:00:00,33.84895836569186
1627,2024-03-08 18:00:00,49.68114520185008
1628,2024-03-08 19:00:00,44.199169578784385
1629,2024-03-08 20:00:00,35.50520762079485
1630,2024-03-08 21:00:00,50.8508593148708
1631,2024-03-08 22:00:00,57.45092272391523
1632,2024-03-08 23:00:00,55.06335605679564
1633,2024-03-09 00:00:00,57.2429070576452
1634,2024-03-09 01:00:00,67.2310228603408
1635,2024-03-09 02:00:00,71.07407678956123
1636,2024-03-09 03:00:00,74.27528768759667
1637,2024-03-09 04:00:00,80.53428999713704
1638,2024-03-09 05:00:00,72.49883351929937
1639,2024-03-09 06:00:00,74.90394032667626
1640,2024-03-09 07:00:00,77.733625277531
1641,2024-03-09 08:00:00,78.36519323144185
1642,2024-03-09 09:00:00,73.74639533057608
1643,2024-03-09 10:00:00,67.1971792883246
1644,2024-03-09 11:00:00,66.32417203301516
1645,2024-03-09 12:00:00,63.534320617750055
1646,2024-03-09 13:00:00,46.94966260449628
1647,2024-03-09 14:00:00,45.734017549375295
1648,2024-03-09 15:00:00,34.326221255146216
1649,2024-03-09 16:00:00,50.62036129170341
1650,2024-03-09 17:00:00,41.7590871131395
1651,2024-03-09 18:00:00,43.680763620914405
1652,2024-03-09 19:00:00,38.34193140038286
1653,2024-03-09 20:00:00,35.619758571932294
1654,2024-03-09 21:00:00,49.48402401158274
1655,2024-03-09 22:00:00,51.14095485832515
1656,2024-03-09 23:00:00,48.26210386953834
1657,2024-03-10 00:00:00,59.62359825749972
1658,2024-03-10 01:00:00,65.84732580459074
1659,2024-03-10 02:00:00,75.38712699896911
1660,2024-03-10 03:00:00,74.7670461665381
1661,2024-03-10 04:00:00,78.48079975018632
1662,2024-03-10 05:00:00,78.53045050429574
1663,2024-03-10 06:00:00,70.74563933422392
1664,2024-03-10 07:00:00,75.15765699843578
1665,2024-03-10 08:00:00,79.25900953838767
1666,2024-03-10 09:00:00,77.02038643574042
1667,2024-03-10 10:00:00,71.27755602214414
1668,2024-03-10 11:00:00,61.29311370000217
1669,2024-03-10 12:00:00,55.42107639288506
1670,2024-03-10 13:00:00,56.292706215699084
1671,2024-03-10 14:00:00,50.672878341944546
1672,2024-03-10 15:00:00,42.329189396779796
1673,2024-03-10 16:00:00,47.85918149118826
1674,2024-03-10 17:00:00,42.40045159322796
1675,2024-03-10 18:00:00,36.97190756715655
1676,2024-03-10 19:00:00,37.45846906114204
1677,2024-03-10 20:00:00,51.58781509758761
1678,2024-03-10 21:00:00,40.803110703616674
1679,2024-03-10 22:00:00,48.19518102733176
1680,2024-03-10 23:00:00,60.13063432756311
1681,2024-03-11 00:00:00,56.07167340860793
1682,2024-03-11 01:00:00,62.21208057181892
1683,2024-03-11 02:00:00,69.72418514068569
1684,2024-03-11 03:00:00,71.80877062234768
1685,2024-03-11 04:00:00,70.94110143364982
1686,2024-03-11 05:00:00,74.46143442452451
1687,2024-03-11 06:00:00,85.44418662413871
1688,2024-03-11 07:00:00,72.19982064144573
1689,2024-03-11 08:00:00,78.33368146338053
1690,2024-03-11 09:00:00,79.20491787324481
1691,2024-03-11 10:00:00,74.19546144290891
1692,2024-03-11 11:00:00,63.630756759800555
1693,2024-03-11 12:00:00,55.345665825255296
1694,2024-03-11 13:00:00,57.29972940059929
1695,2024-03-11 14:00:00,44.59274062346955
1696,2024-03-11 15:00:00,45.553437687654515
1697,2024-03-11 16:00:00,41.55765872564393
1698,2024-03-11 17:00:00,45.820457200251035
1699,2024-03-11 18:00:00,37.97696140516944
1700,2024-03-11 19:00:00,43.50273232179468
1701,2024-03-11 20:00:00,48.228734093190816
1702,2024-03-11 21:00:00,44.05765932474879
1703,2024-03-11 22:00:00,67.78950141448021
1704,2024-03-11 23:00:00,59.925029942415726
1705,2024-03-12 00:00:00,63.608076444335865
1706,2024-03-12 01:00:00,71.04393399233558
1707,2024-03-12 02:00:00,73.62591506035827
1708,2024-03-12 03:00:00,75.05450378333167
1709,2024-03-12 04:00:00,74.56210608941554
1710,2024-03-12 05:00:00,70.02434261513255
1711,2024-03-12 06:00:00,85.07330844273692
1712,2024-03-12 07:00:00,76.92723105405634
1713,2024-03-12 08:00:00,80.15608866637938
1714,2024-03-12 09:00:00,77.22515621867478
1715,2024-03-12 10:00:00,75.4337589608777
1716,2024-03-12 11:00:00,57.24019682169516
1717,2024-03-12 12:00:00,58.21842084455244
1718,2024-03-12 13:00:00,52.72471564327774
1719,2024-03-12 14:00:00,52.158333795413526
1720,2024-03-12 15:00:00,47.60424788677612
1721,2024-03-12 16:00:00,45.11214115039781
1722,2024-03-12 17:00:00,32.43229331248303
1723,2024-03-12 18:00:00,47.62436786075411
1724,2024-03-12 19:00:00,39.51761558985856
1725,2024-03-12 20:00:00,40.216451441154426
1726,2024-03-12 21:00:00,52.692600399310784
1727,2024-03-12 22:00:00,49.59101662960073
1728,2024-03-12 23:00:00,50.888246544638214
1729,2024-03-13 00:00:00,64.24544094067026
1730,2024-03-13 01:00:00,66.09738939665283
1731,2024-03-13 02:00:00,71.7861218809298
1732,2024-03-13 03:00:00,74.72457794431385
1733,2024-03-13 04:00:00,75.3917544513134
1734,2024-03-13 05:00:00,77.97247707225928
1735,2024-03-13 06:00:00,78.29101788931229
1736,2024-03-13 07:00:00,83.00425053192042
1737,2024-03-13 08:00:00,72.33907537487123
1738,2024-03-13 09:00:00,77.973573258005
1739,2024-03-13 10:00:00,72.82115787662877
1740,2024-03-13 11:00:00,62.45693611585632
1741,2024-03-13 12:00:00,66.25917286541092
1742,2024-03-13 13:00:00,54.2419562380149
1743,2024-03-13 14:00:00,47.69858984489257
1744,2024-03-13 15:00:00,45.32136001169724
1745,2024-03-13 16:00:00,40.844284208553624
1746,2024-03-13 17:00:00,35.58093964995232
1747,2024-03-13 18:00:00,44.22348374315071
1748,2024-03-13 19:00:00,31.109833488810054
1749,2024-03-13 20:00:00,45.55589823934799
1750,2024-03-13 21:00:00,45.38166217425212
1751,2024-03-13 22:00:00,52.409301593922365
1752,2024-03-13 23:00:00,50.805307564492956
1753,2024-03-14 00:00:00,58.73409057855575
1754,2024-03-14 01:00:00,60.10085005957789
1755,2024-03-14 02:00:00,69.98399192090386
1756,2024-03-14 03:00:00,70.58913215633572
1757,2024-03-14 04:00:00,72.26024892162803
1758,2024-03-14 05:00:00,76.84110387404667
1759,2024-03-14 06:00:00,79.45863153379312
1760,2024-03-14 07:00:00,81.63643733034068
1761,2024-03-14 08:00:00,71.63329100895011
1762,2024-03-14 09:00:00,66.11306012580474
1763,2024-03-14 10:00:00,79.95768818026492
1764,2024-03-14 11:00:00,63.34071511253778
1765,2024-03-14 12:00:00,56.642879058455975
1766,2024-03-14 13:00:00,58.68676733493541
1767,2024-03-14 14:00:00,40.16836191487721
1768,2024-03-14 15:00:00,46.45701753341802
1769,2024-03-14 16:00:00,41.84638129332866
1770,2024-03-14 17:00:00,28.63161656519835
1771,2024-03-14 18:00:00,46.074850969483506
1772,2024-03-14 19:00:00,46.75963716541838
1773,2024-03-14 20:00:00,48.20928626449084
1774,2024-03-14 21:00:00,53.55805650567869
1775,2024-03-14 22:00:00,57.71245857216427
1776,2024-03-14 23:00:00,56.6409989147776
1777,2024-03-15 00:00:00,50.944048809302416
1778,2024-03-15 01:00:00,61.721778975549725
1779,2024-03-15 02:00:00,70.02042330183167
1780,2024-03-15 03:00:00,72.98976542643044
1781,2024-03-15 04:00:00,75.4316672158625
1782,2024-03-15 05:00:00,83.01684392875602
1783,2024-03-15 06:00:00,81.35520865441691
1784,2024-03-15 07:00:00,73.58296128276871
1785,2024-03-15 08:00:00,72.39351882638566
1786,2024-03-15 09:00:00,68.57814500338552
1787,2024-03-15 10:00:00,66.39369743098652
1788,2024-03-15 11:00:00,65.0428621622669
1789,2024-03-15 12:00:00,57.056421878999245
1790,2024-03-15 13:00:00,55.241651357526855
1791,2024-03-15 14:00:00,54.57316926760304
1792,2024-03-15 15:00:00,45.84261264861473
1793,2024-03-15 16:00:00,47.62618040488846
1794,2024-03-15 17:00:00,43.73686054355437
1795,2024-03-15 18:00:00,40.292524169733
1796,2024-03-15 19:00:00,44.72933193149494
1797,2024-03-15 20:00:00,35.126989933799905
1798,2024-03-15 21:00:00,43.91191243980991
1799,2024-03-15 22:00:00,50.387673728117335
1800,2024-03-15 23:00:00,49.69526495699165
1801,2024-03-16 00:00:00,57.8404962935146
1802,2024-03-16 01:00:00,69.56023560514554
1803,2024-03-16 02:00:00,76.44726605446131
1804,2024-03-16 03:00:00,70.98726432721178
1805,2024-03-16 04:00:00,79.0954384764176
1806,2024-03-16 05:00:00,70.9099764719172
1807,2024-03-16 06:00:00,82.04834158324779
1808,2024-03-16 07:00:00,77.9409499999111
1809,2024-03-16 08:00:00,82.05557689017658
1810,2024-03-16 09:00:00,76.20498838247062
1811,2024-03-16 10:00:00,67.50911712115519
1812,2024-03-16 11:00:00,63.71695378669429
1813,2024-03-16 12:00:00,66.10213023827832
1814,2024-03-16 13:00:00,56.496836047607275
1815,2024-03-16 14:00:00,54.28398097702952
1816,2024-03-16 15:00:00,51.56698606230762
1817,2024-03-16 16:00:00,38.431852438361105
1818,2024-03-16 17:00:00,37.2674895288671
1819,2024-03-16 18:00:00,33.0382285338538
1820,2024-03-16 19:00:00,29.320917523010277
1821,2024-03-16 20:00:00,43.463542693241465
1822,2024-03-16 21:00:00,48.50899845372754
1823,2024-03-16 22:00:00,51.66345037120126
1824,2024-03-16 23:00:00,51.76635893067129
1825,2024-03-17 00:00:00,62.97867821722346
1826,2024-03-17 01:00:00,62.30253520226562
1827,2024-03-17 02:00:00,71.113153312205
1828,2024-03-17 03:00:00,71.7031701566855
1829,2024-03-17 04:00:00,70.71861795653311
1830,2024-03-17 05:00:00,73.0894501110759
1831,2024-03-17 06:00:00,82.68935558471138
1832,2024-03-17 07:00:00,84.47312120003173
1833,2024-03-17 08:00:00,74.12316073051818
1834,2024-03-17 09:00:00,69.4959248638379
1835,2024-03-17 10:00:00,69.81017115949082
1836,2024-03-17 11:00:00,56.991434895921635
1837,2024-03-17 12:00:00,59.73237121897488
1838,2024-03-17 13:00:00,64.64036022195923
1839,2024-03-17 14:00:00,45.3309402704672
1840,2024-03-17 15:00:00,41.45906867202417
1841,2024-03-17 16:00:00,53.26698890105475
1842,2024-03-17 17:00:00,44.10150617770103
1843,2024-03-17 18:00:00,39.998669093201634
1844,2024-03-17 19:00:00,39.04121947874489
1845,2024-03-17 20:00:00,48.5045474961358
1846,2024-03-17 21:00:00,44.74027766594472
1847,2024-03-17 22:00:00,50.41706183959028
1848,2024-03-17 23:00:00,57.685562362621084
1849,2024-03-18 00:00:00,53.61700089600281
1850,2024-03-18 01:00:00,66.48109505932412
1851,2024-03-18 02:00:00,71.82952182330592
1852,2024-03-18 03:00:00,76.7938948594351
1853,2024-03-18 04:00:00,75.33762741808441
1854,2024-03-18 05:00:00,79.56900724505874
1855,2024-03-18 06:00:00,91.03932397988436
1856,2024-03-18 07:00:00,80.48504786210215
1857,2024-03-18 08:00:00,75.26602584074863
1858,2024-03-18 09:00:00,81.88187703217415
1859,2024-03-18 10:00:00,67.0832132888201
1860,2024-03-18 11:00:00,62.80554625786039
1861,2024-03-18 12:00:00,60.57844370008773
1862,2024-03-18 13:00:00,53.30799794408638
1863,2024-03-18 14:00:00,45.19742052541012
1864,2024-03-18 15:00:00,44.26504524523289
1865,2024-03-18 16:00:00,43.852153973387665
1866,2024-03-18 17:00:00,38.485103702070866
1867,2024-03-18 18:00:00,44.27423568190814
1868,2024-03-18 19:00:00,32.67161888192619
1869,2024-03-18 20:00:00,40.869282717990735
1870,2024-03-18 21:00:00,39.33849451409015
1871,2024-03-18 22:00:00,50.154090990545605
1872,2024-03-18 23:00:00,61.35666547762273
1873,2024-03-19 00:00:00,65.32441323902954
1874,2024-03-19 01:00:00,61.52314119991482
1875,2024-03-19 02:00:00,69.43987278454648
1876,2024-03-19 03:00:00,74.521351728545
1877,2024-03-19 04:00:00,84.80778669987946
1878,2024-03-19 05:00:00,76.46157154021593
1879,2024-03-19 06:00:00,73.71848170012873
1880,2024-03-19 07:00:00,87.1970652986542
1881,2024-03-19 08:00:00,73.54358541746666
1882,2024-03-19 09:00:00,71.9312864599713
1883,2024-03-19 10:00:00,73.14105961185881
1884,2024-03-19 11:00:00,67.49721773355137
1885,2024-03-19 12:00:00,61.94534507938233
1886,2024-03-19 13:00:00,52.359505309627316
1887,2024-03-19 14:00:00,56.44472024675097
1888,2024-03-19 15:00:00,42.25000414676069
1889,2024-03-19 16:00:00,34.85098493189086
1890,2024-03-19 17:00:00,45.26764419478456
1891,2024-03-19 18:00:00,42.36971653546753
1892,2024-03-19 19:00:00,39.65123455757839
1893,2024-03-19 20:00:00,41.66901037519017
1894,2024-03-19 21:00:00,42.036756799201505
1895,2024-03-19 22:00:00,59.387167087630644
1896,2024-03-19 23:00:00,61.51814002905625
1897,2024-03-20 00:00:00,54.553446582073335
1898,2024-03-20 01:00:00,70.20591344848877
1899,2024-03-20 02:00:00,69.18594301004619
1900,2024-03-20 03:00:00,81.47295062675238
1901,2024-03-20 04:00:00,79.9421058761015
1902,2024-03-20 05:00:00,82.54924115376456
1903,2024-03-20 06:00:00,82.67446993083195
1904,2024-03-20 07:00:00,75.68268177617234
1905,2024-03-20 08:00:00,81.36899577331626
1906,2024-03-20 09:00:00,83.00089329955512
1907,2024-03-20 10:00:00,62.72636418452348
1908,2024-03-20 11:00:00,68.74543531881073
1909,2024-03-20 12:00:00,57.54953979820767
1910,2024-03-20 13:00:00,61.58248722201039
1911,2024-03-20 14:00:00,49.82069066445469
1912,2024-03-20 15:00:00,51.55230882075897
1913,2024-03-20 16:00:00,45.12741243924547
1914,2024-03-20 17:00:00,48.86358479996022
1915,2024-03-20 18:00:00,45.378998869969195
1916,2024-03-20 19:00:00,29.07428249132918
1917,2024-03-20 20:00:00,41.601473692569314
1918,2024-03-20 21:00:00,44.337509849522824
1919,2024-03-20 22:00:00,51.175215444422186
1920,2024-03-20 23:00:00,50.64037683333902
1921,2024-03-21 00:00:00,53.95523648687167
1922,2024-03-21 01:00:00,64.49801429592472
1923,2024-03-21 02:00:00,73.01317152773443
1924,2024-03-21 03:00:00,82.19247853388434
1925,2024-03-21 04:00:00,73.92697273819344
1926,2024-03-21 05:00:00,83.80615391973879
1927,2024-03-21 06:00:00,73.39933017117534
1928,2024-03-21 07:00:00,80.46164232825613
1929,2024-03-21 08:00:00,79.95748777962689
1930,2024-03-21 09:00:00,73.39903598196999
1931,2024-03-21 10:00:00,73.10429085912111
1932,2024-03-21 11:00:00,66.13939310636239
1933,2024-03-21 12:00:00,54.7519234864646
1934,2024-03-21 13:00:00,54.29478168180072
1935,2024-03-21 14:00:00,45.824437778750685
1936,2024-03-21 15:00:00,39.22345872266286
1937,2024-03-21 16:00:00,42.56936679032875
1938,2024-03-21 17:00:00,32.35524292168471
1939,2024-03-21 18:00:00,41.675727209324954
1940,2024-03-21 19:00:00,44.820534904112534
1941,2024-03-21 20:00:00,44.6125172377436
1942,2024-03-21 21:00:00,44.766608109176175
1943,2024-03-21 22:00:00,51.19847076113526
1944,2024-03-21 23:00:00,55.45834927025661
1945,2024-03-22 00:00:00,67.71873361790047
1946,2024-03-22 01:00:00,56.255505910805795
1947,2024-03-22 02:00:00,73.18877805410436
1948,2024-03-22 03:00:00,70.45056802480266
1949,2024-03-22 04:00:00,75.57542959903557
1950,2024-03-22 05:00:00,73.89266695326651
1951,2024-03-22 06:00:00,64.3916337682167
1952,2024-03-22 07:00:00,75.29530731448702
1953,2024-03-22 08:00:00,76.6945453412819
1954,2024-03-22 09:00:00,71.85884328127271
1955,2024-03-22 10:00:00,68.97989255071343
1956,2024-03-22 11:00:00,67.66935057460634
1957,2024-03-22 12:00:00,56.178686939645864
1958,2024-03-22 13:00:00,54.007077502631475
1959,2024-03-22 14:00:00,51.87016362930798
1960,2024-03-22 15:00:00,47.847509533964896
1961,2024-03-22 16:00:00,46.04897259859598
1962,2024-03-22 17:00:00,43.561970220292494
1963,2024-03-22 18:00:00,43.559359961935606
1964,2024-03-22 19:00:00,39.50479762100079
1965,2024-03-22 20:00:00,42.961847671313535
1966,2024-03-22 21:00:00,40.73962738855812
1967,2024-03-22 22:00:00,54.0234424266214
1968,2024-03-22 23:00:00,54.42402356256668
1969,2024-03-23 00:00:00,65.28935930167077
1970,2024-03-23 01:00:00,61.29769021969039
1971,2024-03-23 02:00:00,65.36093269050296
1972,2024-03-23 03:00:00,79.32591208977146
1973,2024-03-23 04:00:00,84.68077163299132
1974,2024-03-23 05:00:00,78.51610556382003
1975,2024-03-23 06:00:00,87.85996532948462
1976,2024-03-23 07:00:00,73.5334218495679
1977,2024-03-23 08:00:00,69.61243156285148
1978,2024-03-23 09:00:00,81.47157173101508
1979,2024-03-23 10:00:00,62.42990923976434
1980,2024-03-23 11:00:00,67.7686140772075
1981,2024-03-23 12:00:00,57.93745536214512
1982,2024-03-23 13:00:00,48.212735000030584
1983,2024-03-23 14:00:00,44.91257437141158
1984,2024-03-23 15:00:00,52.337433728650176
1985,2024-03-23 16:00:00,41.70567706834585
1986,2024-03-23 17:00:00,42.67871878958774
1987,2024-03-23 18:00:00,41.467584221684945
1988,2024-03-23 19:00:00,36.139025413994226
1989,2024-03-23 20:00:00,34.25743121711157
1990,2024-03-23 21:00:00,41.910781680638024
1991,2024-03-23 22:00:00,53.12748141087566
1992,2024-03-23 23:00:00,59.59499764568236
1993,2024-03-24 00:00:00,54.031246755242364
1994,2024-03-24 01:00:00,64.13343411980361
1995,2024-03-24 02:00:00,70.6920115299906
1996,2024-03-24 03:00:00,68.21330415963475
1997,2024-03-24 04:00:00,65.4484408068804
1998,2024-03-24 05:00:00,76.76043450602307
1999,2024-03-24 06:00:00,74.80814441658742
2000,2024-03-24 07:00:00,76.33091968184101
2001,2024-03-24 08:00:00,79.99224948331779
2002,2024-03-24 09:00:00,66.70493262083608
2003,2024-03-24 10:00:00,67.12682265227106
2004,2024-03-24 11:00:00,71.60222257745912
2005,2024-03-24 12:00:00,61.613804722638726
2006,2024-03-24 13:00:00,55.140145317216586
2007,2024-03-24 14:00:00,49.088979906984356
2008,2024-03-24 15:00:00,49.760185082230194
2009,2024-03-24 16:00:00,45.81130038390349
2010,2024-03-24 17:00:00,41.480173307735846
2011,2024-03-24 18:00:00,32.85013893523524
2012,2024-03-24 19:00:00,40.29875325024877
2013,2024-03-24 20:00:00,53.84887915028344
2014,2024-03-24 21:00:00,49.634532093601536
2015,2024-03-24 22:00:00,50.622278097564184
2016,2024-03-24 23:00:00,56.71234494136591
2017,2024-03-25 00:00:00,64.43766175231625
2018,2024-03-25 01:00:00,65.73065829755414
2019,2024-03-25 02:00:00,69.92463160846549
2020,2024-03-25 03:00:00,76.40516270736696
2021,2024-03-25 04:00:00,77.83822546758957
2022,2024-03-25 05:00:00,86.14608886112988
2023,2024-03-25 06:00:00,75.48692003274999
2024,2024-03-25 07:00:00,80.0596937580186
2025,2024-03-25 08:00:00,83.38786729554452
2026,2024-03-25 09:00:00,71.6430989291483
2027,2024-03-25 10:00:00,74.92378829650995
2028,2024-03-25 11:00:00,76.03282400426413
2029,2024-03-25 12:00:00,52.61886702344121
2030,2024-03-25 13:00:00,49.630656577068
2031,2024-03-25 14:00:00,52.11743029168988
2032,2024-03-25 15:00:00,43.81686425687845
2033,2024-03-25 16:00:00,37.95646110485345
2034,2024-03-25 17:00:00,44.21684842323439
2035,2024-03-25 18:00:00,34.82922817898085
2036,2024-03-25 19:00:00,37.398324371609135
2037,2024-03-25 20:00:00,38.02456634942079
2038,2024-03-25 21:00:00,43.65750449814659
2039,2024-03-25 22:00:00,56.91715987328056
2040,2024-03-25 23:00:00,58.46954571900462
2041,2024-03-26 00:00:00,53.228102539571374
2042,2024-03-26 01:00:00,68.04625324675777
2043,2024-03-26 02:00:00,76.98647212341459
2044,2024-03-26 03:00:00,72.59417785601451
2045,2024-03-26 04:00:00,82.16148094193062
2046,2024-03-26 05:00:00,79.20524191319731
2047,2024-03-26 06:00:00,80.8128528860903
2048,2024-03-26 07:00:00,74.04018412348734
2049,2024-03-26 08:00:00,86.29493973075158
2050,2024-03-26 09:00:00,65.99712792199408
2051,2024-03-26 10:00:00,58.00545092468421
2052,2024-03-26 11:00:00,61.7921030808394
2053,2024-03-26 12:00:00,60.2125723486176
2054,2024-03-26 13:00:00,53.82254394269121
2055,2024-03-26 14:00:00,56.412167480475375
2056,2024-03-26 15:00:00,50.45450992860288
2057,2024-03-26 16:00:00,40.64137048355241
2058,2024-03-26 17:00:00,32.593847582622104
2059,2024-03-26 18:00:00,40.991487028666405
2060,2024-03-26 19:00:00,44.91737969036559
2061,2024-03-26 20:00:00,34.06807838158852
2062,2024-03-26 21:00:00,50.14059601096159
2063,2024-03-26 22:00:00,43.29485113009416
2064,2024-03-26 23:00:00,54.35448060833284
2065,2024-03-27 00:00:00,64.43291792120195
2066,2024-03-27 01:00:00,62.95138292538582
2067,2024-03-27 02:00:00,71.1445674850591
2068,2024-03-27 03:00:00,67.83960779517301
2069,2024-03-27 04:00:00,91.1751135570441
2070,2024-03-27 05:00:00,75.88356024271708
2071,2024-03-27 06:00:00,76.71267150924237
2072,2024-03-27 07:00:00,77.60157250752887
2073,2024-03-27 08:00:00,74.94136235483737
2074,2024-03-27 09:00:00,71.15511932400317
2075,2024-03-27 10:00:00,63.76224622694433
2076,2024-03-27 11:00:00,71.04959757533699
2077,2024-03-27 12:00:00,62.92521328058682
2078,2024-03-27 13:00:00,52.58221736577223
2079,2024-03-27 14:00:00,44.40199292187618
2080,2024-03-27 15:00:00,52.23900957338499
2081,2024-03-27 16:00:00,46.127954130287804
2082,2024-03-27 17:00:00,37.377627945273616
2083,2024-03-27 18:00:00,26.990030375180066
2084,2024-03-27 19:00:00,38.711739358222744
2085,2024-03-27 20:00:00,48.747838408693895
2086,2024-03-27 21:00:00,35.20498886662894
2087,2024-03-27 22:00:00,53.18068561476026
2088,2024-03-27 23:00:00,55.0785448758583
2089,2024-03-28 00:00:00,60.762441573145075
2090,2024-03-28 01:00:00,65.68050621044726
2091,2024-03-28 02:00:00,64.94288245899094
2092,2024-03-28 03:00:00,67.66610895255808
2093,2024-03-28 04:00:00,75.36159670281499
2094,2024-03-28 05:00:00,67.9648130840853
2095,2024-03-28 06:00:00,73.53476366658889
2096,2024-03-28 07:00:00,78.93942757820909
2097,2024-03-28 08:00:00,82.60047040353174
2098,2024-03-28 09:00:00,65.85046605519153
2099,2024-03-28 10:00:00,80.30611697362275
2100,2024-03-28 11:00:00,61.285502479791305
2101,2024-03-28 12:00:00,60.06787778088519
2102,2024-03-28 13:00:00,43.42051308526216
2103,2024-03-28 14:00:00,54.42340529757827
2104,2024-03-28 15:00:00,44.58888077440054
2105,2024-03-28 16:00:00,49.98169799169892
2106,2024-03-28 17:00:00,44.157503494806264
2107,2024-03-28 18:00:00,47.346416838045066
2108,2024-03-28 19:00:00,35.3011445460006
2109,2024-03-28 20:00:00,38.62171540535309
2110,2024-03-28 21:00:00,40.25663990530562
2111,2024-03-28 22:00:00,49.025322090864286
2112,2024-03-28 23:00:00,51.21403413521463
2113,2024-03-29 00:00:00,56.553320268618435
2114,2024-03-29 01:00:00,71.94519760698623
2115,2024-03-29 02:00:00,75.78009719761867
2116,2024-03-29 03:00:00,68.72257743915785
2117,2024-03-29 04:00:00,72.73546347802706
2118,2024-03-29 05:00:00,82.96774835938098
2119,2024-03-29 06:00:00,76.13965502126035
2120,2024-03-29 07:00:00,85.3816722920706
2121,2024-03-29 08:00:00,75.29145793374698
2122,2024-03-29 09:00:00,68.14982736633182
2123,2024-03-29 10:00:00,66.47241152426099
2124,2024-03-29 11:00:00,70.93243617729063
2125,2024-03-29 12:00:00,60.4578880569871
2126,2024-03-29 13:00:00,52.83252196654995
2127,2024-03-29 14:00:00,44.0069315376822
2128,2024-03-29 15:00:00,48.58998276004122
2129,2024-03-29 16:00:00,46.04880535780493
2130,2024-03-29 17:00:00,42.42998199959196
2131,2024-03-29 18:00:00,40.84045273213944
2132,2024-03-29 19:00:00,45.512445431656616
2133,2024-03-29 20:00:00,46.73489992941027
2134,2024-03-29 21:00:00,38.78729746026481
2135,2024-03-29 22:00:00,54.38131627183652
2136,2024-03-29 23:00:00,53.36203896899441
2137,2024-03-30 00:00:00,55.83145464603301
2138,2024-03-30 01:00:00,58.00814142292057
2139,2024-03-30 02:00:00,74.33894580610239
2140,2024-03-30 03:00:00,67.28393956308544
2141,2024-03-30 04:00:00,82.1589614456541
2142,2024-03-30 05:00:00,83.9095772469064
2143,2024-03-30 06:00:00,77.7118894877991
2144,2024-03-30 07:00:00,78.09387161290535
2145,2024-03-30 08:00:00,78.47551376395978
2146,2024-03-30 09:00:00,71.29803216879611
2147,2024-03-30 10:00:00,73.27323862068283
2148,2024-03-30 11:00:00,66.87447839092366
2149,2024-03-30 12:00:00,61.19138770774412
2150,2024-03-30 13:00:00,56.16108046345984
2151,2024-03-30 14:00:00,45.67252434415717
2152,2024-03-30 15:00:00,48.813602626214895
2153,2024-03-30 16:00:00,46.632992945422046
2154,2024-03-30 17:00:00,48.78484687350757
2155,2024-03-30 18:00:00,32.520921877317946
2156,2024-03-30 19:00:00,28.321785306951462
2157,2024-03-30 20:00:00,49.401945500205905
2158,2024-03-30 21:00:00,47.621748778649284
2159,2024-03-30 22:00:00,36.98362564316895
2160,2024-03-30 23:00:00,50.6736846116183
2161,2024-03-31 00:00:00,61.89989694256643
2162,2024-03-31 01:00:00,58.104984777578224
2163,2024-03-31 02:00:00,72.42949633839474
2164,2024-03-31 03:00:00,64.5280971736764
2165,2024-03-31 04:00:00,75.56501815027359
2166,2024-03-31 05:00:00,82.31160348890755
2167,2024-03-31 06:00:00,73.67593596882651
2168,2024-03-31 07:00:00,81.25898766480597
2169,2024-03-31 08:00:00,80.10500469459886
2170,2024-03-31 09:00:00,75.89838521899756
2171,2024-03-31 10:00:00,69.42779903547252
2172,2024-03-31 11:00:00,67.36090494303664
2173,2024-03-31 12:00:00,72.02552060059269
2174,2024-03-31 13:00:00,58.079826538184925
2175,2024-03-31 14:00:00,58.885237552319204
2176,2024-03-31 15:00:00,44.94225833925658
2177,2024-03-31 16:00:00,40.643734924573565
2178,2024-03-31 17:00:00,33.74216713332728
2179,2024-03-31 18:00:00,38.11871851204304
2180,2024-03-31 19:00:00,34.19542020461611
2181,2024-03-31 20:00:00,37.50744240188483
2182,2024-03-31 21:00:00,44.92923839781315
2183,2024-03-31 22:00:00,61.13434210999124
2184,2024-03-31 23:00:00,63.74350374603296
2185,2024-04-01 00:00:00,59.39141742533815
2186,2024-04-01 01:00:00,59.209464643080636
2187,2024-04-01 02:00:00,65.7200088419199
2188,2024-04-01 03:00:00,72.73435631854848
2189,2024-04-01 04:00:00,80.53190082757493
2190,2024-04-01 05:00:00,78.94536577079326
2191,2024-04-01 06:00:00,76.05312863350667
2192,2024-04-01 07:00:00,79.11532381208202
2193,2024-04-01 08:00:00,63.83546994963747
2194,2024-04-01 09:00:00,72.54279752856567
2195,2024-04-01 10:00:00,68.75884576794955
2196,2024-04-01 11:00:00,66.9034622281283
2197,2024-04-01 12:00:00,53.929326675730174
2198,2024-04-01 13:00:00,53.16381714240824
2199,2024-04-01 14:00:00,49.94579760137148
2200,2024-04-01 15:00:00,45.62193972292014
2201,2024-04-01 16:00:00,48.41542903349301
2202,2024-04-01 17:00:00,48.67074011496057
2203,2024-04-01 18:00:00,38.56427082766125
2204,2024-04-01 19:00:00,43.0180432005285
2205,2024-04-01 20:00:00,39.622601050441666
2206,2024-04-01 21:00:00,43.92162674483416
2207,2024-04-01 22:00:00,51.35698598059171
2208,2024-04-01 23:00:00,53.84471744239873
2209,2024-04-02 00:00:00,54.56440297992715
2210,2024-04-02 01:00:00,57.48293271355917
2211,2024-04-02 02:00:00,72.67107310531495
2212,2024-04-02 03:00:00,70.84929011345251
2213,2024-04-02 04:00:00,71.03821608943817
2214,2024-04-02 05:00:00,80.43298573458382
2215,2024-04-02 06:00:00,81.63733721251822
2216,2024-04-02 07:00:00,85.77497827144043
2217,2024-04-02 08:00:00,70.35775919975215
2218,2024-04-02 09:00:00,85.7854400711436
2219,2024-04-02 10:00:00,67.77894190350081
2220,2024-04-02 11:00:00,61.96287390712715
2221,2024-04-02 12:00:00,65.9577786032946
2222,2024-04-02 13:00:00,59.90889631446318
2223,2024-04-02 14:00:00,53.510570034563735
2224,2024-04-02 15:00:00,47.41335881704796
2225,2024-04-02 16:00:00,45.504980645915715
2226,2024-04-02 17:00:00,39.183216359982566
2227,2024-04-02 18:00:00,43.986899331882924
2228,2024-04-02 19:00:00,43.7581728032434
2229,2024-04-02 20:00:00,36.30929419574519
2230,2024-04-02 21:00:00,48.00985354786326
2231,2024-04-02 22:00:00,53.601179195915286
2232,2024-04-02 23:00:00,58.22984595849848
2233,2024-04-03 00:00:00,63.74990953256984
2234,2024-04-03 01:00:00,68.30352744091167
2235,2024-04-03 02:00:00,68.61592120881102
2236,2024-04-03 03:00:00,81.83655903438799
2237,2024-04-03 04:00:00,73.51050701970503
2238,2024-04-03 05:00:00,68.6163630422342
2239,2024-04-03 06:00:00,78.67778427688059
2240,2024-04-03 07:00:00,81.04857824686461
2241,2024-04-03 08:00:00,76.65032703987252
2242,2024-04-03 09:00:00,73.2993717381566
2243,2024-04-03 10:00:00,68.1526699713551
2244,2024-04-03 11:00:00,69.23798424203423
2245,2024-04-03 12:00:00,56.96782727397611
2246,2024-04-03 13:00:00,47.134174675317425
2247,2024-04-03 14:00:00,48.61791137091297
2248,2024-04-03 15:00:00,43.65227287671452
2249,2024-04-03 16:00:00,41.571188836835844
2250,2024-04-03 17:00:00,44.97175873515402
2251,2024-04-03 18:00:00,42.135108885776916
2252,2024-04-03 19:00:00,39.82001980661038
2253,2024-04-03 20:00:00,41.20626959567896
2254,2024-04-03 21:00:00,56.70635840154702
2255,2024-04-03 22:00:00,52.360124020748884
2256,2024-04-03 23:00:00,61.40445004912065
2257,2024-04-04 00:00:00,60.580980309475216
2258,2024-04-04 01:00:00,62.27038675916856
2259,2024-04-04 02:00:00,66.9452433078663
2260,2024-04-04 03:00:00,78.25922995477687
2261,2024-04-04 04:00:00,79.33588317869946
2262,2024-04-04 05:00:00,83.35714494946819
2263,2024-04-04 06:00:00,81.6979737976763
2264,2024-04-04 07:00:00,76.63792396033962
2265,2024-04-04 08:00:00,74.5528951638524
2266,2024-04-04 09:00:00,62.84036914187972
2267,2024-04-04 10:00:00,73.83042257337193
2268,2024-04-04 11:00:00,67.97744653037189
2269,2024-04-04 12:00:00,48.44324737888705
2270,2024-04-04 13:00:00,50.10365649374824
2271,2024-04-04 14:00:00,48.49808663599738
2272,2024-04-04 15:00:00,55.04682458919082
2273,2024-04-04 16:00:00,41.6213499626179
2274,2024-04-04 17:00:00,38.05813256743682
2275,2024-04-04 18:00:00,33.034248760180645
2276,2024-04-04 19:00:00,42.526078115813235
2277,2024-04-04 20:00:00,46.52599715246723
2278,2024-04-04 21:00:00,45.031223766129344
2279,2024-04-04 22:00:00,45.30753752485467
2280,2024-04-04 23:00:00,63.21211662898179
2281,2024-04-05 00:00:00,64.56521818002136
2282,2024-04-05 01:00:00,62.1964727255154
2283,2024-04-05 02:00:00,65.44554589926265
2284,2024-04-05 03:00:00,71.23451443625032
2285,2024-04-05 04:00:00,71.30151810390342
2286,2024-04-05 05:00:00,71.44489733108962
2287,2024-04-05 06:00:00,83.86719785535128
2288,2024-04-05 07:00:00,82.86321063595966
2289,2024-04-05 08:00:00,82.4298262506578
2290,2024-04-05 09:00:00,76.49100199224425
2291,2024-04-05 10:00:00,71.21703555151606
2292,2024-04-05 11:00:00,69.75698390572698
2293,2024-04-05 12:00:00,57.7004233438759
2294,2024-04-05 13:00:00,54.808147187734434
2295,2024-04-05 14:00:00,55.36871401767782
2296,2024-04-05 15:00:00,52.545528040457356
2297,2024-04-05 16:00:00,42.19907704058709
2298,2024-04-05 17:00:00,38.63980142804695
2299,2024-04-05 18:00:00,40.993217031129014
2300,2024-04-05 19:00:00,40.199434056659875
2301,2024-04-05 20:00:00,47.2847624395649
2302,2024-04-05 21:00:00,38.31209119944369
2303,2024-04-05 22:00:00,48.35541653292917
2304,2024-04-05 23:00:00,55.90236382947035
2305,2024-04-06 00:00:00,55.59703802072929
2306,2024-04-06 01:00:00,60.821616746169646
2307,2024-04-06 02:00:00,69.23098945173317
2308,2024-04-06 03:00:00,61.37460347346488
2309,2024-04-06 04:00:00,90.86106036827873
2310,2024-04-06 05:00:00,78.2433379261649
2311,2024-04-06 06:00:00,73.18194103242968
2312,2024-04-06 07:00:00,82.4247862829365
2313,2024-04-06 08:00:00,81.96819015285493
2314,2024-04-06 09:00:00,62.976178530204194
2315,2024-04-06 10:00:00,76.09844327923436
2316,2024-04-06 11:00:00,61.71964343866789
2317,2024-04-06 12:00:00,54.36986937818762
2318,2024-04-06 13:00:00,53.44149343388101
2319,2024-04-06 14:00:00,51.12701075544037
2320,2024-04-06 15:00:00,47.521497366284756
2321,2024-04-06 16:00:00,46.45164760619007
2322,2024-04-06 17:00:00,38.39515497875121
2323,2024-04-06 18:00:00,43.039891721929756
2324,2024-04-06 19:00:00,45.67086109636355
2325,2024-04-06 20:00:00,38.01591941850668
2326,2024-04-06 21:00:00,49.16513366939331
2327,2024-04-06 22:00:00,43.68119758291128
2328,2024-04-06 23:00:00,51.08739755892187
2329,2024-04-07 00:00:00,56.955159251965824
2330,2024-04-07 01:00:00,72.49373921685475
2331,2024-04-07 02:00:00,68.30645331279385
2332,2024-04-07 03:00:00,79.04824965328311
2333,2024-04-07 04:00:00,74.89276667660609
2334,2024-04-07 05:00:00,75.20808900179793
2335,2024-04-07 06:00:00,87.99872263424632
2336,2024-04-07 07:00:00,77.32313547148136
2337,2024-04-07 08:00:00,64.16726182907915
2338,2024-04-07 09:00:00,70.86630474342438
2339,2024-04-07 10:00:00,68.12653413740695
2340,2024-04-07 11:00:00,65.81549087758167
2341,2024-04-07 12:00:00,62.640723085565796
2342,2024-04-07 13:00:00,55.85527504851721
2343,2024-04-07 14:00:00,51.729722489923276
2344,2024-04-07 15:00:00,43.04214914896835
2345,2024-04-07 16:00:00,33.18514930049872
2346,2024-04-07 17:00:00,47.81635614699074
2347,2024-04-07 18:00:00,43.31310713567052
2348,2024-04-07 19:00:00,41.79453874276121
2349,2024-04-07 20:00:00,35.2453775772786
2350,2024-04-07 21:00:00,44.41510810242469
2351,2024-04-07 22:00:00,52.85125259610774
2352,2024-04-07 23:00:00,65.59809166830033
2353,2024-04-08 00:00:00,63.817300289421134
2354,2024-04-08 01:00:00,60.123675599449086
2355,2024-04-08 02:00:00,64.5887996215089
2356,2024-04-08 03:00:00,59.56780094336106
2357,2024-04-08 04:00:00,72.62248802192941
2358,2024-04-08 05:00:00,78.97721750183186
2359,2024-04-08 06:00:00,79.5670688479919
2360,2024-04-08 07:00:00,78.04917122949514
2361,2024-04-08 08:00:00,79.716659536391
2362,2024-04-08 09:00:00,75.15955491762979
2363,2024-04-08 10:00:00,71.0509979528174
2364,2024-04-08 11:00:00,69.64386038443709
2365,2024-04-08 12:00:00,65.01847334499172
2366,2024-04-08 13:00:00,57.04072474089163
2367,2024-04-08 14:00:00,54.096480213521545
2368,2024-04-08 15:00:00,36.504618497356304
2369,2024-04-08 16:00:00,40.974343577254395
2370,2024-04-08 17:00:00,48.52087336791473
2371,2024-04-08 18:00:00,47.83340707652878
2372,2024-04-08 19:00:00,32.04553632411059
2373,2024-04-08 20:00:00,48.36315510622923
2374,2024-04-08 21:00:00,49.62224665613658
2375,2024-04-08 22:00:00,46.626310757917786
2376,2024-04-08 23:00:00,55.69019894657409
2377,2024-04-09 00:00:00,56.91567295653988
2378,2024-04-09 01:00:00,68.593371525798
2379,2024-04-09 02:00:00,69.2102851939791
2380,2024-04-09 03:00:00,78.58340707874136
2381,2024-04-09 04:00:00,73.63422743257335
2382,2024-04-09 05:00:00,73.89849976995933
2383,2024-04-09 06:00:00,75.78455187946017
2384,2024-04-09 07:00:00,63.61708928541027
2385,2024-04-09 08:00:00,69.5699854091412
2386,2024-04-09 09:00:00,74.00049761577176
2387,2024-04-09 10:00:00,70.3052061331535
2388,2024-04-09 11:00:00,65.04877489541207
2389,2024-04-09 12:00:00,63.497285738509326
2390,2024-04-09 13:00:00,54.05318301661091
2391,2024-04-09 14:00:00,50.58863537174474
2392,2024-04-09 15:00:00,53.837350927798894
2393,2024-04-09 16:00:00,44.827352683301164
2394,2024-04-09 17:00:00,41.608258702327845
2395,2024-04-09 18:00:00,46.34403212789489
2396,2024-04-09 19:00:00,37.69434929566271
2397,2024-04-09 20:00:00,42.89260342212849
2398,2024-04-09 21:00:00,53.88174394315987
2399,2024-04-09 22:00:00,55.958362629230244
2400,2024-04-09 23:00:00,58.69000800882382
2401,2024-04-10 00:00:00,65.12289386639577
2402,2024-04-10 01:00:00,68.19665251545374
2403,2024-04-10 02:00:00,75.59227590717911
2404,2024-04-10 03:00:00,79.49676787536151
2405,2024-04-10 04:00:00,74.94942242732321
2406,2024-04-10 05:00:00,81.68740520188379
2407,2024-04-10 06:00:00,72.8152975793878
2408,2024-04-10 07:00:00,81.60262174856865
2409,2024-04-10 08:00:00,72.24076204453111
2410,2024-04-10 09:00:00,73.63931716258404
2411,2024-04-10 10:00:00,68.0713578880426
2412,2024-04-10 11:00:00,69.32676195979663
2413,2024-04-10 12:00:00,54.461086812406414
2414,2024-04-10 13:00:00,70.06492828193063
2415,2024-04-10 14:00:00,44.3687524189494
2416,2024-04-10 15:00:00,44.84856134569953
2417,2024-04-10 16:00:00,39.8524449983076
2418,2024-04-10 17:00:00,37.71987121436656
2419,2024-04-10 18:00:00,44.609552027915946
2420,2024-04-10 19:00:00,44.52751845164967
2421,2024-04-10 20:00:00,41.822715900088106
2422,2024-04-10 21:00:00,52.495140517682614
2423,2024-04-10 22:00:00,48.91029412302557
2424,2024-04-10 23:00:00,56.25722425121904
2425,2024-04-11 00:00:00,64.2331908775319
2426,2024-04-11 01:00:00,55.85855063715028
2427,2024-04-11 02:00:00,68.01319329649257
2428,2024-04-11 03:00:00,76.82630577922207
2429,2024-04-11 04:00:00,74.2802126564789
2430,2024-04-11 05:00:00,76.84957029879389
2431,2024-04-11 06:00:00,81.90555906033849
2432,2024-04-11 07:00:00,78.0742500892639
2433,2024-04-11 08:00:00,80.87490931440826
2434,2024-04-11 09:00:00,79.18992202551166
2435,2024-04-11 10:00:00,65.96003940732786
2436,2024-04-11 11:00:00,67.55497707694161
2437,2024-04-11 12:00:00,63.24715989273655
2438,2024-04-11 13:00:00,48.46365899600306
2439,2024-04-11 14:00:00,47.12586459077911
2440,2024-04-11 15:00:00,35.55119618987905
2441,2024-04-11 16:00:00,46.42317130212767
2442,2024-04-11 17:00:00,39.01788182134285
2443,2024-04-11 18:00:00,34.9751162483152
2444,2024-04-11 19:00:00,33.00968750286731
2445,2024-04-11 20:00:00,40.05389456496438
2446,2024-04-11 21:00:00,52.16856524936691
2447,2024-04-11 22:00:00,57.11305658171719
2448,2024-04-11 23:00:00,55.15439983632488
2449,2024-04-12 00:00:00,57.35040568129539
2450,2024-04-12 01:00:00,68.88815700103294
2451,2024-04-12 02:00:00,75.67379043098019
2452,2024-04-12 03:00:00,75.37719947467181
2453,2024-04-12 04:00:00,68.23768647921082
2454,2024-04-12 05:00:00,82.2333883462353
2455,2024-04-12 06:00:00,79.28022462142327
2456,2024-04-12 07:00:00,81.59037852879752
2457,2024-04-12 08:00:00,75.76969281557349
2458,2024-04-12 09:00:00,72.09690455786662
2459,2024-04-12 10:00:00,69.10021444451357
2460,2024-04-12 11:00:00,68.75014548456781
2461,2024-04-12 12:00:00,64.03722387471186
2462,2024-04-12 13:00:00,50.74602554009414
2463,2024-04-12 14:00:00,49.100582761606304
2464,2024-04-12 15:00:00,57.384524332127185
2465,2024-04-12 16:00:00,37.560567614206306
2466,2024-04-12 17:00:00,33.442688785275024
2467,2024-04-12 18:00:00,35.02205775684243
2468,2024-04-12 19:00:00,44.74908254414558
2469,2024-04-12 20:00:00,45.52455907743718
2470,2024-04-12 21:00:00,50.458997346597066
2471,2024-04-12 22:00:00,41.08096217613275
2472,2024-04-12 23:00:00,53.996168134755926
2473,2024-04-13 00:00:00,56.765552566375575
2474,2024-04-13 01:00:00,66.73365593614966
2475,2024-04-13 02:00:00,68.3583014254143
2476,2024-04-13 03:00:00,72.81699589603595
2477,2024-04-13 04:00:00,75.83154998614091
2478,2024-04-13 05:00:00,86.3361459149836
2479,2024-04-13 06:00:00,75.0101542717844
2480,2024-04-13 07:00:00,77.34490572113265
2481,2024-04-13 08:00:00,72.11006444002763
2482,2024-04-13 09:00:00,68.1524191526817
2483,2024-04-13 10:00:00,72.97556143030701
2484,2024-04-13 11:00:00,70.35007159964326
2485,2024-04-13 12:00:00,62.09699973994012
2486,2024-04-13 13:00:00,59.104914957981755
2487,2024-04-13 14:00:00,47.274892500955715
2488,2024-04-13 15:00:00,45.37145172378039
2489,2024-04-13 16:00:00,46.92799522193098
2490,2024-04-13 17:00:00,29.18865144614515
2491,2024-04-13 18:00:00,41.51994502404996
2492,2024-04-13 19:00:00,28.260690961821926
2493,2024-04-13 20:00:00,39.70902600417775
2494,2024-04-13 21:00:00,52.895029163683766
2495,2024-04-13 22:00:00,38.68585186563146
2496,2024-04-13 23:00:00,65.27493315785863
2497,2024-04-14 00:00:00,59.49124034071003
2498,2024-04-14 01:00:00,57.324504374039236
2499,2024-04-14 02:00:00,63.79087965339899
2500,2024-04-14 03:00:00,78.71112681410348
2501,2024-04-14 04:00:00,73.73369408751932
2502,2024-04-14 05:00:00,76.86245330516078
2503,2024-04-14 06:00:00,84.19443174310676
2504,2024-04-14 07:00:00,74.62131727386338
2505,2024-04-14 08:00:00,81.18398702918941
2506,2024-04-14 09:00:00,79.89554954538767
2507,2024-04-14 10:00:00,70.07602111000065
2508,2024-04-14 11:00:00,63.00343457467641
2509,2024-04-14 12:00:00,51.85814801574515
2510,2024-04-14 13:00:00,56.5399269114912
2511,2024-04-14 14:00:00,55.01641648022627
2512,2024-04-14 15:00:00,40.24759494762825
2513,2024-04-14 16:00:00,45.54314047433056
2514,2024-04-14 17:00:00,39.952983932354066
2515,2024-04-14 18:00:00,36.80660958275684
2516,2024-04-14 19:00:00,44.53749353888962
2517,2024-04-14 20:00:00,40.810060022322276
2518,2024-04-14 21:00:00,42.42679036243451
2519,2024-04-14 22:00:00,47.50545996187619
2520,2024-04-14 23:00:00,60.89126231487184
2521,2024-04-15 00:00:00,59.96045525167959
2522,2024-04-15 01:00:00,80.46736190884985
2523,2024-04-15 02:00:00,66.90265274741442
2524,2024-04-15 03:00:00,77.30694128216903
2525,2024-04-15 04:00:00,74.41383894576596
2526,2024-04-15 05:00:00,85.04847877779275
2527,2024-04-15 06:00:00,79.05984758412538
2528,2024-04-15 07:00:00,86.09333915993139
2529,2024-04-15 08:00:00,78.26871847043724
2530,2024-04-15 09:00:00,73.29030294629825
2531,2024-04-15 10:00:00,67.98162673923885
2532,2024-04-15 11:00:00,62.002649346431205
2533,2024-04-15 12:00:00,66.05117683679866
2534,2024-04-15 13:00:00,49.573507153560584
2535,2024-04-15 14:00:00,54.68265763465125
2536,2024-04-15 15:00:00,43.28533705417458
2537,2024-04-15 16:00:00,41.626258774352905
2538,2024-04-15 17:00:00,35.20025172437681
2539,2024-04-15 18:00:00,29.878207297434123
2540,2024-04-15 19:00:00,34.931157541818024
2541,2024-04-15 20:00:00,42.0322604755691
2542,2024-04-15 21:00:00,52.81764738786462
2543,2024-04-15 22:00:00,44.894760429516936
2544,2024-04-15 23:00:00,55.86001072043834
2545,2024-04-16 00:00:00,56.525264283394435
2546,2024-04-16 01:00:00,62.482578649517485
2547,2024-04-16 02:00:00,62.26835005382268
2548,2024-04-16 03:00:00,75.66367381907772
2549,2024-04-16 04:00:00,72.24449432746232
2550,2024-04-16 05:00:00,75.1111453306414
2551,2024-04-16 06:00:00,83.91238833352934
2552,2024-04-16 07:00:00,73.07395541413959
2553,2024-04-16 08:00:00,73.4628587980335
2554,2024-04-16 09:00:00,77.37440061570413
2555,2024-04-16 10:00:00,60.58033725040965
2556,2024-04-16 11:00:00,61.36260638249224
2557,2024-04-16 12:00:00,57.97432371580888
2558,2024-04-16 13:00:00,51.61234453509321
2559,2024-04-16 14:00:00,57.24355206880826
2560,2024-04-16 15:00:00,51.0075553314249
2561,2024-04-16 16:00:00,33.602502011344086
2562,2024-04-16 17:00:00,45.88675673915608
2563,2024-04-16 18:00:00,44.1272122684111
2564,2024-04-16 19:00:00,36.09424731937315
2565,2024-04-16 20:00:00,45.76613269876097
2566,2024-04-16 21:00:00,41.656784971937434
2567,2024-04-16 22:00:00,42.32767776653267
2568,2024-04-16 23:00:00,55.159462173103066
2569,2024-04-17 00:00:00,66.67804523115277
2570,2024-04-17 01:00:00,74.71707501060477
2571,2024-04-17 02:00:00,72.29558362000179
2572,2024-04-17 03:00:00,81.13108274989092
2573,2024-04-17 04:00:00,71.22709718227014
2574,2024-04-17 05:00:00,79.06623032137529
2575,2024-04-17 06:00:00,74.3124537906638
2576,2024-04-17 07:00:00,76.93521211770427
2577,2024-04-17 08:00:00,76.28493205282581
2578,2024-04-17 09:00:00,76.15817760840831
2579,2024-04-17 10:00:00,64.92922658176735
2580,2024-04-17 11:00:00,68.93516393576618
2581,2024-04-17 12:00:00,59.19560407819301
2582,2024-04-17 13:00:00,55.09691312878264
2583,2024-04-17 14:00:00,48.42496141432384
2584,2024-04-17 15:00:00,53.272579387256364
2585,2024-04-17 16:00:00,37.69388472056051
2586,2024-04-17 17:00:00,40.095447714381024
2587,2024-04-17 18:00:00,42.73225280068244
2588,2024-04-17 19:00:00,41.01528222921547
2589,2024-04-17 20:00:00,43.22851229497791
2590,2024-04-17 21:00:00,51.39016486886871
2591,2024-04-17 22:00:00,55.53228008209818
2592,2024-04-17 23:00:00,51.94583379393969
2593,2024-04-18 00:00:00,59.45435542773883
2594,2024-04-18 01:00:00,62.27900111548715
2595,2024-04-18 02:00:00,70.98588566114573
2596,2024-04-18 03:00:00,83.67536008918975
2597,2024-04-18 04:00:00,78.66712321358065
2598,2024-04-18 05:00:00,80.36070741710427
2599,2024-04-18 06:00:00,76.52351755726409
2600,2024-04-18 07:00:00,71.74118418012732
2601,2024-04-18 08:00:00,75.73245227245647
2602,2024-04-18 09:00:00,70.89276485457727
2603,2024-04-18 10:00:00,74.4655355303982
2604,2024-04-18 11:00:00,60.39837409889141
2605,2024-04-18 12:00:00,59.304269765047344
2606,2024-04-18 13:00:00,47.01885451545067
2607,2024-04-18 14:00:00,56.90912114401029
2608,2024-04-18 15:00:00,46.17894711341671
2609,2024-04-18 16:00:00,56.29709682072647
2610,2024-04-18 17:00:00,40.176492417543614
2611,2024-04-18 18:00:00,42.64092234002316
2612,2024-04-18 19:00:00,39.93662055785763
2613,2024-04-18 20:00:00,39.92127220408371
2614,2024-04-18 21:00:00,50.31000705464516
2615,2024-04-18 22:00:00,46.338656868602826
2616,2024-04-18 23:00:00,59.31383018747817
2617,2024-04-19 00:00:00,56.779212324716354
2618,2024-04-19 01:00:00,66.43852244134904
2619,2024-04-19 02:00:00,66.83447110977752
2620,2024-04-19 03:00:00,83.2861221580777
2621,2024-04-19 04:00:00,79.54370578680548
2622,2024-04-19 05:00:00,73.12174169907662
2623,2024-04-19 06:00:00,78.70988405837377
2624,2024-04-19 07:00:00,69.8252346092508
2625,2024-04-19 08:00:00,68.59279120130259
2626,2024-04-19 09:00:00,70.82716962098877
2627,2024-04-19 10:00:00,65.68054802877964
2628,2024-04-19 11:00:00,73.88232412932791
2629,2024-04-19 12:00:00,59.728789455080445
2630,2024-04-19 13:00:00,52.51908642197075
2631,2024-04-19 14:00:00,54.872478517164566
2632,2024-04-19 15:00:00,36.67766114383958
2633,2024-04-19 16:00:00,48.616761878288685
2634,2024-04-19 17:00:00,37.77987883041051
2635,2024-04-19 18:00:00,43.15829387868061
2636,2024-04-19 19:00:00,37.759114875435586
2637,2024-04-19 20:00:00,44.86923450117997
2638,2024-04-19 21:00:00,52.21581314209853
2639,2024-04-19 22:00:00,44.77100032923538
2640,2024-04-19 23:00:00,62.510596768040685
2641,2024-04-20 00:00:00,51.74047738066953
2642,2024-04-20 01:00:00,62.89109587904751
2643,2024-04-20 02:00:00,59.00661505353275
2644,2024-04-20 03:00:00,77.67077737633548
2645,2024-04-20 04:00:00,77.15314047643186
2646,2024-04-20 05:00:00,82.03763820374367
2647,2024-04-20 06:00:00,83.19503256492195
2648,2024-04-20 07:00:00,73.79017053774055
2649,2024-04-20 08:00:00,69.00498256219473
2650,2024-04-20 09:00:00,74.17286581808989
2651,2024-04-20 10:00:00,70.42547554903854
2652,2024-04-20 11:00:00,66.09062911324081
2653,2024-04-20 12:00:00,52.53073280583144
2654,2024-04-20 13:00:00,59.358905958195145
2655,2024-04-20 14:00:00,49.37852442839043
2656,2024-04-20 15:00:00,51.982194210320856
2657,2024-04-20 16:00:00,54.7866634901609
2658,2024-04-20 17:00:00,45.471187612664465
2659,2024-04-20 18:00:00,41.1805106408365
2660,2024-04-20 19:00:00,41.05683867949077
2661,2024-04-20 20:00:00,43.11191784973251
2662,2024-04-20 21:00:00,43.39482361901425
2663,2024-04-20 22:00:00,47.58708555220369
2664,2024-04-20 23:00:00,60.32769805577573
2665,2024-04-21 00:00:00,67.78633450455736
2666,2024-04-21 01:00:00,58.86816911512969
2667,2024-04-21 02:00:00,73.88253311593976
2668,2024-04-21 03:00:00,73.43630855087383
2669,2024-04-21 04:00:00,78.48500014437276
2670,2024-04-21 05:00:00,84.66034027328874
2671,2024-04-21 06:00:00,76.00522661222267
2672,2024-04-21 07:00:00,76.40459751635282
2673,2024-04-21 08:00:00,71.97601061251548
2674,2024-04-21 09:00:00,74.54073467452064
2675,2024-04-21 10:00:00,69.24393566912
2676,2024-04-21 11:00:00,62.20432160750572
2677,2024-04-21 12:00:00,59.02408168620505
2678,2024-04-21 13:00:00,44.12617195639131
2679,2024-04-21 14:00:00,57.95083125931236
2680,2024-04-21 15:00:00,44.35762797806052
2681,2024-04-21 16:00:00,48.51186442489398
2682,2024-04-21 17:00:00,43.53324047927422
2683,2024-04-21 18:00:00,45.80863819140944
2684,2024-04-21 19:00:00,40.893008624265946
2685,2024-04-21 20:00:00,41.870320623272406
2686,2024-04-21 21:00:00,50.702972064318715
2687,2024-04-21 22:00:00,51.54510662097422
2688,2024-04-21 23:00:00,53.15786198069788
2689,2024-04-22 00:00:00,66.90313364362552
2690,2024-04-22 01:00:00,65.48031121595871
2691,2024-04-22 02:00:00,65.8579396013028
2692,2024-04-22 03:00:00,74.38979481196506
2693,2024-04-22 04:00:00,80.47090133763079
2694,2024-04-22 05:00:00,69.08754178567943
2695,2024-04-22 06:00:00,79.72786634232115
2696,2024-04-22 07:00:00,84.53061591790063
2697,2024-04-22 08:00:00,70.95032289807293
2698,2024-04-22 09:00:00,72.04527369380352
2699,2024-04-22 10:00:00,74.72826165848417
2700,2024-04-22 11:00:00,57.842162893207934
2701,2024-04-22 12:00:00,61.49955229607775
2702,2024-04-22 13:00:00,49.446905842826794
2703,2024-04-22 14:00:00,52.93223120228125
2704,2024-04-22 15:00:00,43.94303632376905
2705,2024-04-22 16:00:00,42.18138039787733
2706,2024-04-22 17:00:00,42.54018822165617
2707,2024-04-22 18:00:00,40.666859344448696
2708,2024-04-22 19:00:00,44.07756595505787
2709,2024-04-22 20:00:00,30.731471754853445
2710,2024-04-22 21:00:00,37.88533134419059
2711,2024-04-22 22:00:00,44.899139196701995
2712,2024-04-22 23:00:00,54.81478317574573
2713,2024-04-23 00:00:00,54.01112580552761
2714,2024-04-23 01:00:00,54.415136349128986
2715,2024-04-23 02:00:00,70.99084854841023
2716,2024-04-23 03:00:00,72.65728002805538
2717,2024-04-23 04:00:00,71.5636335776722
2718,2024-04-23 05:00:00,72.14955935492117
2719,2024-04-23 06:00:00,83.42644398957856
2720,2024-04-23 07:00:00,78.2239874135851
2721,2024-04-23 08:00:00,79.0768126453168
2722,2024-04-23 09:00:00,68.20574868085694
2723,2024-04-23 10:00:00,63.33624617638117
2724,2024-04-23 11:00:00,68.93122549577224
2725,2024-04-23 12:00:00,66.52113239803474
2726,2024-04-23 13:00:00,57.176304787880994
2727,2024-04-23 14:00:00,43.55069872161571
2728,2024-04-23 15:00:00,38.860358698943514
2729,2024-04-23 16:00:00,41.92993885648379
2730,2024-04-23 17:00:00,41.14172862696336
2731,2024-04-23 18:00:00,40.46432291338842
2732,2024-04-23 19:00:00,38.19361439511336
2733,2024-04-23 20:00:00,45.99468747427416
2734,2024-04-23 21:00:00,50.58520731976995
2735,2024-04-23 22:00:00,42.420106408033455
2736,2024-04-23 23:00:00,62.091177710702674
2737,2024-04-24 00:00:00,60.69199396967013
2738,2024-04-24 01:00:00,65.60580707999723
2739,2024-04-24 02:00:00,70.95140512837347
2740,2024-04-24 03:00:00,76.07149026176876
2741,2024-04-24 04:00:00,67.35048704118859
2742,2024-04-24 05:00:00,75.97838022236715
2743,2024-04-24 06:00:00,76.99616283302389
2744,2024-04-24 07:00:00,77.08410794577269
2745,2024-04-24 08:00:00,78.51553951620296
2746,2024-04-24 09:00:00,67.71624484054102
2747,2024-04-24 10:00:00,68.38079923489008
2748,2024-04-24 11:00:00,65.82132502637033
2749,2024-04-24 12:00:00,61.20214204908984
2750,2024-04-24 13:00:00,60.15316158738433
2751,2024-04-24 14:00:00,49.07409368173666
2752,2024-04-24 15:00:00,54.538644647621524
2753,2024-04-24 16:00:00,34.220420148104715
2754,2024-04-24 17:00:00,36.71738214358741
2755,2024-04-24 18:00:00,38.54565826762387
2756,2024-04-24 19:00:00,41.511688680844415
2757,2024-04-24 20:00:00,44.69969416598641
2758,2024-04-24 21:00:00,39.62400820534719
2759,2024-04-24 22:00:00,44.016535703282415
2760,2024-04-24 23:00:00,56.16975777730596
2761,2024-04-25 00:00:00,60.118433400715894
2762,2024-04-25 01:00:00,58.338748974103694
2763,2024-04-25 02:00:00,64.7778148452944
2764,2024-04-25 03:00:00,67.92516508226588
2765,2024-04-25 04:00:00,71.8377241398259
2766,2024-04-25 05:00:00,80.38373472098165
2767,2024-04-25 06:00:00,82.85623542163685
2768,2024-04-25 07:00:00,83.01622221713959
2769,2024-04-25 08:00:00,70.67240669794646
2770,2024-04-25 09:00:00,84.03177572932644
2771,2024-04-25 10:00:00,67.30165243436713
2772,2024-04-25 11:00:00,75.57193908699789
2773,2024-04-25 12:00:00,56.402007078337434
2774,2024-04-25 13:00:00,50.60924848820694
2775,2024-04-25 14:00:00,51.76883483673431
2776,2024-04-25 15:00:00,42.95360199495143
2777,2024-04-25 16:00:00,43.22703525851553
2778,2024-04-25 17:00:00,49.33865953219362
2779,2024-04-25 18:00:00,36.2891569695518
2780,2024-04-25 19:00:00,40.165283997471775
2781,2024-04-25 20:00:00,40.898601945537465
2782,2024-04-25 21:00:00,38.37654086942123
2783,2024-04-25 22:00:00,50.40025394999558
2784,2024-04-25 23:00:00,47.53986928363941
2785,2024-04-26 00:00:00,53.846628875090644
2786,2024-04-26 01:00:00,70.75331736809993
2787,2024-04-26 02:00:00,63.24865279753154
2788,2024-04-26 03:00:00,71.66231764759313
2789,2024-04-26 04:00:00,80.87454717762243
2790,2024-04-26 05:00:00,81.90992790160064
2791,2024-04-26 06:00:00,76.7440778344439
2792,2024-04-26 07:00:00,71.01932593845855
2793,2024-04-26 08:00:00,75.39767639734352
2794,2024-04-26 09:00:00,73.25050341756008
2795,2024-04-26 10:00:00,72.84215597940006
2796,2024-04-26 11:00:00,68.88041407555563
2797,2024-04-26 12:00:00,57.69480763149076
2798,2024-04-26 13:00:00,49.32634526804246
2799,2024-04-26 14:00:00,54.75092810500259
2800,2024-04-26 15:00:00,34.28556595534817
2801,2024-04-26 16:00:00,39.58524462766095
2802,2024-04-26 17:00:00,45.03668207112271
2803,2024-04-26 18:00:00,45.68547911794173
2804,2024-04-26 19:00:00,37.115867049302935
2805,2024-04-26 20:00:00,44.04746630377746
2806,2024-04-26 21:00:00,41.14641008046782
2807,2024-04-26 22:00:00,46.0052314335641
2808,2024-04-26 23:00:00,54.96713066962817
2809,2024-04-27 00:00:00,63.45115605374185
2810,2024-04-27 01:00:00,66.0208686186722
2811,2024-04-27 02:00:00,67.7252606435634
2812,2024-04-27 03:00:00,74.36249906260169
2813,2024-04-27 04:00:00,72.09676158770748
2814,2024-04-27 05:00:00,79.38217442321721
2815,2024-04-27 06:00:00,79.8571674458978
2816,2024-04-27 07:00:00,76.87363079185982
2817,2024-04-27 08:00:00,79.19214728606603
2818,2024-04-27 09:00:00,73.29265952725697
2819,2024-04-27 10:00:00,69.96219612863099
2820,2024-04-27 11:00:00,68.91640931465142
2821,2024-04-27 12:00:00,53.90378759704499
2822,2024-04-27 13:00:00,54.90041433730149
2823,2024-04-27 14:00:00,48.32000082396012
2824,2024-04-27 15:00:00,43.92564869728029
2825,2024-04-27 16:00:00,45.70904064972395
2826,2024-04-27 17:00:00,39.76621367400361
2827,2024-04-27 18:00:00,32.81851290050929
2828,2024-04-27 19:00:00,52.36046846158395
2829,2024-04-27 20:00:00,51.467662308260486
2830,2024-04-27 21:00:00,46.7117579336841
2831,2024-04-27 22:00:00,50.06146455251598
2832,2024-04-27 23:00:00,52.040998963449034
2833,2024-04-28 00:00:00,49.75217632350114
2834,2024-04-28 01:00:00,73.69714289618592
2835,2024-04-28 02:00:00,62.66711185709426
2836,2024-04-28 03:00:00,72.20619291024084
2837,2024-04-28 04:00:00,72.18048306893768
2838,2024-04-28 05:00:00,77.71913650108259
2839,2024-04-28 06:00:00,76.97580179307879
2840,2024-04-28 07:00:00,74.04152019319324
2841,2024-04-28 08:00:00,80.82676300276232
2842,2024-04-28 09:00:00,76.97986152766155
2843,2024-04-28 10:00:00,73.62049142554176
2844,2024-04-28 11:00:00,64.15619940141646
2845,2024-04-28 12:00:00,65.7551641016679
2846,2024-04-28 13:00:00,50.320562211314346
2847,2024-04-28 14:00:00,49.98470821665905
2848,2024-04-28 15:00:00,43.245723411007084
2849,2024-04-28 16:00:00,39.512582998719004
2850,2024-04-28 17:00:00,49.91876962435017
2851,2024-04-28 18:00:00,35.16411841834524
2852,2024-04-28 19:00:00,39.376524159096135
2853,2024-04-28 20:00:00,47.1367307348874
2854,2024-04-28 21:00:00,48.988715900537485
2855,2024-04-28 22:00:00,53.06418063480813
2856,2024-04-28 23:00:00,56.15147440491816
2857,2024-04-29 00:00:00,55.01629108605048
2858,2024-04-29 01:00:00,66.03721989815358
2859,2024-04-29 02:00:00,65.17695594186688
2860,2024-04-29 03:00:00,64.3186889704341
2861,2024-04-29 04:00:00,73.83507541791157
2862,2024-04-29 05:00:00,76.89331070848701
2863,2024-04-29 06:00:00,77.28045706478771
2864,2024-04-29 07:00:00,83.63631980467615
2865,2024-04-29 08:00:00,68.51603883513106
2866,2024-04-29 09:00:00,69.1363849969181
2867,2024-04-29 10:00:00,60.71783487083864
2868,2024-04-29 11:00:00,59.947419362879025
2869,2024-04-29 12:00:00,51.72626818794652
2870,2024-04-29 13:00:00,50.68196208878283
2871,2024-04-29 14:00:00,54.9767664344443
2872,2024-04-29 15:00:00,47.91288541094246
2873,2024-04-29 16:00:00,43.66140282344846
2874,2024-04-29 17:00:00,34.51826132984051
2875,2024-04-29 18:00:00,36.53049436702831
2876,2024-04-29 19:00:00,38.993900939896974
2877,2024-04-29 20:00:00,49.644508340013694
2878,2024-04-29 21:00:00,44.156160032657304
2879,2024-04-29 22:00:00,44.45788595666282
2880,2024-04-29 23:00:00,48.79472610758069
2881,2024-04-30 00:00:00,62.16388348516049
2882,2024-04-30 01:00:00,68.60797184252614
2883,2024-04-30 02:00:00,71.10170088969531
2884,2024-04-30 03:00:00,71.91097300587181
2885,2024-04-30 04:00:00,83.95028749025182
2886,2024-04-30 05:00:00,75.35261971828311
2887,2024-04-30 06:00:00,73.92439906209906
2888,2024-04-30 07:00:00,63.84098702968424
2889,2024-04-30 08:00:00,72.82373368923339
2890,2024-04-30 09:00:00,75.48349436218976
2891,2024-04-30 10:00:00,74.87730395357971
2892,2024-04-30 11:00:00,64.30498170186544
2893,2024-04-30 12:00:00,60.28286694169515
2894,2024-04-30 13:00:00,54.13763548597888
2895,2024-04-30 14:00:00,49.25075197109429
2896,2024-04-30 15:00:00,51.110653986515956
2897,2024-04-30 16:00:00,42.09890543906649
2898,2024-04-30 17:00:00,28.375821674363948
2899,2024-04-30 18:00:00,44.68349487933822
2900,2024-04-30 19:00:00,32.987597048917806
2901,2024-04-30 20:00:00,37.97521941265716
2902,2024-04-30 21:00:00,41.67466224847637
2903,2024-04-30 22:00:00,43.5580343777085
2904,2024-04-30 23:00:00,48.49446517623198
2905,2024-05-01 00:00:00,57.06837161366456
2906,2024-05-01 01:00:00,66.55830543576153
2907,2024-05-01 02:00:00,79.08776243039614
2908,2024-05-01 03:00:00,73.60734712805251
2909,2024-05-01 04:00:00,73.08671236581569
2910,2024-05-01 05:00:00,68.58163488578656
2911,2024-05-01 06:00:00,90.96277876015529
2912,2024-05-01 07:00:00,78.95760320633772
2913,2024-05-01 08:00:00,79.30181909405218
2914,2024-05-01 09:00:00,70.29614908166567
2915,2024-05-01 10:00:00,70.29977781453077
2916,2024-05-01 11:00:00,64.2655711596246
2917,2024-05-01 12:00:00,57.622216068471566
2918,2024-05-01 13:00:00,52.18361464793573
2919,2024-05-01 14:00:00,47.023379423542146
2920,2024-05-01 15:00:00,49.42285074193512
2921,2024-05-01 16:00:00,46.53505982493238
2922,2024-05-01 17:00:00,35.59570436356079
2923,2024-05-01 18:00:00,40.607712102361006
2924,2024-05-01 19:00:00,34.11912140810626
2925,2024-05-01 20:00:00,38.341797281293374
2926,2024-05-01 21:00:00,42.67801225672408
2927,2024-05-01 22:00:00,45.07694157434251
2928,2024-05-01 23:00:00,43.17538969038204
2929,2024-05-02 00:00:00,51.76757719534521
2930,2024-05-02 01:00:00,59.53223666225993
2931,2024-05-02 02:00:00,67.98043222936543
2932,2024-05-02 03:00:00,85.5873773855636
2933,2024-05-02 04:00:00,69.66804798129431
2934,2024-05-02 05:00:00,74.16645739653792
2935,2024-05-02 06:00:00,79.40679125928091
2936,2024-05-02 07:00:00,75.87681547098346
2937,2024-05-02 08:00:00,78.4786641170508
2938,2024-05-02 09:00:00,70.85631403539081
2939,2024-05-02 10:00:00,65.2826172365071
2940,2024-05-02 11:00:00,58.435048428563114
2941,2024-05-02 12:00:00,59.90198248148157
2942,2024-05-02 13:00:00,52.08306679522318
2943,2024-05-02 14:00:00,52.112236534491025
2944,2024-05-02 15:00:00,43.80278405396606
2945,2024-05-02 16:00:00,35.56944810133894
2946,2024-05-02 17:00:00,35.86022484538224
2947,2024-05-02 18:00:00,43.061841948457115
2948,2024-05-02 19:00:00,35.52718837546845
2949,2024-05-02 20:00:00,43.28773611799054
2950,2024-05-02 21:00:00,55.716479525744134
2951,2024-05-02 22:00:00,51.43382687196752
2952,2024-05-02 23:00:00,53.836047474957404
2953,2024-05-03 00:00:00,65.61035946394746
2954,2024-05-03 01:00:00,59.954558933707254
2955,2024-05-03 02:00:00,73.83990685788217
2956,2024-05-03 03:00:00,64.52799400532541
2957,2024-05-03 04:00:00,69.20376775057252
2958,2024-05-03 05:00:00,83.29785552839435
2959,2024-05-03 06:00:00,68.04757673154309
2960,2024-05-03 07:00:00,68.22373757759934
2961,2024-05-03 08:00:00,74.63139242434943
2962,2024-05-03 09:00:00,72.9959243694606
2963,2024-05-03 10:00:00,64.51889437036095
2964,2024-05-03 11:00:00,69.17948124222762
2965,2024-05-03 12:00:00,60.120405795755794
2966,2024-05-03 13:00:00,52.73485260155167
2967,2024-05-03 14:00:00,53.79171816891839
2968,2024-05-03 15:00:00,34.460583421703376
2969,2024-05-03 16:00:00,41.68097459201858
2970,2024-05-03 17:00:00,42.08209498317114
2971,2024-05-03 18:00:00,48.794464557400445
2972,2024-05-03 19:00:00,38.77665764850503
2973,2024-05-03 20:00:00,35.35075395701696
2974,2024-05-03 21:00:00,43.97144468591324
2975,2024-05-03 22:00:00,49.51537738714582
2976,2024-05-03 23:00:00,48.20774754245706
2977,2024-05-04 00:00:00,54.74305489575032
2978,2024-05-04 01:00:00,64.6895543444683
2979,2024-05-04 02:00:00,66.68380935503004
2980,2024-05-04 03:00:00,69.56984391871832
2981,2024-05-04 04:00:00,72.44111671972074
2982,2024-05-04 05:00:00,74.60438453493096
2983,2024-05-04 06:00:00,76.45381670047246
2984,2024-05-04 07:00:00,72.67626217738129
2985,2024-05-04 08:00:00,73.45052563281642
2986,2024-05-04 09:00:00,73.68851800621107
2987,2024-05-04 10:00:00,60.642034638083395
2988,2024-05-04 11:00:00,68.96494813426199
2989,2024-05-04 12:00:00,59.6683521338845
2990,2024-05-04 13:00:00,50.68075096526055
2991,2024-05-04 14:00:00,46.274168098759716
2992,2024-05-04 15:00:00,55.18594022224552
2993,2024-05-04 16:00:00,39.3775031121058
2994,2024-05-04 17:00:00,42.118020977974425
2995,2024-05-04 18:00:00,37.29685338549058
2996,2024-05-04 19:00:00,50.54019327991443
2997,2024-05-04 20:00:00,43.22655300985122
2998,2024-05-04 21:00:00,43.86564168209572
2999,2024-05-04 22:00:00,41.966434170127066
3000,2024-05-04 23:00:00,55.994928397498214
3001,2024-05-05 00:00:00,60.345712210442876
3002,2024-05-05 01:00:00,62.26722511842832
3003,2024-05-05 02:00:00,70.29444405234919
3004,2024-05-05 03:00:00,74.4450840129965
3005,2024-05-05 04:00:00,76.23646911188689
3006,2024-05-05 05:00:00,81.15731780998347
3007,2024-05-05 06:00:00,80.58486518018798
3008,2024-05-05 07:00:00,79.61481257149576
3009,2024-05-05 08:00:00,73.44730579877036
3010,2024-05-05 09:00:00,75.73857188920368
3011,2024-05-05 10:00:00,65.24815796254248
3012,2024-05-05 11:00:00,62.94344843478769
3013,2024-05-05 12:00:00,57.21045984409085
3014,2024-05-05 13:00:00,56.129959309896
3015,2024-05-05 14:00:00,50.54298067150686
3016,2024-05-05 15:00:00,39.94974913353198
3017,2024-05-05 16:00:00,34.902858242173416
3018,2024-05-05 17:00:00,38.96188441646997
3019,2024-05-05 18:00:00,30.90029289255181
3020,2024-05-05 19:00:00,42.914375582375826
3021,2024-05-05 20:00:00,40.45278439868499
3022,2024-05-05 21:00:00,46.02943333977399
3023,2024-05-05 22:00:00,48.074036625617616
3024,2024-05-05 23:00:00,60.844006826189386
3025,2024-05-06 00:00:00,50.31892411159913
3026,2024-05-06 01:00:00,57.64524665600127
3027,2024-05-06 02:00:00,65.30576734275203
3028,2024-05-06 03:00:00,74.33292234168923
3029,2024-05-06 04:00:00,76.82720601750275
3030,2024-05-06 05:00:00,81.63647250229823
3031,2024-05-06 06:00:00,76.8073067626817
3032,2024-05-06 07:00:00,67.44918762209302
3033,2024-05-06 08:00:00,75.99943718327843
3034,2024-05-06 09:00:00,69.18442813782164
3035,2024-05-06 10:00:00,71.55568201417265
3036,2024-05-06 11:00:00,74.34875961341102
3037,2024-05-06 12:00:00,66.67359682822698
3038,2024-05-06 13:00:00,60.243640102055224
3039,2024-05-06 14:00:00,44.43525523853194
3040,2024-05-06 15:00:00,40.56823909956588
3041,2024-05-06 16:00:00,48.68766927658206
3042,2024-05-06 17:00:00,41.9711070682025
3043,2024-05-06 18:00:00,39.3566973571635
3044,2024-05-06 19:00:00,37.80442075367078
3045,2024-05-06 20:00:00,40.99565492963305
3046,2024-05-06 21:00:00,42.77434895337016
3047,2024-05-06 22:00:00,39.87387467369561
3048,2024-05-06 23:00:00,48.981432828733766
3049,2024-05-07 00:00:00,59.75406589692918
3050,2024-05-07 01:00:00,64.05141529551015
3051,2024-05-07 02:00:00,63.41369434043494
3052,2024-05-07 03:00:00,73.94318353608504
3053,2024-05-07 04:00:00,94.71853208312214
3054,2024-05-07 05:00:00,75.7409093365025
3055,2024-05-07 06:00:00,79.24847430729542
3056,2024-05-07 07:00:00,74.8925810467193
3057,2024-05-07 08:00:00,83.31033867989312
3058,2024-05-07 09:00:00,71.58003221902437
3059,2024-05-07 10:00:00,61.919739752490166
3060,2024-05-07 11:00:00,64.48831542827261
3061,2024-05-07 12:00:00,50.64616311561024
3062,2024-05-07 13:00:00,52.85643241808333
3063,2024-05-07 14:00:00,51.780545844628335
3064,2024-05-07 15:00:00,41.5665738152471
3065,2024-05-07 16:00:00,35.36149659360446
3066,2024-05-07 17:00:00,33.07960467786133
3067,2024-05-07 18:00:00,35.266394436144296
3068,2024-05-07 19:00:00,36.427009293411146
3069,2024-05-07 20:00:00,35.1359084876992
3070,2024-05-07 21:00:00,45.03897371951025
3071,2024-05-07 22:00:00,36.99840209433378
3072,2024-05-07 23:00:00,49.18880001149649
3073,2024-05-08 00:00:00,51.39536112177439
3074,2024-05-08 01:00:00,58.56138778852102
3075,2024-05-08 02:00:00,72.14618700709018
3076,2024-05-08 03:00:00,74.78932424661951
3077,2024-05-08 04:00:00,78.82617737089382
3078,2024-05-08 05:00:00,67.10846326824922
3079,2024-05-08 06:00:00,70.78867171497726
3080,2024-05-08 07:00:00,77.65441958679959
3081,2024-05-08 08:00:00,76.37733633092698
3082,2024-05-08 09:00:00,77.22472035110248
3083,2024-05-08 10:00:00,74.55946930315393
3084,2024-05-08 11:00:00,54.14904164918427
3085,2024-05-08 12:00:00,66.130450266213
3086,2024-05-08 13:00:00,46.982222640957325
3087,2024-05-08 14:00:00,51.92715818684509
3088,2024-05-08 15:00:00,44.554527270972564
3089,2024-05-08 16:00:00,40.14420779702927
3090,2024-05-08 17:00:00,48.709190142113364
3091,2024-05-08 18:00:00,43.5645889001277
3092,2024-05-08 19:00:00,35.1528050662715
3093,2024-05-08 20:00:00,41.04941502699137
3094,2024-05-08 21:00:00,46.5160363773282
3095,2024-05-08 22:00:00,57.203551603682655
3096,2024-05-08 23:00:00,54.17007925778044
3097,2024-05-09 00:00:00,61.443655856819994
3098,2024-05-09 01:00:00,63.090924320058576
3099,2024-05-09 02:00:00,66.63331324075679
3100,2024-05-09 03:00:00,76.02855336382174
3101,2024-05-09 04:00:00,72.1430513884256
3102,2024-05-09 05:00:00,70.0529325970492
3103,2024-05-09 06:00:00,77.05823003344918
3104,2024-05-09 07:00:00,74.42353931608875
3105,2024-05-09 08:00:00,78.58645754018583
3106,2024-05-09 09:00:00,77.08452253132313
3107,2024-05-09 10:00:00,64.65611816737804
3108,2024-05-09 11:00:00,58.15211081948846
3109,2024-05-09 12:00:00,55.036001436803716
3110,2024-05-09 13:00:00,59.82922391291933
3111,2024-05-09 14:00:00,49.695012693997576
3112,2024-05-09 15:00:00,47.20889850481874
3113,2024-05-09 16:00:00,47.01385817668096
3114,2024-05-09 17:00:00,35.690606516046756
3115,2024-05-09 18:00:00,32.18001896393152
3116,2024-05-09 19:00:00,38.24044481192454
3117,2024-05-09 20:00:00,36.49219786182356
3118,2024-05-09 21:00:00,40.144081829332514
3119,2024-05-09 22:00:00,45.79091556592139
3120,2024-05-09 23:00:00,53.225305797038786
3121,2024-05-10 00:00:00,58.854511992167886
3122,2024-05-10 01:00:00,61.328748322706716
3123,2024-05-10 02:00:00,62.13322809965282
3124,2024-05-10 03:00:00,74.11721378564887
3125,2024-05-10 04:00:00,75.7474191694948
3126,2024-05-10 05:00:00,78.99142361671136
3127,2024-05-10 06:00:00,68.62235644973367
3128,2024-05-10 07:00:00,77.2046963361754
3129,2024-05-10 08:00:00,76.38113106186027
3130,2024-05-10 09:00:00,69.09267610454177
3131,2024-05-10 10:00:00,75.16677535466485
3132,2024-05-10 11:00:00,65.73659425656079
3133,2024-05-10 12:00:00,62.696292274984295
3134,2024-05-10 13:00:00,55.8530460006363
3135,2024-05-10 14:00:00,43.70796090459151
3136,2024-05-10 15:00:00,48.04480044434608
3137,2024-05-10 16:00:00,39.668167208657884
3138,2024-05-10 17:00:00,51.693431384133376
3139,2024-05-10 18:00:00,36.09266269563997
3140,2024-05-10 19:00:00,32.73475848658042
3141,2024-05-10 20:00:00,38.9828406900762
3142,2024-05-10 21:00:00,43.69629864641637
3143,2024-05-10 22:00:00,51.17626451831418
3144,2024-05-10 23:00:00,56.95494954228226
3145,2024-05-11 00:00:00,49.32224554021039
3146,2024-05-11 01:00:00,63.69641193987008
3147,2024-05-11 02:00:00,61.20339855004831
3148,2024-05-11 03:00:00,76.35027366376167
3149,2024-05-11 04:00:00,71.14080530362016
3150,2024-05-11 05:00:00,80.91834706315146
3151,2024-05-11 06:00:00,73.60018130217442
3152,2024-05-11 07:00:00,74.26015598707181
3153,2024-05-11 08:00:00,81.22703188203377
3154,2024-05-11 09:00:00,80.33846084734179
3155,2024-05-11 10:00:00,58.96471155603629
3156,2024-05-11 11:00:00,62.21820521992601
3157,2024-05-11 12:00:00,59.45050039609608
3158,2024-05-11 13:00:00,49.54401053080199
3159,2024-05-11 14:00:00,35.08316037883929
3160,2024-05-11 15:00:00,39.8798132439273
3161,2024-05-11 16:00:00,46.35473277514596
3162,2024-05-11 17:00:00,47.0986135688538
3163,2024-05-11 18:00:00,39.49756831824489
3164,2024-05-11 19:00:00,39.65115975751959
3165,2024-05-11 20:00:00,42.411635511312056
3166,2024-05-11 21:00:00,43.651059497945475
3167,2024-05-11 22:00:00,42.74545804385351
3168,2024-05-11 23:00:00,44.45380257521589
3169,2024-05-12 00:00:00,54.22051498328098
3170,2024-05-12 01:00:00,63.48382054988362
3171,2024-05-12 02:00:00,61.10404078448474
3172,2024-05-12 03:00:00,67.52673795006265
3173,2024-05-12 04:00:00,75.27345134182016
3174,2024-05-12 05:00:00,72.03112516022915
3175,2024-05-12 06:00:00,75.13151256914513
3176,2024-05-12 07:00:00,80.53060018143248
3177,2024-05-12 08:00:00,81.07214488324095
3178,2024-05-12 09:00:00,70.83985434742921
3179,2024-05-12 10:00:00,63.77809890049356
3180,2024-05-12 11:00:00,62.59400655984322
3181,2024-05-12 12:00:00,60.70021465148512
3182,2024-05-12 13:00:00,44.256174701615436
3183,2024-05-12 14:00:00,43.86809734502721
3184,2024-05-12 15:00:00,37.46334868696665
3185,2024-05-12 16:00:00,39.81510674829947
3186,2024-05-12 17:00:00,41.15018490410707
3187,2024-05-12 18:00:00,41.7819029275297
3188,2024-05-12 19:00:00,37.01253054836477
3189,2024-05-12 20:00:00,34.97615328325938
3190,2024-05-12 21:00:00,38.10404194978207
3191,2024-05-12 22:00:00,40.86550536848397
3192,2024-05-12 23:00:00,50.92616621942821
3193,2024-05-13 00:00:00,51.88885338657991
3194,2024-05-13 01:00:00,70.13936439185149
3195,2024-05-13 02:00:00,68.54373179332953
3196,2024-05-13 03:00:00,72.73352430268419
3197,2024-05-13 04:00:00,77.9641685186483
3198,2024-05-13 05:00:00,77.4486762112365
3199,2024-05-13 06:00:00,84.16112572131664
3200,2024-05-13 07:00:00,74.29339103223643
3201,2024-05-13 08:00:00,74.05782684899178
3202,2024-05-13 09:00:00,74.75837573086704
3203,2024-05-13 10:00:00,57.63731943408859
3204,2024-05-13 11:00:00,66.52126963909086
3205,2024-05-13 12:00:00,53.16172278112809
3206,2024-05-13 13:00:00,50.548308216612114
3207,2024-05-13 14:00:00,52.93002232721339
3208,2024-05-13 15:00:00,47.25414159893787
3209,2024-05-13 16:00:00,34.028919401552734
3210,2024-05-13 17:00:00,38.48191591743668
3211,2024-05-13 18:00:00,37.105590872510085
3212,2024-05-13 19:00:00,32.51543533605471
3213,2024-05-13 20:00:00,40.47754774888485
3214,2024-05-13 21:00:00,41.3665028708001
3215,2024-05-13 22:00:00,54.617776449178734
3216,2024-05-13 23:00:00,50.92569856957902
3217,2024-05-14 00:00:00,60.457230396333976
3218,2024-05-14 01:00:00,63.365133633317384
3219,2024-05-14 02:00:00,68.20786303557361
3220,2024-05-14 03:00:00,68.60794045041291
3221,2024-05-14 04:00:00,70.07916207690954
3222,2024-05-14 05:00:00,81.68074364491235
3223,2024-05-14 06:00:00,74.91910298384394
3224,2024-05-14 07:00:00,74.72118347246344
3225,2024-05-14 08:00:00,72.62608515523843
3226,2024-05-14 09:00:00,76.09597308981482
3227,2024-05-14 10:00:00,69.76204015576174
3228,2024-05-14 11:00:00,67.16524511715963
3229,2024-05-14 12:00:00,62.07662036946522
3230,2024-05-14 13:00:00,53.21864410975541
3231,2024-05-14 14:00:00,47.88511996994712
3232,2024-05-14 15:00:00,39.32611192382496
3233,2024-05-14 16:00:00,32.80151080114147
3234,2024-05-14 17:00:00,41.20130750212148
3235,2024-05-14 18:00:00,34.252456425589784
3236,2024-05-14 19:00:00,38.80057676947162
3237,2024-05-14 20:00:00,42.95440471443587
3238,2024-05-14 21:00:00,47.23819840386307
3239,2024-05-14 22:00:00,55.17342508165515
3240,2024-05-14 23:00:00,50.31147679703545
3241,2024-05-15 00:00:00,59.258888590155074
3242,2024-05-15 01:00:00,67.93208873821565
3243,2024-05-15 02:00:00,75.55207656828703
3244,2024-05-15 03:00:00,73.57113000401871
3245,2024-05-15 04:00:00,76.0545255071193
3246,2024-05-15 05:00:00,80.81095219460938
3247,2024-05-15 06:00:00,74.72530194944976
3248,2024-05-15 07:00:00,78.99125111380064
3249,2024-05-15 08:00:00,71.26640854350653
3250,2024-05-15 09:00:00,78.0258826048365
3251,2024-05-15 10:00:00,59.66663053506718
3252,2024-05-15 11:00:00,69.48094617596476
3253,2024-05-15 12:00:00,55.05428691168909
3254,2024-05-15 13:00:00,58.761057039763735
3255,2024-05-15 14:00:00,53.22496454206759
3256,2024-05-15 15:00:00,33.76562212565052
3257,2024-05-15 16:00:00,34.41659538956703
3258,2024-05-15 17:00:00,39.6266650190339
3259,2024-05-15 18:00:00,44.338492448886505
3260,2024-05-15 19:00:00,37.88169049022515
3261,2024-05-15 20:00:00,37.15936525138949
3262,2024-05-15 21:00:00,39.12254491439207
3263,2024-05-15 22:00:00,41.92713667985896
3264,2024-05-15 23:00:00,54.92601432335082
3265,2024-05-16 00:00:00,54.45452644759823
3266,2024-05-16 01:00:00,62.875748191886146
3267,2024-05-16 02:00:00,66.48248526071954
3268,2024-05-16 03:00:00,66.76206002024391
3269,2024-05-16 04:00:00,73.71303303258256
3270,2024-05-16 05:00:00,77.20550233174431
3271,2024-05-16 06:00:00,87.6551550321621
3272,2024-05-16 07:00:00,75.28588473784434
3273,2024-05-16 08:00:00,67.33645472273919
3274,2024-05-16 09:00:00,78.78376744876323
3275,2024-05-16 10:00:00,67.8695308382564
3276,2024-05-16 11:00:00,58.228495046783834
3277,2024-05-16 12:00:00,52.356437647839
3278,2024-05-16 13:00:00,47.951658225975606
3279,2024-05-16 14:00:00,40.146171381106925
3280,2024-05-16 15:00:00,36.96633736006294
3281,2024-05-16 16:00:00,49.91731904460351
3282,2024-05-16 17:00:00,35.59562487283075
3283,2024-05-16 18:00:00,30.79581840923685
3284,2024-05-16 19:00:00,29.281824267578557
3285,2024-05-16 20:00:00,48.529905594969414
3286,2024-05-16 21:00:00,39.30716570010753
3287,2024-05-16 22:00:00,49.654726985080714
3288,2024-05-16 23:00:00,39.213220427826585
3289,2024-05-17 00:00:00,58.33585988180127
3290,2024-05-17 01:00:00,62.09766112961126
3291,2024-05-17 02:00:00,68.89917221846041
3292,2024-05-17 03:00:00,73.21400695233051
3293,2024-05-17 04:00:00,73.47886568210619
3294,2024-05-17 05:00:00,80.09231596639648
3295,2024-05-17 06:00:00,69.17802800028234
3296,2024-05-17 07:00:00,77.10828803965079
3297,2024-05-17 08:00:00,78.9022944264446
3298,2024-05-17 09:00:00,65.3511459788445
3299,2024-05-17 10:00:00,62.511375117692246
3300,2024-05-17 11:00:00,59.622157836723154
3301,2024-05-17 12:00:00,54.80344358121818
3302,2024-05-17 13:00:00,43.82300500519295
3303,2024-05-17 14:00:00,50.17386198600568
3304,2024-05-17 15:00:00,44.936095346712996
3305,2024-05-17 16:00:00,31.93639302559648
3306,2024-05-17 17:00:00,35.618749561677596
3307,2024-05-17 18:00:00,29.8386629771286
3308,2024-05-17 19:00:00,34.22588151244764
3309,2024-05-17 20:00:00,40.7461878830742
3310,2024-05-17 21:00:00,33.249822087275206
3311,2024-05-17 22:00:00,43.25183988517547
3312,2024-05-17 23:00:00,46.34977797122603
3313,2024-05-18 00:00:00,47.80775034454417
3314,2024-05-18 01:00:00,72.93243523642981
3315,2024-05-18 02:00:00,68.46823142475405
3316,2024-05-18 03:00:00,72.07962768911646
3317,2024-05-18 04:00:00,75.20452829169581
3318,2024-05-18 05:00:00,73.05658845631176
3319,2024-05-18 06:00:00,78.4277452232531
3320,2024-05-18 07:00:00,78.92861087573925
3321,2024-05-18 08:00:00,74.04791138902364
3322,2024-05-18 09:00:00,68.29473874558856
3323,2024-05-18 10:00:00,70.41888258575388
3324,2024-05-18 11:00:00,61.060124227188936
3325,2024-05-18 12:00:00,56.60447579765651
3326,2024-05-18 13:00:00,52.754770274769704
3327,2024-05-18 14:00:00,39.67851418994718
3328,2024-05-18 15:00:00,40.323214227949244
3329,2024-05-18 16:00:00,44.041446210191964
3330,2024-05-18 17:00:00,35.75459724319681
3331,2024-05-18 18:00:00,29.987152885460556
3332,2024-05-18 19:00:00,27.1096737955325
3333,2024-05-18 20:00:00,43.64902213809253
3334,2024-05-18 21:00:00,47.204649020610326
3335,2024-05-18 22:00:00,39.38754244793009
3336,2024-05-18 23:00:00,46.81109905676428
3337,2024-05-19 00:00:00,56.55129309799144
3338,2024-05-19 01:00:00,48.82516516037771
3339,2024-05-19 02:00:00,59.2850733859309
3340,2024-05-19 03:00:00,63.820126236167184
3341,2024-05-19 04:00:00,76.44826830516472
3342,2024-05-19 05:00:00,72.28996284678485
3343,2024-05-19 06:00:00,77.37154212801656
3344,2024-05-19 07:00:00,77.07738371643809
3345,2024-05-19 08:00:00,74.53335822337999
3346,2024-05-19 09:00:00,67.45462487215838
3347,2024-05-19 10:00:00,69.20684266511579
3348,2024-05-19 11:00:00,61.47226760900441
3349,2024-05-19 12:00:00,54.31703127307109
3350,2024-05-19 13:00:00,61.08743781834734
3351,2024-05-19 14:00:00,54.10643519324616
3352,2024-05-19 15:00:00,47.052906462465245
3353,2024-05-19 16:00:00,47.216228412246465
3354,2024-05-19 17:00:00,36.818383938659224
3355,2024-05-19 18:00:00,41.61883470411935
3356,2024-05-19 19:00:00,37.14720171319133
3357,2024-05-19 20:00:00,39.4517167128286
3358,2024-05-19 21:00:00,47.89998896117917
3359,2024-05-19 22:00:00,54.136142725484
3360,2024-05-19 23:00:00,57.6090693012719
3361,2024-05-20 00:00:00,58.24616940705666
3362,2024-05-20 01:00:00,59.99678981344974
3363,2024-05-20 02:00:00,63.035245017666206
3364,2024-05-20 03:00:00,74.9407355736802
3365,2024-05-20 04:00:00,68.95016224090898
3366,2024-05-20 05:00:00,63.91208551804098
3367,2024-05-20 06:00:00,74.00330034929243
3368,2024-05-20 07:00:00,73.08332165678631
3369,2024-05-20 08:00:00,72.11380622592031
3370,2024-05-20 09:00:00,72.00997515893218
3371,2024-05-20 10:00:00,69.64857521551302
3372,2024-05-20 11:00:00,60.42367624777984
3373,2024-05-20 12:00:00,60.98953550365164
3374,2024-05-20 13:00:00,51.98293270720997
3375,2024-05-20 14:00:00,51.542843218787795
3376,2024-05-20 15:00:00,52.65569122076968
3377,2024-05-20 16:00:00,34.88888146699144
3378,2024-05-20 17:00:00,38.000337073414386
3379,2024-05-20 18:00:00,43.62711943810848
3380,2024-05-20 19:00:00,44.27523320543221
3381,2024-05-20 20:00:00,38.81811711828502
3382,2024-05-20 21:00:00,44.73281589602942
3383,2024-05-20 22:00:00,43.88296199129081
3384,2024-05-20 23:00:00,53.21146589732576
3385,2024-05-21 00:00:00,59.59492343698357
3386,2024-05-21 01:00:00,75.26616104237853
3387,2024-05-21 02:00:00,71.0407323356934
3388,2024-05-21 03:00:00,72.23213374959083
3389,2024-05-21 04:00:00,76.4784527277892
3390,2024-05-21 05:00:00,83.91404063890141
3391,2024-05-21 06:00:00,74.77276851703385
3392,2024-05-21 07:00:00,72.08664753349323
3393,2024-05-21 08:00:00,75.32903947931949
3394,2024-05-21 09:00:00,66.3586180350142
3395,2024-05-21 10:00:00,71.9678496515804
3396,2024-05-21 11:00:00,64.03095421807542
3397,2024-05-21 12:00:00,55.6945740768727
3398,2024-05-21 13:00:00,49.76564470821807
3399,2024-05-21 14:00:00,42.79029312958161
3400,2024-05-21 15:00:00,48.21738568874982
3401,2024-05-21 16:00:00,39.56857799748579
3402,2024-05-21 17:00:00,34.36231874423836
3403,2024-05-21 18:00:00,32.77813081525774
3404,2024-05-21 19:00:00,32.51995667287931
3405,2024-05-21 20:00:00,42.879996848523874
3406,2024-05-21 21:00:00,42.88622257243517
3407,2024-05-21 22:00:00,54.2906968638666
3408,2024-05-21 23:00:00,45.79221477598908
3409,2024-05-22 00:00:00,51.19251681356708
3410,2024-05-22 01:00:00,57.727030496030395
3411,2024-05-22 02:00:00,64.26639861325394
3412,2024-05-22 03:00:00,64.95395348537758
3413,2024-05-22 04:00:00,70.65679985161073
3414,2024-05-22 05:00:00,67.9926920690536
3415,2024-05-22 06:00:00,72.59361503637226
3416,2024-05-22 07:00:00,73.59930006555409
3417,2024-05-22 08:00:00,78.19679845758503
3418,2024-05-22 09:00:00,65.02810017751528
3419,2024-05-22 10:00:00,60.76368129331351
3420,2024-05-22 11:00:00,58.16484548721401
3421,2024-05-22 12:00:00,56.1546729871783
3422,2024-05-22 13:00:00,55.250060632506624
3423,2024-05-22 14:00:00,45.07217992566177
3424,2024-05-22 15:00:00,39.12604638246727
3425,2024-05-22 16:00:00,36.62392895916878
3426,2024-05-22 17:00:00,45.39924366364135
3427,2024-05-22 18:00:00,44.590442173553136
3428,2024-05-22 19:00:00,38.06108222092728
3429,2024-05-22 20:00:00,33.41252873452244
3430,2024-05-22 21:00:00,40.48936757043754
3431,2024-05-22 22:00:00,43.020654962301926
3432,2024-05-22 23:00:00,42.87709847407814
3433,2024-05-23 00:00:00,63.6723968514828
3434,2024-05-23 01:00:00,59.50313814398789
3435,2024-05-23 02:00:00,63.670410138370414
3436,2024-05-23 03:00:00,75.46769051274127
3437,2024-05-23 04:00:00,75.38602023732939
3438,2024-05-23 05:00:00,71.89043496580048
3439,2024-05-23 06:00:00,71.82761835661276
3440,2024-05-23 07:00:00,83.1223965931699
3441,2024-05-23 08:00:00,80.42554967626201
3442,2024-05-23 09:00:00,77.43562747790287
3443,2024-05-23 10:00:00,64.04656975055981
3444,2024-05-23 11:00:00,62.2567594320463
3445,2024-05-23 12:00:00,48.95122515389316
3446,2024-05-23 13:00:00,52.32787125722629
3447,2024-05-23 14:00:00,46.57121016646921
3448,2024-05-23 15:00:00,52.10133005412182
3449,2024-05-23 16:00:00,28.8598414310812
3450,2024-05-23 17:00:00,36.135165412851045
3451,2024-05-23 18:00:00,30.7695159953451
3452,2024-05-23 19:00:00,37.91930045125936
3453,2024-05-23 20:00:00,39.67222193285168
3454,2024-05-23 21:00:00,31.418928978539842
3455,2024-05-23 22:00:00,45.192173250323414
3456,2024-05-23 23:00:00,53.25537825081972
3457,2024-05-24 00:00:00,60.96016179527571
3458,2024-05-24 01:00:00,61.129625287879115
3459,2024-05-24 02:00:00,71.25604841497224
3460,2024-05-24 03:00:00,80.98935286996016
3461,2024-05-24 04:00:00,80.53944270485422
3462,2024-05-24 05:00:00,73.25324657650765
3463,2024-05-24 06:00:00,75.97213573453077
3464,2024-05-24 07:00:00,72.42636815635326
3465,2024-05-24 08:00:00,71.88354224133151
3466,2024-05-24 09:00:00,68.50015463003079
3467,2024-05-24 10:00:00,57.7718042522755
3468,2024-05-24 11:00:00,59.218962883820545
3469,2024-05-24 12:00:00,60.239651582295764
3470,2024-05-24 13:00:00,57.9789090937156
3471,2024-05-24 14:00:00,41.029683259841946
3472,2024-05-24 15:00:00,37.655796214336604
3473,2024-05-24 16:00:00,33.61713845973362
3474,2024-05-24 17:00:00,32.818699083561675
3475,2024-05-24 18:00:00,33.741241424945606
3476,2024-05-24 19:00:00,35.36019919783008
3477,2024-05-24 20:00:00,39.435102486791855
3478,2024-05-24 21:00:00,45.74673010991235
3479,2024-05-24 22:00:00,43.981945527207046
3480,2024-05-24 23:00:00,51.28054070977415
3481,2024-05-25 00:00:00,58.7150615387183
3482,2024-05-25 01:00:00,62.80816517992551
3483,2024-05-25 02:00:00,68.64549309269324
3484,2024-05-25 03:00:00,65.37464401937028
3485,2024-05-25 04:00:00,73.85966954263006
3486,2024-05-25 05:00:00,72.22698042345193
3487,2024-05-25 06:00:00,74.27772457441765
3488,2024-05-25 07:00:00,76.91774227974585
3489,2024-05-25 08:00:00,67.88980446795867
3490,2024-05-25 09:00:00,69.34491071050171
3491,2024-05-25 10:00:00,63.873176556954306
3492,2024-05-25 11:00:00,59.76538494400664
3493,2024-05-25 12:00:00,59.20190273991109
3494,2024-05-25 13:00:00,45.9717457456119
3495,2024-05-25 14:00:00,42.11568652694801
3496,2024-05-25 15:00:00,40.07863838986458
3497,2024-05-25 16:00:00,36.350317280506104
3498,2024-05-25 17:00:00,43.93340593806858
3499,2024-05-25 18:00:00,39.91578381096421
3500,2024-05-25 19:00:00,34.66683849806044
3501,2024-05-25 20:00:00,39.97233739687795
3502,2024-05-25 21:00:00,42.85066404126953
3503,2024-05-25 22:00:00,41.133292101301606
3504,2024-05-25 23:00:00,48.23583669063904
3505,2024-05-26 00:00:00,54.82315344023425
3506,2024-05-26 01:00:00,67.22410740673192
3507,2024-05-26 02:00:00,67.25488003515399
3508,2024-05-26 03:00:00,71.79068751965025
3509,2024-05-26 04:00:00,71.4968266782555
3510,2024-05-26 05:00:00,68.48733318097595
3511,2024-05-26 06:00:00,77.64848890536645
3512,2024-05-26 07:00:00,68.97584501180235
3513,2024-05-26 08:00:00,66.72809744138874
3514,2024-05-26 09:00:00,61.40894838027649
3515,2024-05-26 10:00:00,61.48692383537076
3516,2024-05-26 11:00:00,58.09993257470561
3517,2024-05-26 12:00:00,60.70891704107639
3518,2024-05-26 13:00:00,49.958160248380786
3519,2024-05-26 14:00:00,52.78109532649934
3520,2024-05-26 15:00:00,37.62410540310975
3521,2024-05-26 16:00:00,39.345281014679394
3522,2024-05-26 17:00:00,22.274855167596318
3523,2024-05-26 18:00:00,28.71260982761264
3524,2024-05-26 19:00:00,33.51752887517053
3525,2024-05-26 20:00:00,36.30287461832039
3526,2024-05-26 21:00:00,46.009122624403474
3527,2024-05-26 22:00:00,51.44370748485952
3528,2024-05-26 23:00:00,43.395170126776485
3529,2024-05-27 00:00:00,55.56233109664543
3530,2024-05-27 01:00:00,63.39627163492945
3531,2024-05-27 02:00:00,66.38239452463343
3532,2024-05-27 03:00:00,77.031957861353
3533,2024-05-27 04:00:00,73.86052952404046
3534,2024-05-27 05:00:00,79.67165176916014
3535,2024-05-27 06:00:00,74.37633354429803
3536,2024-05-27 07:00:00,76.59680303752626
3537,2024-05-27 08:00:00,70.39843527463081
3538,2024-05-27 09:00:00,63.05853501985097
3539,2024-05-27 10:00:00,69.25817814281514
3540,2024-05-27 11:00:00,61.89405285911267
3541,2024-05-27 12:00:00,55.8424703597735
3542,2024-05-27 13:00:00,56.123703599480685
3543,2024-05-27 14:00:00,44.17004328271828
3544,2024-05-27 15:00:00,36.26696488520586
3545,2024-05-27 16:00:00,40.938715711008626
3546,2024-05-27 17:00:00,34.177627933263636
3547,2024-05-27 18:00:00,34.527893684793554
3548,2024-05-27 19:00:00,36.06090527883096
3549,2024-05-27 20:00:00,38.26469093172798
3550,2024-05-27 21:00:00,45.45469319299578
3551,2024-05-27 22:00:00,49.28945642546653
3552,2024-05-27 23:00:00,44.70940330394388
3553,2024-05-28 00:00:00,60.79490503043125
3554,2024-05-28 01:00:00,53.34239395906502
3555,2024-05-28 02:00:00,72.25595448321091
3556,2024-05-28 03:00:00,69.68551905818916
3557,2024-05-28 04:00:00,70.91078197449764
3558,2024-05-28 05:00:00,68.27890346180534
3559,2024-05-28 06:00:00,78.53400489028235
3560,2024-05-28 07:00:00,71.37477698730807
3561,2024-05-28 08:00:00,67.08623494790446
3562,2024-05-28 09:00:00,75.41911432793538
3563,2024-05-28 10:00:00,75.65307974684515
3564,2024-05-28 11:00:00,63.432193899623364
3565,2024-05-28 12:00:00,50.78805308889843
3566,2024-05-28 13:00:00,54.570004147659056
3567,2024-05-28 14:00:00,42.044640500378684
3568,2024-05-28 15:00:00,41.3673533114158
3569,2024-05-28 16:00:00,44.24353422660372
3570,2024-05-28 17:00:00,20.144831359449164
3571,2024-05-28 18:00:00,33.98492288336864
3572,2024-05-28 19:00:00,40.13819926664651
3573,2024-05-28 20:00:00,40.66537505171773
3574,2024-05-28 21:00:00,39.35657129255286
3575,2024-05-28 22:00:00,42.797699324371614
3576,2024-05-28 23:00:00,47.72468711430503
3577,2024-05-29 00:00:00,56.688130306034466
3578,2024-05-29 01:00:00,63.64572737216943
3579,2024-05-29 02:00:00,64.60867104243442
3580,2024-05-29 03:00:00,72.1064669649797
3581,2024-05-29 04:00:00,67.12981445164313
3582,2024-05-29 05:00:00,78.73496273821891
3583,2024-05-29 06:00:00,75.72133440633657
3584,2024-05-29 07:00:00,69.93262759048348
3585,2024-05-29 08:00:00,80.62159418300743
3586,2024-05-29 09:00:00,77.06763534636313
3587,2024-05-29 10:00:00,53.84832949866195
3588,2024-05-29 11:00:00,69.73715323114305
3589,2024-05-29 12:00:00,60.19554936390782
3590,2024-05-29 13:00:00,60.24008946576837
3591,2024-05-29 14:00:00,48.013685595019396
3592,2024-05-29 15:00:00,43.181787296992894
3593,2024-05-29 16:00:00,37.76576706843905
3594,2024-05-29 17:00:00,44.06652414723871
3595,2024-05-29 18:00:00,40.5503577214181
3596,2024-05-29 19:00:00,42.676728368563545
3597,2024-05-29 20:00:00,41.86027615597991
3598,2024-05-29 21:00:00,57.98251442479791
3599,2024-05-29 22:00:00,41.2178096808741
3600,2024-05-29 23:00:00,47.532126485521
3601,2024-05-30 00:00:00,53.16418479326209
3602,2024-05-30 01:00:00,56.24177235476812
3603,2024-05-30 02:00:00,54.07073359045215
3604,2024-05-30 03:00:00,66.53705060242098
3605,2024-05-30 04:00:00,69.40224734319355
3606,2024-05-30 05:00:00,77.48800190362549
3607,2024-05-30 06:00:00,79.006728150724
3608,2024-05-30 07:00:00,82.37960555755586
3609,2024-05-30 08:00:00,75.20632152689399
3610,2024-05-30 09:00:00,65.3795647271025
3611,2024-05-30 10:00:00,67.67151091982952
3612,2024-05-30 11:00:00,66.62793043904493
3613,2024-05-30 12:00:00,59.678084623019814
3614,2024-05-30 13:00:00,54.37634914490075
3615,2024-05-30 14:00:00,50.29118935071799
3616,2024-05-30 15:00:00,42.7517740247025
3617,2024-05-30 16:00:00,36.87493202764258
3618,2024-05-30 17:00:00,39.750549457746025
3619,2024-05-30 18:00:00,27.350114353977574
3620,2024-05-30 19:00:00,46.55700536854195
3621,2024-05-30 20:00:00,39.961659966074734
3622,2024-05-30 21:00:00,40.81046776008442
3623,2024-05-30 22:00:00,49.56539771638864
3624,2024-05-30 23:00:00,43.36729899725857
3625,2024-05-31 00:00:00,59.35126948056183
3626,2024-05-31 01:00:00,60.8344985819478
3627,2024-05-31 02:00:00,65.31215848820035
3628,2024-05-31 03:00:00,66.1934302250229
3629,2024-05-31 04:00:00,59.794928960782194
3630,2024-05-31 05:00:00,80.18540958215125
3631,2024-05-31 06:00:00,79.63054121091257
3632,2024-05-31 07:00:00,73.63642828201097
3633,2024-05-31 08:00:00,67.9589875119811
3634,2024-05-31 09:00:00,72.81602897020544
3635,2024-05-31 10:00:00,64.28897321533132
3636,2024-05-31 11:00:00,53.32184934575518
3637,2024-05-31 12:00:00,51.59773698075212
3638,2024-05-31 13:00:00,56.36629486643795
3639,2024-05-31 14:00:00,43.84599995479297
3640,2024-05-31 15:00:00,44.066503662075434
3641,2024-05-31 16:00:00,29.815092408290766
3642,2024-05-31 17:00:00,36.38246785670061
3643,2024-05-31 18:00:00,39.96109045331877
3644,2024-05-31 19:00:00,37.45395634326199
3645,2024-05-31 20:00:00,36.92380500987099
3646,2024-05-31 21:00:00,30.309894033546676
3647,2024-05-31 22:00:00,56.33178946115181
3648,2024-05-31 23:00:00,45.97117662839109
3649,2024-06-01 00:00:00,59.872806575197004
3650,2024-06-01 01:00:00,56.80075234902009
3651,2024-06-01 02:00:00,56.700086410651856
3652,2024-06-01 03:00:00,76.66224043416881
3653,2024-06-01 04:00:00,79.35215085401991
3654,2024-06-01 05:00:00,73.52925685218032
3655,2024-06-01 06:00:00,73.26821510723585
3656,2024-06-01 07:00:00,68.76062628031356
3657,2024-06-01 08:00:00,69.71787372836746
3658,2024-06-01 09:00:00,77.9117246892977
3659,2024-06-01 10:00:00,54.199632755293585
3660,2024-06-01 11:00:00,52.67579619890573
3661,2024-06-01 12:00:00,47.674823371725495
3662,2024-06-01 13:00:00,47.35572503735186
3663,2024-06-01 14:00:00,49.10516239214139
3664,2024-06-01 15:00:00,39.304096273219805
3665,2024-06-01 16:00:00,38.76781350664577
3666,2024-06-01 17:00:00,42.93550883223539
3667,2024-06-01 18:00:00,27.850873518217103
3668,2024-06-01 19:00:00,32.26725058783197
3669,2024-06-01 20:00:00,30.975081265777824
3670,2024-06-01 21:00:00,39.37276574810763
3671,2024-06-01 22:00:00,52.520829346981785
3672,2024-06-01 23:00:00,43.98030018968186
3673,2024-06-02 00:00:00,43.75174148136719
3674,2024-06-02 01:00:00,56.74076359146644
3675,2024-06-02 02:00:00,60.1925046497781
3676,2024-06-02 03:00:00,63.83820819605344
3677,2024-06-02 04:00:00,70.39550035967807
3678,2024-06-02 05:00:00,60.31164326053509
3679,2024-06-02 06:00:00,81.61358079414153
3680,2024-06-02 07:00:00,71.59088304644035
3681,2024-06-02 08:00:00,71.47979224174678
3682,2024-06-02 09:00:00,72.1608077441135
3683,2024-06-02 10:00:00,59.16442746706799
3684,2024-06-02 11:00:00,55.857500920693965
3685,2024-06-02 12:00:00,53.053425207576375
3686,2024-06-02 13:00:00,48.733142846190155
3687,2024-06-02 14:00:00,44.4540290352636
3688,2024-06-02 15:00:00,40.07902378714655
3689,2024-06-02 16:00:00,45.2678380183149
3690,2024-06-02 17:00:00,31.06664341602505
3691,2024-06-02 18:00:00,36.455566736821815
3692,2024-06-02 19:00:00,30.550491253019814
3693,2024-06-02 20:00:00,30.077553131628317
3694,2024-06-02 21:00:00,33.81158170465012
3695,2024-06-02 22:00:00,46.743388079753146
3696,2024-06-02 23:00:00,51.009550189028154
3697,2024-06-03 00:00:00,55.671009537403584
3698,2024-06-03 01:00:00,59.13415422263778
3699,2024-06-03 02:00:00,57.91927127586452
3700,2024-06-03 03:00:00,69.0332447831733
3701,2024-06-03 04:00:00,76.13388101491965
3702,2024-06-03 05:00:00,86.67744382061345
3703,2024-06-03 06:00:00,75.05185323848424
3704,2024-06-03 07:00:00,78.24329919075744
3705,2024-06-03 08:00:00,60.41179938397735
3706,2024-06-03 09:00:00,69.05536428535152
3707,2024-06-03 10:00:00,60.47264324304563
3708,2024-06-03 11:00:00,52.41762852966166
3709,2024-06-03 12:00:00,59.11758497034667
3710,2024-06-03 13:00:00,41.18912308256321
3711,2024-06-03 14:00:00,52.333870809980944
3712,2024-06-03 15:00:00,46.60634873105792
3713,2024-06-03 16:00:00,40.73359485594486
3714,2024-06-03 17:00:00,35.93796671583655
3715,2024-06-03 18:00:00,24.660678689297917
3716,2024-06-03 19:00:00,38.78303402841457
3717,2024-06-03 20:00:00,35.75195601943812
3718,2024-06-03 21:00:00,43.95056633247775
3719,2024-06-03 22:00:00,41.61440109871297
3720,2024-06-03 23:00:00,51.52637250421742
3721,2024-06-04 00:00:00,57.327566906270675
3722,2024-06-04 01:00:00,57.64987937637365
3723,2024-06-04 02:00:00,61.04205089505411
3724,2024-06-04 03:00:00,66.43473380790836
3725,2024-06-04 04:00:00,65.4810862307628
3726,2024-06-04 05:00:00,81.3924994864204
3727,2024-06-04 06:00:00,72.67708196764724
3728,2024-06-04 07:00:00,84.71755988464399
3729,2024-06-04 08:00:00,76.47098614145185
3730,2024-06-04 09:00:00,70.82216681964496
3731,2024-06-04 10:00:00,68.6508791930079
3732,2024-06-04 11:00:00,55.57310653581764
3733,2024-06-04 12:00:00,47.604659162738265
3734,2024-06-04 13:00:00,54.559419032041845
3735,2024-06-04 14:00:00,47.90251871479971
3736,2024-06-04 15:00:00,43.71977648864993
3737,2024-06-04 16:00:00,40.034944048761886
3738,2024-06-04 17:00:00,40.12158530010273
3739,2024-06-04 18:00:00,36.98922354187105
3740,2024-06-04 19:00:00,40.8422913171144
3741,2024-06-04 20:00:00,36.04597107897109
3742,2024-06-04 21:00:00,41.206952869522716
3743,2024-06-04 22:00:00,34.496951604247755
3744,2024-06-04 23:00:00,49.23032871669586
3745,2024-06-05 00:00:00,52.31744625747865
3746,2024-06-05 01:00:00,66.36746759782721
3747,2024-06-05 02:00:00,62.1616973668883
3748,2024-06-05 03:00:00,73.2625774692359
3749,2024-06-05 04:00:00,74.20591541482007
3750,2024-06-05 05:00:00,76.0710044870562
3751,2024-06-05 06:00:00,68.50053892582612
3752,2024-06-05 07:00:00,72.82866552360863
3753,2024-06-05 08:00:00,74.93303197228923
3754,2024-06-05 09:00:00,75.41883017491148
3755,2024-06-05 10:00:00,62.835720301114385
3756,2024-06-05 11:00:00,49.70069771794043
3757,2024-06-05 12:00:00,52.19025222055618
3758,2024-06-05 13:00:00,50.11156694680576
3759,2024-06-05 14:00:00,44.66530788494266
3760,2024-06-05 15:00:00,42.36595710962922
3761,2024-06-05 16:00:00,37.079231023771754
3762,2024-06-05 17:00:00,31.560898851127263
3763,2024-06-05 18:00:00,35.485499327232425
3764,2024-06-05 19:00:00,42.918201315134915
3765,2024-06-05 20:00:00,50.87212695980418
3766,2024-06-05 21:00:00,37.46319221635265
3767,2024-06-05 22:00:00,44.258516356088826
3768,2024-06-05 23:00:00,50.98426713941626
3769,2024-06-06 00:00:00,55.64894784931457
3770,2024-06-06 01:00:00,64.96423980487342
3771,2024-06-06 02:00:00,63.404877935263386
3772,2024-06-06 03:00:00,65.71251654098171
3773,2024-06-06 04:00:00,70.82484079743946
3774,2024-06-06 05:00:00,73.79982652912463
3775,2024-06-06 06:00:00,74.70514400331275
3776,2024-06-06 07:00:00,61.789385513336
3777,2024-06-06 08:00:00,73.26377890189536
3778,2024-06-06 09:00:00,63.440187029396114
3779,2024-06-06 10:00:00,53.75161097385847
3780,2024-06-06 11:00:00,59.95433578463439
3781,2024-06-06 12:00:00,53.034517178827286
3782,2024-06-06 13:00:00,41.65062386324738
3783,2024-06-06 14:00:00,50.92361917293385
3784,2024-06-06 15:00:00,47.138372154161814
3785,2024-06-06 16:00:00,37.45589984898271
3786,2024-06-06 17:00:00,32.69241884572828
3787,2024-06-06 18:00:00,35.45020651845697
3788,2024-06-06 19:00:00,37.842672228054425
3789,2024-06-06 20:00:00,34.34002672683544
3790,2024-06-06 21:00:00,34.02841970076975
3791,2024-06-06 22:00:00,53.74406860849706
3792,2024-06-06 23:00:00,45.011863882433744
3793,2024-06-07 00:00:00,58.35507584719166
3794,2024-06-07 01:00:00,59.63908431533636
3795,2024-06-07 02:00:00,65.10563796732293
3796,2024-06-07 03:00:00,73.29163152495735
3797,2024-06-07 04:00:00,76.30501082734872
3798,2024-06-07 05:00:00,74.12170719451429
3799,2024-06-07 06:00:00,74.01286969119322
3800,2024-06-07 07:00:00,80.70169039288402
3801,2024-06-07 08:00:00,73.43145787652608
3802,2024-06-07 09:00:00,71.16584465336273
3803,2024-06-07 10:00:00,72.18179008572368
3804,2024-06-07 11:00:00,50.88047848804171
3805,2024-06-07 12:00:00,53.835514391140414
3806,2024-06-07 13:00:00,51.02149844034788
3807,2024-06-07 14:00:00,34.7507561446933
3808,2024-06-07 15:00:00,39.408720229368235
3809,2024-06-07 16:00:00,43.70542753900851
3810,2024-06-07 17:00:00,36.61727446788002
3811,2024-06-07 18:00:00,44.61337057348078
3812,2024-06-07 19:00:00,31.45570172798549
3813,2024-06-07 20:00:00,32.14252675215742
3814,2024-06-07 21:00:00,38.242909152094136
3815,2024-06-07 22:00:00,47.666105478331545
3816,2024-06-07 23:00:00,52.723507910948136
3817,2024-06-08 00:00:00,53.180734509019366
3818,2024-06-08 01:00:00,53.87732131230369
3819,2024-06-08 02:00:00,64.94015696896152
3820,2024-06-08 03:00:00,76.92604988673564
3821,2024-06-08 04:00:00,70.39979262378645
3822,2024-06-08 05:00:00,80.81199895868734
3823,2024-06-08 06:00:00,80.30706045086914
3824,2024-06-08 07:00:00,68.83701259447427
3825,2024-06-08 08:00:00,63.53378515978772
3826,2024-06-08 09:00:00,79.14443485671983
3827,2024-06-08 10:00:00,51.986712118461554
3828,2024-06-08 11:00:00,63.461546481326515
3829,2024-06-08 12:00:00,53.06356752897766
3830,2024-06-08 13:00:00,43.49906593777747
3831,2024-06-08 14:00:00,40.85037848504121
3832,2024-06-08 15:00:00,33.45566210856992
3833,2024-06-08 16:00:00,43.416881587736555
3834,2024-06-08 17:00:00,30.176755049034256
3835,2024-06-08 18:00:00,35.89337741563418
3836,2024-06-08 19:00:00,26.470562910630626
3837,2024-06-08 20:00:00,35.24532359147513
3838,2024-06-08 21:00:00,40.1375942487971
3839,2024-06-08 22:00:00,44.61008686150448
3840,2024-06-08 23:00:00,48.71010595727504
3841,2024-06-09 00:00:00,54.98236528424207
3842,2024-06-09 01:00:00,66.99248658475254
3843,2024-06-09 02:00:00,66.58841684720187
3844,2024-06-09 03:00:00,66.68329582931537
3845,2024-06-09 04:00:00,77.188221053587
3846,2024-06-09 05:00:00,81.9666140850208
3847,2024-06-09 06:00:00,72.11091178016363
3848,2024-06-09 07:00:00,71.93274979979661
3849,2024-06-09 08:00:00,75.65023709837514
3850,2024-06-09 09:00:00,69.96445496079893
3851,2024-06-09 10:00:00,71.56117426811214
3852,2024-06-09 11:00:00,57.03187680692728
3853,2024-06-09 12:00:00,46.97912882177259
3854,2024-06-09 13:00:00,44.87778199359082
3855,2024-06-09 14:00:00,52.2280794599813
3856,2024-06-09 15:00:00,35.952513068567725
3857,2024-06-09 16:00:00,37.613004059999035
3858,2024-06-09 17:00:00,31.66358654219084
3859,2024-06-09 18:00:00,35.85258836933981
3860,2024-06-09 19:00:00,35.03724797131791
3861,2024-06-09 20:00:00,35.727624251110626
3862,2024-06-09 21:00:00,38.84341018521843
3863,2024-06-09 22:00:00,49.68943953180606
3864,2024-06-09 23:00:00,42.58679055167554
3865,2024-06-10 00:00:00,57.6666895432693
3866,2024-06-10 01:00:00,60.82426794151746
3867,2024-06-10 02:00:00,57.50596446897223
3868,2024-06-10 03:00:00,65.77089794122952
3869,2024-06-10 04:00:00,76.09290622415023
3870,2024-06-10 05:00:00,78.18491819141724
3871,2024-06-10 06:00:00,60.278162575436745
3872,2024-06-10 07:00:00,69.95107004824034
3873,2024-06-10 08:00:00,71.7707142041425
3874,2024-06-10 09:00:00,65.09352956806148
3875,2024-06-10 10:00:00,71.10595560157036
3876,2024-06-10 11:00:00,59.412630187614745
3877,2024-06-10 12:00:00,44.455100328932055
3878,2024-06-10 13:00:00,49.250949983415914
3879,2024-06-10 14:00:00,39.98558639298357
3880,2024-06-10 15:00:00,39.61696605303735
3881,2024-06-10 16:00:00,33.45205744336493
3882,2024-06-10 17:00:00,39.11292516597386
3883,2024-06-10 18:00:00,32.69625774952657
3884,2024-06-10 19:00:00,26.131640223859833
3885,2024-06-10 20:00:00,32.989589478539315
3886,2024-06-10 21:00:00,39.25815096516207
3887,2024-06-10 22:00:00,44.73775599371542
3888,2024-06-10 23:00:00,57.43752170762274
3889,2024-06-11 00:00:00,52.68371898111669
3890,2024-06-11 01:00:00,59.36873376593402
3891,2024-06-11 02:00:00,63.05758040136623
3892,2024-06-11 03:00:00,74.98184820055819
3893,2024-06-11 04:00:00,69.83817978856362
3894,2024-06-11 05:00:00,78.81608478481262
3895,2024-06-11 06:00:00,84.7219251799511
3896,2024-06-11 07:00:00,73.97367581019274
3897,2024-06-11 08:00:00,77.00019000912559
3898,2024-06-11 09:00:00,66.46953089983784
3899,2024-06-11 10:00:00,68.82665190665716
3900,2024-06-11 11:00:00,67.01491716118876
3901,2024-06-11 12:00:00,45.159653235845255
3902,2024-06-11 13:00:00,49.24959344447523
3903,2024-06-11 14:00:00,38.28440643436567
3904,2024-06-11 15:00:00,31.306762925415377
3905,2024-06-11 16:00:00,43.98246590093596
3906,2024-06-11 17:00:00,34.202640998753665
3907,2024-06-11 18:00:00,28.860236506102794
3908,2024-06-11 19:00:00,32.6041845919571
3909,2024-06-11 20:00:00,36.878516728648556
3910,2024-06-11 21:00:00,43.03328594710369
3911,2024-06-11 22:00:00,42.75927709242591
3912,2024-06-11 23:00:00,43.37528618039818
3913,2024-06-12 00:00:00,49.2938810598978
3914,2024-06-12 01:00:00,55.05108465539209
3915,2024-06-12 02:00:00,61.62761035086094
3916,2024-06-12 03:00:00,67.9573379763436
3917,2024-06-12 04:00:00,65.45780405728408
3918,2024-06-12 05:00:00,79.18568500095765
3919,2024-06-12 06:00:00,72.85330979076357
3920,2024-06-12 07:00:00,65.05523581082703
3921,2024-06-12 08:00:00,71.79754403289536
3922,2024-06-12 09:00:00,65.29762040885953
3923,2024-06-12 10:00:00,54.60356561844301
3924,2024-06-12 11:00:00,66.02745728994712
3925,2024-06-12 12:00:00,55.54608571144947
3926,2024-06-12 13:00:00,51.312305081934404
3927,2024-06-12 14:00:00,38.08563204091719
3928,2024-06-12 15:00:00,35.356862307173245
3929,2024-06-12 16:00:00,32.6236693070288
3930,2024-06-12 17:00:00,22.741476766828875
3931,2024-06-12 18:00:00,27.0750381131845
3932,2024-06-12 19:00:00,35.10677716719774
3933,2024-06-12 20:00:00,36.01726245740456
3934,2024-06-12 21:00:00,43.454774332385135
3935,2024-06-12 22:00:00,36.458135198192714
3936,2024-06-12 23:00:00,43.8075390152679
3937,2024-06-13 00:00:00,62.09224246054135
3938,2024-06-13 01:00:00,62.73316879629648
3939,2024-06-13 02:00:00,57.1547524182495
3940,2024-06-13 03:00:00,65.076985811297
3941,2024-06-13 04:00:00,74.182536431322
3942,2024-06-13 05:00:00,60.13665146139444
3943,2024-06-13 06:00:00,68.69729529608183
3944,2024-06-13 07:00:00,78.54633838739807
3945,2024-06-13 08:00:00,72.72186586793596
3946,2024-06-13 09:00:00,66.88696952382274
3947,2024-06-13 10:00:00,63.34168303569155
3948,2024-06-13 11:00:00,58.64547295311401
3949,2024-06-13 12:00:00,53.86118962065003
3950,2024-06-13 13:00:00,39.018524256626506
3951,2024-06-13 14:00:00,38.465629419843495
3952,2024-06-13 15:00:00,33.06186683717726
3953,2024-06-13 16:00:00,34.75748495299858
3954,2024-06-13 17:00:00,33.22336152633134
3955,2024-06-13 18:00:00,29.812372914094347
3956,2024-06-13 19:00:00,36.05761162323441
3957,2024-06-13 20:00:00,35.11131279702381
3958,2024-06-13 21:00:00,40.08429701681368
3959,2024-06-13 22:00:00,42.527371402027924
3960,2024-06-13 23:00:00,47.921129252269
3961,2024-06-14 00:00:00,55.53796799130067
3962,2024-06-14 01:00:00,57.33363688720415
3963,2024-06-14 02:00:00,63.752718926001684
3964,2024-06-14 03:00:00,63.35313649605653
3965,2024-06-14 04:00:00,71.87959292086559
3966,2024-06-14 05:00:00,72.82948003548658
3967,2024-06-14 06:00:00,75.27928793347262
3968,2024-06-14 07:00:00,74.67114920741761
3969,2024-06-14 08:00:00,75.61193640280436
3970,2024-06-14 09:00:00,69.52177609163178
3971,2024-06-14 10:00:00,56.120129931197724
3972,2024-06-14 11:00:00,53.10835405926983
3973,2024-06-14 12:00:00,41.49147093564626
3974,2024-06-14 13:00:00,50.754650176216536
3975,2024-06-14 14:00:00,37.4830922737708
3976,2024-06-14 15:00:00,37.347072088572695
3977,2024-06-14 16:00:00,33.01727297736599
3978,2024-06-14 17:00:00,28.081730131642686
3979,2024-06-14 18:00:00,36.712337906035444
3980,2024-06-14 19:00:00,30.36690710781996
3981,2024-06-14 20:00:00,28.989238395235134
3982,2024-06-14 21:00:00,40.768759108379854
3983,2024-06-14 22:00:00,36.38369644544155
3984,2024-06-14 23:00:00,47.86190010276507
3985,2024-06-15 00:00:00,52.42965438695204
3986,2024-06-15 01:00:00,54.07568389725131
3987,2024-06-15 02:00:00,62.171734732868714
3988,2024-06-15 03:00:00,63.29786534066326
3989,2024-06-15 04:00:00,72.17981248387672
3990,2024-06-15 05:00:00,78.1793580858548
3991,2024-06-15 06:00:00,73.0815479914259
3992,2024-06-15 07:00:00,63.77782484387505
3993,2024-06-15 08:00:00,69.08458241744431
3994,2024-06-15 09:00:00,66.13752424732373
3995,2024-06-15 10:00:00,66.68857837550642
3996,2024-06-15 11:00:00,60.97700424376865
3997,2024-06-15 12:00:00,51.454078375340195
3998,2024-06-15 13:00:00,56.42273518873823
3999,2024-06-15 14:00:00,40.80094599152481
4000,2024-06-15 15:00:00,35.73098240244542
4001,2024-06-15 16:00:00,33.34656051322191
4002,2024-06-15 17:00:00,39.7313005694472
4003,2024-06-15 18:00:00,41.074767260818426
4004,2024-06-15 19:00:00,29.941842332389427
4005,2024-06-15 20:00:00,33.894869440607025
4006,2024-06-15 21:00:00,39.947342319405834
4007,2024-06-15 22:00:00,44.53214607899578
4008,2024-06-15 23:00:00,52.876892575059436
4009,2024-06-16 00:00:00,53.55951146629566
4010,2024-06-16 01:00:00,71.45832007052806
4011,2024-06-16 02:00:00,66.32329195508838
4012,2024-06-16 03:00:00,60.40316568657675
4013,2024-06-16 04:00:00,65.566435219364
4014,2024-06-16 05:00:00,67.1059698663541
4015,2024-06-16 06:00:00,71.56124404309551
4016,2024-06-16 07:00:00,77.08596938120004
4017,2024-06-16 08:00:00,68.28303766527397
4018,2024-06-16 09:00:00,67.40221020756628
4019,2024-06-16 10:00:00,64.86974926767766
4020,2024-06-16 11:00:00,60.39861480501
4021,2024-06-16 12:00:00,53.11537341708187
4022,2024-06-16 13:00:00,47.422930043097445
4023,2024-06-16 14:00:00,45.961431383201926
4024,2024-06-16 15:00:00,34.54503721268124
4025,2024-06-16 16:00:00,41.27480895761829
4026,2024-06-16 17:00:00,35.44136987357561
4027,2024-06-16 18:00:00,31.78259277780392
4028,2024-06-16 19:00:00,32.72436673797138
4029,2024-06-16 20:00:00,32.172464395529666
4030,2024-06-16 21:00:00,41.98958637615104
4031,2024-06-16 22:00:00,36.434278365914864
4032,2024-06-16 23:00:00,47.06283892403143
4033,2024-06-17 00:00:00,49.09925201832883
4034,2024-06-17 01:00:00,58.725213577423155
4035,2024-06-17 02:00:00,63.019817654748046
4036,2024-06-17 03:00:00,72.77484715938476
4037,2024-06-17 04:00:00,74.23767915373337
4038,2024-06-17 05:00:00,71.09618971497666
4039,2024-06-17 06:00:00,66.32515970585081
4040,2024-06-17 07:00:00,74.60980562957451
4041,2024-06-17 08:00:00,78.43540441677244
4042,2024-06-17 09:00:00,56.09780152513638
4043,2024-06-17 10:00:00,64.25476353803397
4044,2024-06-17 11:00:00,53.551116937451354
4045,2024-06-17 12:00:00,43.224419624503135
4046,2024-06-17 13:00:00,51.17752555282104
4047,2024-06-17 14:00:00,42.184290575067216
4048,2024-06-17 15:00:00,43.589050086484164
4049,2024-06-17 16:00:00,13.535809714717082
4050,2024-06-17 17:00:00,26.021063140861212
4051,2024-06-17 18:00:00,22.19364137077854
4052,2024-06-17 19:00:00,33.81029464196642
4053,2024-06-17 20:00:00,22.692610823118006
4054,2024-06-17 21:00:00,40.79128894837549
4055,2024-06-17 22:00:00,42.06996400841864
4056,2024-06-17 23:00:00,34.68877989309669
4057,2024-06-18 00:00:00,49.02006688857698
4058,2024-06-18 01:00:00,60.06326829750479
4059,2024-06-18 02:00:00,63.32668306628796
4060,2024-06-18 03:00:00,68.5612073521959
4061,2024-06-18 04:00:00,64.9805715694318
4062,2024-06-18 05:00:00,66.23879586762105
4063,2024-06-18 06:00:00,73.60635779527745
4064,2024-06-18 07:00:00,66.73927228622848
4065,2024-06-18 08:00:00,63.94704988964026
4066,2024-06-18 09:00:00,69.20750667378498
4067,2024-06-18 10:00:00,59.92431020132766
4068,2024-06-18 11:00:00,47.07517521618834
4069,2024-06-18 12:00:00,53.85900487929841
4070,2024-06-18 13:00:00,39.56575175907472
4071,2024-06-18 14:00:00,46.65414851770163
4072,2024-06-18 15:00:00,43.906748125370285
4073,2024-06-18 16:00:00,37.7241643512075
4074,2024-06-18 17:00:00,29.103391712631854
4075,2024-06-18 18:00:00,27.001974451446408
4076,2024-06-18 19:00:00,39.796521642895485
4077,2024-06-18 20:00:00,36.67223316672151
4078,2024-06-18 21:00:00,35.79756254015853
4079,2024-06-18 22:00:00,38.41085614775276
4080,2024-06-18 23:00:00,55.706411412266
4081,2024-06-19 00:00:00,50.65753603858306
4082,2024-06-19 01:00:00,59.10248829513269
4083,2024-06-19 02:00:00,72.96205206697762
4084,2024-06-19 03:00:00,72.40901036095246
4085,2024-06-19 04:00:00,60.31606361155769
4086,2024-06-19 05:00:00,74.05722391546014
4087,2024-06-19 06:00:00,80.3074304374453
4088,2024-06-19 07:00:00,66.93698511647627
4089,2024-06-19 08:00:00,73.679143901265
4090,2024-06-19 09:00:00,60.01476321431411
4091,2024-06-19 10:00:00,63.219582064398644
4092,2024-06-19 11:00:00,65.19323551148777
4093,2024-06-19 12:00:00,50.31472719607531
4094,2024-06-19 13:00:00,46.07621489452564
4095,2024-06-19 14:00:00,37.513181764680425
4096,2024-06-19 15:00:00,40.785449276807
4097,2024-06-19 16:00:00,31.73503460843597
4098,2024-06-19 17:00:00,33.04335882208014
4099,2024-06-19 18:00:00,32.74661210180612
4100,2024-06-19 19:00:00,34.24798327859196
4101,2024-06-19 20:00:00,39.79753314027145
4102,2024-06-19 21:00:00,42.45523620790172
4103,2024-06-19 22:00:00,52.6028417781871
4104,2024-06-19 23:00:00,45.86884847974871
4105,2024-06-20 00:00:00,42.891021700121065
4106,2024-06-20 01:00:00,63.21010010473378
4107,2024-06-20 02:00:00,69.36425162358165
4108,2024-06-20 03:00:00,69.6025291420798
4109,2024-06-20 04:00:00,67.42539177556314
4110,2024-06-20 05:00:00,67.39791344496989
4111,2024-06-20 06:00:00,69.63094887409962
4112,2024-06-20 07:00:00,76.91958199701823
4113,2024-06-20 08:00:00,71.30019888992605
4114,2024-06-20 09:00:00,65.9335662999603
4115,2024-06-20 10:00:00,54.55933978913229
4116,2024-06-20 11:00:00,49.46220931746016
4117,2024-06-20 12:00:00,45.95754960625498
4118,2024-06-20 13:00:00,36.69977751536894
4119,2024-06-20 14:00:00,42.882291294080126
4120,2024-06-20 15:00:00,28.09012209485009
4121,2024-06-20 16:00:00,27.70450751874842
4122,2024-06-20 17:00:00,33.80973246341029
4123,2024-06-20 18:00:00,28.183900004687384
4124,2024-06-20 19:00:00,32.92413006149018
4125,2024-06-20 20:00:00,35.46892163264372
4126,2024-06-20 21:00:00,48.803801779350536
4127,2024-06-20 22:00:00,38.87354133448945
4128,2024-06-20 23:00:00,38.864790459938206
4129,2024-06-21 00:00:00,53.88210917818192
4130,2024-06-21 01:00:00,62.73314216367434
4131,2024-06-21 02:00:00,61.1402578280258
4132,2024-06-21 03:00:00,70.83239701663432
4133,2024-06-21 04:00:00,65.4460751871913
4134,2024-06-21 05:00:00,68.32835521825447
4135,2024-06-21 06:00:00,76.03316730573862
4136,2024-06-21 07:00:00,67.06376100108275
4137,2024-06-21 08:00:00,73.24431054074941
4138,2024-06-21 09:00:00,66.4187651952803
4139,2024-06-21 10:00:00,59.9242780978949
4140,2024-06-21 11:00:00,63.72559906343924
4141,2024-06-21 12:00:00,53.73112018213032
4142,2024-06-21 13:00:00,39.580821078106354
4143,2024-06-21 14:00:00,41.210043464958886
4144,2024-06-21 15:00:00,37.22480222621277
4145,2024-06-21 16:00:00,37.99834820854426
4146,2024-06-21 17:00:00,31.957924696222054
4147,2024-06-21 18:00:00,29.88254516011812
4148,2024-06-21 19:00:00,37.07462335235674
4149,2024-06-21 20:00:00,34.20172945335296
4150,2024-06-21 21:00:00,45.06968259897992
4151,2024-06-21 22:00:00,42.39929803045673
4152,2024-06-21 23:00:00,41.134429084294496
4153,2024-06-22 00:00:00,52.034974575773504
4154,2024-06-22 01:00:00,55.28038310480259
4155,2024-06-22 02:00:00,57.22724878865921
4156,2024-06-22 03:00:00,63.53768693176595
4157,2024-06-22 04:00:00,76.07470787952936
4158,2024-06-22 05:00:00,68.51289049522839
4159,2024-06-22 06:00:00,71.07198666431539
4160,2024-06-22 07:00:00,70.10993463066012
4161,2024-06-22 08:00:00,70.74757670651866
4162,2024-06-22 09:00:00,71.35836650352282
4163,2024-06-22 10:00:00,64.59726511336648
4164,2024-06-22 11:00:00,57.20799066105134
4165,2024-06-22 12:00:00,56.82551634536212
4166,2024-06-22 13:00:00,53.89990746876081
4167,2024-06-22 14:00:00,40.41379736081652
4168,2024-06-22 15:00:00,40.18326737129392
4169,2024-06-22 16:00:00,29.50060867157645
4170,2024-06-22 17:00:00,33.852175696015614
4171,2024-06-22 18:00:00,26.357757195650372
4172,2024-06-22 19:00:00,29.346035545864293
4173,2024-06-22 20:00:00,24.525191828514686
4174,2024-06-22 21:00:00,35.621768407132926
4175,2024-06-22 22:00:00,44.980998248585706
4176,2024-06-22 23:00:00,42.69966272588528
4177,2024-06-23 00:00:00,49.088881400380764
4178,2024-06-23 01:00:00,59.23198056365668
4179,2024-06-23 02:00:00,63.28480388515868
4180,2024-06-23 03:00:00,73.54911681804464
4181,2024-06-23 04:00:00,74.27461946090706
4182,2024-06-23 05:00:00,71.3956517888113
4183,2024-06-23 06:00:00,66.44845250350782
4184,2024-06-23 07:00:00,70.15055383084736
4185,2024-06-23 08:00:00,76.33329924201308
4186,2024-06-23 09:00:00,79.23778222181232
4187,2024-06-23 10:00:00,56.29895559132533
4188,2024-06-23 11:00:00,56.624692807999054
4189,2024-06-23 12:00:00,53.32858424579433
4190,2024-06-23 13:00:00,43.26879750065119
4191,2024-06-23 14:00:00,35.02499349334342
4192,2024-06-23 15:00:00,35.54448113094345
4193,2024-06-23 16:00:00,38.81141847390381
4194,2024-06-23 17:00:00,30.336735519384543
4195,2024-06-23 18:00:00,28.788345163501234
4196,2024-06-23 19:00:00,35.04563144657581
4197,2024-06-23 20:00:00,46.26430108565698
4198,2024-06-23 21:00:00,27.327419596593373
4199,2024-06-23 22:00:00,45.21153235184351
4200,2024-06-23 23:00:00,41.44622678767125
4201,2024-06-24 00:00:00,50.120136892287306
4202,2024-06-24 01:00:00,54.72459778969841
4203,2024-06-24 02:00:00,64.44031953884436
4204,2024-06-24 03:00:00,59.39589598775429
4205,2024-06-24 04:00:00,66.03076559906
4206,2024-06-24 05:00:00,71.12413076017778
4207,2024-06-24 06:00:00,70.41367682457997
4208,2024-06-24 07:00:00,77.50384609420834
4209,2024-06-24 08:00:00,68.99390914552056
4210,2024-06-24 09:00:00,63.18477463004873
4211,2024-06-24 10:00:00,66.3215683905663
4212,2024-06-24 11:00:00,59.86531572795278
4213,2024-06-24 12:00:00,50.742650230192815
4214,2024-06-24 13:00:00,44.73056347027421
4215,2024-06-24 14:00:00,45.77454486785042
4216,2024-06-24 15:00:00,37.42172667624622
4217,2024-06-24 16:00:00,36.07565293592248
4218,2024-06-24 17:00:00,23.895986844183312
4219,2024-06-24 18:00:00,40.73304927929351
4220,2024-06-24 19:00:00,38.38491626423386
4221,2024-06-24 20:00:00,32.470499572457406
4222,2024-06-24 21:00:00,39.166784738263324
4223,2024-06-24 22:00:00,42.05761176538544
4224,2024-06-24 23:00:00,46.98414891283272
4225,2024-06-25 00:00:00,61.014554051374986
4226,2024-06-25 01:00:00,53.25832202476413
4227,2024-06-25 02:00:00,66.1915431964935
4228,2024-06-25 03:00:00,66.6913669443835
4229,2024-06-25 04:00:00,61.036412423139154
4230,2024-06-25 05:00:00,67.96850352519363
4231,2024-06-25 06:00:00,75.84362539134855
4232,2024-06-25 07:00:00,69.754974800803
4233,2024-06-25 08:00:00,66.66218438576993
4234,2024-06-25 09:00:00,65.43161687032382
4235,2024-06-25 10:00:00,58.20173318141664
4236,2024-06-25 11:00:00,50.10912956689071
4237,2024-06-25 12:00:00,50.81738024732805
4238,2024-06-25 13:00:00,43.12116334481281
4239,2024-06-25 14:00:00,50.54398936080687
4240,2024-06-25 15:00:00,38.84097464390078
4241,2024-06-25 16:00:00,25.290095235540964
4242,2024-06-25 17:00:00,31.406582159581664
4243,2024-06-25 18:00:00,27.965938508478317
4244,2024-06-25 19:00:00,34.16846129081842
4245,2024-06-25 20:00:00,29.193288175585163
4246,2024-06-25 21:00:00,41.813181714638404
4247,2024-06-25 22:00:00,40.565941912837
4248,2024-06-25 23:00:00,43.15088581074113
4249,2024-06-26 00:00:00,51.83928086199156
4250,2024-06-26 01:00:00,62.613244935044314
4251,2024-06-26 02:00:00,56.886910469364636
4252,2024-06-26 03:00:00,70.4866788319452
4253,2024-06-26 04:00:00,66.17793398495519
4254,2024-06-26 05:00:00,67.48519012799254
4255,2024-06-26 06:00:00,58.97893375943294
4256,2024-06-26 07:00:00,66.18314097308414
4257,2024-06-26 08:00:00,65.27245896594803
4258,2024-06-26 09:00:00,59.40300264706608
4259,2024-06-26 10:00:00,60.30877112792069
4260,2024-06-26 11:00:00,52.9608470151426
4261,2024-06-26 12:00:00,39.066871279930965
4262,2024-06-26 13:00:00,51.05587133258742
4263,2024-06-26 14:00:00,39.95364267735794
4264,2024-06-26 15:00:00,33.86127629250396
4265,2024-06-26 16:00:00,34.27164022930967
4266,2024-06-26 17:00:00,34.184225267938324
4267,2024-06-26 18:00:00,31.31000398048634
4268,2024-06-26 19:00:00,32.42089105317223
4269,2024-06-26 20:00:00,36.60693822968075
4270,2024-06-26 21:00:00,40.20886230787094
4271,2024-06-26 22:00:00,44.62593213154745
4272,2024-06-26 23:00:00,47.19658270291255
4273,2024-06-27 00:00:00,43.108129998663195
4274,2024-06-27 01:00:00,48.40428028614559
4275,2024-06-27 02:00:00,64.8183792504474
4276,2024-06-27 03:00:00,69.82415164126786
4277,2024-06-27 04:00:00,72.42666098614893
4278,2024-06-27 05:00:00,73.80461145556782
4279,2024-06-27 06:00:00,73.5003509800086
4280,2024-06-27 07:00:00,66.23785043694438
4281,2024-06-27 08:00:00,61.257165387265445
4282,2024-06-27 09:00:00,65.46768261692519
4283,2024-06-27 10:00:00,59.99571468247141
4284,2024-06-27 11:00:00,59.67017297905339
4285,2024-06-27 12:00:00,47.50499434618538
4286,2024-06-27 13:00:00,41.06136801067265
4287,2024-06-27 14:00:00,43.1533397081121
4288,2024-06-27 15:00:00,30.21844710649305
4289,2024-06-27 16:00:00,23.0462411615487
4290,2024-06-27 17:00:00,24.977639089950948
4291,2024-06-27 18:00:00,36.96059092566958
4292,2024-06-27 19:00:00,35.426987598427786
4293,2024-06-27 20:00:00,32.60257966410841
4294,2024-06-27 21:00:00,37.64780996794768
4295,2024-06-27 22:00:00,40.50158710595384
4296,2024-06-27 23:00:00,46.52428221091979
4297,2024-06-28 00:00:00,58.94080310961844
4298,2024-06-28 01:00:00,56.36693840436886
4299,2024-06-28 02:00:00,61.72399891405693
4300,2024-06-28 03:00:00,68.07890059398223
4301,2024-06-28 04:00:00,64.13026060642073
4302,2024-06-28 05:00:00,69.64776042868114
4303,2024-06-28 06:00:00,71.28336862391264
4304,2024-06-28 07:00:00,68.13093493849415
4305,2024-06-28 08:00:00,64.90962948085094
4306,2024-06-28 09:00:00,55.35853239368018
4307,2024-06-28 10:00:00,63.4187969547019
4308,2024-06-28 11:00:00,53.40581452278413
4309,2024-06-28 12:00:00,58.001479426453415
4310,2024-06-28 13:00:00,40.05648977400717
4311,2024-06-28 14:00:00,39.43548975615126
4312,2024-06-28 15:00:00,34.84999257320792
4313,2024-06-28 16:00:00,32.61075042290512
4314,2024-06-28 17:00:00,41.61121817651793
4315,2024-06-28 18:00:00,31.90085250282872
4316,2024-06-28 19:00:00,30.387224648767937
4317,2024-06-28 20:00:00,34.43850962315786
4318,2024-06-28 21:00:00,36.53456011916779
4319,2024-06-28 22:00:00,50.47284486799837
4320,2024-06-28 23:00:00,39.56472253403211
4321,2024-06-29 00:00:00,53.19180147558329
4322,2024-06-29 01:00:00,61.23192048247782
4323,2024-06-29 02:00:00,59.1689349050389
4324,2024-06-29 03:00:00,67.57518697699463
4325,2024-06-29 04:00:00,73.29685253825058
4326,2024-06-29 05:00:00,68.6778445233274
4327,2024-06-29 06:00:00,66.69288395625445
4328,2024-06-29 07:00:00,67.43002661296912
4329,2024-06-29 08:00:00,74.43045959495227
4330,2024-06-29 09:00:00,55.81804171297332
4331,2024-06-29 10:00:00,64.39927065218387
4332,2024-06-29 11:00:00,51.25063193171151
4333,2024-06-29 12:00:00,50.49023620776344
4334,2024-06-29 13:00:00,44.80444353679568
4335,2024-06-29 14:00:00,49.37594158759264
4336,2024-06-29 15:00:00,48.57565547387907
4337,2024-06-29 16:00:00,25.166771610107382
4338,2024-06-29 17:00:00,25.447300671016237
4339,2024-06-29 18:00:00,27.717738861115897
4340,2024-06-29 19:00:00,27.80769948301445
4341,2024-06-29 20:00:00,26.755810900039997
4342,2024-06-29 21:00:00,45.413711126516176
4343,2024-06-29 22:00:00,29.953719212927826
4344,2024-06-29 23:00:00,47.376657206714384
4345,2024-06-30 00:00:00,43.3478269135444
4346,2024-06-30 01:00:00,56.64880483193695
4347,2024-06-30 02:00:00,59.04626161839062
4348,2024-06-30 03:00:00,65.09807187300733
4349,2024-06-30 04:00:00,63.24478799565762
4350,2024-06-30 05:00:00,68.24283741547191
4351,2024-06-30 06:00:00,69.22277975919948
4352,2024-06-30 07:00:00,73.00740697112688
4353,2024-06-30 08:00:00,66.24177885686585
4354,2024-06-30 09:00:00,56.16723892111996
4355,2024-06-30 10:00:00,56.211865062550835
4356,2024-06-30 11:00:00,55.71416932470255
4357,2024-06-30 12:00:00,58.72084112935077
4358,2024-06-30 13:00:00,51.52560678928482
4359,2024-06-30 14:00:00,38.17238363838949
4360,2024-06-30 15:00:00,32.19103882557367
4361,2024-06-30 16:00:00,30.989409695971485
4362,2024-06-30 17:00:00,30.664109154171577
4363,2024-06-30 18:00:00,31.439987173089786
4364,2024-06-30 19:00:00,22.186684869300777
4365,2024-06-30 20:00:00,29.764688831800417
4366,2024-06-30 21:00:00,37.97584214560662
4367,2024-06-30 22:00:00,42.57660734110413
4368,2024-06-30 23:00:00,40.20845923662423
4369,2024-07-01 00:00:00,57.181793921173615
4370,2024-07-01 01:00:00,58.81803141407718
4371,2024-07-01 02:00:00,58.93684596776103
4372,2024-07-01 03:00:00,55.642625470276066
4373,2024-07-01 04:00:00,65.71450087558046
4374,2024-07-01 05:00:00,70.05576770550807
4375,2024-07-01 06:00:00,63.72820730340298
4376,2024-07-01 07:00:00,65.71232678223448
4377,2024-07-01 08:00:00,64.44903229296582
4378,2024-07-01 09:00:00,63.28833962280726
4379,2024-07-01 10:00:00,58.19781676348908
4380,2024-07-01 11:00:00,43.42819827892021
4381,2024-07-01 12:00:00,45.10794879253571
4382,2024-07-01 13:00:00,48.619971359974166
4383,2024-07-01 14:00:00,30.69157637197555
4384,2024-07-01 15:00:00,40.913470039398554
4385,2024-07-01 16:00:00,27.577135768939485
4386,2024-07-01 17:00:00,26.318136191846747
4387,2024-07-01 18:00:00,45.76146254471174
4388,2024-07-01 19:00:00,40.09065701481498
4389,2024-07-01 20:00:00,35.37502406796689
4390,2024-07-01 21:00:00,34.234548031408046
4391,2024-07-01 22:00:00,42.25593457115264
4392,2024-07-01 23:00:00,54.082176285503415
4393,2024-07-02 00:00:00,47.19849307082169
4394,2024-07-02 01:00:00,51.35093560663953
4395,2024-07-02 02:00:00,58.7731630372255
4396,2024-07-02 03:00:00,59.955853729833876
4397,2024-07-02 04:00:00,69.35657592616228
4398,2024-07-02 05:00:00,70.77119641063081
4399,2024-07-02 06:00:00,73.8080365975849
4400,2024-07-02 07:00:00,76.0348143833856
4401,2024-07-02 08:00:00,67.1826100126497
4402,2024-07-02 09:00:00,60.05493538881397
4403,2024-07-02 10:00:00,63.06696150922666
4404,2024-07-02 11:00:00,52.090200986641605
4405,2024-07-02 12:00:00,49.38879890182249
4406,2024-07-02 13:00:00,50.362362610583936
4407,2024-07-02 14:00:00,49.06974815102412
4408,2024-07-02 15:00:00,36.02853071446189
4409,2024-07-02 16:00:00,30.541591834714485
4410,2024-07-02 17:00:00,30.70434386377269
4411,2024-07-02 18:00:00,19.765855451619174
4412,2024-07-02 19:00:00,27.823988911529252
4413,2024-07-02 20:00:00,35.739759603780726
4414,2024-07-02 21:00:00,42.94037447806981
4415,2024-07-02 22:00:00,42.55919678015554
4416,2024-07-02 23:00:00,47.37570042467755
4417,2024-07-03 00:00:00,53.84338523927709
4418,2024-07-03 01:00:00,57.5303592548824
4419,2024-07-03 02:00:00,53.35398600332503
4420,2024-07-03 03:00:00,67.95600407084018
4421,2024-07-03 04:00:00,73.01230199078506
4422,2024-07-03 05:00:00,62.748705572318165
4423,2024-07-03 06:00:00,66.65786686345592
4424,2024-07-03 07:00:00,65.75509303779614
4425,2024-07-03 08:00:00,66.64474143026429
4426,2024-07-03 09:00:00,58.107247324629974
4427,2024-07-03 10:00:00,53.82461283640127
4428,2024-07-03 11:00:00,50.42173564928123
4429,2024-07-03 12:00:00,43.2834195078299
4430,2024-07-03 13:00:00,50.08553130453321
4431,2024-07-03 14:00:00,35.32048616130315
4432,2024-07-03 15:00:00,39.25260919105625
4433,2024-07-03 16:00:00,34.026515114363065
4434,2024-07-03 17:00:00,35.21660877513455
4435,2024-07-03 18:00:00,28.729454387652694
4436,2024-07-03 19:00:00,21.328620813307964
4437,2024-07-03 20:00:00,34.11281458332936
4438,2024-07-03 21:00:00,39.19248716553685
4439,2024-07-03 22:00:00,33.84666015732086
4440,2024-07-03 23:00:00,45.31755232428828
4441,2024-07-04 00:00:00,47.9016118660464
4442,2024-07-04 01:00:00,59.29275106175716
4443,2024-07-04 02:00:00,62.853168081886125
4444,2024-07-04 03:00:00,69.22377729478008
4445,2024-07-04 04:00:00,75.1535095664099
4446,2024-07-04 05:00:00,61.14358310396892
4447,2024-07-04 06:00:00,62.68311416231974
4448,2024-07-04 07:00:00,66.82446028543613
4449,2024-07-04 08:00:00,69.89511663301265
4450,2024-07-04 09:00:00,68.23520415161101
4451,2024-07-04 10:00:00,55.23390971933336
4452,2024-07-04 11:00:00,58.75645102826404
4453,2024-07-04 12:00:00,41.95046704766244
4454,2024-07-04 13:00:00,39.811426702736554
4455,2024-07-04 14:00:00,42.30093063601586
4456,2024-07-04 15:00:00,33.702886651473364
4457,2024-07-04 16:00:00,36.515702676706944
4458,2024-07-04 17:00:00,32.0604124767973
4459,2024-07-04 18:00:00,28.801581020882125
4460,2024-07-04 19:00:00,39.45212018679905
4461,2024-07-04 20:00:00,31.148815884705236
4462,2024-07-04 21:00:00,24.839866116142247
4463,2024-07-04 22:00:00,40.97248066796961
4464,2024-07-04 23:00:00,46.10197426335636
4465,2024-07-05 00:00:00,46.533999931002064
4466,2024-07-05 01:00:00,43.953123812166595
4467,2024-07-05 02:00:00,54.1361550419424
4468,2024-07-05 03:00:00,71.40239658043576
4469,2024-07-05 04:00:00,74.87508193837373
4470,2024-07-05 05:00:00,65.83232886658732
4471,2024-07-05 06:00:00,70.27056698074608
4472,2024-07-05 07:00:00,63.43974967675478
4473,2024-07-05 08:00:00,68.4790449447495
4474,2024-07-05 09:00:00,66.06084360624615
4475,2024-07-05 10:00:00,67.30535822936152
4476,2024-07-05 11:00:00,57.798945596326114
4477,2024-07-05 12:00:00,54.62307619738003
4478,2024-07-05 13:00:00,42.01738105346287
4479,2024-07-05 14:00:00,36.83015909461062
4480,2024-07-05 15:00:00,29.69727602292435
4481,2024-07-05 16:00:00,24.151092947681683
4482,2024-07-05 17:00:00,25.79396916337003
4483,2024-07-05 18:00:00,32.124531884432336
4484,2024-07-05 19:00:00,26.20587411489432
4485,2024-07-05 20:00:00,23.628921425069496
4486,2024-07-05 21:00:00,33.19115286918606
4487,2024-07-05 22:00:00,36.242697870289504
4488,2024-07-05 23:00:00,40.48461230844397
4489,2024-07-06 00:00:00,51.661093007553845
4490,2024-07-06 01:00:00,53.8254728385715
4491,2024-07-06 02:00:00,47.69860280333505
4492,2024-07-06 03:00:00,67.38436539162241
4493,2024-07-06 04:00:00,67.26507729657607
4494,2024-07-06 05:00:00,69.42725751280777
4495,2024-07-06 06:00:00,54.34955093033953
4496,2024-07-06 07:00:00,59.42238828473076
4497,2024-07-06 08:00:00,59.457178469482486
4498,2024-07-06 09:00:00,68.58311781947876
4499,2024-07-06 10:00:00,57.186095743955725
4500,2024-07-06 11:00:00,47.725253985803974
4501,2024-07-06 12:00:00,53.830212043768995
4502,2024-07-06 13:00:00,49.330007986559394
4503,2024-07-06 14:00:00,39.73020060570413
4504,2024-07-06 15:00:00,23.93192647858533
4505,2024-07-06 16:00:00,32.872775928458005
4506,2024-07-06 17:00:00,27.795330848954148
4507,2024-07-06 18:00:00,26.09149845934838
4508,2024-07-06 19:00:00,29.173406015635983
4509,2024-07-06 20:00:00,28.365551673194474
4510,2024-07-06 21:00:00,36.22706186956914
4511,2024-07-06 22:00:00,28.344722305048244
4512,2024-07-06 23:00:00,38.08544528810347
4513,2024-07-07 00:00:00,49.34986027434386
4514,2024-07-07 01:00:00,55.78654188448728
4515,2024-07-07 02:00:00,55.91273447397051
4516,2024-07-07 03:00:00,56.78708807950693
4517,2024-07-07 04:00:00,71.86948744102848
4518,2024-07-07 05:00:00,67.68164337650992
4519,2024-07-07 06:00:00,65.82607400328048
4520,2024-07-07 07:00:00,76.68504587416798
4521,2024-07-07 08:00:00,63.0687999914585
4522,2024-07-07 09:00:00,69.6257311445427
4523,2024-07-07 10:00:00,57.73019423640043
4524,2024-07-07 11:00:00,57.19949899868885
4525,2024-07-07 12:00:00,47.85357440939337
4526,2024-07-07 13:00:00,38.51004451251006
4527,2024-07-07 14:00:00,40.00574954391424
4528,2024-07-07 15:00:00,37.94521778121544
4529,2024-07-07 16:00:00,30.17928672581904
4530,2024-07-07 17:00:00,31.780271963804815
4531,2024-07-07 18:00:00,23.96271939127259
4532,2024-07-07 19:00:00,27.281022268466813
4533,2024-07-07 20:00:00,29.98173144982869
4534,2024-07-07 21:00:00,40.83459939059869
4535,2024-07-07 22:00:00,44.23591475234815
4536,2024-07-07 23:00:00,43.63128382599334
4537,2024-07-08 00:00:00,53.335675967182894
4538,2024-07-08 01:00:00,50.63644145902468
4539,2024-07-08 02:00:00,56.54702423780313
4540,2024-07-08 03:00:00,61.14733097745318
4541,2024-07-08 04:00:00,66.2197878974935
4542,2024-07-08 05:00:00,69.3844002865034
4543,2024-07-08 06:00:00,66.82777857114995
4544,2024-07-08 07:00:00,63.85693241883861
4545,2024-07-08 08:00:00,65.90086639492453
4546,2024-07-08 09:00:00,58.57422038674335
4547,2024-07-08 10:00:00,65.35568000054643
4548,2024-07-08 11:00:00,51.18728224357887
4549,2024-07-08 12:00:00,46.85834088486614
4550,2024-07-08 13:00:00,36.27482478826124
4551,2024-07-08 14:00:00,46.99266023541898
4552,2024-07-08 15:00:00,38.22216745907052
4553,2024-07-08 16:00:00,34.416537501771415
4554,2024-07-08 17:00:00,33.82405264145429
4555,2024-07-08 18:00:00,35.31772231396404
4556,2024-07-08 19:00:00,29.27480963953141
4557,2024-07-08 20:00:00,31.32217561648733
4558,2024-07-08 21:00:00,43.70271612470415
4559,2024-07-08 22:00:00,43.454992586457145
4560,2024-07-08 23:00:00,39.6645936325407
4561,2024-07-09 00:00:00,50.6103307619903
4562,2024-07-09 01:00:00,57.03710582898917
4563,2024-07-09 02:00:00,60.25527939771156
4564,2024-07-09 03:00:00,64.13496542124197
4565,2024-07-09 04:00:00,70.03047146938707
4566,2024-07-09 05:00:00,70.8420069608715
4567,2024-07-09 06:00:00,71.5753141806638
4568,2024-07-09 07:00:00,67.65350815913834
4569,2024-07-09 08:00:00,62.16894948486275
4570,2024-07-09 09:00:00,67.0828530213056
4571,2024-07-09 10:00:00,62.73817075258805
4572,2024-07-09 11:00:00,54.84148792406661
4573,2024-07-09 12:00:00,54.51948762950004
4574,2024-07-09 13:00:00,38.34182022194755
4575,2024-07-09 14:00:00,40.99913808809383
4576,2024-07-09 15:00:00,28.847009461921672
4577,2024-07-09 16:00:00,41.577260244358236
4578,2024-07-09 17:00:00,40.8362494449443
4579,2024-07-09 18:00:00,15.678537001845218
4580,2024-07-09 19:00:00,26.486987872543857
4581,2024-07-09 20:00:00,19.079173734791897
4582,2024-07-09 21:00:00,33.98504272854609
4583,2024-07-09 22:00:00,45.45003948351447
4584,2024-07-09 23:00:00,39.83950813456911
4585,2024-07-10 00:00:00,57.7361072051679
4586,2024-07-10 01:00:00,49.88233729333413
4587,2024-07-10 02:00:00,46.179891355113625
4588,2024-07-10 03:00:00,63.659906929416124
4589,2024-07-10 04:00:00,78.90699880688535
4590,2024-07-10 05:00:00,70.22806394624008
4591,2024-07-10 06:00:00,66.70301883095577
4592,2024-07-10 07:00:00,63.05048743824598
4593,2024-07-10 08:00:00,71.02292203218038
4594,2024-07-10 09:00:00,64.95978271515713
4595,2024-07-10 10:00:00,59.33126872348697
4596,2024-07-10 11:00:00,54.774173727920235
4597,2024-07-10 12:00:00,49.46221816780675
4598,2024-07-10 13:00:00,44.59213485958262
4599,2024-07-10 14:00:00,39.094255405839746
4600,2024-07-10 15:00:00,37.61919958361234
4601,2024-07-10 16:00:00,29.27927021997332
4602,2024-07-10 17:00:00,30.596435051238494
4603,2024-07-10 18:00:00,31.023786311103756
4604,2024-07-10 19:00:00,38.08010581105867
4605,2024-07-10 20:00:00,32.662979542196496
4606,2024-07-10 21:00:00,34.46177057003779
4607,2024-07-10 22:00:00,37.19795376810476
4608,2024-07-10 23:00:00,36.33306186477828
4609,2024-07-11 00:00:00,58.536337804255055
4610,2024-07-11 01:00:00,49.86802731198834
4611,2024-07-11 02:00:00,55.7048600205727
4612,2024-07-11 03:00:00,57.02731926556684
4613,2024-07-11 04:00:00,63.76058271239592
4614,2024-07-11 05:00:00,72.90381790305956
4615,2024-07-11 06:00:00,62.95542837794231
4616,2024-07-11 07:00:00,72.8203091346192
4617,2024-07-11 08:00:00,60.619779002169075
4618,2024-07-11 09:00:00,70.73635457709385
4619,2024-07-11 10:00:00,53.205338039384884
4620,2024-07-11 11:00:00,49.834612027426104
4621,2024-07-11 12:00:00,43.90601517679547
4622,2024-07-11 13:00:00,40.57691910183296
4623,2024-07-11 14:00:00,44.61162404674179
4624,2024-07-11 15:00:00,37.97519369218362
4625,2024-07-11 16:00:00,27.941065223552528
4626,2024-07-11 17:00:00,25.504781092189177
4627,2024-07-11 18:00:00,24.002252548332553
4628,2024-07-11 19:00:00,27.84667347362956
4629,2024-07-11 20:00:00,23.170300361514204
4630,2024-07-11 21:00:00,39.78475483423068
4631,2024-07-11 22:00:00,37.20959170856516
4632,2024-07-11 23:00:00,34.878732094480554
4633,2024-07-12 00:00:00,46.41053101771042
4634,2024-07-12 01:00:00,51.52976268731996
4635,2024-07-12 02:00:00,50.764716375265756
4636,2024-07-12 03:00:00,62.112142505326496
4637,2024-07-12 04:00:00,64.23383771334426
4638,2024-07-12 05:00:00,58.98391346279803
4639,2024-07-12 06:00:00,66.48001643550836
4640,2024-07-12 07:00:00,65.87406206522884
4641,2024-07-12 08:00:00,54.22848979841697
4642,2024-07-12 09:00:00,61.39046046292246
4643,2024-07-12 10:00:00,61.18068024325429
4644,2024-07-12 11:00:00,46.43623615560307
4645,2024-07-12 12:00:00,55.042663557307506
4646,2024-07-12 13:00:00,44.98730729194694
4647,2024-07-12 14:00:00,30.95589539054882
4648,2024-07-12 15:00:00,34.109542004340184
4649,2024-07-12 16:00:00,29.941913933332366
4650,2024-07-12 17:00:00,22.730036773249317
4651,2024-07-12 18:00:00,30.13784631497104
4652,2024-07-12 19:00:00,21.328959633982343
4653,2024-07-12 20:00:00,38.991636570879955
4654,2024-07-12 21:00:00,29.534096516413666
4655,2024-07-12 22:00:00,36.59773060002189
4656,2024-07-12 23:00:00,41.886956975970136
4657,2024-07-13 00:00:00,45.922480030202976
4658,2024-07-13 01:00:00,54.54297070422226
4659,2024-07-13 02:00:00,52.3340156081436
4660,2024-07-13 03:00:00,54.19582542913445
4661,2024-07-13 04:00:00,67.55088047280391
4662,2024-07-13 05:00:00,67.42600200536378
4663,2024-07-13 06:00:00,64.47085027930447
4664,2024-07-13 07:00:00,63.35528142036953
4665,2024-07-13 08:00:00,68.49339584487593
4666,2024-07-13 09:00:00,63.317332469597
4667,2024-07-13 10:00:00,48.442669139078404
4668,2024-07-13 11:00:00,50.23263055091953
4669,2024-07-13 12:00:00,54.46693737468965
4670,2024-07-13 13:00:00,47.979393291231034
4671,2024-07-13 14:00:00,41.877561085964004
4672,2024-07-13 15:00:00,34.02583723814874
4673,2024-07-13 16:00:00,34.90717600552109
4674,2024-07-13 17:00:00,27.92300611089475
4675,2024-07-13 18:00:00,22.305918249621072
4676,2024-07-13 19:00:00,26.501174500892084
4677,2024-07-13 20:00:00,34.90496578993219
4678,2024-07-13 21:00:00,40.40375372485068
4679,2024-07-13 22:00:00,34.37862988173446
4680,2024-07-13 23:00:00,45.13024218210967
4681,2024-07-14 00:00:00,50.488975621574
4682,2024-07-14 01:00:00,48.618941527171366
4683,2024-07-14 02:00:00,51.630316479848354
4684,2024-07-14 03:00:00,54.138186579155985
4685,2024-07-14 04:00:00,64.5957851902987
4686,2024-07-14 05:00:00,70.21784245265904
4687,2024-07-14 06:00:00,72.47762889019039
4688,2024-07-14 07:00:00,66.4136831890037
4689,2024-07-14 08:00:00,68.55222918949542
4690,2024-07-14 09:00:00,61.242525504418005
4691,2024-07-14 10:00:00,60.997749667047906
4692,2024-07-14 11:00:00,62.80544031073194
4693,2024-07-14 12:00:00,45.24166701369489
4694,2024-07-14 13:00:00,53.49920747880836
4695,2024-07-14 14:00:00,37.18784348408408
4696,2024-07-14 15:00:00,39.14236634705958
4697,2024-07-14 16:00:00,30.846493734478326
4698,2024-07-14 17:00:00,25.642914137521238
4699,2024-07-14 18:00:00,38.27458449738723
4700,2024-07-14 19:00:00,32.40202368306025
4701,2024-07-14 20:00:00,19.724690489294513
4702,2024-07-14 21:00:00,26.550087236387398
4703,2024-07-14 22:00:00,39.08681128617324
4704,2024-07-14 23:00:00,44.955484162065574
4705,2024-07-15 00:00:00,48.0515187612615
4706,2024-07-15 01:00:00,53.56969321145778
4707,2024-07-15 02:00:00,57.578027926134574
4708,2024-07-15 03:00:00,67.90625048865846
4709,2024-07-15 04:00:00,66.08520376233409
4710,2024-07-15 05:00:00,63.15834113086111
4711,2024-07-15 06:00:00,58.98430229411679
4712,2024-07-15 07:00:00,70.41493325933084
4713,2024-07-15 08:00:00,70.56005240715429
4714,2024-07-15 09:00:00,60.60247550156645
4715,2024-07-15 10:00:00,49.18607666989992
4716,2024-07-15 11:00:00,52.00965443441157
4717,2024-07-15 12:00:00,43.90781688811218
4718,2024-07-15 13:00:00,35.085516752010975
4719,2024-07-15 14:00:00,33.7056731766042
4720,2024-07-15 15:00:00,33.796266482613376
4721,2024-07-15 16:00:00,21.486542853485478
4722,2024-07-15 17:00:00,25.105919856038177
4723,2024-07-15 18:00:00,30.275555435301992
4724,2024-07-15 19:00:00,27.338499119449285
4725,2024-07-15 20:00:00,26.848465343856336
4726,2024-07-15 21:00:00,37.39235859080589
4727,2024-07-15 22:00:00,37.492236845104394
4728,2024-07-15 23:00:00,39.9996928732191
4729,2024-07-16 00:00:00,49.55253224373931
4730,2024-07-16 01:00:00,51.31712366786824
4731,2024-07-16 02:00:00,52.11828436254769
4732,2024-07-16 03:00:00,61.65733582926594
4733,2024-07-16 04:00:00,60.56934801474793
4734,2024-07-16 05:00:00,58.05873294923613
4735,2024-07-16 06:00:00,66.76014820986269
4736,2024-07-16 07:00:00,67.0879331763868
4737,2024-07-16 08:00:00,67.30840895888389
4738,2024-07-16 09:00:00,56.00696754132043
4739,2024-07-16 10:00:00,52.53787340738198
4740,2024-07-16 11:00:00,53.424193175990574
4741,2024-07-16 12:00:00,56.57585184801389
4742,2024-07-16 13:00:00,32.628655549688624
4743,2024-07-16 14:00:00,35.87669714244485
4744,2024-07-16 15:00:00,34.29165146368129
4745,2024-07-16 16:00:00,18.4287350305978
4746,2024-07-16 17:00:00,32.56452752526266
4747,2024-07-16 18:00:00,31.62802825288327
4748,2024-07-16 19:00:00,21.67222141765983
4749,2024-07-16 20:00:00,31.162852310251626
4750,2024-07-16 21:00:00,21.66357896710827
4751,2024-07-16 22:00:00,38.16856113546942
4752,2024-07-16 23:00:00,44.40063649562016
4753,2024-07-17 00:00:00,57.731887130861395
4754,2024-07-17 01:00:00,46.18366949337427
4755,2024-07-17 02:00:00,59.775884917074805
4756,2024-07-17 03:00:00,69.2732300904378
4757,2024-07-17 04:00:00,65.88389859740973
4758,2024-07-17 05:00:00,63.1530502743846
4759,2024-07-17 06:00:00,62.556657572899674
4760,2024-07-17 07:00:00,74.72052492782687
4761,2024-07-17 08:00:00,65.18618788885519
4762,2024-07-17 09:00:00,68.5736162700458
4763,2024-07-17 10:00:00,40.43489213024242
4764,2024-07-17 11:00:00,62.89804822723803
4765,2024-07-17 12:00:00,51.598694656129325
4766,2024-07-17 13:00:00,39.96414882826917
4767,2024-07-17 14:00:00,41.02532188678522
4768,2024-07-17 15:00:00,36.14340526565651
4769,2024-07-17 16:00:00,34.40694248645177
4770,2024-07-17 17:00:00,28.427611940549713
4771,2024-07-17 18:00:00,34.21110064137844
4772,2024-07-17 19:00:00,27.763550152836462
4773,2024-07-17 20:00:00,21.195599026847592
4774,2024-07-17 21:00:00,36.12088618575966
4775,2024-07-17 22:00:00,39.72010315522722
4776,2024-07-17 23:00:00,43.295716948799075
4777,2024-07-18 00:00:00,52.95073661186429
4778,2024-07-18 01:00:00,50.74754852646782
4779,2024-07-18 02:00:00,58.896697844026576
4780,2024-07-18 03:00:00,62.61750484575959
4781,2024-07-18 04:00:00,65.40510903409381
4782,2024-07-18 05:00:00,67.5963214252336
4783,2024-07-18 06:00:00,64.25101049989682
4784,2024-07-18 07:00:00,62.73820274167531
4785,2024-07-18 08:00:00,61.49570290500583
4786,2024-07-18 09:00:00,47.74733844439875
4787,2024-07-18 10:00:00,54.46068511826442
4788,2024-07-18 11:00:00,46.51604877439741
4789,2024-07-18 12:00:00,44.087259138812875
4790,2024-07-18 13:00:00,33.02721703798049
4791,2024-07-18 14:00:00,34.937577470947936
4792,2024-07-18 15:00:00,33.71809380699606
4793,2024-07-18 16:00:00,20.091689233971206
4794,2024-07-18 17:00:00,18.734631265699242
4795,2024-07-18 18:00:00,20.375286996553832
4796,2024-07-18 19:00:00,21.1928743672816
4797,2024-07-18 20:00:00,31.139324440101273
4798,2024-07-18 21:00:00,30.64298726899318
4799,2024-07-18 22:00:00,40.983709650101375
4800,2024-07-18 23:00:00,38.342562172278065
4801,2024-07-19 00:00:00,51.325915289848794
4802,2024-07-19 01:00:00,50.21139502680868
4803,2024-07-19 02:00:00,58.960323471072506
4804,2024-07-19 03:00:00,62.909335354699465
4805,2024-07-19 04:00:00,59.98283473679312
4806,2024-07-19 05:00:00,60.71266597730715
4807,2024-07-19 06:00:00,67.59774325362297
4808,2024-07-19 07:00:00,61.423338214755276
4809,2024-07-19 08:00:00,69.9906820281786
4810,2024-07-19 09:00:00,56.01525905705274
4811,2024-07-19 10:00:00,54.48299501638684
4812,2024-07-19 11:00:00,57.55356623864266
4813,2024-07-19 12:00:00,49.02378234967839
4814,2024-07-19 13:00:00,40.19848615310727
4815,2024-07-19 14:00:00,34.1114975231829
4816,2024-07-19 15:00:00,34.15964638297285
4817,2024-07-19 16:00:00,30.804751959811536
4818,2024-07-19 17:00:00,26.67167415337886
4819,2024-07-19 18:00:00,9.325336212063455
4820,2024-07-19 19:00:00,24.520710928963588
4821,2024-07-19 20:00:00,28.099662044413982
4822,2024-07-19 21:00:00,32.13538095319984
4823,2024-07-19 22:00:00,39.12924556699275
4824,2024-07-19 23:00:00,45.580124018275924
4825,2024-07-20 00:00:00,35.24760420483147
4826,2024-07-20 01:00:00,45.97068970980896
4827,2024-07-20 02:00:00,59.25671218667816
4828,2024-07-20 03:00:00,56.83989029599051
4829,2024-07-20 04:00:00,65.64336744902373
4830,2024-07-20 05:00:00,60.83756960274678
4831,2024-07-20 06:00:00,80.06250762268705
4832,2024-07-20 07:00:00,68.36888873680498
4833,2024-07-20 08:00:00,62.1688444145395
4834,2024-07-20 09:00:00,62.411047557567024
4835,2024-07-20 10:00:00,62.33968906598258
4836,2024-07-20 11:00:00,52.83617574770589
4837,2024-07-20 12:00:00,49.458638841581404
4838,2024-07-20 13:00:00,41.22439614570495
4839,2024-07-20 14:00:00,41.974347228746396
4840,2024-07-20 15:00:00,21.88164907520497
4841,2024-07-20 16:00:00,19.009691308734546
4842,2024-07-20 17:00:00,28.56391738921002
4843,2024-07-20 18:00:00,30.185233254615387
4844,2024-07-20 19:00:00,26.89794293739417
4845,2024-07-20 20:00:00,29.65460530533573
4846,2024-07-20 21:00:00,36.623033230737946
4847,2024-07-20 22:00:00,31.490939909574248
4848,2024-07-20 23:00:00,38.037360000877314
4849,2024-07-21 00:00:00,50.23658763638499
4850,2024-07-21 01:00:00,57.09517392674733
4851,2024-07-21 02:00:00,55.05278374892033
4852,2024-07-21 03:00:00,64.2130347431177
4853,2024-07-21 04:00:00,66.50155504273054
4854,2024-07-21 05:00:00,73.80495215660751
4855,2024-07-21 06:00:00,64.5629275360001
4856,2024-07-21 07:00:00,68.80536828863832
4857,2024-07-21 08:00:00,65.74982940084081
4858,2024-07-21 09:00:00,56.43386965490642
4859,2024-07-21 10:00:00,54.933393141977845
4860,2024-07-21 11:00:00,51.38781776356109
4861,2024-07-21 12:00:00,48.984878698432794
4862,2024-07-21 13:00:00,35.560149515070655
4863,2024-07-21 14:00:00,27.638439642348956
4864,2024-07-21 15:00:00,32.01888710281753
4865,2024-07-21 16:00:00,30.908873776130687
4866,2024-07-21 17:00:00,22.924268056699916
4867,2024-07-21 18:00:00,32.81566044244902
4868,2024-07-21 19:00:00,27.269628724405308
4869,2024-07-21 20:00:00,31.144892816414295
4870,2024-07-21 21:00:00,27.41159567695842
4871,2024-07-21 22:00:00,43.45437553777082
4872,2024-07-21 23:00:00,34.39874572503731
4873,2024-07-22 00:00:00,41.91683021878427
4874,2024-07-22 01:00:00,46.176026729758306
4875,2024-07-22 02:00:00,63.755582238740736
4876,2024-07-22 03:00:00,67.55992014659903
4877,2024-07-22 04:00:00,62.360336626786676
4878,2024-07-22 05:00:00,64.87566363182958
4879,2024-07-22 06:00:00,70.96532351965216
4880,2024-07-22 07:00:00,69.57853609425568
4881,2024-07-22 08:00:00,66.7872466846931
4882,2024-07-22 09:00:00,60.77448559549283
4883,2024-07-22 10:00:00,55.36161357730533
4884,2024-07-22 11:00:00,53.832644817429234
4885,2024-07-22 12:00:00,45.23495996789517
4886,2024-07-22 13:00:00,38.63604778108099
4887,2024-07-22 14:00:00,35.250395391746274
4888,2024-07-22 15:00:00,30.08260341933142
4889,2024-07-22 16:00:00,30.76045298473298
4890,2024-07-22 17:00:00,34.56818330119927
4891,2024-07-22 18:00:00,23.720408861929897
4892,2024-07-22 19:00:00,23.28859293789089
4893,2024-07-22 20:00:00,30.344075644967557
4894,2024-07-22 21:00:00,29.994867228565166
4895,2024-07-22 22:00:00,35.64351942234254
4896,2024-07-22 23:00:00,44.396461178639555
4897,2024-07-23 00:00:00,46.78459189195007
4898,2024-07-23 01:00:00,54.18610656122654
4899,2024-07-23 02:00:00,64.06879052445291
4900,2024-07-23 03:00:00,58.20268755895258
4901,2024-07-23 04:00:00,66.91424305079062
4902,2024-07-23 05:00:00,63.02707475400665
4903,2024-07-23 06:00:00,69.68535939223652
4904,2024-07-23 07:00:00,71.61309376328828
4905,2024-07-23 08:00:00,60.07980579213872
4906,2024-07-23 09:00:00,55.49874457057555
4907,2024-07-23 10:00:00,52.70829151859067
4908,2024-07-23 11:00:00,45.11183280764729
4909,2024-07-23 12:00:00,55.53249930649322
4910,2024-07-23 13:00:00,39.60425650393049
4911,2024-07-23 14:00:00,46.13187824106397
4912,2024-07-23 15:00:00,29.625129060266882
4913,2024-07-23 16:00:00,23.245664312060974
4914,2024-07-23 17:00:00,25.15344415380467
4915,2024-07-23 18:00:00,27.713526580221398
4916,2024-07-23 19:00:00,27.59027808861959
4917,2024-07-23 20:00:00,28.711011555741944
4918,2024-07-23 21:00:00,25.920620291494338
4919,2024-07-23 22:00:00,35.00584587325494
4920,2024-07-23 23:00:00,41.71305238213498
4921,2024-07-24 00:00:00,50.089253376894085
4922,2024-07-24 01:00:00,55.58975960238412
4923,2024-07-24 02:00:00,51.55896616336388
4924,2024-07-24 03:00:00,59.52514294300622
4925,2024-07-24 04:00:00,61.69049952996491
4926,2024-07-24 05:00:00,71.40275791324164
4927,2024-07-24 06:00:00,68.53273144732633
4928,2024-07-24 07:00:00,63.73948186502457
4929,2024-07-24 08:00:00,64.4627633939756
4930,2024-07-24 09:00:00,63.54050858776705
4931,2024-07-24 10:00:00,50.85095634645668
4932,2024-07-24 11:00:00,45.49580164068306
4933,2024-07-24 12:00:00,46.27087730045311
4934,2024-07-24 13:00:00,49.96801856141304
4935,2024-07-24 14:00:00,39.6305403820373
4936,2024-07-24 15:00:00,27.948539753501528
4937,2024-07-24 16:00:00,26.323162404461375
4938,2024-07-24 17:00:00,32.764650754639916
4939,2024-07-24 18:00:00,25.43809773968896
4940,2024-07-24 19:00:00,22.934987893958105
4941,2024-07-24 20:00:00,27.39446862844062
4942,2024-07-24 21:00:00,28.827224025115274
4943,2024-07-24 22:00:00,43.48537185272765
4944,2024-07-24 23:00:00,35.69870448765531
4945,2024-07-25 00:00:00,54.522788473647225
4946,2024-07-25 01:00:00,52.62617732959357
4947,2024-07-25 02:00:00,47.952248804000604
4948,2024-07-25 03:00:00,61.75765171398828
4949,2024-07-25 04:00:00,74.26411102750956
4950,2024-07-25 05:00:00,59.514771773190205
4951,2024-07-25 06:00:00,72.15018254219781
4952,2024-07-25 07:00:00,69.77022661849875
4953,2024-07-25 08:00:00,60.6562291717232
4954,2024-07-25 09:00:00,66.25258419741205
4955,2024-07-25 10:00:00,61.89867422785996
4956,2024-07-25 11:00:00,49.66074106968975
4957,2024-07-25 12:00:00,46.098194630686976
4958,2024-07-25 13:00:00,41.54625505292832
4959,2024-07-25 14:00:00,30.195404449023606
4960,2024-07-25 15:00:00,32.75886657249852
4961,2024-07-25 16:00:00,30.59462186789441
4962,2024-07-25 17:00:00,31.4472232261394
4963,2024-07-25 18:00:00,28.910233472499073
4964,2024-07-25 19:00:00,32.913416555823034
4965,2024-07-25 20:00:00,32.695152538158155
4966,2024-07-25 21:00:00,28.498400315952612
4967,2024-07-25 22:00:00,41.5005148488943
4968,2024-07-25 23:00:00,40.51942608657288
4969,2024-07-26 00:00:00,37.69838731592861
4970,2024-07-26 01:00:00,50.5338941043275
4971,2024-07-26 02:00:00,58.7665826330717
4972,2024-07-26 03:00:00,52.602434732252334
4973,2024-07-26 04:00:00,56.644155649477916
4974,2024-07-26 05:00:00,70.65180262896267
4975,2024-07-26 06:00:00,66.3947943519783
4976,2024-07-26 07:00:00,63.31695335186854
4977,2024-07-26 08:00:00,61.16106100985521
4978,2024-07-26 09:00:00,57.79093778620201
4979,2024-07-26 10:00:00,48.364663212131745
4980,2024-07-26 11:00:00,53.21981463114667
4981,2024-07-26 12:00:00,45.368642282429484
4982,2024-07-26 13:00:00,47.660661076969994
4983,2024-07-26 14:00:00,37.49633686122668
4984,2024-07-26 15:00:00,43.679262686595905
4985,2024-07-26 16:00:00,28.90608416545097
4986,2024-07-26 17:00:00,25.138520881133793
4987,2024-07-26 18:00:00,21.366428311412104
4988,2024-07-26 19:00:00,20.058019275515704
4989,2024-07-26 20:00:00,36.800138187798034
4990,2024-07-26 21:00:00,37.23954293605104
4991,2024-07-26 22:00:00,41.64571016442461
4992,2024-07-26 23:00:00,43.66897439978067
4993,2024-07-27 00:00:00,40.372006153340436
4994,2024-07-27 01:00:00,51.59254666020402
4995,2024-07-27 02:00:00,52.49255396063322
4996,2024-07-27 03:00:00,60.508077598500705
4997,2024-07-27 04:00:00,63.97545961494764
4998,2024-07-27 05:00:00,65.13738096186768
4999,2024-07-27 06:00:00,67.57663304132427
5000,2024-07-27 07:00:00,75.63303688779104
5001,2024-07-27 08:00:00,60.259640176003444
5002,2024-07-27 09:00:00,59.16557492200723
5003,2024-07-27 10:00:00,58.29631196312983
5004,2024-07-27 11:00:00,59.95682903093832
5005,2024-07-27 12:00:00,36.08208940948669
5006,2024-07-27 13:00:00,40.2196997908645
5007,2024-07-27 14:00:00,28.909217661867988
5008,2024-07-27 15:00:00,36.59241827618587
5009,2024-07-27 16:00:00,21.50409802505804
5010,2024-07-27 17:00:00,28.88114728295747
5011,2024-07-27 18:00:00,24.99643983069557
5012,2024-07-27 19:00:00,23.403427899539544
5013,2024-07-27 20:00:00,19.390953437069612
5014,2024-07-27 21:00:00,33.995384120515354
5015,2024-07-27 22:00:00,35.6599988399545
5016,2024-07-27 23:00:00,40.64845190320778
5017,2024-07-28 00:00:00,43.207102206412046
5018,2024-07-28 01:00:00,52.44097227684775
5019,2024-07-28 02:00:00,54.935969103768215
5020,2024-07-28 03:00:00,62.557837830054645
5021,2024-07-28 04:00:00,68.25504384293946
5022,2024-07-28 05:00:00,72.39552492451122
5023,2024-07-28 06:00:00,56.89619660861875
5024,2024-07-28 07:00:00,73.38647335844195
5025,2024-07-28 08:00:00,64.83317086970014
5026,2024-07-28 09:00:00,61.25123641162803
5027,2024-07-28 10:00:00,59.49363904087462
5028,2024-07-28 11:00:00,59.56463064493735
5029,2024-07-28 12:00:00,48.591826115682515
5030,2024-07-28 13:00:00,38.52568746354374
5031,2024-07-28 14:00:00,38.44585315868825
5032,2024-07-28 15:00:00,23.798606571004633
5033,2024-07-28 16:00:00,31.48474977084912
5034,2024-07-28 17:00:00,20.33413075480528
5035,2024-07-28 18:00:00,27.041887065300724
5036,2024-07-28 19:00:00,25.097709807736297
5037,2024-07-28 20:00:00,22.23711481197301
5038,2024-07-28 21:00:00,36.526470696814336
5039,2024-07-28 22:00:00,28.037939490501067
5040,2024-07-28 23:00:00,43.83360560897733
5041,2024-07-29 00:00:00,45.986944562386114
5042,2024-07-29 01:00:00,54.63792355205705
5043,2024-07-29 02:00:00,58.6135164480847
5044,2024-07-29 03:00:00,59.00680287969641
5045,2024-07-29 04:00:00,60.33546389309228
5046,2024-07-29 05:00:00,71.50561800359291
5047,2024-07-29 06:00:00,63.8958558035465
5048,2024-07-29 07:00:00,72.84321191963656
5049,2024-07-29 08:00:00,61.41999741569438
5050,2024-07-29 09:00:00,62.72192669022883
5051,2024-07-29 10:00:00,56.684998653090666
5052,2024-07-29 11:00:00,47.38339822001582
5053,2024-07-29 12:00:00,47.26169074612723
5054,2024-07-29 13:00:00,42.1121019265528
5055,2024-07-29 14:00:00,24.561550796122546
5056,2024-07-29 15:00:00,26.201255451908192
5057,2024-07-29 16:00:00,23.607031888006375
5058,2024-07-29 17:00:00,29.867932582443505
5059,2024-07-29 18:00:00,29.402813003879647
5060,2024-07-29 19:00:00,19.25683261850704
5061,2024-07-29 20:00:00,29.952295730983657
5062,2024-07-29 21:00:00,34.865255397962166
5063,2024-07-29 22:00:00,42.74221953065316
5064,2024-07-29 23:00:00,39.49026590798137
5065,2024-07-30 00:00:00,47.225472112681
5066,2024-07-30 01:00:00,54.43081257195802
5067,2024-07-30 02:00:00,45.773665712643144
5068,2024-07-30 03:00:00,63.36485331909937
5069,2024-07-30 04:00:00,61.860185975194916
5070,2024-07-30 05:00:00,59.272829112426926
5071,2024-07-30 06:00:00,62.68189426377189
5072,2024-07-30 07:00:00,79.8906626583125
5073,2024-07-30 08:00:00,69.24323307999369
5074,2024-07-30 09:00:00,62.27217198476056
5075,2024-07-30 10:00:00,55.06300648183703
5076,2024-07-30 11:00:00,43.96261277879165
5077,2024-07-30 12:00:00,52.21971164061233
5078,2024-07-30 13:00:00,31.46585356277402
5079,2024-07-30 14:00:00,36.5098718184455
5080,2024-07-30 15:00:00,33.80917699502396
5081,2024-07-30 16:00:00,28.320756838609956
5082,2024-07-30 17:00:00,20.257141064327385
5083,2024-07-30 18:00:00,26.794754246710006
5084,2024-07-30 19:00:00,24.235825299772035
5085,2024-07-30 20:00:00,32.047991435478856
5086,2024-07-30 21:00:00,32.859368265883326
5087,2024-07-30 22:00:00,35.266663273455045
5088,2024-07-30 23:00:00,32.6153242621239
5089,2024-07-31 00:00:00,51.48690472004635
5090,2024-07-31 01:00:00,40.222691737804965
5091,2024-07-31 02:00:00,47.04794100973041
5092,2024-07-31 03:00:00,64.70220876458856
5093,2024-07-31 04:00:00,61.91771344102865
5094,2024-07-31 05:00:00,66.413656984697
5095,2024-07-31 06:00:00,73.02172631368524
5096,2024-07-31 07:00:00,68.13725553315248
5097,2024-07-31 08:00:00,63.671569892707446
5098,2024-07-31 09:00:00,55.17621858085856
5099,2024-07-31 10:00:00,44.93658581479653
5100,2024-07-31 11:00:00,48.099351184398316
5101,2024-07-31 12:00:00,52.16767425109092
5102,2024-07-31 13:00:00,30.65320595344464
5103,2024-07-31 14:00:00,40.42952443058384
5104,2024-07-31 15:00:00,28.452527006680736
5105,2024-07-31 16:00:00,27.856691321367904
5106,2024-07-31 17:00:00,16.347043258380626
5107,2024-07-31 18:00:00,22.0062442517266
5108,2024-07-31 19:00:00,26.13325334634005
5109,2024-07-31 20:00:00,33.04391747265532
5110,2024-07-31 21:00:00,32.5265202647001
5111,2024-07-31 22:00:00,41.91227320144043
5112,2024-07-31 23:00:00,38.59944880544623
5113,2024-08-01 00:00:00,38.65168685922499
5114,2024-08-01 01:00:00,50.13000572388178
5115,2024-08-01 02:00:00,37.166274526114464
5116,2024-08-01 03:00:00,60.57065920498669
5117,2024-08-01 04:00:00,61.70731643248035
5118,2024-08-01 05:00:00,62.21619706013143
5119,2024-08-01 06:00:00,62.84492772574396
5120,2024-08-01 07:00:00,65.9539428673557
5121,2024-08-01 08:00:00,63.8185300225593
5122,2024-08-01 09:00:00,61.912605675336614
5123,2024-08-01 10:00:00,49.26452398239269
5124,2024-08-01 11:00:00,48.73769121510253
5125,2024-08-01 12:00:00,47.00534543226779
5126,2024-08-01 13:00:00,44.808937120311455
5127,2024-08-01 14:00:00,25.3861340209014
5128,2024-08-01 15:00:00,34.31074372736697
5129,2024-08-01 16:00:00,32.054264448477404
5130,2024-08-01 17:00:00,39.7167502506355
5131,2024-08-01 18:00:00,17.45802849490867
5132,2024-08-01 19:00:00,21.02938277235491
5133,2024-08-01 20:00:00,33.7322232720173
5134,2024-08-01 21:00:00,22.122933675520464
5135,2024-08-01 22:00:00,35.5835154089639
5136,2024-08-01 23:00:00,38.18572842124859
5137,2024-08-02 00:00:00,47.19328203189407
5138,2024-08-02 01:00:00,47.878287022897865
5139,2024-08-02 02:00:00,58.679678372718485
5140,2024-08-02 03:00:00,56.74611618423971
5141,2024-08-02 04:00:00,60.31331079354606
5142,2024-08-02 05:00:00,66.74490504246869
5143,2024-08-02 06:00:00,63.588783796391404
5144,2024-08-02 07:00:00,64.03787983143489
5145,2024-08-02 08:00:00,57.99096789601667
5146,2024-08-02 09:00:00,52.44539429638293
5147,2024-08-02 10:00:00,55.4343435276648
5148,2024-08-02 11:00:00,57.0152281639103
5149,2024-08-02 12:00:00,43.647315803728254
5150,2024-08-02 13:00:00,35.56831425093294
5151,2024-08-02 14:00:00,33.60411958643475
5152,2024-08-02 15:00:00,27.62257073217135
5153,2024-08-02 16:00:00,25.103545933396518
5154,2024-08-02 17:00:00,21.420841676697496
5155,2024-08-02 18:00:00,30.515302785553413
5156,2024-08-02 19:00:00,33.8421889879276
5157,2024-08-02 20:00:00,27.127211610400398
5158,2024-08-02 21:00:00,25.314903881124327
5159,2024-08-02 22:00:00,34.82951773106943
5160,2024-08-02 23:00:00,38.74742148280575
5161,2024-08-03 00:00:00,41.79216671384566
5162,2024-08-03 01:00:00,53.302933718364244
5163,2024-08-03 02:00:00,49.82083558366715
5164,2024-08-03 03:00:00,53.52742774540917
5165,2024-08-03 04:00:00,59.614735251369666
5166,2024-08-03 05:00:00,59.795772275563934
5167,2024-08-03 06:00:00,62.11994966523716
5168,2024-08-03 07:00:00,65.21156647193385
5169,2024-08-03 08:00:00,61.299507242902166
5170,2024-08-03 09:00:00,42.97231317863688
5171,2024-08-03 10:00:00,55.139942598821655
5172,2024-08-03 11:00:00,52.912102428819594
5173,2024-08-03 12:00:00,45.343332762631036
5174,2024-08-03 13:00:00,43.500088530966295
5175,2024-08-03 14:00:00,36.317414492666586
5176,2024-08-03 15:00:00,25.439854757589234
5177,2024-08-03 16:00:00,26.57431042843126
5178,2024-08-03 17:00:00,18.898450932804117
5179,2024-08-03 18:00:00,22.007813385061464
5180,2024-08-03 19:00:00,29.84821867186053
5181,2024-08-03 20:00:00,25.488593302893314
5182,2024-08-03 21:00:00,23.961235749069075
5183,2024-08-03 22:00:00,34.83564095037359
5184,2024-08-03 23:00:00,39.799463308411035
5185,2024-08-04 00:00:00,40.54884174542732
5186,2024-08-04 01:00:00,49.783474450674525
5187,2024-08-04 02:00:00,52.54890825819193
5188,2024-08-04 03:00:00,61.53258575387143
5189,2024-08-04 04:00:00,60.29656040133682
5190,2024-08-04 05:00:00,68.35867013531156
5191,2024-08-04 06:00:00,60.01047861278834
5192,2024-08-04 07:00:00,60.94996984046366
5193,2024-08-04 08:00:00,63.78280319200395
5194,2024-08-04 09:00:00,66.13841184846403
5195,2024-08-04 10:00:00,68.46039242890302
5196,2024-08-04 11:00:00,46.23588454552101
5197,2024-08-04 12:00:00,46.231783442796704
5198,2024-08-04 13:00:00,39.77175465019763
5199,2024-08-04 14:00:00,23.68541341242422
5200,2024-08-04 15:00:00,30.21305293887725
5201,2024-08-04 16:00:00,37.04488628885365
5202,2024-08-04 17:00:00,22.731880818664383
5203,2024-08-04 18:00:00,35.482266660387936
5204,2024-08-04 19:00:00,25.742849803738018
5205,2024-08-04 20:00:00,25.509298934178137
5206,2024-08-04 21:00:00,34.636428033224654
5207,2024-08-04 22:00:00,34.740018296682116
5208,2024-08-04 23:00:00,46.82261782910906
5209,2024-08-05 00:00:00,45.01440521307134
5210,2024-08-05 01:00:00,53.3515643361078
5211,2024-08-05 02:00:00,50.638715462698485
5212,2024-08-05 03:00:00,58.49648108669068
5213,2024-08-05 04:00:00,68.66762713330311
5214,2024-08-05 05:00:00,71.22195646769296
5215,2024-08-05 06:00:00,61.05322225015602
5216,2024-08-05 07:00:00,53.59485078336472
5217,2024-08-05 08:00:00,63.10069962104796
5218,2024-08-05 09:00:00,59.50744558738797
5219,2024-08-05 10:00:00,51.92462044001003
5220,2024-08-05 11:00:00,47.093014163583724
5221,2024-08-05 12:00:00,45.084128324189
5222,2024-08-05 13:00:00,46.6686137326849
5223,2024-08-05 14:00:00,44.15923539175295
5224,2024-08-05 15:00:00,22.702861579515684
5225,2024-08-05 16:00:00,25.490931075490693
5226,2024-08-05 17:00:00,27.88184457639862
5227,2024-08-05 18:00:00,28.30703637669864
5228,2024-08-05 19:00:00,23.646018867856103
5229,2024-08-05 20:00:00,28.00609712657023
5230,2024-08-05 21:00:00,30.62868965378789
5231,2024-08-05 22:00:00,25.530274815171605
5232,2024-08-05 23:00:00,52.007231867572344
5233,2024-08-06 00:00:00,51.291851750483424
5234,2024-08-06 01:00:00,55.55996394190084
5235,2024-08-06 02:00:00,50.34124587121567
5236,2024-08-06 03:00:00,53.31874130809968
5237,2024-08-06 04:00:00,57.860898255631426
5238,2024-08-06 05:00:00,65.44055036446126
5239,2024-08-06 06:00:00,64.14718166578992
5240,2024-08-06 07:00:00,58.551086462041475
5241,2024-08-06 08:00:00,58.266028827411816
5242,2024-08-06 09:00:00,57.01698404892782
5243,2024-08-06 10:00:00,54.98358360401705
5244,2024-08-06 11:00:00,59.5718834671577
5245,2024-08-06 12:00:00,47.36928283680699
5246,2024-08-06 13:00:00,37.15795558969586
5247,2024-08-06 14:00:00,38.40952565112098
5248,2024-08-06 15:00:00,30.61897556536366
5249,2024-08-06 16:00:00,28.326486870273165
5250,2024-08-06 17:00:00,31.39505225631201
5251,2024-08-06 18:00:00,24.616830860747683
5252,2024-08-06 19:00:00,25.228130163660254
5253,2024-08-06 20:00:00,23.31867293536018
5254,2024-08-06 21:00:00,36.1710005729209
5255,2024-08-06 22:00:00,31.46171194198747
5256,2024-08-06 23:00:00,44.801916454871375
5257,2024-08-07 00:00:00,46.4669304060679
5258,2024-08-07 01:00:00,55.83526762362569
5259,2024-08-07 02:00:00,55.47743866906345
5260,2024-08-07 03:00:00,65.86072296771626
5261,2024-08-07 04:00:00,69.0525830917996
5262,2024-08-07 05:00:00,58.164810807749596
5263,2024-08-07 06:00:00,57.01279983378863
5264,2024-08-07 07:00:00,65.32241825870624
5265,2024-08-07 08:00:00,62.168305315748846
5266,2024-08-07 09:00:00,63.81435638390779
5267,2024-08-07 10:00:00,46.505317734491705
5268,2024-08-07 11:00:00,39.30166557066805
5269,2024-08-07 12:00:00,46.72515295623023
5270,2024-08-07 13:00:00,40.80675789534193
5271,2024-08-07 14:00:00,41.68156143962472
5272,2024-08-07 15:00:00,21.707091601832918
5273,2024-08-07 16:00:00,35.69805149906687
5274,2024-08-07 17:00:00,21.238717933769422
5275,2024-08-07 18:00:00,25.24435281688827
5276,2024-08-07 19:00:00,32.69419368145721
5277,2024-08-07 20:00:00,27.21895041511551
5278,2024-08-07 21:00:00,35.37102480841427
5279,2024-08-07 22:00:00,34.02646543109407
5280,2024-08-07 23:00:00,42.95821885418714
5281,2024-08-08 00:00:00,36.21218448267384
5282,2024-08-08 01:00:00,43.03942633361551
5283,2024-08-08 02:00:00,50.860277796536316
5284,2024-08-08 03:00:00,59.84731263374684
5285,2024-08-08 04:00:00,53.09307157165959
5286,2024-08-08 05:00:00,58.70704700615566
5287,2024-08-08 06:00:00,67.87520461664155
5288,2024-08-08 07:00:00,66.70327590009849
5289,2024-08-08 08:00:00,56.266387261449985
5290,2024-08-08 09:00:00,63.03472179760531
5291,2024-08-08 10:00:00,57.60833341192522
5292,2024-08-08 11:00:00,58.295969966551
5293,2024-08-08 12:00:00,39.967002270251456
5294,2024-08-08 13:00:00,39.74841274829156
5295,2024-08-08 14:00:00,41.03901378925401
5296,2024-08-08 15:00:00,31.70989473599846
5297,2024-08-08 16:00:00,24.82884150594573
5298,2024-08-08 17:00:00,24.27457384973158
5299,2024-08-08 18:00:00,23.83299863331783
5300,2024-08-08 19:00:00,20.163148703373412
5301,2024-08-08 20:00:00,29.92707538783768
5302,2024-08-08 21:00:00,23.404902272067694
5303,2024-08-08 22:00:00,38.97185545583832
5304,2024-08-08 23:00:00,25.165366386910264
5305,2024-08-09 00:00:00,50.01496482012737
5306,2024-08-09 01:00:00,43.07197387255488
5307,2024-08-09 02:00:00,48.309603089230976
5308,2024-08-09 03:00:00,58.88945079700402
5309,2024-08-09 04:00:00,55.505552839631164
5310,2024-08-09 05:00:00,56.79770428263515
5311,2024-08-09 06:00:00,65.59232168933275
5312,2024-08-09 07:00:00,60.21815553118301
5313,2024-08-09 08:00:00,58.42926904943875
5314,2024-08-09 09:00:00,54.29038620599537
5315,2024-08-09 10:00:00,48.53371409856087
5316,2024-08-09 11:00:00,52.97309853008243
5317,2024-08-09 12:00:00,56.96707752369227
5318,2024-08-09 13:00:00,36.905217210514834
5319,2024-08-09 14:00:00,38.372860181333444
5320,2024-08-09 15:00:00,38.666706528250266
5321,2024-08-09 16:00:00,21.36764652993993
5322,2024-08-09 17:00:00,34.58129036583709
5323,2024-08-09 18:00:00,28.574012965765583
5324,2024-08-09 19:00:00,19.297845588103414
5325,2024-08-09 20:00:00,36.497701932347475
5326,2024-08-09 21:00:00,28.465579227955462
5327,2024-08-09 22:00:00,22.72234402285904
5328,2024-08-09 23:00:00,40.2928422687892
5329,2024-08-10 00:00:00,43.45509410100863
5330,2024-08-10 01:00:00,49.36454375398508
5331,2024-08-10 02:00:00,57.4706409379796
5332,2024-08-10 03:00:00,41.93523943511713
5333,2024-08-10 04:00:00,61.45853860269189
5334,2024-08-10 05:00:00,68.71362371307856
5335,2024-08-10 06:00:00,67.320325553724
5336,2024-08-10 07:00:00,59.39310196760844
5337,2024-08-10 08:00:00,57.129181434822044
5338,2024-08-10 09:00:00,65.01351144749627
5339,2024-08-10 10:00:00,52.28857017704361
5340,2024-08-10 11:00:00,47.48894475446847
5341,2024-08-10 12:00:00,45.9031273484784
5342,2024-08-10 13:00:00,37.29699554726698
5343,2024-08-10 14:00:00,32.32611671737489
5344,2024-08-10 15:00:00,37.407345922165675
5345,2024-08-10 16:00:00,20.02938946949763
5346,2024-08-10 17:00:00,26.74591539335328
5347,2024-08-10 18:00:00,20.275345332877336
5348,2024-08-10 19:00:00,26.90122473603308
5349,2024-08-10 20:00:00,26.959088931478146
5350,2024-08-10 21:00:00,21.107790979270877
5351,2024-08-10 22:00:00,36.82941140997483
5352,2024-08-10 23:00:00,38.87803130664275
5353,2024-08-11 00:00:00,46.72327784255954
5354,2024-08-11 01:00:00,56.55348778957881
5355,2024-08-11 02:00:00,49.308706771496034
5356,2024-08-11 03:00:00,57.745611850299085
5357,2024-08-11 04:00:00,61.680957579600786
5358,2024-08-11 05:00:00,63.765051199588115
5359,2024-08-11 06:00:00,47.104534894339835
5360,2024-08-11 07:00:00,53.290451550898155
5361,2024-08-11 08:00:00,66.01337228165964
5362,2024-08-11 09:00:00,52.32746198221572
5363,2024-08-11 10:00:00,57.65935472314569
5364,2024-08-11 11:00:00,43.70728557724429
5365,2024-08-11 12:00:00,41.5237348739651
5366,2024-08-11 13:00:00,37.551221363799854
5367,2024-08-11 14:00:00,37.31324035862678
5368,2024-08-11 15:00:00,31.234276258905805
5369,2024-08-11 16:00:00,30.749201017596413
5370,2024-08-11 17:00:00,20.492548233185843
5371,2024-08-11 18:00:00,22.48739165642882
5372,2024-08-11 19:00:00,22.387681891520206
5373,2024-08-11 20:00:00,29.51519837097986
5374,2024-08-11 21:00:00,33.19615695914869
5375,2024-08-11 22:00:00,31.514892489128652
5376,2024-08-11 23:00:00,31.126707235945467
5377,2024-08-12 00:00:00,51.19842050776352
5378,2024-08-12 01:00:00,44.5256540756791
5379,2024-08-12 02:00:00,57.34835425695763
5380,2024-08-12 03:00:00,56.17285366541912
5381,2024-08-12 04:00:00,61.75415124308627
5382,2024-08-12 05:00:00,70.73657290131499
5383,2024-08-12 06:00:00,65.18139513159156
5384,2024-08-12 07:00:00,61.860247311609605
5385,2024-08-12 08:00:00,61.86243900272011
5386,2024-08-12 09:00:00,65.3499184131864
5387,2024-08-12 10:00:00,57.966091314566214
5388,2024-08-12 11:00:00,45.77542557757694
5389,2024-08-12 12:00:00,47.71158286308859
5390,2024-08-12 13:00:00,34.26156474035419
5391,2024-08-12 14:00:00,26.972993540317724
5392,2024-08-12 15:00:00,22.89212853402673
5393,2024-08-12 16:00:00,24.85346873205692
5394,2024-08-12 17:00:00,23.812323987807343
5395,2024-08-12 18:00:00,20.635465258186624
5396,2024-08-12 19:00:00,28.645124336590545
5397,2024-08-12 20:00:00,28.4211870255645
5398,2024-08-12 21:00:00,26.498329578958675
5399,2024-08-12 22:00:00,36.33684602085722
5400,2024-08-12 23:00:00,40.95880588481791
5401,2024-08-13 00:00:00,41.07663092055235
5402,2024-08-13 01:00:00,52.3314544107023
5403,2024-08-13 02:00:00,53.410189652174246
5404,2024-08-13 03:00:00,53.73441538245669
5405,2024-08-13 04:00:00,66.25728614495898
5406,2024-08-13 05:00:00,66.28345749290607
5407,2024-08-13 06:00:00,73.88629642253004
5408,2024-08-13 07:00:00,65.74030240175743
5409,2024-08-13 08:00:00,63.31507385387324
5410,2024-08-13 09:00:00,62.111845166205605
5411,2024-08-13 10:00:00,56.07917191575588
5412,2024-08-13 11:00:00,50.45941642486166
5413,2024-08-13 12:00:00,46.33821149004228
5414,2024-08-13 13:00:00,38.82178110566987
5415,2024-08-13 14:00:00,30.20756761380107
5416,2024-08-13 15:00:00,30.71496784364168
5417,2024-08-13 16:00:00,26.263553825486813
5418,2024-08-13 17:00:00,25.854700457305267
5419,2024-08-13 18:00:00,24.24827484007582
5420,2024-08-13 19:00:00,24.645745443682365
5421,2024-08-13 20:00:00,38.00172130917632
5422,2024-08-13 21:00:00,21.552966253302998
5423,2024-08-13 22:00:00,30.628140889411302
5424,2024-08-13 23:00:00,41.158137377085936
5425,2024-08-14 00:00:00,47.55690862025649
5426,2024-08-14 01:00:00,48.93590712778678
5427,2024-08-14 02:00:00,57.58681960159159
5428,2024-08-14 03:00:00,62.389270055657356
5429,2024-08-14 04:00:00,60.621328560221244
5430,2024-08-14 05:00:00,68.35077509698795
5431,2024-08-14 06:00:00,70.40455838152127
5432,2024-08-14 07:00:00,55.2267472078916
5433,2024-08-14 08:00:00,59.62468318200041
5434,2024-08-14 09:00:00,59.33781514846168
5435,2024-08-14 10:00:00,52.727713273156404
5436,2024-08-14 11:00:00,53.08112129714011
5437,2024-08-14 12:00:00,41.125118488525494
5438,2024-08-14 13:00:00,38.93732285763925
5439,2024-08-14 14:00:00,29.449404465582617
5440,2024-08-14 15:00:00,36.42398593743421
5441,2024-08-14 16:00:00,18.30194777258617
5442,2024-08-14 17:00:00,23.191506347551094
5443,2024-08-14 18:00:00,28.353878327926815
5444,2024-08-14 19:00:00,26.974198558547204
5445,2024-08-14 20:00:00,26.70201219735841
5446,2024-08-14 21:00:00,27.049026427656067
5447,2024-08-14 22:00:00,30.528291024786085
5448,2024-08-14 23:00:00,33.62794341756021
5449,2024-08-15 00:00:00,40.60760753292123
5450,2024-08-15 01:00:00,42.96671832852434
5451,2024-08-15 02:00:00,55.36023661511496
5452,2024-08-15 03:00:00,54.04218101123118
5453,2024-08-15 04:00:00,64.82407498368376
5454,2024-08-15 05:00:00,67.63353230933532
5455,2024-08-15 06:00:00,68.15082780592209
5456,2024-08-15 07:00:00,55.82869106913664
5457,2024-08-15 08:00:00,68.42472347814073
5458,2024-08-15 09:00:00,57.52923100085516
5459,2024-08-15 10:00:00,61.75782547809355
5460,2024-08-15 11:00:00,51.72798231190306
5461,2024-08-15 12:00:00,49.23137997061967
5462,2024-08-15 13:00:00,34.40769322756325
5463,2024-08-15 14:00:00,28.624935745327658
5464,2024-08-15 15:00:00,28.146589206562783
5465,2024-08-15 16:00:00,18.870128337356334
5466,2024-08-15 17:00:00,25.45676136310246
5467,2024-08-15 18:00:00,22.562985574319743
5468,2024-08-15 19:00:00,30.765402612482273
5469,2024-08-15 20:00:00,21.43178495138909
5470,2024-08-15 21:00:00,32.70056460968936
5471,2024-08-15 22:00:00,34.7710438359274
5472,2024-08-15 23:00:00,29.189905437417522
5473,2024-08-16 00:00:00,45.50306730199031
5474,2024-08-16 01:00:00,45.3662282163027
5475,2024-08-16 02:00:00,61.40539472850288
5476,2024-08-16 03:00:00,55.078141005748165
5477,2024-08-16 04:00:00,66.18999985442106
5478,2024-08-16 05:00:00,63.19756229177316
5479,2024-08-16 06:00:00,67.20852262745255
5480,2024-08-16 07:00:00,65.38290323434012
5481,2024-08-16 08:00:00,53.42910408216633
5482,2024-08-16 09:00:00,59.20664381090283
5483,2024-08-16 10:00:00,55.348777994541415
5484,2024-08-16 11:00:00,52.18380409165602
5485,2024-08-16 12:00:00,44.59990492715243
5486,2024-08-16 13:00:00,37.39460134410037
5487,2024-08-16 14:00:00,35.73086484425659
5488,2024-08-16 15:00:00,34.433315115686526
5489,2024-08-16 16:00:00,21.584110345952002
5490,2024-08-16 17:00:00,26.048660878771486
5491,2024-08-16 18:00:00,22.817270802200518
5492,2024-08-16 19:00:00,27.481185340991196
5493,2024-08-16 20:00:00,32.65312035461014
5494,2024-08-16 21:00:00,24.172467810923173
5495,2024-08-16 22:00:00,33.55721449031157
5496,2024-08-16 23:00:00,40.70626778313607
5497,2024-08-17 00:00:00,45.170251503781664
5498,2024-08-17 01:00:00,42.352921986410806
5499,2024-08-17 02:00:00,51.25657335888873
5500,2024-08-17 03:00:00,54.52906323588725
5501,2024-08-17 04:00:00,69.05066250372738
5502,2024-08-17 05:00:00,73.68088143502204
5503,2024-08-17 06:00:00,62.37085018856136
5504,2024-08-17 07:00:00,64.61272154986963
5505,2024-08-17 08:00:00,62.69826107576364
5506,2024-08-17 09:00:00,63.775780266356584
5507,2024-08-17 10:00:00,62.315191373257335
5508,2024-08-17 11:00:00,43.72822590132332
5509,2024-08-17 12:00:00,42.27458665640806
5510,2024-08-17 13:00:00,27.84033256234688
5511,2024-08-17 14:00:00,34.49152564883918
5512,2024-08-17 15:00:00,16.55412993907356
5513,2024-08-17 16:00:00,21.81917864434843
5514,2024-08-17 17:00:00,20.853975974462355
5515,2024-08-17 18:00:00,23.097373265908267
5516,2024-08-17 19:00:00,17.294323758455484
5517,2024-08-17 20:00:00,22.260991519920815
5518,2024-08-17 21:00:00,22.65228099284679
5519,2024-08-17 22:00:00,28.275762467922846
5520,2024-08-17 23:00:00,38.71068144545144
5521,2024-08-18 00:00:00,45.3895405068776
5522,2024-08-18 01:00:00,46.81514812963447
5523,2024-08-18 02:00:00,57.14758081840569
5524,2024-08-18 03:00:00,57.86468403445489
5525,2024-08-18 04:00:00,62.47610728022353
5526,2024-08-18 05:00:00,60.44690055203653
5527,2024-08-18 06:00:00,58.993792126966085
5528,2024-08-18 07:00:00,51.34168655803714
5529,2024-08-18 08:00:00,64.23196910944138
5530,2024-08-18 09:00:00,56.96191912107276
5531,2024-08-18 10:00:00,50.015078549395675
5532,2024-08-18 11:00:00,39.56356209708005
5533,2024-08-18 12:00:00,39.965487468595725
5534,2024-08-18 13:00:00,43.45295097854593
5535,2024-08-18 14:00:00,32.348907651945225
5536,2024-08-18 15:00:00,23.67709896979069
5537,2024-08-18 16:00:00,25.83934186857535
5538,2024-08-18 17:00:00,17.202100586756337
5539,2024-08-18 18:00:00,28.82781734610957
5540,2024-08-18 19:00:00,20.85640183078926
5541,2024-08-18 20:00:00,23.274737477137986
5542,2024-08-18 21:00:00,26.339007053359623
5543,2024-08-18 22:00:00,33.638801868540114
5544,2024-08-18 23:00:00,33.55873857616555
5545,2024-08-19 00:00:00,42.65246583245752
5546,2024-08-19 01:00:00,42.25757274349179
5547,2024-08-19 02:00:00,43.135394913375485
5548,2024-08-19 03:00:00,53.640463316319334
5549,2024-08-19 04:00:00,64.51617429270885
5550,2024-08-19 05:00:00,66.05052131924813
5551,2024-08-19 06:00:00,57.854707797767844
5552,2024-08-19 07:00:00,61.052845413130754
5553,2024-08-19 08:00:00,58.05690140157703
5554,2024-08-19 09:00:00,59.12612001950059
5555,2024-08-19 10:00:00,47.970624065533514
5556,2024-08-19 11:00:00,49.66229646348501
5557,2024-08-19 12:00:00,46.649124494609225
5558,2024-08-19 13:00:00,39.072559089372334
5559,2024-08-19 14:00:00,32.9520003945053
5560,2024-08-19 15:00:00,31.378181916435192
5561,2024-08-19 16:00:00,26.446494364899518
5562,2024-08-19 17:00:00,17.989142084410894
5563,2024-08-19 18:00:00,13.28891033726383
5564,2024-08-19 19:00:00,21.546041471411627
5565,2024-08-19 20:00:00,21.137780991953456
5566,2024-08-19 21:00:00,21.155813276740325
5567,2024-08-19 22:00:00,31.742112643329946
5568,2024-08-19 23:00:00,41.979512557595825
5569,2024-08-20 00:00:00,41.30974001650147
5570,2024-08-20 01:00:00,52.7767239950925
5571,2024-08-20 02:00:00,40.213204239190404
5572,2024-08-20 03:00:00,55.874067176121955
5573,2024-08-20 04:00:00,56.23444078077364
5574,2024-08-20 05:00:00,62.74190585221372
5575,2024-08-20 06:00:00,65.83346456861915
5576,2024-08-20 07:00:00,58.154061574685215
5577,2024-08-20 08:00:00,48.944773815410706
5578,2024-08-20 09:00:00,57.04363186548965
5579,2024-08-20 10:00:00,51.376826177899936
5580,2024-08-20 11:00:00,38.76045152035188
5581,2024-08-20 12:00:00,46.58372918755595
5582,2024-08-20 13:00:00,44.037089574826204
5583,2024-08-20 14:00:00,22.588713139127904
5584,2024-08-20 15:00:00,37.87663264892148
5585,2024-08-20 16:00:00,19.1327506151764
5586,2024-08-20 17:00:00,20.573396096969567
5587,2024-08-20 18:00:00,14.822867804434765
5588,2024-08-20 19:00:00,26.271020421518575
5589,2024-08-20 20:00:00,24.977867391628475
5590,2024-08-20 21:00:00,31.917488969256713
5591,2024-08-20 22:00:00,31.297082031707866
5592,2024-08-20 23:00:00,35.48995807252229
5593,2024-08-21 00:00:00,40.41187586049299
5594,2024-08-21 01:00:00,50.07854252958739
5595,2024-08-21 02:00:00,42.625605418523335
5596,2024-08-21 03:00:00,51.8959189798816
5597,2024-08-21 04:00:00,57.65587495243797
5598,2024-08-21 05:00:00,60.72483265581329
5599,2024-08-21 06:00:00,56.33433474041427
5600,2024-08-21 07:00:00,66.48034251248906
5601,2024-08-21 08:00:00,57.68621968959038
5602,2024-08-21 09:00:00,63.17447883395839
5603,2024-08-21 10:00:00,47.52334043420078
5604,2024-08-21 11:00:00,43.431951265693776
5605,2024-08-21 12:00:00,54.583844916130225
5606,2024-08-21 13:00:00,40.408968414208
5607,2024-08-21 14:00:00,34.60437206149837
5608,2024-08-21 15:00:00,22.116176673379943
5609,2024-08-21 16:00:00,19.189735614162817
5610,2024-08-21 17:00:00,21.685421557950672
5611,2024-08-21 18:00:00,22.305767961705456
5612,2024-08-21 19:00:00,21.023354504779476
5613,2024-08-21 20:00:00,20.810033098515298
5614,2024-08-21 21:00:00,25.742560606833834
5615,2024-08-21 22:00:00,36.726067441612315
5616,2024-08-21 23:00:00,37.52395882660271
5617,2024-08-22 00:00:00,38.41829699152419
5618,2024-08-22 01:00:00,46.33616056267312
5619,2024-08-22 02:00:00,51.72829987433578
5620,2024-08-22 03:00:00,54.84327926985042
5621,2024-08-22 04:00:00,55.44716732012741
5622,2024-08-22 05:00:00,56.87844471013468
5623,2024-08-22 06:00:00,59.917526555380256
5624,2024-08-22 07:00:00,64.95845260342416
5625,2024-08-22 08:00:00,59.0705390865338
5626,2024-08-22 09:00:00,55.28596656179063
5627,2024-08-22 10:00:00,49.00231747119224
5628,2024-08-22 11:00:00,53.42349636425847
5629,2024-08-22 12:00:00,37.8590154416056
5630,2024-08-22 13:00:00,38.41711053645685
5631,2024-08-22 14:00:00,27.14666454830744
5632,2024-08-22 15:00:00,23.033271383808525
5633,2024-08-22 16:00:00,26.355982665854146
5634,2024-08-22 17:00:00,19.78365288053151
5635,2024-08-22 18:00:00,25.159388723934626
5636,2024-08-22 19:00:00,18.158931441350855
5637,2024-08-22 20:00:00,26.63419219546468
5638,2024-08-22 21:00:00,41.683610214971594
5639,2024-08-22 22:00:00,26.888792219000724
5640,2024-08-22 23:00:00,38.79649549630122
5641,2024-08-23 00:00:00,43.051071770919826
5642,2024-08-23 01:00:00,46.23125838951469
5643,2024-08-23 02:00:00,50.31099389498989
5644,2024-08-23 03:00:00,62.91512321312731
5645,2024-08-23 04:00:00,57.568880720793906
5646,2024-08-23 05:00:00,61.813303901136315
5647,2024-08-23 06:00:00,64.75333111306009
5648,2024-08-23 07:00:00,63.32939469600929
5649,2024-08-23 08:00:00,59.27354087920483
5650,2024-08-23 09:00:00,64.0103172401911
5651,2024-08-23 10:00:00,51.65600091569976
5652,2024-08-23 11:00:00,47.185182147951885
5653,2024-08-23 12:00:00,43.711594516827404
5654,2024-08-23 13:00:00,29.6727276595229
5655,2024-08-23 14:00:00,27.420301800990888
5656,2024-08-23 15:00:00,32.50111355920674
5657,2024-08-23 16:00:00,30.795739012408742
5658,2024-08-23 17:00:00,13.756825049204487
5659,2024-08-23 18:00:00,16.344426021237965
5660,2024-08-23 19:00:00,23.53869502521208
5661,2024-08-23 20:00:00,21.999891933508117
5662,2024-08-23 21:00:00,25.219103366411147
5663,2024-08-23 22:00:00,24.82652124743374
5664,2024-08-23 23:00:00,28.288238091405198
5665,2024-08-24 00:00:00,36.28835684321082
5666,2024-08-24 01:00:00,41.39109674405864
5667,2024-08-24 02:00:00,51.688894239176484
5668,2024-08-24 03:00:00,55.956388372575404
5669,2024-08-24 04:00:00,65.98525358420783
5670,2024-08-24 05:00:00,64.01432554216417
5671,2024-08-24 06:00:00,51.4468336815122
5672,2024-08-24 07:00:00,63.28305153348991
5673,2024-08-24 08:00:00,75.39833158022606
5674,2024-08-24 09:00:00,62.9635027014645
5675,2024-08-24 10:00:00,40.30250816233394
5676,2024-08-24 11:00:00,38.61888324639194
5677,2024-08-24 12:00:00,33.81076953811824
5678,2024-08-24 13:00:00,42.474006265642416
5679,2024-08-24 14:00:00,31.493801557212077
5680,2024-08-24 15:00:00,18.941636838527756
5681,2024-08-24 16:00:00,27.869686768247686
5682,2024-08-24 17:00:00,15.721462233785102
5683,2024-08-24 18:00:00,25.05210581212244
5684,2024-08-24 19:00:00,20.153607651332887
5685,2024-08-24 20:00:00,23.08217273061105
5686,2024-08-24 21:00:00,39.17117994068933
5687,2024-08-24 22:00:00,28.139716797243537
5688,2024-08-24 23:00:00,35.53003532561848
5689,2024-08-25 00:00:00,46.88190441455451
5690,2024-08-25 01:00:00,39.25535879474087
5691,2024-08-25 02:00:00,60.91004106733649
5692,2024-08-25 03:00:00,56.777676605660304
5693,2024-08-25 04:00:00,58.44237291203908
5694,2024-08-25 05:00:00,60.95710119311166
5695,2024-08-25 06:00:00,72.86097225304334
5696,2024-08-25 07:00:00,64.63110232532905
5697,2024-08-25 08:00:00,65.07652027552335
5698,2024-08-25 09:00:00,58.64113897952677
5699,2024-08-25 10:00:00,47.42695412450766
5700,2024-08-25 11:00:00,60.28803002117091
5701,2024-08-25 12:00:00,36.11591902109455
5702,2024-08-25 13:00:00,27.13645487708238
5703,2024-08-25 14:00:00,34.52003653977154
5704,2024-08-25 15:00:00,28.957265703292222
5705,2024-08-25 16:00:00,18.287956103713732
5706,2024-08-25 17:00:00,27.08917014735242
5707,2024-08-25 18:00:00,24.16099966878305
5708,2024-08-25 19:00:00,21.280720585932485
5709,2024-08-25 20:00:00,25.02283270021131
5710,2024-08-25 21:00:00,27.759898393351694
5711,2024-08-25 22:00:00,28.152496125028083
5712,2024-08-25 23:00:00,38.659104558718205
5713,2024-08-26 00:00:00,43.073564972076696
5714,2024-08-26 01:00:00,54.567850199718606
5715,2024-08-26 02:00:00,51.752416810692516
5716,2024-08-26 03:00:00,70.18802191766837
5717,2024-08-26 04:00:00,56.02526827720857
5718,2024-08-26 05:00:00,55.06294928147428
5719,2024-08-26 06:00:00,66.86891937518229
5720,2024-08-26 07:00:00,73.76296981015163
5721,2024-08-26 08:00:00,67.28172011721624
5722,2024-08-26 09:00:00,63.07918104249454
5723,2024-08-26 10:00:00,39.995660837486454
5724,2024-08-26 11:00:00,53.57502949129524
5725,2024-08-26 12:00:00,40.702456126930514
5726,2024-08-26 13:00:00,36.42764619633228
5727,2024-08-26 14:00:00,33.81560675296284
5728,2024-08-26 15:00:00,32.49066826139551
5729,2024-08-26 16:00:00,28.284017545761145
5730,2024-08-26 17:00:00,21.080298436871136
5731,2024-08-26 18:00:00,19.960257156754565
5732,2024-08-26 19:00:00,18.929590764214986
5733,2024-08-26 20:00:00,17.721048550060775
5734,2024-08-26 21:00:00,28.92820177663563
5735,2024-08-26 22:00:00,32.62736845455958
5736,2024-08-26 23:00:00,39.179496602736144
5737,2024-08-27 00:00:00,42.25835267810731
5738,2024-08-27 01:00:00,34.264072792121446
5739,2024-08-27 02:00:00,48.464681224870674
5740,2024-08-27 03:00:00,57.098621740821194
5741,2024-08-27 04:00:00,59.7854208570741
5742,2024-08-27 05:00:00,68.12093890109517
5743,2024-08-27 06:00:00,66.4281809209219
5744,2024-08-27 07:00:00,56.22871333472652
5745,2024-08-27 08:00:00,72.42664636355201
5746,2024-08-27 09:00:00,61.8631830537407
5747,2024-08-27 10:00:00,41.492052706291076
5748,2024-08-27 11:00:00,47.059714860540524
5749,2024-08-27 12:00:00,37.88376040571479
5750,2024-08-27 13:00:00,32.254525400585216
5751,2024-08-27 14:00:00,32.796712162123775
5752,2024-08-27 15:00:00,26.16508549565456
5753,2024-08-27 16:00:00,20.028274265419153
5754,2024-08-27 17:00:00,22.432414860054763
5755,2024-08-27 18:00:00,20.56797057109757
5756,2024-08-27 19:00:00,29.323053915916876
5757,2024-08-27 20:00:00,27.002576004568247
5758,2024-08-27 21:00:00,37.83036460202502
5759,2024-08-27 22:00:00,36.477100179156096
5760,2024-08-27 23:00:00,49.38599098402817
5761,2024-08-28 00:00:00,44.15826961850397
5762,2024-08-28 01:00:00,50.251640557613825
5763,2024-08-28 02:00:00,55.70457010678188
5764,2024-08-28 03:00:00,50.93179043463782
5765,2024-08-28 04:00:00,63.552115802967066
5766,2024-08-28 05:00:00,59.17117195533137
5767,2024-08-28 06:00:00,57.19120078786115
5768,2024-08-28 07:00:00,61.54017286673897
5769,2024-08-28 08:00:00,59.19999037102211
5770,2024-08-28 09:00:00,45.62942792386549
5771,2024-08-28 10:00:00,51.85179133282283
5772,2024-08-28 11:00:00,52.99133824746656
5773,2024-08-28 12:00:00,42.28702985915513
5774,2024-08-28 13:00:00,36.36123561958262
5775,2024-08-28 14:00:00,28.547867986046036
5776,2024-08-28 15:00:00,22.205221673864717
5777,2024-08-28 16:00:00,18.225311544658588
5778,2024-08-28 17:00:00,26.26622401547302
5779,2024-08-28 18:00:00,28.143530926109783
5780,2024-08-28 19:00:00,39.02140194770108
5781,2024-08-28 20:00:00,25.981721113332696
5782,2024-08-28 21:00:00,22.2520192024502
5783,2024-08-28 22:00:00,34.224853136893664
5784,2024-08-28 23:00:00,30.7274071506691
5785,2024-08-29 00:00:00,43.21410412830753
5786,2024-08-29 01:00:00,43.935139190228895
5787,2024-08-29 02:00:00,50.714695451318995
5788,2024-08-29 03:00:00,58.26434590133252
5789,2024-08-29 04:00:00,55.00772009330606
5790,2024-08-29 05:00:00,72.52154823373876
5791,2024-08-29 06:00:00,67.76794090308815
5792,2024-08-29 07:00:00,56.31499405712482
5793,2024-08-29 08:00:00,60.62772689180497
5794,2024-08-29 09:00:00,53.70356439940392
5795,2024-08-29 10:00:00,41.99277145763473
5796,2024-08-29 11:00:00,57.93102029982253
5797,2024-08-29 12:00:00,40.24536980169396
5798,2024-08-29 13:00:00,35.5197927958468
5799,2024-08-29 14:00:00,25.453976094427983
5800,2024-08-29 15:00:00,29.471005453296456
5801,2024-08-29 16:00:00,28.204792158873104
5802,2024-08-29 17:00:00,21.542538130740397
5803,2024-08-29 18:00:00,20.154747433654467
5804,2024-08-29 19:00:00,22.565042540993808
5805,2024-08-29 20:00:00,14.691041744164147
5806,2024-08-29 21:00:00,25.31550129652588
5807,2024-08-29 22:00:00,36.4963321496931
5808,2024-08-29 23:00:00,38.06915441016992
5809,2024-08-30 00:00:00,50.09372499649026
5810,2024-08-30 01:00:00,44.96230593637319
5811,2024-08-30 02:00:00,48.79081366105109
5812,2024-08-30 03:00:00,56.85893553400544
5813,2024-08-30 04:00:00,54.885376625833736
5814,2024-08-30 05:00:00,63.01648291776484
5815,2024-08-30 06:00:00,63.159041692349376
5816,2024-08-30 07:00:00,64.6579769891657
5817,2024-08-30 08:00:00,68.20100328152998
5818,2024-08-30 09:00:00,60.2066111969238
5819,2024-08-30 10:00:00,52.71960548931811
5820,2024-08-30 11:00:00,46.033063424012
5821,2024-08-30 12:00:00,32.78097557281282
5822,2024-08-30 13:00:00,28.787688518336452
5823,2024-08-30 14:00:00,31.088804689264368
5824,2024-08-30 15:00:00,28.649109274728445
5825,2024-08-30 16:00:00,14.50620560990033
5826,2024-08-30 17:00:00,20.392165971604058
5827,2024-08-30 18:00:00,17.49673968412027
5828,2024-08-30 19:00:00,20.413312445544644
5829,2024-08-30 20:00:00,22.17517208508365
5830,2024-08-30 21:00:00,28.837391075808384
5831,2024-08-30 22:00:00,33.471347803798864
5832,2024-08-30 23:00:00,37.80493259190361
5833,2024-08-31 00:00:00,42.31236110365537
5834,2024-08-31 01:00:00,42.528892251028225
5835,2024-08-31 02:00:00,49.431321068948236
5836,2024-08-31 03:00:00,60.024907691471384
5837,2024-08-31 04:00:00,58.31325230519896
5838,2024-08-31 05:00:00,58.672974805442216
5839,2024-08-31 06:00:00,65.59483220592439
5840,2024-08-31 07:00:00,56.0030171442701
5841,2024-08-31 08:00:00,59.93123511607333
5842,2024-08-31 09:00:00,60.930175333534166
5843,2024-08-31 10:00:00,47.09958056438263
5844,2024-08-31 11:00:00,50.88525017712654
5845,2024-08-31 12:00:00,41.682731576435195
5846,2024-08-31 13:00:00,34.97405025021247
5847,2024-08-31 14:00:00,31.780023543803356
5848,2024-08-31 15:00:00,24.43091416608323
5849,2024-08-31 16:00:00,26.5731947786362
5850,2024-08-31 17:00:00,33.92885616923344
5851,2024-08-31 18:00:00,25.941254002240772
5852,2024-08-31 19:00:00,18.655691953421478
5853,2024-08-31 20:00:00,25.298573373086267
5854,2024-08-31 21:00:00,13.91158142386887
5855,2024-08-31 22:00:00,23.938451903689593
5856,2024-08-31 23:00:00,44.11718560683414
5857,2024-09-01 00:00:00,48.468465379702735
5858,2024-09-01 01:00:00,46.31225475671174
5859,2024-09-01 02:00:00,58.9622216079637
5860,2024-09-01 03:00:00,49.464232794842715
5861,2024-09-01 04:00:00,63.628913013892586
5862,2024-09-01 05:00:00,60.78748895427111
5863,2024-09-01 06:00:00,65.45429772109928
5864,2024-09-01 07:00:00,53.216917737616974
5865,2024-09-01 08:00:00,57.16317843374507
5866,2024-09-01 09:00:00,59.61160328268582
5867,2024-09-01 10:00:00,54.3863626974422
5868,2024-09-01 11:00:00,37.991562610305564
5869,2024-09-01 12:00:00,45.10891931907693
5870,2024-09-01 13:00:00,36.53360262627994
5871,2024-09-01 14:00:00,31.888072589670525
5872,2024-09-01 15:00:00,24.48389291049616
5873,2024-09-01 16:00:00,19.879896701833744
5874,2024-09-01 17:00:00,30.523193535250712
5875,2024-09-01 18:00:00,22.880036940156142
5876,2024-09-01 19:00:00,24.54910478622241
5877,2024-09-01 20:00:00,16.900479030561925
5878,2024-09-01 21:00:00,27.680525111308924
5879,2024-09-01 22:00:00,31.526778092305612
5880,2024-09-01 23:00:00,31.901920895806576
5881,2024-09-02 00:00:00,46.75435707415596
5882,2024-09-02 01:00:00,45.91422899189033
5883,2024-09-02 02:00:00,51.90029186312946
5884,2024-09-02 03:00:00,60.70806577950516
5885,2024-09-02 04:00:00,60.28163669718377
5886,2024-09-02 05:00:00,50.17188955708226
5887,2024-09-02 06:00:00,66.75711926680701
5888,2024-09-02 07:00:00,56.672990424752406
5889,2024-09-02 08:00:00,60.707815451717174
5890,2024-09-02 09:00:00,55.1515825329123
5891,2024-09-02 10:00:00,49.72339190160486
5892,2024-09-02 11:00:00,48.72065999035197
5893,2024-09-02 12:00:00,41.159997599371856
5894,2024-09-02 13:00:00,36.10854302407051
5895,2024-09-02 14:00:00,28.361194341497022
5896,2024-09-02 15:00:00,24.728458824816364
5897,2024-09-02 16:00:00,22.569650392348336
5898,2024-09-02 17:00:00,20.15683317107611
5899,2024-09-02 18:00:00,22.18961447280159
5900,2024-09-02 19:00:00,17.766523557270084
5901,2024-09-02 20:00:00,32.24886178081023
5902,2024-09-02 21:00:00,32.04905232151
5903,2024-09-02 22:00:00,32.02328227364199
5904,2024-09-02 23:00:00,26.93663828150629
5905,2024-09-03 00:00:00,38.8736030223579
5906,2024-09-03 01:00:00,49.17377077796838
5907,2024-09-03 02:00:00,53.89913267952842
5908,2024-09-03 03:00:00,55.365667624185065
5909,2024-09-03 04:00:00,58.01631515673961
5910,2024-09-03 05:00:00,58.807901286429555
5911,2024-09-03 06:00:00,63.02487106924036
5912,2024-09-03 07:00:00,64.72106317464245
5913,2024-09-03 08:00:00,58.35018033145901
5914,2024-09-03 09:00:00,64.72364307385016
5915,2024-09-03 10:00:00,49.51186177489477
5916,2024-09-03 11:00:00,47.31127799255705
5917,2024-09-03 12:00:00,37.47319963482218
5918,2024-09-03 13:00:00,35.9072434677566
5919,2024-09-03 14:00:00,28.742483772411706
5920,2024-09-03 15:00:00,33.01318569379193
5921,2024-09-03 16:00:00,28.735696237715946
5922,2024-09-03 17:00:00,28.914830894099573
5923,2024-09-03 18:00:00,24.496770914833757
5924,2024-09-03 19:00:00,17.471566657565067
5925,2024-09-03 20:00:00,28.548285593858758
5926,2024-09-03 21:00:00,19.127110636025783
5927,2024-09-03 22:00:00,36.75604616332956
5928,2024-09-03 23:00:00,36.452668786150376
5929,2024-09-04 00:00:00,49.18660444942054
5930,2024-09-04 01:00:00,49.1092101431527
5931,2024-09-04 02:00:00,39.35902227581265
5932,2024-09-04 03:00:00,46.42777662257619
5933,2024-09-04 04:00:00,72.68164394702526
5934,2024-09-04 05:00:00,54.414644809290095
5935,2024-09-04 06:00:00,57.697691828144556
5936,2024-09-04 07:00:00,63.19627856027398
5937,2024-09-04 08:00:00,51.0236216873912
5938,2024-09-04 09:00:00,53.166951766221786
5939,2024-09-04 10:00:00,49.71477590501154
5940,2024-09-04 11:00:00,49.60565590344207
5941,2024-09-04 12:00:00,45.67399176566306
5942,2024-09-04 13:00:00,38.34844861258097
5943,2024-09-04 14:00:00,30.41959063788647
5944,2024-09-04 15:00:00,32.76530343321126
5945,2024-09-04 16:00:00,24.426957842917908
5946,2024-09-04 17:00:00,26.786542422084576
5947,2024-09-04 18:00:00,24.135729646101495
5948,2024-09-04 19:00:00,19.063120626351022
5949,2024-09-04 20:00:00,29.564992682608093
5950,2024-09-04 21:00:00,22.51140370817572
5951,2024-09-04 22:00:00,30.07748207560696
5952,2024-09-04 23:00:00,41.35275661798776
5953,2024-09-05 00:00:00,36.484568450140564
5954,2024-09-05 01:00:00,44.79961573449152
5955,2024-09-05 02:00:00,60.37099363497895
5956,2024-09-05 03:00:00,58.10557137911587
5957,2024-09-05 04:00:00,57.5477526631793
5958,2024-09-05 05:00:00,54.27234552166889
5959,2024-09-05 06:00:00,64.26202787124485
5960,2024-09-05 07:00:00,62.24662133266676
5961,2024-09-05 08:00:00,65.54345421181328
5962,2024-09-05 09:00:00,60.58535668321821
5963,2024-09-05 10:00:00,53.269631737895146
5964,2024-09-05 11:00:00,37.764791357689546
5965,2024-09-05 12:00:00,43.88883795756179
5966,2024-09-05 13:00:00,37.805225536425546
5967,2024-09-05 14:00:00,32.9619865832744
5968,2024-09-05 15:00:00,22.26041418905997
5969,2024-09-05 16:00:00,10.833009859444624
5970,2024-09-05 17:00:00,19.37506254783245
5971,2024-09-05 18:00:00,18.39720304922879
5972,2024-09-05 19:00:00,23.177255641529918
5973,2024-09-05 20:00:00,19.96620273367689
5974,2024-09-05 21:00:00,33.12222525946819
5975,2024-09-05 22:00:00,25.16557730836027
5976,2024-09-05 23:00:00,39.25556100075038
5977,2024-09-06 00:00:00,49.146611699817015
5978,2024-09-06 01:00:00,50.452442331334844
5979,2024-09-06 02:00:00,53.144277803254234
5980,2024-09-06 03:00:00,61.34173727075691
5981,2024-09-06 04:00:00,62.95932595620714
5982,2024-09-06 05:00:00,62.91435224264127
5983,2024-09-06 06:00:00,58.674348070885934
5984,2024-09-06 07:00:00,59.82918226983826
5985,2024-09-06 08:00:00,58.10583898623609
5986,2024-09-06 09:00:00,57.942714746715495
5987,2024-09-06 10:00:00,47.452858315196615
5988,2024-09-06 11:00:00,47.3801319094978
5989,2024-09-06 12:00:00,48.77831188697654
5990,2024-09-06 13:00:00,35.46581426036484
5991,2024-09-06 14:00:00,30.993271182673915
5992,2024-09-06 15:00:00,19.12585264140352
5993,2024-09-06 16:00:00,32.35630471515769
5994,2024-09-06 17:00:00,23.03347093034802
5995,2024-09-06 18:00:00,23.73405305407883
5996,2024-09-06 19:00:00,16.92539951972696
5997,2024-09-06 20:00:00,24.63515290204113
5998,2024-09-06 21:00:00,32.58403673737317
5999,2024-09-06 22:00:00,32.72896581386874
6000,2024-09-06 23:00:00,41.419246645100216
6001,2024-09-07 00:00:00,39.70378603360452
6002,2024-09-07 01:00:00,41.89972995316614
6003,2024-09-07 02:00:00,49.102078363526935
6004,2024-09-07 03:00:00,52.9785020586836
6005,2024-09-07 04:00:00,57.61033756778854
6006,2024-09-07 05:00:00,60.37369296800329
6007,2024-09-07 06:00:00,54.75388946724357
6008,2024-09-07 07:00:00,65.45170466385471
6009,2024-09-07 08:00:00,49.92626954427876
6010,2024-09-07 09:00:00,48.75946659889108
6011,2024-09-07 10:00:00,59.40233266875253
6012,2024-09-07 11:00:00,47.709364207620894
6013,2024-09-07 12:00:00,42.63334728570047
6014,2024-09-07 13:00:00,34.86434723514147
6015,2024-09-07 14:00:00,42.512850647973906
6016,2024-09-07 15:00:00,33.90633052596553
6017,2024-09-07 16:00:00,15.67532218660101
6018,2024-09-07 17:00:00,24.393234213304858
6019,2024-09-07 18:00:00,21.630650292879295
6020,2024-09-07 19:00:00,21.90238758079569
6021,2024-09-07 20:00:00,22.362033338688722
6022,2024-09-07 21:00:00,20.230733470356185
6023,2024-09-07 22:00:00,41.82291504134084
6024,2024-09-07 23:00:00,36.554030195971016
6025,2024-09-08 00:00:00,36.42857320627411
6026,2024-09-08 01:00:00,46.62470031882579
6027,2024-09-08 02:00:00,39.5514096592309
6028,2024-09-08 03:00:00,54.38372585390207
6029,2024-09-08 04:00:00,62.670908671218626
6030,2024-09-08 05:00:00,59.394053516152816
6031,2024-09-08 06:00:00,64.83227887117434
6032,2024-09-08 07:00:00,52.65385050599727
6033,2024-09-08 08:00:00,59.91218554647439
6034,2024-09-08 09:00:00,52.80387161664577
6035,2024-09-08 10:00:00,55.44769698988681
6036,2024-09-08 11:00:00,44.13754368900343
6037,2024-09-08 12:00:00,41.044079374522504
6038,2024-09-08 13:00:00,37.40650359935575
6039,2024-09-08 14:00:00,39.4370951045228
6040,2024-09-08 15:00:00,26.304246623855203
6041,2024-09-08 16:00:00,23.249029797407715
6042,2024-09-08 17:00:00,22.437296287817258
6043,2024-09-08 18:00:00,22.01467251647731
6044,2024-09-08 19:00:00,16.26770097160871
6045,2024-09-08 20:00:00,21.918990708857883
6046,2024-09-08 21:00:00,32.62412448916115
6047,2024-09-08 22:00:00,30.103135857801924
6048,2024-09-08 23:00:00,38.36317322012303
6049,2024-09-09 00:00:00,38.28442469114434
6050,2024-09-09 01:00:00,50.396855383855765
6051,2024-09-09 02:00:00,54.890986568843715
6052,2024-09-09 03:00:00,51.22428242146884
6053,2024-09-09 04:00:00,58.40012242812274
6054,2024-09-09 05:00:00,63.984770203786766
6055,2024-09-09 06:00:00,50.158156345798645
6056,2024-09-09 07:00:00,67.79158198777802
6057,2024-09-09 08:00:00,62.48048887155617
6058,2024-09-09 09:00:00,55.58590014340445
6059,2024-09-09 10:00:00,46.59814842955012
6060,2024-09-09 11:00:00,47.52617119288154
6061,2024-09-09 12:00:00,38.26677325815243
6062,2024-09-09 13:00:00,42.58018024347311
6063,2024-09-09 14:00:00,29.499635349869116
6064,2024-09-09 15:00:00,35.066578464276
6065,2024-09-09 16:00:00,29.040701803750956
6066,2024-09-09 17:00:00,16.16064244318618
6067,2024-09-09 18:00:00,17.790141646926042
6068,2024-09-09 19:00:00,18.29845957927589
6069,2024-09-09 20:00:00,24.33002845139673
6070,2024-09-09 21:00:00,21.364251622450425
6071,2024-09-09 22:00:00,31.2839782865317
6072,2024-09-09 23:00:00,32.91007356366448
6073,2024-09-10 00:00:00,32.816558077774914
6074,2024-09-10 01:00:00,48.35150614454795
6075,2024-09-10 02:00:00,43.9807744558271
6076,2024-09-10 03:00:00,53.225192431517875
6077,2024-09-10 04:00:00,59.55665427616028
6078,2024-09-10 05:00:00,61.876726889275126
6079,2024-09-10 06:00:00,59.12545940874392
6080,2024-09-10 07:00:00,64.727019298141
6081,2024-09-10 08:00:00,57.5172929896356
6082,2024-09-10 09:00:00,52.060743729048
6083,2024-09-10 10:00:00,52.00192110650683
6084,2024-09-10 11:00:00,38.536795311240816
6085,2024-09-10 12:00:00,37.17009983053592
6086,2024-09-10 13:00:00,38.65519545737258
6087,2024-09-10 14:00:00,36.378626287136
6088,2024-09-10 15:00:00,22.405998046661193
6089,2024-09-10 16:00:00,34.19965374871906
6090,2024-09-10 17:00:00,17.48961931863334
6091,2024-09-10 18:00:00,19.44174435602938
6092,2024-09-10 19:00:00,29.138407999320826
6093,2024-09-10 20:00:00,25.43931069323894
6094,2024-09-10 21:00:00,24.58240672073479
6095,2024-09-10 22:00:00,24.145407378596836
6096,2024-09-10 23:00:00,38.69754405643696
6097,2024-09-11 00:00:00,44.4891746139602
6098,2024-09-11 01:00:00,43.5737560004132
6099,2024-09-11 02:00:00,49.5871351733728
6100,2024-09-11 03:00:00,47.2117903471845
6101,2024-09-11 04:00:00,69.43506994671061
6102,2024-09-11 05:00:00,63.33726245694229
6103,2024-09-11 06:00:00,56.51411848904467
6104,2024-09-11 07:00:00,61.18707378132177
6105,2024-09-11 08:00:00,58.21713563887553
6106,2024-09-11 09:00:00,57.991521682356755
6107,2024-09-11 10:00:00,45.98665073808938
6108,2024-09-11 11:00:00,41.41823216389738
6109,2024-09-11 12:00:00,45.1927306963419
6110,2024-09-11 13:00:00,40.98707196033003
6111,2024-09-11 14:00:00,24.80277621446655
6112,2024-09-11 15:00:00,28.130044608592726
6113,2024-09-11 16:00:00,19.959418053400753
6114,2024-09-11 17:00:00,19.544509601291743
6115,2024-09-11 18:00:00,16.591413627916683
6116,2024-09-11 19:00:00,18.578803680579647
6117,2024-09-11 20:00:00,33.361598632787626
6118,2024-09-11 21:00:00,30.450361429181818
6119,2024-09-11 22:00:00,22.48330996138578
6120,2024-09-11 23:00:00,35.19775057781441
6121,2024-09-12 00:00:00,44.81931294265363
6122,2024-09-12 01:00:00,51.23964153644238
6123,2024-09-12 02:00:00,49.12716188863881
6124,2024-09-12 03:00:00,46.407012364843645
6125,2024-09-12 04:00:00,60.972904729083595
6126,2024-09-12 05:00:00,58.8618238690028
6127,2024-09-12 06:00:00,64.9429539869718
6128,2024-09-12 07:00:00,57.2294949706601
6129,2024-09-12 08:00:00,57.376588331077926
6130,2024-09-12 09:00:00,57.85545831317139
6131,2024-09-12 10:00:00,50.64470710544101
6132,2024-09-12 11:00:00,45.36966941837366
6133,2024-09-12 12:00:00,38.733900947633884
6134,2024-09-12 13:00:00,38.583222086930476
6135,2024-09-12 14:00:00,29.660904644901073
6136,2024-09-12 15:00:00,25.45483049462088
6137,2024-09-12 16:00:00,36.6639187057265
6138,2024-09-12 17:00:00,20.57141970780114
6139,2024-09-12 18:00:00,15.374382853610232
6140,2024-09-12 19:00:00,19.885481312969855
6141,2024-09-12 20:00:00,22.63267678046041
6142,2024-09-12 21:00:00,37.47700541964409
6143,2024-09-12 22:00:00,40.37221775181593
6144,2024-09-12 23:00:00,33.90354469014982
6145,2024-09-13 00:00:00,36.513556377475666
6146,2024-09-13 01:00:00,53.20715542438645
6147,2024-09-13 02:00:00,58.73842526531266
6148,2024-09-13 03:00:00,56.142224953697585
6149,2024-09-13 04:00:00,60.641878387747326
6150,2024-09-13 05:00:00,59.9473527899535
6151,2024-09-13 06:00:00,56.88389365866742
6152,2024-09-13 07:00:00,59.0866995018553
6153,2024-09-13 08:00:00,60.818257937033394
6154,2024-09-13 09:00:00,51.26053186387969
6155,2024-09-13 10:00:00,44.812080805813395
6156,2024-09-13 11:00:00,51.56273981225101
6157,2024-09-13 12:00:00,39.69830608697074
6158,2024-09-13 13:00:00,41.188906551788165
6159,2024-09-13 14:00:00,25.38461270838149
6160,2024-09-13 15:00:00,17.46287747780942
6161,2024-09-13 16:00:00,28.922070202122114
6162,2024-09-13 17:00:00,22.26606393563759
6163,2024-09-13 18:00:00,17.009897940881686
6164,2024-09-13 19:00:00,21.61942348110066
6165,2024-09-13 20:00:00,22.394854473757707
6166,2024-09-13 21:00:00,20.826775206591158
6167,2024-09-13 22:00:00,31.31785214806447
6168,2024-09-13 23:00:00,24.75456924637318
6169,2024-09-14 00:00:00,39.802735833717875
6170,2024-09-14 01:00:00,39.77471715577926
6171,2024-09-14 02:00:00,48.0511516230262
6172,2024-09-14 03:00:00,47.25794034114187
6173,2024-09-14 04:00:00,65.90689696227417
6174,2024-09-14 05:00:00,61.21018577147205
6175,2024-09-14 06:00:00,57.59602906762316
6176,2024-09-14 07:00:00,54.332788148614775
6177,2024-09-14 08:00:00,53.58739209394899
6178,2024-09-14 09:00:00,53.21907165730349
6179,2024-09-14 10:00:00,54.408157493805206
6180,2024-09-14 11:00:00,44.08883600773319
6181,2024-09-14 12:00:00,38.67314596084053
6182,2024-09-14 13:00:00,40.63698594564203
6183,2024-09-14 14:00:00,20.336377861405385
6184,2024-09-14 15:00:00,24.32757149838059
6185,2024-09-14 16:00:00,21.456134535000984
6186,2024-09-14 17:00:00,23.39371044620287
6187,2024-09-14 18:00:00,24.369295223877305
6188,2024-09-14 19:00:00,26.932426798541144
6189,2024-09-14 20:00:00,22.73613822064618
6190,2024-09-14 21:00:00,19.945440106041087
6191,2024-09-14 22:00:00,26.500020093341885
6192,2024-09-14 23:00:00,41.06353147252697
6193,2024-09-15 00:00:00,42.89363829844646
6194,2024-09-15 01:00:00,44.962726058692546
6195,2024-09-15 02:00:00,52.303880370947915
6196,2024-09-15 03:00:00,52.393480968484425
6197,2024-09-15 04:00:00,57.92090537126958
6198,2024-09-15 05:00:00,51.72082364108559
6199,2024-09-15 06:00:00,47.941769062528124
6200,2024-09-15 07:00:00,59.1291257244987
6201,2024-09-15 08:00:00,47.38800346083439
6202,2024-09-15 09:00:00,56.306357521838926
6203,2024-09-15 10:00:00,52.54258388367363
6204,2024-09-15 11:00:00,43.57613426052724
6205,2024-09-15 12:00:00,36.38898982561133
6206,2024-09-15 13:00:00,33.27348084221995
6207,2024-09-15 14:00:00,33.82369224923172
6208,2024-09-15 15:00:00,31.435059631251164
6209,2024-09-15 16:00:00,19.84422643473425
6210,2024-09-15 17:00:00,18.113690108958888
6211,2024-09-15 18:00:00,25.45095948584135
6212,2024-09-15 19:00:00,23.48492887486118
6213,2024-09-15 20:00:00,18.32943710854281
6214,2024-09-15 21:00:00,19.41333570886769
6215,2024-09-15 22:00:00,29.68867599189548
6216,2024-09-15 23:00:00,23.78275327091324
6217,2024-09-16 00:00:00,30.123687337519634
6218,2024-09-16 01:00:00,45.33607370587677
6219,2024-09-16 02:00:00,54.297236540067765
6220,2024-09-16 03:00:00,53.57292398347024
6221,2024-09-16 04:00:00,60.12331238267805
6222,2024-09-16 05:00:00,51.42342271029992
6223,2024-09-16 06:00:00,55.094231227336536
6224,2024-09-16 07:00:00,59.45866169870667
6225,2024-09-16 08:00:00,60.728909141930636
6226,2024-09-16 09:00:00,55.16655008619964
6227,2024-09-16 10:00:00,45.982290092977074
6228,2024-09-16 11:00:00,45.67758301799023
6229,2024-09-16 12:00:00,41.19607782482852
6230,2024-09-16 13:00:00,28.125036085982792
6231,2024-09-16 14:00:00,32.0152079037355
6232,2024-09-16 15:00:00,20.301868022268135
6233,2024-09-16 16:00:00,28.045109163975372
6234,2024-09-16 17:00:00,17.655843092136532
6235,2024-09-16 18:00:00,20.14157745324488
6236,2024-09-16 19:00:00,31.115867790626055
6237,2024-09-16 20:00:00,13.580391535316862
6238,2024-09-16 21:00:00,25.10512591417024
6239,2024-09-16 22:00:00,27.35311451019252
6240,2024-09-16 23:00:00,41.944993472074046
6241,2024-09-17 00:00:00,40.57028902118166
6242,2024-09-17 01:00:00,44.26201171368782
6243,2024-09-17 02:00:00,57.72834919255836
6244,2024-09-17 03:00:00,54.738137457990334
6245,2024-09-17 04:00:00,58.48980262910056
6246,2024-09-17 05:00:00,65.19480560612425
6247,2024-09-17 06:00:00,64.21321065281555
6248,2024-09-17 07:00:00,62.75794500863395
6249,2024-09-17 08:00:00,54.64890839171195
6250,2024-09-17 09:00:00,59.00134413739743
6251,2024-09-17 10:00:00,56.84126111506758
6252,2024-09-17 11:00:00,46.6039261609939
6253,2024-09-17 12:00:00,44.924673164735964
6254,2024-09-17 13:00:00,34.698354529948816
6255,2024-09-17 14:00:00,24.054915132592193
6256,2024-09-17 15:00:00,19.276999349252353
6257,2024-09-17 16:00:00,18.02268598319961
6258,2024-09-17 17:00:00,31.561301107904818
6259,2024-09-17 18:00:00,10.77469535721903
6260,2024-09-17 19:00:00,23.65056345373459
6261,2024-09-17 20:00:00,18.85869723800018
6262,2024-09-17 21:00:00,32.06333023517256
6263,2024-09-17 22:00:00,35.78609285009639
6264,2024-09-17 23:00:00,30.899806594381936
6265,2024-09-18 00:00:00,40.31582319722595
6266,2024-09-18 01:00:00,55.620685503556274
6267,2024-09-18 02:00:00,49.15038681240444
6268,2024-09-18 03:00:00,67.24857561362519
6269,2024-09-18 04:00:00,59.192819168672536
6270,2024-09-18 05:00:00,60.72212512731337
6271,2024-09-18 06:00:00,59.79030173577536
6272,2024-09-18 07:00:00,58.30330121671055
6273,2024-09-18 08:00:00,55.19930899512087
6274,2024-09-18 09:00:00,44.13060202096511
6275,2024-09-18 10:00:00,53.02030006866451
6276,2024-09-18 11:00:00,47.529165783320565
6277,2024-09-18 12:00:00,43.93063114055911
6278,2024-09-18 13:00:00,27.45272558681041
6279,2024-09-18 14:00:00,36.79271854706951
6280,2024-09-18 15:00:00,22.90901945118642
6281,2024-09-18 16:00:00,18.987464556776345
6282,2024-09-18 17:00:00,15.297796885404148
6283,2024-09-18 18:00:00,19.854804926068855
6284,2024-09-18 19:00:00,21.773563099919144
6285,2024-09-18 20:00:00,19.84679207423439
6286,2024-09-18 21:00:00,34.07284180191733
6287,2024-09-18 22:00:00,26.022991580367048
6288,2024-09-18 23:00:00,29.3369113305366
6289,2024-09-19 00:00:00,38.922118876935905
6290,2024-09-19 01:00:00,50.97571215310959
6291,2024-09-19 02:00:00,58.12370715821147
6292,2024-09-19 03:00:00,60.791767453554655
6293,2024-09-19 04:00:00,52.14122475721953
6294,2024-09-19 05:00:00,60.776258220550645
6295,2024-09-19 06:00:00,61.84301316591677
6296,2024-09-19 07:00:00,55.81029300766499
6297,2024-09-19 08:00:00,51.29065065998107
6298,2024-09-19 09:00:00,52.64868111176851
6299,2024-09-19 10:00:00,46.16387415582201
6300,2024-09-19 11:00:00,46.497209347095065
6301,2024-09-19 12:00:00,36.83912979106015
6302,2024-09-19 13:00:00,37.196626327722086
6303,2024-09-19 14:00:00,35.48898468150195
6304,2024-09-19 15:00:00,18.26958542933837
6305,2024-09-19 16:00:00,23.508753539993577
6306,2024-09-19 17:00:00,25.779555086445647
6307,2024-09-19 18:00:00,12.536139747125183
6308,2024-09-19 19:00:00,20.04198377937833
6309,2024-09-19 20:00:00,16.782721932665506
6310,2024-09-19 21:00:00,23.981623017453398
6311,2024-09-19 22:00:00,38.53809004275533
6312,2024-09-19 23:00:00,43.342477857044386
6313,2024-09-20 00:00:00,44.47031699378941
6314,2024-09-20 01:00:00,55.573902165889734
6315,2024-09-20 02:00:00,44.51449200906913
6316,2024-09-20 03:00:00,51.87785940847661
6317,2024-09-20 04:00:00,56.36619202534782
6318,2024-09-20 05:00:00,62.033397941613785
6319,2024-09-20 06:00:00,68.92204762502462
6320,2024-09-20 07:00:00,65.09638946947567
6321,2024-09-20 08:00:00,60.717314516502654
6322,2024-09-20 09:00:00,52.081947689917094
6323,2024-09-20 10:00:00,53.56127875299597
6324,2024-09-20 11:00:00,47.43825423970391
6325,2024-09-20 12:00:00,38.8585256324494
6326,2024-09-20 13:00:00,39.16682318485131
6327,2024-09-20 14:00:00,25.116534720982987
6328,2024-09-20 15:00:00,19.02600460427597
6329,2024-09-20 16:00:00,21.271896291684925
6330,2024-09-20 17:00:00,14.232399237931492
6331,2024-09-20 18:00:00,21.486366431362338
6332,2024-09-20 19:00:00,15.213129822602045
6333,2024-09-20 20:00:00,26.311863467630662
6334,2024-09-20 21:00:00,26.12965777324903
6335,2024-09-20 22:00:00,33.597731982368465
6336,2024-09-20 23:00:00,39.58010605754845
6337,2024-09-21 00:00:00,35.10269747421959
6338,2024-09-21 01:00:00,55.20982685764285
6339,2024-09-21 02:00:00,56.507510914364964
6340,2024-09-21 03:00:00,58.10954373691145
6341,2024-09-21 04:00:00,60.79277191924829
6342,2024-09-21 05:00:00,58.78611052138414
6343,2024-09-21 06:00:00,63.16921674037046
6344,2024-09-21 07:00:00,53.599251715998946
6345,2024-09-21 08:00:00,57.12241184254617
6346,2024-09-21 09:00:00,57.11996483991992
6347,2024-09-21 10:00:00,54.688020687746636
6348,2024-09-21 11:00:00,45.083566008692145
6349,2024-09-21 12:00:00,43.81188819206322
6350,2024-09-21 13:00:00,39.31882872965522
6351,2024-09-21 14:00:00,30.390431962533036
6352,2024-09-21 15:00:00,19.10984911375673
6353,2024-09-21 16:00:00,27.85663041291714
6354,2024-09-21 17:00:00,16.152307745109578
6355,2024-09-21 18:00:00,24.80530778333197
6356,2024-09-21 19:00:00,21.343015382778507
6357,2024-09-21 20:00:00,29.62261919219175
6358,2024-09-21 21:00:00,25.981527765481143
6359,2024-09-21 22:00:00,31.74824998585763
6360,2024-09-21 23:00:00,34.37586177505203
6361,2024-09-22 00:00:00,44.42503245848862
6362,2024-09-22 01:00:00,42.57350464780871
6363,2024-09-22 02:00:00,46.646379413412596
6364,2024-09-22 03:00:00,58.37634457543154
6365,2024-09-22 04:00:00,58.20166879884394
6366,2024-09-22 05:00:00,52.24438858727555
6367,2024-09-22 06:00:00,49.77119592017544
6368,2024-09-22 07:00:00,61.41214085490744
6369,2024-09-22 08:00:00,55.74877009562546
6370,2024-09-22 09:00:00,49.817107744255324
6371,2024-09-22 10:00:00,45.52916327658579
6372,2024-09-22 11:00:00,43.508954905578946
6373,2024-09-22 12:00:00,46.07585863895368
6374,2024-09-22 13:00:00,25.59362199929707
6375,2024-09-22 14:00:00,37.99404329132997
6376,2024-09-22 15:00:00,30.489013951441972
6377,2024-09-22 16:00:00,22.520825465678648
6378,2024-09-22 17:00:00,15.688019310940138
6379,2024-09-22 18:00:00,25.85989359415683
6380,2024-09-22 19:00:00,19.96629125017512
6381,2024-09-22 20:00:00,27.110430916334153
6382,2024-09-22 21:00:00,28.90327471436907
6383,2024-09-22 22:00:00,29.603114408679936
6384,2024-09-22 23:00:00,32.86801052397047
6385,2024-09-23 00:00:00,35.10864215296331
6386,2024-09-23 01:00:00,44.41361222752891
6387,2024-09-23 02:00:00,54.21889204218457
6388,2024-09-23 03:00:00,52.44325211630428
6389,2024-09-23 04:00:00,56.17638707804109
6390,2024-09-23 05:00:00,61.76879126236266
6391,2024-09-23 06:00:00,60.49201921429964
6392,2024-09-23 07:00:00,54.94239270851417
6393,2024-09-23 08:00:00,49.412293791995864
6394,2024-09-23 09:00:00,60.28404933757264
6395,2024-09-23 10:00:00,44.20136420796425
6396,2024-09-23 11:00:00,44.161072855404925
6397,2024-09-23 12:00:00,45.980040083294504
6398,2024-09-23 13:00:00,30.536764974678295
6399,2024-09-23 14:00:00,34.370492450416194
6400,2024-09-23 15:00:00,28.889315366821467
6401,2024-09-23 16:00:00,20.903011094709626
6402,2024-09-23 17:00:00,15.820590069027109
6403,2024-09-23 18:00:00,11.214699420078942
6404,2024-09-23 19:00:00,19.001507591227185
6405,2024-09-23 20:00:00,26.91789813841728
6406,2024-09-23 21:00:00,21.567790485543423
6407,2024-09-23 22:00:00,22.72638760363757
6408,2024-09-23 23:00:00,42.90967489464179
6409,2024-09-24 00:00:00,45.70731041669956
6410,2024-09-24 01:00:00,50.53241715747891
6411,2024-09-24 02:00:00,45.74293730037269
6412,2024-09-24 03:00:00,58.12380060143063
6413,2024-09-24 04:00:00,62.892801141367514
6414,2024-09-24 05:00:00,55.49571331534108
6415,2024-09-24 06:00:00,48.59259540812554
6416,2024-09-24 07:00:00,58.795163466469944
6417,2024-09-24 08:00:00,53.5688153013235
6418,2024-09-24 09:00:00,48.87685242282518
6419,2024-09-24 10:00:00,61.57112092673606
6420,2024-09-24 11:00:00,50.55765471338785
6421,2024-09-24 12:00:00,47.94343010047765
6422,2024-09-24 13:00:00,27.375572412100254
6423,2024-09-24 14:00:00,35.30907091202307
6424,2024-09-24 15:00:00,28.59218475821548
6425,2024-09-24 16:00:00,31.24325945611411
6426,2024-09-24 17:00:00,22.823776192010836
6427,2024-09-24 18:00:00,21.193959786692872
6428,2024-09-24 19:00:00,23.935160325217154
6429,2024-09-24 20:00:00,17.05542198479186
6430,2024-09-24 21:00:00,27.65055816476888
6431,2024-09-24 22:00:00,26.72624711522233
6432,2024-09-24 23:00:00,34.87133028507426
6433,2024-09-25 00:00:00,32.40430679376382
6434,2024-09-25 01:00:00,48.67131298765287
6435,2024-09-25 02:00:00,42.27276866433083
6436,2024-09-25 03:00:00,54.82081291014101
6437,2024-09-25 04:00:00,64.51385289469093
6438,2024-09-25 05:00:00,69.13163362973894
6439,2024-09-25 06:00:00,65.78277765357392
6440,2024-09-25 07:00:00,63.02009075564578
6441,2024-09-25 08:00:00,59.507061323651094
6442,2024-09-25 09:00:00,46.719371844206925
6443,2024-09-25 10:00:00,50.25695492675601
6444,2024-09-25 11:00:00,52.22750336436341
6445,2024-09-25 12:00:00,42.89186058875623
6446,2024-09-25 13:00:00,36.151764945351886
6447,2024-09-25 14:00:00,32.11875520460221
6448,2024-09-25 15:00:00,25.872593423772372
6449,2024-09-25 16:00:00,23.400768659783594
6450,2024-09-25 17:00:00,21.773870939340313
6451,2024-09-25 18:00:00,17.022222003888572
6452,2024-09-25 19:00:00,11.029328118881097
6453,2024-09-25 20:00:00,11.618127913463642
6454,2024-09-25 21:00:00,25.689138030783646
6455,2024-09-25 22:00:00,28.354808349834784
6456,2024-09-25 23:00:00,33.10711250134174
6457,2024-09-26 00:00:00,32.886924437133864
6458,2024-09-26 01:00:00,50.63594688013273
6459,2024-09-26 02:00:00,42.548820459390974
6460,2024-09-26 03:00:00,59.62846603922181
6461,2024-09-26 04:00:00,52.05196500303176
6462,2024-09-26 05:00:00,68.31622582770655
6463,2024-09-26 06:00:00,60.38348665119942
6464,2024-09-26 07:00:00,59.75093593890224
6465,2024-09-26 08:00:00,55.10725740516499
6466,2024-09-26 09:00:00,40.35414278338204
6467,2024-09-26 10:00:00,44.61483632945448
6468,2024-09-26 11:00:00,44.45499163414957
6469,2024-09-26 12:00:00,40.19670488093619
6470,2024-09-26 13:00:00,30.011647995034245
6471,2024-09-26 14:00:00,32.06509992973931
6472,2024-09-26 15:00:00,20.520596107451034
6473,2024-09-26 16:00:00,22.911914227236913
6474,2024-09-26 17:00:00,19.008213962286984
6475,2024-09-26 18:00:00,24.27849025713814
6476,2024-09-26 19:00:00,19.024573059472257
6477,2024-09-26 20:00:00,19.915305756072765
6478,2024-09-26 21:00:00,33.746080043765275
6479,2024-09-26 22:00:00,32.570897139353164
6480,2024-09-26 23:00:00,29.42206615269462
6481,2024-09-27 00:00:00,44.88088768632592
6482,2024-09-27 01:00:00,45.745147183171795
6483,2024-09-27 02:00:00,59.523565129654145
6484,2024-09-27 03:00:00,58.835159372576484
6485,2024-09-27 04:00:00,51.0685446627883
6486,2024-09-27 05:00:00,58.98607073660315
6487,2024-09-27 06:00:00,61.28359291713609
6488,2024-09-27 07:00:00,66.4470770248034
6489,2024-09-27 08:00:00,54.36867577723818
6490,2024-09-27 09:00:00,51.16348012740935
6491,2024-09-27 10:00:00,58.9342542937457
6492,2024-09-27 11:00:00,44.66812261111481
6493,2024-09-27 12:00:00,41.598187421795316
6494,2024-09-27 13:00:00,32.84130672998134
6495,2024-09-27 14:00:00,32.95811373298506
6496,2024-09-27 15:00:00,31.848275567686567
6497,2024-09-27 16:00:00,28.0390311949184
6498,2024-09-27 17:00:00,18.11013442952865
6499,2024-09-27 18:00:00,26.500246964790122
6500,2024-09-27 19:00:00,23.075692698965195
6501,2024-09-27 20:00:00,15.269479016921117
6502,2024-09-27 21:00:00,30.659835849633893
6503,2024-09-27 22:00:00,25.424099306263354
6504,2024-09-27 23:00:00,32.6626015327206
6505,2024-09-28 00:00:00,34.94054633291781
6506,2024-09-28 01:00:00,47.95300790157966
6507,2024-09-28 02:00:00,53.52681521976081
6508,2024-09-28 03:00:00,54.93032109488921
6509,2024-09-28 04:00:00,65.33773276486767
6510,2024-09-28 05:00:00,50.77254773668944
6511,2024-09-28 06:00:00,61.07355167066233
6512,2024-09-28 07:00:00,67.04967487032778
6513,2024-09-28 08:00:00,66.49431138602321
6514,2024-09-28 09:00:00,59.00677401670436
6515,2024-09-28 10:00:00,54.980212504933164
6516,2024-09-28 11:00:00,43.12203985300622
6517,2024-09-28 12:00:00,30.55423799539078
6518,2024-09-28 13:00:00,41.064935978053455
6519,2024-09-28 14:00:00,29.383611456801397
6520,2024-09-28 15:00:00,31.629722021038972
6521,2024-09-28 16:00:00,29.067143573974732
6522,2024-09-28 17:00:00,17.646345824598107
6523,2024-09-28 18:00:00,20.26030372204241
6524,2024-09-28 19:00:00,21.537027842361752
6525,2024-09-28 20:00:00,21.31405790543363
6526,2024-09-28 21:00:00,31.333274392156255
6527,2024-09-28 22:00:00,34.16847074814252
6528,2024-09-28 23:00:00,35.36821996646328
6529,2024-09-29 00:00:00,42.573575898228384
6530,2024-09-29 01:00:00,45.65256827871319
6531,2024-09-29 02:00:00,56.04604333589785
6532,2024-09-29 03:00:00,54.859635046090325
6533,2024-09-29 04:00:00,63.91006789578335
6534,2024-09-29 05:00:00,59.85076704482556
6535,2024-09-29 06:00:00,50.66650634902052
6536,2024-09-29 07:00:00,58.23913977052505
6537,2024-09-29 08:00:00,63.100932691466326
6538,2024-09-29 09:00:00,61.17972126045709
6539,2024-09-29 10:00:00,52.718917070706986
6540,2024-09-29 11:00:00,49.482706537257
6541,2024-09-29 12:00:00,37.44864169195771
6542,2024-09-29 13:00:00,40.53595028426203
6543,2024-09-29 14:00:00,36.96468831487521
6544,2024-09-29 15:00:00,21.389042674868932
6545,2024-09-29 16:00:00,20.917851058804207
6546,2024-09-29 17:00:00,26.011998141408103
6547,2024-09-29 18:00:00,14.550780712353092
6548,2024-09-29 19:00:00,25.675593029351745
6549,2024-09-29 20:00:00,24.3774989786597
6550,2024-09-29 21:00:00,25.13146280233895
6551,2024-09-29 22:00:00,26.4881312969577
6552,2024-09-29 23:00:00,39.766111027173714
6553,2024-09-30 00:00:00,33.133915637876434
6554,2024-09-30 01:00:00,43.500330046438286
6555,2024-09-30 02:00:00,46.116353626854746
6556,2024-09-30 03:00:00,48.96326001572335
6557,2024-09-30 04:00:00,51.95879969624952
6558,2024-09-30 05:00:00,59.14739693452307
6559,2024-09-30 06:00:00,58.89885749023087
6560,2024-09-30 07:00:00,56.941531492302836
6561,2024-09-30 08:00:00,56.28494733946941
6562,2024-09-30 09:00:00,56.815614032946975
6563,2024-09-30 10:00:00,48.27416295930265
6564,2024-09-30 11:00:00,37.181593830041976
6565,2024-09-30 12:00:00,40.367485776040155
6566,2024-09-30 13:00:00,43.00755842476437
6567,2024-09-30 14:00:00,25.96773652881236
6568,2024-09-30 15:00:00,25.733662198942437
6569,2024-09-30 16:00:00,24.584637554472042
6570,2024-09-30 17:00:00,19.59258972268109
6571,2024-09-30 18:00:00,27.38394416219454
6572,2024-09-30 19:00:00,22.224923305370357
6573,2024-09-30 20:00:00,21.769270701426823
6574,2024-09-30 21:00:00,23.872940005838018
6575,2024-09-30 22:00:00,33.427827501085964
6576,2024-09-30 23:00:00,38.515295557941684
6577,2024-10-01 00:00:00,42.98502081022845
6578,2024-10-01 01:00:00,49.09175117475772
6579,2024-10-01 02:00:00,47.72675253503717
6580,2024-10-01 03:00:00,46.98702315339295
6581,2024-10-01 04:00:00,49.716871588806875
6582,2024-10-01 05:00:00,67.73526584349325
6583,2024-10-01 06:00:00,69.29987879497756
6584,2024-10-01 07:00:00,63.30132631080031
6585,2024-10-01 08:00:00,54.89741428231781
6586,2024-10-01 09:00:00,51.90759744171197
6587,2024-10-01 10:00:00,50.2182122613409
6588,2024-10-01 11:00:00,51.661232942991944
6589,2024-10-01 12:00:00,39.639200052406615
6590,2024-10-01 13:00:00,34.84108556953091
6591,2024-10-01 14:00:00,35.86961586431484
6592,2024-10-01 15:00:00,22.974324909954774
6593,2024-10-01 16:00:00,20.152695942310004
6594,2024-10-01 17:00:00,15.78158258992434
6595,2024-10-01 18:00:00,20.15231158443687
6596,2024-10-01 19:00:00,16.88689056515905
6597,2024-10-01 20:00:00,23.36979780355641
6598,2024-10-01 21:00:00,33.080565511998614
6599,2024-10-01 22:00:00,30.89427588438022
6600,2024-10-01 23:00:00,41.670623969933395
6601,2024-10-02 00:00:00,45.80982871690169
6602,2024-10-02 01:00:00,39.494086304356095
6603,2024-10-02 02:00:00,53.20526600006587
6604,2024-10-02 03:00:00,60.335348230055075
6605,2024-10-02 04:00:00,62.32562665653266
6606,2024-10-02 05:00:00,53.453554512922615
6607,2024-10-02 06:00:00,60.45647363630956
6608,2024-10-02 07:00:00,55.65132321996667
6609,2024-10-02 08:00:00,53.06118150959108
6610,2024-10-02 09:00:00,70.89264445913892
6611,2024-10-02 10:00:00,55.85317429384056
6612,2024-10-02 11:00:00,46.09558344521621
6613,2024-10-02 12:00:00,37.579814491989026
6614,2024-10-02 13:00:00,36.63148792141111
6615,2024-10-02 14:00:00,33.92892796078103
6616,2024-10-02 15:00:00,32.85850355312814
6617,2024-10-02 16:00:00,24.005293011724376
6618,2024-10-02 17:00:00,15.477407561737481
6619,2024-10-02 18:00:00,21.973955414155487
6620,2024-10-02 19:00:00,15.66013293749883
6621,2024-10-02 20:00:00,22.34246326120151
6622,2024-10-02 21:00:00,24.79929551747111
6623,2024-10-02 22:00:00,22.78640719500536
6624,2024-10-02 23:00:00,26.21495401411031
6625,2024-10-03 00:00:00,45.14999381535392
6626,2024-10-03 01:00:00,51.008143177216276
6627,2024-10-03 02:00:00,57.839451772780976
6628,2024-10-03 03:00:00,53.57546914764407
6629,2024-10-03 04:00:00,60.30018494675957
6630,2024-10-03 05:00:00,69.75962234020591
6631,2024-10-03 06:00:00,52.89321585081974
6632,2024-10-03 07:00:00,62.10105881315935
6633,2024-10-03 08:00:00,59.008298598701266
6634,2024-10-03 09:00:00,54.26899020522926
6635,2024-10-03 10:00:00,60.421072922064454
6636,2024-10-03 11:00:00,43.82211481589628
6637,2024-10-03 12:00:00,34.93995202434736
6638,2024-10-03 13:00:00,41.24867335884124
6639,2024-10-03 14:00:00,30.17686136775876
6640,2024-10-03 15:00:00,33.56205896126354
6641,2024-10-03 16:00:00,31.153544594709267
6642,2024-10-03 17:00:00,13.564415569397543
6643,2024-10-03 18:00:00,24.797622438982604
6644,2024-10-03 19:00:00,28.034680927050964
6645,2024-10-03 20:00:00,24.276574182841387
6646,2024-10-03 21:00:00,22.058875748647
6647,2024-10-03 22:00:00,37.851508730231494
6648,2024-10-03 23:00:00,25.24888114052893
6649,2024-10-04 00:00:00,31.149359448912946
6650,2024-10-04 01:00:00,40.460117791732856
6651,2024-10-04 02:00:00,49.72218740832867
6652,2024-10-04 03:00:00,54.408092443228206
6653,2024-10-04 04:00:00,48.46470276470811
6654,2024-10-04 05:00:00,57.80480547564109
6655,2024-10-04 06:00:00,58.104682777991876
6656,2024-10-04 07:00:00,58.641510959551276
6657,2024-10-04 08:00:00,48.571219541493974
6658,2024-10-04 09:00:00,48.914263429043345
6659,2024-10-04 10:00:00,47.84740413616844
6660,2024-10-04 11:00:00,36.75189503616717
6661,2024-10-04 12:00:00,40.226579689749556
6662,2024-10-04 13:00:00,44.962834973512585
6663,2024-10-04 14:00:00,31.114217086733923
6664,2024-10-04 15:00:00,31.442955239678113
6665,2024-10-04 16:00:00,16.82332472934064
6666,2024-10-04 17:00:00,27.54050523698654
6667,2024-10-04 18:00:00,7.8420482692581075
6668,2024-10-04 19:00:00,16.094080264720006
6669,2024-10-04 20:00:00,21.580273763850776
6670,2024-10-04 21:00:00,29.21637836526659
6671,2024-10-04 22:00:00,36.188957649430904
6672,2024-10-04 23:00:00,36.7625048495842
6673,2024-10-05 00:00:00,37.11208396404203
6674,2024-10-05 01:00:00,34.23060355192019
6675,2024-10-05 02:00:00,45.69033608703741
6676,2024-10-05 03:00:00,56.247980335142564
6677,2024-10-05 04:00:00,59.462773802486154
6678,2024-10-05 05:00:00,59.28514684626961
6679,2024-10-05 06:00:00,58.638978019479644
6680,2024-10-05 07:00:00,57.65317326856241
6681,2024-10-05 08:00:00,57.0961047179841
6682,2024-10-05 09:00:00,49.98154130606503
6683,2024-10-05 10:00:00,44.93574082295809
6684,2024-10-05 11:00:00,50.55744469840593
6685,2024-10-05 12:00:00,38.45212327833459
6686,2024-10-05 13:00:00,35.00879669646214
6687,2024-10-05 14:00:00,33.8265784817929
6688,2024-10-05 15:00:00,27.015303674759945
6689,2024-10-05 16:00:00,22.066989102272753
6690,2024-10-05 17:00:00,16.774314047467644
6691,2024-10-05 18:00:00,30.222308272157473
6692,2024-10-05 19:00:00,15.961475654368858
6693,2024-10-05 20:00:00,23.395911123144444
6694,2024-10-05 21:00:00,22.47266978931725
6695,2024-10-05 22:00:00,35.09201634691142
6696,2024-10-05 23:00:00,46.76182160940019
6697,2024-10-06 00:00:00,40.8348243880576
6698,2024-10-06 01:00:00,43.00087981969961
6699,2024-10-06 02:00:00,52.98013801167809
6700,2024-10-06 03:00:00,47.094000703573386
6701,2024-10-06 04:00:00,58.219266853401706
6702,2024-10-06 05:00:00,60.49246799196219
6703,2024-10-06 06:00:00,65.25226035484525
6704,2024-10-06 07:00:00,59.33860305748657
6705,2024-10-06 08:00:00,62.7852751477862
6706,2024-10-06 09:00:00,66.13552636269311
6707,2024-10-06 10:00:00,44.66257535486867
6708,2024-10-06 11:00:00,64.48750958457627
6709,2024-10-06 12:00:00,38.81169264354692
6710,2024-10-06 13:00:00,28.05165727154307
6711,2024-10-06 14:00:00,28.94844800304519
6712,2024-10-06 15:00:00,36.46341744053872
6713,2024-10-06 16:00:00,21.426264192668015
6714,2024-10-06 17:00:00,28.118458775952597
6715,2024-10-06 18:00:00,18.898491397062514
6716,2024-10-06 19:00:00,16.701367690216355
6717,2024-10-06 20:00:00,26.054776622487008
6718,2024-10-06 21:00:00,23.44478281934243
6719,2024-10-06 22:00:00,26.146293784323962
6720,2024-10-06 23:00:00,38.271442006751414
6721,2024-10-07 00:00:00,40.94932294856079
6722,2024-10-07 01:00:00,38.54235689134654
6723,2024-10-07 02:00:00,49.1303691574034
6724,2024-10-07 03:00:00,50.783312657653255
6725,2024-10-07 04:00:00,54.694245315630205
6726,2024-10-07 05:00:00,58.23595481977927
6727,2024-10-07 06:00:00,63.35647162782241
6728,2024-10-07 07:00:00,60.37800132711075
6729,2024-10-07 08:00:00,58.835183889270596
6730,2024-10-07 09:00:00,59.280255184459236
6731,2024-10-07 10:00:00,55.366323492748805
6732,2024-10-07 11:00:00,42.19098645476145
6733,2024-10-07 12:00:00,43.74503885046924
6734,2024-10-07 13:00:00,32.889826659733394
6735,2024-10-07 14:00:00,29.80368679765793
6736,2024-10-07 15:00:00,27.339965377959533
6737,2024-10-07 16:00:00,26.26560431913411
6738,2024-10-07 17:00:00,5.770543773435872
6739,2024-10-07 18:00:00,22.285700191168637
6740,2024-10-07 19:00:00,24.671200618124512
6741,2024-10-07 20:00:00,30.79664503853573
6742,2024-10-07 21:00:00,12.803024232849202
6743,2024-10-07 22:00:00,45.56538959600708
6744,2024-10-07 23:00:00,32.25178847041678
6745,2024-10-08 00:00:00,40.92286564876879
6746,2024-10-08 01:00:00,48.27849090222919
6747,2024-10-08 02:00:00,53.59619263517895
6748,2024-10-08 03:00:00,59.292244839955245
6749,2024-10-08 04:00:00,46.738857445886005
6750,2024-10-08 05:00:00,62.24065922477869
6751,2024-10-08 06:00:00,62.97618692221083
6752,2024-10-08 07:00:00,58.88207404149362
6753,2024-10-08 08:00:00,50.89718369814424
6754,2024-10-08 09:00:00,67.53553907199903
6755,2024-10-08 10:00:00,52.43500258048086
6756,2024-10-08 11:00:00,40.66779979423126
6757,2024-10-08 12:00:00,39.95488418624215
6758,2024-10-08 13:00:00,29.556554439668144
6759,2024-10-08 14:00:00,27.008811143157885
6760,2024-10-08 15:00:00,19.405252813527483
6761,2024-10-08 16:00:00,20.408556883888156
6762,2024-10-08 17:00:00,19.280605565621197
6763,2024-10-08 18:00:00,23.333819455956224
6764,2024-10-08 19:00:00,20.11627424869775
6765,2024-10-08 20:00:00,21.604936365390067
6766,2024-10-08 21:00:00,24.138069492199318
6767,2024-10-08 22:00:00,38.63076681920219
6768,2024-10-08 23:00:00,37.27505995837636
6769,2024-10-09 00:00:00,49.64727362775483
6770,2024-10-09 01:00:00,44.17589969215251
6771,2024-10-09 02:00:00,47.70858427524915
6772,2024-10-09 03:00:00,51.62844649136471
6773,2024-10-09 04:00:00,56.424906475079446
6774,2024-10-09 05:00:00,62.38961864280712
6775,2024-10-09 06:00:00,65.20213709353035
6776,2024-10-09 07:00:00,62.27062033894756
6777,2024-10-09 08:00:00,45.94431603498782
6778,2024-10-09 09:00:00,49.598722249597756
6779,2024-10-09 10:00:00,48.92733528143159
6780,2024-10-09 11:00:00,39.38969399815658
6781,2024-10-09 12:00:00,45.931448753205544
6782,2024-10-09 13:00:00,31.797645699796245
6783,2024-10-09 14:00:00,25.62128661812548
6784,2024-10-09 15:00:00,33.09393044666786
6785,2024-10-09 16:00:00,30.80636582594309
6786,2024-10-09 17:00:00,23.448363118793647
6787,2024-10-09 18:00:00,20.545901867941645
6788,2024-10-09 19:00:00,22.314378758568267
6789,2024-10-09 20:00:00,24.197624530405932
6790,2024-10-09 21:00:00,22.618422144338666
6791,2024-10-09 22:00:00,32.96758384931943
6792,2024-10-09 23:00:00,39.59266181601168
6793,2024-10-10 00:00:00,36.048295664436615
6794,2024-10-10 01:00:00,46.16564488580526
6795,2024-10-10 02:00:00,48.1627062108047
6796,2024-10-10 03:00:00,54.017950096267946
6797,2024-10-10 04:00:00,69.36537561468668
6798,2024-10-10 05:00:00,61.08922475534415
6799,2024-10-10 06:00:00,61.42782227847873
6800,2024-10-10 07:00:00,59.601713861440935
6801,2024-10-10 08:00:00,53.81963441691357
6802,2024-10-10 09:00:00,50.14833020164736
6803,2024-10-10 10:00:00,53.7386423674256
6804,2024-10-10 11:00:00,50.00348357314593
6805,2024-10-10 12:00:00,43.06164145990684
6806,2024-10-10 13:00:00,36.31232082153383
6807,2024-10-10 14:00:00,37.00626870529382
6808,2024-10-10 15:00:00,26.528447242380643
6809,2024-10-10 16:00:00,28.99890382802767
6810,2024-10-10 17:00:00,17.671126985642193
6811,2024-10-10 18:00:00,12.069586658564857
6812,2024-10-10 19:00:00,16.249840191949474
6813,2024-10-10 20:00:00,23.794501656234505
6814,2024-10-10 21:00:00,26.545947753440895
6815,2024-10-10 22:00:00,28.012324865022
6816,2024-10-10 23:00:00,31.472135516817687
6817,2024-10-11 00:00:00,47.264655613067035
6818,2024-10-11 01:00:00,44.64963988578909
6819,2024-10-11 02:00:00,55.54618579833581
6820,2024-10-11 03:00:00,57.002612560625394
6821,2024-10-11 04:00:00,62.568400085063686
6822,2024-10-11 05:00:00,64.26909038673348
6823,2024-10-11 06:00:00,58.52383483843877
6824,2024-10-11 07:00:00,67.13886474566382
6825,2024-10-11 08:00:00,55.506750764070446
6826,2024-10-11 09:00:00,51.08437315451241
6827,2024-10-11 10:00:00,57.349909762900126
6828,2024-10-11 11:00:00,55.56909475596248
6829,2024-10-11 12:00:00,31.96421448751004
6830,2024-10-11 13:00:00,36.33046684028179
6831,2024-10-11 14:00:00,36.761230571198624
6832,2024-10-11 15:00:00,28.48313480389352
6833,2024-10-11 16:00:00,23.511114342537834
6834,2024-10-11 17:00:00,18.480142950850563
6835,2024-10-11 18:00:00,14.939481028917978
6836,2024-10-11 19:00:00,22.158358845967218
6837,2024-10-11 20:00:00,27.590175455974652
6838,2024-10-11 21:00:00,23.980697344063707
6839,2024-10-11 22:00:00,28.997515174313946
6840,2024-10-11 23:00:00,34.53393650053139
6841,2024-10-12 00:00:00,40.26437137689823
6842,2024-10-12 01:00:00,49.62840642154875
6843,2024-10-12 02:00:00,59.973325884439916
6844,2024-10-12 03:00:00,47.105053009899734
6845,2024-10-12 04:00:00,56.078116825801224
6846,2024-10-12 05:00:00,57.215861767939494
6847,2024-10-12 06:00:00,58.39194565528212
6848,2024-10-12 07:00:00,55.54433114234386
6849,2024-10-12 08:00:00,51.38386098313027
6850,2024-10-12 09:00:00,57.65552889965045
6851,2024-10-12 10:00:00,50.37292092621957
6852,2024-10-12 11:00:00,55.91748355521842
6853,2024-10-12 12:00:00,40.43189543560927
6854,2024-10-12 13:00:00,32.604086082066516
6855,2024-10-12 14:00:00,29.671036305093345
6856,2024-10-12 15:00:00,22.9121385714911
6857,2024-10-12 16:00:00,17.633390724339723
6858,2024-10-12 17:00:00,20.228614825366527
6859,2024-10-12 18:00:00,20.718572300603594
6860,2024-10-12 19:00:00,22.935627918640872
6861,2024-10-12 20:00:00,21.734714891576914
6862,2024-10-12 21:00:00,29.221062464454626
6863,2024-10-12 22:00:00,26.91996965536956
6864,2024-10-12 23:00:00,26.99626889653382
6865,2024-10-13 00:00:00,40.8247864435877
6866,2024-10-13 01:00:00,49.40464123819051
6867,2024-10-13 02:00:00,39.25480270201587
6868,2024-10-13 03:00:00,53.42544426178882
6869,2024-10-13 04:00:00,60.52391082120864
6870,2024-10-13 05:00:00,68.25539529488611
6871,2024-10-13 06:00:00,65.17608699642435
6872,2024-10-13 07:00:00,60.670386523636594
6873,2024-10-13 08:00:00,55.70174138354009
6874,2024-10-13 09:00:00,55.30241744634176
6875,2024-10-13 10:00:00,52.96779055468621
6876,2024-10-13 11:00:00,51.05727413737794
6877,2024-10-13 12:00:00,40.8294248942225
6878,2024-10-13 13:00:00,33.17405385327672
6879,2024-10-13 14:00:00,30.777449060377922
6880,2024-10-13 15:00:00,31.327179994486258
6881,2024-10-13 16:00:00,18.25287479725564
6882,2024-10-13 17:00:00,25.48001948494668
6883,2024-10-13 18:00:00,18.48752377254504
6884,2024-10-13 19:00:00,18.53303869983112
6885,2024-10-13 20:00:00,13.490064469342565
6886,2024-10-13 21:00:00,28.499440778229715
6887,2024-10-13 22:00:00,32.36958002438048
6888,2024-10-13 23:00:00,33.566548829896384
6889,2024-10-14 00:00:00,50.765499699777074
6890,2024-10-14 01:00:00,62.63248284105971
6891,2024-10-14 02:00:00,47.54402951032785
6892,2024-10-14 03:00:00,63.719166265683235
6893,2024-10-14 04:00:00,65.92888957160545
6894,2024-10-14 05:00:00,56.01745182293009
6895,2024-10-14 06:00:00,56.2524297826667
6896,2024-10-14 07:00:00,54.04127174916232
6897,2024-10-14 08:00:00,60.73077431426172
6898,2024-10-14 09:00:00,51.85895068353795
6899,2024-10-14 10:00:00,49.262833397320804
6900,2024-10-14 11:00:00,51.509770887431394
6901,2024-10-14 12:00:00,41.95664245501344
6902,2024-10-14 13:00:00,39.543814708506005
6903,2024-10-14 14:00:00,26.40970473440204
6904,2024-10-14 15:00:00,30.847008452207668
6905,2024-10-14 16:00:00,21.374128678234975
6906,2024-10-14 17:00:00,26.89174952729022
6907,2024-10-14 18:00:00,18.11325726507827
6908,2024-10-14 19:00:00,22.116920480204758
6909,2024-10-14 20:00:00,21.657874420605577
6910,2024-10-14 21:00:00,25.036263585918864
6911,2024-10-14 22:00:00,28.164495830354923
6912,2024-10-14 23:00:00,32.74073479743319
6913,2024-10-15 00:00:00,38.90145501195391
6914,2024-10-15 01:00:00,46.90156094284878
6915,2024-10-15 02:00:00,49.75452037205294
6916,2024-10-15 03:00:00,61.07074688179513
6917,2024-10-15 04:00:00,68.87474038040583
6918,2024-10-15 05:00:00,56.776830005527025
6919,2024-10-15 06:00:00,55.88359726948048
6920,2024-10-15 07:00:00,54.39960227659011
6921,2024-10-15 08:00:00,57.3684892419963
6922,2024-10-15 09:00:00,51.97656320989137
6923,2024-10-15 10:00:00,61.401568845630656
6924,2024-10-15 11:00:00,46.01647033874209
6925,2024-10-15 12:00:00,39.67004884929825
6926,2024-10-15 13:00:00,38.68886470718831
6927,2024-10-15 14:00:00,35.39582139062961
6928,2024-10-15 15:00:00,30.002072158579303
6929,2024-10-15 16:00:00,13.174861098593867
6930,2024-10-15 17:00:00,16.497727911705603
6931,2024-10-15 18:00:00,22.12610039870783
6932,2024-10-15 19:00:00,23.35206667095482
6933,2024-10-15 20:00:00,21.421194685302755
6934,2024-10-15 21:00:00,32.74176214351482
6935,2024-10-15 22:00:00,34.085154656350554
6936,2024-10-15 23:00:00,39.87917429817113
6937,2024-10-16 00:00:00,45.46725283567052
6938,2024-10-16 01:00:00,48.27538957196867
6939,2024-10-16 02:00:00,49.79074382254879
6940,2024-10-16 03:00:00,60.02122068508716
6941,2024-10-16 04:00:00,58.19357285246482
6942,2024-10-16 05:00:00,62.72978874196727
6943,2024-10-16 06:00:00,58.89740555217166
6944,2024-10-16 07:00:00,69.06354566272223
6945,2024-10-16 08:00:00,47.60213183879325
6946,2024-10-16 09:00:00,56.2280876464008
6947,2024-10-16 10:00:00,50.028435668205184
6948,2024-10-16 11:00:00,45.963843459049734
6949,2024-10-16 12:00:00,40.42018695787684
6950,2024-10-16 13:00:00,33.64654290238328
6951,2024-10-16 14:00:00,24.739553050035152
6952,2024-10-16 15:00:00,29.5987060906325
6953,2024-10-16 16:00:00,21.207232317858757
6954,2024-10-16 17:00:00,18.34800760490123
6955,2024-10-16 18:00:00,18.95815531648185
6956,2024-10-16 19:00:00,13.60842882089832
6957,2024-10-16 20:00:00,30.588127746690304
6958,2024-10-16 21:00:00,31.72023236521748
6959,2024-10-16 22:00:00,35.11534677695482
6960,2024-10-16 23:00:00,40.3397931230059
6961,2024-10-17 00:00:00,35.01639586287171
6962,2024-10-17 01:00:00,47.59986470981402
6963,2024-10-17 02:00:00,45.51152652790742
6964,2024-10-17 03:00:00,57.716984934802035
6965,2024-10-17 04:00:00,49.67923796310816
6966,2024-10-17 05:00:00,48.10746985192044
6967,2024-10-17 06:00:00,64.07421975094822
6968,2024-10-17 07:00:00,54.919812650518644
6969,2024-10-17 08:00:00,61.46004975054501
6970,2024-10-17 09:00:00,55.15942578677798
6971,2024-10-17 10:00:00,51.99419950525366
6972,2024-10-17 11:00:00,49.00297770056379
6973,2024-10-17 12:00:00,43.092937808128035
6974,2024-10-17 13:00:00,41.46739144360746
6975,2024-10-17 14:00:00,27.371339208252017
6976,2024-10-17 15:00:00,33.82087072170731
6977,2024-10-17 16:00:00,17.334587543879678
6978,2024-10-17 17:00:00,22.397652564449828
6979,2024-10-17 18:00:00,25.889711673090602
6980,2024-10-17 19:00:00,24.897755542807044
6981,2024-10-17 20:00:00,24.806672017147715
6982,2024-10-17 21:00:00,25.137982302509865
6983,2024-10-17 22:00:00,24.26345602730099
6984,2024-10-17 23:00:00,32.132720860343234
6985,2024-10-18 00:00:00,50.36874018937429
6986,2024-10-18 01:00:00,46.225857005600844
6987,2024-10-18 02:00:00,61.08461149576611
6988,2024-10-18 03:00:00,58.96051506067863
6989,2024-10-18 04:00:00,58.82123688934794
6990,2024-10-18 05:00:00,53.72163786912378
6991,2024-10-18 06:00:00,59.02915578490439
6992,2024-10-18 07:00:00,51.19112371833174
6993,2024-10-18 08:00:00,63.986333782051915
6994,2024-10-18 09:00:00,47.014771421576434
6995,2024-10-18 10:00:00,51.80437229736619
6996,2024-10-18 11:00:00,46.42269040340062
6997,2024-10-18 12:00:00,40.39552272061434
6998,2024-10-18 13:00:00,46.03611742632877
6999,2024-10-18 14:00:00,31.917894999127704
7000,2024-10-18 15:00:00,23.494351055263923
7001,2024-10-18 16:00:00,24.237507352515284
7002,2024-10-18 17:00:00,23.920023144316794
7003,2024-10-18 18:00:00,15.542725599643088
7004,2024-10-18 19:00:00,23.570229896937036
7005,2024-10-18 20:00:00,20.82044037450712
7006,2024-10-18 21:00:00,20.677438066243674
7007,2024-10-18 22:00:00,35.14958215405163
7008,2024-10-18 23:00:00,43.36627234291471
7009,2024-10-19 00:00:00,42.05781177709392
7010,2024-10-19 01:00:00,45.30864272351678
7011,2024-10-19 02:00:00,47.116155648825554
7012,2024-10-19 03:00:00,53.54349266222011
7013,2024-10-19 04:00:00,60.34472604846871
7014,2024-10-19 05:00:00,60.29852404142527
7015,2024-10-19 06:00:00,63.44180548261369
7016,2024-10-19 07:00:00,54.213213728662524
7017,2024-10-19 08:00:00,55.2157978535702
7018,2024-10-19 09:00:00,55.97327359652578
7019,2024-10-19 10:00:00,50.87082918039229
7020,2024-10-19 11:00:00,39.20730166943582
7021,2024-10-19 12:00:00,41.26665373162379
7022,2024-10-19 13:00:00,33.16984299225279
7023,2024-10-19 14:00:00,32.78027494248514
7024,2024-10-19 15:00:00,24.27162876718246
7025,2024-10-19 16:00:00,17.621867005066587
7026,2024-10-19 17:00:00,15.681607113053797
7027,2024-10-19 18:00:00,17.943441684964164
7028,2024-10-19 19:00:00,18.066449161889555
7029,2024-10-19 20:00:00,18.793322071107703
7030,2024-10-19 21:00:00,25.338212586258482
7031,2024-10-19 22:00:00,31.3137281181454
7032,2024-10-19 23:00:00,30.356444035935944
7033,2024-10-20 00:00:00,38.66702928414943
7034,2024-10-20 01:00:00,37.59167683392876
7035,2024-10-20 02:00:00,47.418898211632225
7036,2024-10-20 03:00:00,60.907855441667984
7037,2024-10-20 04:00:00,52.86997653586594
7038,2024-10-20 05:00:00,59.976402827645934
7039,2024-10-20 06:00:00,52.70965643799319
7040,2024-10-20 07:00:00,55.30211992011819
7041,2024-10-20 08:00:00,64.3887673831224
7042,2024-10-20 09:00:00,51.77672969276912
7043,2024-10-20 10:00:00,45.71956018161541
7044,2024-10-20 11:00:00,48.407202588153844
7045,2024-10-20 12:00:00,32.13446863911296
7046,2024-10-20 13:00:00,36.31342353451194
7047,2024-10-20 14:00:00,28.7866037526312
7048,2024-10-20 15:00:00,17.031332590424746
7049,2024-10-20 16:00:00,28.813232563663732
7050,2024-10-20 17:00:00,19.78147538156044
7051,2024-10-20 18:00:00,9.371341465656393
7052,2024-10-20 19:00:00,20.534651564614965
7053,2024-10-20 20:00:00,13.902884884739935
7054,2024-10-20 21:00:00,31.78745926689096
7055,2024-10-20 22:00:00,32.856608487022136
7056,2024-10-20 23:00:00,36.423876105126624
7057,2024-10-21 00:00:00,39.67386537010241
7058,2024-10-21 01:00:00,53.93575602443748
7059,2024-10-21 02:00:00,53.70364110818483
7060,2024-10-21 03:00:00,55.87441655936932
7061,2024-10-21 04:00:00,53.167218329086076
7062,2024-10-21 05:00:00,59.839995159567856
7063,2024-10-21 06:00:00,67.25682199179087
7064,2024-10-21 07:00:00,50.92085633571028
7065,2024-10-21 08:00:00,63.01268209118872
7066,2024-10-21 09:00:00,52.080698880775714
7067,2024-10-21 10:00:00,50.799846759056734
7068,2024-10-21 11:00:00,43.83062588014648
7069,2024-10-21 12:00:00,39.242911906844675
7070,2024-10-21 13:00:00,36.57061439570404
7071,2024-10-21 14:00:00,33.35617079072981
7072,2024-10-21 15:00:00,21.109737494363817
7073,2024-10-21 16:00:00,18.456331908289748
7074,2024-10-21 17:00:00,17.17495255361999
7075,2024-10-21 18:00:00,17.449163495581438
7076,2024-10-21 19:00:00,14.205909599010159
7077,2024-10-21 20:00:00,18.93421934608019
7078,2024-10-21 21:00:00,24.295133560743864
7079,2024-10-21 22:00:00,26.253659177278006
7080,2024-10-21 23:00:00,39.78011142758039
7081,2024-10-22 00:00:00,43.74683023732104
7082,2024-10-22 01:00:00,45.380904928491695
7083,2024-10-22 02:00:00,48.36092795461055
7084,2024-10-22 03:00:00,55.89952905840114
7085,2024-10-22 04:00:00,51.0270080529602
7086,2024-10-22 05:00:00,54.8565534440315
7087,2024-10-22 06:00:00,55.79354513581988
7088,2024-10-22 07:00:00,63.45326036556465
7089,2024-10-22 08:00:00,60.56408949372356
7090,2024-10-22 09:00:00,56.13625140516867
7091,2024-10-22 10:00:00,48.53900347095707
7092,2024-10-22 11:00:00,47.186725503642315
7093,2024-10-22 12:00:00,27.843019337259282
7094,2024-10-22 13:00:00,33.187639652755415
7095,2024-10-22 14:00:00,33.22431616021396
7096,2024-10-22 15:00:00,22.96454452144443
7097,2024-10-22 16:00:00,22.33001212663421
7098,2024-10-22 17:00:00,21.48720813171421
7099,2024-10-22 18:00:00,21.787974729483427
7100,2024-10-22 19:00:00,21.005589430816425
7101,2024-10-22 20:00:00,15.161199733501494
7102,2024-10-22 21:00:00,24.458522246360644
7103,2024-10-22 22:00:00,27.33758979499262
7104,2024-10-22 23:00:00,42.72875322142393
7105,2024-10-23 00:00:00,39.30213534445938
7106,2024-10-23 01:00:00,44.45884989765499
7107,2024-10-23 02:00:00,47.680523268552385
7108,2024-10-23 03:00:00,60.87963815349654
7109,2024-10-23 04:00:00,53.8486898122752
7110,2024-10-23 05:00:00,52.549856346856835
7111,2024-10-23 06:00:00,64.96101861980038
7112,2024-10-23 07:00:00,53.648485947564744
7113,2024-10-23 08:00:00,58.51519195480712
7114,2024-10-23 09:00:00,51.83529998025993
7115,2024-10-23 10:00:00,47.53816932608419
7116,2024-10-23 11:00:00,49.27049353380443
7117,2024-10-23 12:00:00,46.12024899283205
7118,2024-10-23 13:00:00,41.304165098515874
7119,2024-10-23 14:00:00,30.078551351714783
7120,2024-10-23 15:00:00,26.861149584378833
7121,2024-10-23 16:00:00,22.970036529300796
7122,2024-10-23 17:00:00,30.29783371339058
7123,2024-10-23 18:00:00,16.13106948976567
7124,2024-10-23 19:00:00,19.3046681027785
7125,2024-10-23 20:00:00,20.554983560380684
7126,2024-10-23 21:00:00,22.66285300806279
7127,2024-10-23 22:00:00,36.267905610740385
7128,2024-10-23 23:00:00,33.001266469044936
7129,2024-10-24 00:00:00,40.590180523369874
7130,2024-10-24 01:00:00,43.25309639750219
7131,2024-10-24 02:00:00,57.09095512192279
7132,2024-10-24 03:00:00,51.16785997965206
7133,2024-10-24 04:00:00,52.16724714646232
7134,2024-10-24 05:00:00,58.18109279523037
7135,2024-10-24 06:00:00,55.36481248942152
7136,2024-10-24 07:00:00,58.13034155064797
7137,2024-10-24 08:00:00,51.66559085496743
7138,2024-10-24 09:00:00,52.587212893196835
7139,2024-10-24 10:00:00,46.92340073674231
7140,2024-10-24 11:00:00,47.28022863649738
7141,2024-10-24 12:00:00,36.31274361420002
7142,2024-10-24 13:00:00,33.78760111678646
7143,2024-10-24 14:00:00,26.28716805694274
7144,2024-10-24 15:00:00,20.81643049701715
7145,2024-10-24 16:00:00,18.233606005154375
7146,2024-10-24 17:00:00,30.858352345960334
7147,2024-10-24 18:00:00,14.646643261959813
7148,2024-10-24 19:00:00,27.054266943512392
7149,2024-10-24 20:00:00,26.8756779328268
7150,2024-10-24 21:00:00,25.33013937289041
7151,2024-10-24 22:00:00,26.582941330561113
7152,2024-10-24 23:00:00,37.446195554470776
7153,2024-10-25 00:00:00,51.48614270887074
7154,2024-10-25 01:00:00,36.51050033578632
7155,2024-10-25 02:00:00,59.98709028878831
7156,2024-10-25 03:00:00,54.027829531883526
7157,2024-10-25 04:00:00,58.006306745557886
7158,2024-10-25 05:00:00,65.08101062543481
7159,2024-10-25 06:00:00,63.69949735468075
7160,2024-10-25 07:00:00,70.61567773090829
7161,2024-10-25 08:00:00,64.48757330165802
7162,2024-10-25 09:00:00,65.88340252232886
7163,2024-10-25 10:00:00,49.020705144227385
7164,2024-10-25 11:00:00,44.215360581046426
7165,2024-10-25 12:00:00,36.77676036305016
7166,2024-10-25 13:00:00,48.150476891240714
7167,2024-10-25 14:00:00,30.81695387162439
7168,2024-10-25 15:00:00,31.270700584836334
7169,2024-10-25 16:00:00,13.457325819041358
7170,2024-10-25 17:00:00,19.53038417332721
7171,2024-10-25 18:00:00,31.690295969955315
7172,2024-10-25 19:00:00,15.490235828737617
7173,2024-10-25 20:00:00,23.429351075827825
7174,2024-10-25 21:00:00,22.850947414214637
7175,2024-10-25 22:00:00,30.894825277249275
7176,2024-10-25 23:00:00,33.494001911039206
7177,2024-10-26 00:00:00,41.621577841138986
7178,2024-10-26 01:00:00,43.96297369228594
7179,2024-10-26 02:00:00,39.28511456915481
7180,2024-10-26 03:00:00,51.826412863795305
7181,2024-10-26 04:00:00,59.081876047849946
7182,2024-10-26 05:00:00,60.63969302754187
7183,2024-10-26 06:00:00,62.07905204133404
7184,2024-10-26 07:00:00,60.6303194482917
7185,2024-10-26 08:00:00,54.66366854007465
7186,2024-10-26 09:00:00,55.22423271103174
7187,2024-10-26 10:00:00,45.23467781456365
7188,2024-10-26 11:00:00,46.36244760367453
7189,2024-10-26 12:00:00,45.59944298475488
7190,2024-10-26 13:00:00,34.54104979794238
7191,2024-10-26 14:00:00,32.61195359527935
7192,2024-10-26 15:00:00,22.800607578277315
7193,2024-10-26 16:00:00,23.07226766143192
7194,2024-10-26 17:00:00,27.44993175913521
7195,2024-10-26 18:00:00,20.959535391437214
7196,2024-10-26 19:00:00,14.16101066971503
7197,2024-10-26 20:00:00,22.065980830696272
7198,2024-10-26 21:00:00,27.160862240326512
7199,2024-10-26 22:00:00,32.369163093237155
7200,2024-10-26 23:00:00,43.532313826461795
7201,2024-10-27 00:00:00,40.728522487365076
7202,2024-10-27 01:00:00,37.20039566134857
7203,2024-10-27 02:00:00,60.97356964061491
7204,2024-10-27 03:00:00,56.014113606386644
7205,2024-10-27 04:00:00,63.38581518216122
7206,2024-10-27 05:00:00,60.41869433852091
7207,2024-10-27 06:00:00,62.629971431155106
7208,2024-10-27 07:00:00,49.95737312765329
7209,2024-10-27 08:00:00,51.34396344775196
7210,2024-10-27 09:00:00,50.662581242224974
7211,2024-10-27 10:00:00,52.769789344750954
7212,2024-10-27 11:00:00,36.49425122784098
7213,2024-10-27 12:00:00,35.901842335436186
7214,2024-10-27 13:00:00,30.65128967665662
7215,2024-10-27 14:00:00,34.45075966021346
7216,2024-10-27 15:00:00,32.22781789107706
7217,2024-10-27 16:00:00,24.451557080969245
7218,2024-10-27 17:00:00,30.2410841163272
7219,2024-10-27 18:00:00,24.88745254131559
7220,2024-10-27 19:00:00,23.876538387014534
7221,2024-10-27 20:00:00,21.98641879847888
7222,2024-10-27 21:00:00,26.46581386307824
7223,2024-10-27 22:00:00,30.727563959792548
7224,2024-10-27 23:00:00,29.302906108458902
7225,2024-10-28 00:00:00,42.89003320829552
7226,2024-10-28 01:00:00,49.78279116415455
7227,2024-10-28 02:00:00,46.93572924156834
7228,2024-10-28 03:00:00,59.88405272350516
7229,2024-10-28 04:00:00,48.54646175788778
7230,2024-10-28 05:00:00,63.786448025574636
7231,2024-10-28 06:00:00,60.24606801826337
7232,2024-10-28 07:00:00,60.60582035201627
7233,2024-10-28 08:00:00,56.14043924990564
7234,2024-10-28 09:00:00,48.028677212066775
7235,2024-10-28 10:00:00,49.576221683502666
7236,2024-10-28 11:00:00,39.99892741546149
7237,2024-10-28 12:00:00,36.94152489633609
7238,2024-10-28 13:00:00,43.979524540370136
7239,2024-10-28 14:00:00,25.094858097716298
7240,2024-10-28 15:00:00,27.842708676539722
7241,2024-10-28 16:00:00,15.180960912105295
7242,2024-10-28 17:00:00,19.27673457661828
7243,2024-10-28 18:00:00,17.975749240693837
7244,2024-10-28 19:00:00,20.64002563451153
7245,2024-10-28 20:00:00,17.96695167201584
7246,2024-10-28 21:00:00,25.464499323205843
7247,2024-10-28 22:00:00,17.256983780292124
7248,2024-10-28 23:00:00,31.062497319850493
7249,2024-10-29 00:00:00,48.36539653626584
7250,2024-10-29 01:00:00,53.93086199973819
7251,2024-10-29 02:00:00,49.914498339510835
7252,2024-10-29 03:00:00,50.78635701548865
7253,2024-10-29 04:00:00,59.789357250212994
7254,2024-10-29 05:00:00,59.44218297910253
7255,2024-10-29 06:00:00,61.57579247403798
7256,2024-10-29 07:00:00,55.955888296261975
7257,2024-10-29 08:00:00,54.942595519093295
7258,2024-10-29 09:00:00,48.66835308595016
7259,2024-10-29 10:00:00,45.934814118049374
7260,2024-10-29 11:00:00,46.1103080426598
7261,2024-10-29 12:00:00,39.21635487823634
7262,2024-10-29 13:00:00,27.23979206386718
7263,2024-10-29 14:00:00,29.72239298262435
7264,2024-10-29 15:00:00,20.22489053335388
7265,2024-10-29 16:00:00,26.57864826155005
7266,2024-10-29 17:00:00,22.650920161802162
7267,2024-10-29 18:00:00,17.95166565857778
7268,2024-10-29 19:00:00,19.564661419961865
7269,2024-10-29 20:00:00,18.796513956803
7270,2024-10-29 21:00:00,23.275061119851898
7271,2024-10-29 22:00:00,33.31321543098764
7272,2024-10-29 23:00:00,36.03920233208517
7273,2024-10-30 00:00:00,43.80981227941944
7274,2024-10-30 01:00:00,48.27305517731026
7275,2024-10-30 02:00:00,52.44999958951483
7276,2024-10-30 03:00:00,49.845130059492334
7277,2024-10-30 04:00:00,53.999211351004796
7278,2024-10-30 05:00:00,62.136354744450735
7279,2024-10-30 06:00:00,62.9583076700407
7280,2024-10-30 07:00:00,61.105121584850146
7281,2024-10-30 08:00:00,60.01306980141001
7282,2024-10-30 09:00:00,56.7841558942892
7283,2024-10-30 10:00:00,44.88872809007389
7284,2024-10-30 11:00:00,51.40048681819694
7285,2024-10-30 12:00:00,50.6319268051606
7286,2024-10-30 13:00:00,41.15686394071717
7287,2024-10-30 14:00:00,38.48971588717073
7288,2024-10-30 15:00:00,36.35432627476328
7289,2024-10-30 16:00:00,18.805176828907545
7290,2024-10-30 17:00:00,27.369499919817017
7291,2024-10-30 18:00:00,18.791374216911237
7292,2024-10-30 19:00:00,18.697190087520323
7293,2024-10-30 20:00:00,19.64711315990507
7294,2024-10-30 21:00:00,32.806194164630604
7295,2024-10-30 22:00:00,26.450307880708827
7296,2024-10-30 23:00:00,34.187966566207635
7297,2024-10-31 00:00:00,33.99478095899004
7298,2024-10-31 01:00:00,42.20369831796275
7299,2024-10-31 02:00:00,54.285295955370856
7300,2024-10-31 03:00:00,61.25255577463744
7301,2024-10-31 04:00:00,56.65244163026294
7302,2024-10-31 05:00:00,59.70956369406306
7303,2024-10-31 06:00:00,67.36692270823664
7304,2024-10-31 07:00:00,62.08581750163266
7305,2024-10-31 08:00:00,59.61727404757689
7306,2024-10-31 09:00:00,56.09615701498315
7307,2024-10-31 10:00:00,57.44553136544829
7308,2024-10-31 11:00:00,44.061038467191274
7309,2024-10-31 12:00:00,46.40894718261946
7310,2024-10-31 13:00:00,40.60465371947879
7311,2024-10-31 14:00:00,29.32067350981461
7312,2024-10-31 15:00:00,32.89295446051939
7313,2024-10-31 16:00:00,27.400192242882003
7314,2024-10-31 17:00:00,17.005617879888895
7315,2024-10-31 18:00:00,15.437694135910657
7316,2024-10-31 19:00:00,25.111897809756684
7317,2024-10-31 20:00:00,17.001943487826004
7318,2024-10-31 21:00:00,25.022711153076013
7319,2024-10-31 22:00:00,37.64900336606632
7320,2024-10-31 23:00:00,39.25139822820983
7321,2024-11-01 00:00:00,39.37867174989742
7322,2024-11-01 01:00:00,50.13942203455078
7323,2024-11-01 02:00:00,53.329971912278054
7324,2024-11-01 03:00:00,66.48596489580686
7325,2024-11-01 04:00:00,62.62381966188453
7326,2024-11-01 05:00:00,62.207061826105964
7327,2024-11-01 06:00:00,60.4883403690598
7328,2024-11-01 07:00:00,62.70401958153883
7329,2024-11-01 08:00:00,55.55770188207675
7330,2024-11-01 09:00:00,46.450338046057226
7331,2024-11-01 10:00:00,57.38514466214236
7332,2024-11-01 11:00:00,39.54863029192314
7333,2024-11-01 12:00:00,33.33275347598425
7334,2024-11-01 13:00:00,31.62087229898395
7335,2024-11-01 14:00:00,39.0831358724367
7336,2024-11-01 15:00:00,18.624938886769385
7337,2024-11-01 16:00:00,16.513549457222545
7338,2024-11-01 17:00:00,26.10937200336666
7339,2024-11-01 18:00:00,16.556881095250503
7340,2024-11-01 19:00:00,22.445517356240927
7341,2024-11-01 20:00:00,23.58025060374379
7342,2024-11-01 21:00:00,28.60926085025136
7343,2024-11-01 22:00:00,37.21586746412715
7344,2024-11-01 23:00:00,42.43881150873978
7345,2024-11-02 00:00:00,38.88396216553113
7346,2024-11-02 01:00:00,42.847692790822684
7347,2024-11-02 02:00:00,55.154725376939886
7348,2024-11-02 03:00:00,62.26849562089842
7349,2024-11-02 04:00:00,60.71324603867019
7350,2024-11-02 05:00:00,63.11273349866256
7351,2024-11-02 06:00:00,68.74535890732784
7352,2024-11-02 07:00:00,60.80327728503645
7353,2024-11-02 08:00:00,61.708080788460286
7354,2024-11-02 09:00:00,59.38572671753574
7355,2024-11-02 10:00:00,43.45671644790481
7356,2024-11-02 11:00:00,48.14334396049651
7357,2024-11-02 12:00:00,41.520902708533576
7358,2024-11-02 13:00:00,40.945540088910484
7359,2024-11-02 14:00:00,35.19968518536892
7360,2024-11-02 15:00:00,18.930851124025935
7361,2024-11-02 16:00:00,32.75172481971421
7362,2024-11-02 17:00:00,17.80975718786557
7363,2024-11-02 18:00:00,18.609398731028204
7364,2024-11-02 19:00:00,22.58406271422906
7365,2024-11-02 20:00:00,23.06721324273458
7366,2024-11-02 21:00:00,24.889427192286465
7367,2024-11-02 22:00:00,32.83687161550092
7368,2024-11-02 23:00:00,27.28924415108693
7369,2024-11-03 00:00:00,34.59408580081301
7370,2024-11-03 01:00:00,40.58106435905306
7371,2024-11-03 02:00:00,55.162479663693176
7372,2024-11-03 03:00:00,58.535493810316396
7373,2024-11-03 04:00:00,60.60110016521491
7374,2024-11-03 05:00:00,51.33583681556724
7375,2024-11-03 06:00:00,59.963310737288474
7376,2024-11-03 07:00:00,67.08327116386602
7377,2024-11-03 08:00:00,59.89561644215778
7378,2024-11-03 09:00:00,57.73004412768565
7379,2024-11-03 10:00:00,51.71698649149668
7380,2024-11-03 11:00:00,47.33617837212176
7381,2024-11-03 12:00:00,33.040630576918005
7382,2024-11-03 13:00:00,39.14290466503033
7383,2024-11-03 14:00:00,25.60581275571809
7384,2024-11-03 15:00:00,21.49555121590887
7385,2024-11-03 16:00:00,26.32542353848984
7386,2024-11-03 17:00:00,24.336723807259006
7387,2024-11-03 18:00:00,19.684426639678065
7388,2024-11-03 19:00:00,20.934369341817206
7389,2024-11-03 20:00:00,21.759806014188086
7390,2024-11-03 21:00:00,34.42081435014611
7391,2024-11-03 22:00:00,25.7597893382374
7392,2024-11-03 23:00:00,37.17253991888557
7393,2024-11-04 00:00:00,43.696815442870374
7394,2024-11-04 01:00:00,39.03863891904122
7395,2024-11-04 02:00:00,53.482161563953554
7396,2024-11-04 03:00:00,64.35022184671963
7397,2024-11-04 04:00:00,65.19607672230413
7398,2024-11-04 05:00:00,67.4573525407761
7399,2024-11-04 06:00:00,60.84400159284015
7400,2024-11-04 07:00:00,61.11182914975765
7401,2024-11-04 08:00:00,57.149436812467485
7402,2024-11-04 09:00:00,55.184486810255876
7403,2024-11-04 10:00:00,44.5044950005534
7404,2024-11-04 11:00:00,47.85768461325609
7405,2024-11-04 12:00:00,45.37973352423802
7406,2024-11-04 13:00:00,33.25529349823353
7407,2024-11-04 14:00:00,29.32709994691175
7408,2024-11-04 15:00:00,23.234981627118742
7409,2024-11-04 16:00:00,19.683719612118598
7410,2024-11-04 17:00:00,20.520146828168386
7411,2024-11-04 18:00:00,22.417171593266104
7412,2024-11-04 19:00:00,20.308494649700076
7413,2024-11-04 20:00:00,20.273799380983146
7414,2024-11-04 21:00:00,27.101425141755595
7415,2024-11-04 22:00:00,34.778615790829846
7416,2024-11-04 23:00:00,35.55344924853864
7417,2024-11-05 00:00:00,43.38384871487806
7418,2024-11-05 01:00:00,48.698432718435996
7419,2024-11-05 02:00:00,52.66183018925767
7420,2024-11-05 03:00:00,56.31851881317665
7421,2024-11-05 04:00:00,64.2745140071466
7422,2024-11-05 05:00:00,68.90399751024519
7423,2024-11-05 06:00:00,62.45610963002461
7424,2024-11-05 07:00:00,63.69561740908936
7425,2024-11-05 08:00:00,49.105372373828835
7426,2024-11-05 09:00:00,57.01379482028899
7427,2024-11-05 10:00:00,53.33912680467602
7428,2024-11-05 11:00:00,41.38303309516281
7429,2024-11-05 12:00:00,38.36359326140751
7430,2024-11-05 13:00:00,39.915426026476794
7431,2024-11-05 14:00:00,36.73476856649147
7432,2024-11-05 15:00:00,29.761375242979
7433,2024-11-05 16:00:00,25.698256185868217
7434,2024-11-05 17:00:00,25.99196500244325
7435,2024-11-05 18:00:00,21.35710976302504
7436,2024-11-05 19:00:00,20.119991327751546
7437,2024-11-05 20:00:00,26.519238703223206
7438,2024-11-05 21:00:00,31.168064290698386
7439,2024-11-05 22:00:00,31.834731614462992
7440,2024-11-05 23:00:00,32.48297962301925
7441,2024-11-06 00:00:00,49.35011971057988
7442,2024-11-06 01:00:00,46.64598961572406
7443,2024-11-06 02:00:00,46.608323538785214
7444,2024-11-06 03:00:00,50.06174659814075
7445,2024-11-06 04:00:00,55.36112697596366
7446,2024-11-06 05:00:00,65.17120045373699
7447,2024-11-06 06:00:00,68.09471305999682
7448,2024-11-06 07:00:00,57.118777337488396
7449,2024-11-06 08:00:00,52.68134927512335
7450,2024-11-06 09:00:00,59.67879458776303
7451,2024-11-06 10:00:00,48.246978133433096
7452,2024-11-06 11:00:00,48.996140485482954
7453,2024-11-06 12:00:00,40.15386218790554
7454,2024-11-06 13:00:00,35.119591248364834
7455,2024-11-06 14:00:00,31.422978085036338
7456,2024-11-06 15:00:00,17.45029768703678
7457,2024-11-06 16:00:00,29.04766252207518
7458,2024-11-06 17:00:00,29.209437703033498
7459,2024-11-06 18:00:00,24.008655060828012
7460,2024-11-06 19:00:00,25.42733051816333
7461,2024-11-06 20:00:00,21.662718817445768
7462,2024-11-06 21:00:00,26.673565822923965
7463,2024-11-06 22:00:00,30.396089702310665
7464,2024-11-06 23:00:00,34.67858650037998
7465,2024-11-07 00:00:00,43.399818148202606
7466,2024-11-07 01:00:00,48.16309526235841
7467,2024-11-07 02:00:00,51.937385038784065
7468,2024-11-07 03:00:00,56.58527489141047
7469,2024-11-07 04:00:00,66.7156366200894
7470,2024-11-07 05:00:00,68.59630779680303
7471,2024-11-07 06:00:00,73.73860909690424
7472,2024-11-07 07:00:00,59.72244177884491
7473,2024-11-07 08:00:00,60.33100623008086
7474,2024-11-07 09:00:00,57.02478083985595
7475,2024-11-07 10:00:00,48.8394336384309
7476,2024-11-07 11:00:00,49.9888951798272
7477,2024-11-07 12:00:00,32.733584918353245
7478,2024-11-07 13:00:00,46.11651660534832
7479,2024-11-07 14:00:00,26.326544872951278
7480,2024-11-07 15:00:00,22.878689369319403
7481,2024-11-07 16:00:00,10.449299000740098
7482,2024-11-07 17:00:00,22.232783909433735
7483,2024-11-07 18:00:00,32.381842450629094
7484,2024-11-07 19:00:00,30.90978232237581
7485,2024-11-07 20:00:00,23.203572875052476
7486,2024-11-07 21:00:00,34.574111675275326
7487,2024-11-07 22:00:00,32.610705663603305
7488,2024-11-07 23:00:00,43.4798656203981
7489,2024-11-08 00:00:00,43.48719213357245
7490,2024-11-08 01:00:00,42.41931945087891
7491,2024-11-08 02:00:00,48.57180198359043
7492,2024-11-08 03:00:00,57.52727306999632
7493,2024-11-08 04:00:00,64.16628828199097
7494,2024-11-08 05:00:00,63.461842996690635
7495,2024-11-08 06:00:00,69.3837511051652
7496,2024-11-08 07:00:00,55.230827652273064
7497,2024-11-08 08:00:00,44.71545337751024
7498,2024-11-08 09:00:00,58.39172768871039
7499,2024-11-08 10:00:00,55.239941672016926
7500,2024-11-08 11:00:00,39.30859942164223
7501,2024-11-08 12:00:00,41.37663604049003
7502,2024-11-08 13:00:00,38.97664162855354
7503,2024-11-08 14:00:00,33.45886581462677
7504,2024-11-08 15:00:00,30.914726259224977
7505,2024-11-08 16:00:00,20.85073962994757
7506,2024-11-08 17:00:00,21.397411280161542
7507,2024-11-08 18:00:00,17.843844746130774
7508,2024-11-08 19:00:00,26.07382654374686
7509,2024-11-08 20:00:00,31.53823244643858
7510,2024-11-08 21:00:00,28.236103344709516
7511,2024-11-08 22:00:00,36.421750947696175
7512,2024-11-08 23:00:00,40.7294511450435
7513,2024-11-09 00:00:00,46.045111864782115
7514,2024-11-09 01:00:00,48.542613133730136
7515,2024-11-09 02:00:00,55.3266279626256
7516,2024-11-09 03:00:00,61.346788557586
7517,2024-11-09 04:00:00,54.63509744936016
7518,2024-11-09 05:00:00,58.360770015379046
7519,2024-11-09 06:00:00,60.69580053138178
7520,2024-11-09 07:00:00,57.68737646637272
7521,2024-11-09 08:00:00,56.64379034293823
7522,2024-11-09 09:00:00,55.53652390191273
7523,2024-11-09 10:00:00,58.01753922085675
7524,2024-11-09 11:00:00,63.30890183046125
7525,2024-11-09 12:00:00,41.022210586212424
7526,2024-11-09 13:00:00,38.24698132571811
7527,2024-11-09 14:00:00,23.13041579806437
7528,2024-11-09 15:00:00,25.55389425397761
7529,2024-11-09 16:00:00,30.851441320732437
7530,2024-11-09 17:00:00,15.623653383039501
7531,2024-11-09 18:00:00,17.149932627596126
7532,2024-11-09 19:00:00,17.820799568454717
7533,2024-11-09 20:00:00,30.431912953203135
7534,2024-11-09 21:00:00,28.474050255662647
7535,2024-11-09 22:00:00,35.192444636311265
7536,2024-11-09 23:00:00,41.178368864427426
7537,2024-11-10 00:00:00,37.05639416038578
7538,2024-11-10 01:00:00,50.37367574422767
7539,2024-11-10 02:00:00,52.35732618981698
7540,2024-11-10 03:00:00,61.19289395559838
7541,2024-11-10 04:00:00,56.88357535491123
7542,2024-11-10 05:00:00,54.33079127175251
7543,2024-11-10 06:00:00,53.43765485080395
7544,2024-11-10 07:00:00,56.92778153623849
7545,2024-11-10 08:00:00,64.23670757544613
7546,2024-11-10 09:00:00,63.030006655829425
7547,2024-11-10 10:00:00,57.49737622133824
7548,2024-11-10 11:00:00,54.059317722555704
7549,2024-11-10 12:00:00,41.70216669940608
7550,2024-11-10 13:00:00,49.82190450016141
7551,2024-11-10 14:00:00,34.0113917446608
7552,2024-11-10 15:00:00,24.974468764575846
7553,2024-11-10 16:00:00,26.257501055723633
7554,2024-11-10 17:00:00,22.754645209342357
7555,2024-11-10 18:00:00,23.05618152844341
7556,2024-11-10 19:00:00,27.85273855968579
7557,2024-11-10 20:00:00,21.487108661218393
7558,2024-11-10 21:00:00,23.40756926934739
7559,2024-11-10 22:00:00,35.776286784043094
7560,2024-11-10 23:00:00,38.394179975069825
7561,2024-11-11 00:00:00,34.53334120458513
7562,2024-11-11 01:00:00,61.497514764135985
7563,2024-11-11 02:00:00,51.49976749690514
7564,2024-11-11 03:00:00,46.954976258216135
7565,2024-11-11 04:00:00,51.59013337113163
7566,2024-11-11 05:00:00,64.02460311229503
7567,2024-11-11 06:00:00,57.118282417978605
7568,2024-11-11 07:00:00,59.434445799557956
7569,2024-11-11 08:00:00,52.737294741400255
7570,2024-11-11 09:00:00,54.216891867735896
7571,2024-11-11 10:00:00,57.81479597264082
7572,2024-11-11 11:00:00,44.69761432704819
7573,2024-11-11 12:00:00,41.77483915439124
7574,2024-11-11 13:00:00,37.089978054889805
7575,2024-11-11 14:00:00,22.077558350948568
7576,2024-11-11 15:00:00,24.511405194915984
7577,2024-11-11 16:00:00,21.32454646205223
7578,2024-11-11 17:00:00,25.837491221330204
7579,2024-11-11 18:00:00,22.663033919828724
7580,2024-11-11 19:00:00,22.009370788213314
7581,2024-11-11 20:00:00,25.57379995297658
7582,2024-11-11 21:00:00,16.57948400144009
7583,2024-11-11 22:00:00,25.55163524804965
7584,2024-11-11 23:00:00,29.80938209493283
7585,2024-11-12 00:00:00,44.692145620956346
7586,2024-11-12 01:00:00,49.89264696526145
7587,2024-11-12 02:00:00,51.65429349627249
7588,2024-11-12 03:00:00,48.55373410150089
7589,2024-11-12 04:00:00,59.878708845291555
7590,2024-11-12 05:00:00,63.38592463679676
7591,2024-11-12 06:00:00,63.52138582238437
7592,2024-11-12 07:00:00,63.73095346890128
7593,2024-11-12 08:00:00,52.503620690190544
7594,2024-11-12 09:00:00,53.99078266903105
7595,2024-11-12 10:00:00,60.64353717080574
7596,2024-11-12 11:00:00,50.7675206855948
7597,2024-11-12 12:00:00,39.48016288005937
7598,2024-11-12 13:00:00,49.80603400240677
7599,2024-11-12 14:00:00,30.187623095738225
7600,2024-11-12 15:00:00,25.681856135546496
7601,2024-11-12 16:00:00,27.258525145769923
7602,2024-11-12 17:00:00,30.163523190702307
7603,2024-11-12 18:00:00,28.061156200404895
7604,2024-11-12 19:00:00,32.02301936782402
7605,2024-11-12 20:00:00,23.13335151196137
7606,2024-11-12 21:00:00,37.169034095605504
7607,2024-11-12 22:00:00,22.427411603446316
7608,2024-11-12 23:00:00,33.31878761698659
7609,2024-11-13 00:00:00,40.73973069441825
7610,2024-11-13 01:00:00,49.25250214182015
7611,2024-11-13 02:00:00,56.13978726631778
7612,2024-11-13 03:00:00,54.432136577342824
7613,2024-11-13 04:00:00,50.1421349297203
7614,2024-11-13 05:00:00,65.9652769830593
7615,2024-11-13 06:00:00,56.86729898019495
7616,2024-11-13 07:00:00,65.62523146021948
7617,2024-11-13 08:00:00,61.24040930030977
7618,2024-11-13 09:00:00,66.08725259452494
7619,2024-11-13 10:00:00,48.02917298656331
7620,2024-11-13 11:00:00,51.14248501224997
7621,2024-11-13 12:00:00,42.171670382801615
7622,2024-11-13 13:00:00,41.01765994815182
7623,2024-11-13 14:00:00,36.42301641462898
7624,2024-11-13 15:00:00,27.42762264911753
7625,2024-11-13 16:00:00,24.75653060706222
7626,2024-11-13 17:00:00,29.970068828830087
7627,2024-11-13 18:00:00,22.99493944106641
7628,2024-11-13 19:00:00,25.41780251274845
7629,2024-11-13 20:00:00,14.159479939322303
7630,2024-11-13 21:00:00,30.792680447910417
7631,2024-11-13 22:00:00,35.857993820966634
7632,2024-11-13 23:00:00,35.993203666082884
7633,2024-11-14 00:00:00,41.41019945398764
7634,2024-11-14 01:00:00,46.633084359727064
7635,2024-11-14 02:00:00,54.87020985975558
7636,2024-11-14 03:00:00,56.168136029294885
7637,2024-11-14 04:00:00,56.22800998325975
7638,2024-11-14 05:00:00,53.48716008549075
7639,2024-11-14 06:00:00,59.708895464180245
7640,2024-11-14 07:00:00,55.86691843068036
7641,2024-11-14 08:00:00,64.78995397259439
7642,2024-11-14 09:00:00,60.22742732176702
7643,2024-11-14 10:00:00,48.6966766848342
7644,2024-11-14 11:00:00,47.850122545059214
7645,2024-11-14 12:00:00,38.02308314909365
7646,2024-11-14 13:00:00,38.693899660275385
7647,2024-11-14 14:00:00,22.307472061819087
7648,2024-11-14 15:00:00,26.735035022281032
7649,2024-11-14 16:00:00,22.64031242912471
7650,2024-11-14 17:00:00,25.983509159542482
7651,2024-11-14 18:00:00,21.73022924771429
7652,2024-11-14 19:00:00,26.066113654301972
7653,2024-11-14 20:00:00,25.59492130319232
7654,2024-11-14 21:00:00,28.001981846266258
7655,2024-11-14 22:00:00,36.93718754772123
7656,2024-11-14 23:00:00,42.407599908350875
7657,2024-11-15 00:00:00,40.361577093579434
7658,2024-11-15 01:00:00,49.58513858363353
7659,2024-11-15 02:00:00,46.983693442197385
7660,2024-11-15 03:00:00,56.57180937475904
7661,2024-11-15 04:00:00,54.52123104740654
7662,2024-11-15 05:00:00,57.95111910453578
7663,2024-11-15 06:00:00,71.05467069864336
7664,2024-11-15 07:00:00,62.31362198461423
7665,2024-11-15 08:00:00,57.22640047075472
7666,2024-11-15 09:00:00,52.90601069265691
7667,2024-11-15 10:00:00,46.77573011269654
7668,2024-11-15 11:00:00,46.04039495072849
7669,2024-11-15 12:00:00,44.78059376458657
7670,2024-11-15 13:00:00,32.555994193369266
7671,2024-11-15 14:00:00,28.443142662849034
7672,2024-11-15 15:00:00,21.95280909114267
7673,2024-11-15 16:00:00,26.948809390906483
7674,2024-11-15 17:00:00,24.040599742796637
7675,2024-11-15 18:00:00,23.001503641832098
7676,2024-11-15 19:00:00,29.65101558949491
7677,2024-11-15 20:00:00,25.02342779543652
7678,2024-11-15 21:00:00,16.746744399128993
7679,2024-11-15 22:00:00,26.570057084111976
7680,2024-11-15 23:00:00,37.129253264623024
7681,2024-11-16 00:00:00,45.69706649088011
7682,2024-11-16 01:00:00,52.599170600910696
7683,2024-11-16 02:00:00,55.85247574289259
7684,2024-11-16 03:00:00,54.5242283841618
7685,2024-11-16 04:00:00,56.727281043654564
7686,2024-11-16 05:00:00,60.80071225155974
7687,2024-11-16 06:00:00,57.7366203228032
7688,2024-11-16 07:00:00,58.80071000574725
7689,2024-11-16 08:00:00,54.77793153197722
7690,2024-11-16 09:00:00,61.11080659861473
7691,2024-11-16 10:00:00,50.60302434770183
7692,2024-11-16 11:00:00,35.77820788388501
7693,2024-11-16 12:00:00,46.387063657957746
7694,2024-11-16 13:00:00,33.978141777263055
7695,2024-11-16 14:00:00,27.39388421386582
7696,2024-11-16 15:00:00,28.856697034834113
7697,2024-11-16 16:00:00,24.827872160123313
7698,2024-11-16 17:00:00,21.136502181705918
7699,2024-11-16 18:00:00,15.999179222552051
7700,2024-11-16 19:00:00,29.662479777865244
7701,2024-11-16 20:00:00,24.133807471935476
7702,2024-11-16 21:00:00,33.72757105745373
7703,2024-11-16 22:00:00,19.114085292201533
7704,2024-11-16 23:00:00,39.304787474436885
7705,2024-11-17 00:00:00,48.998018338658795
7706,2024-11-17 01:00:00,44.09068895346686
7707,2024-11-17 02:00:00,51.61933442694628
7708,2024-11-17 03:00:00,54.16143079852953
7709,2024-11-17 04:00:00,59.255642189864616
7710,2024-11-17 05:00:00,67.26537613167486
7711,2024-11-17 06:00:00,58.90964589649602
7712,2024-11-17 07:00:00,59.388728101636744
7713,2024-11-17 08:00:00,60.871553796799375
7714,2024-11-17 09:00:00,53.62089577639601
7715,2024-11-17 10:00:00,61.11832590507085
7716,2024-11-17 11:00:00,56.41758386700235
7717,2024-11-17 12:00:00,43.10015607352565
7718,2024-11-17 13:00:00,38.93387935037409
7719,2024-11-17 14:00:00,36.59025705308651
7720,2024-11-17 15:00:00,31.830511806077777
7721,2024-11-17 16:00:00,29.360764544365534
7722,2024-11-17 17:00:00,16.49148493866901
7723,2024-11-17 18:00:00,31.17849173885293
7724,2024-11-17 19:00:00,22.896562115570088
7725,2024-11-17 20:00:00,27.626943289736886
7726,2024-11-17 21:00:00,28.158138202720878
7727,2024-11-17 22:00:00,34.44779172404177
7728,2024-11-17 23:00:00,35.100323017307645
7729,2024-11-18 00:00:00,36.98904905768104
7730,2024-11-18 01:00:00,48.01204477371778
7731,2024-11-18 02:00:00,60.16493506640547
7732,2024-11-18 03:00:00,56.16120236820766
7733,2024-11-18 04:00:00,65.06797138470435
7734,2024-11-18 05:00:00,57.004118675163994
7735,2024-11-18 06:00:00,62.61611232640177
7736,2024-11-18 07:00:00,64.32749143617973
7737,2024-11-18 08:00:00,61.774967651979324
7738,2024-11-18 09:00:00,56.57233326837208
7739,2024-11-18 10:00:00,49.9107777605049
7740,2024-11-18 11:00:00,55.85750837407695
7741,2024-11-18 12:00:00,46.88070972400426
7742,2024-11-18 13:00:00,38.65317525989217
7743,2024-11-18 14:00:00,30.603413559478618
7744,2024-11-18 15:00:00,30.70269007659535
7745,2024-11-18 16:00:00,26.94920979033794
7746,2024-11-18 17:00:00,21.325904806918523
7747,2024-11-18 18:00:00,24.35279329039926
7748,2024-11-18 19:00:00,23.85613241443791
7749,2024-11-18 20:00:00,29.701103609562104
7750,2024-11-18 21:00:00,27.7439577432498
7751,2024-11-18 22:00:00,43.681103185596214
7752,2024-11-18 23:00:00,32.279790435842216
7753,2024-11-19 00:00:00,46.439205016143774
7754,2024-11-19 01:00:00,49.80767743660896
7755,2024-11-19 02:00:00,56.548988309152705
7756,2024-11-19 03:00:00,57.17143456017302
7757,2024-11-19 04:00:00,63.566653709165536
7758,2024-11-19 05:00:00,57.46723193235293
7759,2024-11-19 06:00:00,63.0343450886889
7760,2024-11-19 07:00:00,62.54342241219782
7761,2024-11-19 08:00:00,61.58692423180271
7762,2024-11-19 09:00:00,54.4076142943205
7763,2024-11-19 10:00:00,46.6045033523066
7764,2024-11-19 11:00:00,51.853100376519095
7765,2024-11-19 12:00:00,41.90617362255548
7766,2024-11-19 13:00:00,35.473571512004106
7767,2024-11-19 14:00:00,28.84169408851067
7768,2024-11-19 15:00:00,28.495388377196996
7769,2024-11-19 16:00:00,22.566532990904832
7770,2024-11-19 17:00:00,22.380570277807585
7771,2024-11-19 18:00:00,21.05069791324348
7772,2024-11-19 19:00:00,20.663925642901866
7773,2024-11-19 20:00:00,32.88794148411804
7774,2024-11-19 21:00:00,33.48607002726812
7775,2024-11-19 22:00:00,42.41131709550792
7776,2024-11-19 23:00:00,29.32423456514366
7777,2024-11-20 00:00:00,44.89947418013457
7778,2024-11-20 01:00:00,44.73771510097931
7779,2024-11-20 02:00:00,54.73128478138861
7780,2024-11-20 03:00:00,64.48671090077745
7781,2024-11-20 04:00:00,61.843062493334095
7782,2024-11-20 05:00:00,62.761796172725845
7783,2024-11-20 06:00:00,63.27734043041173
7784,2024-11-20 07:00:00,60.59951566747006
7785,2024-11-20 08:00:00,61.65847232633745
7786,2024-11-20 09:00:00,61.27909561989699
7787,2024-11-20 10:00:00,60.94680879861615
7788,2024-11-20 11:00:00,52.44328505470353
7789,2024-11-20 12:00:00,48.07013663639795
7790,2024-11-20 13:00:00,38.59798453285324
7791,2024-11-20 14:00:00,30.30539160764742
7792,2024-11-20 15:00:00,24.27577858248526
7793,2024-11-20 16:00:00,25.51570731001644
7794,2024-11-20 17:00:00,17.49126043853167
7795,2024-11-20 18:00:00,22.211941215250476
7796,2024-11-20 19:00:00,27.280946227357667
7797,2024-11-20 20:00:00,36.89333750073689
7798,2024-11-20 21:00:00,25.26935284355049
7799,2024-11-20 22:00:00,33.254430376904395
7800,2024-11-20 23:00:00,37.16645707644179
7801,2024-11-21 00:00:00,51.38892377620851
7802,2024-11-21 01:00:00,49.224422726619245
7803,2024-11-21 02:00:00,56.428047877365046
7804,2024-11-21 03:00:00,56.09701064995177
7805,2024-11-21 04:00:00,62.95388600127329
7806,2024-11-21 05:00:00,63.92563831182808
7807,2024-11-21 06:00:00,62.03518659265206
7808,2024-11-21 07:00:00,67.2606727350875
7809,2024-11-21 08:00:00,63.91994154990164
7810,2024-11-21 09:00:00,59.58878081678433
7811,2024-11-21 10:00:00,59.17042775932077
7812,2024-11-21 11:00:00,40.17664595380447
7813,2024-11-21 12:00:00,41.08080792822062
7814,2024-11-21 13:00:00,40.63400643071079
7815,2024-11-21 14:00:00,39.00792455467407
7816,2024-11-21 15:00:00,30.697268024453265
7817,2024-11-21 16:00:00,36.40745577917647
7818,2024-11-21 17:00:00,27.92401047869471
7819,2024-11-21 18:00:00,22.24072788869086
7820,2024-11-21 19:00:00,28.067789817318616
7821,2024-11-21 20:00:00,32.94714241436868
7822,2024-11-21 21:00:00,30.612297935247312
7823,2024-11-21 22:00:00,30.380352562937503
7824,2024-11-21 23:00:00,43.249993992051515
7825,2024-11-22 00:00:00,39.82851062666401
7826,2024-11-22 01:00:00,37.16783025248899
7827,2024-11-22 02:00:00,53.8202984492432
7828,2024-11-22 03:00:00,56.325918554171196
7829,2024-11-22 04:00:00,58.502255397618434
7830,2024-11-22 05:00:00,71.49069465159594
7831,2024-11-22 06:00:00,60.36178991820018
7832,2024-11-22 07:00:00,69.6422970846551
7833,2024-11-22 08:00:00,60.17675185342498
7834,2024-11-22 09:00:00,50.62600997739013
7835,2024-11-22 10:00:00,48.299439633438816
7836,2024-11-22 11:00:00,39.69825806731575
7837,2024-11-22 12:00:00,38.45479916105026
7838,2024-11-22 13:00:00,33.54155624234126
7839,2024-11-22 14:00:00,34.99692847313651
7840,2024-11-22 15:00:00,33.88997802570799
7841,2024-11-22 16:00:00,24.556819636063913
7842,2024-11-22 17:00:00,28.597487688965863
7843,2024-11-22 18:00:00,23.006214157737794
7844,2024-11-22 19:00:00,29.785178978069975
7845,2024-11-22 20:00:00,24.47314820236292
7846,2024-11-22 21:00:00,27.55451143644482
7847,2024-11-22 22:00:00,31.123945339799143
7848,2024-11-22 23:00:00,35.876659191475916
7849,2024-11-23 00:00:00,45.94566342125037
7850,2024-11-23 01:00:00,41.79844601977432
7851,2024-11-23 02:00:00,53.356268256594134
7852,2024-11-23 03:00:00,58.86604019576502
7853,2024-11-23 04:00:00,55.91915185564176
7854,2024-11-23 05:00:00,64.50638384801196
7855,2024-11-23 06:00:00,63.32233328272043
7856,2024-11-23 07:00:00,66.96503804144413
7857,2024-11-23 08:00:00,59.592058476657165
7858,2024-11-23 09:00:00,70.87871444390852
7859,2024-11-23 10:00:00,65.26957490401587
7860,2024-11-23 11:00:00,53.860132073519424
7861,2024-11-23 12:00:00,47.56465513223805
7862,2024-11-23 13:00:00,36.86645156746937
7863,2024-11-23 14:00:00,26.07121980918657
7864,2024-11-23 15:00:00,24.065459887129073
7865,2024-11-23 16:00:00,23.573747227767395
7866,2024-11-23 17:00:00,21.355602480389113
7867,2024-11-23 18:00:00,20.72844736132599
7868,2024-11-23 19:00:00,32.11992281198903
7869,2024-11-23 20:00:00,23.960470259206964
7870,2024-11-23 21:00:00,32.37111890197003
7871,2024-11-23 22:00:00,41.28252937813984
7872,2024-11-23 23:00:00,46.07548274440775
7873,2024-11-24 00:00:00,49.07914510677038
7874,2024-11-24 01:00:00,47.71824795048183
7875,2024-11-24 02:00:00,48.371191029833916
7876,2024-11-24 03:00:00,60.296814632933895
7877,2024-11-24 04:00:00,54.89007265797115
7878,2024-11-24 05:00:00,67.15805977643724
7879,2024-11-24 06:00:00,57.97088166010239
7880,2024-11-24 07:00:00,60.3709388901483
7881,2024-11-24 08:00:00,59.82467788493638
7882,2024-11-24 09:00:00,67.99567523642914
7883,2024-11-24 10:00:00,55.91099269686104
7884,2024-11-24 11:00:00,49.69145004795072
7885,2024-11-24 12:00:00,39.431075485116274
7886,2024-11-24 13:00:00,41.2493877257391
7887,2024-11-24 14:00:00,41.79438738968624
7888,2024-11-24 15:00:00,32.86378383469016
7889,2024-11-24 16:00:00,24.57619072039696
7890,2024-11-24 17:00:00,18.016213645849042
7891,2024-11-24 18:00:00,28.068399628323075
7892,2024-11-24 19:00:00,30.95955894893156
7893,2024-11-24 20:00:00,26.514730158404664
7894,2024-11-24 21:00:00,29.523433521279408
7895,2024-11-24 22:00:00,35.91679383778095
7896,2024-11-24 23:00:00,36.39061092476601
7897,2024-11-25 00:00:00,50.37287022282752
7898,2024-11-25 01:00:00,51.92614991371962
7899,2024-11-25 02:00:00,42.31789855193185
7900,2024-11-25 03:00:00,56.672712429377796
7901,2024-11-25 04:00:00,62.532728707217814
7902,2024-11-25 05:00:00,55.070612860593634
7903,2024-11-25 06:00:00,69.23855431894359
7904,2024-11-25 07:00:00,55.15776607765939
7905,2024-11-25 08:00:00,63.25719846380479
7906,2024-11-25 09:00:00,60.05485326054622
7907,2024-11-25 10:00:00,40.217651472710244
7908,2024-11-25 11:00:00,50.6030870377101
7909,2024-11-25 12:00:00,44.12687173925409
7910,2024-11-25 13:00:00,42.42914086583869
7911,2024-11-25 14:00:00,26.826373094156178
7912,2024-11-25 15:00:00,36.11877393459085
7913,2024-11-25 16:00:00,22.677279621923734
7914,2024-11-25 17:00:00,22.934011741042053
7915,2024-11-25 18:00:00,29.269820870739757
7916,2024-11-25 19:00:00,22.036706939121245
7917,2024-11-25 20:00:00,24.72891219625906
7918,2024-11-25 21:00:00,30.90021955517378
7919,2024-11-25 22:00:00,33.582070789217276
7920,2024-11-25 23:00:00,34.488764751020945
7921,2024-11-26 00:00:00,42.27657588639501
7922,2024-11-26 01:00:00,47.61160070075943
7923,2024-11-26 02:00:00,57.21966730126369
7924,2024-11-26 03:00:00,57.199879072783304
7925,2024-11-26 04:00:00,64.92268873862871
7926,2024-11-26 05:00:00,65.02059234383638
7927,2024-11-26 06:00:00,70.59899930925552
7928,2024-11-26 07:00:00,59.06426270477351
7929,2024-11-26 08:00:00,67.27724141594982
7930,2024-11-26 09:00:00,54.42115759720187
7931,2024-11-26 10:00:00,54.010668081250685
7932,2024-11-26 11:00:00,59.77704203523075
7933,2024-11-26 12:00:00,39.751086358664836
7934,2024-11-26 13:00:00,42.57250172622904
7935,2024-11-26 14:00:00,38.025654317545396
7936,2024-11-26 15:00:00,29.448157103685567
7937,2024-11-26 16:00:00,19.58272692057725
7938,2024-11-26 17:00:00,19.55552169791428
7939,2024-11-26 18:00:00,28.006278446128107
7940,2024-11-26 19:00:00,21.636010696273473
7941,2024-11-26 20:00:00,23.449077022132553
7942,2024-11-26 21:00:00,25.68084710786879
7943,2024-11-26 22:00:00,31.46393989664681
7944,2024-11-26 23:00:00,35.50243701338947
7945,2024-11-27 00:00:00,49.328804966315715
7946,2024-11-27 01:00:00,44.90123235257428
7947,2024-11-27 02:00:00,46.639704679594615
7948,2024-11-27 03:00:00,59.283838535567575
7949,2024-11-27 04:00:00,56.36678649290586
7950,2024-11-27 05:00:00,68.22477636422535
7951,2024-11-27 06:00:00,61.459532103886
7952,2024-11-27 07:00:00,62.694417405270315
7953,2024-11-27 08:00:00,64.60860323490128
7954,2024-11-27 09:00:00,54.72430965553711
7955,2024-11-27 10:00:00,58.34764499230792
7956,2024-11-27 11:00:00,48.78118360062639
7957,2024-11-27 12:00:00,53.11801172841173
7958,2024-11-27 13:00:00,42.36989556640175
7959,2024-11-27 14:00:00,43.15159873187671
7960,2024-11-27 15:00:00,37.291959614900065
7961,2024-11-27 16:00:00,23.453968131887358
7962,2024-11-27 17:00:00,27.72197696369437
7963,2024-11-27 18:00:00,13.917018993766453
7964,2024-11-27 19:00:00,26.871241770780244
7965,2024-11-27 20:00:00,20.716337134419774
7966,2024-11-27 21:00:00,42.21668325649315
7967,2024-11-27 22:00:00,26.423314749165108
7968,2024-11-27 23:00:00,43.88563911730521
7969,2024-11-28 00:00:00,40.03906015304759
7970,2024-11-28 01:00:00,51.67493586548348
7971,2024-11-28 02:00:00,51.08271738408907
7972,2024-11-28 03:00:00,65.09271259885047
7973,2024-11-28 04:00:00,71.53042648135225
7974,2024-11-28 05:00:00,65.20689953797171
7975,2024-11-28 06:00:00,59.65346087541547
7976,2024-11-28 07:00:00,65.02894953043095
7977,2024-11-28 08:00:00,66.1822399355301
7978,2024-11-28 09:00:00,62.267558548785274
7979,2024-11-28 10:00:00,57.378834121981825
7980,2024-11-28 11:00:00,44.8899436129491
7981,2024-11-28 12:00:00,50.0212534635512
7982,2024-11-28 13:00:00,42.259411870388156
7983,2024-11-28 14:00:00,38.439196048151196
7984,2024-11-28 15:00:00,21.221526201647954
7985,2024-11-28 16:00:00,18.829012743092953
7986,2024-11-28 17:00:00,27.79638559563279
7987,2024-11-28 18:00:00,33.194616770844675
7988,2024-11-28 19:00:00,25.995512813117838
7989,2024-11-28 20:00:00,16.593900463900177
7990,2024-11-28 21:00:00,39.74806408463087
7991,2024-11-28 22:00:00,34.998297485302174
7992,2024-11-28 23:00:00,35.89374689505567
7993,2024-11-29 00:00:00,44.93084511390421
7994,2024-11-29 01:00:00,49.23021189332548
7995,2024-11-29 02:00:00,58.80234107773977
7996,2024-11-29 03:00:00,54.81609993210744
7997,2024-11-29 04:00:00,60.333692714529974
7998,2024-11-29 05:00:00,65.24186275781915
7999,2024-11-29 06:00:00,72.40721792384588
8000,2024-11-29 07:00:00,54.77604122129095
8001,2024-11-29 08:00:00,64.86421524154427
8002,2024-11-29 09:00:00,62.44396793589046
8003,2024-11-29 10:00:00,53.88323814641777
8004,2024-11-29 11:00:00,53.37042620845138
8005,2024-11-29 12:00:00,43.991985615538965
8006,2024-11-29 13:00:00,39.91176893413701
8007,2024-11-29 14:00:00,34.74564574610886
8008,2024-11-29 15:00:00,24.84566180344701
8009,2024-11-29 16:00:00,25.676152161253807
8010,2024-11-29 17:00:00,28.321578109332382
8011,2024-11-29 18:00:00,26.46144700531939
8012,2024-11-29 19:00:00,27.404960804389187
8013,2024-11-29 20:00:00,30.37234791713268
8014,2024-11-29 21:00:00,38.25019531741189
8015,2024-11-29 22:00:00,48.62381229169362
8016,2024-11-29 23:00:00,45.83089887383585
8017,2024-11-30 00:00:00,46.21806338359136
8018,2024-11-30 01:00:00,54.26341092856463
8019,2024-11-30 02:00:00,58.74360476386617
8020,2024-11-30 03:00:00,60.80129637174463
8021,2024-11-30 04:00:00,56.07820271348368
8022,2024-11-30 05:00:00,67.15449344971972
8023,2024-11-30 06:00:00,76.05777088409275
8024,2024-11-30 07:00:00,62.39769848115768
8025,2024-11-30 08:00:00,55.14974109295274
8026,2024-11-30 09:00:00,61.62376576911672
8027,2024-11-30 10:00:00,48.481515676689035
8028,2024-11-30 11:00:00,49.32469160037302
8029,2024-11-30 12:00:00,38.78586201070596
8030,2024-11-30 13:00:00,44.68099354998373
8031,2024-11-30 14:00:00,35.018862988018725
8032,2024-11-30 15:00:00,26.77418643346477
8033,2024-11-30 16:00:00,32.27641578849086
8034,2024-11-30 17:00:00,28.1015349825934
8035,2024-11-30 18:00:00,23.412048210156858
8036,2024-11-30 19:00:00,23.6653952670298
8037,2024-11-30 20:00:00,21.484938387718017
8038,2024-11-30 21:00:00,35.40322928794048
8039,2024-11-30 22:00:00,33.4661948994817
8040,2024-11-30 23:00:00,40.559133966193734
8041,2024-12-01 00:00:00,46.63928266137455
8042,2024-12-01 01:00:00,47.78462869910378
8043,2024-12-01 02:00:00,51.21957327599505
8044,2024-12-01 03:00:00,59.019810174804746
8045,2024-12-01 04:00:00,68.9416764846207
8046,2024-12-01 05:00:00,57.953297558098015
8047,2024-12-01 06:00:00,67.83776376284004
8048,2024-12-01 07:00:00,75.74406103015095
8049,2024-12-01 08:00:00,69.06197510334258
8050,2024-12-01 09:00:00,67.26875845722536
8051,2024-12-01 10:00:00,54.81178782802028
8052,2024-12-01 11:00:00,46.34064299189501
8053,2024-12-01 12:00:00,46.15622952790902
8054,2024-12-01 13:00:00,40.16366939113651
8055,2024-12-01 14:00:00,35.41757867346349
8056,2024-12-01 15:00:00,31.854896142091025
8057,2024-12-01 16:00:00,30.406721003159618
8058,2024-12-01 17:00:00,25.611813985572518
8059,2024-12-01 18:00:00,25.267734063310748
8060,2024-12-01 19:00:00,41.750482915018054
8061,2024-12-01 20:00:00,26.782857186373928
8062,2024-12-01 21:00:00,37.605333482115974
8063,2024-12-01 22:00:00,41.795099626089204
8064,2024-12-01 23:00:00,40.27599660121851
8065,2024-12-02 00:00:00,57.89212518346809
8066,2024-12-02 01:00:00,50.709860209455066
8067,2024-12-02 02:00:00,51.74229383840509
8068,2024-12-02 03:00:00,60.095098991903356
8069,2024-12-02 04:00:00,67.97986873940305
8070,2024-12-02 05:00:00,60.27637492464463
8071,2024-12-02 06:00:00,65.41730578425104
8072,2024-12-02 07:00:00,64.11776857946363
8073,2024-12-02 08:00:00,70.23999377081509
8074,2024-12-02 09:00:00,57.20610448850901
8075,2024-12-02 10:00:00,53.90088607830183
8076,2024-12-02 11:00:00,52.70791340946239
8077,2024-12-02 12:00:00,42.32113258617194
8078,2024-12-02 13:00:00,39.84310341496391
8079,2024-12-02 14:00:00,34.762655299802944
8080,2024-12-02 15:00:00,38.61567362064166
8081,2024-12-02 16:00:00,30.453252403458166
8082,2024-12-02 17:00:00,28.999141241957286
8083,2024-12-02 18:00:00,22.370470009526823
8084,2024-12-02 19:00:00,26.313545484419897
8085,2024-12-02 20:00:00,24.607296395904555
8086,2024-12-02 21:00:00,27.240691349162056
8087,2024-12-02 22:00:00,37.41207191126323
8088,2024-12-02 23:00:00,40.77531271384264
8089,2024-12-03 00:00:00,48.93367109450813
8090,2024-12-03 01:00:00,49.026629879127306
8091,2024-12-03 02:00:00,58.04662126538429
8092,2024-12-03 03:00:00,52.81614562506666
8093,2024-12-03 04:00:00,69.30706731736232
8094,2024-12-03 05:00:00,68.30055564037202
8095,2024-12-03 06:00:00,58.890110693905164
8096,2024-12-03 07:00:00,63.39189211201011
8097,2024-12-03 08:00:00,61.23007462355308
8098,2024-12-03 09:00:00,52.87386124021728
8099,2024-12-03 10:00:00,51.734743221221024
8100,2024-12-03 11:00:00,48.53928695643389
8101,2024-12-03 12:00:00,39.382029292500576
8102,2024-12-03 13:00:00,40.84769189770064
8103,2024-12-03 14:00:00,30.442271486029483
8104,2024-12-03 15:00:00,38.53199317131176
8105,2024-12-03 16:00:00,24.269314885130605
8106,2024-12-03 17:00:00,14.704945260234256
8107,2024-12-03 18:00:00,16.324654854538153
8108,2024-12-03 19:00:00,17.885787017185073
8109,2024-12-03 20:00:00,19.07698481674614
8110,2024-12-03 21:00:00,23.087370926541876
8111,2024-12-03 22:00:00,34.17242069876794
8112,2024-12-03 23:00:00,42.15302296518969
8113,2024-12-04 00:00:00,41.01716999576873
8114,2024-12-04 01:00:00,47.352852210106356
8115,2024-12-04 02:00:00,59.52152597871327
8116,2024-12-04 03:00:00,58.13648600951774
8117,2024-12-04 04:00:00,71.68061606033051
8118,2024-12-04 05:00:00,76.9967343812316
8119,2024-12-04 06:00:00,73.02163975468406
8120,2024-12-04 07:00:00,59.35242294366984
8121,2024-12-04 08:00:00,62.15640945271778
8122,2024-12-04 09:00:00,58.28282306443344
8123,2024-12-04 10:00:00,56.078269044986605
8124,2024-12-04 11:00:00,50.466492226670255
8125,2024-12-04 12:00:00,51.184308186268254
8126,2024-12-04 13:00:00,43.21373244559788
8127,2024-12-04 14:00:00,33.94348353202922
8128,2024-12-04 15:00:00,19.998026949753772
8129,2024-12-04 16:00:00,30.742103129876433
8130,2024-12-04 17:00:00,27.483470351698173
8131,2024-12-04 18:00:00,21.731280003145468
8132,2024-12-04 19:00:00,28.30540894665013
8133,2024-12-04 20:00:00,18.98411784749285
8134,2024-12-04 21:00:00,28.217500285071466
8135,2024-12-04 22:00:00,26.3102733114905
8136,2024-12-04 23:00:00,40.966633530271025
8137,2024-12-05 00:00:00,48.58572549756275
8138,2024-12-05 01:00:00,46.29097359269895
8139,2024-12-05 02:00:00,56.876604922144914
8140,2024-12-05 03:00:00,68.3832489422341
8141,2024-12-05 04:00:00,53.661141055843565
8142,2024-12-05 05:00:00,69.67217080124705
8143,2024-12-05 06:00:00,66.8316571545521
8144,2024-12-05 07:00:00,60.84071997331414
8145,2024-12-05 08:00:00,68.02188467187516
8146,2024-12-05 09:00:00,58.776204714146395
8147,2024-12-05 10:00:00,56.74603451565826
8148,2024-12-05 11:00:00,49.74148799292547
8149,2024-12-05 12:00:00,39.02438434931713
8150,2024-12-05 13:00:00,35.94867661129861
8151,2024-12-05 14:00:00,27.09636699380388
8152,2024-12-05 15:00:00,21.12078985019851
8153,2024-12-05 16:00:00,25.42423635679742
8154,2024-12-05 17:00:00,26.55632174784218
8155,2024-12-05 18:00:00,22.668763898269603
8156,2024-12-05 19:00:00,27.418519532436616
8157,2024-12-05 20:00:00,22.348792679282028
8158,2024-12-05 21:00:00,35.41825638788468
8159,2024-12-05 22:00:00,27.8783315491563
8160,2024-12-05 23:00:00,38.836018146484456
8161,2024-12-06 00:00:00,40.173049653715964
8162,2024-12-06 01:00:00,51.16896994483975
8163,2024-12-06 02:00:00,60.458183127267596
8164,2024-12-06 03:00:00,61.60645948548335
8165,2024-12-06 04:00:00,56.38719137370048
8166,2024-12-06 05:00:00,63.917258801553295
8167,2024-12-06 06:00:00,64.43991375118374
8168,2024-12-06 07:00:00,67.03983893275428
8169,2024-12-06 08:00:00,60.45172350332242
8170,2024-12-06 09:00:00,53.736964873452735
8171,2024-12-06 10:00:00,56.07850910537966
8172,2024-12-06 11:00:00,46.80661960057174
8173,2024-12-06 12:00:00,47.773106502670544
8174,2024-12-06 13:00:00,41.94886082237291
8175,2024-12-06 14:00:00,21.839151221215392
8176,2024-12-06 15:00:00,35.4676584838172
8177,2024-12-06 16:00:00,25.12598709133094
8178,2024-12-06 17:00:00,30.574105187225722
8179,2024-12-06 18:00:00,27.921188116792635
8180,2024-12-06 19:00:00,27.381811827804622
8181,2024-12-06 20:00:00,23.813229646650313
8182,2024-12-06 21:00:00,28.47794485916228
8183,2024-12-06 22:00:00,25.62198782070925
8184,2024-12-06 23:00:00,38.635962119307486
8185,2024-12-07 00:00:00,45.08767116960554
8186,2024-12-07 01:00:00,48.63401608786264
8187,2024-12-07 02:00:00,62.97624302468672
8188,2024-12-07 03:00:00,63.38676484527907
8189,2024-12-07 04:00:00,59.945020624425965
8190,2024-12-07 05:00:00,70.93301632410052
8191,2024-12-07 06:00:00,68.40384636179397
8192,2024-12-07 07:00:00,67.24283094335736
8193,2024-12-07 08:00:00,59.6501127371461
8194,2024-12-07 09:00:00,63.568578471768774
8195,2024-12-07 10:00:00,61.65093712900391
8196,2024-12-07 11:00:00,48.86615064011632
8197,2024-12-07 12:00:00,42.93679179162367
8198,2024-12-07 13:00:00,39.24405323960572
8199,2024-12-07 14:00:00,44.816403715898545
8200,2024-12-07 15:00:00,32.81799115770386
8201,2024-12-07 16:00:00,34.489530357972455
8202,2024-12-07 17:00:00,32.4897606491808
8203,2024-12-07 18:00:00,27.66102284176693
8204,2024-12-07 19:00:00,31.453665545680565
8205,2024-12-07 20:00:00,25.242456092940877
8206,2024-12-07 21:00:00,32.77644945524079
8207,2024-12-07 22:00:00,37.38702870807319
8208,2024-12-07 23:00:00,41.370973775003776
8209,2024-12-08 00:00:00,43.06976968557106
8210,2024-12-08 01:00:00,56.44515221139855
8211,2024-12-08 02:00:00,53.64912809405581
8212,2024-12-08 03:00:00,61.37132171800951
8213,2024-12-08 04:00:00,60.850369275529026
8214,2024-12-08 05:00:00,62.14221890629662
8215,2024-12-08 06:00:00,72.73053661444263
8216,2024-12-08 07:00:00,61.365332883431726
8217,2024-12-08 08:00:00,66.5485500381234
8218,2024-12-08 09:00:00,63.994527579501835
8219,2024-12-08 10:00:00,61.67664461000004
8220,2024-12-08 11:00:00,54.054000988166194
8221,2024-12-08 12:00:00,49.23048264409955
8222,2024-12-08 13:00:00,36.938527020788854
8223,2024-12-08 14:00:00,37.174203522010174
8224,2024-12-08 15:00:00,38.11827962053127
8225,2024-12-08 16:00:00,38.23041374264971
8226,2024-12-08 17:00:00,26.660420806360417
8227,2024-12-08 18:00:00,17.492141300673396
8228,2024-12-08 19:00:00,30.429446778989846
8229,2024-12-08 20:00:00,30.8959405125195
8230,2024-12-08 21:00:00,29.515558411314945
8231,2024-12-08 22:00:00,28.755241615116308
8232,2024-12-08 23:00:00,47.816142633267525
8233,2024-12-09 00:00:00,45.33713797559894
8234,2024-12-09 01:00:00,52.96245417752981
8235,2024-12-09 02:00:00,53.71125549736991
8236,2024-12-09 03:00:00,59.027318373432735
8237,2024-12-09 04:00:00,66.66869694402729
8238,2024-12-09 05:00:00,74.06001752966696
8239,2024-12-09 06:00:00,65.92980290773622
8240,2024-12-09 07:00:00,70.74462887059616
8241,2024-12-09 08:00:00,65.09587870140552
8242,2024-12-09 09:00:00,60.96342701422237
8243,2024-12-09 10:00:00,52.85684922475498
8244,2024-12-09 11:00:00,48.13856425946652
8245,2024-12-09 12:00:00,50.00324120796568
8246,2024-12-09 13:00:00,37.19318029221068
8247,2024-12-09 14:00:00,30.627668155752907
8248,2024-12-09 15:00:00,37.57634401414932
8249,2024-12-09 16:00:00,16.039156666840995
8250,2024-12-09 17:00:00,28.797881540479505
8251,2024-12-09 18:00:00,27.992582283676633
8252,2024-12-09 19:00:00,34.54184525697531
8253,2024-12-09 20:00:00,25.03626366727691
8254,2024-12-09 21:00:00,37.0841986036539
8255,2024-12-09 22:00:00,31.110241487201648
8256,2024-12-09 23:00:00,37.47566242071754
8257,2024-12-10 00:00:00,42.580370144819085
8258,2024-12-10 01:00:00,53.500855270187756
8259,2024-12-10 02:00:00,58.729083333520535
8260,2024-12-10 03:00:00,54.247829842413296
8261,2024-12-10 04:00:00,63.364645840048006
8262,2024-12-10 05:00:00,69.40681284598924
8263,2024-12-10 06:00:00,67.81889645574579
8264,2024-12-10 07:00:00,68.10236168547429
8265,2024-12-10 08:00:00,54.14953423637368
8266,2024-12-10 09:00:00,57.704628743207955
8267,2024-12-10 10:00:00,62.82141484993221
8268,2024-12-10 11:00:00,47.34015961406784
8269,2024-12-10 12:00:00,53.83482431314067
8270,2024-12-10 13:00:00,45.90052547231671
8271,2024-12-10 14:00:00,26.8735109835553
8272,2024-12-10 15:00:00,35.522345279221184
8273,2024-12-10 16:00:00,34.50341110687514
8274,2024-12-10 17:00:00,21.543771516141128
8275,2024-12-10 18:00:00,25.166401357089676
8276,2024-12-10 19:00:00,26.53078974207031
8277,2024-12-10 20:00:00,35.495559649144205
8278,2024-12-10 21:00:00,37.667807081760685
8279,2024-12-10 22:00:00,33.44651512274043
8280,2024-12-10 23:00:00,35.90548338529787
8281,2024-12-11 00:00:00,51.03330429700526
8282,2024-12-11 01:00:00,58.22524471542304
8283,2024-12-11 02:00:00,63.342424466653696
8284,2024-12-11 03:00:00,57.658604286225355
8285,2024-12-11 04:00:00,68.34687141712104
8286,2024-12-11 05:00:00,63.35352836947205
8287,2024-12-11 06:00:00,70.02250506464934
8288,2024-12-11 07:00:00,65.93552592881824
8289,2024-12-11 08:00:00,63.96594359604737
8290,2024-12-11 09:00:00,63.36510028874168
8291,2024-12-11 10:00:00,57.49980082483234
8292,2024-12-11 11:00:00,53.653146011555854
8293,2024-12-11 12:00:00,45.47430260505206
8294,2024-12-11 13:00:00,31.807917317465783
8295,2024-12-11 14:00:00,36.85799349289892
8296,2024-12-11 15:00:00,33.36665613379273
8297,2024-12-11 16:00:00,35.14893296474819
8298,2024-12-11 17:00:00,26.709386428375513
8299,2024-12-11 18:00:00,29.7732068937662
8300,2024-12-11 19:00:00,30.974128902815956
8301,2024-12-11 20:00:00,39.332378767083085
8302,2024-12-11 21:00:00,28.367935625371864
8303,2024-12-11 22:00:00,37.95369914592529
8304,2024-12-11 23:00:00,35.21864696799323
8305,2024-12-12 00:00:00,40.6356143297856
8306,2024-12-12 01:00:00,54.273120352468794
8307,2024-12-12 02:00:00,56.365755345825626
8308,2024-12-12 03:00:00,64.76288656337597
8309,2024-12-12 04:00:00,67.20024440315281
8310,2024-12-12 05:00:00,71.71618503375618
8311,2024-12-12 06:00:00,59.521366911053825
8312,2024-12-12 07:00:00,77.78857747247785
8313,2024-12-12 08:00:00,51.401335837042
8314,2024-12-12 09:00:00,61.77244161138327
8315,2024-12-12 10:00:00,55.01098434722383
8316,2024-12-12 11:00:00,59.12018680672439
8317,2024-12-12 12:00:00,48.452760883749725
8318,2024-12-12 13:00:00,41.338242897303815
8319,2024-12-12 14:00:00,43.15369249125705
8320,2024-12-12 15:00:00,36.33760243347022
8321,2024-12-12 16:00:00,30.636429225813608
8322,2024-12-12 17:00:00,26.828983820270977
8323,2024-12-12 18:00:00,21.49473342007502
8324,2024-12-12 19:00:00,25.948009018746937
8325,2024-12-12 20:00:00,36.522039823656165
8326,2024-12-12 21:00:00,33.295961690117124
8327,2024-12-12 22:00:00,31.713111945864117
8328,2024-12-12 23:00:00,43.40621740094169
8329,2024-12-13 00:00:00,52.99403523278613
8330,2024-12-13 01:00:00,52.99715202047915
8331,2024-12-13 02:00:00,55.611513573945096
8332,2024-12-13 03:00:00,61.20040454742892
8333,2024-12-13 04:00:00,52.97846464948101
8334,2024-12-13 05:00:00,59.32102187533551
8335,2024-12-13 06:00:00,72.7528584899879
8336,2024-12-13 07:00:00,64.47171575690548
8337,2024-12-13 08:00:00,67.1056334810073
8338,2024-12-13 09:00:00,66.43845947347728
8339,2024-12-13 10:00:00,52.408518033431605
8340,2024-12-13 11:00:00,49.4606986629075
8341,2024-12-13 12:00:00,52.55111038846357
8342,2024-12-13 13:00:00,42.2855589265147
8343,2024-12-13 14:00:00,37.86291363329352
8344,2024-12-13 15:00:00,29.305327460210147
8345,2024-12-13 16:00:00,25.77479181696449
8346,2024-12-13 17:00:00,22.369896998721064
8347,2024-12-13 18:00:00,25.050859015856474
8348,2024-12-13 19:00:00,19.934214118566256
8349,2024-12-13 20:00:00,34.4017950647197
8350,2024-12-13 21:00:00,28.714483478518414
8351,2024-12-13 22:00:00,40.588584388945115
8352,2024-12-13 23:00:00,39.959155692714354
8353,2024-12-14 00:00:00,42.17087763537462
8354,2024-12-14 01:00:00,55.497730281371076
8355,2024-12-14 02:00:00,62.97948517402742
8356,2024-12-14 03:00:00,61.21615012197768
8357,2024-12-14 04:00:00,67.29805618547688
8358,2024-12-14 05:00:00,67.83203046591467
8359,2024-12-14 06:00:00,70.51064904701369
8360,2024-12-14 07:00:00,69.13181082278646
8361,2024-12-14 08:00:00,64.60104179042908
8362,2024-12-14 09:00:00,58.38120298746266
8363,2024-12-14 10:00:00,55.34277991942383
8364,2024-12-14 11:00:00,51.57792880040992
8365,2024-12-14 12:00:00,50.42522552394328
8366,2024-12-14 13:00:00,38.13236976101683
8367,2024-12-14 14:00:00,36.025472618071746
8368,2024-12-14 15:00:00,33.71127613253258
8369,2024-12-14 16:00:00,30.839140312205377
8370,2024-12-14 17:00:00,27.186403287311478
8371,2024-12-14 18:00:00,16.76274408347762
8372,2024-12-14 19:00:00,32.136476808387485
8373,2024-12-14 20:00:00,27.582252108728326
8374,2024-12-14 21:00:00,39.79476506004914
8375,2024-12-14 22:00:00,38.51340589334397
8376,2024-12-14 23:00:00,31.689960337789795
8377,2024-12-15 00:00:00,46.19393718696746
8378,2024-12-15 01:00:00,57.34085823732762
8379,2024-12-15 02:00:00,57.649733152458595
8380,2024-12-15 03:00:00,61.536603955704756
8381,2024-12-15 04:00:00,69.40902185522029
8382,2024-12-15 05:00:00,69.2206450932286
8383,2024-12-15 06:00:00,69.37362626000323
8384,2024-12-15 07:00:00,75.98806490348771
8385,2024-12-15 08:00:00,59.728176825785624
8386,2024-12-15 09:00:00,59.151089669554594
8387,2024-12-15 10:00:00,49.661366409270784
8388,2024-12-15 11:00:00,58.995641125798684
8389,2024-12-15 12:00:00,43.44656066286034
8390,2024-12-15 13:00:00,42.52594286099346
8391,2024-12-15 14:00:00,35.3137149519964
8392,2024-12-15 15:00:00,35.040927091667506
8393,2024-12-15 16:00:00,28.05686246079056
8394,2024-12-15 17:00:00,41.875959212320474
8395,2024-12-15 18:00:00,25.782522493085576
8396,2024-12-15 19:00:00,24.360635361405052
8397,2024-12-15 20:00:00,31.56593760351664
8398,2024-12-15 21:00:00,36.94396413482989
8399,2024-12-15 22:00:00,38.10553841165688
8400,2024-12-15 23:00:00,37.43626716825278
8401,2024-12-16 00:00:00,49.70650152666596
8402,2024-12-16 01:00:00,47.995765745729635
8403,2024-12-16 02:00:00,56.01845632036651
8404,2024-12-16 03:00:00,58.526821703639115
8405,2024-12-16 04:00:00,70.59308699262891
8406,2024-12-16 05:00:00,69.41004278347886
8407,2024-12-16 06:00:00,64.4376946868534
8408,2024-12-16 07:00:00,65.77204836982277
8409,2024-12-16 08:00:00,62.927090335247385
8410,2024-12-16 09:00:00,56.377432858490174
8411,2024-12-16 10:00:00,56.227348130359005
8412,2024-12-16 11:00:00,55.377419579586665
8413,2024-12-16 12:00:00,40.53624709774598
8414,2024-12-16 13:00:00,41.08857549370561
8415,2024-12-16 14:00:00,37.526674484070185
8416,2024-12-16 15:00:00,23.916553364084564
8417,2024-12-16 16:00:00,33.507229882769956
8418,2024-12-16 17:00:00,16.557147720618687
8419,2024-12-16 18:00:00,22.151865532503493
8420,2024-12-16 19:00:00,29.710155998381616
8421,2024-12-16 20:00:00,27.224957711974415
8422,2024-12-16 21:00:00,32.05166061112797
8423,2024-12-16 22:00:00,34.68760857206389
8424,2024-12-16 23:00:00,33.72962293975641
8425,2024-12-17 00:00:00,48.19461027723909
8426,2024-12-17 01:00:00,47.86054437387193
8427,2024-12-17 02:00:00,53.33711135016404
8428,2024-12-17 03:00:00,54.984413260959926
8429,2024-12-17 04:00:00,59.95689831915462
8430,2024-12-17 05:00:00,66.22091748605904
8431,2024-12-17 06:00:00,64.95803036981148
8432,2024-12-17 07:00:00,68.62236769837214
8433,2024-12-17 08:00:00,56.50267826583263
8434,2024-12-17 09:00:00,61.047530057642625
8435,2024-12-17 10:00:00,63.08440095121955
8436,2024-12-17 11:00:00,47.819121878685344
8437,2024-12-17 12:00:00,54.50008435123562
8438,2024-12-17 13:00:00,47.0403065903202
8439,2024-12-17 14:00:00,41.881941631377934
8440,2024-12-17 15:00:00,35.51128154588611
8441,2024-12-17 16:00:00,30.82578373845065
8442,2024-12-17 17:00:00,28.165916530659693
8443,2024-12-17 18:00:00,33.86243730472971
8444,2024-12-17 19:00:00,29.016474269450203
8445,2024-12-17 20:00:00,30.672753810896005
8446,2024-12-17 21:00:00,28.39669507200549
8447,2024-12-17 22:00:00,36.23218281646414
8448,2024-12-17 23:00:00,39.055402096284816
8449,2024-12-18 00:00:00,55.44994557258174
8450,2024-12-18 01:00:00,51.916491392407345
8451,2024-12-18 02:00:00,65.70259402518747
8452,2024-12-18 03:00:00,61.32120931806303
8453,2024-12-18 04:00:00,56.17210516147027
8454,2024-12-18 05:00:00,70.18571407803663
8455,2024-12-18 06:00:00,62.866011720894576
8456,2024-12-18 07:00:00,63.11299386850501
8457,2024-12-18 08:00:00,61.44060744098762
8458,2024-12-18 09:00:00,60.53829052201752
8459,2024-12-18 10:00:00,44.16005046893818
8460,2024-12-18 11:00:00,46.72277205582011
8461,2024-12-18 12:00:00,51.13429984378487
8462,2024-12-18 13:00:00,43.511655724584486
8463,2024-12-18 14:00:00,41.94953675616106
8464,2024-12-18 15:00:00,34.04059240064487
8465,2024-12-18 16:00:00,31.068500043626944
8466,2024-12-18 17:00:00,31.206451352111635
8467,2024-12-18 18:00:00,27.298541303948273
8468,2024-12-18 19:00:00,26.152127551409215
8469,2024-12-18 20:00:00,33.06654407497583
8470,2024-12-18 21:00:00,37.0244451105645
8471,2024-12-18 22:00:00,39.76178876989908
8472,2024-12-18 23:00:00,37.976929569020065
8473,2024-12-19 00:00:00,35.36386966087688
8474,2024-12-19 01:00:00,55.69493818339875
8475,2024-12-19 02:00:00,58.62724178370328
8476,2024-12-19 03:00:00,61.17677373430979
8477,2024-12-19 04:00:00,71.16715923154709
8478,2024-12-19 05:00:00,56.65745770235772
8479,2024-12-19 06:00:00,72.2588233790485
8480,2024-12-19 07:00:00,63.132829496365105
8481,2024-12-19 08:00:00,62.154685131337146
8482,2024-12-19 09:00:00,51.92150667530821
8483,2024-12-19 10:00:00,61.03632343783383
8484,2024-12-19 11:00:00,52.197906659594125
8485,2024-12-19 12:00:00,44.66854573480266
8486,2024-12-19 13:00:00,40.66953568545595
8487,2024-12-19 14:00:00,32.09484240026326
8488,2024-12-19 15:00:00,36.17033024936905
8489,2024-12-19 16:00:00,25.19850960721139
8490,2024-12-19 17:00:00,24.34377908077971
8491,2024-12-19 18:00:00,27.220758876529214
8492,2024-12-19 19:00:00,22.346214754917312
8493,2024-12-19 20:00:00,24.786586520314163
8494,2024-12-19 21:00:00,41.54634853436644
8495,2024-12-19 22:00:00,40.04332644691811
8496,2024-12-19 23:00:00,41.16713894686615
8497,2024-12-20 00:00:00,52.29978906394935
8498,2024-12-20 01:00:00,63.31374975133936
8499,2024-12-20 02:00:00,55.56974246892566
8500,2024-12-20 03:00:00,63.59870161854955
8501,2024-12-20 04:00:00,68.07364422750487
8502,2024-12-20 05:00:00,71.04955950079552
8503,2024-12-20 06:00:00,64.7081434960248
8504,2024-12-20 07:00:00,61.2407026313164
8505,2024-12-20 08:00:00,69.2410196856641
8506,2024-12-20 09:00:00,64.49742006955954
8507,2024-12-20 10:00:00,68.50351226877551
8508,2024-12-20 11:00:00,43.207652336794354
8509,2024-12-20 12:00:00,49.65390985974009
8510,2024-12-20 13:00:00,44.85501775897209
8511,2024-12-20 14:00:00,38.055896976174836
8512,2024-12-20 15:00:00,37.38017300761895
8513,2024-12-20 16:00:00,28.511200594589525
8514,2024-12-20 17:00:00,22.44921373293795
8515,2024-12-20 18:00:00,30.73414276758432
8516,2024-12-20 19:00:00,30.399444045457813
8517,2024-12-20 20:00:00,37.75054221876095
8518,2024-12-20 21:00:00,30.55326915538217
8519,2024-12-20 22:00:00,42.085140711244634
8520,2024-12-20 23:00:00,49.19347203916441
8521,2024-12-21 00:00:00,45.94118137829371
8522,2024-12-21 01:00:00,48.81175261375863
8523,2024-12-21 02:00:00,63.70288795302693
8524,2024-12-21 03:00:00,63.01838927181613
8525,2024-12-21 04:00:00,64.9971755127125
8526,2024-12-21 05:00:00,61.049038075807346
8527,2024-12-21 06:00:00,72.41847973581615
8528,2024-12-21 07:00:00,58.39490793610821
8529,2024-12-21 08:00:00,63.54035659664421
8530,2024-12-21 09:00:00,60.03976220429527
8531,2024-12-21 10:00:00,62.510086828740505
8532,2024-12-21 11:00:00,55.47219136870205
8533,2024-12-21 12:00:00,46.84714389090843
8534,2024-12-21 13:00:00,46.075710765130296
8535,2024-12-21 14:00:00,43.265529357602524
8536,2024-12-21 15:00:00,35.04242274569602
8537,2024-12-21 16:00:00,38.214062041080425
8538,2024-12-21 17:00:00,24.93663817052039
8539,2024-12-21 18:00:00,30.62022389324909
8540,2024-12-21 19:00:00,32.18562447691732
8541,2024-12-21 20:00:00,25.91851095370466
8542,2024-12-21 21:00:00,30.284880558567302
8543,2024-12-21 22:00:00,44.4089095512651
8544,2024-12-21 23:00:00,45.399616758658084
8545,2024-12-22 00:00:00,64.55870511881524
8546,2024-12-22 01:00:00,54.63407858897159
8547,2024-12-22 02:00:00,59.74857563850866
8548,2024-12-22 03:00:00,63.620522960955405
8549,2024-12-22 04:00:00,62.03003745105377
8550,2024-12-22 05:00:00,69.08861517135551
8551,2024-12-22 06:00:00,60.72992636132742
8552,2024-12-22 07:00:00,66.27724959727087
8553,2024-12-22 08:00:00,67.51674187120706
8554,2024-12-22 09:00:00,58.36443574232699
8555,2024-12-22 10:00:00,54.16611361743968
8556,2024-12-22 11:00:00,56.821788910474275
8557,2024-12-22 12:00:00,45.397054769692886
8558,2024-12-22 13:00:00,44.52916613529907
8559,2024-12-22 14:00:00,37.71000715943641
8560,2024-12-22 15:00:00,36.21432635848503
8561,2024-12-22 16:00:00,41.105848464576155
8562,2024-12-22 17:00:00,28.696754542883262
8563,2024-12-22 18:00:00,27.158076738639217
8564,2024-12-22 19:00:00,27.800217705018937
8565,2024-12-22 20:00:00,31.7138178578946
8566,2024-12-22 21:00:00,37.67099866610697
8567,2024-12-22 22:00:00,39.41733384423433
8568,2024-12-22 23:00:00,38.6383301286217
8569,2024-12-23 00:00:00,39.19790774525046
8570,2024-12-23 01:00:00,53.20119912840517
8571,2024-12-23 02:00:00,54.689867125386385
8572,2024-12-23 03:00:00,59.713328016163416
8573,2024-12-23 04:00:00,61.45583824702051
8574,2024-12-23 05:00:00,71.84582384679467
8575,2024-12-23 06:00:00,68.76109331625338
8576,2024-12-23 07:00:00,64.968450729995
8577,2024-12-23 08:00:00,64.80689459938898
8578,2024-12-23 09:00:00,62.91043199522981
8579,2024-12-23 10:00:00,53.152727815982495
8580,2024-12-23 11:00:00,50.525863599595546
8581,2024-12-23 12:00:00,47.32786516400689
8582,2024-12-23 13:00:00,43.303185111818095
8583,2024-12-23 14:00:00,40.30526160955314
8584,2024-12-23 15:00:00,29.245493095124836
8585,2024-12-23 16:00:00,31.688067843704943
8586,2024-12-23 17:00:00,30.973630876767512
8587,2024-12-23 18:00:00,20.50629165047401
8588,2024-12-23 19:00:00,30.966506220292136
8589,2024-12-23 20:00:00,32.86655234424517
8590,2024-12-23 21:00:00,29.363729738911143
8591,2024-12-23 22:00:00,48.97393158216728
8592,2024-12-23 23:00:00,50.38023195313707
8593,2024-12-24 00:00:00,45.617385735103355
8594,2024-12-24 01:00:00,47.25113846886552
8595,2024-12-24 02:00:00,67.40706097485169
8596,2024-12-24 03:00:00,60.2259723866202
8597,2024-12-24 04:00:00,63.30459914244468
8598,2024-12-24 05:00:00,64.32239646575279
8599,2024-12-24 06:00:00,73.01563375806624
8600,2024-12-24 07:00:00,67.27062626786581
8601,2024-12-24 08:00:00,66.5945521107346
8602,2024-12-24 09:00:00,55.18143361855952
8603,2024-12-24 10:00:00,56.43118955767833
8604,2024-12-24 11:00:00,62.84012907375713
8605,2024-12-24 12:00:00,50.378365206443284
8606,2024-12-24 13:00:00,45.73643490912235
8607,2024-12-24 14:00:00,34.37524431887305
8608,2024-12-24 15:00:00,29.72522671105668
8609,2024-12-24 16:00:00,35.370572415980504
8610,2024-12-24 17:00:00,24.84069637507576
8611,2024-12-24 18:00:00,32.53339979835397
8612,2024-12-24 19:00:00,18.656066822516486
8613,2024-12-24 20:00:00,32.29026539785203
8614,2024-12-24 21:00:00,44.329935070783016
8615,2024-12-24 22:00:00,35.995262855051394
8616,2024-12-24 23:00:00,45.4845707484327
8617,2024-12-25 00:00:00,51.66193650815287
8618,2024-12-25 01:00:00,46.205878055468816
8619,2024-12-25 02:00:00,53.248959352605624
8620,2024-12-25 03:00:00,65.444183791125
8621,2024-12-25 04:00:00,61.556104864397525
8622,2024-12-25 05:00:00,70.60710160036233
8623,2024-12-25 06:00:00,66.71364082540825
8624,2024-12-25 07:00:00,67.41509780127681
8625,2024-12-25 08:00:00,69.23374725365623
8626,2024-12-25 09:00:00,54.930330625566114
8627,2024-12-25 10:00:00,53.33059183566297
8628,2024-12-25 11:00:00,59.964528478523604
8629,2024-12-25 12:00:00,51.172012171089854
8630,2024-12-25 13:00:00,39.04813004635891
8631,2024-12-25 14:00:00,37.70406014648697
8632,2024-12-25 15:00:00,31.592159632835042
8633,2024-12-25 16:00:00,30.190234471208008
8634,2024-12-25 17:00:00,33.81538316713826
8635,2024-12-25 18:00:00,30.631119082285835
8636,2024-12-25 19:00:00,31.97090847125969
8637,2024-12-25 20:00:00,38.29895338499235
8638,2024-12-25 21:00:00,40.25018865964811
8639,2024-12-25 22:00:00,45.219429161758725
8640,2024-12-25 23:00:00,44.7824862797978
8641,2024-12-26 00:00:00,47.54344849586654
8642,2024-12-26 01:00:00,55.96494772708536
8643,2024-12-26 02:00:00,59.04700489447764
8644,2024-12-26 03:00:00,62.88286012863578
8645,2024-12-26 04:00:00,55.7537066680625
8646,2024-12-26 05:00:00,67.26293235047594
8647,2024-12-26 06:00:00,63.59683551904007
8648,2024-12-26 07:00:00,73.40965638611044
8649,2024-12-26 08:00:00,62.43221860694085
8650,2024-12-26 09:00:00,65.7007076774591
8651,2024-12-26 10:00:00,48.86824304015566
8652,2024-12-26 11:00:00,56.17685726824602
8653,2024-12-26 12:00:00,48.59609176068586
8654,2024-12-26 13:00:00,43.11146704883848
8655,2024-12-26 14:00:00,30.54312132370952
8656,2024-12-26 15:00:00,39.92692638671829
8657,2024-12-26 16:00:00,35.7745937120716
8658,2024-12-26 17:00:00,20.600995405545113
8659,2024-12-26 18:00:00,27.639747771316447
8660,2024-12-26 19:00:00,34.53628600627211
8661,2024-12-26 20:00:00,32.160545028031564
8662,2024-12-26 21:00:00,27.526430590816965
8663,2024-12-26 22:00:00,35.85639504668399
8664,2024-12-26 23:00:00,47.88671514696084
8665,2024-12-27 00:00:00,52.7082433755118
8666,2024-12-27 01:00:00,58.864129362985196
8667,2024-12-27 02:00:00,61.956745713232145
8668,2024-12-27 03:00:00,58.08540675584578
8669,2024-12-27 04:00:00,73.15718604330047
8670,2024-12-27 05:00:00,71.80738482705354
8671,2024-12-27 06:00:00,66.55114100690645
8672,2024-12-27 07:00:00,66.43078582763738
8673,2024-12-27 08:00:00,61.31986768808575
8674,2024-12-27 09:00:00,68.41808689399562
8675,2024-12-27 10:00:00,69.72839651295332
8676,2024-12-27 11:00:00,44.100620006452445
8677,2024-12-27 12:00:00,55.69367739328878
8678,2024-12-27 13:00:00,49.816655879576324
8679,2024-12-27 14:00:00,36.80202481254864
8680,2024-12-27 15:00:00,29.605306682081178
8681,2024-12-27 16:00:00,28.615320385794366
8682,2024-12-27 17:00:00,32.471349039318525
8683,2024-12-27 18:00:00,21.599060408795005
8684,2024-12-27 19:00:00,25.202368081769382
8685,2024-12-27 20:00:00,33.16014934722079
8686,2024-12-27 21:00:00,30.382571070408126
8687,2024-12-27 22:00:00,41.30874117839196
8688,2024-12-27 23:00:00,32.73368668061851
8689,2024-12-28 00:00:00,46.34456822655078
8690,2024-12-28 01:00:00,54.232016262101226
8691,2024-12-28 02:00:00,53.87539656293511
8692,2024-12-28 03:00:00,64.93569942017137
8693,2024-12-28 04:00:00,68.88500907467042
8694,2024-12-28 05:00:00,69.06056502244496
8695,2024-12-28 06:00:00,65.79545417284652
8696,2024-12-28 07:00:00,75.17091270188529
8697,2024-12-28 08:00:00,72.21134372037795
8698,2024-12-28 09:00:00,63.689834624828514
8699,2024-12-28 10:00:00,56.03419167697606
8700,2024-12-28 11:00:00,54.43271309858867
8701,2024-12-28 12:00:00,41.944197688245
8702,2024-12-28 13:00:00,46.97168896712095
8703,2024-12-28 14:00:00,50.12109097829862
8704,2024-12-28 15:00:00,35.0546984021266
8705,2024-12-28 16:00:00,35.05737899586488
8706,2024-12-28 17:00:00,25.186125770106642
8707,2024-12-28 18:00:00,28.2376107640652
8708,2024-12-28 19:00:00,31.96391742794445
8709,2024-12-28 20:00:00,26.357395413191902
8710,2024-12-28 21:00:00,35.06011352872199
8711,2024-12-28 22:00:00,38.60368354456077
8712,2024-12-28 23:00:00,50.701703942531864
8713,2024-12-29 00:00:00,48.6016799292323
8714,2024-12-29 01:00:00,44.66674345654002
8715,2024-12-29 02:00:00,63.23726240014773
8716,2024-12-29 03:00:00,68.93093524196203
8717,2024-12-29 04:00:00,69.57127418954424
8718,2024-12-29 05:00:00,64.37101089010311
8719,2024-12-29 06:00:00,68.96945597123818
8720,2024-12-29 07:00:00,65.64046401691456
8721,2024-12-29 08:00:00,56.89346849651365
8722,2024-12-29 09:00:00,68.58756771287507
8723,2024-12-29 10:00:00,63.464727913513514
8724,2024-12-29 11:00:00,53.460485173263
8725,2024-12-29 12:00:00,63.002339224703114
8726,2024-12-29 13:00:00,36.16505531658015
8727,2024-12-29 14:00:00,41.97036516479324
8728,2024-12-29 15:00:00,31.81922727752076
8729,2024-12-29 16:00:00,30.332528011266465
8730,2024-12-29 17:00:00,29.40754789927133
8731,2024-12-29 18:00:00,34.33266519422992
8732,2024-12-29 19:00:00,28.337801432025035
8733,2024-12-29 20:00:00,35.41945906052727
8734,2024-12-29 21:00:00,24.999393245112046
8735,2024-12-29 22:00:00,40.174614821857176
8736,2024-12-29 23:00:00,40.66693239137734
8737,2024-12-30 00:00:00,45.22448302575376
8738,2024-12-30 01:00:00,60.88446913773127
8739,2024-12-30 02:00:00,51.81698904694687
8740,2024-12-30 03:00:00,61.9185174856879
8741,2024-12-30 04:00:00,65.31357402976525
8742,2024-12-30 05:00:00,75.47422671265285
8743,2024-12-30 06:00:00,65.49296968876035
8744,2024-12-30 07:00:00,74.3524111263798
8745,2024-12-30 08:00:00,69.46849448460374
8746,2024-12-30 09:00:00,67.16503680534927
8747,2024-12-30 10:00:00,56.87130354295747
8748,2024-12-30 11:00:00,51.741100325442595
8749,2024-12-30 12:00:00,57.83129548684135
8750,2024-12-30 13:00:00,35.28486387325354
8751,2024-12-30 14:00:00,38.363706166794195
8752,2024-12-30 15:00:00,43.85038642616619
8753,2024-12-30 16:00:00,30.93234858914237
8754,2024-12-30 17:00:00,25.86774327225371
8755,2024-12-30 18:00:00,27.489524246562674
8756,2024-12-30 19:00:00,32.29360615680025
8757,2024-12-30 20:00:00,29.46071438082146
8758,2024-12-30 21:00:00,27.8251009011464
8759,2024-12-30 22:00:00,37.21456566817797
8760,2024-12-30 23:00:00,52.722334673461475
