stage_id,S1
ec_id,E6
unit,kW/m^2
1,0.292504946
2,3.753391065
3,3.979901651
4,2.279087403
5,2.405183797
6,1.332178418
7,2.04444715
8,1.574418527
9,2.64227837
10,2.853228584
11,1.567607658
12,3.525905041
13,2.012837707
14,2.11480442
15,0.18028181
16,3.859278058
17,3.350802657
18,1.325167711
19,4.255450816
20,1.311389405
21,4.16853709
22,4.777942899
23,2.615650262
24,3.342323509
25,2.409485795
26,0.364768482
27,2.452520637
28,3.316624354
29,4.30406922
30,0.845349784
31,1.781199748
32,0.09220084
33,0.366725676
34,2.792917213
35,0.479530523
36,4.646751248
37,4.016661803
38,3.633933656
39,0.500022837
40,4.773818168
41,1.620402739
42,2.828733315
43,0.830383682
44,2.40695785
45,4.243716773
46,2.795147933
47,4.473249257
48,1.321550043
49,4.257285971
50,3.341706876
51,1.955924262
52,4.683673458
53,2.408946437
54,0.430485249
55,4.152573116
56,4.964424933
57,3.095209638
58,4.89928782
59,1.510535567
60,2.197718766
61,3.289459163
62,1.588695004
63,2.322742841
64,3.944815059
65,3.839724131
66,4.144367268
67,1.981710951
68,2.775632809
69,0.580384093
70,1.18096046
71,1.45151571
72,0.745713035
73,0.826562319
74,3.044650581
75,3.293035381
76,1.427319824
77,0.892600996
78,4.699313872
79,3.44544611
80,1.908347387
81,1.689342289
82,2.496032388
83,0.973899814
84,3.1552706
85,3.993091618
86,1.869528995
87,4.654847872
88,1.321291757
89,3.784708336
90,2.344843526
91,2.294078519
92,3.871626211
93,0.825966312
94,0.126985504
95,0.126314433
96,1.76646602
97,2.102710221
98,4.982233967
99,3.713575239
100,2.514164482
101,2.671917039
102,4.425489537
103,2.973652811
104,1.68278075
105,2.953791424
106,2.844277485
107,4.448846262
108,4.138864135
109,4.508973011
110,2.882975597
111,3.892458315
112,3.240319735
113,2.297584333
114,1.081167519
115,2.578124154
116,4.208301532
117,1.95278802
118,0.736799594
119,2.824198546
120,4.513229679
121,0.604144042
122,2.727043582
123,2.049279736
124,0.451221072
125,2.302035073
126,4.389201042
127,2.701810702
128,4.315058481
129,3.163175833
130,3.833844314
131,1.861127385
132,2.633611653
133,4.468139383
134,0.577055315
135,2.801668934
136,0.884093173
137,0.652868995
138,2.887130845
139,1.000713247
140,0.466747394
141,1.626446833
142,4.159019739
143,4.815638318
144,3.292096673
145,1.683866116
146,0.528784127
147,2.073613205
148,0.061604849
149,1.131444684
150,1.343594666
151,1.172720811
152,2.356721919
153,2.19456327
154,2.008564131
155,4.228071416
156,1.649199462
157,3.472945636
158,1.607675285
159,3.45884028
160,3.718207928
161,1.570161814
162,3.33554468
163,0.319637131
164,4.553445248
165,3.639195032
166,3.226729944
167,0.929950866
168,1.417284579
169,1.559460485
170,4.257471009
171,2.812238876
172,0.020335904
173,1.741536822
174,0.326810257
175,4.337889124
176,4.40577381
177,2.723867278
178,4.99467452
179,0.48235528
180,3.584059794
181,3.992556233
182,0.365469253
183,4.470513552
184,3.136744688
185,4.588769784
186,4.050256496
187,2.164762464
188,0.693424023
189,4.234826094
190,3.422621736
191,1.316227506
192,4.247811541
193,1.321319877
194,2.533880338
195,1.311753415
196,3.634191052
197,1.305207407
198,2.255080795
199,3.031234038
200,0.307115319
201,4.077945441
202,4.514332629
203,2.962500868
204,3.034719776
205,0.526657146
206,2.908320306
207,1.093416366
208,1.585768571
209,4.580481188
210,0.446031253
211,4.107954443
212,1.59738798
213,1.138829195
214,3.352970522
215,1.951648441
216,2.700526509
217,4.957385765
218,4.108631619
219,0.571455011
220,4.548778063
221,2.279233242
222,1.276299778
223,2.22116055
224,4.081079286
225,0.937331169
226,1.384944164
227,3.33128793
228,3.83382392
229,2.847300888
230,1.468116677
231,3.328726953
232,0.838737024
233,1.066638698
234,0.792830537
235,0.192613218
236,4.726135058
237,4.796922981
238,3.600039523
239,0.449935363
240,2.054344002
241,0.656578101
242,0.755346501
243,4.233752829
244,2.062802649
245,2.462155377
246,3.550890446
247,3.109888192
248,0.602308616
249,3.554386904
250,0.073544781
251,4.839862755
252,4.627180049
253,1.363908672
254,3.259176645
255,3.292746718
256,3.97073034
257,1.15490565
258,4.22139901
259,1.706454876
260,0.620424554
261,0.944637457
262,1.473205125
263,0.407748287
264,0.188860677
265,0.787755456
266,2.106482866
267,1.614629698
268,1.330257842
269,4.543460537
270,1.831812104
271,3.42177102
272,0.008945115
273,1.376219648
274,2.964411902
275,4.301329512
276,2.038650358
277,2.478837456
278,4.911864385
279,3.755910725
280,2.400684868
281,3.058157188
282,3.609547935
283,2.582950377
284,3.894506885
285,2.108023283
286,0.319928178
287,0.912371751
288,3.405289001
289,4.746218636
290,3.368673476
291,0.882641762
292,2.131016525
293,0.831894565
294,4.126257199
295,2.411839095
296,2.955008032
297,2.458690606
298,1.070786883
299,0.021401446
300,2.736340064
301,4.557982012
302,4.96708304
303,0.094462918
304,4.79798349
305,4.089589751
306,2.893048131
307,4.176036914
308,0.993069406
309,1.258249127
310,2.809956478
311,0.358945373
312,2.445561396
313,3.574966297
314,3.950592464
315,3.137485356
316,2.720282273
317,4.595875982
318,1.113230731
319,2.018870097
320,3.872902474
321,3.523978674
322,1.398953104
323,0.574955246
324,1.980176539
325,2.072135271
326,2.104660612
327,0.845703599
328,4.185833116
329,2.292142027
330,2.893188603
331,2.210696969
332,3.643729217
333,0.600593818
334,0.491654552
335,4.83035851
336,2.92414406
337,0.12818319
338,3.571486265
339,4.985627174
340,4.776086746
341,1.480417546
342,1.867577149
343,1.877712075
344,3.947569194
345,1.394227412
346,3.298407749
347,1.685973579
348,3.075878163
349,1.134173961
350,2.902339025
351,0.772637801
352,3.670940043
353,1.891743588
354,0.927890113
355,2.269603473
356,2.801458567
357,3.572083344
358,2.31351204
359,2.430955702
360,3.659833606
361,3.845274089
362,4.279221318
363,4.547777391
364,3.374856486
365,3.351395003
366,1.060068766
367,3.825250257
368,0.688607347
369,3.048409719
370,0.178345931
371,1.567703169
372,4.129903939
373,4.813450876
374,1.494320537
375,2.559085305
376,4.851734045
377,4.165108143
378,4.71139489
379,2.991085054
380,1.290213575
381,1.7486193
382,2.048447425
383,2.971945787
384,2.430998832
385,4.50790045
386,3.843880158
387,2.623643792
388,3.974319319
389,2.426564897
390,0.537025048
391,4.167829966
392,1.207298279
393,3.669572909
394,1.826931671
395,3.330061445
396,3.292278104
397,4.716703637
398,2.153778831
399,0.924325117
400,0.661527031
401,4.963173923
402,0.528942946
403,2.33282796
404,2.887428364
405,0.236120131
406,1.139613549
407,2.84658964
408,1.290349494
409,4.067902502
410,1.94969857
411,3.074551078
412,2.576863265
413,4.175908717
414,4.742135096
415,1.126773438
416,1.951851515
417,1.393571726
418,2.408239445
419,2.487085453
420,2.527381965
421,4.609230517
422,0.397882396
423,2.94730351
424,4.047770203
425,2.192958639
426,2.093317482
427,0.730848755
428,4.670479542
429,2.128475068
430,1.278021927
431,3.401205608
432,3.799408126
433,2.985123843
434,2.655700488
435,1.116068903
436,0.989215259
437,4.951049509
438,3.886251727
439,2.445318947
440,4.898975405
441,1.419438238
442,3.400267235
443,3.07523238
444,3.423421965
445,0.372597577
446,3.632316416
447,0.110614594
448,0.049014804
449,3.061998132
450,4.208093001
451,0.535879196
452,0.347254707
453,2.64994799
454,0.30203507
455,3.849613896
456,0.750180092
457,3.61367071
458,0.910906981
459,2.674347635
460,4.444952451
461,3.252325761
462,4.76920173
463,1.587506896
464,1.691732468
465,2.902830027
466,3.421215988
467,1.005586648
468,1.120628843
469,3.413359639
470,4.751402697
471,3.969177055
472,4.10495058
473,4.041694778
474,2.95433919
475,0.062568991
476,1.583088911
477,4.365864399
478,3.153048278
479,1.636213437
480,0.570281695
481,3.33222064
482,2.62991211
483,4.919665371
484,3.517569029
485,4.801517199
486,4.9270196
487,2.439017365
488,1.905992396
489,0.843960329
490,2.007989015
491,2.367679999
492,1.501066483
493,0.030622172
494,1.866286976
495,3.210992349
496,1.354818256
497,1.939527969
498,4.399622555
499,0.801693214
500,3.975292593
501,3.063395341
502,1.498228727
503,1.315093214
504,0.369895411
505,4.397872534
506,0.21735518
507,4.655845372
508,3.807887889
509,2.953952352
510,2.619724811
511,0.931086868
512,0.096661155
513,2.460389485
514,0.738661444
515,2.534918997
516,1.414243298
517,3.232875408
518,2.482631384
519,3.463219837
520,1.125412661
521,3.546343409
522,1.067491696
523,3.20615906
524,2.009387745
525,0.63233781
526,1.713025698
527,1.856001778
528,3.172804365
529,3.117961471
530,2.545355042
531,2.4134431
532,3.254470047
533,0.488516445
534,0.646936469
535,0.248131447
536,3.483066288
537,0.603620714
538,0.623178952
539,1.917470253
540,4.551297147
541,1.189086441
542,0.635140226
543,3.404292572
544,2.716038464
545,2.777284226
546,4.559649459
547,4.99477386
548,4.480632696
549,2.74193566
550,0.481913388
551,3.855937607
552,2.685864087
553,1.054772249
554,4.153462797
555,0.826712218
556,3.380498055
557,1.707708882
558,3.089496102
559,3.344890851
560,3.415288931
561,0.669322363
562,3.787771493
563,1.583315865
564,2.638204624
565,1.148544707
566,3.103827467
567,2.571371921
568,1.904025469
569,3.464714955
570,3.739696313
571,4.525166087
572,1.173143645
573,0.848789896
574,2.097981649
575,1.303349788
576,0.672660393
577,3.179834955
578,1.359412808
579,4.4338972
580,4.117043842
581,1.94576089
582,4.864339364
583,3.063846799
584,3.343544373
585,3.894182386
586,1.577543166
587,2.370985186
588,0.947749868
589,1.173401064
590,1.422301081
591,2.017604511
592,1.997009961
593,2.479430916
594,4.199853935
595,3.702003316
596,4.974756599
597,2.793608522
598,3.91492571
599,3.759157119
600,0.952426031
601,0.589341393
602,2.72701168
603,2.447393578
604,3.035809393
605,0.601146136
606,3.911794569
607,0.138690615
608,1.732201842
609,1.430810644
610,2.868104604
611,0.143545529
612,1.957763376
613,2.351662418
614,1.937906705
615,4.52008304
616,0.523435368
617,0.506727676
618,0.747939611
619,2.486029813
620,1.980820885
621,3.756634421
622,4.710259918
623,3.750992372
624,1.247684278
625,1.427010123
626,0.400867805
627,4.442135119
628,2.625133165
629,2.485833519
630,4.631964752
631,3.506769399
632,0.815713391
633,0.152587466
634,0.700963507
635,1.189004855
636,4.32964119
637,3.880005572
638,2.981363415
639,1.420875258
640,4.444433461
641,2.126499215
642,4.538021559
643,3.286265636
644,3.71090078
645,2.580592273
646,4.622213915
647,3.400811597
648,2.184325984
649,4.518502707
650,0.139445079
651,3.256970001
652,1.364491708
653,2.5419147
654,1.651353106
655,4.944653284
656,0.966966037
657,1.648149737
658,0.591479592
659,2.443662283
660,2.079827208
661,0.709919641
662,4.619844602
663,1.928267794
664,4.599751314
665,1.112390128
666,3.223625015
667,3.534277693
668,1.460048277
669,0.858457036
670,0.112485321
671,2.365654395
672,0.504441119
673,4.914011041
674,2.158013891
675,2.437247816
676,2.160432929
677,4.561841444
678,1.867162252
679,0.370172637
680,1.455178134
681,2.406653424
682,2.136258913
683,0.182779172
684,0.716481091
685,4.538872084
686,0.792364199
687,1.763590239
688,3.794984149
689,4.898938932
690,0.90173669
691,1.738249207
692,0.285126207
693,1.300524423
694,4.500958519
695,2.041878286
696,0.417763014
697,2.244764885
698,0.097509031
699,1.144404543
700,0.195151184
701,4.740475208
702,1.458535923
703,3.304188649
704,1.549391956
705,0.931184953
706,0.463757359
707,4.316543317
708,1.528285633
709,3.28568248
710,2.603274134
711,0.745442199
712,0.56747451
713,3.106480049
714,2.911545639
715,3.478396077
716,2.757962816
717,1.461440927
718,1.236324305
719,3.177474931
720,3.617062498
721,3.143051835
722,4.355022979
723,4.41712179
724,1.567189503
725,2.162834207
726,1.467608307
727,2.488128656
728,2.183141697
729,2.911284819
730,3.950153962
731,3.478365068
732,2.413473059
733,0.158592686
734,4.684945832
735,4.458308001
736,3.089072906
737,4.536836052
738,2.889359302
739,3.603723444
740,4.313896718
741,0.026243104
742,2.359433929
743,1.632880675
744,1.735060293
745,2.730689337
746,0.26956442
747,0.365781009
748,4.110694229
749,4.254044937
750,4.309772251
751,0.032934648
752,3.744794673
753,3.858923359
754,4.132552282
755,4.137494974
756,1.498562238
757,2.751996367
758,4.629240863
759,2.95179323
760,3.040418424
761,1.94592658
762,2.512261314
763,4.224044635
764,4.288166171
765,0.884849786
766,3.207882544
767,1.818689254
768,3.189135377
769,4.110123593
770,1.484089893
771,1.152606789
772,3.515781269
773,4.40242441
774,2.950061474
775,0.520810679
776,3.433455729
777,1.589924054
778,1.571105319
779,4.437626603
780,3.478316901
781,4.617720801
782,3.416275227
783,3.497999673
784,3.95587763
785,2.044937314
786,3.436582461
787,3.852212662
788,2.805211441
789,2.463235439
790,0.749156446
791,0.918520896
792,4.098375307
793,4.691412624
794,2.09868958
795,4.494378444
796,4.229952818
797,4.639240191
798,2.559807959
799,4.38422096
800,3.305771638
801,0.840880334
802,1.395885516
803,2.419898707
804,2.801992016
805,3.273901725
806,3.288760866
807,1.058629603
808,0.46227737
809,2.965203515
810,0.022306136
811,0.061735015
812,2.795549642
813,3.747662577
814,0.954232429
815,3.812712706
816,0.16266488
817,4.224083263
818,4.025102952
819,2.679917933
820,1.449533477
821,4.06764093
822,4.222890049
823,4.659719248
824,3.264959483
825,4.527839859
826,2.794912649
827,1.313609381
828,4.769507994
829,0.96265966
830,4.74850602
831,4.723914905
832,3.201188241
833,3.956595832
834,0.140082626
835,3.364726758
836,2.268182086
837,2.934784803
838,2.826074061
839,1.429732604
840,3.333106735
841,2.20052665
842,2.213009675
843,0.608301226
844,3.0387171
845,3.221405122
846,3.99362571
847,2.91622479
848,2.236508126
849,2.438841195
850,3.192430059
851,4.336958892
852,1.062396032
853,0.273621854
854,2.658763746
855,0.100080534
856,3.881581187
857,1.147035837
858,3.850077615
859,4.031961402
860,2.979971985
861,0.017170277
862,1.133107778
863,0.462767948
864,2.273554114
865,4.253804173
866,3.242843173
867,4.985524588
868,4.632170677
869,1.795847762
870,3.931114677
871,0.804166084
872,3.264600891
873,3.120840919
874,2.552992078
875,2.778082825
876,2.232113303
877,4.717195747
878,0.983413598
879,4.84743149
880,3.401658554
881,3.490330771
882,1.699757435
883,1.427381936
884,2.906115749
885,4.941022739
886,4.310483666
887,3.679575799
888,2.389397514
889,0.243598191
890,3.412697623
891,3.237034042
892,1.959403084
893,2.055355769
894,3.534724973
895,0.654008207
896,4.160759715
897,2.400294309
898,1.746948887
899,1.588450338
900,1.4925932
901,3.712142066
902,0.002997352
903,4.543907153
904,2.397655066
905,3.462071162
906,4.211464819
907,0.913870696
908,4.190216453
909,3.281259331
910,2.138975553
911,1.595515547
912,1.369943624
913,2.016411509
914,1.921125962
915,0.377782182
916,4.284242009
917,1.07857763
918,3.372635183
919,0.122792426
920,2.772389716
921,0.761529982
922,1.372806933
923,1.709593636
924,0.832273225
925,1.797097344
926,3.402113173
927,2.888563677
928,2.736260658
929,0.451086683
930,4.285696675
931,3.687625026
932,2.14531801
933,0.511146041
934,0.027280041
935,0.22350263
936,3.83308666
937,1.733350828
938,4.112229142
939,1.601344918
940,3.269955319
941,3.828019254
942,2.883343288
943,0.076782669
944,3.118549616
945,4.519380787
946,0.156146814
947,3.857602167
948,1.054769711
949,2.548944879
950,0.841892614
951,3.943325236
952,2.330801493
953,2.617668433
954,4.619678507
955,3.727464335
956,4.160358639
957,1.034909084
958,3.476181531
959,2.768086548
960,4.496280354
961,2.552513182
962,4.073847204
963,0.844786935
964,2.505861089
965,2.182540347
966,1.613240377
967,4.291904262
968,4.840914266
969,4.582029014
970,3.053624362
971,4.044293892
972,0.755980513
973,3.138370283
974,4.544844508
975,0.162944542
976,0.981399882
977,0.957681801
978,0.081486961
979,4.26754873
980,1.442243365
981,0.532386488
982,0.205528497
983,0.272653084
984,2.243588813
985,3.732980628
986,4.581190389
987,3.608315442
988,3.555100438
989,3.605881449
990,4.166122358
991,2.896068697
992,2.180879016
993,3.465371704
994,1.540848158
995,2.882766652
996,1.409830345
997,1.2663104
998,0.146685455
999,1.722727499
1000,2.368781206
1001,4.619396276
1002,1.37412718
1003,1.806746112
1004,0.520506318
1005,2.185204586
1006,0.506280504
1007,3.66941692
1008,3.302891437
1009,0.7451816
1010,2.129783583
1011,1.63652014
1012,4.678564402
1013,2.81569168
1014,3.435649255
1015,0.300639749
1016,4.006662397
1017,2.878163435
1018,2.693283179
1019,3.822768103
1020,2.238827679
1021,4.210425256
1022,2.148848058
1023,0.040347418
1024,1.660063839
1025,4.917218244
1026,4.215179608
1027,2.571947139
1028,0.389267175
1029,2.091647925
1030,2.639110811
1031,1.201960284
1032,4.315178038
1033,3.838698938
1034,0.656128317
1035,3.539045732
1036,3.731995041
1037,2.954776415
1038,2.675689807
1039,3.731713381
1040,1.895215141
1041,2.613529662
1042,4.913651083
1043,0.574771187
1044,1.627925015
1045,2.384913705
1046,3.193285597
1047,2.611108225
1048,3.269324593
1049,3.229629008
1050,1.063403765
1051,2.01647215
1052,0.918880699
1053,1.527460757
1054,2.373061844
1055,0.389881447
1056,1.868998203
1057,4.821961952
1058,3.263595403
1059,2.959617629
1060,1.022577103
1061,0.156077305
1062,2.407597276
1063,0.270270463
1064,3.84779515
1065,1.629019752
1066,1.48410211
1067,3.965918263
1068,0.001652596
1069,1.357020808
1070,1.200560896
1071,3.189842177
1072,4.899068235
1073,3.184806543
1074,1.752660566
1075,2.424682063
1076,1.357370858
1077,0.325578483
1078,1.541999867
1079,0.58863493
1080,1.867430194
1081,0.207248456
1082,3.406904785
1083,3.76617838
1084,2.401146558
1085,2.728286752
1086,1.892574414
1087,0.665007004
1088,1.449699616
1089,2.021652861
1090,4.404024876
1091,3.682344267
1092,4.265815124
1093,1.355823701
1094,2.166312176
1095,2.970963186
1096,2.243919728
1097,3.187222599
1098,0.025088594
1099,0.913775123
1100,1.593280803
1101,1.476975692
1102,1.093174591
1103,2.245812043
1104,0.674305658
1105,4.266029248
1106,3.388875521
1107,1.987663607
1108,3.432198201
1109,1.978553845
1110,3.22026794
1111,0.070854469
1112,0.735299064
1113,0.798201093
1114,1.533237027
1115,2.901781621
1116,4.383570394
1117,0.988350521
1118,4.829072265
1119,2.295853171
1120,2.407491947
1121,1.945502628
1122,3.627198187
1123,2.753566019
1124,2.403157418
1125,4.465795692
1126,0.182519765
1127,0.180381828
1128,1.989911472
1129,4.531800867
1130,3.527293124
1131,1.130018792
1132,4.576287376
1133,2.082770726
1134,4.408198357
1135,3.516757052
1136,3.35681787
1137,4.011752603
1138,4.398354998
1139,3.626950463
1140,0.45055071
1141,0.952140537
1142,2.838642855
1143,1.940699195
1144,0.422530963
1145,2.499857085
1146,2.769353751
1147,2.280073975
1148,2.837050513
1149,1.439856266
1150,2.307132688
1151,2.136256005
1152,2.239099129
1153,4.070344487
1154,1.57966417
1155,0.209902522
1156,3.317665363
1157,0.01111614
1158,2.184267689
1159,0.08731398
1160,4.84091785
1161,3.070909337
1162,0.221302753
1163,2.580912674
1164,3.617451771
1165,3.746173407
1166,4.935228837
1167,0.909403094
1168,4.826229219
1169,3.337070759
1170,1.812805464
1171,3.839270346
1172,3.563658361
1173,0.827344741
1174,3.014498303
1175,3.865337057
1176,4.752649788
1177,4.838500375
1178,4.519047467
1179,3.59662971
1180,3.586100768
1181,3.415322333
1182,1.509365903
1183,4.320379192
1184,4.083176469
1185,4.529734234
1186,2.222246839
1187,2.8623151
1188,4.628444841
1189,0.311759707
1190,0.417869047
1191,0.996518223
1192,4.552235445
1193,3.54750895
1194,2.405017834
1195,1.226229271
1196,4.210469645
1197,3.466794846
1198,0.276464631
1199,3.979873299
1200,1.229736796
1201,1.011026096
1202,3.314370974
1203,2.959675386
1204,1.51702071
1205,1.025879235
1206,0.41653641
1207,3.16891215
1208,4.231992308
1209,2.34385164
1210,1.841298516
1211,3.755825757
1212,0.078993475
1213,4.366855729
1214,1.245452618
1215,3.080973584
1216,4.229751116
1217,0.75983724
1218,4.904439566
1219,4.100110003
1220,4.130414027
1221,4.264564271
1222,4.407129693
1223,3.904077731
1224,1.655478398
1225,0.436286068
1226,2.658400876
1227,4.15163276
1228,1.817860783
1229,2.319130985
1230,2.059587966
1231,3.137408776
1232,3.329463224
1233,2.082407007
1234,2.581795285
1235,3.75080168
1236,4.061610335
1237,2.427641811
1238,4.441124117
1239,1.146377061
1240,4.969782643
1241,0.491884303
1242,2.013616466
1243,2.484679529
1244,1.265964617
1245,4.334983668
1246,1.081835669
1247,4.087246075
1248,2.37020523
1249,3.493756378
1250,4.322773167
1251,4.551523625
1252,2.156190536
1253,3.181186397
1254,3.915171818
1255,4.437244148
1256,4.638309724
1257,4.652278456
1258,4.936745478
1259,4.238095092
1260,2.786787325
1261,3.888392471
1262,2.225999323
1263,4.949664174
1264,2.968344216
1265,1.200193326
1266,1.534657339
1267,4.53417277
1268,1.556476816
1269,3.574675436
1270,0.390108221
1271,0.666579252
1272,1.666394706
1273,1.626283946
1274,0.043819995
1275,1.84340973
1276,0.887027809
1277,4.466719863
1278,4.662224169
1279,4.765158589
1280,0.617689264
1281,0.716102197
1282,4.047147171
1283,1.951168927
1284,0.359784842
1285,2.140460039
1286,0.140984966
1287,3.60760353
1288,4.956119008
1289,2.843968292
1290,1.041455336
1291,3.794388969
1292,4.514570055
1293,4.254461008
1294,2.543924351
1295,1.917343801
1296,1.270752518
1297,2.465676486
1298,4.486597206
1299,2.450091217
1300,0.88252872
1301,3.378744559
1302,2.979397965
1303,0.731906398
1304,1.832213991
1305,1.50007466
1306,3.492921472
1307,3.242880632
1308,2.941307079
1309,2.301018352
1310,0.087947753
1311,1.606620504
1312,2.883875717
1313,4.991181541
1314,0.523750667
1315,4.625796093
1316,2.972829565
1317,4.326640098
1318,4.418106171
1319,2.975086939
1320,2.370011897
1321,2.629006957
1322,3.117417701
1323,3.360306504
1324,1.356998094
1325,0.453134318
1326,0.667411918
1327,1.144710665
1328,0.052371214
1329,2.866486154
1330,1.499781104
1331,0.663237175
1332,1.408555644
1333,3.851152684
1334,0.714264206
1335,4.435226869
1336,2.498333722
1337,4.461880212
1338,1.346282171
1339,1.521527154
1340,2.060915099
1341,0.164980125
1342,3.769608338
1343,4.686469999
1344,0.249976182
1345,2.490944785
1346,0.958719716
1347,0.128585463
1348,0.787246727
1349,2.468899407
1350,1.041775523
1351,2.562381732
1352,4.75946766
1353,2.88582703
1354,0.295229718
1355,4.675428588
1356,2.713389658
1357,3.162063652
1358,4.647155587
1359,4.621547074
1360,2.687794623
1361,2.973489442
1362,0.037482087
1363,1.927989576
1364,4.089585301
1365,0.983758964
1366,2.061800423
1367,2.574462407
1368,2.9056783
1369,4.611346286
1370,3.515941663
1371,2.098174552
1372,0.705827398
1373,4.00909784
1374,1.461018617
1375,4.281801395
1376,0.469790612
1377,3.919690274
1378,4.196378025
1379,3.112198715
1380,4.107639449
1381,0.201535954
1382,4.416004952
1383,0.098502962
1384,4.344543878
1385,3.244622265
1386,0.33141193
1387,4.74768207
1388,0.943516543
1389,4.878459447
1390,0.110766229
1391,3.170943579
1392,4.11824379
1393,3.380969131
1394,0.58214698
1395,0.665793418
1396,3.688146839
1397,3.495405789
1398,2.975274839
1399,0.730799136
1400,0.103357977
1401,1.798111787
1402,0.863373786
1403,2.002164214
1404,2.188034612
1405,0.33597811
1406,1.82095027
1407,4.1171382
1408,4.42880624
1409,4.737310033
1410,4.774204378
1411,4.548336662
1412,3.177264011
1413,2.802566456
1414,3.301262899
1415,1.372279946
1416,3.089898445
1417,3.448486721
1418,4.985161346
1419,4.537297388
1420,3.818475135
1421,4.381324144
1422,1.502324035
1423,1.856645039
1424,3.367668771
1425,4.255243373
1426,3.870100831
1427,3.636504717
1428,1.642153356
1429,3.311553632
1430,1.573149921
1431,3.488569459
1432,3.85077506
1433,0.997955082
1434,4.884310633
1435,2.785289379
1436,2.280118905
1437,4.412330102
1438,3.505544497
1439,1.793355005
1440,0.229281778
1441,2.044698565
1442,2.90613295
1443,2.653172514
1444,4.765804837
1445,1.882064538
1446,2.856414289
1447,1.675076729
1448,4.883173132
1449,1.964803371
1450,1.538992615
1451,2.892781843
1452,1.015144194
1453,0.81822473
1454,3.038513601
1455,0.885983007
1456,3.150623199
1457,0.746915241
1458,3.241222189
1459,3.264773735
1460,4.451841722
1461,4.26722341
1462,2.789966349
1463,4.388444469
1464,3.047433174
1465,1.230007224
1466,2.431744942
1467,4.281715682
1468,0.109418244
1469,3.420241666
1470,4.46873826
1471,1.942957981
1472,4.633961719
1473,2.585607425
1474,2.071723383
1475,2.751051028
1476,2.653554926
1477,4.796125222
1478,2.635516278
1479,4.938387269
1480,1.697725279
1481,2.228389351
1482,3.683559643
1483,2.816489633
1484,0.949248503
1485,4.003507151
1486,2.475978662
1487,2.977595238
1488,2.33674682
1489,1.170757951
1490,1.932824428
1491,3.987693733
1492,1.225695981
1493,3.185216945
1494,4.075820709
1495,1.706284325
1496,4.40499496
1497,3.22585223
1498,3.300128456
1499,4.52983486
1500,4.484951589
1501,1.869806338
1502,0.502687012
1503,1.226037228
1504,4.031400245
1505,3.512060734
1506,3.734780222
1507,1.985269642
1508,4.356094639
1509,3.061671144
1510,2.577686032
1511,1.387836183
1512,4.466739091
1513,3.388527431
1514,4.870956555
1515,2.965080705
1516,1.705163145
1517,1.666472275
1518,4.973414184
1519,2.667844197
1520,2.852152192
1521,0.733463633
1522,1.454074673
1523,1.741608035
1524,1.871464671
1525,1.213247386
1526,4.129731362
1527,4.437874534
1528,3.348579997
1529,3.977105503
1530,0.236006708
1531,4.410731164
1532,4.859058293
1533,2.718220657
1534,1.278464002
1535,1.257441433
1536,0.624450905
1537,3.083048041
1538,4.162841215
1539,0.520612047
1540,0.253251007
1541,4.085230062
1542,2.742731906
1543,2.267880033
1544,4.636365845
1545,1.295940138
1546,4.003311905
1547,1.140826372
1548,2.700276156
1549,3.054062714
1550,2.986868387
1551,2.108068595
1552,1.171354863
1553,3.352572747
1554,0.86446809
1555,4.017088136
1556,4.929941885
1557,2.454328619
1558,0.876664967
1559,4.229220343
1560,2.150509932
1561,4.169242263
1562,2.365954234
1563,3.370037092
1564,0.989412067
1565,1.811968096
1566,3.423954324
1567,0.13542083
1568,3.989752509
1569,1.147934122
1570,3.138584822
1571,3.124346902
1572,1.259401701
1573,4.552314142
1574,2.648993138
1575,0.654930621
1576,3.326223124
1577,4.054832819
1578,3.743570098
1579,1.610883867
1580,3.552910963
1581,4.412889768
1582,2.137703171
1583,4.717304788
1584,4.017872072
1585,1.496001896
1586,0.258295883
1587,3.810047655
1588,2.70835167
1589,0.491682269
1590,0.742731151
1591,2.519970405
1592,1.957496042
1593,1.878381783
1594,4.837815322
1595,2.662120399
1596,4.634810544
1597,1.622320465
1598,1.569042818
1599,4.594888524
1600,4.436461379
1601,0.99090941
1602,2.444076516
1603,4.556799755
1604,2.968464105
1605,0.387370109
1606,3.534127709
1607,0.754314818
1608,0.896020256
1609,1.390540506
1610,3.447863503
1611,2.571302951
1612,2.963339214
1613,4.881209879
1614,4.276200618
1615,1.510420124
1616,0.292474563
1617,1.086781868
1618,0.812166973
1619,1.509472823
1620,0.601185162
1621,4.945435733
1622,3.743825188
1623,2.820297583
1624,0.410693682
1625,3.072513315
1626,1.787826244
1627,3.293574539
1628,0.433169501
1629,3.088151911
1630,2.791779259
1631,2.766597448
1632,0.108937308
1633,0.727906673
1634,0.207889732
1635,3.327121187
1636,3.919196944
1637,4.126955424
1638,2.633603688
1639,4.70315846
1640,4.41272439
1641,2.707064387
1642,1.09210647
1643,4.626603717
1644,2.158214417
1645,3.593422297
1646,4.457302745
1647,3.896898131
1648,2.962630112
1649,1.636207146
1650,1.035413943
1651,4.51962668
1652,0.777660195
1653,2.513784291
1654,3.247190376
1655,0.015637363
1656,4.177070485
1657,4.910284728
1658,2.564281755
1659,0.989075599
1660,1.823780115
1661,2.156551951
1662,2.074197423
1663,4.866115871
1664,4.405166616
1665,0.23114161
1666,4.98376425
1667,0.855174972
1668,4.477713839
1669,3.107241816
1670,1.695246161
1671,2.639631004
1672,4.111520459
1673,1.36510284
1674,0.026853534
1675,3.769585082
1676,0.86852691
1677,3.525782638
1678,1.748770684
1679,2.160688456
1680,4.600135573
1681,4.423541099
1682,1.496120928
1683,3.046760695
1684,3.837986076
1685,1.722744502
1686,2.924677213
1687,4.004439885
1688,0.570121996
1689,3.476361568
1690,2.001087456
1691,2.968508507
1692,3.21676211
1693,1.785176624
1694,3.714128842
1695,1.655675922
1696,4.578954568
1697,4.815577513
1698,3.234966861
1699,3.171212124
1700,1.122999036
1701,0.532466581
1702,0.450448633
1703,2.956486877
1704,1.149092227
1705,0.003439794
1706,0.928960319
1707,1.549702633
1708,1.322469621
1709,1.657728908
1710,2.329657415
1711,3.341149976
1712,1.064232378
1713,4.06687779
1714,0.925358015
1715,0.479556084
1716,1.903459881
1717,0.087529287
1718,3.066288912
1719,0.112067372
1720,4.61623166
1721,1.644320825
1722,0.943494681
1723,1.03075242
1724,3.032778186
1725,0.022822104
1726,2.614902374
1727,0.022009901
1728,4.690300658
1729,4.201839968
1730,2.172906131
1731,2.171681433
1732,2.69985657
1733,1.05935584
1734,0.907799537
1735,0.460524362
1736,1.230434349
1737,4.845595672
1738,0.681875655
1739,3.837654649
1740,4.198089136
1741,4.820693408
1742,4.145094094
1743,1.337163028
1744,2.728849082
1745,0.378303612
1746,0.568634773
1747,2.226791914
1748,0.599305357
1749,2.133761265
1750,2.778556902
1751,4.895550473
1752,4.751695151
1753,2.956001352
1754,1.313260208
1755,2.526722574
1756,2.914415222
1757,3.589340682
1758,4.368095229
1759,3.085213425
1760,0.581122758
1761,3.41674156
1762,4.146635175
1763,4.640688373
1764,3.568623983
1765,1.374880007
1766,2.717751212
1767,1.968225444
1768,1.598467144
1769,4.107392871
1770,4.755518103
1771,2.886665642
1772,3.523211449
1773,3.509169588
1774,2.809574774
1775,2.34132378
1776,3.246086356
1777,4.679399075
1778,0.52244942
1779,2.352087244
1780,1.573627673
1781,2.605847088
1782,3.215133461
1783,0.6214022
1784,4.158698746
1785,3.090315311
1786,4.132634506
1787,4.311684873
1788,4.442019796
1789,1.304886328
1790,2.537309133
1791,1.945866972
1792,0.363301151
1793,2.048334816
1794,4.860235991
1795,0.916688437
1796,3.497510103
1797,0.820494784
1798,2.995823794
1799,2.502587118
1800,4.33609404
1801,0.142579173
1802,4.330260608
1803,0.809844796
1804,4.437399557
1805,3.217153219
1806,1.299886796
1807,0.198919855
1808,3.85355135
1809,4.999246486
1810,2.598903745
1811,4.149371065
1812,4.01748097
1813,1.421386044
1814,3.61034298
1815,1.113532378
1816,3.435956348
1817,1.117904151
1818,3.504032238
1819,1.189271211
1820,1.531792307
1821,3.603210102
1822,4.857920105
1823,2.094490577
1824,3.959786016
1825,0.941321744
1826,2.251524972
1827,4.305147187
1828,3.120174053
1829,0.436329563
1830,4.508207132
1831,4.651353002
1832,1.154986899
1833,0.7993617
1834,0.085549423
1835,3.715153781
1836,4.678058507
1837,1.878699511
1838,4.008611835
1839,1.65793321
1840,2.334690894
1841,2.287323896
1842,1.9935843
1843,0.913186621
1844,1.927200334
1845,1.144348633
1846,3.430959689
1847,1.268460037
1848,1.032280983
1849,3.89356999
1850,2.147692127
1851,2.833844817
1852,2.850396167
1853,1.432897093
1854,3.773274966
1855,0.699227237
1856,2.957088377
1857,1.108845089
1858,2.684889744
1859,1.878387947
1860,1.020152719
1861,4.580859044
1862,1.620986994
1863,1.999304098
1864,0.371598213
1865,3.98144533
1866,2.39968873
1867,3.887676386
1868,4.647950305
1869,0.780591707
1870,0.812261497
1871,3.723096799
1872,0.985569924
1873,0.421050879
1874,1.221115599
1875,1.744543261
1876,1.777051604
1877,0.789759844
1878,0.368144256
1879,0.33095471
1880,1.88297567
1881,2.554356267
1882,4.338642519
1883,1.484680673
1884,0.424479053
1885,4.11848912
1886,0.214687318
1887,2.478855426
1888,1.923736839
1889,4.541061032
1890,1.003732934
1891,0.121275471
1892,0.422980196
1893,4.777432171
1894,1.892598043
1895,1.577716629
1896,4.274443811
1897,4.963728334
1898,1.682248981
1899,0.966843796
1900,1.462261481
1901,3.588194623
1902,3.537395658
1903,2.468389841
1904,4.025888089
1905,3.299918034
1906,2.532004106
1907,4.514248266
1908,0.443927167
1909,4.291267461
1910,2.201399721
1911,2.898735287
1912,2.096672951
1913,3.672269497
1914,2.702298923
1915,1.828133715
1916,3.800052871
1917,1.21468587
1918,2.966956668
1919,4.638611042
1920,4.280832265
1921,1.23784154
1922,0.653285817
1923,3.742391126
1924,0.902965898
1925,2.098184131
1926,1.97342329
1927,2.054465809
1928,0.816246412
1929,0.937243229
1930,0.533274551
1931,4.360287934
1932,1.19065954
1933,0.988448152
1934,4.28028905
1935,1.898120628
1936,2.217845865
1937,2.030008726
1938,0.562403298
1939,2.14381432
1940,3.602018759
1941,2.0596864
1942,1.394465446
1943,0.903347192
1944,0.132995236
1945,3.32181128
1946,3.456355926
1947,0.983650715
1948,2.476077183
1949,1.420559559
1950,3.459357318
1951,0.005442206
1952,4.554098473
1953,0.488608641
1954,0.981198587
1955,1.824353889
1956,4.254338558
1957,1.619132264
1958,0.080689761
1959,4.20843593
1960,3.257787261
1961,2.377909716
1962,2.257109893
1963,0.615638241
1964,0.337605121
1965,3.090593171
1966,1.183336909
1967,2.502223798
1968,1.704457662
1969,1.928345863
1970,4.08956464
1971,4.849980484
1972,4.229120131
1973,3.369278113
1974,0.329140297
1975,0.963775267
1976,4.803131819
1977,0.674846812
1978,3.572125758
1979,2.58265026
1980,2.767875975
1981,1.689264815
1982,0.687810272
1983,2.789058907
1984,0.959379925
1985,3.433978788
1986,2.087124896
1987,1.853387984
1988,3.422338008
1989,2.033515317
1990,3.315979221
1991,2.302868108
1992,1.52112264
1993,2.301125591
1994,0.109591181
1995,4.221057807
1996,2.201847847
1997,2.645435622
1998,4.914602049
1999,0.564622716
2000,1.937230926
2001,3.603673314
2002,3.980944863
2003,1.542536743
2004,1.504196424
2005,4.176998715
2006,4.592169036
2007,0.686896393
2008,3.092890401
2009,1.202708209
2010,1.652793724
2011,1.501076185
2012,4.817146063
2013,2.343699765
2014,3.300631166
2015,3.845894238
2016,0.938924946
2017,0.281639879
2018,2.807224183
2019,2.819527408
2020,2.03992065
2021,3.495339694
2022,4.110836232
2023,3.529347917
2024,1.438677885
2025,4.357020775
2026,3.199450086
2027,4.545425497
2028,4.883581551
2029,4.289660337
2030,1.948144028
2031,1.165585467
2032,3.228702325
2033,0.287952092
2034,4.19816953
2035,1.425358336
2036,2.123708592
2037,4.989211754
2038,3.092646053
2039,0.449480088
2040,1.315346727
2041,3.379051116
2042,1.979148838
2043,0.797819823
2044,4.934633943
2045,0.950766882
2046,3.771343501
2047,0.482463868
2048,3.790874468
2049,1.358009397
2050,0.015844471
2051,2.220984881
2052,4.537337563
2053,3.257372924
2054,3.176009199
2055,4.682796253
2056,2.261738349
2057,0.516874693
2058,4.956376971
2059,2.934350452
2060,3.811473773
2061,0.75557762
2062,2.490589593
2063,2.912447036
2064,1.04015918
2065,4.529437258
2066,2.970655395
2067,2.272137981
2068,2.636777696
2069,2.916214816
2070,0.70000041
2071,1.117449554
2072,2.433558286
2073,3.092406613
2074,1.129147784
2075,0.740609759
2076,2.124945924
2077,0.028281377
2078,4.281805742
2079,3.588766842
2080,4.036390312
2081,4.579392707
2082,3.153035521
2083,2.669415058
2084,2.082755251
2085,2.813603765
2086,2.921965564
2087,4.577551397
2088,2.344270199
2089,2.992088239
2090,2.397401985
2091,4.19953847
2092,1.5991595
2093,0.733314418
2094,0.344563297
2095,2.715258104
2096,2.47673303
2097,0.915454358
2098,0.796720335
2099,0.203895464
2100,4.044087457
2101,3.548296541
2102,4.025996621
2103,2.95290446
2104,2.2779116
2105,3.597301751
2106,1.361857311
2107,0.150357291
2108,0.60802196
2109,2.320822099
2110,1.823081633
2111,0.324401733
2112,1.891741543
2113,2.983654128
2114,2.236236372
2115,4.047999131
2116,0.040763575
2117,2.040937959
2118,2.004274326
2119,2.891845644
2120,0.842784301
2121,4.647488405
2122,3.413417868
2123,0.071451686
2124,1.499394661
2125,4.602516782
2126,4.756685138
2127,4.496196362
2128,4.397057197
2129,1.054839835
2130,4.121740914
2131,1.677331038
2132,0.515658703
2133,3.778105073
2134,2.931366934
2135,3.770115505
2136,2.687974183
2137,2.096916344
2138,3.614700501
2139,4.188936815
2140,3.915367777
2141,3.869832377
2142,1.223907941
2143,0.207591677
2144,0.476774791
2145,4.384039066
2146,4.199404763
2147,0.652391487
2148,1.126144427
2149,2.604262961
2150,4.767042148
2151,2.401575233
2152,3.560232757
2153,3.366150787
2154,1.416997387
2155,2.174232783
2156,3.18954248
2157,4.979701978
2158,0.235500329
2159,1.308986079
2160,2.358329943
2161,4.521941723
2162,1.730817164
2163,0.168149742
2164,3.41203045
2165,1.121515307
2166,0.736791489
2167,3.173315856
2168,4.265861865
2169,2.19642669
2170,1.845929202
2171,3.620857209
2172,4.393930796
2173,2.956355369
2174,3.377695595
2175,3.906923778
2176,3.870912674
2177,4.630874728
2178,2.245467062
2179,3.591672188
2180,2.999994008
2181,4.658309901
2182,3.701218277
2183,2.60500009
2184,3.905874645
2185,0.401462445
2186,4.660061392
2187,0.980770834
2188,2.628948188
2189,1.643575463
2190,4.304068625
2191,1.568470631
2192,2.527255889
2193,4.311577209
2194,3.360512038
2195,2.075620929
2196,1.781117428
2197,2.142403192
2198,4.919525673
2199,0.024214937
2200,4.95875268
2201,4.882250211
2202,1.862640687
2203,3.990952911
2204,2.923601683
2205,2.577160519
2206,3.922593621
2207,3.42577314
2208,3.769785488
2209,0.109905791
2210,2.501465758
2211,4.180647718
2212,1.975523859
2213,2.23543925
2214,4.471282002
2215,4.559318744
2216,1.626273697
2217,0.638564994
2218,2.303681394
2219,2.53922256
2220,0.232926108
2221,3.877737612
2222,1.662786552
2223,3.067745519
2224,4.994630103
2225,4.685331586
2226,0.698153462
2227,0.091608755
2228,0.562546437
2229,3.855373122
2230,4.407692539
2231,2.723770331
2232,0.971747792
2233,0.267215281
2234,3.542551422
2235,3.881915961
2236,1.579420092
2237,2.800730258
2238,0.02928323
2239,0.992243605
2240,4.230871456
2241,4.894782523
2242,1.612270883
2243,2.563518528
2244,4.670287558
2245,0.027037141
2246,1.278853638
2247,0.265691573
2248,3.562579818
2249,0.170992457
2250,3.488771926
2251,3.715818096
2252,4.068999013
2253,1.078832204
2254,2.223373345
2255,0.797268749
2256,1.099969239
2257,0.065602846
2258,2.635649657
2259,3.313483218
2260,0.277196431
2261,3.565255645
2262,1.390721075
2263,2.186603918
2264,3.991216348
2265,0.508916359
2266,3.536200424
2267,0.661561426
2268,2.557065973
2269,4.387887547
2270,0.263361751
2271,3.779384342
2272,2.385038949
2273,0.424014842
2274,4.166660428
2275,1.802149243
2276,1.42177622
2277,3.053843241
2278,2.34013864
2279,2.914539367
2280,0.315484698
2281,1.793113613
2282,1.432663777
2283,3.55741162
2284,1.449489692
2285,1.055288689
2286,2.335838339
2287,3.223397369
2288,3.173044488
2289,1.361586672
2290,2.215320259
2291,0.857718581
2292,1.554924183
2293,0.203779306
2294,0.618745769
2295,2.607679546
2296,0.180744019
2297,1.277298032
2298,1.143920034
2299,3.136313426
2300,4.559503487
2301,4.108401808
2302,0.990467991
2303,4.773335167
2304,1.856786573
2305,3.550778884
2306,0.034566073
2307,2.031986082
2308,1.702518797
2309,0.717864227
2310,2.532164192
2311,3.657643851
2312,2.597116955
2313,3.286259868
2314,1.45490635
2315,1.23238649
2316,2.086632969
2317,0.080477252
2318,2.664544646
2319,0.165510349
2320,4.531531118
2321,0.382597919
2322,3.59532359
2323,2.483466118
2324,0.625363234
2325,3.384361055
2326,0.519508353
2327,2.550820911
2328,3.204058804
2329,4.442284763
2330,1.480375983
2331,2.393559087
2332,4.892003999
2333,3.021434849
2334,4.117023648
2335,2.598112891
2336,3.743405061
2337,0.974450013
2338,4.654853718
2339,2.833713887
2340,4.939115432
2341,2.093418502
2342,2.730475335
2343,0.000972904
2344,0.784953858
2345,1.696838227
2346,1.33805185
2347,0.00225022
2348,1.25860119
2349,1.828323437
2350,2.207802644
2351,3.683787136
2352,0.403572861
2353,2.802041989
2354,1.377513002
2355,0.204262513
2356,1.223738053
2357,0.922859142
2358,1.144149498
2359,3.891431955
2360,1.621687468
2361,1.652863143
2362,1.75940493
2363,3.113716224
2364,2.441032712
2365,3.79254898
2366,1.50425573
2367,1.250502815
2368,2.746991283
2369,4.764295918
2370,4.265794863
2371,2.999963849
2372,4.311621559
2373,1.285489196
2374,0.045895908
2375,3.612896749
2376,2.22545619
2377,4.451141874
2378,2.195120108
2379,1.73893938
2380,4.610796749
2381,2.318743618
2382,4.355914487
2383,4.648116069
2384,3.566669018
2385,3.322116303
2386,2.213399269
2387,1.53227426
2388,3.776638763
2389,3.783831966
2390,1.489264864
2391,1.499662516
2392,3.748035093
2393,0.506694145
2394,0.807348026
2395,0.934804682
2396,2.632190602
2397,3.219316174
2398,4.654254811
2399,4.651486192
2400,3.63429626
2401,3.524220117
2402,1.229061657
2403,4.474592108
2404,1.602268813
2405,3.772650475
2406,4.540283063
2407,1.782755671
2408,4.885873243
2409,2.597929299
2410,4.557610311
2411,1.919563083
2412,0.988921537
2413,1.708373637
2414,0.819447959
2415,4.631615973
2416,1.528823412
2417,1.298118999
2418,0.75417822
2419,0.895169612
2420,2.367774424
2421,3.528201569
2422,3.289477802
2423,0.734357118
2424,2.719703429
2425,2.46167265
2426,1.749101888
2427,3.956610904
2428,4.463386184
2429,0.158795146
2430,2.857176284
2431,2.660849172
2432,2.269437515
2433,2.61855808
2434,1.236056591
2435,2.766119668
2436,3.892560403
2437,0.892704582
2438,0.989275257
2439,0.087105797
2440,1.863889906
2441,4.096694705
2442,0.838812832
2443,1.427538803
2444,2.559163367
2445,1.985855722
2446,3.616873238
2447,3.677763399
2448,1.158867502
2449,4.821900722
2450,1.333458285
2451,0.247659197
2452,0.23702038
2453,0.003357885
2454,1.908896198
2455,2.263079673
2456,4.570797629
2457,1.022009711
2458,2.9157465
2459,4.434755494
2460,0.908467785
2461,1.035764405
2462,0.544606763
2463,4.869692783
2464,4.583796842
2465,4.879175464
2466,1.279813529
2467,3.268153049
2468,1.377206622
2469,0.733241433
2470,0.866446781
2471,2.159689242
2472,4.978885268
2473,0.450676547
2474,3.13991746
2475,3.388867606
2476,0.492448971
2477,1.57056893
2478,0.228989376
2479,2.230750317
2480,2.872340221
2481,0.216595808
2482,4.15706769
2483,4.056187084
2484,3.577206407
2485,1.471347096
2486,3.549127582
2487,4.713391247
2488,4.243128287
2489,0.132132821
2490,2.644788668
2491,2.022646643
2492,1.862123542
2493,1.455454613
2494,1.876313213
2495,4.543783191
2496,2.768837483
2497,4.460749789
2498,4.332124525
2499,3.009807255
2500,1.040506158
2501,0.380907233
2502,4.496584626
2503,2.641514941
2504,1.803655231
2505,2.096326916
2506,0.825363414
2507,4.129930475
2508,1.574542734
2509,2.976081823
2510,2.823464751
2511,2.82285875
2512,1.363885264
2513,2.312763601
2514,2.516144723
2515,1.862868876
2516,0.883041511
2517,3.176868037
2518,2.407899242
2519,3.308405741
2520,1.831339905
2521,2.053956601
2522,4.241729709
2523,3.262770112
2524,4.24912722
2525,4.690967968
2526,3.991074894
2527,1.556690311
2528,0.811424687
2529,0.593049826
2530,1.974238301
2531,1.600681437
2532,1.912104448
2533,0.258439095
2534,4.523630315
2535,1.151106351
2536,3.951524517
2537,2.729684288
2538,1.282504424
2539,3.228816136
2540,2.470408601
2541,3.469609505
2542,0.39071585
2543,0.418225251
2544,1.520763839
2545,3.927038809
2546,2.928278476
2547,2.451452204
2548,3.666048966
2549,1.514250351
2550,0.381606962
2551,3.669676196
2552,3.196095795
2553,2.02580325
2554,0.504405627
2555,3.993972568
2556,3.402012908
2557,1.848503433
2558,0.972901758
2559,1.421893598
2560,3.33640418
2561,3.817054817
2562,2.606099615
2563,1.128774019
2564,1.994105644
2565,3.342641873
2566,1.845716565
2567,2.413440666
2568,4.315100953
2569,4.372559964
2570,0.288453901
2571,3.303519483
2572,1.671823479
2573,2.342796449
2574,0.073973297
2575,3.889788856
2576,3.501057724
2577,1.655941303
2578,4.658589821
2579,1.826088442
2580,4.89529405
2581,2.984990687
2582,3.984224006
2583,3.60247813
2584,3.784153966
2585,3.475422539
2586,2.106699329
2587,2.078180576
2588,0.274639477
2589,4.95367194
2590,4.22727133
2591,2.911086623
2592,3.417251269
2593,0.728190196
2594,1.903330428
2595,2.643021988
2596,3.191271312
2597,4.086187363
2598,1.012460283
2599,4.146126813
2600,3.862031355
2601,2.657139991
2602,1.661230304
2603,1.694140441
2604,3.150455746
2605,4.032398377
2606,4.656768508
2607,0.244502865
2608,2.474667565
2609,2.065150019
2610,1.67521187
2611,0.082931206
2612,0.537927695
2613,1.611419402
2614,1.722413575
2615,0.497096088
2616,3.451262266
2617,3.829817935
2618,1.123536451
2619,0.606470489
2620,3.585577814
2621,0.462374397
2622,1.89629897
2623,1.564277415
2624,1.450552183
2625,0.60758761
2626,2.001853937
2627,3.242398164
2628,2.960050493
2629,0.835885873
2630,2.790455625
2631,3.616554352
2632,4.959589535
2633,2.784303884
2634,3.663988778
2635,3.104429664
2636,1.644854236
2637,1.984444337
2638,0.307464041
2639,0.654909765
2640,3.891621175
2641,2.548100218
2642,0.056052266
2643,2.288680003
2644,0.292065866
2645,4.860488559
2646,1.132466575
2647,1.007097985
2648,4.200564759
2649,0.637995852
2650,4.158950635
2651,3.955093951
2652,2.977310718
2653,1.781942416
2654,1.689366362
2655,0.399758289
2656,4.541230714
2657,3.486474584
2658,1.618342265
2659,0.292478367
2660,1.868393497
2661,2.910233527
2662,0.087128288
2663,4.217581684
2664,2.500368909
2665,0.103143114
2666,2.626771506
2667,3.486318405
2668,2.357182579
2669,4.908017455
2670,3.59042185
2671,0.059025195
2672,2.691833658
2673,3.55759084
2674,1.248779745
2675,1.513597768
2676,1.852969306
2677,3.094156456
2678,1.228856195
2679,4.31355859
2680,2.16579988
2681,4.15606478
2682,2.450247198
2683,3.803342479
2684,1.251902454
2685,3.518193314
2686,3.44415632
2687,0.200376691
2688,0.406524704
2689,2.481182328
2690,3.638809303
2691,4.916221123
2692,0.555739432
2693,1.633818784
2694,2.747684393
2695,2.559001844
2696,3.795610907
2697,2.767001378
2698,1.066158219
2699,2.200058843
2700,0.23591131
2701,2.740806936
2702,4.454048617
2703,2.215515337
2704,4.431839696
2705,0.300146757
2706,4.110955955
2707,1.871915205
2708,3.515217387
2709,2.495958422
2710,2.437894276
2711,2.994599456
2712,1.355490421
2713,2.559569017
2714,0.247654983
2715,1.825958203
2716,4.054322196
2717,2.491796858
2718,4.15228621
2719,0.156869687
2720,3.777413253
2721,0.771196831
2722,2.388659018
2723,3.137110592
2724,1.809435824
2725,3.239007182
2726,1.95797942
2727,1.802523345
2728,0.607939621
2729,1.119224803
2730,4.741464138
2731,1.768885522
2732,4.065694185
2733,0.581219271
2734,4.60218063
2735,4.266512903
2736,2.84655082
2737,1.724740573
2738,0.370101178
2739,1.142913566
2740,3.065924428
2741,0.56869735
2742,3.56708471
2743,0.494722434
2744,2.872660246
2745,3.339450568
2746,1.78955128
2747,0.932744081
2748,3.492124421
2749,2.592486974
2750,4.2149365
2751,4.254942568
2752,1.866739013
2753,0.538133438
2754,0.403753389
2755,4.218858407
2756,1.709709517
2757,0.398380674
2758,2.261996262
2759,0.300245193
2760,3.914917058
2761,3.639569914
2762,1.091114855
2763,1.978073036
2764,3.188767253
2765,4.34936671
2766,1.719596679
2767,2.344172317
2768,2.356959579
2769,2.127116124
2770,2.84340851
2771,4.104455458
2772,1.378885767
2773,4.069029773
2774,1.514057661
2775,1.987468407
2776,0.493506936
2777,4.964135431
2778,0.387889101
2779,2.309601291
2780,4.057274103
2781,0.984888449
2782,3.938157527
2783,4.823581175
2784,2.789127156
2785,3.247986474
2786,2.628815976
2787,0.403292921
2788,1.149674707
2789,3.414677487
2790,0.018304163
2791,4.627367054
2792,0.814305251
2793,1.01644567
2794,4.500114714
2795,0.460177811
2796,3.167990664
2797,3.294172553
2798,1.478265179
2799,0.052661926
2800,4.208723774
2801,2.795006767
2802,0.288889338
2803,1.302599019
2804,1.664034722
2805,4.136742198
2806,0.773279943
2807,1.385629739
2808,4.494308871
2809,3.953358133
2810,1.362941293
2811,0.199486755
2812,4.058847476
2813,3.968807532
2814,0.776523763
2815,3.647331991
2816,0.265671624
2817,1.868288539
2818,2.969269869
2819,3.221002583
2820,1.365169525
2821,4.994720482
2822,1.753372863
2823,1.426766039
2824,0.277931709
2825,3.876554637
2826,0.25023895
2827,1.680625452
2828,4.325141829
2829,4.365350716
2830,0.339088605
2831,3.147214243
2832,4.97663823
2833,3.108906643
2834,2.183626029
2835,1.789070708
2836,4.672587635
2837,3.79173401
2838,0.483364308
2839,4.009091613
2840,0.82460475
2841,0.526563161
2842,3.148668704
2843,0.287479612
2844,0.644152297
2845,4.11662509
2846,3.515464402
2847,4.66278249
2848,4.441293001
2849,0.089870216
2850,2.950342316
2851,2.370697035
2852,3.703810422
2853,4.694938597
2854,0.528543598
2855,2.934825327
2856,1.970669725
2857,1.654481238
2858,3.368982214
2859,2.108181031
2860,0.654588476
2861,0.920517034
2862,1.596155605
2863,2.060235553
2864,0.969249656
2865,4.937868591
2866,3.132440963
2867,1.127697749
2868,0.744038713
2869,3.97113933
2870,4.969818771
2871,2.692465209
2872,4.422662049
2873,2.046510266
2874,3.718745052
2875,2.968229779
2876,3.846255419
2877,3.512468042
2878,0.334920485
2879,3.500730484
2880,4.26431096
2881,3.085230364
2882,4.995825791
2883,0.41580382
2884,0.078480739
2885,4.704192376
2886,3.519752579
2887,3.213229331
2888,0.32176337
2889,1.112237121
2890,3.665843829
2891,4.401994231
2892,0.80741588
2893,1.607412672
2894,4.799249776
2895,2.981765976
2896,4.326851355
2897,3.62955226
2898,1.076246747
2899,1.887108825
2900,3.525307485
2901,3.635696332
2902,3.374544669
2903,2.07303164
2904,0.597463204
2905,0.313765649
2906,1.423200851
2907,4.861891737
2908,2.568236096
2909,0.29980708
2910,3.963283775
2911,3.166997009
2912,1.986140743
2913,0.595578069
2914,2.010639651
2915,2.621627477
2916,1.78870438
2917,4.081767412
2918,2.495914604
2919,0.92850314
2920,2.720876024
2921,1.51598717
2922,3.493263827
2923,3.202810352
2924,3.129474947
2925,1.03112826
2926,2.183938933
2927,4.346576466
2928,4.88303714
2929,0.664577044
2930,1.823739387
2931,0.143102461
2932,3.950922732
2933,4.871696217
2934,4.801152474
2935,1.802091845
2936,2.433451104
2937,1.131409032
2938,3.714011043
2939,1.027702464
2940,4.810459138
2941,1.704701514
2942,1.700536897
2943,1.320814876
2944,2.766675004
2945,1.013165729
2946,2.035101408
2947,2.641547312
2948,2.645233072
2949,0.6987073
2950,1.593078685
2951,4.090636306
2952,4.099132801
2953,4.84796536
2954,1.405681336
2955,4.272125154
2956,2.983156877
2957,4.296340881
2958,3.591689997
2959,3.81509806
2960,1.879068577
2961,2.121758293
2962,0.333953679
2963,4.847686732
2964,3.63254982
2965,2.44753023
2966,0.117611329
2967,1.956926748
2968,4.682559799
2969,4.363664174
2970,1.801554865
2971,4.934585013
2972,0.121400588
2973,2.18136822
2974,4.219863512
2975,1.39536714
2976,2.879415526
2977,3.403112729
2978,0.513146917
2979,0.62952767
2980,3.49614346
2981,3.385072177
2982,0.75523951
2983,4.326810532
2984,3.577821419
2985,1.06109303
2986,2.572822685
2987,1.611544107
2988,4.382994296
2989,2.143545702
2990,3.081935079
2991,4.826128126
2992,0.112713257
2993,0.920313205
2994,0.515447673
2995,2.777254181
2996,2.631414281
2997,2.234842284
2998,1.854589989
2999,0.626631376
3000,3.178339143
3001,4.529833799
3002,2.082799254
3003,3.881393352
3004,3.048199619
3005,0.785662655
3006,1.409806609
3007,4.857017655
3008,4.743276518
3009,0.405214765
3010,0.084547882
3011,3.04628036
3012,2.526724008
3013,4.220348988
3014,3.134709485
3015,2.850606624
3016,2.219171213
3017,3.681966168
3018,1.91922872
3019,2.311945621
3020,3.256702754
3021,2.734507911
3022,0.786126372
3023,1.702736659
3024,0.316989931
3025,2.210379668
3026,0.08003366
3027,1.130581381
3028,1.472697274
3029,2.589985339
3030,4.349127589
3031,1.124821809
3032,4.776382181
3033,2.930405015
3034,1.490363944
3035,2.744633566
3036,2.868427825
3037,1.025113019
3038,4.282790895
3039,0.985255242
3040,4.900223799
3041,1.509953525
3042,2.837313039
3043,3.672653493
3044,4.861438817
3045,1.825645254
3046,3.1322122
3047,1.873729464
3048,2.585182305
3049,2.059344285
3050,1.042177489
3051,0.10724749
3052,4.701019981
3053,0.435117232
3054,3.725360744
3055,4.479380112
3056,4.37071502
3057,4.619829169
3058,0.268562939
3059,2.132105493
3060,4.2380987
3061,2.733552548
3062,4.509235847
3063,2.928243815
3064,4.922151972
3065,3.938754624
3066,1.834405309
3067,2.563827325
3068,4.794047205
3069,2.922085129
3070,0.865427146
3071,4.613392171
3072,4.207170348
3073,0.477937442
3074,1.814022535
3075,3.697086634
3076,4.027295909
3077,0.49475914
3078,0.252083784
3079,3.411348884
3080,2.658492833
3081,2.750037029
3082,3.665647154
3083,2.879095532
3084,2.367308559
3085,4.571595428
3086,1.150276461
3087,1.521718218
3088,3.567708193
3089,3.535623942
3090,1.975355883
3091,1.186894448
3092,4.027601783
3093,0.266022655
3094,1.4204076
3095,0.13922665
3096,1.948927979
3097,3.380423173
3098,1.095486547
3099,4.247167268
3100,2.8812817
3101,2.587998477
3102,1.959733643
3103,3.921714798
3104,1.73708773
3105,4.747142
3106,3.549717267
3107,3.41255121
3108,3.098885676
3109,0.422771971
3110,0.316206786
3111,1.998628876
3112,2.633610694
3113,1.468886498
3114,4.897180031
3115,1.743076352
3116,0.698225551
3117,3.109621869
3118,0.11191607
3119,2.266098196
3120,3.086838745
3121,2.745110025
3122,0.991068541
3123,3.201279315
3124,3.262525385
3125,2.909492135
3126,2.840529841
3127,2.623076467
3128,1.908929221
3129,4.186895906
3130,1.539498767
3131,4.828867654
3132,2.634967032
3133,3.881990588
3134,4.862878126
3135,0.35540351
3136,0.783811725
3137,4.100302094
3138,3.413602075
3139,1.625505704
3140,2.278303359
3141,3.835293337
3142,4.189956739
3143,4.320159572
3144,3.366329127
3145,3.698230876
3146,0.344204744
3147,2.06433253
3148,4.651355905
3149,4.532977282
3150,3.359256017
3151,0.874388018
3152,3.72596098
3153,4.813622492
3154,2.164693643
3155,2.486631858
3156,0.079924775
3157,4.592474246
3158,0.000323796
3159,3.482353128
3160,0.65651065
3161,1.518234793
3162,1.86860347
3163,0.524411281
3164,4.602161728
3165,1.287896267
3166,1.540787994
3167,4.83408119
3168,3.76344714
3169,4.453830367
3170,1.035199488
3171,3.994534176
3172,2.932106841
3173,2.221437564
3174,3.510509648
3175,4.619822354
3176,4.653254175
3177,2.113072212
3178,3.952271668
3179,4.250398092
3180,4.102816452
3181,0.718016332
3182,2.051082701
3183,1.339025741
3184,2.422111177
3185,3.427962551
3186,2.627496908
3187,1.673598209
3188,4.871284905
3189,1.189466379
3190,3.848740449
3191,0.078134404
3192,1.253490576
3193,2.33724353
3194,2.093640658
3195,4.735792129
3196,0.856550648
3197,1.158764759
3198,2.787666337
3199,4.263157301
3200,2.067875521
3201,4.67008318
3202,0.115997899
3203,0.229911175
3204,3.106636908
3205,1.394018493
3206,0.650514698
3207,0.230379727
3208,3.735296652
3209,4.30968993
3210,4.214695716
3211,1.804709384
3212,3.480418602
3213,0.927956011
3214,0.964783249
3215,2.984619507
3216,4.733482001
3217,0.790445916
3218,2.089331413
3219,1.060400358
3220,2.118439337
3221,3.152457541
3222,0.911053115
3223,2.903085564
3224,3.043617809
3225,3.032853579
3226,1.776624619
3227,3.199641524
3228,2.645422601
3229,2.383087762
3230,2.12614693
3231,4.386719845
3232,3.357521206
3233,2.41649581
3234,3.473626913
3235,1.550866402
3236,3.891960979
3237,3.628606435
3238,2.252248692
3239,0.373729565
3240,3.466440004
3241,4.071861869
3242,2.966202207
3243,3.627693367
3244,3.527042031
3245,0.934535278
3246,2.377401499
3247,2.081288769
3248,1.739011225
3249,4.103940112
3250,2.402707058
3251,4.411944496
3252,4.191955913
3253,2.468171444
3254,0.363335067
3255,4.584157374
3256,1.520495355
3257,2.975605096
3258,2.01090963
3259,4.966231989
3260,3.590510068
3261,4.144106086
3262,4.000172719
3263,1.614262411
3264,1.359270886
3265,2.787422695
3266,2.480409418
3267,0.692081708
3268,4.800306863
3269,2.516695568
3270,1.428263255
3271,1.62978691
3272,0.760482369
3273,2.101298032
3274,3.980956292
3275,0.134245264
3276,3.121350456
3277,4.423952229
3278,4.710441776
3279,0.729417995
3280,3.712391824
3281,4.896195368
3282,2.225252974
3283,1.234100513
3284,0.458987473
3285,3.519163253
3286,4.543521931
3287,4.728029345
3288,2.193420815
3289,2.121684199
3290,1.888867804
3291,0.370709066
3292,0.433131098
3293,4.06086926
3294,0.679667586
3295,4.261199636
3296,1.029772443
3297,2.288224337
3298,0.752347364
3299,0.996004528
3300,2.637956854
3301,1.16709171
3302,0.24540252
3303,1.934671453
3304,3.008435642
3305,0.599883138
3306,2.731815321
3307,1.452122029
3308,2.530621796
3309,0.371526136
3310,1.697011732
3311,1.741915905
3312,2.252663272
3313,4.366143551
3314,2.008720367
3315,0.681241371
3316,0.210814307
3317,1.737943794
3318,0.842537154
3319,0.325474396
3320,4.530262317
3321,3.302178757
3322,0.292665455
3323,1.734021645
3324,2.013190273
3325,0.047857544
3326,4.832815858
3327,4.038413603
3328,1.361340447
3329,2.077812326
3330,2.649184789
3331,3.561579626
3332,0.965882595
3333,2.313544121
3334,0.389189631
3335,0.711828615
3336,1.151268533
3337,2.73336266
3338,2.319199376
3339,4.363144326
3340,3.531022115
3341,0.717444626
3342,1.080644763
3343,2.174995988
3344,0.954540376
3345,1.311859119
3346,4.657173427
3347,2.700523406
3348,1.178588742
3349,2.650560484
3350,3.340327084
3351,0.519716481
3352,0.367929701
3353,1.90921508
3354,0.994949064
3355,3.529449367
3356,4.52467365
3357,2.02917468
3358,4.285690506
3359,4.513805303
3360,2.329960825
3361,3.765027189
3362,4.088935038
3363,1.852849321
3364,1.289407811
3365,2.30451217
3366,1.66600277
3367,4.950021705
3368,1.369001572
3369,1.200078028
3370,2.305198672
3371,4.356902656
3372,0.102641612
3373,1.24018662
3374,1.529928952
3375,4.196026491
3376,3.384326342
3377,3.64443634
3378,0.299222858
3379,1.628005336
3380,3.989508326
3381,4.659360295
3382,2.210956307
3383,3.468154593
3384,0.016166709
3385,0.244967719
3386,2.751142511
3387,4.97532915
3388,3.488594758
3389,2.4400795
3390,4.326685379
3391,1.828758451
3392,4.421719242
3393,1.697068439
3394,3.391169661
3395,4.533724616
3396,3.574561579
3397,3.585602685
3398,4.150333245
3399,2.836002877
3400,2.789053797
3401,4.538735737
3402,0.754113413
3403,2.403131718
3404,0.619851703
3405,2.00840312
3406,3.343533181
3407,2.598900349
3408,1.257023438
3409,3.798598398
3410,0.474196532
3411,0.228533012
3412,4.089097942
3413,1.164264231
3414,2.477054358
3415,1.617058858
3416,2.483831865
3417,1.023684117
3418,2.968301204
3419,3.139614905
3420,3.646703798
3421,2.067358007
3422,1.003273946
3423,0.263578155
3424,1.547150951
3425,2.341029185
3426,2.444205985
3427,2.438027201
3428,4.975692277
3429,4.206525764
3430,1.244668707
3431,0.040671067
3432,3.176631085
3433,3.013833684
3434,2.802891832
3435,4.325954856
3436,3.948678106
3437,1.874502439
3438,4.565440916
3439,3.326608229
3440,3.273055072
3441,0.046778305
3442,1.443409305
3443,4.044338118
3444,2.908280231
3445,0.692490861
3446,1.284726135
3447,4.072308527
3448,1.953223373
3449,0.096556125
3450,2.701069082
3451,4.924682405
3452,4.920948679
3453,1.933990626
3454,2.385344712
3455,1.555322737
3456,0.36059851
3457,3.139002294
3458,0.34094148
3459,1.725423841
3460,2.01225518
3461,2.776516859
3462,3.873660795
3463,2.271408175
3464,0.306015541
3465,3.543463038
3466,2.96019889
3467,2.360904619
3468,3.120446222
3469,0.817165367
3470,1.723852261
3471,3.531946195
3472,1.462242891
3473,1.507719091
3474,2.409263583
3475,2.943782046
3476,4.223324738
3477,2.187815202
3478,4.829159651
3479,1.663910947
3480,1.04277914
3481,1.59252458
3482,0.880941673
3483,3.047681324
3484,3.588283869
3485,0.491969712
3486,0.200077388
3487,1.310958786
3488,1.930801973
3489,4.955932208
3490,1.901016143
3491,2.629659851
3492,1.742664359
3493,2.624153133
3494,1.0605544
3495,1.607667849
3496,2.211575622
3497,3.369226671
3498,0.130911245
3499,2.077150414
3500,0.153614053
3501,1.27250013
3502,4.466243037
3503,4.85888869
3504,3.679160829
3505,0.031400661
3506,4.453579497
3507,3.741487667
3508,3.78948722
3509,3.719478564
3510,1.334094672
3511,4.595363532
3512,2.202539595
3513,2.722310089
3514,2.1048874
3515,1.514926227
3516,3.861294318
3517,2.703870449
3518,1.593934665
3519,3.97876308
3520,4.682809257
3521,0.881490245
3522,0.425110061
3523,1.474012508
3524,3.811447541
3525,2.020853417
3526,1.894165851
3527,2.424513603
3528,0.830987592
3529,2.0364344
3530,1.022754821
3531,0.048075264
3532,3.236647919
3533,4.757872152
3534,2.580597677
3535,2.972815468
3536,3.742042939
3537,0.641980204
3538,2.568298139
3539,0.197027211
3540,3.274633969
3541,1.334190572
3542,3.641230764
3543,4.949103973
3544,0.606190683
3545,2.797245944
3546,3.054128249
3547,4.529724745
3548,2.516423111
3549,1.033245794
3550,2.823840999
3551,0.899109837
3552,4.568288716
3553,3.893607163
3554,0.148986746
3555,2.105523302
3556,2.810025816
3557,1.512819547
3558,3.654927176
3559,4.454051987
3560,0.784193935
3561,1.410393564
3562,2.308421151
3563,3.029525874
3564,0.812693362
3565,2.797690121
3566,3.913633741
3567,3.985556585
3568,0.594130596
3569,3.341868214
3570,1.033644928
3571,2.938149041
3572,3.258158615
3573,4.389219275
3574,4.127233496
3575,4.326516294
3576,4.653533684
3577,1.434589206
3578,4.919287026
3579,3.575642727
3580,0.878241364
3581,3.101587946
3582,0.238601415
3583,2.579531182
3584,1.544891245
3585,3.041925874
3586,1.611168549
3587,4.853021235
3588,4.639864925
3589,1.649781577
3590,4.179680956
3591,1.130652739
3592,0.371226248
3593,3.797431127
3594,1.266072459
3595,0.783191986
3596,1.295958853
3597,3.665809971
3598,2.977604712
3599,4.387979517
3600,3.352170455
3601,0.578464802
3602,3.747026621
3603,0.684917139
3604,1.554796316
3605,0.329652158
3606,2.261123546
3607,1.080410569
3608,4.248390873
3609,4.749492801
3610,2.253235926
3611,1.420408186
3612,2.594001407
3613,0.944157487
3614,2.604881068
3615,3.310996826
3616,2.055507797
3617,0.377174667
3618,4.128175804
3619,0.458725029
3620,4.35476463
3621,1.316229409
3622,2.898363179
3623,0.530390321
3624,4.813716757
3625,3.991054237
3626,3.852895875
3627,4.845618635
3628,0.364184497
3629,2.742291302
3630,0.849109042
3631,3.033142314
3632,1.538536447
3633,1.587465701
3634,1.377248737
3635,0.51157117
3636,1.476141208
3637,4.607037269
3638,0.704219588
3639,3.967947529
3640,2.42485509
3641,3.305135858
3642,3.52629914
3643,4.314190199
3644,4.993506142
3645,0.011883641
3646,0.010361471
3647,1.703276551
3648,3.601949965
3649,3.068685673
3650,1.326143964
3651,4.9367498
3652,4.756056301
3653,3.356057761
3654,0.403709151
3655,4.090122989
3656,3.567156221
3657,4.749357411
3658,3.253856193
3659,0.729631826
3660,2.87394061
3661,2.777075596
3662,0.804020366
3663,3.987880421
3664,2.477124297
3665,4.995548252
3666,1.935665009
3667,3.986758647
3668,1.497287592
3669,2.831860733
3670,2.752513739
3671,3.067998584
3672,3.605810637
3673,0.209947535
3674,0.5158785
3675,4.0150881
3676,0.622897372
3677,4.614676105
3678,4.086692993
3679,4.527956868
3680,3.246729491
3681,4.492522579
3682,1.267554443
3683,1.07004065
3684,1.866054509
3685,4.23531202
3686,4.522009746
3687,4.343483514
3688,2.945768983
3689,0.071053811
3690,0.215741205
3691,2.169648791
3692,3.989792558
3693,3.438674883
3694,2.422045441
3695,0.374785696
3696,2.914356377
3697,2.361109931
3698,0.069609146
3699,1.357897612
3700,1.914150159
3701,0.624069858
3702,4.768730826
3703,4.220881877
3704,3.857087352
3705,0.167448959
3706,3.017473978
3707,3.691359734
3708,3.182785424
3709,2.456595605
3710,4.929056056
3711,2.805204498
3712,1.662136198
3713,2.693408342
3714,1.715692965
3715,3.429941866
3716,0.988649995
3717,3.856454935
3718,2.55633565
3719,0.574873168
3720,4.151609578
3721,1.392031145
3722,0.582039255
3723,1.696327859
3724,2.473447387
3725,1.083435614
3726,0.504997001
3727,0.868649297
3728,2.747255017
3729,3.621506612
3730,0.182449442
3731,2.945824961
3732,0.312682611
3733,2.977934916
3734,4.653274259
3735,1.354112669
3736,4.763577529
3737,0.650765015
3738,3.216756217
3739,4.58445574
3740,3.96623549
3741,3.607384371
3742,3.004415763
3743,3.796129097
3744,0.405982442
3745,0.549561828
3746,0.728156625
3747,1.49727438
3748,4.7743331
3749,4.37420787
3750,0.099821806
3751,1.578987724
3752,3.219907128
3753,4.882827746
3754,0.694371535
3755,3.051019108
3756,0.362085065
3757,1.889928471
3758,3.035323669
3759,1.341451702
3760,2.79955906
3761,3.728880397
3762,3.884907625
3763,1.490374282
3764,1.231145497
3765,1.255990761
3766,2.580507577
3767,4.422362682
3768,4.064316367
3769,4.778459134
3770,2.228311283
3771,1.996442175
3772,0.870308365
3773,0.48976925
3774,3.80693115
3775,3.246884639
3776,4.294314781
3777,0.169580424
3778,4.771574724
3779,3.396183238
3780,0.707101338
3781,0.911716237
3782,2.300665061
3783,0.43150941
3784,4.954339782
3785,0.924238827
3786,4.729353705
3787,4.022821066
3788,2.868854283
3789,0.959177529
3790,0.058433135
3791,4.178212579
3792,3.704414691
3793,4.283960398
3794,2.849616026
3795,4.244636293
3796,3.838097431
3797,4.031529913
3798,1.314475511
3799,3.611353303
3800,3.268572003
3801,1.589144692
3802,1.957261063
3803,0.384053148
3804,0.152639595
3805,4.430799427
3806,2.004048648
3807,4.388651333
3808,3.833096979
3809,0.051511629
3810,2.167890128
3811,3.296250689
3812,4.747981875
3813,3.390367995
3814,1.798536932
3815,2.754260642
3816,4.960025167
3817,4.310347264
3818,0.538808936
3819,4.745285456
3820,4.810916128
3821,4.928785054
3822,4.679240094
3823,4.136647796
3824,4.574568159
3825,1.722620437
3826,1.487239572
3827,0.722123194
3828,0.260113075
3829,0.89423243
3830,1.4611255
3831,0.415848879
3832,1.82966015
3833,3.178149275
3834,2.928760046
3835,0.939845638
3836,4.000544357
3837,4.023421507
3838,4.269121761
3839,4.31108205
3840,2.439386003
3841,0.626988507
3842,3.527846048
3843,2.737485203
3844,4.870756818
3845,4.7457095
3846,3.325536173
3847,4.666601641
3848,0.817659363
3849,0.206359491
3850,3.81533947
3851,0.156609498
3852,1.673813691
3853,4.881411631
3854,1.778008827
3855,0.452957822
3856,1.032014953
3857,4.619569842
3858,2.513212815
3859,2.024459416
3860,2.215714762
3861,1.322585728
3862,0.567020173
3863,1.053295422
3864,0.879158663
3865,2.247194363
3866,1.800201081
3867,1.658381871
3868,1.889692748
3869,0.901978493
3870,0.740973151
3871,3.359522502
3872,4.237130802
3873,4.89903437
3874,4.243878301
3875,1.71886109
3876,0.707960585
3877,1.678477574
3878,0.058281926
3879,3.684828477
3880,0.941663657
3881,3.013982594
3882,0.191295807
3883,3.042535558
3884,2.216134917
3885,0.987580662
3886,1.138309107
3887,3.631792208
3888,2.723586167
3889,2.863877864
3890,3.291289907
3891,3.035199174
3892,4.538262536
3893,2.210910569
3894,4.838185684
3895,1.170382902
3896,2.019825995
3897,3.585837753
3898,4.118070157
3899,0.29362792
3900,2.085824028
3901,3.446344622
3902,2.731508138
3903,0.534084395
3904,0.310341239
3905,3.063104067
3906,4.348208646
3907,4.849444824
3908,1.599386448
3909,1.421221666
3910,4.405752524
3911,0.647099546
3912,4.214981926
3913,0.136348779
3914,3.689956647
3915,3.593140437
3916,4.420743304
3917,3.405402739
3918,4.493349855
3919,4.706235895
3920,1.157072437
3921,0.872702045
3922,4.432238659
3923,1.126597191
3924,1.112643207
3925,3.621591148
3926,0.897838403
3927,0.170977027
3928,3.986814967
3929,1.281883501
3930,0.316828861
3931,0.296884748
3932,0.089153147
3933,4.401792558
3934,0.57417392
3935,2.377434196
3936,4.077705112
3937,3.930967632
3938,4.805280688
3939,4.364374869
3940,4.424018229
3941,3.655732488
3942,1.678167253
3943,2.195650376
3944,3.242693942
3945,3.634830915
3946,2.923094218
3947,2.846759092
3948,0.540267439
3949,4.439245355
3950,0.154679299
3951,2.991515654
3952,4.233361081
3953,0.046499867
3954,1.975718955
3955,0.527657633
3956,2.814696075
3957,4.264019268
3958,2.933290034
3959,4.39543782
3960,2.808136552
3961,3.219162165
3962,0.019847907
3963,4.348403841
3964,3.990666878
3965,3.196810024
3966,4.792375105
3967,4.151498012
3968,3.639811758
3969,1.050905278
3970,3.368651085
3971,1.162174506
3972,4.06334569
3973,2.345838481
3974,4.481779053
3975,4.244349329
3976,3.238481372
3977,1.127856885
3978,0.40621367
3979,3.554789417
3980,0.556844578
3981,2.95534048
3982,3.870268061
3983,4.364499668
3984,3.159894441
3985,4.137874884
3986,2.060038911
3987,4.079810439
3988,1.220411014
3989,4.063797494
3990,4.510256249
3991,0.94340965
3992,1.0873506
3993,3.165980221
3994,4.716396054
3995,3.560284279
3996,2.781643366
3997,2.540059755
3998,1.682411866
3999,4.825511502
4000,4.940222019
4001,2.876744796
4002,1.219265209
4003,4.466224269
4004,4.904533087
4005,2.102587349
4006,3.00630551
4007,3.404563266
4008,2.96600081
4009,1.209780333
4010,0.932254704
4011,1.051727227
4012,4.303576328
4013,4.287984124
4014,0.195563715
4015,0.823030976
4016,0.147991144
4017,4.735192176
4018,2.394237683
4019,3.994591444
4020,0.030569792
4021,2.01280687
4022,3.677538014
4023,2.580600004
4024,2.336181833
4025,2.611608755
4026,3.825594327
4027,1.309533339
4028,0.869053654
4029,4.388956418
4030,2.730427486
4031,2.748472167
4032,3.25551519
4033,1.772626994
4034,4.975337795
4035,1.183575366
4036,2.098728359
4037,4.676132637
4038,4.199273885
4039,4.036905661
4040,4.652186555
4041,1.20743665
4042,0.030787482
4043,2.742016859
4044,1.559158571
4045,4.096677521
4046,4.611086629
4047,2.200257107
4048,2.428494488
4049,0.70815135
4050,4.25206112
4051,0.003710332
4052,0.698745418
4053,3.047080672
4054,2.340149618
4055,2.969726454
4056,4.161827753
4057,2.485530325
4058,0.583327516
4059,1.868328205
4060,1.402576492
4061,3.283253865
4062,4.395400033
4063,3.31326656
4064,1.221791162
4065,1.448270531
4066,3.281068903
4067,2.30587896
4068,2.448504054
4069,0.864185935
4070,3.278655191
4071,3.553820855
4072,4.293666239
4073,1.570631867
4074,0.836601984
4075,2.532932405
4076,2.88734572
4077,3.65556046
4078,4.319364471
4079,1.222832635
4080,4.443992088
4081,0.654394823
4082,4.78047312
4083,1.945624076
4084,4.848043029
4085,4.801152367
4086,1.867155458
4087,1.784241447
4088,0.193103592
4089,1.875744652
4090,1.838629429
4091,4.439895145
4092,1.53555745
4093,1.555141764
4094,1.839566114
4095,4.273786469
4096,1.908949363
4097,1.498478127
4098,1.569375335
4099,0.77737271
4100,4.989206867
4101,2.355510997
4102,0.878138422
4103,0.49739154
4104,2.710286353
4105,2.028885708
4106,4.048916921
4107,0.144642863
4108,3.551312849
4109,0.030967405
4110,3.54364163
4111,2.023057989
4112,2.245469626
4113,3.949777722
4114,2.284141612
4115,4.458868955
4116,3.343546756
4117,0.618273181
4118,4.567055591
4119,1.96837828
4120,2.845171925
4121,1.359226419
4122,0.627721614
4123,2.082594185
4124,3.495814565
4125,4.622908129
4126,1.918469969
4127,3.874712526
4128,3.904844067
4129,1.972130507
4130,1.003602232
4131,1.06833401
4132,3.9578127
4133,1.554011569
4134,1.10289904
4135,1.026375781
4136,3.277287155
4137,4.263299251
4138,0.23845913
4139,2.371120814
4140,0.04375213
4141,3.293219919
4142,0.427297211
4143,4.808512511
4144,1.278709347
4145,4.937010948
4146,3.960644919
4147,3.825017453
4148,3.671882429
4149,2.67274426
4150,3.444951676
4151,4.572660814
4152,4.10817423
4153,0.120562952
4154,2.003908858
4155,3.920474886
4156,0.065359823
4157,2.261004019
4158,1.315014171
4159,3.951271756
4160,2.135976293
4161,1.916703237
4162,2.483899512
4163,2.136855056
4164,3.645144772
4165,4.335919906
4166,2.701547105
4167,0.358254292
4168,1.442748274
4169,2.665863473
4170,1.860882892
4171,3.607228321
4172,0.096328761
4173,4.251683779
4174,0.326475629
4175,1.946617363
4176,2.203908114
4177,0.134483141
4178,0.120310687
4179,1.621567656
4180,0.831383258
4181,4.795812229
4182,1.060530913
4183,2.330994482
4184,3.702989859
4185,4.002536021
4186,1.562726844
4187,2.593123609
4188,4.998385503
4189,3.733989814
4190,4.032889453
4191,1.481939459
4192,4.857237355
4193,4.491855887
4194,2.958152794
4195,3.263058538
4196,0.088476746
4197,3.016889682
4198,4.524197328
4199,2.181596652
4200,3.668848464
4201,4.31748236
4202,2.192718556
4203,1.637241795
4204,4.634327045
4205,4.304496039
4206,3.263153363
4207,2.817155664
4208,0.298955192
4209,3.203911954
4210,3.470540266
4211,1.876139706
4212,0.860030722
4213,4.779970213
4214,2.675404118
4215,4.880882893
4216,0.563997999
4217,2.149159648
4218,2.865353021
4219,4.734911823
4220,4.55642776
4221,4.758290348
4222,1.044199988
4223,1.452404248
4224,4.773294728
4225,2.166698106
4226,2.742064567
4227,0.045505019
4228,1.178393281
4229,2.094202899
4230,4.729323257
4231,3.786161186
4232,0.20098606
4233,1.664142947
4234,2.255112952
4235,3.617868533
4236,2.419022768
4237,2.99126414
4238,4.868888399
4239,3.667894428
4240,4.544734332
4241,2.412028755
4242,0.917356012
4243,0.321032064
4244,2.228127327
4245,4.3422612
4246,3.418853209
4247,4.692040475
4248,1.551953766
4249,1.233528883
4250,2.658849228
4251,2.93981315
4252,0.082927503
4253,4.938493498
4254,0.016002132
4255,1.70901367
4256,2.211203448
4257,0.405986235
4258,2.192747795
4259,0.720181911
4260,3.25238018
4261,1.603045923
4262,4.399300473
4263,1.041330013
4264,3.671336412
4265,3.311018074
4266,3.55119172
4267,3.493183482
4268,2.374739739
4269,1.833477075
4270,1.246681344
4271,3.109048199
4272,4.377496115
4273,1.598735448
4274,2.838961286
4275,3.466399627
4276,1.458506832
4277,0.790866807
4278,3.953640094
4279,3.621321638
4280,4.164008178
4281,1.589832479
4282,4.985451111
4283,1.408464979
4284,1.524588124
4285,1.931060518
4286,0.40061858
4287,4.365475954
4288,4.968153752
4289,0.945713762
4290,4.050203382
4291,1.170779895
4292,0.502740817
4293,1.892615399
4294,1.423343989
4295,0.075309221
4296,2.442162955
4297,4.610248358
4298,2.389000315
4299,2.249325368
4300,2.525311835
4301,4.13860447
4302,2.685838982
4303,3.74585098
4304,0.840561275
4305,3.193118149
4306,0.309496195
4307,2.48324199
4308,2.355902758
4309,0.523977424
4310,3.070765052
4311,4.160849415
4312,4.84957639
4313,1.655720666
4314,1.33006874
4315,2.980724605
4316,1.760466222
4317,4.026056964
4318,2.82811698
4319,1.444045971
4320,4.684646047
4321,1.698194416
4322,2.183566458
4323,4.894026072
4324,3.875149997
4325,3.866144423
4326,2.669013421
4327,2.075488804
4328,4.802588988
4329,0.221262531
4330,0.210317279
4331,4.710530027
4332,4.592347612
4333,1.21738608
4334,0.340151674
4335,3.272852071
4336,2.956501006
4337,3.556062275
4338,3.804055973
4339,3.749468635
4340,0.355392511
4341,0.467875341
4342,2.462547401
4343,2.678352174
4344,1.423871936
4345,1.241342875
4346,4.952977356
4347,3.857653083
4348,4.752046318
4349,4.629073666
4350,4.04612305
4351,4.723766417
4352,4.629838934
4353,4.273651541
4354,2.241542716
4355,1.399415418
4356,1.535764402
4357,1.023017162
4358,3.315976773
4359,3.604850103
4360,2.230341504
4361,0.223502321
4362,2.887315442
4363,4.173637512
4364,1.621608196
4365,1.693767071
4366,4.087666895
4367,0.722831768
4368,4.240223325
4369,4.419032913
4370,3.863357784
4371,1.311482007
4372,2.734087392
4373,1.834504863
4374,3.652040217
4375,4.303859083
4376,3.562145328
4377,3.694410236
4378,2.210490466
4379,3.914731567
4380,2.252715188
4381,2.339021721
4382,3.895393515
4383,0.232288949
4384,4.943383515
4385,0.524257749
4386,2.607433618
4387,3.482544314
4388,3.216641334
4389,0.096999758
4390,2.106477481
4391,0.174202725
4392,3.090035484
4393,1.277668957
4394,0.843021853
4395,3.496184111
4396,0.354831469
4397,4.121907132
4398,2.382576084
4399,2.777775857
4400,1.929193051
4401,1.657958743
4402,0.256683786
4403,0.167729206
4404,3.443921035
4405,0.494752235
4406,4.61635903
4407,1.199525798
4408,2.149430502
4409,1.543548825
4410,1.025689982
4411,4.074051431
4412,1.094585007
4413,1.822723162
4414,4.954917468
4415,1.193852099
4416,0.970863614
4417,4.216552151
4418,1.757673207
4419,1.897099289
4420,0.724118218
4421,1.224263873
4422,3.57513591
4423,0.262929804
4424,4.82831925
4425,3.672940508
4426,4.48786855
4427,1.381913453
4428,3.205226459
4429,0.455297912
4430,4.496214577
4431,0.988199392
4432,4.773971641
4433,0.826971965
4434,3.057054712
4435,3.303256171
4436,1.266645543
4437,3.627901032
4438,0.351433207
4439,4.311945474
4440,0.105039476
4441,4.187516091
4442,3.788630125
4443,0.691460059
4444,2.981573162
4445,1.962047138
4446,2.231628384
4447,0.626188442
4448,0.724754086
4449,0.152962856
4450,1.23945445
4451,3.175166198
4452,4.513602007
4453,1.200065062
4454,2.014291747
4455,2.880506297
4456,4.522075909
4457,2.101504886
4458,0.588004038
4459,4.860380693
4460,1.372026785
4461,3.952748124
4462,4.48940109
4463,2.999572256
4464,3.04001906
4465,0.524000472
4466,1.707733215
4467,4.353684406
4468,2.08556703
4469,3.785561117
4470,1.115844236
4471,1.282292653
4472,3.584389642
4473,1.63680508
4474,2.970267926
4475,2.28445427
4476,4.371417611
4477,1.286555113
4478,3.053866507
4479,1.627876704
4480,4.00994409
4481,1.999790142
4482,2.887089063
4483,2.570422073
4484,3.58136655
4485,1.664119781
4486,3.283807985
4487,0.868345126
4488,4.061418385
4489,0.663382621
4490,2.079449252
4491,2.282267121
4492,4.920181852
4493,1.838307462
4494,1.375536622
4495,3.771675819
4496,0.121428071
4497,2.573405723
4498,1.814810258
4499,1.754161961
4500,0.0471526
4501,4.620996089
4502,1.473904861
4503,2.416747387
4504,0.777857977
4505,1.738950797
4506,1.563365488
4507,4.724365412
4508,0.840679587
4509,3.99012843
4510,4.390621691
4511,1.346285953
4512,0.387235638
4513,4.893058379
4514,1.828171854
4515,4.072620941
4516,1.250474514
4517,1.859677942
4518,0.685122003
4519,0.864467339
4520,2.02473176
4521,0.21107188
4522,1.814614716
4523,0.374400236
4524,0.925095098
4525,4.688699234
4526,3.665674048
4527,4.962349728
4528,4.404267188
4529,2.114203048
4530,0.770055965
4531,0.891104764
4532,0.765425637
4533,2.780839369
4534,4.630111272
4535,0.768531853
4536,0.800557943
4537,1.616016059
4538,4.555709518
4539,0.126757352
4540,3.41570712
4541,0.245047027
4542,4.413243191
4543,0.742854508
4544,3.748300514
4545,0.829217957
4546,0.681295995
4547,3.315537915
4548,2.599964577
4549,0.070486571
4550,4.618831013
4551,0.83965214
4552,4.090432725
4553,0.493438501
4554,1.021926256
4555,3.241250576
4556,1.690589951
4557,3.005247718
4558,4.110666018
4559,2.766570292
4560,3.149866793
4561,3.07067901
4562,2.439601652
4563,2.564912029
4564,1.511198794
4565,1.540443938
4566,3.548992386
4567,3.53985519
4568,0.226456563
4569,3.139242034
4570,4.119915496
4571,1.297285542
4572,1.464304764
4573,2.084891554
4574,1.7040248
4575,1.855780958
4576,2.443417127
4577,1.353391501
4578,4.807077399
4579,4.914377978
4580,2.648399619
4581,1.952812795
4582,3.834564491
4583,1.77041727
4584,3.439878205
4585,3.644137808
4586,0.398660224
4587,4.922201019
4588,0.071686741
4589,4.438172048
4590,0.886170904
4591,1.769450934
4592,4.392957065
4593,4.99567986
4594,4.827323035
4595,4.616523037
4596,1.229007692
4597,4.565625997
4598,1.372112703
4599,3.280056676
4600,2.952116626
4601,2.721212705
4602,2.278924033
4603,2.018108109
4604,0.108183768
4605,3.184966874
4606,0.386572227
4607,0.672679048
4608,2.497765724
4609,4.517985389
4610,2.954839676
4611,3.784003605
4612,0.706322426
4613,0.961044501
4614,2.7972792
4615,4.897778538
4616,2.718589851
4617,3.93526515
4618,0.851801776
4619,1.814906701
4620,0.417573907
4621,2.651037931
4622,2.159513418
4623,1.900395769
4624,3.236046973
4625,3.400763273
4626,3.878717164
4627,3.059318553
4628,1.503882807
4629,3.852320659
4630,2.391044907
4631,2.954897569
4632,0.612481337
4633,1.2523104
4634,1.670127973
4635,3.281416574
4636,3.202725511
4637,4.363773401
4638,2.461971337
4639,1.211937383
4640,0.561928033
4641,1.40898573
4642,1.405664063
4643,3.785027828
4644,0.121876354
4645,4.684922627
4646,2.584041083
4647,3.008654382
4648,4.380177409
4649,1.667825021
4650,2.127246379
4651,4.745728292
4652,4.559251669
4653,3.589656426
4654,3.307934295
4655,4.422538866
4656,4.29566805
4657,4.827212693
4658,3.272799874
4659,3.014784653
4660,3.819797989
4661,3.461665852
4662,1.795857213
4663,1.986149967
4664,1.068904896
4665,3.703816456
4666,1.552659841
4667,0.147457141
4668,0.412760232
4669,0.565254671
4670,1.302600605
4671,4.500669479
4672,0.878009392
4673,0.615377879
4674,1.56378824
4675,2.101312893
4676,1.960697671
4677,0.741136243
4678,0.945861944
4679,0.546599637
4680,4.38501685
4681,2.562371069
4682,3.952630867
4683,3.915978335
4684,1.742237528
4685,0.555424201
4686,3.433633427
4687,4.949712157
4688,3.632962944
4689,0.087142331
4690,3.942174487
4691,2.721229367
4692,4.493342831
4693,1.88273607
4694,3.784073391
4695,2.84028262
4696,0.614985554
4697,4.098739036
4698,2.791563751
4699,4.190813505
4700,1.981304521
4701,4.103708516
4702,1.944212127
4703,1.959848045
4704,3.647406544
4705,1.109958632
4706,1.267299526
4707,1.477438845
4708,3.459923942
4709,0.713940488
4710,1.210040673
4711,0.105645377
4712,4.091088583
4713,3.134432046
4714,1.229421354
4715,4.870777416
4716,1.135282476
4717,3.876523327
4718,0.352516962
4719,2.148441713
4720,4.322866103
4721,3.133854747
4722,3.611612544
4723,4.027171461
4724,1.83950245
4725,1.758736014
4726,0.186059304
4727,0.614442724
4728,4.841163957
4729,4.0738109
4730,3.923947334
4731,0.711648262
4732,3.199340831
4733,2.506438024
4734,3.347644296
4735,1.298546449
4736,2.525986899
4737,1.875605175
4738,0.15485543
4739,0.246325325
4740,1.786833588
4741,1.740522458
4742,0.784225303
4743,4.888007448
4744,3.297316211
4745,0.474905343
4746,1.58066406
4747,1.362867277
4748,1.053402796
4749,1.636054361
4750,4.036546254
4751,4.876795577
4752,4.004535506
4753,1.835697021
4754,3.888776727
4755,2.9464366
4756,3.205091854
4757,2.3149008
4758,1.883222594
4759,3.331677854
4760,0.641493488
4761,3.424914748
4762,4.406521092
4763,0.335918012
4764,0.278778026
4765,1.397217869
4766,2.709736132
4767,2.093934462
4768,4.992333754
4769,0.242361576
4770,4.9413721
4771,0.703176928
4772,2.969626609
4773,4.107339339
4774,3.995298002
4775,1.203387686
4776,4.042028494
4777,0.060521692
4778,0.812119465
4779,3.407720791
4780,0.874407014
4781,2.934640324
4782,4.224735211
4783,4.184584186
4784,1.271703331
4785,1.336337888
4786,3.482028442
4787,1.913328039
4788,1.823774206
4789,1.316476186
4790,1.272883665
4791,0.321681749
4792,0.775696878
4793,3.602374859
4794,1.29459193
4795,0.212104816
4796,0.63520121
4797,1.954789331
4798,4.846610846
4799,4.274095454
4800,2.455946581
4801,2.827148775
4802,2.570025254
4803,0.456112919
4804,3.433693406
4805,2.518427604
4806,3.525522257
4807,1.311796436
4808,4.359232006
4809,3.210790974
4810,3.771088707
4811,3.857277714
4812,1.499216724
4813,2.192373285
4814,4.627484218
4815,4.899511567
4816,4.022226056
4817,0.639074748
4818,3.921058282
4819,4.304068037
4820,3.831736625
4821,4.559323469
4822,1.487209999
4823,4.077801184
4824,3.812355214
4825,0.661672558
4826,2.993474137
4827,1.052081491
4828,0.632601348
4829,2.682209948
4830,3.33614771
4831,0.997829187
4832,2.140941962
4833,2.131654318
4834,4.703376141
4835,3.157159374
4836,3.549747785
4837,3.278346626
4838,0.050448965
4839,3.447117037
4840,3.681290906
4841,1.230773407
4842,0.918293798
4843,1.711904967
4844,4.069545412
4845,2.391792767
4846,0.62625913
4847,1.921144982
4848,1.431828262
4849,3.184637452
4850,2.559729639
4851,3.810785888
4852,4.151240977
4853,1.841525262
4854,0.597951802
4855,1.398314246
4856,1.688872811
4857,0.830109962
4858,0.965037174
4859,1.882013526
4860,3.091617169
4861,3.162913805
4862,4.743606744
4863,4.846579565
4864,4.229877548
4865,4.693219769
4866,0.672767553
4867,3.386315153
4868,2.193563093
4869,3.835361522
4870,0.290933937
4871,0.16379784
4872,3.748045579
4873,0.887872704
4874,1.728340508
4875,1.228344345
4876,4.7951208
4877,1.064685469
4878,3.270544994
4879,4.492601198
4880,1.458935636
4881,4.902715824
4882,0.870585437
4883,2.609243949
4884,1.294057273
4885,0.056868888
4886,2.566548569
4887,4.68677109
4888,3.31740045
4889,1.672802941
4890,3.233707259
4891,3.346936893
4892,4.388656281
4893,1.168934892
4894,3.905117489
4895,1.302422157
4896,3.483431608
4897,4.797769144
4898,1.914177946
4899,2.388450982
4900,0.51970265
4901,0.539151118
4902,4.697360574
4903,2.995506908
4904,1.591256016
4905,2.677740365
4906,3.799644621
4907,2.90929106
4908,4.606591252
4909,4.533131554
4910,1.129918612
4911,0.441204731
4912,3.791647489
4913,1.636564076
4914,2.251342487
4915,2.764553696
4916,3.472610857
4917,2.916754209
4918,1.730633277
4919,4.245658873
4920,0.055822092
4921,4.893689481
4922,3.48892476
4923,2.04678705
4924,1.166581523
4925,3.891371367
4926,1.476016555
4927,0.914178506
4928,0.309011293
4929,3.004909183
4930,2.214467297
4931,0.752611061
4932,1.496769578
4933,1.691501826
4934,2.149598687
4935,4.255553954
4936,2.372074401
4937,3.378037449
4938,0.747660026
4939,2.211761414
4940,3.639473094
4941,2.469844319
4942,1.074327598
4943,0.576614531
4944,2.098802068
4945,0.570266128
4946,4.16927509
4947,1.408037281
4948,1.903392563
4949,2.07866718
4950,2.925372321
4951,1.045638185
4952,2.151320893
4953,4.475674223
4954,3.505307819
4955,2.289271989
4956,0.064546937
4957,3.216424841
4958,3.441010498
4959,3.830185902
4960,0.074397146
4961,1.2432004
4962,3.132658442
4963,1.162569443
4964,2.766286419
4965,0.960929605
4966,3.950677254
4967,4.518116731
4968,2.445602251
4969,1.016053939
4970,4.953352139
4971,3.547859391
4972,4.73580553
4973,2.212599318
4974,1.224082929
4975,3.137860305
4976,2.047471174
4977,2.956531933
4978,4.600139779
4979,3.306534392
4980,4.24479165
4981,4.132313628
4982,2.394126493
4983,3.2069154
4984,3.630035696
4985,4.518970489
4986,2.791373107
4987,0.811156222
4988,4.523744095
4989,1.148131649
4990,3.247348165
4991,3.193123882
4992,2.267156932
4993,2.401297839
4994,2.771398507
4995,4.229111379
4996,4.980515839
4997,2.562556199
4998,2.931791253
4999,3.960762314
5000,4.960641795
5001,0.21329861
5002,2.35401489
5003,4.212775538
5004,1.096822668
5005,2.507954933
5006,4.841082771
5007,2.193092371
5008,2.921977902
5009,0.559531106
5010,1.797720018
5011,4.917237604
5012,0.537093885
5013,4.981421983
5014,4.612106663
5015,2.538523019
5016,4.791363869
5017,4.991394852
5018,0.001164704
5019,0.635709238
5020,1.201108679
5021,4.007221372
5022,1.999043567
5023,1.293684376
5024,3.558418431
5025,4.489841436
5026,0.654978025
5027,4.854919158
5028,2.181904533
5029,1.300242212
5030,0.229562336
5031,2.659283458
5032,3.091627694
5033,3.747698296
5034,1.438160434
5035,2.417472322
5036,4.84462421
5037,1.659632271
5038,3.963484755
5039,0.312440573
5040,2.80302334
5041,2.113091858
5042,2.558230499
5043,1.662249527
5044,0.096086748
5045,3.353171731
5046,3.238287504
5047,4.238096256
5048,0.278022283
5049,4.916390325
5050,3.761129933
5051,4.007206492
5052,3.141385817
5053,0.469385399
5054,3.749213665
5055,3.890241445
5056,1.583452133
5057,0.497420232
5058,2.421040934
5059,3.567306834
5060,4.693171866
5061,2.315482974
5062,1.537056454
5063,4.956400646
5064,1.321995434
5065,0.81315435
5066,4.343618154
5067,4.376264146
5068,0.237116983
5069,3.04741035
5070,0.875780376
5071,4.002015012
5072,0.704991716
5073,0.899401449
5074,4.420621709
5075,3.41341218
5076,1.236927499
5077,1.294084638
5078,0.272775873
5079,3.485419093
5080,4.308807206
5081,2.91398221
5082,0.874242803
5083,0.970371239
5084,1.28386679
5085,2.75595897
5086,0.043503012
5087,4.406551262
5088,3.796047343
5089,1.194351718
5090,0.148689562
5091,2.825621655
5092,0.339746081
5093,0.041609287
5094,3.293635685
5095,2.141797234
5096,2.983603258
5097,2.171911182
5098,0.748393511
5099,2.625635176
5100,1.725365878
5101,3.26766454
5102,2.922067101
5103,1.707034497
5104,1.587934609
5105,1.274542457
5106,2.00484838
5107,0.810779768
5108,3.849864123
5109,3.776370114
5110,4.390466931
5111,1.188660709
5112,1.408973847
5113,4.281167668
5114,4.60016575
5115,2.822945337
5116,4.865100012
5117,4.635029696
5118,2.544626533
5119,4.061220246
5120,1.356298891
5121,1.931876953
5122,4.080721727
5123,3.565175499
5124,1.762060463
5125,2.138478798
5126,4.336507088
5127,4.319029008
5128,4.54751684
5129,2.101117384
5130,0.18777637
5131,3.828045599
5132,2.713192501
5133,2.132443469
5134,4.71637515
5135,4.848143055
5136,2.591137918
5137,0.9523565
5138,4.06801234
5139,3.386760992
5140,2.315005316
5141,1.932647639
5142,4.328720881
5143,3.830289187
5144,2.478201847
5145,0.32550096
5146,2.264289151
5147,0.178745177
5148,0.723605517
5149,4.350805361
5150,2.055246069
5151,3.06444685
5152,4.202057094
5153,3.168203168
5154,0.453794195
5155,0.572747738
5156,2.373121655
5157,1.238941404
5158,4.839822914
5159,3.482179889
5160,2.146232785
5161,2.157858455
5162,2.504600443
5163,3.909098451
5164,0.963254329
5165,4.696121067
5166,3.610032658
5167,2.664603071
5168,0.205318486
5169,3.008091772
5170,2.688675459
5171,1.513922137
5172,0.763156028
5173,2.694498383
5174,0.398983452
5175,4.707489174
5176,4.526596461
5177,4.796038202
5178,2.263229738
5179,1.15934836
5180,4.086444686
5181,4.998470535
5182,4.496298841
5183,1.909794723
5184,1.060834407
5185,3.105991488
5186,2.740688179
5187,4.256922591
5188,0.289665878
5189,2.179169829
5190,4.955062212
5191,4.113283875
5192,4.257244875
5193,4.559989054
5194,2.983240696
5195,4.588286197
5196,3.997028095
5197,1.922321401
5198,2.617531958
5199,3.31334212
5200,4.659661129
5201,2.316239817
5202,4.409123777
5203,2.938452548
5204,1.657089836
5205,0.475538491
5206,2.00033642
5207,0.814088034
5208,4.024604658
5209,2.950621792
5210,4.937105981
5211,3.118353602
5212,3.724107121
5213,1.47103308
5214,2.008334702
5215,3.088707803
5216,1.322709486
5217,3.082589845
5218,0.900549303
5219,0.976343262
5220,3.186768821
5221,3.299848978
5222,1.870109554
5223,1.247500737
5224,2.130269978
5225,2.397483231
5226,0.113806905
5227,3.836384296
5228,2.790399223
5229,0.706345157
5230,2.7349395
5231,3.255867907
5232,4.500193377
5233,0.47111351
5234,4.386344974
5235,2.766146252
5236,1.032734405
5237,2.891911155
5238,0.04770846
5239,4.189163803
5240,1.037597473
5241,3.746403792
5242,4.276784306
5243,2.090418596
5244,4.416797493
5245,2.863284273
5246,0.045074612
5247,3.591937716
5248,1.154858477
5249,1.745003225
5250,4.175544974
5251,2.073330704
5252,1.123438755
5253,0.998613947
5254,4.996001611
5255,1.824746627
5256,0.977386335
5257,2.518497498
5258,2.930982936
5259,0.204464479
5260,0.152613338
5261,4.965266941
5262,4.647133961
5263,4.046454702
5264,0.205255566
5265,0.115548591
5266,3.041038592
5267,2.777576044
5268,1.222542093
5269,0.144234288
5270,2.474078579
5271,0.348194916
5272,2.770843567
5273,4.906672187
5274,4.049111519
5275,1.168907729
5276,3.32449974
5277,1.470218115
5278,4.725689773
5279,0.702625993
5280,1.982010531
5281,2.896815208
5282,0.683394639
5283,2.909268308
5284,1.272731225
5285,2.169600631
5286,2.284920982
5287,2.705737073
5288,4.65609214
5289,0.915713988
5290,2.34674131
5291,2.216854318
5292,3.120767388
5293,0.47340969
5294,3.757034959
5295,2.790429748
5296,4.329542609
5297,3.741537822
5298,2.775426765
5299,1.291074313
5300,1.834149714
5301,2.253525665
5302,0.96935556
5303,4.209970013
5304,2.343677929
5305,1.823984206
5306,1.267331174
5307,1.588753132
5308,1.510065463
5309,0.418850097
5310,0.556933345
5311,1.519684798
5312,1.742614417
5313,0.323165885
5314,0.059578353
5315,3.517350145
5316,4.179133416
5317,0.225899641
5318,4.133972046
5319,4.115522473
5320,0.76573962
5321,2.654109469
5322,4.793086234
5323,4.174107688
5324,3.256765659
5325,4.644493522
5326,1.184852027
5327,0.756714176
5328,0.282055492
5329,4.475750309
5330,0.571602696
5331,2.748910585
5332,1.712658722
5333,1.493188907
5334,2.061887614
5335,4.522574336
5336,4.144608286
5337,3.586985095
5338,2.451807956
5339,2.485353649
5340,3.811442645
5341,4.220852403
5342,1.601605774
5343,4.802570659
5344,2.039474474
5345,0.38237997
5346,4.24627581
5347,1.841733919
5348,0.934931124
5349,3.588077299
5350,0.15133535
5351,1.959751421
5352,2.184278141
5353,4.239208109
5354,0.393594203
5355,4.368356359
5356,3.862609985
5357,2.657978984
5358,2.830411261
5359,1.193546843
5360,3.292952585
5361,1.619358866
5362,1.555318184
5363,3.861812692
5364,2.640368576
5365,1.752094834
5366,0.754543197
5367,0.636285799
5368,2.529422649
5369,4.790264161
5370,3.954516992
5371,2.421707139
5372,4.217571524
5373,4.754445519
5374,2.410804136
5375,4.393939721
5376,1.587716002
5377,1.137218828
5378,0.402333964
5379,4.040977439
5380,4.027259961
5381,2.201868202
5382,1.895605162
5383,0.882221647
5384,1.464032256
5385,1.00377967
5386,4.738471457
5387,4.451015333
5388,4.427502848
5389,3.133179172
5390,4.213722592
5391,2.169335124
5392,3.028505212
5393,2.274537094
5394,0.400095129
5395,4.978081978
5396,4.576242403
5397,1.935380693
5398,2.257874235
5399,1.912973098
5400,1.166064857
5401,2.693934785
5402,3.693966624
5403,1.180613629
5404,3.225271854
5405,0.432241746
5406,4.374430241
5407,3.857889565
5408,0.522425614
5409,4.827061919
5410,3.497151031
5411,1.990259435
5412,4.360097366
5413,4.980997421
5414,0.50240456
5415,4.112555021
5416,3.745637784
5417,0.819205767
5418,1.935515914
5419,0.324517106
5420,0.002356503
5421,2.76233859
5422,4.303293685
5423,3.290912193
5424,2.536720989
5425,1.013858571
5426,1.768031975
5427,0.823130324
5428,0.206581918
5429,2.524368789
5430,2.390299898
5431,4.837984715
5432,1.131703916
5433,3.175315207
5434,2.271499319
5435,1.304770319
5436,1.341820273
5437,3.234136926
5438,2.180394176
5439,2.057402109
5440,0.683978085
5441,2.243209016
5442,4.797746392
5443,1.507608073
5444,3.920002273
5445,1.574372657
5446,4.705721363
5447,3.005327278
5448,0.208313681
5449,0.636314577
5450,0.699474302
5451,2.276716569
5452,3.077932038
5453,0.933692837
5454,0.600394588
5455,0.571484365
5456,3.080697453
5457,1.969916942
5458,2.226199836
5459,0.652979958
5460,3.820011327
5461,4.384041633
5462,2.966833894
5463,2.774680954
5464,0.113059015
5465,2.67594014
5466,4.604327888
5467,3.527253558
5468,4.690426109
5469,2.707153285
5470,0.608725181
5471,0.605330766
5472,2.756464165
5473,2.433788012
5474,2.988109552
5475,1.939366396
5476,1.937137417
5477,2.635176732
5478,4.048181548
5479,1.603929663
5480,3.078139624
5481,1.338556136
5482,0.318443423
5483,4.415122812
5484,1.767615069
5485,4.158467912
5486,0.129092436
5487,0.631452206
5488,2.083447779
5489,0.243820168
5490,3.095308401
5491,1.952863225
5492,4.490142282
5493,3.435367853
5494,3.721763803
5495,0.777757857
5496,2.133001863
5497,0.919700914
5498,2.944963949
5499,3.13101665
5500,0.840051427
5501,4.542326133
5502,4.28138588
5503,1.142335379
5504,0.799900916
5505,4.109246063
5506,0.139332667
5507,0.383207546
5508,0.949441104
5509,0.22944805
5510,2.39295903
5511,1.941812326
5512,0.279504831
5513,0.297078835
5514,4.126948412
5515,3.283708468
5516,0.133533138
5517,3.656550882
5518,2.609861565
5519,0.474998775
5520,1.55313838
5521,4.835614049
5522,1.273363534
5523,2.592647139
5524,1.383293441
5525,2.591790388
5526,3.161602869
5527,1.355371752
5528,3.109173748
5529,0.190670878
5530,1.578735276
5531,0.173818505
5532,3.525265784
5533,1.186104125
5534,3.299416571
5535,0.927114087
5536,4.979253771
5537,1.057264923
5538,0.864434457
5539,1.25402858
5540,1.231292912
5541,0.551390559
5542,4.542874481
5543,4.055234447
5544,3.537490395
5545,2.992605222
5546,2.598861844
5547,0.208384689
5548,3.227257947
5549,0.089419927
5550,0.533945019
5551,4.227728719
5552,3.287597183
5553,2.392076431
5554,1.512622746
5555,3.594311924
5556,1.116320559
5557,4.58380341
5558,3.770852569
5559,4.013761776
5560,4.415093619
5561,1.620168531
5562,0.005150648
5563,2.051514178
5564,3.955002137
5565,4.520395436
5566,4.931969144
5567,2.822470857
5568,0.685214582
5569,4.144336634
5570,2.326494115
5571,2.861932772
5572,2.922756624
5573,0.32486858
5574,1.431807879
5575,1.531626515
5576,4.761412364
5577,3.155962772
5578,3.930239887
5579,4.784345775
5580,1.072104836
5581,1.583239274
5582,2.211805951
5583,1.147174755
5584,2.799244503
5585,0.80744581
5586,3.008653495
5587,4.725664865
5588,4.873152492
5589,1.566542214
5590,0.253597653
5591,1.193000973
5592,0.018924722
5593,2.818899298
5594,3.700876013
5595,1.916155502
5596,3.938333176
5597,4.921306942
5598,0.348544369
5599,4.094268234
5600,0.698104037
5601,3.219781418
5602,2.92986164
5603,2.261898182
5604,1.789992398
5605,2.924899199
5606,4.378966742
5607,1.290581822
5608,2.431710534
5609,2.067470489
5610,1.682484607
5611,0.326906347
5612,1.47481944
5613,4.09807324
5614,1.956937097
5615,1.402690846
5616,2.373459493
5617,4.639224757
5618,2.311892075
5619,1.158686231
5620,4.528048399
5621,3.893882953
5622,1.036424862
5623,2.882241285
5624,0.647302884
5625,1.721196426
5626,3.630067039
5627,1.952673311
5628,4.368039993
5629,0.699584823
5630,4.735580455
5631,1.515477058
5632,3.362320143
5633,0.607499131
5634,3.522008922
5635,2.342505178
5636,0.575331827
5637,2.471838627
5638,0.478976951
5639,2.4197208
5640,0.217192037
5641,3.99314116
5642,3.691862454
5643,2.771111472
5644,3.088168272
5645,1.408435822
5646,2.99109394
5647,2.727768066
5648,1.461927014
5649,3.094002594
5650,3.408781831
5651,4.459890729
5652,4.623782803
5653,4.050308405
5654,3.568635265
5655,3.624698162
5656,0.492129542
5657,3.606599158
5658,2.82263681
5659,2.759773741
5660,4.783099783
5661,0.742258872
5662,2.908093079
5663,4.50439167
5664,1.064250167
5665,2.621302922
5666,4.080070126
5667,2.148160304
5668,3.820266268
5669,3.970820062
5670,0.040329484
5671,3.97186975
5672,0.710782637
5673,0.578897418
5674,0.762812959
5675,2.91598765
5676,2.093082578
5677,3.575475667
5678,4.729372852
5679,2.87532984
5680,1.373141248
5681,4.206263283
5682,0.37230583
5683,0.757852347
5684,0.642544222
5685,4.295791147
5686,3.845474534
5687,0.496678513
5688,3.495948182
5689,4.17193413
5690,0.286857013
5691,3.832857458
5692,0.735738356
5693,1.856024585
5694,3.834058517
5695,4.717985514
5696,1.810689072
5697,1.95308508
5698,3.796551596
5699,4.812158011
5700,2.416310494
5701,0.646989155
5702,1.220896822
5703,0.136514727
5704,3.95935615
5705,3.597664599
5706,0.469721636
5707,4.466498588
5708,3.334221492
5709,3.251877301
5710,4.869690025
5711,0.793625132
5712,4.567376143
5713,4.073120011
5714,0.324631584
5715,3.12959243
5716,1.523192854
5717,0.700284942
5718,0.774916363
5719,4.85762814
5720,4.461929061
5721,0.002140761
5722,2.388742423
5723,1.903929329
5724,1.804188011
5725,0.502759606
5726,0.512127234
5727,1.576845032
5728,2.049344651
5729,3.405760628
5730,0.269187517
5731,2.674962865
5732,1.433962754
5733,3.100693375
5734,1.811388441
5735,0.97191142
5736,3.439829676
5737,1.093180286
5738,4.951246457
5739,3.928775336
5740,3.839049771
5741,2.209626234
5742,3.402245882
5743,2.75009252
5744,4.409236602
5745,3.121466751
5746,0.546656318
5747,1.66617088
5748,4.136348933
5749,0.674396165
5750,2.247220496
5751,4.506958664
5752,0.211775691
5753,3.666266587
5754,3.970383842
5755,1.07306815
5756,1.747079593
5757,2.207792039
5758,0.120244091
5759,1.118753167
5760,2.100784558
5761,1.30639301
5762,3.678002591
5763,2.06507786
5764,4.173491086
5765,4.582279794
5766,1.150060111
5767,0.382582126
5768,4.510740352
5769,3.126887341
5770,3.069402951
5771,0.631117973
5772,1.099615627
5773,2.639795523
5774,3.814570912
5775,2.148232327
5776,2.458431208
5777,2.766848891
5778,0.906569601
5779,1.552761307
5780,4.843930113
5781,0.100605641
5782,3.444330019
5783,3.525551612
5784,3.273558564
5785,4.457698337
5786,4.717929968
5787,3.539925788
5788,1.852567353
5789,0.561710776
5790,2.006331036
5791,4.639803008
5792,0.719859595
5793,1.174686618
5794,0.411809482
5795,0.171109985
5796,1.984582907
5797,3.385594956
5798,3.972339208
5799,1.651666188
5800,0.028917664
5801,1.929575986
5802,2.499453173
5803,0.477975082
5804,3.1111412
5805,1.787861181
5806,0.564948378
5807,4.750128631
5808,2.264643045
5809,1.961299543
5810,0.346701574
5811,1.831989163
5812,2.107323954
5813,2.286793719
5814,2.962559262
5815,0.710717107
5816,2.665592506
5817,4.596720434
5818,0.238765439
5819,4.600625802
5820,4.691257928
5821,2.600431358
5822,0.363730626
5823,2.74069414
5824,0.463556573
5825,0.066344994
5826,1.987642727
5827,3.042659233
5828,2.080918226
5829,0.249715209
5830,1.378312328
5831,4.298987545
5832,2.257618425
5833,2.580801676
5834,3.570790916
5835,1.580900455
5836,2.403965442
5837,4.554943838
5838,1.598786069
5839,2.399659319
5840,2.06515936
5841,0.135281304
5842,1.273840389
5843,2.726435
5844,4.045849356
5845,2.517079658
5846,3.734343532
5847,3.921937887
5848,0.899452678
5849,2.686888151
5850,4.971256182
5851,0.15591465
5852,0.693088969
5853,3.790917569
5854,2.984984213
5855,2.959537702
5856,0.171695389
5857,3.758549854
5858,3.429425531
5859,1.881647296
5860,4.130352728
5861,3.522063365
5862,1.289210957
5863,4.734472313
5864,4.414423007
5865,3.594231057
5866,2.717606695
5867,2.997222665
5868,0.090433094
5869,1.2610254
5870,0.994344694
5871,4.208283271
5872,3.445001177
5873,1.857919338
5874,0.261841962
5875,4.560962809
5876,2.413074305
5877,2.644576793
5878,3.012168909
5879,4.194150848
5880,1.662331805
5881,2.901248038
5882,3.830558668
5883,4.691031627
5884,4.563530189
5885,0.759969439
5886,3.899314387
5887,1.577049413
5888,0.918286595
5889,1.605731224
5890,1.274969737
5891,0.556666959
5892,2.587528582
5893,0.116074269
5894,1.931166387
5895,2.369030089
5896,0.482648672
5897,4.215429068
5898,0.659273889
5899,2.529191595
5900,4.692646505
5901,0.116312381
5902,0.305165941
5903,0.837537285
5904,4.131336354
5905,3.707375324
5906,4.199337722
5907,0.534008817
5908,4.898799324
5909,2.068638947
5910,2.617038003
5911,3.764409885
5912,2.740682003
5913,2.135222516
5914,2.247081863
5915,2.356521083
5916,2.616568224
5917,0.338563369
5918,2.44395229
5919,4.926808616
5920,3.361171785
5921,2.492668255
5922,2.717028772
5923,3.165559192
5924,0.622222512
5925,1.967705479
5926,0.074966201
5927,0.746438686
5928,1.870648191
5929,1.704796673
5930,4.483317576
5931,0.191331204
5932,1.491088826
5933,0.931794934
5934,3.717852184
5935,2.067209327
5936,0.087184891
5937,4.136402769
5938,4.661182268
5939,3.168769126
5940,1.668550741
5941,4.087742747
5942,2.286057311
5943,1.330265036
5944,4.106696911
5945,1.408540923
5946,4.986164273
5947,0.021696268
5948,2.256879664
5949,3.493457906
5950,4.296079772
5951,4.582317469
5952,3.291004218
5953,4.904237492
5954,2.688715865
5955,3.019040546
5956,4.288641996
5957,4.973446898
5958,0.073731916
5959,2.467216665
5960,0.860991765
5961,2.679313082
5962,2.522368105
5963,2.483838201
5964,3.845747387
5965,0.044654067
5966,4.995688528
5967,3.610073885
5968,4.446102703
5969,4.411232154
5970,0.504503137
5971,1.299110705
5972,3.283969458
5973,0.268276269
5974,3.824938573
5975,2.461610802
5976,1.699130969
5977,4.018879418
5978,3.233324841
5979,3.439333795
5980,1.286136673
5981,1.818145783
5982,4.780660155
5983,0.726290349
5984,2.441384879
5985,2.771096276
5986,2.03146745
5987,3.336958121
5988,0.086987205
5989,0.760541284
5990,3.621300938
5991,4.816627754
5992,4.059429491
5993,1.778382231
5994,3.580475062
5995,2.437825924
5996,3.593138883
5997,4.398278898
5998,1.623237142
5999,3.442907895
6000,0.523833209
6001,4.633544519
6002,1.492145731
6003,0.375489339
6004,1.952697077
6005,2.472210391
6006,0.538585825
6007,3.158670958
6008,2.84621166
6009,0.942438758
6010,0.650725338
6011,4.944700267
6012,3.156309741
6013,4.578780227
6014,0.551887122
6015,3.618117401
6016,3.780429577
6017,2.125544698
6018,4.643597611
6019,1.927305568
6020,0.859059234
6021,2.501751359
6022,2.756939876
6023,3.05510173
6024,0.986762351
6025,4.59479448
6026,4.968874432
6027,3.983601222
6028,4.210084536
6029,3.037683911
6030,1.825221552
6031,1.992531193
6032,1.709403847
6033,1.437636813
6034,4.794999669
6035,4.156908139
6036,2.272607834
6037,2.368620193
6038,4.099007449
6039,4.609532514
6040,2.008246322
6041,4.118151847
6042,0.733796772
6043,4.68594737
6044,4.919302106
6045,1.905360049
6046,2.307581689
6047,0.682358466
6048,3.713376894
6049,4.017049665
6050,3.881991246
6051,3.110169663
6052,0.751084596
6053,4.242222909
6054,1.988525579
6055,4.495215646
6056,3.565845342
6057,0.612163139
6058,3.201972697
6059,3.263765854
6060,4.028329392
6061,3.797850907
6062,0.671684704
6063,4.616707501
6064,1.041090804
6065,0.549710727
6066,3.273801262
6067,4.557976781
6068,1.15346407
6069,4.804076532
6070,4.405776271
6071,3.208193464
6072,1.266942641
6073,0.403009851
6074,4.756287407
6075,4.709212503
6076,1.845644553
6077,2.002042668
6078,0.404644387
6079,4.294403524
6080,1.509876083
6081,2.744960155
6082,0.27222674
6083,2.44548318
6084,0.156771282
6085,3.768941352
6086,0.142431592
6087,1.696973579
6088,4.467737063
6089,3.265106415
6090,3.224158155
6091,3.434217622
6092,1.845189636
6093,0.811407427
6094,1.121667196
6095,1.508880567
6096,3.308063448
6097,4.424303746
6098,0.703204102
6099,0.602622065
6100,1.288981412
6101,1.767763781
6102,4.914045445
6103,3.825521141
6104,3.414595696
6105,4.945011512
6106,4.699337176
6107,3.889492296
6108,1.210605848
6109,0.769021674
6110,2.146824736
6111,4.125242518
6112,0.916750349
6113,0.111591985
6114,0.383494312
6115,4.842262068
6116,2.195218886
6117,4.933973432
6118,1.603577978
6119,3.51903344
6120,0.400309062
6121,0.173653757
6122,1.225098727
6123,3.128589783
6124,0.179747476
6125,1.97650042
6126,3.236085824
6127,1.319521326
6128,3.158136185
6129,0.675891964
6130,1.44391276
6131,1.146977596
6132,2.938365716
6133,1.430196368
6134,2.545074158
6135,4.679640762
6136,2.569791256
6137,1.477875514
6138,2.326056274
6139,3.764154377
6140,0.816439885
6141,0.313514542
6142,4.280984275
6143,0.753799501
6144,3.76380594
6145,4.020488542
6146,2.882638057
6147,2.143452992
6148,4.523970093
6149,0.813073091
6150,0.506811541
6151,4.429040064
6152,0.141494436
6153,2.190333457
6154,1.110328403
6155,4.713724536
6156,0.056828536
6157,0.412962359
6158,2.107118544
6159,4.066268179
6160,4.043847812
6161,1.065999269
6162,2.410119671
6163,4.605452736
6164,3.685501212
6165,0.493475729
6166,4.087832843
6167,2.407987684
6168,0.095732384
6169,0.562208444
6170,2.47063569
6171,4.977670542
6172,2.075679659
6173,4.360527952
6174,4.488619363
6175,3.371902442
6176,2.250642329
6177,1.542581219
6178,0.517813486
6179,0.449770108
6180,3.550001537
6181,0.288648433
6182,3.515405631
6183,2.125348663
6184,0.379322117
6185,0.14585381
6186,1.564270232
6187,0.551855027
6188,3.147357941
6189,3.935283909
6190,0.171244377
6191,2.379482667
6192,3.692644069
6193,1.852742346
6194,4.540016596
6195,3.467169922
6196,2.289173124
6197,0.458937642
6198,4.653081379
6199,1.853746396
6200,2.986018658
6201,2.374031081
6202,3.535793259
6203,4.896422296
6204,3.311998235
6205,0.730974296
6206,0.146678607
6207,4.981441825
6208,1.212441264
6209,2.579713096
6210,1.315217924
6211,2.166910168
6212,3.277173274
6213,4.585993096
6214,1.41309985
6215,3.326207408
6216,1.019658737
6217,3.13895664
6218,4.776404872
6219,4.258591174
6220,3.500575495
6221,1.422863894
6222,4.973590552
6223,2.985321261
6224,1.581826416
6225,0.665122023
6226,1.335227543
6227,1.025865466
6228,4.689366431
6229,0.733270082
6230,4.035967458
6231,2.524508803
6232,4.646273504
6233,1.189434632
6234,1.460935823
6235,3.684023238
6236,0.731428672
6237,4.472485127
6238,4.555567707
6239,0.167018516
6240,0.666758004
6241,0.166533156
6242,4.449516844
6243,3.16021318
6244,3.706237009
6245,2.740507985
6246,2.054849465
6247,0.591004815
6248,0.260714896
6249,2.468552717
6250,1.432862825
6251,4.871374636
6252,4.885406748
6253,0.64855858
6254,1.034943989
6255,1.794351703
6256,2.994044354
6257,1.49922557
6258,0.031897588
6259,4.795069815
6260,3.53685705
6261,1.782204754
6262,4.235813397
6263,0.666130657
6264,1.18424675
6265,0.109388536
6266,1.075395868
6267,0.550598155
6268,0.441929292
6269,4.443021196
6270,1.925527934
6271,2.636023132
6272,3.178022895
6273,4.430114082
6274,0.924880811
6275,2.683309373
6276,2.826315952
6277,4.947455103
6278,0.462481536
6279,1.619057303
6280,4.116278378
6281,4.330499755
6282,1.212295326
6283,2.162306725
6284,3.143037483
6285,0.922811365
6286,3.092196416
6287,1.716526035
6288,4.428823036
6289,2.770892338
6290,1.835171454
6291,2.490566545
6292,4.336143553
6293,4.092589705
6294,1.930378881
6295,4.34995013
6296,3.309258064
6297,2.778047352
6298,0.941220674
6299,0.302031075
6300,1.504817527
6301,3.719084612
6302,1.200757669
6303,2.614273044
6304,2.167334662
6305,4.329662509
6306,3.837735633
6307,4.501461127
6308,2.340257371
6309,1.37328297
6310,2.9321252
6311,4.757665908
6312,2.643011505
6313,4.379268865
6314,3.029108453
6315,1.387630147
6316,2.562612019
6317,0.118060664
6318,1.92565145
6319,1.072131954
6320,0.191936186
6321,3.723113201
6322,0.327250977
6323,0.40680869
6324,0.267736533
6325,2.720581394
6326,3.202921101
6327,0.846399968
6328,0.174400151
6329,0.482675583
6330,4.679990504
6331,3.75161211
6332,4.760238976
6333,1.596393163
6334,4.928038653
6335,0.359338638
6336,0.225205548
6337,2.036189057
6338,2.435742695
6339,0.626754369
6340,2.449980216
6341,2.968385685
6342,3.864909835
6343,4.44290377
6344,1.409217469
6345,3.629854884
6346,4.665877502
6347,3.413990447
6348,4.000428049
6349,3.079881259
6350,1.811209153
6351,0.145326718
6352,0.723844445
6353,1.091906832
6354,4.395338622
6355,2.642648998
6356,2.26729026
6357,2.731836503
6358,1.730602617
6359,4.295230855
6360,4.275246708
6361,2.985956742
6362,2.067891548
6363,2.146582388
6364,0.002925975
6365,0.852058261
6366,0.80649867
6367,2.787929729
6368,2.503631085
6369,1.226703529
6370,2.858017608
6371,2.868823724
6372,1.008176223
6373,2.022884775
6374,4.294069844
6375,1.108518515
6376,3.640634189
6377,0.193761766
6378,2.216728795
6379,2.852414195
6380,2.694983132
6381,2.738642929
6382,1.752217507
6383,2.295174046
6384,4.232063175
6385,3.180239909
6386,2.74305001
6387,1.646580281
6388,0.743759008
6389,2.371944318
6390,4.735793333
6391,3.351920771
6392,2.288847322
6393,3.857506986
6394,4.794314196
6395,0.431500238
6396,3.210419513
6397,4.956355257
6398,2.92727326
6399,3.084754817
6400,1.620014212
6401,0.651897105
6402,4.88813456
6403,4.238044845
6404,4.356997337
6405,1.051199988
6406,0.488160389
6407,3.673949929
6408,2.119875753
6409,2.025158456
6410,4.427625367
6411,4.612788722
6412,2.989669693
6413,0.69874479
6414,1.578984516
6415,1.260618131
6416,2.525081573
6417,3.640106182
6418,3.623196075
6419,2.788787968
6420,2.986283154
6421,0.680312258
6422,3.549181011
6423,3.342417058
6424,0.373864661
6425,2.152961636
6426,3.356892694
6427,2.146152988
6428,0.294615507
6429,2.444106526
6430,4.947418325
6431,3.332595155
6432,4.79476572
6433,3.02693111
6434,4.928203311
6435,0.822246276
6436,0.577136642
6437,0.336965978
6438,4.924543328
6439,3.346656044
6440,3.298557774
6441,1.168182306
6442,3.648546162
6443,0.983509189
6444,2.143084083
6445,2.746725171
6446,4.084161804
6447,1.323562808
6448,1.453939847
6449,4.214000688
6450,1.229331317
6451,0.197772609
6452,2.573062437
6453,4.935008878
6454,1.497089077
6455,2.536891005
6456,3.474741121
6457,4.125233653
6458,2.286755836
6459,4.637659215
6460,3.83344565
6461,3.458837916
6462,1.77081339
6463,4.332039355
6464,3.859683573
6465,1.75120431
6466,2.160104819
6467,4.762182528
6468,4.494018661
6469,1.845185993
6470,0.042609294
6471,4.906540773
6472,2.613498846
6473,4.704759217
6474,4.637107148
6475,2.724466675
6476,1.685130312
6477,3.069837061
6478,0.592651498
6479,0.836383223
6480,3.929337093
6481,4.058199315
6482,2.807710853
6483,2.166295615
6484,2.017359512
6485,2.637339573
6486,2.381448263
6487,0.98835942
6488,2.822981065
6489,0.006056765
6490,4.210090998
6491,1.934281497
6492,1.295457082
6493,3.644917915
6494,2.052022929
6495,3.732161243
6496,3.262147559
6497,3.159088639
6498,1.161287976
6499,3.317509085
6500,0.352190783
6501,1.312218188
6502,3.768484144
6503,1.485192175
6504,1.694624946
6505,0.516562094
6506,3.506367396
6507,4.824225605
6508,4.856301807
6509,3.318556552
6510,0.34784359
6511,2.48032439
6512,0.890939674
6513,3.386655328
6514,3.316735852
6515,0.025039359
6516,0.889948484
6517,2.513462912
6518,3.308546578
6519,1.291550864
6520,2.542238349
6521,4.771228811
6522,1.494824643
6523,2.162139148
6524,1.451905419
6525,1.898568766
6526,3.574821276
6527,3.590075116
6528,0.828314012
6529,3.211088551
6530,4.216328145
6531,4.747628719
6532,1.587665774
6533,0.903567381
6534,3.663030071
6535,4.680099736
6536,1.385604115
6537,0.915974594
6538,2.583065592
6539,1.1083689
6540,4.950960265
6541,2.797041165
6542,4.035816094
6543,4.45899696
6544,1.559197311
6545,0.615282518
6546,1.223522399
6547,1.551734499
6548,0.995963053
6549,4.029988911
6550,4.771503226
6551,0.268387323
6552,0.790503014
6553,4.5062274
6554,1.717825934
6555,0.133827468
6556,2.701205187
6557,4.965203708
6558,1.431073005
6559,4.046073405
6560,4.125133863
6561,4.685610641
6562,2.002970069
6563,2.757124038
6564,3.187987103
6565,1.725588254
6566,0.021280727
6567,4.487028644
6568,3.949318527
6569,3.537765361
6570,2.608899221
6571,4.290222467
6572,3.914059698
6573,1.639267615
6574,1.102021004
6575,2.953493882
6576,4.675665448
6577,4.842698526
6578,1.482271133
6579,4.121137912
6580,1.607550319
6581,4.239139839
6582,0.681805053
6583,1.286292406
6584,0.043762237
6585,2.574818664
6586,4.970082565
6587,4.215093713
6588,2.453087935
6589,2.556351018
6590,3.518719971
6591,2.276619124
6592,1.433976981
6593,3.803462291
6594,0.310881493
6595,2.841855696
6596,2.806336011
6597,3.99720368
6598,2.186324567
6599,2.788337877
6600,3.816636216
6601,0.261373703
6602,4.139323437
6603,2.717351747
6604,4.527951335
6605,1.300338046
6606,3.461994943
6607,0.664024767
6608,3.835073263
6609,1.499484661
6610,4.584762036
6611,1.04735878
6612,4.210146603
6613,4.308768261
6614,1.184902215
6615,3.715652482
6616,0.375083859
6617,1.203689173
6618,3.043460408
6619,4.534372987
6620,4.75748734
6621,1.726212044
6622,3.366003052
6623,3.832998785
6624,4.329366642
6625,0.358295267
6626,0.193470469
6627,2.349648465
6628,3.318348755
6629,0.490733201
6630,2.803700533
6631,4.805416709
6632,0.019572659
6633,1.56704528
6634,3.914424726
6635,1.300080812
6636,1.838038972
6637,2.294353676
6638,4.893066513
6639,2.24013107
6640,3.539214395
6641,1.595386894
6642,1.148062549
6643,1.784854592
6644,4.178745058
6645,1.443078543
6646,3.595077772
6647,3.893302431
6648,4.391303487
6649,4.784798587
6650,0.222109399
6651,3.490144627
6652,1.971817635
6653,4.254102538
6654,0.820201666
6655,3.058348988
6656,2.943256238
6657,4.508383128
6658,0.957443178
6659,1.096048007
6660,2.182399245
6661,2.271135564
6662,4.082270747
6663,4.407318487
6664,4.16798573
6665,3.681390407
6666,0.221827046
6667,0.284737036
6668,1.75749991
6669,0.756380207
6670,2.714611217
6671,2.703229194
6672,2.086968978
6673,1.931473578
6674,1.881639936
6675,3.688801733
6676,0.737098563
6677,1.077363091
6678,2.320378928
6679,0.088517299
6680,2.710050934
6681,2.00040451
6682,2.127607278
6683,0.400972006
6684,1.731172792
6685,3.442067084
6686,4.249307867
6687,1.661034728
6688,2.369403057
6689,0.836722338
6690,0.817549333
6691,4.823979654
6692,1.578018268
6693,0.437019341
6694,2.682871314
6695,3.346821846
6696,2.34517165
6697,1.33567404
6698,2.543960078
6699,3.352309332
6700,2.111178633
6701,2.628117936
6702,3.938710548
6703,3.635251359
6704,0.900280637
6705,1.184630041
6706,3.763600089
6707,0.427069321
6708,0.976654173
6709,1.086893424
6710,3.656076958
6711,1.110936921
6712,1.91005735
6713,0.034524948
6714,3.104041319
6715,0.462240653
6716,4.301726504
6717,2.361335944
6718,3.132904028
6719,2.664802941
6720,0.875797775
6721,1.459686415
6722,4.647201017
6723,2.605246149
6724,2.884543786
6725,3.518276428
6726,0.000172625
6727,0.280794697
6728,4.028718972
6729,2.05529294
6730,2.654993699
6731,4.095139454
6732,2.414663901
6733,0.46210867
6734,3.118796332
6735,4.171099507
6736,1.15915167
6737,0.73472034
6738,2.745588402
6739,2.615688749
6740,2.046147952
6741,4.970235379
6742,4.379950171
6743,1.569315419
6744,0.600315764
6745,0.343980532
6746,3.052202332
6747,3.096128614
6748,2.470288206
6749,0.530703767
6750,1.358757744
6751,0.473776701
6752,0.871798155
6753,3.601069221
6754,3.51927604
6755,4.803042077
6756,3.234779206
6757,2.75010023
6758,1.243350685
6759,2.857641438
6760,3.53137954
6761,4.526677277
6762,3.783568206
6763,4.894007309
6764,3.893047939
6765,1.622073289
6766,4.335147604
6767,4.084690877
6768,3.628847718
6769,4.008935387
6770,3.717237081
6771,1.028294992
6772,0.085261874
6773,4.919289853
6774,3.129288099
6775,4.821111858
6776,0.022765357
6777,3.664620664
6778,2.744593871
6779,0.174448446
6780,2.718948621
6781,3.459129905
6782,1.181630753
6783,4.519790748
6784,0.546063297
6785,4.100927266
6786,4.768701664
6787,4.910790665
6788,0.740184148
6789,2.286161462
6790,3.188197813
6791,2.429295013
6792,4.643085713
6793,1.839252124
6794,3.815534994
6795,0.482786791
6796,3.032624824
6797,0.405328113
6798,4.149766464
6799,3.64616282
6800,0.7346826
6801,2.835694556
6802,4.183316634
6803,2.939932995
6804,3.09060761
6805,3.756160278
6806,2.625480282
6807,1.005138846
6808,1.698429408
6809,0.331774804
6810,2.447310939
6811,1.83386686
6812,2.664520784
6813,0.963349697
6814,2.575907134
6815,2.758030253
6816,0.229128285
6817,1.237502725
6818,0.47526754
6819,2.486515152
6820,1.387390297
6821,2.535603508
6822,2.765232707
6823,4.831693546
6824,4.840636161
6825,1.195106592
6826,3.737547683
6827,0.230166969
6828,2.517593402
6829,0.537348964
6830,1.129526884
6831,1.747821165
6832,1.066543242
6833,4.973091543
6834,1.144698433
6835,3.66236624
6836,4.265308152
6837,1.619790839
6838,1.732042128
6839,0.632645373
6840,4.366981674
6841,2.213106282
6842,0.30193116
6843,2.904227185
6844,2.603487224
6845,4.681511664
6846,3.324653049
6847,1.372792614
6848,3.128471465
6849,4.698128733
6850,0.074135308
6851,3.410851325
6852,3.893082821
6853,4.786287047
6854,1.953054257
6855,4.384427794
6856,4.140217019
6857,0.479006993
6858,3.742375839
6859,1.553201795
6860,3.749782374
6861,3.444781407
6862,0.157534922
6863,4.166837977
6864,1.405997786
6865,4.046044002
6866,2.236665909
6867,4.998783747
6868,4.311319647
6869,2.976969175
6870,2.749973048
6871,0.2044331
6872,4.614007673
6873,3.841751805
6874,4.38744576
6875,4.234951217
6876,0.131452177
6877,4.984985538
6878,2.969210716
6879,1.078019078
6880,0.509109578
6881,3.493087178
6882,1.239102864
6883,1.410500824
6884,3.147681795
6885,1.591377494
6886,4.77463153
6887,2.183460242
6888,2.818705093
6889,3.680232082
6890,1.929940133
6891,4.175643808
6892,3.36624026
6893,3.517511196
6894,0.775713861
6895,1.79091043
6896,1.54089886
6897,1.669290585
6898,1.801073186
6899,2.576982449
6900,1.537026415
6901,4.318021714
6902,0.272574637
6903,2.080710347
6904,4.543211815
6905,1.053126237
6906,2.069891425
6907,1.096494258
6908,3.16797548
6909,4.946103252
6910,4.728647362
6911,0.433747462
6912,0.981196397
6913,3.990509713
6914,1.47742955
6915,3.370030566
6916,0.603202725
6917,3.140294071
6918,3.761614781
6919,0.110068037
6920,1.826085055
6921,1.41525094
6922,3.514938299
6923,1.774607588
6924,4.419870559
6925,0.974030063
6926,0.658631041
6927,3.722088834
6928,2.990765523
6929,0.542512321
6930,4.026067995
6931,1.717511793
6932,2.596712776
6933,1.585841698
6934,3.620156616
6935,1.544616711
6936,1.164079864
6937,1.213749323
6938,2.165759975
6939,3.581045629
6940,3.533531023
6941,2.284609633
6942,4.672379327
6943,1.770896826
6944,0.579449683
6945,3.010868449
6946,4.465548601
6947,1.447080019
6948,0.413708622
6949,3.341297566
6950,0.229974999
6951,2.425490831
6952,0.46796978
6953,0.341711562
6954,1.630138833
6955,1.297576504
6956,2.408466203
6957,0.989243733
6958,4.427211699
6959,4.189845899
6960,1.233664112
6961,1.300335364
6962,4.2967027
6963,3.723357603
6964,2.462712367
6965,1.853247507
6966,2.752800283
6967,1.671558858
6968,0.265114622
6969,3.145968124
6970,4.055302409
6971,4.71367692
6972,3.044153152
6973,2.598859952
6974,0.79035509
6975,2.422637536
6976,0.414575147
6977,2.591290787
6978,1.865055116
6979,2.479747558
6980,3.386450497
6981,0.141686862
6982,2.202683084
6983,0.802148191
6984,1.846174129
6985,2.962144911
6986,2.60833551
6987,1.769883575
6988,4.479304828
6989,2.614394323
6990,4.37248152
6991,3.783386725
6992,1.080931304
6993,4.869399614
6994,3.846816
6995,3.380417187
6996,1.066870626
6997,4.857693542
6998,0.328628074
6999,4.310967667
7000,4.354743261
7001,1.897449891
7002,2.868370297
7003,0.387608949
7004,3.740825282
7005,0.245599682
7006,3.97209844
7007,0.990694202
7008,2.98351684
7009,2.770019961
7010,4.136606024
7011,1.41566983
7012,0.030964351
7013,1.206758039
7014,3.963174598
7015,1.815269932
7016,0.616729303
7017,3.424981609
7018,3.14721155
7019,2.744884501
7020,3.159083386
7021,2.937451225
7022,2.746280376
7023,2.945062304
7024,2.969693213
7025,4.198156765
7026,2.513437928
7027,2.513739853
7028,3.983116824
7029,1.344267901
7030,3.248169637
7031,2.34357969
7032,4.79550268
7033,2.02337164
7034,4.077272639
7035,0.064650693
7036,1.787918691
7037,1.44640432
7038,4.510789252
7039,0.934729923
7040,3.566746426
7041,3.54177901
7042,3.459469292
7043,0.849741532
7044,3.92363147
7045,3.701353115
7046,4.001809333
7047,4.736192593
7048,0.16306251
7049,3.424840957
7050,3.792600238
7051,1.547159692
7052,0.052869563
7053,2.399422159
7054,0.631087555
7055,1.872267167
7056,1.547490537
7057,0.402008748
7058,1.727586403
7059,3.233139782
7060,3.567630015
7061,0.750898804
7062,3.254591752
7063,0.566581863
7064,2.152071157
7065,4.441660145
7066,2.765070065
7067,2.848781061
7068,2.034925927
7069,0.647043847
7070,2.786417709
7071,2.322295305
7072,4.412460085
7073,4.712519842
7074,3.116281571
7075,2.099703083
7076,4.586858009
7077,1.170546154
7078,1.959216303
7079,3.847333728
7080,3.202118048
7081,0.106797836
7082,3.128353863
7083,4.582786105
7084,4.213028075
7085,1.993472194
7086,4.218717203
7087,2.168946995
7088,3.545400894
7089,3.320573195
7090,0.21326632
7091,2.90098321
7092,3.070085224
7093,3.734613021
7094,4.537771764
7095,3.035596956
7096,4.675885735
7097,1.401149754
7098,1.203877952
7099,3.221918151
7100,1.984911368
7101,3.595706694
7102,1.205067801
7103,1.778626448
7104,3.679782524
7105,2.028446941
7106,2.129502349
7107,1.901615055
7108,2.790530783
7109,4.478773853
7110,4.378071739
7111,2.693972945
7112,4.474648556
7113,1.598478442
7114,4.303071902
7115,1.968143751
7116,0.458083306
7117,0.687545843
7118,1.19259031
7119,2.213447734
7120,4.755197044
7121,3.56924352
7122,3.217985176
7123,1.201378259
7124,0.870229827
7125,3.876466556
7126,3.014603191
7127,3.10952017
7128,4.940013024
7129,1.998852341
7130,2.510054803
7131,1.375703224
7132,0.859865369
7133,4.51031593
7134,0.21804871
7135,4.924540911
7136,4.868672224
7137,3.337361778
7138,1.994318732
7139,2.889399224
7140,1.596025622
7141,0.348071837
7142,4.171677775
7143,1.826956519
7144,1.775770872
7145,1.456856803
7146,1.798109871
7147,3.146456961
7148,0.337370023
7149,1.327172769
7150,1.435619299
7151,3.564285786
7152,2.057338395
7153,4.780574473
7154,1.308504649
7155,4.414306832
7156,1.550484683
7157,3.037117412
7158,3.80737591
7159,2.366867113
7160,0.149096073
7161,3.589876921
7162,0.614160555
7163,2.544856252
7164,3.263500133
7165,2.544769228
7166,0.256075156
7167,1.526675463
7168,3.079227023
7169,2.29653386
7170,3.174954963
7171,1.692030382
7172,0.733556875
7173,0.586887317
7174,1.430203667
7175,2.486509899
7176,3.963724573
7177,3.145181721
7178,0.328716268
7179,4.473705086
7180,4.85464536
7181,1.406037762
7182,1.960193688
7183,1.991490024
7184,1.484449512
7185,1.837542684
7186,1.668919564
7187,3.053028724
7188,0.06627275
7189,3.158224905
7190,0.65631216
7191,0.168829726
7192,1.667295177
7193,4.528187936
7194,2.353944252
7195,1.593115416
7196,0.824748938
7197,2.881867832
7198,2.82540664
7199,1.964459542
7200,2.247660242
7201,0.667706876
7202,0.655742668
7203,2.346154564
7204,3.246454679
7205,0.952787514
7206,0.068337869
7207,4.135512348
7208,1.011796119
7209,1.421430674
7210,4.271056073
7211,2.817652643
7212,4.643420252
7213,0.6245936
7214,2.963873834
7215,2.087135238
7216,2.53581629
7217,4.466700142
7218,0.770934151
7219,4.364429489
7220,2.829492682
7221,3.317622874
7222,3.38960627
7223,1.961770686
7224,1.97605542
7225,2.306871252
7226,1.995376411
7227,1.626711667
7228,3.815943614
7229,4.165136613
7230,2.508681148
7231,1.131675231
7232,4.708604118
7233,3.785201699
7234,0.020656059
7235,4.925424667
7236,0.339711294
7237,4.851085776
7238,4.598792166
7239,1.152365213
7240,2.557682187
7241,0.389078788
7242,2.925628238
7243,3.793074074
7244,0.28398321
7245,2.73581069
7246,1.978695848
7247,4.357117039
7248,1.216218875
7249,0.279377695
7250,1.273003591
7251,1.701290768
7252,3.000718236
7253,0.984525195
7254,1.678639845
7255,3.991088338
7256,3.817626933
7257,4.421587361
7258,4.573503099
7259,4.489077902
7260,1.019058764
7261,1.606309695
7262,1.495324841
7263,0.578726217
7264,0.90064739
7265,1.845212401
7266,0.529393369
7267,0.172330703
7268,0.489099375
7269,0.81004719
7270,3.468257106
7271,2.300185812
7272,3.349002154
7273,2.807644917
7274,1.232589962
7275,4.285592872
7276,3.848380873
7277,3.213578037
7278,1.970445973
7279,0.597373951
7280,1.676126468
7281,4.774328217
7282,2.811704371
7283,0.22729029
7284,0.103510665
7285,0.399097481
7286,0.18235851
7287,4.553712253
7288,0.946673976
7289,3.771039064
7290,1.726798503
7291,3.582751153
7292,1.710767366
7293,2.057802651
7294,0.916262357
7295,3.294976451
7296,4.123810017
7297,1.133901421
7298,1.396133463
7299,0.746256132
7300,4.74245318
7301,3.076122997
7302,2.819957473
7303,1.199304915
7304,0.912283076
7305,2.380451109
7306,3.871498433
7307,3.253272786
7308,4.663440718
7309,3.315167478
7310,4.03616246
7311,1.308995627
7312,3.286741258
7313,0.212779829
7314,2.108826466
7315,4.790752785
7316,4.034877084
7317,2.370476677
7318,3.465206588
7319,3.971253222
7320,1.953455961
7321,2.304464978
7322,3.41680627
7323,2.652716747
7324,2.480653301
7325,1.728730074
7326,3.535644776
7327,1.88607614
7328,1.336362465
7329,0.893427784
7330,3.465856576
7331,2.546549696
7332,4.352123648
7333,1.045089303
7334,4.426524049
7335,4.295321735
7336,2.65504805
7337,4.396103946
7338,1.526952784
7339,3.321930223
7340,3.370053137
7341,2.188161905
7342,3.246367223
7343,1.543596626
7344,0.326853154
7345,1.785192598
7346,1.356023848
7347,4.576933709
7348,3.850234474
7349,2.475819123
7350,4.377428017
7351,2.620197285
7352,3.962203659
7353,4.896049789
7354,0.347396094
7355,4.318524323
7356,4.421553399
7357,1.077788286
7358,2.363950044
7359,2.45217032
7360,4.790013841
7361,3.833072868
7362,3.269373474
7363,4.773473507
7364,4.127317521
7365,0.719525543
7366,2.370314571
7367,2.572167094
7368,4.613646083
7369,3.873580578
7370,0.957171402
7371,2.257890366
7372,4.989740632
7373,0.802037281
7374,3.932859908
7375,4.950988547
7376,0.572418087
7377,4.467206234
7378,4.091450608
7379,4.599110271
7380,3.910414787
7381,1.619875817
7382,2.766609161
7383,2.71892567
7384,2.809247299
7385,4.038149377
7386,4.098671218
7387,2.284155296
7388,2.02693265
7389,3.640348911
7390,1.352878786
7391,3.594103724
7392,2.110178645
7393,2.223027579
7394,2.363016899
7395,2.46342201
7396,0.141030508
7397,4.428891007
7398,0.196486452
7399,4.382515429
7400,1.080164787
7401,0.128049321
7402,2.649016712
7403,3.765545505
7404,4.715152356
7405,2.10924495
7406,3.783214264
7407,0.507393917
7408,0.173261256
7409,3.012777925
7410,1.799622506
7411,4.365002009
7412,4.330939179
7413,2.103320037
7414,3.427449638
7415,4.555869917
7416,1.11455221
7417,3.703156481
7418,0.263172479
7419,3.822650707
7420,1.285388773
7421,1.696106751
7422,1.400070779
7423,4.126890957
7424,4.991657966
7425,0.935086829
7426,0.365668863
7427,3.919697556
7428,4.284055692
7429,0.554933746
7430,2.28580027
7431,4.851405932
7432,2.115499248
7433,2.836243745
7434,4.258645367
7435,3.442459686
7436,4.071279838
7437,1.569530802
7438,1.75852343
7439,1.262311061
7440,3.667932593
7441,0.585862638
7442,4.279206596
7443,4.03105147
7444,4.979967267
7445,0.692158459
7446,4.683566042
7447,2.124676759
7448,4.792264314
7449,0.650431789
7450,1.913666397
7451,4.153625658
7452,1.720076402
7453,2.744686137
7454,1.614969549
7455,3.023399295
7456,2.056204015
7457,4.682112728
7458,1.642747649
7459,1.039636314
7460,2.5033632
7461,3.083366931
7462,4.079010628
7463,2.408466268
7464,1.045534098
7465,1.445828012
7466,1.603807251
7467,4.043513558
7468,4.404799954
7469,3.306184432
7470,1.51146106
7471,0.998911101
7472,0.675264278
7473,4.521255726
7474,1.409722569
7475,0.955716549
7476,1.210084729
7477,3.327776365
7478,4.970785238
7479,2.643909895
7480,4.326499467
7481,2.7622009
7482,2.71682388
7483,4.2606786
7484,3.630990821
7485,2.275808398
7486,2.264691317
7487,4.437329404
7488,1.369016623
7489,1.868141234
7490,2.491857933
7491,0.170984668
7492,0.779341679
7493,4.899788339
7494,1.555656169
7495,2.983424895
7496,3.09183543
7497,1.915797499
7498,1.666815093
7499,0.460223621
7500,1.252089309
7501,4.640925286
7502,2.78304817
7503,0.390133891
7504,4.544278302
7505,1.515344271
7506,3.79864298
7507,2.128924086
7508,4.779112719
7509,1.955524482
7510,0.054319237
7511,0.36237138
7512,1.777266788
7513,4.137651796
7514,3.599233336
7515,0.620184629
7516,0.365074422
7517,3.683767166
7518,4.869892984
7519,4.841638606
7520,4.260749182
7521,1.515189571
7522,2.889583949
7523,2.104346637
7524,0.811634235
7525,2.92858886
7526,4.634594771
7527,3.468207999
7528,3.335474471
7529,0.305375624
7530,4.887416379
7531,3.942202857
7532,1.369169619
7533,3.559058778
7534,2.275473028
7535,4.762490853
7536,4.793919583
7537,4.637538057
7538,3.010610884
7539,4.016933716
7540,3.344306472
7541,3.763028443
7542,0.260528724
7543,4.503540887
7544,4.387685372
7545,3.771337094
7546,4.569654907
7547,1.870611563
7548,4.601858233
7549,4.839092801
7550,4.009441622
7551,4.989044653
7552,2.234459811
7553,1.877778321
7554,2.005724507
7555,3.393489181
7556,1.822742496
7557,1.660361818
7558,1.251305289
7559,2.880456214
7560,0.875023162
7561,1.281345623
7562,0.023127989
7563,0.769816589
7564,2.62906119
7565,3.246890936
7566,2.878575843
7567,2.136257509
7568,2.034425371
7569,1.368995879
7570,0.054714527
7571,0.246571646
7572,4.670376485
7573,1.983650171
7574,0.291466844
7575,2.329737807
7576,4.382377708
7577,2.913370262
7578,4.674160023
7579,3.947897707
7580,4.972713062
7581,1.74815415
7582,3.132611009
7583,2.874936174
7584,2.955343632
7585,1.532961508
7586,1.160886059
7587,3.838326818
7588,3.661323321
7589,1.76115958
7590,4.946949349
7591,2.534792008
7592,2.530827308
7593,3.877334508
7594,3.38612404
7595,1.094327642
7596,4.467816681
7597,2.433245109
7598,4.475384924
7599,4.175787867
7600,2.140285282
7601,0.762913109
7602,1.045106176
7603,0.151639849
7604,0.080009255
7605,4.397844092
7606,4.668827327
7607,4.150419351
7608,3.934451562
7609,4.628791911
7610,0.65602802
7611,1.40893956
7612,4.863581541
7613,2.27520329
7614,4.30565789
7615,1.251770447
7616,3.982266233
7617,2.302758457
7618,0.961971126
7619,3.764220993
7620,0.41505998
7621,0.711071895
7622,4.932062077
7623,4.45852119
7624,2.839702897
7625,0.977603961
7626,4.99781118
7627,4.409467458
7628,4.209464768
7629,0.412448575
7630,4.093227927
7631,4.858795453
7632,2.397039746
7633,2.692781037
7634,0.371266226
7635,4.489500265
7636,1.97470715
7637,3.215016236
7638,4.713010674
7639,4.123330508
7640,0.726521792
7641,2.399645807
7642,3.804968523
7643,0.896628939
7644,1.661754628
7645,1.58973439
7646,2.030920962
7647,1.184842782
7648,0.735649782
7649,1.227545913
7650,4.23980953
7651,3.741804678
7652,3.800969557
7653,0.411022988
7654,1.632990109
7655,2.892974187
7656,4.302567754
7657,4.113826953
7658,4.662317528
7659,1.450191795
7660,2.110699779
7661,2.698759268
7662,0.726713184
7663,3.376212642
7664,0.585250648
7665,2.226406998
7666,1.438874754
7667,0.767434561
7668,2.864685944
7669,2.175621787
7670,3.479989556
7671,0.234023284
7672,4.615177279
7673,0.463816365
7674,3.627564644
7675,3.686550612
7676,2.732622599
7677,2.662683287
7678,1.509195883
7679,2.443214431
7680,3.225173585
7681,4.643568863
7682,1.295836426
7683,2.450790059
7684,0.399379275
7685,3.140489625
7686,0.231831764
7687,3.939649024
7688,3.023566268
7689,1.348899093
7690,2.964592737
7691,0.32440543
7692,1.985525949
7693,2.224994068
7694,4.878054487
7695,4.270706379
7696,2.252875936
7697,4.981705496
7698,4.566078658
7699,4.688211712
7700,4.596904806
7701,2.837295605
7702,4.699743504
7703,1.452652528
7704,2.212194229
7705,1.893965928
7706,4.128217312
7707,4.884582363
7708,2.862646439
7709,4.072813392
7710,2.654122814
7711,0.336483037
7712,1.021175175
7713,4.696043843
7714,2.311549729
7715,2.012021196
7716,1.924398427
7717,3.672542788
7718,4.104852634
7719,2.542212887
7720,0.381789207
7721,2.137803555
7722,2.185296379
7723,2.102632767
7724,1.241285004
7725,1.314197554
7726,4.63769347
7727,2.348828598
7728,3.188942924
7729,3.430920923
7730,1.510647384
7731,0.297198966
7732,0.565570538
7733,4.23540775
7734,1.971845884
7735,0.721058121
7736,0.149760997
7737,1.219211134
7738,3.711122036
7739,3.999023206
7740,4.926046509
7741,0.601112503
7742,0.981494767
7743,4.427313928
7744,3.722172084
7745,4.96049587
7746,0.322092975
7747,4.6484829
7748,1.933635883
7749,3.442714522
7750,2.283706611
7751,4.912781738
7752,0.020816034
7753,0.503457283
7754,3.762186986
7755,4.555142397
7756,4.351687605
7757,2.295172976
7758,4.419905948
7759,4.744184776
7760,3.822096261
7761,2.212737515
7762,0.722664503
7763,1.57515245
7764,2.878479442
7765,3.545073523
7766,1.847301667
7767,2.399904926
7768,0.565112848
7769,2.505422969
7770,0.402796946
7771,0.17592544
7772,1.655415679
7773,4.479308365
7774,0.254518108
7775,4.847255276
7776,2.74244707
7777,0.342656811
7778,0.131759206
7779,3.569603805
7780,2.374238233
7781,1.433486695
7782,0.310334898
7783,3.819099568
7784,0.697519167
7785,4.158821468
7786,2.894029369
7787,1.273394375
7788,4.577321482
7789,2.772566253
7790,3.214850055
7791,1.561612815
7792,0.027499891
7793,1.830797662
7794,1.668952173
7795,2.017689188
7796,2.91500823
7797,1.040480949
7798,0.837050266
7799,4.08085679
7800,4.720052373
7801,3.363672866
7802,4.194228962
7803,4.273577513
7804,2.807813176
7805,1.616961805
7806,4.392654577
7807,2.522870408
7808,3.329167686
7809,4.505874883
7810,2.171613037
7811,0.740472873
7812,0.155194996
7813,0.657289554
7814,1.402794773
7815,2.32695081
7816,2.988335815
7817,4.409035487
7818,3.311210205
7819,0.743153734
7820,3.81496939
7821,2.233429789
7822,4.068731884
7823,3.226136239
7824,3.051656125
7825,2.789136479
7826,2.171864828
7827,1.895980725
7828,1.140658679
7829,2.883768182
7830,2.261284366
7831,4.152267933
7832,4.977765281
7833,4.267498411
7834,1.467749121
7835,3.133208746
7836,0.450110604
7837,4.91186262
7838,2.581532099
7839,1.940250071
7840,3.240434545
7841,1.870155146
7842,3.512023233
7843,1.165215798
7844,3.846035934
7845,0.173976256
7846,1.258663658
7847,4.516303413
7848,0.329390909
7849,4.765097275
7850,4.271414684
7851,1.285084321
7852,2.271363516
7853,1.864263565
7854,3.649404821
7855,1.604039856
7856,3.787595533
7857,3.776060161
7858,2.905570179
7859,2.61096235
7860,1.229013661
7861,2.424797048
7862,4.352905638
7863,3.466371204
7864,1.841309498
7865,4.698285593
7866,3.333943473
7867,3.507883615
7868,0.006913539
7869,0.109042363
7870,2.750043947
7871,0.589411795
7872,4.247245433
7873,0.675531119
7874,2.858602824
7875,3.705751291
7876,1.519965969
7877,4.920946418
7878,1.815262061
7879,2.922844658
7880,2.605866719
7881,0.449672648
7882,2.887132141
7883,2.200642778
7884,4.628634496
7885,4.784319544
7886,0.827612516
7887,2.871625723
7888,2.804805743
7889,2.656149107
7890,3.441671214
7891,2.444326249
7892,1.084132615
7893,3.574775538
7894,2.879173894
7895,0.303338013
7896,4.393463093
7897,2.488440796
7898,0.103111829
7899,2.563841818
7900,1.933862778
7901,1.991497841
7902,4.528536839
7903,4.613672721
7904,1.437422083
7905,2.630909642
7906,4.697556391
7907,1.43364187
7908,4.11405373
7909,0.683575646
7910,1.194974605
7911,4.952948764
7912,4.663135441
7913,2.262129402
7914,2.423618655
7915,0.638387573
7916,2.738928309
7917,4.857797585
7918,4.307556573
7919,2.419337759
7920,0.581896702
7921,4.292937801
7922,2.314596985
7923,3.056123525
7924,4.758311331
7925,1.586053607
7926,1.07380786
7927,2.267940975
7928,1.438747265
7929,4.5914237
7930,1.959030789
7931,4.667578255
7932,0.809694416
7933,0.296162107
7934,3.428512853
7935,4.065405319
7936,2.286324879
7937,3.087944707
7938,2.402454031
7939,3.178287629
7940,1.952352042
7941,3.504287598
7942,4.622203131
7943,3.862117386
7944,3.564497716
7945,0.357795054
7946,0.802495864
7947,1.608312728
7948,4.407142818
7949,0.611059868
7950,0.713441446
7951,1.242251289
7952,0.549778353
7953,0.195541278
7954,0.174459094
7955,4.329084863
7956,4.351942811
7957,4.339865997
7958,4.832107052
7959,3.572594643
7960,4.673856751
7961,0.445095702
7962,2.148808433
7963,0.300882203
7964,1.023848173
7965,0.858924376
7966,2.054862099
7967,1.085243913
7968,1.628764143
7969,4.613745374
7970,2.190222166
7971,2.778061202
7972,0.044690626
7973,0.205454791
7974,4.086986473
7975,2.570925078
7976,4.61298568
7977,4.710722306
7978,3.114040441
7979,3.010532869
7980,2.127184709
7981,2.779355606
7982,4.148608963
7983,2.267995168
7984,3.57146704
7985,1.596595023
7986,2.158343039
7987,3.146464781
7988,1.517974546
7989,1.329151701
7990,2.537049468
7991,2.71692433
7992,2.36311584
7993,0.512310758
7994,1.552235908
7995,4.86005172
7996,1.759561334
7997,4.762037707
7998,2.471399662
7999,1.837583058
8000,3.245984293
8001,1.409295246
8002,3.621498093
8003,4.780683437
8004,2.35185115
8005,3.107333416
8006,2.530240203
8007,2.553397926
8008,3.864192245
8009,1.794959
8010,2.450347904
8011,2.071162909
8012,0.754546403
8013,0.709360096
8014,3.227147996
8015,4.412564289
8016,2.462415132
8017,2.073613324
8018,2.805564471
8019,2.674802197
8020,0.293452107
8021,1.919432065
8022,0.720421561
8023,1.570310209
8024,4.332771868
8025,0.024405267
8026,3.879003445
8027,2.533332183
8028,1.809407377
8029,3.736498019
8030,3.256610676
8031,1.180648207
8032,1.434503743
8033,0.367606957
8034,2.848165693
8035,4.795476749
8036,2.862533692
8037,4.744121932
8038,3.393324153
8039,3.330174458
8040,3.651003204
8041,4.609315549
8042,1.261281022
8043,4.5789228
8044,4.388582193
8045,1.5100684
8046,1.683693259
8047,3.709618232
8048,4.964038015
8049,1.763654401
8050,0.471028758
8051,0.397795759
8052,1.730967629
8053,3.169479759
8054,4.425771428
8055,3.742012287
8056,3.287116913
8057,1.289503041
8058,4.044109849
8059,0.292819496
8060,1.793482357
8061,1.914954205
8062,2.001249526
8063,4.273757931
8064,3.744573331
8065,0.642402993
8066,1.129523078
8067,3.055882525
8068,0.046037571
8069,0.193368641
8070,1.877705835
8071,0.860784051
8072,4.28391191
8073,3.501628964
8074,4.313658279
8075,3.949355944
8076,4.440142908
8077,4.779545755
8078,2.272221253
8079,3.743288741
8080,1.428048197
8081,1.357524885
8082,2.908255178
8083,4.586580581
8084,4.298048985
8085,4.903142083
8086,2.833386467
8087,0.930116855
8088,4.671400865
8089,4.454841481
8090,4.227813876
8091,4.35456646
8092,4.307204884
8093,1.107436481
8094,0.906307836
8095,3.904744912
8096,3.273268601
8097,2.360715361
8098,0.995982385
8099,0.238742723
8100,3.141146974
8101,4.488558299
8102,0.94587015
8103,3.795504437
8104,1.724000634
8105,2.921273519
8106,2.450880644
8107,4.949004224
8108,2.260254747
8109,1.673258551
8110,0.042159095
8111,4.418480206
8112,1.151953516
8113,2.467425017
8114,1.290440719
8115,3.768435751
8116,2.416781606
8117,1.38794153
8118,0.675467988
8119,2.399142058
8120,4.062114979
8121,3.431846643
8122,1.087169443
8123,0.005633496
8124,2.689929373
8125,1.921316979
8126,4.333666231
8127,3.969095305
8128,0.487033392
8129,4.601984218
8130,4.23421567
8131,2.362201933
8132,3.039763354
8133,3.312313271
8134,1.538706278
8135,4.941286361
8136,4.839839575
8137,0.810650585
8138,4.090602421
8139,1.534016911
8140,1.291018148
8141,3.793854858
8142,2.128574153
8143,3.604937281
8144,1.837575683
8145,3.549455262
8146,4.578863114
8147,2.270971836
8148,0.607864314
8149,3.341223114
8150,0.491347851
8151,3.215700919
8152,3.588136666
8153,1.108803249
8154,1.440982631
8155,1.401179909
8156,2.572276492
8157,3.938892452
8158,1.608357965
8159,3.945228624
8160,1.913774306
8161,0.334522955
8162,2.055285486
8163,0.0525915
8164,1.778656385
8165,4.557651739
8166,4.839444429
8167,1.456981446
8168,3.282273387
8169,1.274256774
8170,2.072270184
8171,3.93098396
8172,4.915297443
8173,1.646004621
8174,2.636751568
8175,2.452455572
8176,1.339409588
8177,1.437207894
8178,1.24324597
8179,2.652288641
8180,1.971594043
8181,0.77566161
8182,1.303299195
8183,1.156608048
8184,2.201074796
8185,0.323055909
8186,1.749235312
8187,1.948441719
8188,4.460791035
8189,4.704353713
8190,3.607438246
8191,2.871576823
8192,2.059706301
8193,2.764653745
8194,2.808284702
8195,1.803769638
8196,3.604538586
8197,4.327606131
8198,1.362591934
8199,2.652834154
8200,0.015758158
8201,3.284940793
8202,4.961201615
8203,4.82148167
8204,4.773963388
8205,3.726763171
8206,2.069326656
8207,3.353128493
8208,3.890919614
8209,4.791852873
8210,3.273811909
8211,4.430341157
8212,2.061381172
8213,0.65654205
8214,4.789092819
8215,1.487840528
8216,3.998747366
8217,2.332009059
8218,0.646483442
8219,1.772218021
8220,2.196006734
8221,0.987581585
8222,1.528014125
8223,3.546285279
8224,4.701304868
8225,3.389467833
8226,4.037972082
8227,3.539801262
8228,0.928893971
8229,0.232244734
8230,1.200289551
8231,4.562075466
8232,4.481179275
8233,1.505236028
8234,4.766261499
8235,4.224339236
8236,1.438267875
8237,2.098548321
8238,0.66486271
8239,1.194874638
8240,2.112709686
8241,1.05795077
8242,0.638482491
8243,1.590201884
8244,3.881785584
8245,1.062637575
8246,4.539238586
8247,1.832115733
8248,2.544044764
8249,0.52526939
8250,1.984645309
8251,2.414964876
8252,4.906057225
8253,4.302611031
8254,4.350810897
8255,4.659343055
8256,1.763719047
8257,4.398273329
8258,3.371960471
8259,2.800929375
8260,2.275898409
8261,1.482396684
8262,1.109350616
8263,0.09322306
8264,2.242496465
8265,4.783592468
8266,2.754197299
8267,3.143806638
8268,4.977448208
8269,1.292986767
8270,0.050423039
8271,4.17243546
8272,1.928983794
8273,1.488817645
8274,2.572603886
8275,1.782008573
8276,2.904368439
8277,0.259668375
8278,0.633185805
8279,0.504572962
8280,0.392160754
8281,2.325578117
8282,2.768016958
8283,3.349940939
8284,0.551130105
8285,3.814045796
8286,3.681849242
8287,2.952702379
8288,4.683194406
8289,2.023369569
8290,3.038269431
8291,1.526976447
8292,2.013817977
8293,2.856927904
8294,1.45116295
8295,1.528929065
8296,2.187051454
8297,2.729841512
8298,2.992658981
8299,1.529806274
8300,4.529705286
8301,3.119949302
8302,1.838322019
8303,0.208130874
8304,0.63923674
8305,2.769680567
8306,2.03224304
8307,3.265687983
8308,4.548446828
8309,2.691141194
8310,1.880298691
8311,1.459844016
8312,0.353805871
8313,3.489814317
8314,4.130869159
8315,2.352512344
8316,4.220662541
8317,4.584863911
8318,0.4788343
8319,1.266780879
8320,0.590365071
8321,0.970579376
8322,1.462535529
8323,4.645082181
8324,3.391553513
8325,3.921127279
8326,4.509916301
8327,1.675714589
8328,0.370203425
8329,2.139697441
8330,0.016190175
8331,3.566515475
8332,1.615165914
8333,1.833685619
8334,3.252462629
8335,2.25036795
8336,3.701346842
8337,4.012264215
8338,3.750156305
8339,1.013952809
8340,4.761883058
8341,1.132923311
8342,0.589638035
8343,3.241721765
8344,3.935610713
8345,1.153431332
8346,2.582813318
8347,0.071744753
8348,0.094347765
8349,3.915672703
8350,1.952173369
8351,4.181223253
8352,1.098322069
8353,3.533531888
8354,0.281051645
8355,1.696412364
8356,4.346651047
8357,0.386464038
8358,0.074444086
8359,3.801066019
8360,2.624628188
8361,3.765294033
8362,1.40880639
8363,0.207593453
8364,2.013621581
8365,2.078636942
8366,0.06776116
8367,4.688240591
8368,3.827360539
8369,1.730698308
8370,4.981875936
8371,4.322469534
8372,4.286686061
8373,0.398946696
8374,1.990011912
8375,3.414026667
8376,0.555223947
8377,2.267827911
8378,2.758333562
8379,0.39292561
8380,2.600474181
8381,1.059541913
8382,3.469519235
8383,3.489887302
8384,1.877679048
8385,2.920148335
8386,1.718864607
8387,0.124072154
8388,4.164260258
8389,2.68893726
8390,3.814422579
8391,1.999182591
8392,4.315158905
8393,3.541299726
8394,2.003224512
8395,3.28460637
8396,1.245612272
8397,4.589208173
8398,0.885016555
8399,3.69426538
8400,3.716681208
8401,4.023593679
8402,3.225346721
8403,3.32274395
8404,1.156560336
8405,0.052713337
8406,2.950442539
8407,0.528586266
8408,3.885478244
8409,0.318894401
8410,3.097276913
8411,4.220590297
8412,3.725429778
8413,1.66471506
8414,3.498664447
8415,3.212883084
8416,4.605892406
8417,1.67828626
8418,1.164642433
8419,1.277207149
8420,3.293242613
8421,2.999339416
8422,1.899899429
8423,4.736028011
8424,1.651700136
8425,4.388934957
8426,0.614777978
8427,0.643229007
8428,2.724119209
8429,2.801722902
8430,2.545924291
8431,3.23969378
8432,0.8336024
8433,3.354763229
8434,2.345043743
8435,4.142779487
8436,1.976307357
8437,2.100606912
8438,3.281536913
8439,4.438839504
8440,0.152103052
8441,3.117488393
8442,1.65513338
8443,0.801333702
8444,1.968191354
8445,1.628890262
8446,2.552150518
8447,0.784005482
8448,3.602618355
8449,4.461287388
8450,4.797192187
8451,0.655516684
8452,1.761695068
8453,2.31490087
8454,2.223563813
8455,3.766290603
8456,0.104499505
8457,4.165362706
8458,4.304345968
8459,0.772145826
8460,2.88873104
8461,3.021073165
8462,1.077143764
8463,0.088430871
8464,2.289364552
8465,4.236897129
8466,2.55803398
8467,4.702390898
8468,3.832542587
8469,0.079488877
8470,3.842786515
8471,1.453229543
8472,2.82769986
8473,4.65881931
8474,0.972383676
8475,1.905283853
8476,4.651122742
8477,2.299597934
8478,4.938999794
8479,0.567847266
8480,3.322248515
8481,1.311127072
8482,0.230236693
8483,0.144185634
8484,0.209877351
8485,3.18849607
8486,2.797642846
8487,4.055437989
8488,1.916708001
8489,3.210123453
8490,1.783014455
8491,3.317995104
8492,1.947308724
8493,0.879809575
8494,4.900483635
8495,4.152569948
8496,1.35885226
8497,2.49040671
8498,0.4224204
8499,3.759547229
8500,3.924157937
8501,4.77667416
8502,4.415565416
8503,0.497403599
8504,3.033581674
8505,1.903042033
8506,1.800109655
8507,2.183349905
8508,3.022794532
8509,1.955035915
8510,1.634614524
8511,3.955094197
8512,2.752976231
8513,4.557388207
8514,1.116307133
8515,3.528723849
8516,1.949490702
8517,2.278943487
8518,2.015372634
8519,4.225128379
8520,4.641040706
8521,4.338008831
8522,3.387904469
8523,4.503282271
8524,1.582056617
8525,1.667470814
8526,1.493305077
8527,1.250414047
8528,2.976166684
8529,4.498107373
8530,1.542529701
8531,2.296657521
8532,4.074199505
8533,2.58632629
8534,2.696722422
8535,0.114367455
8536,1.142725024
8537,4.957801826
8538,3.730944163
8539,2.913031982
8540,1.905186295
8541,3.027124954
8542,0.574530778
8543,3.370608703
8544,1.933901676
8545,3.22869776
8546,3.363200474
8547,0.004486376
8548,4.590277035
8549,2.359908678
8550,0.79607426
8551,2.537002238
8552,3.128466645
8553,0.58193471
8554,0.714645923
8555,4.998994686
8556,2.168141778
8557,0.419434112
8558,3.50497735
8559,4.943713826
8560,0.812918855
8561,2.550612254
8562,4.082374498
8563,1.507488468
8564,0.64496105
8565,4.653250556
8566,2.151085963
8567,3.090209159
8568,2.406201651
8569,1.642730783
8570,1.098339515
8571,4.434679619
8572,0.726484124
8573,1.039152637
8574,1.617161285
8575,1.242386397
8576,3.327186548
8577,0.653151689
8578,1.213157542
8579,4.812544359
8580,2.070440448
8581,0.926972173
8582,2.69348405
8583,0.269341832
8584,3.786742334
8585,0.661282907
8586,4.45288955
8587,4.348589026
8588,2.461463525
8589,2.523582847
8590,2.791535426
8591,3.023188145
8592,0.35745613
8593,4.285986716
8594,3.868975793
8595,3.631996456
8596,3.531498254
8597,1.889200422
8598,4.384052138
8599,1.271072917
8600,4.70947131
8601,1.628015618
8602,4.20764246
8603,3.015000859
8604,3.454156063
8605,0.763494059
8606,2.565630347
8607,3.745876188
8608,2.781806425
8609,4.634925971
8610,4.657524194
8611,1.264063447
8612,2.340900834
8613,4.164833566
8614,0.529417964
8615,0.85649105
8616,1.418136598
8617,2.084234434
8618,2.781478275
8619,3.434588162
8620,0.321902881
8621,4.873416836
8622,1.229557171
8623,3.512620273
8624,1.553466691
8625,2.415574582
8626,2.870584216
8627,2.084235878
8628,0.501400045
8629,4.632707851
8630,3.173234506
8631,0.634958811
8632,0.985556518
8633,3.835336198
8634,1.162225887
8635,4.176814087
8636,0.156925424
8637,3.929373047
8638,2.036628851
8639,4.550009309
8640,1.858115956
8641,0.559193979
8642,1.840530675
8643,4.071984797
8644,2.476817201
8645,2.651738278
8646,2.45404282
8647,2.547648956
8648,3.655164715
8649,2.132321803
8650,1.002840406
8651,0.929823297
8652,2.30654198
8653,2.054653839
8654,0.961242775
8655,4.915614803
8656,0.845293081
8657,3.018890754
8658,3.722406336
8659,3.640193413
8660,4.689977691
8661,4.045387457
8662,0.124853695
8663,1.614003585
8664,1.30258543
8665,3.304068516
8666,1.981922913
8667,4.826102752
8668,3.572739769
8669,2.737798936
8670,4.257979483
8671,1.170200774
8672,2.714786429
8673,2.352197297
8674,1.557029744
8675,1.77602567
8676,4.078138002
8677,0.203183611
8678,0.494316654
8679,0.436951501
8680,2.292769773
8681,4.473853008
8682,4.943642429
8683,4.083564266
8684,2.033174944
8685,3.320547206
8686,4.190672744
8687,0.48777553
8688,3.421429467
8689,2.671181822
8690,2.303413238
8691,0.97739792
8692,3.833313749
8693,0.573935663
8694,0.834817468
8695,1.552014322
8696,3.731680208
8697,1.51096327
8698,3.15268184
8699,3.664396428
8700,0.772845445
8701,0.058754978
8702,1.479160587
8703,0.264720939
8704,4.148467665
8705,3.633056622
8706,4.830499541
8707,2.461513377
8708,3.629955101
8709,4.464281025
8710,0.402899573
8711,1.371379103
8712,0.851361629
8713,3.865828269
8714,3.098287432
8715,4.119450072
8716,3.730425466
8717,0.86027305
8718,4.355169809
8719,4.697053242
8720,2.440615512
8721,1.3012232
8722,1.040168366
8723,1.259673926
8724,4.556989891
8725,1.911233788
8726,1.786493085
8727,2.350513711
8728,3.504253397
8729,2.865866126
8730,1.29734818
8731,2.260155147
8732,1.507328335
8733,0.307415842
8734,0.199545372
8735,0.64992847
8736,4.680110864
8737,2.271545016
8738,1.680896518
8739,3.67145204
8740,2.155353198
8741,4.149204856
8742,3.945766252
8743,0.988641039
8744,0.515774347
8745,1.690550318
8746,4.196039635
8747,4.201510056
8748,0.788610935
8749,0.086148442
8750,1.714371958
8751,1.073817088
8752,2.876527724
8753,2.02082996
8754,2.043153525
8755,3.220117598
8756,4.419733135
8757,3.082014121
8758,2.366159337
8759,4.774877013
8760,2.64908363
