ec_id,E1,E3
stage_id,S1,S1
hub_id,H1,H1
1,668.8649424,1.262793584
2,667.7391991,4.819440831
3,701.2793046,1.398150181
4,607.0855848,3.870506648
5,672.2775996,1.177285363
6,666.5138192,4.474275278
7,633.7404032,2.444697437
8,634.5659995,0.990321107
9,579.8132412,4.374773962
10,640.6512199,3.606506488
11,673.8090468,2.339203218
12,634.6857343,3.167214878
13,656.9395283,3.944192338
14,585.511333,0.277252829
15,613.7944691,1.047998921
16,572.580452,0.646085794
17,567.2811411,2.919127065
18,601.0004183,4.626195546
19,551.0968942,3.730014445
20,595.3667664,1.411797622
21,597.0320744,3.615741747
22,593.5174355,3.280662835
23,605.1619376,3.938736864
24,646.2631037,2.349083171
25,644.9205359,4.610104163
26,631.6561561,3.659012473
27,614.3495502,3.101986671
28,685.4000328,4.180323716
29,674.2428359,1.045962344
30,617.0172526,4.781969262
31,667.0877745,0.91972968
32,626.9210424,2.749415444
33,659.2623587,3.6117967
34,636.0149837,3.286761137
35,599.1845367,2.876856594
36,579.6191525,1.588574044
37,578.3041957,2.115382368
38,593.7936905,3.414249608
39,586.4202768,2.051896317
40,629.0550687,1.664598681
41,574.8577032,1.708608487
42,613.5848082,2.315201898
43,593.4380006,2.168991986
44,584.5746511,0.813927145
45,564.4849961,1.872997844
46,606.9207341,0.576717312
47,630.28563,2.053608828
48,623.4969705,3.349867223
49,613.4663557,2.574721849
50,665.1350038,4.011960794
51,677.5060115,1.662962462
52,628.9318476,2.514490738
53,605.9413707,4.469554739
54,659.1495162,2.464588636
55,644.8854883,2.335468737
56,636.26784,2.616367609
57,642.0684246,2.481106551
58,599.7505539,1.681339906
59,655.0490499,3.926127067
60,626.014336,4.931568318
61,614.5606978,0.495364144
62,562.9706778,4.158450391
63,598.5010921,2.494725381
64,656.7507796,4.659397278
65,594.5533209,3.302186457
66,558.5292673,1.415302782
67,567.9370346,3.895370826
68,613.6825908,3.954945703
69,652.4309888,0.371338818
70,609.3380748,3.398293481
71,660.5344536,2.81411881
72,600.0757755,2.188485595
73,625.8611486,0.234206917
74,654.3867631,3.622821998
75,570.7921291,4.733661297
76,645.8179068,3.847180292
77,648.8061304,2.326025453
78,654.5766312,3.898125641
79,635.9874492,1.679633544
80,673.7084031,0.614014634
81,683.3444055,1.367980636
82,605.1088505,3.476312502
83,608.0537845,4.733148425
84,601.5454957,2.814386684
85,652.0349424,0.051001295
86,602.4764105,4.050825405
87,603.2726367,0.27603123
88,591.1107913,1.51149573
89,585.9509395,3.0579847
90,599.879338,3.120123712
91,599.0812869,1.578436789
92,662.6060412,4.06348087
93,610.5928256,4.315742794
94,630.7617862,0.311318556
95,597.7809216,0.337193117
96,621.2462166,2.321335146
97,673.2638216,3.239551519
98,635.8550564,2.013153627
99,697.546968,3.988269024
100,648.478264,3.179743469
101,638.8793671,0.267773135
102,687.515492,2.073327015
103,611.8682281,0.697028527
104,670.3274815,1.744751208
105,616.4650447,2.562008898
106,666.4331244,4.565925089
107,610.5256459,4.276685797
108,649.6059839,0.767000794
109,585.0343171,1.947583755
110,632.1553248,3.616970857
111,549.7378924,3.8716558
112,566.7023856,2.129571272
113,625.7178491,4.364820808
114,622.021275,4.207720722
115,588.5368143,3.752692235
116,599.5710702,3.249087862
117,559.1640431,1.853944266
118,681.8007771,3.731394261
119,567.6349047,0.605357304
120,584.209021,2.273129211
121,640.7677524,4.937203867
122,573.9391414,3.843084621
123,656.8997606,4.902920915
124,658.1938583,3.851687066
125,662.1277773,0.237711527
126,644.8217653,3.846327158
127,627.5993284,1.717906102
128,704.3440736,1.514108682
129,634.326268,4.429747614
130,661.4526052,2.137187469
131,598.5998615,0.829178779
132,643.3882579,0.769155572
133,612.8087033,0.599503009
134,568.4322456,3.525654588
135,593.1184757,2.76205765
136,595.1807155,2.816125917
137,649.3904522,3.310934267
138,572.2469874,0.72628601
139,647.2854246,2.462972797
140,666.1425605,3.096998226
141,607.5057582,4.001526627
142,622.8730807,1.436534272
143,647.2821079,1.094235062
144,579.6466012,3.398027579
145,627.3690831,0.253682158
146,604.7597394,3.259930319
147,598.2678881,3.063555819
148,658.7522828,2.165759548
149,615.6687372,4.44566209
150,752.7546698,2.849001798
151,668.4975985,1.744978521
152,621.1693797,3.122962574
153,657.8924595,4.913105929
154,644.2444153,3.733585775
155,665.9618522,0.140071134
156,616.524965,4.232846222
157,598.2654772,1.434027583
158,609.9339844,3.947038295
159,583.9440922,4.432144667
160,567.0537273,4.833123797
161,642.3195968,4.595983869
162,603.9349923,3.556214221
163,619.81252,1.394785033
164,565.8839413,0.391850227
165,618.0356086,0.954291828
166,594.9917021,2.631459326
167,615.2606862,3.709866171
168,627.7804476,4.345216616
169,628.5243805,3.524961415
170,624.8507318,3.506468266
171,637.533862,0.581267325
172,642.7469382,4.155504126
173,671.3901933,3.729046511
174,704.0217511,2.591456729
175,658.7760545,0.058260883
176,628.9357363,3.430686391
177,652.0228842,0.799100933
178,606.4208185,3.423146383
179,624.33079,4.11466187
180,641.0162012,3.454487984
181,631.9026154,4.30785937
182,633.0205384,0.323436856
183,602.9916092,1.843794848
184,614.6367699,2.074331602
185,619.5128798,1.804955705
186,628.735961,2.568628516
187,577.1903048,1.646579759
188,590.7960278,0.993618635
189,609.5057441,3.788770775
190,609.3885641,1.991016263
191,603.6338735,0.386150364
192,599.5020681,3.295465473
193,593.3178477,2.749030564
194,638.547896,4.970495251
195,610.4481442,0.411163438
196,632.1393897,2.865692985
197,693.160409,0.672725921
198,655.408449,3.27442556
199,679.4075888,3.323799136
200,589.7887394,4.186495178
201,586.6816054,0.753893967
202,632.5879052,0.08656335
203,621.1704429,1.191920704
204,640.4704556,3.687037689
205,651.9570365,3.620343386
206,641.5034079,3.920131884
207,581.3164832,3.941724762
208,601.5621048,3.034309584
209,563.2556537,2.511644556
210,617.8879166,1.845532474
211,567.5662888,3.337813022
212,610.9555514,1.994021046
213,591.3730804,4.823238744
214,577.4169011,0.640032688
215,626.5087751,0.062291102
216,587.8736043,0.558723031
217,584.4762465,4.594993847
218,669.3510317,1.360331725
219,622.7998872,3.689572828
220,662.3079409,0.504498966
221,622.7288147,1.198804159
222,684.8698169,2.427653333
223,691.2418981,3.556670583
224,665.0009957,4.906842532
225,690.2503279,3.567501031
226,660.0089215,0.249066625
227,586.3595922,4.950506558
228,615.9473923,3.513760236
229,612.7048966,3.1810107
230,609.9717042,0.313355617
231,546.400262,2.679524213
232,572.4211179,2.412472292
233,583.663643,4.495908463
234,598.5862226,3.653232787
235,592.7754223,1.508976271
236,594.1125604,3.45202404
237,638.9874819,3.70624892
238,598.7640626,2.93588008
239,611.7256264,1.401226449
240,608.4588127,1.852046801
241,646.2633052,0.943770441
242,664.727444,4.916124837
243,644.1099382,2.663134366
244,690.4641508,2.047182556
245,678.9424029,4.535829461
246,639.252263,4.062350229
247,630.0503872,0.046536437
248,658.5175853,4.802303516
249,654.6212096,3.900313013
250,638.7946516,1.974403194
251,596.9480884,3.7346158
252,618.8301745,2.979489957
253,604.4593478,2.685107672
254,624.1975173,1.148749181
255,564.9512085,0.433671165
256,619.5261804,0.344817315
257,547.7801826,0.986321669
258,648.6156185,1.828369135
259,584.736222,0.754721109
260,578.0828155,1.365203826
261,606.8975841,0.845692573
262,591.5373363,0.001910366
263,635.4623667,4.777579317
264,625.7694514,3.53298751
265,624.3809368,1.792491038
266,574.8732087,1.676674535
267,625.7190183,4.882852426
268,601.5691167,2.955187917
269,648.5936442,1.69966088
270,656.4634442,2.803967418
271,622.5896654,3.651460467
272,642.0033323,2.466317253
273,632.5840026,1.725963361
274,672.3844892,2.300861451
275,616.064946,1.064158815
276,657.9875597,4.96511373
277,607.4158092,3.820217883
278,583.8592019,1.689681088
279,581.0461484,2.056183602
280,649.2712943,0.988022036
281,595.3525041,1.039576951
282,601.5827796,3.288819831
283,581.6323694,1.582000019
284,557.0298322,1.935096771
285,627.3802695,1.681542932
286,615.0312503,0.334217062
287,609.400552,1.023845151
288,569.8282996,2.781785557
289,626.2084604,2.837518736
290,679.1730281,0.26308931
291,652.3571302,2.5506616
292,648.9205141,4.809364219
293,640.1863351,1.59897502
294,645.0586454,3.864032289
295,630.7998668,3.159646294
296,658.4741448,3.63820052
297,647.3344485,4.454875404
298,664.4483815,0.623588043
299,634.9130718,4.114060776
300,599.6020202,3.417857298
301,616.08398,0.07948376
302,568.6600913,3.215555309
303,571.7429359,3.085203013
304,630.0003978,3.744164585
305,588.4533096,2.341905235
306,545.8772824,0.796986471
307,603.9694597,4.860676749
308,583.2642636,4.90569451
309,568.6597982,3.132222924
310,607.6186204,0.414313686
311,595.6169837,2.876222579
312,635.6116144,1.549029388
313,627.7427515,3.34119052
314,650.5943765,4.334505744
315,613.3323342,1.67639497
316,689.9038163,4.937612697
317,606.2360374,2.340544636
318,646.0077898,2.599539769
319,637.2497756,3.766669699
320,609.4934791,1.134947757
321,667.6966711,1.708216528
322,677.3209819,4.026838994
323,671.8484394,2.576039809
324,655.4606173,0.017982863
325,633.8179647,3.803541835
326,594.6650701,0.331599974
327,556.4111041,1.556922717
328,571.872036,2.147136072
329,560.5582109,1.085880863
330,610.8273151,1.653497474
331,595.5944785,0.684158955
332,575.0487217,3.89316856
333,606.1816618,0.39242689
334,643.9274577,2.836948196
335,595.0872342,0.367596902
336,600.2587966,0.837109274
337,604.2661839,2.917757892
338,685.0102281,3.144152195
339,658.4589352,0.893832747
340,710.1242143,0.923457248
341,712.5801473,4.525372666
342,643.2734625,3.534261891
343,656.9770869,0.499188602
344,626.7747418,0.341123755
345,604.4544821,4.03521588
346,649.9873776,2.227838894
347,620.9330153,4.293053025
348,635.1986569,3.959956514
349,659.9623852,4.968257412
350,638.7608206,0.084951095
351,556.3875959,1.093071358
352,572.7010709,3.168095364
353,624.0170531,2.806528533
354,556.6909986,1.380503751
355,582.1779893,3.71954024
356,576.3737156,2.465890422
357,626.4899245,1.272462742
358,643.9834857,3.942487913
359,649.7796596,2.499781626
360,612.2128789,3.81909473
361,639.9937834,0.070569315
362,615.462956,4.79735694
363,609.8916953,0.350061383
364,649.7899907,3.43555934
365,645.2594205,2.573267688
366,614.260253,2.549187509
367,597.187176,3.636156277
368,626.0738912,1.975474813
369,660.3095108,2.387086793
370,658.607031,0.481992143
371,643.0424125,2.371667486
372,637.1353743,0.683315365
373,645.1458188,2.618061698
374,566.6726323,3.463587278
375,595.1252533,4.140110716
376,605.0279518,4.839316786
377,612.5337796,2.769106328
378,591.7570762,4.982219465
379,535.7838629,3.354237038
380,591.3857916,1.043611982
381,623.0176388,3.167618411
382,624.3381736,2.248621957
383,627.343959,0.228647467
384,613.7739404,0.798059591
385,640.9028124,3.844425148
386,605.3525458,3.579185365
387,611.3841095,0.312427424
388,628.5717463,1.599669172
389,637.7469414,2.929268349
390,668.6359153,4.772738515
391,652.9063872,3.898753716
392,667.009394,4.202968401
393,673.824159,0.675158511
394,618.2401127,4.925731199
395,602.997865,0.169479391
396,614.6095066,1.51715172
397,596.5204093,0.179179712
398,601.5764332,1.430554718
399,558.4218121,0.961110967
400,618.6879223,2.332401053
401,542.7934665,1.405315212
402,599.3337672,4.112777387
403,554.2339008,0.002486455
404,626.7537483,0.105740453
405,592.3342589,3.822355337
406,637.5900451,2.020244976
407,597.7492877,0.079095493
408,636.1897151,1.532604495
409,617.6087614,1.517902983
410,640.2974712,1.657085925
411,613.2199954,1.263761969
412,664.1898574,1.82584154
413,626.0101246,0.206046184
414,642.0790462,0.148141068
415,623.9154202,2.531081085
416,640.3572861,4.706144
417,623.7083053,4.835631055
418,669.4762388,3.083976433
419,603.8317811,3.857487673
420,718.9522488,4.25922251
421,654.1199307,1.560423761
422,639.4522198,2.084875047
423,602.8295763,1.239178602
424,636.3506558,2.277263111
425,599.5116497,3.393740997
426,625.1473246,2.302763682
427,530.5431271,1.851420026
428,646.1797534,1.245285299
429,652.9782672,3.570914576
430,615.7809364,3.356831445
431,664.4672675,3.646398634
432,663.8975124,2.546293162
433,615.651714,3.9620794
434,582.5866443,0.775441182
435,624.3244059,3.669545663
436,639.8413491,4.301118736
437,588.3911072,4.218501413
438,683.1056781,4.924162793
439,696.4226768,3.451859929
440,636.445292,1.580702786
441,650.4929579,3.256928797
442,608.8991146,0.094814472
443,675.9898547,3.724917221
444,597.4008216,4.602786627
445,591.2505805,0.825158224
446,661.3492686,0.891025589
447,530.4675502,0.009058288
448,617.3938568,4.364166228
449,598.028266,2.868848004
450,601.8686574,0.995894765
451,585.8161741,2.012717552
452,548.1760896,2.632783665
453,598.0483288,4.156532209
454,641.0941421,4.544476824
455,622.4185058,1.194386387
456,618.6202894,4.714532224
457,607.1393829,3.569061128
458,609.5600027,1.766914554
459,586.814754,1.56034636
460,664.9900637,1.243171324
461,610.26457,1.58717477
462,638.7025993,1.471978505
463,629.2380288,4.97232272
464,678.6219766,1.294781986
465,658.0611212,4.394995316
466,654.0339594,3.061398475
467,579.083007,4.4371033
468,635.9681336,1.788897019
469,595.0240266,1.324217602
470,592.8324549,2.900960031
471,588.5104015,1.655685786
472,610.1519956,1.460579393
473,619.8280603,2.970785122
474,622.4123719,1.485780945
475,670.7940808,1.305603563
476,576.8657406,0.936908216
477,606.9905502,4.406584757
478,589.9969884,0.137441737
479,633.1669541,4.65160861
480,624.0835864,1.795081792
481,618.0754679,2.150518355
482,620.5588403,0.318171101
483,616.8415551,0.919449535
484,605.6249343,4.241755541
485,671.2414212,4.019100198
486,659.388549,4.455038937
487,607.3992516,2.229840697
488,592.1962283,0.895278097
489,616.7751261,4.162600045
490,625.6741001,1.982334029
491,630.8830686,0.517762864
492,614.7676951,4.305514078
493,679.5785148,1.962443887
494,633.1175528,3.844726693
495,596.1295236,2.041384984
496,594.1039468,4.849467651
497,597.9749512,0.578782126
498,609.0207699,1.107422786
499,567.0286903,2.468704641
500,614.8366442,3.359762964
501,592.2829037,0.385338492
502,610.5300355,4.846843462
503,616.3711756,1.510629787
504,648.970653,4.655925459
505,612.224065,2.866458548
506,624.6813192,1.763904461
507,604.563735,3.514473014
508,637.2570324,4.940002002
509,647.7444054,4.185471417
510,601.8215271,4.658263833
511,623.04298,4.669915709
512,629.5306521,4.013463158
513,588.9641579,0.030003772
514,678.1810826,4.219519736
515,676.078803,3.140193446
516,673.5698574,0.534827597
517,601.3877194,1.068508809
518,637.2309057,0.019237268
519,585.0434009,0.323610168
520,556.9835575,3.938752124
521,579.0885973,4.290812847
522,598.7157521,3.624234095
523,584.0995809,4.420971295
524,597.2590331,3.62632779
525,618.6808777,2.00505543
526,635.7182565,4.529652927
527,593.7511087,4.503139685
528,661.6132832,2.850875814
529,619.6801835,1.34113226
530,641.7540281,2.341428251
531,701.370424,0.092497075
532,608.8618486,0.661844831
533,620.9019387,3.433574898
534,676.6983055,0.78581545
535,584.9443838,2.0015111
536,659.5702125,2.405027277
537,653.3634335,0.553046482
538,668.0722118,1.888363941
539,601.3058985,0.912520975
540,641.8404711,3.205385662
541,649.2698357,0.162259596
542,594.4158992,0.783666158
543,593.265823,3.609418504
544,631.1614245,3.285147749
545,581.9691675,0.825040828
546,554.4973537,3.96973841
547,632.7368543,4.183648166
548,538.2405752,0.508031866
549,567.2072546,0.578934184
550,586.4560903,1.133351094
551,636.8450486,4.830954716
552,618.1871572,2.353285456
553,566.3827192,0.780793772
554,616.198231,0.270267852
555,644.7147863,1.005285461
556,601.5632201,0.981628361
557,602.01007,1.680919117
558,685.6028765,3.564165579
559,696.9613521,4.086772218
560,615.4149938,0.705021378
561,657.7477337,0.694077239
562,624.8199888,1.911318193
563,670.4767955,3.146338069
564,625.2812864,4.96448607
565,682.9049167,3.884864996
566,555.7771339,4.157293301
567,596.472853,0.102051142
568,597.2037456,1.449578379
569,633.4470848,2.794983356
570,598.310988,0.842539675
571,553.6175049,4.436831094
572,636.6551508,1.712582577
573,605.2027741,4.040824929
574,588.7606393,0.891804886
575,653.415603,2.325692183
576,664.2199367,4.322148023
577,616.9175719,0.291271872
578,628.9664154,3.868638831
579,646.5994509,0.368590701
580,625.8849391,3.561551798
581,628.7007554,2.536148721
582,624.391142,2.71917793
583,590.656662,0.428704787
584,624.3489856,0.004743176
585,634.5762296,3.637504308
586,667.8500446,1.479110593
587,603.4015806,2.409673709
588,629.5130952,3.767692631
589,649.9151162,2.613860937
590,663.4119087,3.755404313
591,618.1603263,3.925333406
592,592.2896572,0.332160653
593,597.4611433,1.88223303
594,635.2736357,3.694305402
595,583.1161997,1.28229444
596,575.4092858,3.950629124
597,573.4367306,0.195202836
598,654.9333084,4.046202656
599,604.762348,2.977533788
600,648.9798486,0.108819922
601,629.8886498,1.939247321
602,639.8325905,3.280670103
603,596.7720335,4.810523954
604,622.2765175,4.74499594
605,597.6734845,0.736844126
606,644.9233756,0.828148111
607,647.8141398,1.952002823
608,648.9110471,2.618154232
609,647.7023179,4.095331761
610,588.5737794,1.063087376
611,612.6113951,1.453571646
612,658.3136218,2.365926094
613,643.7530687,2.83137558
614,613.3715888,0.730050494
615,607.1726744,3.407210729
616,582.5686818,0.819354729
617,592.7902567,1.835765575
618,573.6676684,4.107761937
619,590.8114394,1.359984018
620,537.0155866,2.830357475
621,572.4628078,3.185542036
622,569.7651746,2.288091405
623,585.2666534,2.22264186
624,664.058964,2.749501009
625,630.6995277,3.675416883
626,641.4966654,1.727012386
627,633.1871332,0.309820356
628,610.9223379,4.938763471
629,591.6882446,3.929986906
630,595.919028,1.909620387
631,634.4234674,2.601269989
632,680.7595299,3.307770149
633,675.0364747,0.064815009
634,559.5351194,2.481100494
635,628.94742,0.403283092
636,649.4094934,2.719571116
637,628.5069825,2.003573746
638,612.3968791,1.684380824
639,628.5586219,1.319960137
640,586.8502162,2.79899918
641,572.6984276,1.557899957
642,608.9195504,3.614275572
643,584.8747595,4.844598662
644,585.4667782,4.752323503
645,653.79312,2.537150734
646,574.7891209,3.455129028
647,665.8303937,0.344646371
648,597.9297337,4.829473138
649,611.1202085,4.298190747
650,668.4491334,0.348440222
651,624.6887191,4.898228104
652,633.600063,3.992335255
653,637.7748054,2.279196983
654,581.9939652,4.041597496
655,614.0182012,3.069366099
656,635.832997,1.794338584
657,628.5666075,4.11308212
658,616.8225694,1.760817338
659,620.6732245,2.541734967
660,588.9512449,1.657826422
661,619.9237807,1.841577649
662,573.8982477,4.154936189
663,552.1080511,3.252815604
664,606.7345858,2.608996618
665,643.7814278,4.636552454
666,579.6812635,0.825665833
667,625.1716635,1.502879574
668,584.1109014,3.229790912
669,644.2149402,0.344336381
670,593.4764747,1.258617941
671,614.8271774,1.08694492
672,636.637334,2.316232863
673,591.8100045,0.242190158
674,613.3646866,1.535694993
675,625.9366146,3.53609577
676,672.842626,3.681166498
677,635.7111912,0.497389536
678,566.3401185,1.94888459
679,649.6082305,1.509136809
680,639.0541932,0.273103789
681,638.8318407,3.92086329
682,645.8300571,0.642555698
683,579.8032328,2.869214253
684,639.4010018,3.23966545
685,566.7273897,2.806185846
686,615.7792619,4.120228893
687,629.1490835,3.005143683
688,557.1620557,3.276809834
689,554.2901297,0.312292847
690,632.4183446,2.743224721
691,598.7699683,3.659380983
692,597.0233389,0.704992866
693,586.5395953,4.564263468
694,564.7180822,0.099186025
695,544.7492289,2.552708283
696,585.647312,2.274138385
697,603.7835836,4.841479855
698,634.9592127,0.978168144
699,579.2435021,3.691084623
700,572.6315677,4.337671539
701,656.5477176,0.473312591
702,614.4657433,2.464772692
703,623.7544517,2.609956191
704,669.8017265,0.61678178
705,652.0746878,4.951205507
706,608.3479436,2.407120929
707,639.9970399,1.351172996
708,608.2002773,1.16841613
709,631.4934437,3.310920894
710,621.8645229,1.375426774
711,565.8953024,2.086522755
712,631.7078429,2.372421623
713,545.0880713,0.416652637
714,611.8411868,1.13235941
715,537.4726181,1.644059761
716,561.6990101,2.452819292
717,532.9572175,3.506533596
718,577.6900304,3.164861752
719,636.2253957,4.554690292
720,593.2832859,0.48823319
721,580.4863727,1.270691304
722,637.3432376,4.696201121
723,614.3843369,4.051975409
724,634.1425776,3.982889178
725,663.1447265,4.404411627
726,623.2324444,3.041680406
727,626.4822067,2.130886355
728,612.1773489,3.074026964
729,665.6221734,2.829449877
730,601.4650529,3.859882602
731,619.8455711,3.120828631
732,622.7670296,1.58549594
733,605.7983032,2.505738842
734,617.7982429,3.105679962
735,560.930353,3.935835027
736,554.8196295,2.292324982
737,542.9006615,3.415913032
738,549.0976426,3.5400217
739,542.4263125,4.11307355
740,557.8691182,0.572485215
741,589.4027874,4.066517205
742,621.5282484,1.784249736
743,614.6298786,3.589472336
744,611.5270189,4.640667875
745,610.5076295,3.499717547
746,621.4422854,2.744377358
747,601.8019127,3.356383502
748,650.747584,1.858781326
749,646.7932231,4.878570232
750,637.3530841,3.639092545
751,626.1705585,3.030710817
752,705.1476347,3.958702631
753,671.5265533,0.060599799
754,580.9426248,0.592185233
755,659.8397075,1.872321391
756,612.8716533,0.46644219
757,578.304197,3.463070967
758,620.6382409,1.408860408
759,577.5435443,0.41815635
760,558.1290809,2.316019579
761,557.6569556,4.191179439
762,597.60512,0.435315587
763,585.31491,3.764083942
764,589.8241311,2.107912002
765,593.1091162,2.942048739
766,573.090062,1.725415226
767,586.0734609,0.739972741
768,550.3437999,0.786071971
769,591.7977087,4.773326741
770,618.6360036,3.566026631
771,592.911012,0.240559131
772,571.9365673,1.903668671
773,594.5092025,4.305009504
774,642.2598982,0.22037697
775,660.8857073,3.327295206
776,654.7477474,4.457801596
777,641.4355517,1.037675977
778,601.5982773,0.903423849
779,605.1926477,3.378140582
780,604.1224214,3.23545216
781,646.889877,3.682220359
782,545.1782392,4.534125657
783,606.8117829,4.341809024
784,588.8412229,2.437778445
785,624.2856355,0.91781651
786,523.8570323,0.998554636
787,529.3019728,4.913724229
788,568.9951134,1.029220885
789,566.3664986,0.26611211
790,622.431334,3.444052615
791,628.1247669,2.957542104
792,612.2792037,1.021175224
793,600.4289788,2.587701204
794,574.6824869,2.761094807
795,642.6261219,4.25454055
796,576.7545575,2.121627709
797,608.1856892,2.233444992
798,645.6262141,0.132514263
799,651.8447005,2.748244914
800,601.8282282,2.592130246
801,565.3003242,4.264416883
802,626.3359632,1.327228052
803,636.9376519,0.143952632
804,570.7829844,4.205040409
805,582.3299155,1.527711151
806,592.2663771,0.234765395
807,564.979655,0.182651108
808,569.9021858,4.528610144
809,563.0283399,3.531178033
810,566.1662044,0.902223174
811,603.3657384,2.91527805
812,525.9802237,1.599329992
813,621.292695,2.595573688
814,583.8406896,3.652525308
815,581.4702363,1.687653298
816,583.5416624,2.669834441
817,620.859252,3.222921547
818,567.8072597,2.7812272
819,644.0527017,0.940918152
820,594.5315479,1.174870674
821,624.5502811,3.612389731
822,637.973175,0.713871851
823,628.1391335,3.417672209
824,636.672815,0.087696689
825,614.0928953,2.146187607
826,610.8987574,2.772046503
827,603.4499637,0.580423109
828,627.4247274,4.527877867
829,636.3932952,3.364784252
830,635.6396539,4.646899059
831,605.903989,2.641168971
832,629.997141,4.087415543
833,600.3198164,4.032854044
834,559.0642131,1.963378635
835,540.2621483,0.129712029
836,599.8843034,3.414605572
837,565.5576097,4.750153187
838,530.3759972,4.773102684
839,575.9709749,0.651190179
840,586.3393396,0.707098195
841,610.6418702,2.631532056
842,611.6106744,1.444181477
843,597.1919063,4.047086587
844,639.5420388,3.625862367
845,682.1821224,2.289515875
846,613.5398992,0.39029923
847,615.5433769,1.103265838
848,630.1499462,1.482466476
849,629.726512,1.664309485
850,603.1874105,4.145106277
851,620.4569388,1.69919938
852,633.9680403,0.705323698
853,617.5008415,2.90463981
854,645.0112849,3.767346305
855,576.0288027,4.922263461
856,580.3021248,1.14180631
857,541.9090045,3.457648656
858,550.2595037,4.293231649
859,555.1328773,0.778566033
860,654.4845783,2.669357057
861,555.0986312,0.97695403
862,625.8647053,1.783643296
863,588.4877353,2.093765874
864,543.2412369,1.516257218
865,624.6226055,2.671522337
866,591.3750141,3.742478368
867,604.3876729,3.623008878
868,609.682968,0.085734892
869,630.0228821,2.590262295
870,624.9766089,1.154916236
871,610.541298,2.762077688
872,624.7796295,1.403098056
873,637.5925372,2.416019973
874,634.3159391,4.464713692
875,649.9697634,2.555413062
876,614.5651016,1.873772246
877,573.5637354,0.693494758
878,627.8553823,0.836771642
879,575.8398841,1.397829425
880,554.4829773,3.21546112
881,572.3698209,4.100756126
882,558.2493017,4.58626577
883,538.4448441,3.36769411
884,623.3729047,4.004378962
885,564.7857555,3.194556025
886,604.5015784,2.421968663
887,564.233071,4.630750313
888,616.3482235,0.557309597
889,590.641454,0.327501871
890,602.6909646,0.730495162
891,663.2295949,2.963664702
892,602.0255376,1.2494291
893,560.8063572,2.115775578
894,645.0451652,0.5744865
895,609.0922989,4.608363368
896,666.6092782,1.657730329
897,643.4444319,0.811669833
898,632.737898,2.837108544
899,647.1537426,4.99084481
900,596.8149631,4.025258347
901,572.8361196,1.888881794
902,604.7253419,0.058652845
903,592.7314461,1.796869658
904,580.0786768,0.287527301
905,497.7874232,1.50292642
906,555.9900701,3.164436549
907,581.9158615,0.675492635
908,576.9864907,4.836311631
909,553.9164035,1.981335651
910,580.030636,1.281351078
911,556.4407789,1.191031337
912,621.6982005,3.191944457
913,623.5685258,1.147857366
914,585.3649057,1.985238641
915,650.3792658,1.360097604
916,642.9344961,4.860833504
917,580.4113326,3.235827282
918,653.6877842,4.003432538
919,568.9672198,0.83541743
920,604.2100756,0.284774858
921,553.1168117,3.470154421
922,634.109457,3.515058661
923,598.2471553,2.420721012
924,536.6585883,0.433097778
925,617.8420975,4.480932289
926,547.877115,4.016857717
927,594.2305305,0.020304308
928,584.9755507,3.145023077
929,636.3205879,4.162744668
930,604.6122979,4.381181892
931,564.0173122,2.770596714
932,545.6161644,3.223905781
933,596.2234431,4.304681696
934,603.1664572,2.792666664
935,610.2926554,0.234722819
936,587.2487326,2.710347167
937,593.1648796,1.593852864
938,647.3967885,4.400999045
939,643.2011398,2.032919452
940,647.9933886,1.437138677
941,659.9014063,3.396163463
942,636.7128433,3.718967785
943,659.8042296,4.514031005
944,610.9776826,1.117566766
945,625.1325097,2.43658209
946,657.8005781,2.948284001
947,661.9602514,4.36494091
948,649.1644868,2.6291289
949,633.7622091,3.923878766
950,623.6833228,4.328966061
951,598.4276635,0.014085826
952,625.2451376,2.327110665
953,606.8667547,1.713455771
954,570.5208424,2.679129546
955,580.4516596,1.09685045
956,606.0252865,3.260115045
957,591.5428754,1.120038988
958,593.1137468,0.271645292
959,595.7665411,4.962085028
960,599.9905129,1.135525851
961,553.1861099,0.179523832
962,585.2934219,1.17566704
963,607.1709629,1.283809922
964,605.8754229,0.20083757
965,605.3674343,1.901595643
966,604.6790539,1.186432722
967,644.3087203,4.412338074
968,626.5862796,0.225619763
969,571.9629969,0.470840803
970,636.5317183,3.442379827
971,652.042351,4.520729346
972,611.1777635,4.475633311
973,550.6520683,3.789374532
974,573.1804065,0.826391566
975,598.7578648,3.728301272
976,567.0962696,1.911745032
977,531.3799821,0.145155161
978,601.9582862,1.340822901
979,571.8926964,2.689928603
980,582.9845162,1.722856058
981,617.6946473,0.576214375
982,516.0148877,0.620819335
983,628.4096671,4.639121764
984,593.846711,2.043840236
985,603.146813,3.316069474
986,607.8931907,3.332917188
987,592.956032,2.129774669
988,609.4441385,2.082056309
989,583.3512389,3.199814158
990,621.9802538,2.354370272
991,674.9230997,0.102752164
992,655.480457,4.879289374
993,638.2740713,0.390472797
994,617.972423,1.208006794
995,651.9566797,4.009382818
996,577.4882685,3.813676689
997,615.0260714,1.870274673
998,625.0315047,3.143156457
999,642.270102,1.233019511
1000,563.4135885,1.950298291
1001,590.5946753,2.70012712
1002,608.475265,3.337384099
1003,614.2021622,3.81806028
1004,569.0345138,3.358206317
1005,539.9459148,4.138102949
1006,561.5424382,1.678051288
1007,637.6547805,3.633219703
1008,604.734882,1.24903755
1009,650.2436421,2.885093
1010,606.9723925,2.431974841
1011,608.3135026,3.572678871
1012,608.6688436,4.717896854
1013,594.7885581,2.992602021
1014,602.1841481,4.683394164
1015,612.3550413,3.261315203
1016,599.3280529,1.904629226
1017,628.0988731,0.012122753
1018,622.8410713,2.97283478
1019,570.1321394,2.591758152
1020,577.4501138,4.050009808
1021,620.753629,3.694617817
1022,612.1486442,4.834299601
1023,558.163804,1.580274825
1024,581.6745275,3.441821323
1025,561.9213553,3.165557799
1026,541.9006855,4.267076273
1027,616.514778,1.97974571
1028,624.904946,2.300134939
1029,581.4863843,0.387244253
1030,576.978424,3.3558596
1031,595.5523967,3.260937492
1032,655.3747798,0.213483155
1033,582.6170816,4.460217112
1034,563.7652389,2.122364058
1035,589.6582984,1.726762799
1036,586.6854425,1.768720372
1037,615.2798321,2.822162423
1038,662.1391877,1.108376295
1039,567.502019,4.456153002
1040,586.8518853,4.377719615
1041,544.7364754,3.390114971
1042,590.0825555,1.610162358
1043,630.2745316,2.652191549
1044,634.1990836,1.976467858
1045,565.0842703,3.32768062
1046,621.3414088,1.922876846
1047,609.6935779,0.853237659
1048,593.0052313,2.561087696
1049,544.8785649,2.053386694
1050,576.6751522,0.528631926
1051,570.7632422,4.632679126
1052,560.9037119,2.730310328
1053,583.7673096,3.709520649
1054,629.0801503,2.134862143
1055,537.4329923,0.613758222
1056,626.9440345,3.242538548
1057,627.1342109,4.815778072
1058,627.6783945,0.811012136
1059,587.864473,4.428671346
1060,620.6251086,1.90692951
1061,598.1308971,4.513314725
1062,599.0802039,3.412306283
1063,657.6360981,2.073230194
1064,603.0164944,3.271049592
1065,643.0345412,1.67731996
1066,588.1770047,2.778486646
1067,605.0026161,2.303066495
1068,608.053154,3.917564961
1069,600.3881289,3.701461426
1070,561.5879884,3.290662836
1071,540.9360885,2.365520666
1072,599.3155176,4.799799283
1073,610.1136867,3.830925982
1074,567.1047146,2.734936773
1075,555.9100998,1.612333189
1076,574.7681133,4.114693373
1077,610.654786,2.711615403
1078,546.255391,3.109129148
1079,575.0612844,4.067838473
1080,611.1573321,1.532880464
1081,530.6744451,3.757874863
1082,565.8464133,2.068486729
1083,596.4340488,3.500434226
1084,589.2019334,1.961741942
1085,643.5796169,0.807630386
1086,648.460945,2.685133687
1087,638.0139121,1.665642518
1088,608.3681286,0.71475754
1089,645.7759442,3.370324035
1090,605.7793304,3.111839708
1091,613.4392749,0.941944059
1092,637.3898008,1.454175587
1093,604.1764652,2.522656374
1094,616.3745146,2.580286337
1095,545.3365335,2.018497672
1096,589.3368889,0.440862453
1097,551.629834,0.840573224
1098,635.5437139,1.1084244
1099,589.7519639,4.641955213
1100,597.5185705,1.737160955
1101,567.7540243,4.774057664
1102,584.3504004,0.663268124
1103,564.791249,0.657613198
1104,604.5963037,1.056195201
1105,539.6275518,3.510305105
1106,584.2043799,2.625659109
1107,640.622846,0.062485536
1108,642.4418608,1.580707605
1109,590.8429123,2.413953954
1110,582.2269435,4.211288046
1111,629.8335559,2.111186678
1112,621.8971215,3.978380708
1113,588.9763202,2.622666124
1114,619.7942533,4.27171714
1115,626.2313274,1.190239692
1116,633.2877,1.664758148
1117,589.9896538,3.537825681
1118,567.7622307,0.756885702
1119,574.9515558,0.821073236
1120,572.2501895,1.748011082
1121,592.2066216,0.41321529
1122,571.1997908,1.354040865
1123,547.3790578,3.778670388
1124,622.0730038,3.595706385
1125,549.267724,0.709812768
1126,604.0525854,2.69986899
1127,565.2255126,0.332607378
1128,623.7604847,4.461063017
1129,567.641155,4.084994968
1130,627.9392046,4.704223291
1131,593.4896092,2.431107717
1132,641.0346654,2.851457504
1133,573.2063778,4.86563673
1134,637.5410812,0.10667936
1135,649.1749027,0.562474128
1136,635.2705463,3.427494061
1137,612.0209137,3.716561766
1138,623.4743972,4.295023885
1139,624.9764115,1.379922528
1140,559.6892632,1.87652317
1141,608.0261819,2.094255571
1142,603.6115144,2.859859847
1143,522.9942667,2.810170791
1144,555.0346574,0.361206824
1145,517.2359103,4.265385169
1146,557.7443289,1.592275088
1147,579.8511779,0.49837977
1148,574.5606948,4.166100616
1149,601.4629874,2.613117018
1150,628.2857192,3.154762282
1151,619.2931447,1.789676678
1152,594.4730437,3.503910812
1153,612.9269695,0.246387572
1154,612.2445614,1.983015347
1155,623.5166535,4.686348278
1156,581.7984238,3.437790034
1157,626.6696376,0.335286663
1158,629.5747784,1.152905595
1159,610.7920307,1.337751918
1160,627.3202726,2.858054993
1161,547.4469989,2.23715596
1162,635.6894263,1.50905866
1163,617.7346302,3.801074524
1164,553.1426984,0.103025792
1165,616.1050309,2.292961619
1166,596.6721359,2.00878233
1167,517.1346634,1.611395916
1168,585.2350126,2.43471949
1169,547.5284152,1.061987229
1170,544.3827915,0.323114607
1171,608.4622891,0.90526832
1172,568.6855776,4.293404085
1173,573.4945227,3.468067827
1174,552.1126367,0.48625341
1175,622.8791508,4.647828338
1176,580.6786751,4.138606555
1177,574.5573507,3.761757397
1178,559.8122897,3.90996308
1179,613.0901446,3.576950415
1180,588.4821159,1.598768939
1181,615.3348302,1.990700915
1182,617.2643337,3.532923147
1183,592.3204247,0.06176772
1184,665.3166715,0.369899859
1185,664.1044468,3.456763094
1186,617.9851205,4.460497614
1187,565.4003849,3.772114985
1188,594.1997942,4.547813348
1189,563.4484398,4.201462883
1190,642.6602992,1.579262267
1191,595.9169307,3.974342108
1192,588.7891531,4.249498184
1193,513.4834018,0.069816213
1194,521.6738466,1.921630744
1195,600.0293681,1.346270964
1196,526.5399359,2.693752928
1197,575.581029,1.409405314
1198,581.4886298,4.529651178
1199,589.4744118,2.276533639
1200,535.1671991,2.06619455
1201,572.4391663,3.514029822
1202,597.4853668,1.83623719
1203,566.04457,0.691512537
1204,551.9207801,3.751524895
1205,566.8812169,3.341398228
1206,639.396929,0.246034311
1207,582.1062187,3.096454951
1208,615.3564697,4.914475217
1209,588.6637769,0.550602494
1210,611.4510365,1.985741898
1211,601.4742514,1.197755692
1212,601.7342275,1.788140071
1213,597.285264,3.257426442
1214,624.4190045,3.271160229
1215,613.6349733,4.790700839
1216,579.132883,3.954111624
1217,540.8434418,4.516924337
1218,614.2586166,1.411152558
1219,565.2885571,3.955031592
1220,592.0872902,0.677913084
1221,584.5728175,0.168404333
1222,562.3238339,4.665567434
1223,620.6037442,4.435137421
1224,574.7907803,4.59089618
1225,557.8167398,4.074348866
1226,612.9092141,3.522475466
1227,621.1588828,3.32488805
1228,623.5084052,2.366073766
1229,623.6000893,1.522298998
1230,572.9491163,0.812635287
1231,620.7531814,3.738616428
1232,595.4940537,3.931638692
1233,583.8929644,4.12842898
1234,609.158628,4.440491169
1235,597.872277,3.617394101
1236,599.6916184,1.2759664
1237,572.353697,4.068810881
1238,557.3915357,4.988362012
1239,587.7659411,4.160068118
1240,641.7979516,3.878069971
1241,619.9258079,4.371352404
1242,552.1569481,1.249687423
1243,537.1953512,4.516882444
1244,589.6318109,2.116454281
1245,503.9206343,1.600381447
1246,586.6905384,2.243038035
1247,624.7408218,4.581285861
1248,598.8534011,0.619409222
1249,553.8361653,3.537737299
1250,646.908967,4.469243673
1251,589.0594735,2.659523439
1252,641.457117,0.640371591
1253,625.1047014,1.789871929
1254,603.7112246,4.441724548
1255,644.4905971,4.275622389
1256,636.261384,2.316618086
1257,598.8780069,3.643286662
1258,631.8997306,3.351147517
1259,619.5634855,4.147900987
1260,581.0959787,0.598404694
1261,588.9286017,1.419437218
1262,529.2476586,4.421263421
1263,592.2694185,4.810038453
1264,544.0123798,2.175661164
1265,556.6878558,2.27361835
1266,545.7606615,1.801140295
1267,574.7883481,2.162274456
1268,522.2862317,0.103596272
1269,583.482313,4.708868296
1270,601.5051417,4.730300064
1271,554.9647734,4.644243144
1272,631.9973312,0.131971691
1273,558.3313892,0.534479519
1274,568.481409,0.925540497
1275,560.3845739,3.572628962
1276,625.5797575,2.486645333
1277,614.9372376,0.510531308
1278,616.2446004,0.471985005
1279,607.798868,4.01576254
1280,594.1050913,3.674704037
1281,602.9731952,2.378238132
1282,628.2935423,4.776970164
1283,633.1535522,4.244228417
1284,641.3883508,4.567665079
1285,579.8603355,0.362684668
1286,561.0422591,3.914366801
1287,611.0858104,4.614830457
1288,539.5038294,2.731473937
1289,549.3014321,2.210151294
1290,543.328337,3.839421582
1291,548.0683718,3.834809832
1292,570.8084121,3.256799831
1293,530.9712558,2.026644133
1294,565.2826015,2.445439239
1295,562.4317153,3.233172691
1296,547.6651301,3.980607269
1297,598.6085915,4.022085364
1298,583.4481174,3.676244884
1299,553.3923831,0.543286172
1300,602.2379946,0.56154558
1301,573.9513455,2.922930327
1302,564.6550363,2.152311288
1303,625.9040218,4.53532947
1304,602.5816085,3.574141988
1305,628.2955895,2.855018867
1306,630.6096052,4.780510204
1307,557.7676431,2.136142071
1308,575.3272508,0.098333808
1309,542.2812507,2.915674031
1310,582.4275418,0.108224961
1311,605.8846852,4.04547023
1312,620.1703082,2.959378192
1313,532.8076397,1.193680243
1314,559.6090925,1.8525188
1315,611.9338408,4.556866256
1316,555.7221764,2.552434953
1317,584.4231254,1.456940636
1318,618.8433969,1.131921137
1319,571.182321,3.742451042
1320,529.730593,1.276683017
1321,613.4661475,2.17345955
1322,625.3428455,1.823409925
1323,625.0560696,4.44499068
1324,622.5425719,4.102276084
1325,597.1938805,1.221280969
1326,626.1431959,2.345144976
1327,601.9860883,4.013864578
1328,603.398801,2.412338658
1329,587.8177586,2.105450189
1330,632.7776652,4.46122379
1331,556.7632563,1.801858281
1332,543.5650751,4.369225876
1333,577.5140591,3.505397367
1334,521.5730654,4.804735341
1335,573.1103897,1.794195229
1336,527.8199265,0.993985676
1337,593.5071462,4.134617828
1338,563.1475679,4.081080066
1339,633.4766377,1.538903599
1340,505.729237,0.167583021
1341,504.2201087,4.807881086
1342,555.7792063,2.539013244
1343,583.1535755,0.253926188
1344,577.6079432,0.676054422
1345,587.4918445,1.100497459
1346,595.4075057,0.663782812
1347,611.0893726,4.648926288
1348,573.0455636,4.6477326
1349,576.1827843,0.38872308
1350,529.6147078,3.862290282
1351,603.2542607,2.610676923
1352,650.3206388,1.095153376
1353,626.4778578,4.720432146
1354,608.4528071,0.198129323
1355,664.964941,3.378157675
1356,552.996564,0.182231815
1357,562.8914803,0.777475779
1358,538.8047775,3.050381143
1359,555.9015111,2.00320431
1360,565.3352829,2.454297031
1361,507.0015391,1.760138611
1362,514.6674949,1.192895496
1363,543.4120431,3.262748938
1364,573.5665368,4.778499276
1365,543.1855105,4.799046264
1366,584.6216474,2.247874598
1367,547.1968275,4.273977864
1368,615.7497146,4.358398195
1369,648.2665596,1.691314443
1370,595.2214899,2.520931793
1371,615.3619792,4.769631913
1372,638.8222509,0.110385357
1373,531.6078043,2.434130313
1374,602.7182603,3.088549804
1375,655.38555,4.607577435
1376,608.4765656,4.073550595
1377,572.0555288,2.868265264
1378,589.1049699,0.923319126
1379,582.6560588,3.03060816
1380,568.3696173,2.028475338
1381,561.1909059,1.482411884
1382,546.4922516,3.981866878
1383,598.255725,3.444869387
1384,528.1027719,0.373386439
1385,589.9372382,1.06164229
1386,519.5902863,2.910730924
1387,531.2278188,3.76755387
1388,543.4704293,1.489947915
1389,516.7306228,1.778476706
1390,567.9947802,3.895056005
1391,574.2078719,4.701342651
1392,624.6369278,0.775510848
1393,527.0632284,0.755755843
1394,555.3252327,3.382112597
1395,598.1624986,3.257273364
1396,603.4619988,2.718762287
1397,563.5982826,0.344095608
1398,643.9710909,3.735315838
1399,562.9972206,0.895362006
1400,629.552292,4.392280449
1401,560.6084274,3.771948293
1402,637.3334107,0.32356262
1403,560.2009604,0.849949889
1404,586.177605,3.285377046
1405,557.7037637,1.250459817
1406,574.9555191,4.48054152
1407,487.1632734,0.463622692
1408,560.0669561,4.351723438
1409,510.6624521,1.370467765
1410,505.8359261,0.385606876
1411,565.1761487,1.717294485
1412,483.2281929,0.943451641
1413,539.8630754,3.409238046
1414,545.482266,0.260024488
1415,565.9807126,1.410528054
1416,586.4335398,1.353978542
1417,550.3347562,2.777643056
1418,655.0943652,4.576516201
1419,568.3197348,2.735673413
1420,645.4977546,4.587410497
1421,668.4215603,4.423552601
1422,575.9506542,1.965217894
1423,619.6354186,2.447072671
1424,582.6714875,1.816268239
1425,595.5507943,3.642056762
1426,583.0999414,4.591711027
1427,589.1042478,1.498956315
1428,538.6836433,2.585264163
1429,585.6424781,3.356362911
1430,605.1550508,2.053127362
1431,543.391547,4.907263535
1432,613.9299283,2.683902307
1433,497.2150885,4.141599176
1434,540.5474358,1.351396516
1435,525.0154064,2.72993623
1436,545.4820565,2.590242535
1437,527.3999561,3.214443364
1438,525.2787971,4.522289962
1439,503.4984318,3.122904086
1440,648.4624071,0.80544415
1441,566.5984836,3.477200919
1442,570.2735729,0.920381837
1443,557.2303378,3.929139679
1444,577.9437519,3.075577552
1445,665.0239988,0.643813152
1446,571.8031531,2.702122725
1447,605.4941518,4.411909071
1448,610.537072,0.96904502
1449,616.5776942,0.704935274
1450,541.7733847,0.585241268
1451,573.3721465,0.598757785
1452,552.6561631,1.941883011
1453,542.6360271,3.69767429
1454,596.5843598,0.104876702
1455,556.2278046,4.524451678
1456,590.8983888,4.921400396
1457,523.2539435,3.335010524
1458,560.3664094,2.60662898
1459,576.119956,4.095602311
1460,566.4491154,0.038624438
1461,514.7880612,0.78182308
1462,542.7049965,0.198556062
1463,515.5136627,1.129657056
1464,596.3633359,0.994143169
1465,562.4389809,0.905523716
1466,594.7297,2.552171002
1467,589.9350112,2.328158717
1468,625.5842629,1.672556065
1469,560.9486111,0.001624615
1470,647.1811654,0.3424597
1471,643.5251326,0.694081612
1472,580.6832968,3.128921661
1473,609.7885654,3.733751126
1474,629.916225,0.399312117
1475,563.2547988,1.191275376
1476,543.4119064,2.782360118
1477,566.5295489,1.246997069
1478,535.6119287,1.439545252
1479,539.7410103,1.086602663
1480,530.3293223,3.186575301
1481,504.97469,3.106441125
1482,476.8654571,0.354461775
1483,486.6859064,3.466869119
1484,538.5199202,0.344703694
1485,521.4349867,3.208038585
1486,523.8999082,4.717342647
1487,592.4317559,2.292393249
1488,584.224367,2.820353548
1489,586.7427473,0.506220321
1490,599.2399751,1.564239451
1491,560.7438576,1.159563245
1492,569.7827165,2.595978406
1493,564.8499057,2.963206349
1494,636.4201482,4.576368727
1495,585.4868677,3.023890569
1496,660.9903482,3.304229279
1497,590.7959979,0.047670207
1498,608.0303814,4.076041085
1499,556.7065818,1.661502008
1500,592.5184787,0.526000601
1501,554.547631,3.824317727
1502,549.9859057,3.118975974
1503,589.8322507,2.894628851
1504,463.7910354,1.088000572
1505,502.1207992,0.11400868
1506,533.9167298,4.595474302
1507,547.5923213,3.618406481
1508,571.6296945,3.781269982
1509,566.8029894,3.136064444
1510,608.4555463,1.368340488
1511,571.3202009,1.741785346
1512,568.6192424,2.576081694
1513,574.9986192,0.958908407
1514,595.9383383,4.4488449
1515,581.2704356,3.491395054
1516,596.2249366,3.415750095
1517,583.4761795,2.981259095
1518,604.378228,4.203298153
1519,618.8451708,2.431760136
1520,597.3777487,2.173026032
1521,600.649831,4.591091053
1522,619.39504,3.220797315
1523,565.5690045,2.280858999
1524,593.5230888,3.442025994
1525,583.9334533,3.013610899
1526,601.7302181,0.054388715
1527,559.4107716,0.230203896
1528,502.1540116,4.742777539
1529,552.3145798,3.258448439
1530,560.4412841,0.876086876
1531,546.238579,2.543924996
1532,550.0972776,3.060957813
1533,582.6562328,2.268877438
1534,559.1784225,1.617023006
1535,571.6540719,1.101359291
1536,551.496247,1.385991201
1537,539.2443492,3.02874496
1538,555.8554169,2.605424797
1539,535.847463,4.724948007
1540,534.7675672,0.819311754
1541,576.866317,0.726171103
1542,622.43019,1.760700068
1543,577.9593582,4.881883094
1544,556.7274828,2.891452677
1545,554.5831944,1.704287763
1546,585.1501269,1.561333616
1547,548.8765152,3.618127793
1548,563.177736,2.107383613
1549,539.5446552,2.099752908
1550,557.7072303,2.141119535
1551,584.01859,1.849322468
1552,598.9561506,0.562800868
1553,560.5180315,0.016481042
1554,630.4629717,4.505545454
1555,518.4731087,4.936762557
1556,534.7473276,3.761441322
1557,511.8067858,1.514932885
1558,595.3419054,0.231477314
1559,601.1289549,1.519625762
1560,555.3434849,3.23589613
1561,594.1002328,0.523173804
1562,577.5488356,2.331334469
1563,603.1171719,2.324464954
1564,610.7683147,0.109701552
1565,627.286492,2.825473431
1566,546.6840154,1.017634478
1567,534.5260515,3.507315953
1568,630.2690674,3.011997526
1569,607.9730575,4.281962894
1570,602.0700453,4.377660616
1571,541.2263878,3.364861489
1572,613.7020425,4.692134485
1573,545.478453,1.638284748
1574,621.3289877,2.304680482
1575,535.2877149,3.195210883
1576,562.4102226,1.015891228
1577,525.9488456,2.797300873
1578,557.8185033,0.103416368
1579,560.84658,3.705311748
1580,586.6277513,0.789537291
1581,551.907426,0.323072574
1582,574.2147571,2.09491934
1583,576.1861625,3.818168713
1584,534.7761373,3.735104664
1585,589.7930666,3.42443338
1586,555.9285626,3.098931392
1587,590.6621948,2.876158162
1588,583.6620518,4.795798369
1589,578.565502,1.358361926
1590,597.305053,1.511691626
1591,540.4597928,1.057520508
1592,564.2761155,0.206934881
1593,574.4518579,1.717409528
1594,585.0957315,3.872751479
1595,565.7616783,1.887167502
1596,579.2883248,2.076962962
1597,575.3759037,3.249311632
1598,521.6627432,0.716172573
1599,567.2213432,3.64180424
1600,615.2756733,2.947192759
1601,565.7023656,0.583980759
1602,515.4772264,1.612028575
1603,501.8407012,1.14084246
1604,532.6644009,3.572614794
1605,528.7062502,3.611841444
1606,567.5188646,1.300730486
1607,588.8616377,3.769371921
1608,600.0188231,3.068147938
1609,536.7212444,2.987552867
1610,618.0618023,4.209095195
1611,582.8244606,3.770467425
1612,630.532226,1.01392722
1613,639.8271356,3.479015044
1614,593.3975505,4.452797708
1615,604.8155615,1.051734901
1616,599.8087025,2.093938467
1617,611.2356116,0.430982144
1618,604.3379425,4.65961715
1619,553.4052495,3.793260254
1620,586.9812095,2.033863239
1621,540.8978298,4.481246398
1622,645.2008536,2.29170556
1623,569.9226145,0.548639024
1624,556.4384969,3.526818351
1625,564.5328264,2.827128665
1626,530.882268,1.030808026
1627,585.618713,0.419625839
1628,461.0622689,4.526158888
1629,561.0764905,1.169045121
1630,539.5435078,0.895054731
1631,545.6460105,0.643423016
1632,597.7427735,3.673907448
1633,538.5068872,0.218342487
1634,567.4525975,3.789818583
1635,648.9751351,3.038229442
1636,552.0855977,3.788816441
1637,648.3848755,2.519281212
1638,581.2339717,2.300351248
1639,588.7662588,3.685345865
1640,580.1882761,1.757062629
1641,543.4530787,3.605271733
1642,572.5841651,3.388197903
1643,559.8267076,2.612533805
1644,557.8043839,3.297660779
1645,533.0805914,0.032369052
1646,567.8684871,0.678692432
1647,545.397302,1.174850227
1648,561.9269889,1.296192811
1649,552.8670063,4.541334649
1650,575.869963,0.447666575
1651,509.5410629,0.181590261
1652,554.6399567,3.727626145
1653,549.1924662,1.759884157
1654,582.0898015,0.402383147
1655,605.6765518,1.571523231
1656,555.179099,2.027201153
1657,499.7449917,2.979727083
1658,552.5667354,2.579410081
1659,526.7609704,2.050853739
1660,617.8109037,1.091832112
1661,570.7616585,3.86122182
1662,601.5563411,2.92909532
1663,581.3221687,4.963930245
1664,542.1721609,3.598772699
1665,639.4002711,4.714009568
1666,614.3466854,2.073509584
1667,555.4728827,0.099084989
1668,561.2756815,4.019371117
1669,549.7083495,1.695816742
1670,549.1078313,2.424027317
1671,587.3814853,1.541873868
1672,527.8503178,2.128689387
1673,532.8723599,2.01694853
1674,517.7781593,2.310059923
1675,560.0868757,1.087040081
1676,580.4275315,0.956298798
1677,589.3831462,1.836358165
1678,515.1679739,0.337193967
1679,550.1738226,4.273552232
1680,568.5922206,3.976996192
1681,538.4274063,2.673581434
1682,606.1190441,3.815078551
1683,595.2755594,2.174998722
1684,601.8483289,2.736035383
1685,655.9897081,1.760584883
1686,561.770137,2.440350596
1687,604.9216786,2.226077361
1688,591.2464043,3.748121426
1689,605.663902,4.258053986
1690,573.6938572,0.105952742
1691,602.2927273,0.332593716
1692,530.7048267,4.108408525
1693,513.4595266,0.990698863
1694,544.6007767,1.15632172
1695,566.1888894,1.469293067
1696,565.5278577,2.766759531
1697,535.2580563,2.186783312
1698,505.2574087,1.797595413
1699,535.5458591,1.661100828
1700,520.1974049,2.255122917
1701,555.0251275,3.159321813
1702,534.0388931,3.948436294
1703,522.0301002,3.042286807
1704,573.1941309,0.450841869
1705,589.1261694,3.375845562
1706,574.0089116,0.216170941
1707,548.3170106,1.773045172
1708,580.1266531,4.242626159
1709,583.8301615,2.727127589
1710,546.0856675,0.456681479
1711,601.6092605,0.161933994
1712,566.8296144,1.195186518
1713,525.1202563,4.073524493
1714,503.0085114,2.790021097
1715,565.2886229,3.741093677
1716,574.4290157,3.212117747
1717,559.937591,2.236666238
1718,500.5843727,1.683761667
1719,546.8250618,0.042860053
1720,522.9071419,0.369271388
1721,560.24907,1.692060692
1722,517.2932813,0.63997401
1723,532.9848804,3.69395349
1724,523.5553989,4.242580906
1725,556.7366825,3.991571729
1726,573.6660469,3.434070676
1727,554.9003404,1.196770834
1728,518.6572621,2.40216304
1729,544.8302426,4.405702902
1730,534.6733893,1.944408471
1731,504.0333231,2.233326344
1732,587.2736425,3.682862856
1733,600.6950924,0.747744526
1734,592.6205236,1.896653666
1735,580.0474605,2.308497032
1736,574.7634568,0.587213101
1737,590.6447061,4.513352466
1738,578.6368814,3.106651601
1739,553.9743157,3.397258945
1740,553.155367,2.052714843
1741,567.5782526,1.357872559
1742,545.0310265,0.256131592
1743,508.9694638,4.045446882
1744,500.8990969,2.154017612
1745,528.1527794,3.956585805
1746,516.2573388,4.02513503
1747,562.6540718,1.647611143
1748,514.3687024,4.587076056
1749,581.4434089,0.430488181
1750,547.142127,1.441692234
1751,582.6320043,3.153731255
1752,518.0605401,1.807155519
1753,538.9017217,3.0656424
1754,606.8508345,2.345687751
1755,565.0750481,1.779742937
1756,600.3807548,4.682079288
1757,561.3318584,2.878069216
1758,570.0926491,2.031581339
1759,565.4199575,4.438805015
1760,520.6179081,3.103729861
1761,494.0486443,1.340329322
1762,602.404704,3.501366981
1763,602.6385179,0.807121393
1764,568.2995835,0.348695914
1765,552.0584723,1.751093653
1766,565.6796598,4.42153315
1767,492.3145128,1.156926405
1768,521.3892398,0.141257916
1769,531.1803116,2.559041427
1770,526.3404319,1.67242541
1771,511.2583574,4.556038427
1772,542.7304796,3.035365074
1773,503.3204884,4.305186365
1774,491.9291108,0.222575983
1775,537.9010761,0.900585115
1776,592.837622,0.727540125
1777,531.3532367,2.211955476
1778,559.9993853,2.963427687
1779,573.353564,2.018606694
1780,602.7906547,3.652326694
1781,581.462003,4.640573847
1782,588.9076729,4.673110052
1783,548.7652432,1.40807312
1784,591.2010486,2.731356151
1785,616.63399,1.833482935
1786,571.8735557,4.639251586
1787,569.0854045,4.72477512
1788,586.5441419,4.922833753
1789,580.5855985,2.125549485
1790,577.6475768,0.718304055
1791,575.8702629,0.078576085
1792,495.7464223,4.917931515
1793,516.4075139,4.195584639
1794,486.3328745,3.999935317
1795,483.4178398,2.734890026
1796,522.8853988,0.966802173
1797,595.7316832,2.308877064
1798,521.0835906,0.929695541
1799,532.8815221,1.074873838
1800,561.9983082,4.808621533
1801,615.1456412,1.428968545
1802,534.7643137,4.043366755
1803,532.3053416,3.571896806
1804,543.3473307,1.216650935
1805,589.9819493,0.627621059
1806,582.3699196,3.006228807
1807,570.0450398,4.072784917
1808,577.9213397,1.863103649
1809,562.0562056,1.592197287
1810,604.3580019,2.851987594
1811,678.6247022,3.564967794
1812,569.651737,0.827257715
1813,568.1569435,0.532840261
1814,601.5613667,2.322805847
1815,497.5842349,3.485341501
1816,577.0989414,0.946277145
1817,559.69651,0.73465102
1818,515.9101873,1.384153127
1819,526.4016913,4.208680085
1820,531.8753992,1.173057827
1821,553.7401506,0.453703145
1822,517.5235209,4.627814344
1823,605.1674563,4.95105505
1824,603.4546254,4.791087332
1825,575.2175837,0.848973752
1826,563.7590721,3.199704549
1827,582.2023026,4.24337673
1828,610.8293354,3.515604666
1829,621.4201928,4.725722839
1830,584.8444456,2.853462498
1831,583.0906881,4.759077278
1832,573.2277223,4.094617016
1833,532.7691338,3.099289065
1834,565.9800544,3.102248998
1835,588.3579206,3.203139256
1836,549.0675146,4.698142719
1837,580.9140594,4.892582944
1838,551.2351678,0.65552612
1839,524.7223357,4.607793319
1840,548.0209618,1.868624294
1841,453.5515979,4.293371312
1842,583.7150188,2.576570421
1843,558.7711273,1.858895088
1844,542.353098,0.030659559
1845,543.4608333,1.777125328
1846,511.1267538,1.859797255
1847,525.6598235,1.484219658
1848,560.162697,4.371874109
1849,528.3717213,1.259895829
1850,558.0757079,0.823079179
1851,579.1551684,4.209351035
1852,458.5702444,3.941895282
1853,551.9607778,1.031494575
1854,606.0835386,2.131043194
1855,569.7313629,1.051270516
1856,590.1994281,4.982682247
1857,580.0515416,3.699830119
1858,594.0576867,0.385222618
1859,572.1591598,4.148171291
1860,517.7011394,0.439181595
1861,563.261685,3.75543169
1862,538.8508758,2.858424299
1863,509.1428018,3.683512593
1864,538.7366678,0.428948264
1865,541.0114659,2.164873622
1866,492.8046447,3.149421918
1867,496.584218,4.545964038
1868,549.5251307,4.932829545
1869,530.9879588,0.156981346
1870,477.9609637,0.434465385
1871,592.0374427,1.972943084
1872,556.5434865,4.803964827
1873,535.4662699,3.338656987
1874,567.8990854,2.114761646
1875,566.0757213,1.803995903
1876,542.0832704,2.368108084
1877,528.3326334,2.736235147
1878,490.9925728,4.878152631
1879,591.6333092,2.702237943
1880,547.0930242,2.221975034
1881,569.0697873,2.723243506
1882,582.7665981,1.151338533
1883,563.9470986,4.314570216
1884,526.5158665,3.46393326
1885,570.6802176,3.840544212
1886,571.2722482,4.675876961
1887,547.1480473,3.465541279
1888,417.942735,3.472816938
1889,474.1194447,1.884105669
1890,473.6334439,1.181002971
1891,532.1153116,2.169710333
1892,537.0734619,3.990934367
1893,533.4494244,3.663701685
1894,501.6202486,2.205758014
1895,545.286235,0.17576264
1896,538.9229268,2.73628196
1897,502.7223038,0.094112933
1898,536.8838812,4.997818824
1899,560.395249,0.337589928
1900,612.1757785,1.558638631
1901,536.5834914,1.26512971
1902,561.3545155,4.624877336
1903,589.9079536,4.336714471
1904,560.9043773,3.065349219
1905,605.0808265,3.781644326
1906,494.0756387,4.627646334
1907,593.1259033,0.095573554
1908,562.7475256,1.385938964
1909,526.2982042,0.931526662
1910,512.3428573,1.482403268
1911,544.4618265,0.333770654
1912,489.3301747,3.652601498
1913,477.8101338,3.259324532
1914,525.0895231,4.455896847
1915,505.0348297,1.021584696
1916,515.4795674,3.504954425
1917,541.386329,2.914055927
1918,502.8490126,3.002858172
1919,561.3827467,0.576296112
1920,544.6441357,3.656189885
1921,592.8126508,0.32124114
1922,558.6594681,4.936768798
1923,584.9783486,4.585167781
1924,527.3372585,2.854325787
1925,582.5948333,3.610055452
1926,533.7724118,1.541911251
1927,576.2963478,3.453668795
1928,530.9890475,0.251160402
1929,542.306812,0.573936593
1930,586.7050248,2.384879109
1931,538.4133118,2.353558083
1932,511.0349095,0.456358749
1933,538.4475083,4.276921564
1934,470.4734548,1.629875466
1935,517.1311879,1.42127393
1936,561.0937967,0.928068255
1937,512.4004373,0.70268609
1938,524.8409426,4.597909974
1939,505.8431903,4.929968462
1940,562.3932841,3.570972745
1941,537.8797189,3.569359602
1942,551.6493272,3.107195232
1943,492.590925,0.489928986
1944,582.8796587,0.92291285
1945,509.0943707,3.05064457
1946,508.7268082,4.715970387
1947,589.9659631,1.348529581
1948,558.9977797,4.673171887
1949,540.0121462,1.311926616
1950,569.9399569,2.719349203
1951,571.6856662,3.126241749
1952,503.688208,0.600320969
1953,553.4308559,0.357897736
1954,556.9541965,4.377145646
1955,523.6271534,3.30854133
1956,544.0145826,3.930773291
1957,525.4388134,2.1328325
1958,526.4610891,2.960030039
1959,496.7756009,0.054462629
1960,523.4919357,4.522010481
1961,573.3750832,2.946034336
1962,517.8894618,2.558342965
1963,576.2450753,1.740832693
1964,477.7242728,3.148424331
1965,546.7943932,4.366745698
1966,467.7932366,3.558185717
1967,562.6592327,3.224850118
1968,607.5758315,0.946812051
1969,537.1270603,2.527228579
1970,580.6487011,3.319238776
1971,559.371687,4.131096221
1972,559.8623818,2.573907588
1973,553.7508697,4.071508792
1974,572.1766753,1.294273886
1975,656.5085386,0.352439683
1976,589.565673,1.048143359
1977,537.6733609,0.085566496
1978,603.039606,2.290886031
1979,547.8490957,2.021519442
1980,570.8529989,0.064175264
1981,562.414932,0.915142232
1982,491.2513122,1.208541523
1983,542.1784203,2.942253854
1984,547.373972,4.20986693
1985,497.0718755,2.565409125
1986,549.7800219,3.297277032
1987,517.9654537,3.158056584
1988,501.2380111,2.163524987
1989,571.6989712,1.366339433
1990,488.7213363,0.652353455
1991,522.8144359,3.158718258
1992,548.0484624,1.737646586
1993,530.6982072,4.242254869
1994,556.5768453,3.865975287
1995,538.0162693,4.010859217
1996,597.1445172,2.173179784
1997,557.3071454,4.038095705
1998,555.9987321,1.701855497
1999,548.591528,4.020265685
2000,594.620925,3.14533019
2001,564.8576815,0.019564477
2002,574.1118799,0.154631484
2003,553.4108984,2.068492547
2004,538.1094266,2.278718141
2005,554.3238059,3.021655696
2006,526.4932823,2.732031521
2007,512.6061042,1.974082861
2008,488.9917712,3.961861517
2009,509.120474,4.77817248
2010,540.6185151,2.147396072
2011,541.9542331,2.455094628
2012,453.7387425,0.617347894
2013,508.2690882,1.233559963
2014,585.4708138,1.055773946
2015,513.7353499,1.538488048
2016,489.7224494,3.736447668
2017,521.5489751,4.745808566
2018,582.3692813,2.126595779
2019,576.9892337,0.779857318
2020,588.0998594,1.774253433
2021,563.5832233,3.104177135
2022,580.8059108,4.982672102
2023,533.9959256,2.189223264
2024,584.7524983,3.730555721
2025,554.0112567,2.206727413
2026,567.2361917,2.097762397
2027,555.9868891,2.86928948
2028,572.1714682,4.365381313
2029,492.0825824,1.30836512
2030,563.4314311,0.074153288
2031,530.1305236,2.587379625
2032,537.8730674,0.673576025
2033,535.6437394,3.805756679
2034,502.9917484,2.499386101
2035,531.3683025,0.321260097
2036,499.0187088,2.310426252
2037,594.3820933,1.799381157
2038,547.1733479,0.644141098
2039,512.4208656,2.558502377
2040,557.4558732,3.098647752
2041,534.5804893,0.345204221
2042,529.9006394,3.236246934
2043,537.6504233,3.94952927
2044,524.3393912,0.107204938
2045,551.9107618,2.675892824
2046,559.6886565,2.256915092
2047,573.8286932,3.51292174
2048,619.1973173,2.177801619
2049,524.0569118,1.468967007
2050,533.0153617,0.186900291
2051,501.5111177,1.104623783
2052,576.3737392,4.845537551
2053,553.7572888,0.059504081
2054,557.5635929,4.041174087
2055,526.3756425,3.433661044
2056,515.1468648,2.91109748
2057,515.8225109,4.855402406
2058,476.8837793,1.480214827
2059,443.7739959,1.559745874
2060,533.2638387,3.809951202
2061,522.9590538,2.336199658
2062,513.4967847,3.623515012
2063,505.7857211,2.593008653
2064,523.6670726,4.808233021
2065,573.7832637,2.021416467
2066,530.3246347,2.430634368
2067,586.7663687,0.556106532
2068,610.4420797,0.003142174
2069,584.4071619,2.961719874
2070,526.0630811,3.149708836
2071,568.3366729,4.72490468
2072,513.7548129,2.991098015
2073,579.6786849,2.652869875
2074,523.7425952,1.071112216
2075,540.3027642,1.703039855
2076,489.0930763,3.61783625
2077,546.9618853,2.249921152
2078,506.4900586,1.732389786
2079,545.836793,4.792320283
2080,462.5847115,0.854949057
2081,516.2158668,4.292740567
2082,501.9478942,1.541670028
2083,536.2534183,0.004270588
2084,486.3272732,3.974858283
2085,490.4798869,4.142711978
2086,525.8620883,1.016386141
2087,528.4026816,0.889190849
2088,530.969726,4.011883034
2089,539.2349856,2.121907838
2090,595.704674,2.509095571
2091,553.251133,1.092039162
2092,561.2191501,0.318842935
2093,547.418864,3.519816488
2094,606.4862108,2.446029223
2095,537.0960872,4.427779668
2096,582.7793838,0.730125812
2097,565.5469482,3.653036352
2098,571.3291032,3.949400574
2099,570.6340867,2.429796653
2100,567.8243771,1.559671447
2101,503.585648,0.491461262
2102,503.4900725,4.851313549
2103,570.713935,3.426203504
2104,542.6006984,2.464556572
2105,519.7150123,1.241388887
2106,488.71563,0.021793157
2107,537.2385918,1.641135668
2108,509.2145203,1.460236738
2109,493.8699584,3.217517123
2110,454.1550483,0.899113693
2111,459.2944474,2.843360239
2112,530.8979742,2.382509743
2113,497.7864554,3.109425424
2114,548.3744132,0.656502194
2115,597.9420937,0.003582245
2116,535.5262902,4.983291784
2117,563.9009976,4.158954429
2118,539.0201407,4.271248799
2119,580.3125593,0.080958485
2120,560.6614799,2.458300266
2121,545.7505578,3.837070668
2122,610.8320297,3.409334201
2123,557.3012716,2.070729378
2124,555.5827053,1.273232137
2125,501.8998597,2.188351571
2126,517.8839914,4.092653729
2127,487.6245516,3.95478745
2128,469.4887831,4.026590318
2129,466.0932063,2.784064906
2130,480.7752962,2.440653571
2131,498.6783034,3.659858201
2132,453.5087295,3.906477089
2133,491.8504443,2.797296556
2134,470.0738848,2.168169616
2135,503.0515219,1.712474508
2136,555.2373969,0.500679239
2137,557.4617084,3.815505587
2138,557.6525251,3.612710245
2139,593.9827239,4.198288472
2140,557.3029605,4.454277033
2141,539.7191146,1.643278458
2142,499.3153548,0.026583687
2143,573.3216823,3.188521166
2144,533.6198,2.660026719
2145,543.5451894,1.875985236
2146,574.9513429,1.230826736
2147,519.3611188,3.067550121
2148,517.481749,0.389964004
2149,542.2809986,1.049132822
2150,494.0777612,0.104894933
2151,543.2662643,2.901563785
2152,527.5459497,3.878512069
2153,477.6299783,0.320307616
2154,561.5468196,0.323391131
2155,536.253309,0.361772257
2156,526.3478713,0.175951875
2157,481.3267037,0.082537463
2158,496.4032664,2.003998946
2159,510.2088128,0.408553477
2160,568.1635763,3.34588942
2161,558.3285856,2.106827698
2162,533.3325163,0.030876153
2163,498.6296638,3.873642045
2164,588.8350225,1.348784899
2165,513.9775049,0.050068895
2166,552.1794947,3.819941439
2167,569.7401947,2.148275268
2168,590.6274922,4.296651995
2169,574.0780166,4.514136978
2170,508.0997557,2.47578441
2171,493.7351832,4.49390696
2172,505.5345155,4.288307675
2173,517.9419169,0.8452532
2174,476.2410633,2.537288827
2175,470.5794239,0.715362766
2176,547.4470312,3.371329541
2177,500.4075764,3.678800424
2178,504.0841763,4.8244918
2179,471.2333398,0.903714363
2180,413.763528,0.35963956
2181,512.5151366,0.990802931
2182,527.1196951,2.302488201
2183,504.931055,0.870824396
2184,559.1144126,2.159407403
2185,525.409279,1.964233742
2186,528.5959021,3.370335897
2187,575.0678789,1.245670701
2188,561.9290753,1.570544894
2189,550.3507213,1.246306121
2190,573.0378247,2.129095241
2191,640.3490481,3.671789095
2192,536.5736767,4.952482288
2193,563.9259953,0.620229886
2194,547.9876981,1.248671452
2195,502.4203684,0.572564448
2196,521.3197086,4.471805313
2197,532.820717,2.161914209
2198,524.991441,3.306284756
2199,526.4974967,3.048693021
2200,519.3158323,0.871700261
2201,555.3980162,1.104849356
2202,514.3724502,2.789823771
2203,437.287454,2.714168249
2204,525.4697632,0.969251046
2205,466.5964979,4.967484424
2206,497.0246496,3.68308392
2207,532.7403967,0.133861689
2208,477.1931003,2.08455365
2209,492.5752254,4.234948019
2210,533.5728693,0.647312294
2211,564.6621379,3.287442363
2212,559.4638729,1.090625273
2213,579.2814506,4.119718205
2214,553.245321,3.228194408
2215,541.5628926,1.772199469
2216,574.1338608,3.289999258
2217,529.9781833,4.472930772
2218,574.6049496,3.823698385
2219,528.7212417,0.046714616
2220,471.9692668,1.138840633
2221,501.4665568,4.066950075
2222,539.2947125,2.478560238
2223,483.77817,3.81440799
2224,523.401505,4.675627357
2225,542.7346962,3.813043637
2226,491.8564408,4.301519903
2227,403.2847165,0.991244078
2228,506.6861886,2.795862515
2229,503.0150141,2.321464088
2230,537.0715054,2.808490964
2231,511.7123581,3.36358771
2232,499.5417412,3.935972526
2233,526.2140511,2.755764258
2234,516.1014175,1.271660737
2235,579.9759284,2.810811483
2236,559.796125,3.839465689
2237,530.5748303,3.143602329
2238,508.0489695,4.666474034
2239,523.790129,1.732499958
2240,522.7446889,4.685892718
2241,520.9990412,1.987768102
2242,501.7708809,0.981781734
2243,553.7826118,4.588014174
2244,576.2021643,0.08494117
2245,518.4172867,2.692333072
2246,507.6452871,3.309664443
2247,477.7333091,2.866768036
2248,462.3798615,3.503811281
2249,507.7568476,1.223261339
2250,456.0611101,4.878385872
2251,440.0399057,2.648281312
2252,481.1710535,1.790093488
2253,491.2032854,4.466223697
2254,544.814216,0.361575896
2255,490.8937428,2.941801396
2256,520.8929925,2.652409005
2257,501.3719525,4.62926518
2258,554.965555,3.3767102
2259,537.9104834,1.362409175
2260,567.1004644,4.225672222
2261,590.4264308,4.516482404
2262,550.1498321,2.858434496
2263,543.6305128,3.794252766
2264,507.608311,0.279542362
2265,580.7735121,0.145312912
2266,529.8575033,2.28050558
2267,488.1133275,3.011425633
2268,550.2479837,0.882715565
2269,522.2365782,2.578643548
2270,533.0305089,0.353880771
2271,437.1645325,4.210645841
2272,513.4430894,4.822568707
2273,481.2093592,0.031921907
2274,452.1465591,3.843464194
2275,444.911518,2.863966256
2276,419.5231522,4.859686555
2277,501.1878967,0.091080868
2278,523.4838764,1.021208835
2279,596.3871404,4.576198235
2280,450.919918,1.869763401
2281,521.0433013,4.561641818
2282,519.1931617,2.638122928
2283,551.5938546,2.398019277
2284,551.1945556,3.883446173
2285,589.4316691,4.57946193
2286,525.772202,2.750079898
2287,563.0746162,4.85072009
2288,504.3395144,0.437346712
2289,534.2375217,4.248929393
2290,502.0685939,3.820922294
2291,528.0395638,3.901759302
2292,461.0499137,3.040544871
2293,501.7076431,2.13628191
2294,443.5068923,4.698438349
2295,533.2080886,2.405161804
2296,484.083354,4.950504128
2297,448.259765,4.013827398
2298,546.8735903,2.005000969
2299,498.1397641,1.479507146
2300,518.4586003,0.445052156
2301,413.7754069,0.647664534
2302,488.2452712,0.330819138
2303,504.2904273,0.806565231
2304,507.8300993,3.30260707
2305,490.5331411,4.168023003
2306,549.2974507,0.528797836
2307,567.7530007,2.470774794
2308,556.7650975,0.972730699
2309,553.2054132,3.393568449
2310,557.8163336,3.050951836
2311,542.2716063,4.507197006
2312,523.7759973,1.72534088
2313,572.4652535,1.702136374
2314,523.9257928,2.172528275
2315,499.5747277,0.583201611
2316,526.0583269,1.277631449
2317,504.8845692,0.65231711
2318,548.2616373,0.649028134
2319,503.2408013,0.688063143
2320,539.2262061,1.730462797
2321,515.6226667,3.495974097
2322,442.6243921,3.833684888
2323,482.5756595,3.945975089
2324,508.6114549,3.731428698
2325,500.0359899,1.581547797
2326,494.9898269,4.115990544
2327,512.0760315,1.555157564
2328,553.604131,0.869734786
2329,523.144868,0.775982954
2330,550.9774328,4.239612427
2331,522.5678356,4.802004048
2332,535.550457,1.821550778
2333,522.9473508,0.214061638
2334,561.0322497,0.355906721
2335,536.1663049,1.476408109
2336,497.2798876,2.362677262
2337,494.2311327,0.800828393
2338,529.4154798,1.556558854
2339,550.1929265,2.459750073
2340,499.4370415,1.039963341
2341,492.7008018,2.448691291
2342,519.3125206,2.40537992
2343,497.2863228,0.934564856
2344,518.395455,0.892845668
2345,427.036816,4.550366087
2346,471.8402337,3.491176251
2347,485.5510737,3.784714884
2348,477.6816575,1.349349979
2349,531.656336,1.075027839
2350,494.7665427,2.294064281
2351,458.4416881,2.84048958
2352,499.5506101,1.714674062
2353,583.1753679,4.000528461
2354,533.1026313,3.604435883
2355,560.9003682,1.928163788
2356,532.6879944,3.491259004
2357,472.3186115,2.526477133
2358,573.010662,3.269812323
2359,511.5460686,4.229401945
2360,574.3528075,2.239261842
2361,521.5162869,4.411884318
2362,573.1231761,0.279479853
2363,582.8371496,4.904889752
2364,515.3250155,3.768442098
2365,542.3788141,3.631531559
2366,477.2946425,1.826067904
2367,554.6535275,4.002770125
2368,452.766585,3.376404314
2369,491.4935068,2.533024912
2370,483.420269,2.668457899
2371,488.9891939,0.478693892
2372,501.568113,0.541827781
2373,486.3931042,3.282290115
2374,492.789334,0.136989133
2375,499.0867539,2.548159075
2376,503.3999608,1.778274389
2377,500.0701851,2.578991775
2378,470.0473885,1.174795813
2379,536.0721365,3.388078332
2380,573.3105068,0.285871012
2381,558.6700583,4.730309639
2382,537.1815772,3.761889426
2383,569.6956201,1.199210376
2384,576.3526789,0.647296177
2385,554.0572707,3.617792927
2386,537.655897,1.587215855
2387,498.940827,1.743332772
2388,502.0187276,4.919395812
2389,496.194937,4.559783903
2390,539.6138463,1.323553628
2391,513.0945926,4.804354888
2392,445.1774202,2.460035491
2393,502.5744871,1.40498287
2394,502.5344399,0.899311699
2395,529.9441294,1.482000745
2396,462.6293679,1.277627288
2397,482.2820229,4.235725922
2398,552.1994124,0.542851024
2399,474.6735051,1.628118122
2400,463.3903449,3.399647848
2401,492.3738697,4.886328677
2402,541.5252932,2.949652384
2403,538.520261,2.87935929
2404,465.5518121,0.491404921
2405,534.3390553,4.559018551
2406,519.2002556,1.452536095
2407,539.9747192,4.386306535
2408,500.2170433,4.846828154
2409,511.2110561,2.231747046
2410,501.0639742,1.715464837
2411,541.6707382,4.28148103
2412,535.1230574,0.811308836
2413,519.0564625,0.88338044
2414,528.5478496,3.769114566
2415,435.0778691,1.870861404
2416,468.2618589,0.087102091
2417,498.1440125,4.893861374
2418,490.4316247,4.926242118
2419,453.9877364,1.178604087
2420,521.1742442,1.590384599
2421,462.6546056,1.256655884
2422,455.7695389,3.324847055
2423,510.5747552,4.752948633
2424,447.8964008,1.823995438
2425,555.4429531,2.069324473
2426,543.0775159,2.988695397
2427,513.2979185,1.74260817
2428,530.497143,0.789432539
2429,517.7855962,1.194041178
2430,559.3778322,2.617440673
2431,581.1469073,3.141430362
2432,544.3298358,1.377639895
2433,535.84502,3.334585623
2434,501.1200486,0.69135952
2435,500.0256766,0.91374531
2436,505.0690947,1.920875432
2437,526.5211948,2.120710622
2438,525.4961064,1.890776338
2439,525.3770805,3.925294827
2440,439.5899559,1.921969772
2441,453.3805553,4.532752086
2442,493.6971849,2.728527087
2443,495.6522681,3.613485744
2444,460.307293,2.33491307
2445,484.6178185,4.821150136
2446,462.6316458,1.64024486
2447,412.0205809,0.7605054
2448,537.1096681,3.125117917
2449,536.1757699,0.070260491
2450,521.6154053,2.848485223
2451,514.3011836,0.021841053
2452,502.4473069,3.56079676
2453,528.3868898,0.917257988
2454,532.8336187,2.730687856
2455,555.2074928,0.606818403
2456,522.0945474,2.157494004
2457,547.9384557,4.000384676
2458,498.3389993,0.532339992
2459,566.037638,4.942442947
2460,501.7655042,3.678975016
2461,548.6854192,2.369339769
2462,504.2404103,4.728124327
2463,522.5432754,2.958569847
2464,471.3226894,1.870473153
2465,514.6885958,2.462027784
2466,461.99624,3.067426776
2467,483.7396648,2.967711175
2468,454.4831391,2.800006063
2469,479.3723512,0.529268035
2470,490.7757382,1.335956914
2471,476.536641,4.083297424
2472,482.1722072,1.884467554
2473,453.5402543,2.508181488
2474,520.9115677,0.26867817
2475,568.6246984,2.3813924
2476,524.1283386,1.439115322
2477,551.6459266,4.752887073
2478,500.1760898,2.077781987
2479,536.8079065,1.51175547
2480,492.0287691,4.357583093
2481,537.4681443,3.846636361
2482,522.8706461,4.672710597
2483,550.3315286,3.894958486
2484,517.4227007,0.87632709
2485,529.2862257,2.208041813
2486,509.3011502,3.144132099
2487,513.1604538,4.060773233
2488,471.1035826,1.392152344
2489,476.5197131,1.202370346
2490,495.8758199,4.497120842
2491,523.3414808,1.314702367
2492,466.7775617,4.646716058
2493,457.8962709,2.077923606
2494,479.5570546,0.803537841
2495,529.6050466,3.521642099
2496,534.0702048,1.075162549
2497,500.0962737,2.504847412
2498,534.1675562,4.666813916
2499,527.8675545,4.328411094
2500,523.5447116,0.003846014
2501,526.7672421,0.571457881
2502,477.3314835,2.876091593
2503,540.3818067,3.607387557
2504,508.6424427,3.701550292
2505,464.3329188,2.368947154
2506,523.9814266,3.079326253
2507,492.8859484,1.989424438
2508,523.3936359,2.824048713
2509,515.7301198,2.674424682
2510,485.3229758,0.158362195
2511,495.5063197,4.014706845
2512,465.2336031,4.746929636
2513,502.2519062,3.028248917
2514,498.304305,0.167119321
2515,416.3576581,1.588128216
2516,459.2552331,0.25961338
2517,461.1844621,4.551156613
2518,476.8265593,3.63711182
2519,548.5515246,2.455963395
2520,492.1922521,3.541440747
2521,515.5279625,2.18180603
2522,502.1090622,1.000021099
2523,488.0335139,3.978307174
2524,544.6469114,4.404705599
2525,532.3892379,1.36708325
2526,548.0227036,3.041998586
2527,551.6657904,2.651743481
2528,563.9533154,3.783728481
2529,531.3655367,0.935862976
2530,513.871858,0.784492013
2531,551.0127925,1.847865258
2532,465.6684058,3.527948016
2533,486.685129,4.519752255
2534,451.2383735,2.286317689
2535,496.3208129,3.382958193
2536,471.2576102,4.889482846
2537,490.4623677,1.164754572
2538,472.7930315,4.160525832
2539,463.9321941,1.780667503
2540,487.2634475,3.325465583
2541,463.306986,2.499432246
2542,481.5446827,4.69805985
2543,518.4910006,0.809293692
2544,527.897536,1.307432303
2545,535.7568541,3.385463099
2546,507.4827522,4.799202693
2547,515.3672683,4.306066661
2548,499.6366874,4.209515737
2549,469.2130975,0.428843247
2550,534.550704,2.468632564
2551,557.2842231,0.124972142
2552,537.4711782,0.420439826
2553,556.0985794,2.317903977
2554,528.616096,1.770010735
2555,514.71792,3.858862353
2556,516.7703515,2.404255154
2557,471.8081609,2.505029384
2558,488.6538323,4.310288743
2559,487.9655891,0.235831871
2560,454.872731,1.175190679
2561,440.871507,4.952254285
2562,461.1573183,0.481540445
2563,452.0042338,1.848691165
2564,503.4987451,2.697054639
2565,492.6062093,3.749031106
2566,535.3442989,3.054243041
2567,507.0644028,3.006333958
2568,507.5369256,4.78289312
2569,511.4453707,3.383059593
2570,523.8837149,1.563377572
2571,531.5297447,4.735016399
2572,543.6503536,0.46793551
2573,505.5404242,4.262455246
2574,516.8723596,4.757580999
2575,570.3747989,3.041910308
2576,509.1584552,1.195042515
2577,539.6675063,3.812464118
2578,507.5866864,1.579598185
2579,561.9071619,1.574858439
2580,558.4301932,4.764520091
2581,498.9871743,2.102694651
2582,486.2772707,3.742543107
2583,578.197001,1.698550274
2584,498.6778191,3.944491356
2585,453.3134886,2.18351386
2586,510.5735421,1.461391887
2587,475.7662442,1.156730907
2588,502.8969737,4.432298975
2589,474.0527752,1.434458813
2590,503.9998514,0.039292863
2591,489.3292325,4.757011118
2592,538.4331691,1.713527678
2593,538.6062657,4.779690168
2594,435.5054917,2.830310585
2595,516.2024417,3.08364734
2596,494.1400528,0.388929614
2597,556.605035,3.375015362
2598,584.7992698,1.61286939
2599,551.0303442,1.082959964
2600,538.682996,3.031097226
2601,495.7216849,4.331713526
2602,577.2757947,4.28718308
2603,519.3393298,4.693061864
2604,494.1077377,3.128004488
2605,475.8755648,2.310923149
2606,482.697114,3.526419786
2607,422.7105883,2.809126645
2608,473.7499525,1.447612458
2609,421.127542,1.075972997
2610,499.4561904,3.063315166
2611,477.9611933,4.086024705
2612,491.8254108,4.036294966
2613,464.8507871,4.638582397
2614,487.8744148,4.580776622
2615,558.4787173,4.214766951
2616,522.1755219,1.382352
2617,512.9613445,1.923874282
2618,497.3911305,4.799720067
2619,512.9781563,4.262716431
2620,492.9099359,2.150476398
2621,530.5680265,4.335078319
2622,490.7702984,1.364955258
2623,533.1481299,2.445370805
2624,511.2646137,0.556816837
2625,504.5444997,4.203181045
2626,445.2669791,0.39621842
2627,475.7529011,1.614670422
2628,510.8202799,3.132877486
2629,501.682542,4.973855274
2630,503.6000027,3.004165936
2631,494.107742,4.818835958
2632,512.7463723,3.988575791
2633,427.2260257,3.00252806
2634,447.9610303,0.348019584
2635,435.0697526,1.318436729
2636,514.979154,3.831955164
2637,517.3741082,0.959415999
2638,428.9785498,2.8368314
2639,493.6490234,3.137847835
2640,538.810328,1.909646722
2641,501.9667991,4.018740325
2642,496.3125849,2.330356991
2643,486.4045901,0.784463075
2644,525.1149361,2.435925938
2645,539.1215472,2.217984051
2646,413.1495781,3.075695502
2647,470.6780896,1.290542936
2648,526.5262128,4.54497173
2649,527.6685668,1.048677141
2650,529.5770388,0.4958064
2651,489.9498312,1.214939435
2652,500.1682189,2.680178106
2653,548.2538709,2.773564884
2654,436.4558526,1.192945047
2655,483.9105836,2.506851258
2656,471.1150038,1.333242662
2657,479.2963731,0.393390539
2658,503.0341928,3.934110182
2659,449.9734259,2.06606873
2660,450.8492856,1.042248793
2661,469.3611787,3.947644084
2662,478.6464093,4.22582696
2663,484.6997018,2.611216326
2664,479.7084156,1.931780359
2665,459.9862725,4.414727116
2666,560.6466494,4.591631967
2667,460.4272515,1.049625135
2668,521.5512999,4.978519906
2669,509.9016017,3.352445882
2670,482.0620112,0.571616453
2671,494.1163417,3.433861975
2672,506.3889165,0.822508021
2673,505.6479404,1.325023555
2674,466.1998665,4.639663547
2675,459.6288064,4.928755887
2676,541.9776142,3.365990759
2677,500.2243698,1.334018173
2678,458.8289275,2.032021323
2679,463.0345288,4.754117674
2680,499.4804349,1.296773437
2681,399.137288,3.168785901
2682,490.3821995,0.179141483
2683,472.5523389,2.135752808
2684,498.7041979,0.99682419
2685,455.3555034,4.94155455
2686,468.2431983,4.775073399
2687,451.3923436,0.493513096
2688,502.2482167,4.119788362
2689,530.3574871,4.155230448
2690,461.5780601,3.138568474
2691,469.7434074,0.081332788
2692,535.6268795,3.44756763
2693,535.5562456,1.275517528
2694,513.7740315,1.750723672
2695,529.0128027,2.766442618
2696,604.040998,2.246714177
2697,501.5644987,3.165230282
2698,504.5445533,2.701639228
2699,521.6297956,4.709278811
2700,503.6304902,0.564701911
2701,489.4936346,1.176194271
2702,487.4532049,4.459504224
2703,487.9154944,3.222090155
2704,473.5266741,1.628399722
2705,452.1362984,2.38431686
2706,448.2718606,0.785766949
2707,481.821069,1.206299524
2708,475.3140587,3.540177394
2709,455.5941767,2.028527795
2710,441.4116127,3.155814032
2711,486.376753,0.917725363
2712,478.5137883,4.090401871
2713,442.6723113,0.745765765
2714,499.1269879,0.068565595
2715,519.5939019,4.924591997
2716,514.8373837,3.391347548
2717,449.1087528,0.034923682
2718,518.2751057,4.677451047
2719,513.0965805,3.876861477
2720,537.9459131,3.259345972
2721,491.1870002,4.217057786
2722,490.4024713,3.432045763
2723,486.938022,0.60282018
2724,503.7448743,3.57910765
2725,484.7050237,0.126113448
2726,453.7802602,3.163565934
2727,421.7923453,4.182220222
2728,459.7602771,3.726628402
2729,487.6104856,0.917448966
2730,464.5906929,2.56923255
2731,491.7812137,3.452696138
2732,325.5487814,0.207960421
2733,434.5766034,1.684241605
2734,456.3559337,0.746364253
2735,486.0037406,3.218076905
2736,486.0089771,3.394486545
2737,487.2211534,4.279155578
2738,475.6777547,1.130775368
2739,505.1716637,0.341691581
2740,433.0978184,2.80759281
2741,546.7340506,2.43204014
2742,480.2501556,3.965615244
2743,499.9232885,2.851924977
2744,549.2086076,3.760758088
2745,519.9304738,3.870025603
2746,555.7401512,4.760025055
2747,521.1130885,0.677808792
2748,472.9540129,0.689292086
2749,477.1008077,0.269790444
2750,420.3350637,4.646350133
2751,499.5221191,1.769547455
2752,477.3792386,0.373030049
2753,491.0474158,2.236149848
2754,449.6118647,3.297750448
2755,498.3590057,3.564658351
2756,470.2679467,2.305446708
2757,439.4477088,3.67298304
2758,562.3541456,3.572918814
2759,514.1160923,1.924795089
2760,511.2227394,0.564310633
2761,487.7424297,0.968660111
2762,499.134267,1.278185594
2763,507.5964841,0.684068361
2764,487.3323297,1.097135373
2765,541.4104893,0.403745382
2766,548.0613029,4.255258746
2767,527.1551971,2.859657855
2768,510.4233384,4.10769227
2769,475.1378136,2.177263863
2770,493.9290484,4.192226017
2771,488.6322151,4.871449093
2772,502.3585021,4.979248166
2773,456.4567677,4.746845822
2774,468.8445812,4.71258517
2775,475.4769154,4.71979442
2776,432.3405702,0.464668566
2777,428.1265319,0.206917156
2778,426.2402568,0.776094373
2779,424.4425923,1.160393588
2780,488.87983,0.11160658
2781,459.9933999,2.908432553
2782,447.8823224,4.639174741
2783,434.0135855,1.662327546
2784,473.3786025,0.854093377
2785,461.5822791,2.999616646
2786,498.9137279,4.055279681
2787,506.2850459,2.824413243
2788,528.5513275,0.254590734
2789,492.5628601,2.455132016
2790,487.2003994,4.225139415
2791,521.9199544,2.030566892
2792,459.3675502,0.971757349
2793,486.9323712,3.331012517
2794,518.984683,4.734700774
2795,508.0409794,0.872506556
2796,445.2493587,4.937120807
2797,555.9024582,3.287222512
2798,453.8846798,0.873422673
2799,401.2383649,2.707152674
2800,463.8095399,0.765807332
2801,473.7374445,0.520326372
2802,421.5926064,2.948768568
2803,508.8302558,0.70016343
2804,393.9591025,3.66320577
2805,489.3272809,3.083162847
2806,482.354333,2.207166765
2807,471.4535715,2.748342701
2808,489.3845825,2.964034712
2809,431.9291963,4.288563099
2810,474.8660439,3.395853251
2811,469.5257216,4.885624499
2812,446.1367849,2.379114392
2813,527.8330662,4.788344671
2814,503.1197562,4.714319456
2815,524.7699829,1.531674536
2816,571.8930616,4.950317898
2817,474.0632833,1.530950782
2818,486.7603284,2.42368796
2819,485.7285191,2.290445747
2820,484.1024526,1.661014755
2821,478.3568859,3.641316528
2822,523.4313938,0.040957222
2823,435.2005881,0.739887953
2824,437.7932123,2.432295483
2825,494.3194184,4.727769829
2826,432.474958,0.84879703
2827,397.3570019,1.503846082
2828,434.2555261,2.402159119
2829,385.0892024,4.297689089
2830,482.9608293,3.085737967
2831,493.0680131,3.631959771
2832,528.0354757,2.494046296
2833,432.2243227,1.313937412
2834,504.647967,0.587519253
2835,472.4195418,3.376027106
2836,492.0902509,3.994464063
2837,485.3462222,3.072197036
2838,467.571866,3.67531694
2839,520.9730689,3.335325221
2840,500.7579648,2.618655594
2841,494.3203797,1.97177561
2842,507.0920227,3.949289374
2843,480.856275,3.909363612
2844,480.9181705,1.963585599
2845,480.4709841,2.265336195
2846,469.5040282,2.171424777
2847,431.5395454,3.943886211
2848,456.450862,2.595651755
2849,468.6886488,2.188190472
2850,455.7233913,2.844960758
2851,424.4678302,4.334839987
2852,445.3997592,1.685838126
2853,413.0886395,0.993469924
2854,457.0317055,3.765359878
2855,430.83452,4.960006724
2856,510.0336834,1.984715695
2857,500.4750885,1.8611941
2858,483.4017908,2.233298317
2859,461.4529288,1.083728006
2860,462.592982,1.752296597
2861,506.5263197,4.511721369
2862,507.4969174,2.614613037
2863,484.7739787,2.166833398
2864,480.9229776,4.079127612
2865,522.7643993,0.117999651
2866,535.7813701,1.232606717
2867,505.3834765,0.32404488
2868,509.5641996,3.606348882
2869,467.0186638,4.371034305
2870,476.8632354,3.68832799
2871,438.8540826,1.681549524
2872,428.3810638,3.688938213
2873,455.2824324,2.634545857
2874,461.403881,1.406053168
2875,512.8786583,3.973606607
2876,417.8678212,4.727337542
2877,495.0420073,0.616074561
2878,480.0079674,4.121052188
2879,479.3949785,2.431387839
2880,510.8458131,2.931641137
2881,501.3765891,2.887717362
2882,502.165682,3.69196235
2883,552.5810499,4.828570725
2884,463.2905208,0.988987854
2885,488.581514,3.680045773
2886,483.3648479,1.793302673
2887,448.5373661,1.300327483
2888,513.393165,0.580253688
2889,460.5646727,0.444277602
2890,553.7130778,3.945591269
2891,440.4006171,3.342313571
2892,511.8622908,2.023592449
2893,476.8528673,2.144405453
2894,465.9207801,1.370517243
2895,444.0348288,4.983605286
2896,466.0940172,4.54132743
2897,440.3957924,1.949365985
2898,440.0162459,4.553001349
2899,451.7372608,4.396331236
2900,521.6279918,0.890222976
2901,366.3159843,1.341375728
2902,458.327413,3.334180979
2903,513.2975381,1.814648969
2904,461.6854602,3.794646254
2905,478.0367332,3.603289315
2906,512.1744011,0.871775038
2907,492.8001821,3.957748244
2908,467.4746657,3.998053094
2909,516.369301,0.151248944
2910,513.666707,4.15381778
2911,523.6649243,2.402184701
2912,511.9963998,2.990395366
2913,453.1836962,1.752535877
2914,533.8202497,3.824817038
2915,528.421791,0.925672754
2916,479.1715596,4.041661981
2917,512.6540843,2.058270178
2918,501.2951119,0.801726105
2919,449.5784102,4.356576515
2920,480.8435366,4.12062842
2921,498.6886479,4.652599586
2922,520.7607926,3.694526884
2923,390.4026715,3.013353641
2924,433.2100539,3.907695512
2925,443.7557196,3.665404403
2926,477.2080117,0.521107937
2927,452.7036939,3.36794988
2928,456.3766169,0.423112111
2929,415.9400946,3.104959731
2930,474.3125732,0.031048938
2931,500.4793568,4.700549881
2932,496.0069486,3.121950902
2933,521.8427648,0.613834446
2934,497.503456,3.209990672
2935,494.3413402,2.260576179
2936,508.1309181,0.347250189
2937,474.6917907,1.975001596
2938,499.1057148,0.515527677
2939,467.5017911,2.19734734
2940,476.5294577,0.525099364
2941,500.2221924,0.852331219
2942,472.665527,4.239294151
2943,440.9630819,4.452120755
2944,510.1023742,4.006396832
2945,498.7792544,3.907473385
2946,389.1556439,3.95456221
2947,453.6125571,4.513195031
2948,417.8188657,4.940888383
2949,459.489682,4.432132297
2950,460.4682947,1.99327405
2951,486.5090014,0.838306029
2952,394.569698,2.892479322
2953,480.9029279,3.187024786
2954,456.1782065,1.479469508
2955,458.1518207,0.926756445
2956,501.5691226,4.399792586
2957,468.7256975,1.298588337
2958,531.5233324,2.72717125
2959,479.9730682,1.089498231
2960,516.1522126,0.495922917
2961,473.2184073,2.544676389
2962,465.644159,0.419791777
2963,456.6086977,3.371581351
2964,437.0219768,3.499900163
2965,450.5424431,0.406323045
2966,460.504074,4.684406414
2967,377.0772605,4.154369137
2968,433.7680348,3.150811708
2969,440.1154255,4.083940336
2970,464.0912895,4.594093201
2971,444.5610173,4.449710065
2972,443.1672949,4.888005072
2973,466.0307918,4.688827278
2974,395.3204165,1.404563886
2975,474.1154352,1.963153388
2976,464.7483185,2.874977816
2977,481.2734272,4.808041703
2978,438.8751011,3.107797191
2979,510.231,4.860529288
2980,499.8496452,4.212770726
2981,451.4370092,4.662111503
2982,494.001805,4.617314251
2983,541.4204068,2.023089621
2984,477.4189907,4.570556424
2985,527.0559492,3.249210148
2986,477.8152209,1.81780757
2987,528.1308604,4.00671624
2988,476.6085623,1.386839438
2989,439.0680987,0.070474739
2990,472.6657243,4.914482698
2991,432.4896664,3.484996496
2992,499.526829,4.391957249
2993,441.6131075,3.455276269
2994,441.087496,4.297977088
2995,432.3485411,2.129699351
2996,428.7140267,4.084447733
2997,422.7416133,3.470218015
2998,507.6803462,4.381369043
2999,491.9034501,1.948655242
3000,428.0353442,2.656991255
3001,466.3195318,3.877956642
3002,506.7945383,2.350070824
3003,467.2700119,4.408138733
3004,515.9219939,0.846438104
3005,503.0311589,3.037810969
3006,492.4290806,4.39288825
3007,441.1688637,1.219102952
3008,469.66804,1.382245919
3009,507.0469027,3.069991048
3010,461.3774606,0.685071984
3011,435.104419,4.254240292
3012,461.1515486,4.896250022
3013,476.5764136,0.73016597
3014,499.9500398,3.850937993
3015,471.9673397,1.636887097
3016,469.4679879,2.921402797
3017,465.7712077,0.731032603
3018,466.0288625,2.075805508
3019,442.8875211,1.326929011
3020,437.3580084,1.11432634
3021,471.4078005,0.681584955
3022,503.2654867,4.589807842
3023,446.2593617,4.015870826
3024,445.3439132,0.595481207
3025,531.4065474,3.519742603
3026,452.9300198,3.643263287
3027,460.0512813,1.459836461
3028,489.9945396,0.862300122
3029,529.6508022,1.130970807
3030,508.9204135,2.153259287
3031,474.8482006,2.763364967
3032,473.3916488,4.919793155
3033,493.7791488,1.731393894
3034,459.6212068,4.997694083
3035,488.6517232,2.463595285
3036,415.9594419,3.309238638
3037,436.6854365,1.707723995
3038,477.2018364,2.314476306
3039,421.3841133,1.896750669
3040,484.9300241,3.384751926
3041,432.1126495,3.272089465
3042,456.8926044,2.468882986
3043,454.0486075,4.472935722
3044,468.6846935,2.048934605
3045,439.0431137,4.108704815
3046,468.1174599,2.420087395
3047,474.9971968,1.03065661
3048,457.3646709,3.371036968
3049,473.1625081,4.979911104
3050,526.7871659,0.497117651
3051,449.7861892,4.545344052
3052,531.7461891,3.881409762
3053,470.3543246,1.24124779
3054,484.2903678,3.561899138
3055,468.3521192,4.80712142
3056,484.9148057,0.417033207
3057,498.6832444,3.722483608
3058,450.2412846,2.713897293
3059,485.5665963,0.415607792
3060,421.8338971,3.250479248
3061,462.0678234,4.634163368
3062,484.3481646,4.566580435
3063,447.1563713,1.244579784
3064,496.6518354,2.129099871
3065,443.1257036,0.322217304
3066,418.4588162,1.390743307
3067,433.1235307,0.573320287
3068,439.5480073,3.745457114
3069,433.5465053,0.239044587
3070,405.8125185,0.770609609
3071,426.5766155,4.495225403
3072,516.3746657,1.539360953
3073,451.3530333,2.967171083
3074,549.4642452,3.960357056
3075,457.3855174,2.215474336
3076,478.1012891,1.32923946
3077,481.312444,3.748385212
3078,497.3198784,2.004407517
3079,512.9880729,4.264709103
3080,515.577953,1.319285947
3081,505.3190895,1.186603972
3082,459.202943,3.724113715
3083,479.0556558,3.352413895
3084,474.9885234,2.754430236
3085,404.2573247,2.199857285
3086,469.7788883,2.265726001
3087,460.8297328,1.70093394
3088,419.9037326,2.500938335
3089,491.110925,1.141289302
3090,458.8950201,2.05507215
3091,414.1973946,3.011322345
3092,452.1670894,0.284544064
3093,452.466335,2.511917697
3094,473.6794409,3.269551004
3095,450.9806856,0.853536314
3096,403.8500831,0.781120377
3097,457.4575671,2.446814578
3098,467.4373965,1.941900069
3099,479.735203,2.682323151
3100,495.2985531,3.977434178
3101,410.4194516,3.321187676
3102,458.465089,1.236871838
3103,506.1294953,1.472555317
3104,464.5990906,4.941900729
3105,480.6523354,3.889205185
3106,465.4911146,3.066820148
3107,435.1709587,1.323195251
3108,502.257607,1.870069477
3109,385.0438935,2.729333383
3110,480.5814208,0.285321894
3111,430.9351983,0.356649153
3112,411.9354382,0.958068406
3113,401.9798239,2.375857438
3114,454.2910309,4.793000331
3115,470.5136268,2.944130098
3116,463.3107592,0.45968154
3117,471.5439832,4.23012989
3118,455.2360081,1.05351454
3119,452.3478358,4.098575493
3120,477.7468363,4.301098102
3121,465.7300461,1.43849483
3122,425.1878785,3.746817145
3123,497.3149282,4.683390496
3124,512.2725645,1.103110463
3125,582.1223905,1.614179536
3126,512.5746679,1.774914978
3127,461.2128106,0.42390259
3128,431.6867759,2.24131578
3129,470.9101778,4.413266634
3130,505.1337555,0.990228516
3131,466.7389675,1.478569211
3132,499.2699252,4.571779584
3133,475.4616976,3.595128065
3134,482.7569591,4.86848501
3135,457.2098578,1.84048422
3136,399.7995001,4.099540602
3137,386.8669385,2.27782666
3138,406.0729689,2.535510182
3139,447.9990822,2.879828322
3140,435.523258,0.675644868
3141,425.6634899,4.655203287
3142,471.9984121,0.574601904
3143,396.1213608,2.965595852
3144,441.6548812,3.339817172
3145,527.7718584,0.895506213
3146,477.1619114,4.18328893
3147,457.7125558,4.549147405
3148,511.7541232,0.764991714
3149,445.6431435,2.34330401
3150,492.581516,0.640648067
3151,464.8632503,0.087621628
3152,543.7513484,0.994566501
3153,489.9563087,2.293441736
3154,524.8605855,2.567493393
3155,489.972062,1.304725291
3156,441.1489824,4.294382054
3157,476.2508564,3.508290766
3158,447.5495461,0.607354367
3159,404.1728597,4.010646582
3160,375.6668209,4.741131895
3161,433.2800848,4.147453258
3162,420.2436664,0.427902863
3163,384.0999121,4.83940657
3164,440.7002527,2.351817472
3165,429.6703814,1.362970235
3166,376.8387428,4.747723524
3167,422.0098372,2.888576701
3168,516.144277,2.400097125
3169,440.4425746,2.865998977
3170,451.7913936,4.808764632
3171,426.0618034,4.042657382
3172,473.1454029,3.632509494
3173,481.6841686,2.774786828
3174,485.4314997,2.053650256
3175,470.6333658,2.717325399
3176,470.9578048,1.330780669
3177,459.1956865,4.587609407
3178,485.3042156,3.991881391
3179,427.0003295,1.645201611
3180,403.8797909,1.206934562
3181,483.6711231,4.11647442
3182,522.4601533,1.582905068
3183,472.760754,0.576781204
3184,443.1480188,4.392223794
3185,419.1125094,3.99831854
3186,426.9437181,4.967964074
3187,441.9897859,1.486319331
3188,430.662736,1.922502834
3189,424.433385,1.604846654
3190,458.0093407,0.983982039
3191,403.6346058,1.847291573
3192,482.9385589,4.566514453
3193,462.7011196,0.798287229
3194,487.025842,1.674983032
3195,477.137103,3.783849397
3196,453.317703,1.021318398
3197,442.3069592,1.916274284
3198,496.9932591,0.198701047
3199,513.8439992,1.780834858
3200,448.5686409,2.678530227
3201,480.9841797,4.108743669
3202,481.4153034,3.929912377
3203,464.4691549,0.130250039
3204,426.728482,1.977931008
3205,456.7703447,2.584703085
3206,433.3534096,0.929668568
3207,444.3830296,3.179706704
3208,441.0499375,4.216532172
3209,462.7100376,1.621662735
3210,449.5512139,1.973215248
3211,483.3198433,0.861708569
3212,444.4600773,2.897606103
3213,460.7353639,1.536529539
3214,446.1548826,0.15476187
3215,498.3841345,1.016236606
3216,398.9376782,0.66495181
3217,472.7571299,0.299500122
3218,408.6749556,2.83764036
3219,435.2136755,0.669074375
3220,466.5828548,1.915038618
3221,507.6541838,0.483620663
3222,460.4932965,1.000986332
3223,511.1553085,4.13987933
3224,450.1227558,0.094840032
3225,474.9316851,2.076729826
3226,466.4062448,1.875554327
3227,512.7793266,2.37737982
3228,447.6609743,0.138564764
3229,413.0637376,2.758696042
3230,469.1781874,1.085701857
3231,550.645051,1.082046808
3232,440.8903446,4.491939125
3233,418.680884,4.368773513
3234,434.4399038,2.30389684
3235,378.3754581,0.212808399
3236,468.1395823,4.32956505
3237,463.8517697,4.404670392
3238,457.6759779,3.10129194
3239,476.2332135,0.51725319
3240,428.5417975,2.67855821
3241,508.681192,4.010660899
3242,409.549964,4.864060892
3243,485.424561,0.931828833
3244,513.6312268,0.750680614
3245,469.4887138,4.288119409
3246,480.3653008,1.918495032
3247,504.0411406,1.821475836
3248,481.6295245,3.997244793
3249,499.5509367,4.505842032
3250,540.2542902,4.378764455
3251,481.3046685,0.603274258
3252,448.4039391,1.590008606
3253,450.8281866,3.329665008
3254,476.5303284,4.723525211
3255,495.414816,4.499676647
3256,476.7480916,0.566219731
3257,460.6390457,4.871743052
3258,399.4569568,2.755131483
3259,424.7648828,4.499868211
3260,448.7735418,3.370200095
3261,404.5481291,1.380311407
3262,451.9985872,1.838278641
3263,420.2671434,2.53229576
3264,455.2159076,1.518787009
3265,425.3497941,0.224003838
3266,450.8952587,3.89301284
3267,464.650714,1.650968699
3268,469.9279766,3.057471485
3269,486.7810517,2.795645103
3270,547.1799257,1.267894546
3271,529.670481,1.798506116
3272,538.1349992,2.595772375
3273,478.0342657,0.260499507
3274,453.495075,3.934280859
3275,445.5820662,4.011176478
3276,498.4517672,3.518716354
3277,436.9583016,4.193558352
3278,421.0086828,0.790076782
3279,454.043289,4.509773078
3280,493.1149306,4.40349335
3281,444.0878226,0.467483505
3282,409.4644767,0.219183277
3283,443.8213009,1.239068992
3284,395.4061877,4.609408248
3285,427.8990569,1.626256329
3286,482.2007453,2.458591178
3287,425.5741531,3.709473139
3288,474.727416,0.386700027
3289,409.7226081,4.448129583
3290,433.1795775,3.284346792
3291,532.8330011,0.59770425
3292,468.312013,1.633078603
3293,480.613673,1.335954933
3294,536.1748303,1.987011397
3295,457.6428218,4.229197041
3296,511.4601806,1.818699783
3297,480.7787036,1.728611717
3298,408.1005311,3.041479313
3299,487.3008548,4.850162559
3300,457.1093048,3.908767425
3301,484.4585991,0.002556251
3302,487.1584803,1.817020339
3303,460.2240427,3.540947382
3304,430.8894771,0.577722702
3305,363.5487301,2.666176327
3306,442.5836561,4.101592144
3307,431.651204,3.055729047
3308,436.9693662,4.149349527
3309,411.9457179,0.2188435
3310,426.6130602,0.360683254
3311,417.9001283,4.612721951
3312,424.9331762,3.11169105
3313,436.6560745,1.507611501
3314,497.3532996,4.664737038
3315,485.0688701,0.346571277
3316,448.1085855,4.100983403
3317,507.7645855,1.529246389
3318,505.0138145,4.657228369
3319,475.7287499,0.612174689
3320,496.2532376,0.383945525
3321,482.9693514,1.644665124
3322,493.6857168,3.679491057
3323,505.5933005,0.765160045
3324,454.521874,4.140998202
3325,463.8202548,4.317516742
3326,453.5437268,4.828618042
3327,425.0292272,4.830816631
3328,472.2995508,0.267944655
3329,403.9663375,2.643165405
3330,449.0755529,0.441298584
3331,465.6991382,3.084967794
3332,418.9879769,4.92384506
3333,412.6294164,4.875147544
3334,384.6485349,2.005573637
3335,405.2767326,3.817964136
3336,419.9568157,3.254778832
3337,438.167011,4.553625155
3338,449.9777973,0.153680494
3339,434.5281364,2.367512004
3340,532.4631005,4.077967038
3341,492.4355316,1.425320103
3342,466.4248363,0.979076469
3343,455.1916072,4.311091739
3344,490.4112416,0.803412711
3345,509.2051096,1.555896106
3346,467.7825424,3.213449076
3347,441.285298,4.352303988
3348,457.6789878,0.046278343
3349,445.9917247,3.801104914
3350,422.1618877,4.193466486
3351,413.2584781,0.176386402
3352,411.9395761,0.503810669
3353,411.8855084,0.15644111
3354,421.5127242,0.565707464
3355,426.3605541,1.146549929
3356,440.802486,1.626709804
3357,412.4023535,1.27124794
3358,410.7493843,1.259204274
3359,455.7181978,4.503546442
3360,448.535218,0.13575356
3361,447.4503697,1.029312108
3362,466.3244779,3.684059013
3363,483.755493,1.300367509
3364,478.9098702,0.490682793
3365,450.4872623,0.603948524
3366,492.2151878,2.115236856
3367,434.5815896,4.239091891
3368,497.3791595,1.085780666
3369,438.0115065,1.461726466
3370,473.9225271,4.97766837
3371,448.9280131,1.393509675
3372,492.5934861,4.518235417
3373,441.6625262,4.201387974
3374,471.4612833,4.705861564
3375,463.6541553,2.809011459
3376,416.8239276,1.335022116
3377,397.191465,0.623910032
3378,384.2151978,2.365565991
3379,391.5961762,0.726883922
3380,436.3303233,3.281215164
3381,445.3374094,0.927476306
3382,423.0031792,1.690825651
3383,426.9882256,3.770521125
3384,422.2014278,3.972735147
3385,457.373597,2.137100208
3386,409.2757513,4.536431998
3387,491.3414958,0.927022718
3388,441.5385519,3.051872664
3389,501.1684774,2.746169034
3390,468.7800912,4.156889961
3391,445.0724549,1.46975829
3392,438.8771327,2.405060286
3393,460.6323623,2.593391829
3394,444.7836569,4.256232667
3395,476.8695911,0.745056676
3396,459.0641681,2.762442219
3397,385.006049,2.965838141
3398,455.8473775,0.240744777
3399,452.1088658,4.107957
3400,381.1887208,2.381589262
3401,437.6118837,4.507897111
3402,410.2370523,3.155058766
3403,395.3581625,1.082209459
3404,397.0758579,1.535709515
3405,434.1962294,0.602199732
3406,483.575223,3.92876367
3407,420.3309096,3.352829963
3408,460.009398,2.059953018
3409,428.0933276,4.404747805
3410,417.1760221,0.112835836
3411,466.3285342,4.648752896
3412,430.043247,4.623123982
3413,443.939142,0.381435486
3414,517.4117818,3.776427271
3415,505.1444535,1.163493833
3416,417.0420768,0.005741484
3417,454.5650303,1.183398992
3418,411.9970874,0.693775335
3419,441.1020784,2.190133136
3420,465.5132808,4.365623503
3421,405.439598,1.442376963
3422,429.0868075,4.670697951
3423,403.5648566,3.041610497
3424,375.8918079,2.265893025
3425,409.2183343,1.313631584
3426,382.0603476,2.62764679
3427,379.3711615,0.701132697
3428,400.4099541,0.187265904
3429,426.8000756,2.413256621
3430,415.3976175,3.029212564
3431,487.1027058,2.351626134
3432,446.8835282,3.298276424
3433,378.1906365,4.011586165
3434,451.1456802,4.123489164
3435,465.8576833,3.221603731
3436,459.6434341,4.742927603
3437,451.0170179,0.192437796
3438,452.0039499,1.040539991
3439,394.2250173,4.488753505
3440,485.5046292,4.916210763
3441,514.3815528,2.187719662
3442,446.2129885,3.641208078
3443,450.466304,3.154402474
3444,388.9320115,1.180849367
3445,455.4355985,1.856962658
3446,403.1370388,0.593544588
3447,383.4019055,3.306596882
3448,433.8246371,2.28516844
3449,407.5158641,1.537722011
3450,457.7168853,4.130761978
3451,455.3876142,3.705765388
3452,458.4314983,4.652148808
3453,418.6039857,1.061857154
3454,378.1011113,4.454024732
3455,459.9734921,4.228654776
3456,457.6078174,3.973252116
3457,463.7236885,2.099759551
3458,445.9391041,1.887042654
3459,454.8808723,2.994114421
3460,477.7146343,0.440538827
3461,436.192269,2.909770451
3462,489.9401833,0.072562017
3463,439.0353485,4.229845941
3464,489.1274391,2.889581105
3465,508.7280856,4.62319317
3466,417.132821,2.148585616
3467,496.7514586,0.649239502
3468,420.5643317,2.772618737
3469,473.5536794,1.765496119
3470,446.0108612,3.742031777
3471,411.8202634,4.665681354
3472,448.638093,3.951661705
3473,442.1724148,0.932908117
3474,396.3043922,1.105402946
3475,401.7119247,3.982704951
3476,460.7341773,3.278175212
3477,448.900351,4.164416201
3478,467.7001965,3.054574448
3479,436.6475478,4.660050672
3480,485.8792085,0.669276299
3481,445.9712338,3.487627988
3482,415.2339114,2.336839277
3483,459.0423555,1.233915416
3484,488.0035682,3.587695762
3485,467.6681665,2.208294057
3486,440.4813681,1.006788065
3487,534.6803173,0.365619869
3488,469.6797961,4.357221085
3489,423.3684074,1.069033711
3490,451.8231437,0.576451646
3491,498.4138655,1.822590677
3492,456.8937331,4.960124719
3493,440.8453698,1.911630658
3494,420.2335234,2.289770817
3495,441.5696663,3.320652858
3496,416.488609,0.622943411
3497,402.6914946,4.915765767
3498,417.5022501,4.655302726
3499,412.1846728,1.562388713
3500,453.8217469,4.238898827
3501,412.3545241,4.519088385
3502,451.1451545,1.585363792
3503,416.1701605,2.52310863
3504,479.1137147,0.153577266
3505,375.91862,3.288669375
3506,408.8223188,2.071959166
3507,485.9756652,0.026520973
3508,422.4924489,2.285266481
3509,457.0379299,2.17190927
3510,470.2635506,4.078946045
3511,420.844036,2.425587955
3512,477.9515252,1.426596635
3513,458.0567873,3.784602513
3514,445.1126423,2.953759871
3515,436.0811848,1.365558743
3516,453.3708535,1.145899263
3517,460.5285118,2.566516258
3518,405.57875,0.808269061
3519,411.6214978,4.652696264
3520,400.5767288,1.611356643
3521,425.516333,1.748967965
3522,389.2260055,2.80097178
3523,450.755473,3.037391694
3524,435.9757693,4.81223142
3525,409.7824625,3.017068119
3526,446.3360295,4.320570998
3527,391.0638094,4.116127788
3528,440.8542029,3.760671494
3529,440.3458774,3.444457157
3530,493.6381471,1.459233301
3531,399.7750597,2.3024185
3532,472.6278225,3.093693689
3533,456.9973702,4.494195439
3534,522.4546194,4.984453994
3535,497.8695338,3.060964149
3536,465.2787656,1.499749216
3537,457.5870627,1.351663564
3538,483.05569,4.786938981
3539,471.213282,3.925003332
3540,458.7348715,4.035327546
3541,429.7730085,3.736575859
3542,452.0225971,2.542742922
3543,465.8393087,4.611232001
3544,441.0662259,4.139723015
3545,409.3219856,4.760015926
3546,414.7349472,4.2751786
3547,388.6961287,1.889483363
3548,427.551116,0.759136288
3549,441.6151965,2.102845105
3550,389.5179164,1.024010119
3551,481.5698978,0.834821527
3552,450.5745395,0.159871304
3553,456.6744438,0.184156177
3554,432.1241069,2.388733725
3555,455.1644987,3.481976438
3556,451.5767794,1.315602549
3557,479.4969003,3.154185053
3558,380.6153002,3.140495572
3559,500.3116371,2.290548409
3560,453.3534464,2.549193283
3561,435.189108,0.259073787
3562,488.172354,4.20339245
3563,478.5491027,0.15638518
3564,423.4306539,4.311606637
3565,454.6873602,1.144634235
3566,435.8679354,4.902819077
3567,408.2439928,4.001802616
3568,434.4073941,2.21010735
3569,388.7538003,3.292084818
3570,426.6601077,4.030982006
3571,423.6690966,1.22731443
3572,366.8699343,3.202009919
3573,415.1438519,2.858053741
3574,407.4307341,1.916108891
3575,421.7109288,0.129794012
3576,419.7543895,3.009486155
3577,408.5662835,4.824876673
3578,486.7650097,4.330531546
3579,451.5698864,0.477971918
3580,453.7090235,4.634326681
3581,483.4746182,0.093760242
3582,470.5382996,1.820432236
3583,453.4022669,3.825106486
3584,485.4803441,0.094197682
3585,427.3729602,4.211691604
3586,465.2504801,0.203798317
3587,471.1838504,0.796951563
3588,436.24324,4.091145682
3589,399.1636868,1.224971944
3590,415.274363,0.880728386
3591,457.4287455,1.343690849
3592,421.1089332,2.894621132
3593,426.295342,4.222499525
3594,461.2222545,0.626652256
3595,416.5979406,4.043661108
3596,455.5368306,3.656814747
3597,442.4667094,2.507931157
3598,438.3897832,0.244687045
3599,443.8003811,3.143410389
3600,458.2127404,3.665999798
3601,404.615398,4.792059355
3602,444.4309745,0.986473674
3603,506.4989621,0.349236276
3604,402.322791,3.269670081
3605,448.7222178,0.600892634
3606,480.8047017,3.483243011
3607,428.4251776,2.935454731
3608,448.6519134,1.325710781
3609,486.3993932,3.664320632
3610,429.6924328,0.218117979
3611,507.9596238,1.145457898
3612,477.2009418,3.139961274
3613,464.346141,2.798237368
3614,427.71579,0.17293146
3615,456.3867342,4.752740417
3616,479.0835562,0.549625973
3617,389.416517,0.188134473
3618,393.6824871,2.648765692
3619,366.68578,4.62324702
3620,449.1953576,0.995778507
3621,406.8578839,3.242228192
3622,501.3657484,0.559259808
3623,459.6783754,3.344775071
3624,473.2544499,2.158203271
3625,374.4342019,4.57979722
3626,463.4331176,4.581429863
3627,441.8189803,3.695620043
3628,458.4604889,3.409027208
3629,487.3788328,2.314563991
3630,441.845416,0.11025336
3631,453.4563665,2.054197145
3632,458.1185506,2.415624716
3633,469.5308949,0.556162405
3634,446.7779196,4.778192342
3635,397.1726255,2.410579404
3636,487.0403587,3.865816215
3637,431.7414646,1.336489144
3638,381.4171156,4.274028297
3639,402.5825559,4.305092771
3640,362.8060701,4.565362315
3641,416.8093165,2.806983554
3642,421.8508503,0.407266598
3643,416.6328602,3.349370991
3644,427.1550384,0.175053134
3645,428.1084273,3.173644593
3646,383.7499518,2.131980077
3647,412.8383318,1.98783134
3648,485.2048893,1.7594535
3649,445.0138198,3.887960416
3650,445.1801663,4.108624191
3651,449.3461822,4.763846214
3652,418.2542057,0.541542344
3653,511.1472825,2.911732803
3654,468.7540073,4.700016618
3655,487.2899287,1.78633205
3656,478.6398681,0.462029781
3657,425.1835301,2.939980725
3658,474.0099888,4.339051179
3659,421.113552,3.734895707
3660,422.4253934,4.569229332
3661,473.2223069,0.74206303
3662,435.3714935,4.215202948
3663,413.8117806,0.470398555
3664,368.862658,3.175747229
3665,392.9828297,1.469611447
3666,461.9164031,3.998463285
3667,386.5945933,3.1245093
3668,469.481322,2.835685282
3669,391.6537698,3.469242713
3670,460.4787771,3.705544872
3671,449.095741,1.146988997
3672,444.4535733,1.214740516
3673,439.9326839,4.334260623
3674,444.5872977,1.377372333
3675,417.7107193,2.487089278
3676,417.4705949,0.397855631
3677,421.4677217,2.764912961
3678,492.6458649,1.520647968
3679,470.4187784,2.162961161
3680,470.5184126,3.257278562
3681,401.7858269,3.088986903
3682,400.3738084,2.255833231
3683,415.2175323,3.370771703
3684,434.5447957,3.789933124
3685,476.4494357,0.471141843
3686,439.9192319,4.094836425
3687,425.4642105,0.589375151
3688,335.1609749,1.475141996
3689,414.942237,1.644686463
3690,407.2435058,3.778310313
3691,370.4567913,4.609613615
3692,411.7818625,2.287084864
3693,441.3733452,0.452789031
3694,409.9071463,2.611681415
3695,457.3640106,3.274164773
3696,428.9425824,4.979165694
3697,504.1504128,2.190993587
3698,483.3703424,4.724144903
3699,529.5507371,1.309458984
3700,499.2733979,2.136344646
3701,432.6715541,4.650674462
3702,445.3542682,0.535785882
3703,485.9119803,3.490219864
3704,510.3041938,4.160397082
3705,499.3663632,1.214136973
3706,490.0743435,4.662730628
3707,419.0604608,4.074348008
3708,423.2887366,0.120265958
3709,446.8889801,0.039579287
3710,425.0918073,0.043523658
3711,423.0511105,0.081062738
3712,443.0293945,1.050432752
3713,396.8006869,4.978888287
3714,346.7622208,2.023165994
3715,375.0888152,2.393594141
3716,388.0386154,4.536429041
3717,389.3706796,3.152753841
3718,430.2856225,4.48961931
3719,402.7232195,3.690737068
3720,428.5457665,2.137873852
3721,451.711604,0.645984557
3722,492.5618627,1.559325902
3723,429.556219,3.361414956
3724,450.4075768,0.145034376
3725,454.164236,2.824359683
3726,427.7627481,4.631795562
3727,455.7244161,4.290636227
3728,426.2820885,0.211503167
3729,478.7003,0.016988272
3730,471.1718028,0.616725169
3731,378.9634526,1.175706038
3732,382.7920106,4.605326349
3733,448.9437317,4.583100471
3734,457.214714,4.277012104
3735,451.1761869,3.257833912
3736,418.5090925,0.087205931
3737,423.9820309,4.323642872
3738,407.9917136,1.044288814
3739,388.9052287,2.61417102
3740,399.7437084,3.954018462
3741,465.8061376,1.722119643
3742,446.382954,1.776685998
3743,481.2119677,1.772637158
3744,459.6458023,1.89360746
3745,421.172622,3.395391652
3746,424.1769402,0.71124055
3747,397.837371,1.146306161
3748,443.5786664,3.686878622
3749,515.2545995,4.575142959
3750,419.1961968,3.740640811
3751,505.8942806,0.146612461
3752,471.0622978,4.660507578
3753,424.3751097,1.635419101
3754,389.6432264,0.364027198
3755,386.294093,0.553670292
3756,393.0115498,0.424561454
3757,460.2190705,4.232917252
3758,455.2156596,2.986129338
3759,423.0712655,1.402945826
3760,380.1545527,1.143370712
3761,421.8155955,3.48894651
3762,414.2587856,4.549646416
3763,406.8869018,2.828610962
3764,389.5925538,3.714401052
3765,470.359085,2.576165525
3766,402.2620695,0.665503617
3767,412.2465911,1.201020224
3768,443.5759994,0.235524632
3769,454.3449881,3.554280771
3770,452.8542962,4.946754028
3771,461.8032836,4.338863028
3772,350.9098017,2.869034851
3773,462.930284,4.911016732
3774,500.9561296,0.88848204
3775,432.0385618,3.790076173
3776,445.8345919,4.482737893
3777,488.123597,1.320808076
3778,443.2580296,4.997934577
3779,467.6194033,4.401681169
3780,440.7691143,4.683507474
3781,450.2524195,1.302992553
3782,466.4879387,0.767747885
3783,444.7866966,1.78998153
3784,420.0780405,1.5130108
3785,422.3856077,2.963247951
3786,431.0208176,4.249355173
3787,401.4373745,4.007556389
3788,401.3576896,2.119273574
3789,416.7303595,0.368208419
3790,416.5495698,0.612714613
3791,382.643073,1.649412281
3792,429.5832709,2.245128112
3793,435.594321,1.740651126
3794,477.6088873,2.98686832
3795,431.0408454,2.971171156
3796,466.8469962,3.839624673
3797,434.3709554,4.230674429
3798,433.2677265,3.767251557
3799,424.3639623,0.656714654
3800,458.6509742,3.387493705
3801,447.2560702,2.940628938
3802,381.0166234,3.120313022
3803,437.2316966,2.635546556
3804,459.6766222,3.890823224
3805,397.4022254,3.529293612
3806,408.3895643,3.161191606
3807,470.1191756,4.916977788
3808,385.2442715,4.647193872
3809,426.5650569,3.361077602
3810,400.5408556,4.376461369
3811,392.5534557,3.103190397
3812,433.0278792,0.212223387
3813,410.3248618,4.607893735
3814,456.5524451,3.940785063
3815,364.4235387,3.816247798
3816,441.9947507,2.851842765
3817,439.3527553,1.035342651
3818,468.3154545,0.735896989
3819,422.7346635,2.526943958
3820,444.5467765,2.357637915
3821,462.3664018,3.373643749
3822,438.9768454,1.624384992
3823,445.0764927,3.740569096
3824,397.3769532,3.913906972
3825,439.4376771,2.668657142
3826,516.6511354,3.83318676
3827,470.3404029,0.914704856
3828,439.6442904,2.341420678
3829,420.9853629,1.505611269
3830,456.4947979,4.58409264
3831,457.3999994,4.21128414
3832,357.9700648,2.857533354
3833,412.6888052,1.861744953
3834,419.0788673,4.03530611
3835,415.2900519,1.388164527
3836,395.8790243,1.878391206
3837,460.3497668,2.259366814
3838,407.8095758,2.274651379
3839,415.980163,1.332131475
3840,403.075825,0.118467972
3841,468.5478742,3.50717147
3842,432.0123943,2.763961519
3843,471.9090352,2.127270939
3844,446.4456058,0.161030882
3845,426.835254,2.766336246
3846,451.620282,0.047950631
3847,472.3816729,2.386957061
3848,446.2258473,3.379354438
3849,441.5114707,0.975292661
3850,446.1427226,4.717060669
3851,484.379003,0.436944322
3852,537.3336327,2.862577511
3853,381.6469564,0.676317104
3854,407.5482266,3.886441304
3855,420.1342643,0.33341273
3856,459.1944788,2.035414563
3857,383.8322146,0.940144953
3858,367.8538256,0.242150316
3859,383.1289771,2.602775024
3860,399.6697865,0.886978572
3861,402.7053139,2.549712306
3862,467.2053512,3.408089978
3863,391.0438462,4.698593068
3864,417.2431069,3.573748808
3865,424.030217,3.591212771
3866,388.7374648,1.76951801
3867,445.179014,0.899501912
3868,447.1561109,0.387481507
3869,470.0364957,4.914671988
3870,466.4427235,1.628824721
3871,458.8611125,0.052985219
3872,442.5547993,4.863340682
3873,447.4803153,0.033448131
3874,440.4534004,2.653100269
3875,427.3881156,4.335259699
3876,463.7291014,4.801643354
3877,411.1627525,3.691825458
3878,438.7354709,3.376660039
3879,396.1708112,2.221082339
3880,395.3786389,0.526810153
3881,427.8825606,2.222141816
3882,364.7918267,2.515976662
3883,368.423115,4.98307254
3884,397.5643661,2.128791471
3885,390.6647782,1.376596205
3886,429.0264045,1.672814439
3887,409.9948499,3.424114385
3888,426.6245129,3.369801686
3889,388.0436772,4.459492198
3890,401.7207929,4.904469038
3891,499.6221984,1.455156097
3892,454.8234144,3.721039285
3893,441.1819126,0.997309826
3894,522.2671338,1.475724961
3895,429.5171682,1.387742761
3896,466.9488216,4.286116831
3897,408.5385278,3.522101471
3898,454.5614183,2.303026473
3899,448.4048184,1.518863349
3900,449.5644913,3.749726537
3901,396.2865731,0.466749695
3902,451.1243861,2.639324162
3903,411.3654182,3.325432312
3904,421.8113315,0.575418451
3905,435.9150238,4.179201938
3906,412.5700608,3.522808919
3907,374.8521918,3.822750232
3908,382.9690333,0.488974449
3909,458.6777921,1.781381706
3910,410.8939057,2.161959035
3911,442.8643665,2.025771774
3912,413.4945171,0.645764228
3913,411.3295733,0.868900222
3914,422.5256238,0.906965167
3915,422.5256674,3.040991315
3916,453.0330156,4.230964647
3917,467.0661497,4.616959155
3918,522.8409451,3.207022271
3919,445.3502039,4.096868987
3920,462.1364766,3.76080813
3921,419.8491867,0.14913163
3922,470.0993336,4.335141387
3923,478.5111765,0.92834307
3924,431.8440138,1.328733371
3925,413.0038729,4.913574029
3926,420.1892174,0.412311614
3927,439.3824749,1.770370015
3928,386.4515881,2.638777627
3929,470.8921024,1.503987749
3930,364.1414835,0.587352215
3931,383.5690971,0.738685911
3932,392.3728079,3.804971075
3933,424.0587058,1.891065679
3934,442.3369053,4.818141086
3935,431.8706954,3.692515476
3936,431.7496632,2.115580557
3937,411.9743178,4.030646192
3938,436.3664279,1.772367384
3939,425.0737766,2.482569763
3940,450.2239989,4.762005467
3941,478.2180772,3.13596276
3942,435.280193,4.684235989
3943,444.7027033,0.570297999
3944,459.2022493,3.314129538
3945,462.9109286,1.536204718
3946,396.7007667,2.39718636
3947,469.9087241,0.529472721
3948,417.2688021,2.178576671
3949,451.6569856,4.541678783
3950,436.7321978,4.247707203
3951,448.0168799,1.911216916
3952,378.3779738,4.030982635
3953,431.4601027,0.435990428
3954,417.688132,2.223312764
3955,411.1689583,1.61150549
3956,402.0905161,2.777776981
3957,427.4770074,3.201012401
3958,418.6505588,2.413239521
3959,412.2821643,3.784591136
3960,413.4147186,0.689680192
3961,431.5417804,4.667875761
3962,436.4378218,0.768885462
3963,462.8246742,4.227250147
3964,422.9646478,3.453476864
3965,411.2491176,0.968241436
3966,434.5586894,1.095769519
3967,427.908243,1.644773611
3968,470.9596602,0.867532169
3969,478.6686472,4.896060501
3970,459.3210547,1.360168691
3971,437.3629353,3.853875107
3972,430.1248373,4.423915693
3973,446.3238318,4.157082652
3974,413.4056599,1.313574826
3975,391.7639351,2.219711258
3976,443.5069167,4.365195054
3977,404.4579689,1.322392255
3978,397.8586296,3.850918962
3979,404.5474396,1.138455856
3980,409.1174455,1.355326907
3981,393.0557793,1.595593049
3982,431.8119746,2.583443056
3983,402.2398845,3.15803421
3984,382.3499294,0.050308202
3985,435.1254012,0.581661133
3986,488.3986986,4.788896141
3987,444.1488358,4.489108151
3988,375.5094274,0.684930921
3989,468.1075878,0.70437073
3990,452.4338606,3.205583612
3991,439.9164342,0.424755112
3992,454.189002,3.980520187
3993,457.0758045,2.809050366
3994,457.670112,3.385218307
3995,468.5220945,2.848110424
3996,469.4169708,3.188007065
3997,375.2106355,0.332931037
3998,438.9930465,0.120239565
3999,458.4918947,4.733481566
4000,403.3190098,3.644109878
4001,401.7232843,2.391343984
4002,393.2846957,0.831641067
4003,328.8781117,1.90650382
4004,407.4794711,3.999640612
4005,445.771444,4.459571169
4006,407.1726099,0.157980679
4007,390.3779691,3.947300803
4008,418.0526825,0.464193045
4009,412.6239013,1.319258681
4010,367.4827882,3.90362047
4011,414.5168128,4.947806174
4012,459.8919576,3.720522264
4013,468.949232,3.98367133
4014,478.3236333,2.083299148
4015,441.8626234,4.816874465
4016,460.6129756,4.502965832
4017,456.2811965,3.9771448
4018,460.7994454,3.08539789
4019,400.548345,0.189785447
4020,452.1554503,3.723589703
4021,394.4477603,3.417421553
4022,395.0161247,0.873496029
4023,403.9728977,2.400086277
4024,442.0867788,1.437646948
4025,456.1728661,0.432088056
4026,381.8553179,3.064645897
4027,430.7414494,4.400087214
4028,366.569676,2.573119572
4029,394.344605,4.668560625
4030,417.4401946,4.66794367
4031,409.8625065,3.08107975
4032,419.9397451,3.314785329
4033,371.7286859,3.860009538
4034,443.3594864,4.3996131
4035,480.6604286,0.607432741
4036,403.3403284,4.127332303
4037,451.3693812,0.02350252
4038,473.1221868,1.705245187
4039,425.2963268,0.009603987
4040,428.8346929,0.721477224
4041,461.8311143,4.297315459
4042,507.6115114,2.338443255
4043,430.9091673,2.906162338
4044,437.1192373,2.362948379
4045,455.7196227,0.310780677
4046,491.5461271,1.318342254
4047,445.2421018,1.198501576
4048,385.8487367,0.345419963
4049,438.3603557,3.955068493
4050,425.3283935,4.767792536
4051,407.962192,1.464925377
4052,441.3666598,3.407503247
4053,359.2555249,3.657970834
4054,428.1844216,0.859513507
4055,482.5622413,2.245649947
4056,425.6021091,3.881663894
4057,404.244943,2.136316039
4058,364.7845889,4.441987379
4059,429.8435159,0.985952431
4060,419.7964078,2.836614359
4061,455.8264789,0.405730933
4062,473.3783908,2.615016066
4063,408.096082,2.361030009
4064,438.3888921,2.256188426
4065,473.4914769,4.580061781
4066,414.872843,0.423864245
4067,426.4465207,4.933437372
4068,514.006758,1.240230289
4069,435.2639351,3.651242089
4070,404.4000858,3.27315896
4071,405.8200334,3.462015902
4072,396.5264711,0.155805596
4073,387.3714434,3.087943564
4074,394.3242864,0.916155288
4075,407.7376983,2.00951234
4076,362.5050435,1.976931414
4077,406.6795869,4.391807901
4078,454.5886214,0.491385771
4079,410.6286681,4.682577065
4080,405.2985852,2.96403911
4081,434.4930567,4.564831491
4082,466.1409239,0.104530367
4083,427.200072,4.925855497
4084,467.7488722,0.483524278
4085,423.9594574,2.89005071
4086,402.0871532,3.751795711
4087,470.6213918,0.669649524
4088,475.4789028,1.37603285
4089,466.7810225,0.93362782
4090,410.1753549,3.068142779
4091,451.3359897,0.521900121
4092,433.6241274,0.540151502
4093,379.1163128,4.19640786
4094,421.1066216,2.632093394
4095,412.6180786,2.376071154
4096,346.2312826,4.714028267
4097,403.2374635,2.064410073
4098,393.9732123,1.591436535
4099,414.4654998,1.753407201
4100,420.0234948,1.056743886
4101,436.3865829,1.170024763
4102,399.9514373,4.525326835
4103,404.0592581,2.296326276
4104,408.62877,0.061414782
4105,430.3624621,0.846326769
4106,452.4848271,0.101692538
4107,435.5449159,4.724262222
4108,426.4444427,2.970078935
4109,434.714832,3.283200648
4110,441.3912291,2.159400199
4111,468.8086489,1.477818645
4112,493.7932272,2.607154205
4113,447.505294,0.722787552
4114,428.6964582,3.607402371
4115,407.8484401,4.390613943
4116,449.3540945,3.864938975
4117,400.0901653,3.545121989
4118,419.0972755,2.244900431
4119,405.4341356,1.233103364
4120,432.0746336,4.772663043
4121,376.7604405,3.485897584
4122,435.9757061,2.077188431
4123,377.8332178,1.825005958
4124,374.3294694,2.086554572
4125,462.185091,4.453376626
4126,384.0658538,0.567516949
4127,419.7786573,0.634334336
4128,441.0809156,3.339957171
4129,413.2921441,3.671600477
4130,401.5675625,1.294319215
4131,417.0977525,1.541797416
4132,452.9810544,3.281320247
4133,444.1261195,0.120488406
4134,486.0486896,2.583714597
4135,408.8838053,1.862340586
4136,454.6640461,3.901216374
4137,488.0089595,3.022982078
4138,427.3563227,1.576906932
4139,422.5091269,1.269884998
4140,475.6698603,3.49576961
4141,422.7461394,1.051628574
4142,459.3094268,2.093168731
4143,442.0366724,1.957383232
4144,420.6983039,4.279437704
4145,379.0952001,2.923103624
4146,403.3084453,1.073817484
4147,399.6643556,0.872858609
4148,425.2707519,1.157668931
4149,417.5400503,3.445780607
4150,393.4282534,4.591327633
4151,388.5933615,3.677207535
4152,427.3697089,0.652025369
4153,430.6110238,2.978098732
4154,452.678908,2.759899401
4155,404.026241,0.250442604
4156,463.4657063,0.676458252
4157,461.539425,0.803595021
4158,472.8051205,1.674035068
4159,466.1671929,3.828548479
4160,454.3609378,0.166698617
4161,461.5829444,1.638207735
4162,473.4085671,2.770964567
4163,468.6945736,4.114354177
4164,467.2949392,1.706249089
4165,415.2696787,1.026765956
4166,384.5633708,3.731158835
4167,396.5708953,1.074300482
4168,406.2668221,1.025248346
4169,431.9782668,3.003335128
4170,414.5766332,3.428783593
4171,399.7371408,1.368413803
4172,395.7841396,3.040815552
4173,362.4254397,3.433950118
4174,441.4294991,1.511656501
4175,418.6869749,4.879188041
4176,468.1235431,4.456929423
4177,419.7045294,2.967995166
4178,450.9996533,4.459973652
4179,512.1156127,0.132164248
4180,422.3439867,3.052994347
4181,487.42243,4.432051247
4182,474.5749665,1.979587781
4183,432.1535013,2.745565691
4184,485.7418626,0.761090653
4185,433.5591685,2.228155251
4186,479.3826424,0.947391031
4187,390.6607882,1.947162593
4188,426.2355201,3.958256542
4189,376.4294759,0.131894589
4190,395.5284655,0.633671439
4191,390.0124901,2.175997397
4192,419.88709,4.277113077
4193,334.0694986,1.936943816
4194,398.0197716,0.17779073
4195,387.2287563,0.524700462
4196,419.6433607,3.084670651
4197,466.2405056,2.696340831
4198,421.23438,2.401569088
4199,416.2095073,3.239445313
4200,413.6907359,3.013512033
4201,420.2322446,3.175945668
4202,414.1159978,4.329563324
4203,417.1229685,0.012248416
4204,431.1420032,0.47958839
4205,444.8660997,3.345372977
4206,467.2907516,1.669168007
4207,487.7754559,1.756103582
4208,421.153627,3.999317408
4209,468.507279,3.95904489
4210,468.7349492,4.742601264
4211,408.3472142,1.332443843
4212,441.0200201,2.899602065
4213,414.2644103,2.913936399
4214,397.4372193,3.799828311
4215,357.4498912,0.016191286
4216,380.2334742,2.95525417
4217,351.3534656,0.379875362
4218,378.3679466,4.757391249
4219,362.5863374,0.452168478
4220,425.1063531,1.663639991
4221,410.7164946,0.023904693
4222,436.823616,1.869064787
4223,402.8419235,1.341092139
4224,469.834848,2.325232254
4225,345.1985174,2.072284325
4226,441.4822916,2.944526955
4227,440.3726456,1.423185547
4228,440.4459328,3.806774509
4229,427.6902988,4.116523036
4230,421.6475152,0.963119942
4231,483.722359,1.382641287
4232,465.0001023,1.742908296
4233,433.1463079,0.763296128
4234,468.9962333,0.722854618
4235,453.7128276,2.576359083
4236,499.631381,0.491558563
4237,438.5379445,4.629197726
4238,401.7345183,2.037289878
4239,421.7353611,0.736816181
4240,516.3739095,2.668154259
4241,364.7237784,3.441968502
4242,428.4873789,1.238515234
4243,425.138612,3.908530906
4244,389.8853278,4.980887911
4245,462.5810001,0.578648539
4246,440.6992904,0.114828982
4247,423.5183663,2.365076158
4248,454.2635958,4.917031401
4249,435.8088646,2.152271972
4250,412.139325,1.432670168
4251,430.1200215,4.42111811
4252,471.8311285,4.467436211
4253,445.3665431,1.684676322
4254,443.9704501,3.433815988
4255,448.3118474,3.762924311
4256,446.1160162,1.244569311
4257,422.0678218,1.196269308
4258,443.0884428,3.528121693
4259,460.3753204,1.449274591
4260,460.2074095,1.2675221
4261,453.0951251,3.600604744
4262,454.677352,1.114692704
4263,406.176987,2.944065219
4264,414.84121,3.47809626
4265,333.3508787,1.696317282
4266,390.6787249,4.95304965
4267,423.7002674,3.21554741
4268,370.8029276,3.048171923
4269,392.3018949,4.794603164
4270,388.674961,4.908206358
4271,417.9013976,0.11185842
4272,445.1620358,0.860827869
4273,460.3395097,1.722252421
4274,437.251288,2.572677796
4275,475.1889365,1.652325638
4276,420.5502227,4.102899645
4277,380.9768313,1.319859552
4278,450.1126709,2.496910868
4279,465.3506201,1.398537949
4280,448.9889603,3.197442932
4281,423.0406802,4.338995956
4282,513.4747143,0.900715074
4283,412.0013606,4.579780042
4284,447.5128081,4.585655219
4285,469.5449696,4.872243279
4286,493.2493441,3.960940438
4287,432.1843212,4.421220557
4288,389.2131473,1.560515267
4289,437.3652347,2.963133378
4290,344.4497107,1.493197161
4291,461.5932497,0.112403816
4292,381.0758334,2.516673289
4293,396.6024919,2.691580446
4294,416.8963479,1.300291264
4295,439.7824432,1.761935409
4296,399.733625,3.493769392
4297,450.9480542,2.213036178
4298,452.3511101,2.606338669
4299,507.4208208,4.852107625
4300,439.8706163,2.912755322
4301,493.8557575,4.380416877
4302,515.9327991,4.119952518
4303,444.150195,3.962155041
4304,456.1727713,0.751621909
4305,422.528354,3.257507746
4306,421.5157294,1.111067884
4307,426.1345889,4.478166855
4308,455.1267245,3.250258003
4309,441.7491691,0.054886625
4310,351.5817316,1.602089027
4311,393.3748441,4.00461946
4312,411.5639631,1.274323244
4313,411.3513733,0.822165496
4314,460.0088155,3.19517576
4315,403.544166,0.769189331
4316,428.470538,4.008339306
4317,391.0951255,2.162210771
4318,396.2717991,0.931654736
4319,456.4220823,0.700734204
4320,395.8126912,1.682537508
4321,416.9112058,0.197711434
4322,455.6594699,2.766258162
4323,443.7187406,4.78112177
4324,466.1097928,2.488412922
4325,459.521131,4.645537781
4326,459.0357738,4.854561393
4327,432.0165816,0.46912338
4328,435.1758383,2.450588177
4329,435.8220551,4.948310782
4330,417.3918885,3.452003733
4331,359.9053984,2.834273613
4332,462.8397518,4.820876391
4333,425.2761341,4.442791364
4334,428.9004064,0.224029414
4335,397.5864867,0.590975394
4336,397.4668123,1.221473707
4337,457.4555217,0.218492125
4338,401.3934891,4.649197212
4339,376.9765373,4.752274257
4340,372.1606261,0.984954769
4341,415.583908,1.464597411
4342,454.3267824,2.988680799
4343,372.2045948,2.644943485
4344,427.0032503,0.820156948
4345,440.9302941,0.044316485
4346,420.5721215,3.951060647
4347,391.8043456,0.258229073
4348,410.4040093,4.317771028
4349,501.3207161,3.442889407
4350,425.5933109,2.608475692
4351,402.232393,4.255804791
4352,465.1534838,3.241460378
4353,449.691515,4.166571932
4354,416.5923125,3.453639701
4355,432.0452841,4.370323553
4356,404.4120692,1.190873554
4357,396.4300221,3.31176428
4358,425.9215776,3.568816299
4359,388.1869034,1.245288554
4360,460.1302898,1.656826833
4361,410.3173641,4.781575371
4362,314.1924457,0.045825337
4363,445.4448306,4.800131989
4364,378.2087368,2.126025907
4365,433.5442027,1.439947644
4366,356.561201,0.057920357
4367,424.0788896,4.871024647
4368,415.2661947,3.82235489
4369,391.6845143,1.226411613
4370,387.5537961,1.839612502
4371,424.6059638,0.847055827
4372,402.9153447,1.288078447
4373,522.9010966,4.059151713
4374,443.3436035,2.213453114
4375,486.0523749,3.597436098
4376,435.0077092,3.951180709
4377,393.2974524,4.190407675
4378,474.0994846,1.093675565
4379,376.4919871,4.599302175
4380,413.5312072,0.96961239
4381,373.2767448,0.233392412
4382,424.9345109,1.925200277
4383,384.2036987,0.151975273
4384,430.0076882,4.010003331
4385,408.5898135,2.523321596
4386,388.3493253,0.648804788
4387,415.4608119,0.703572821
4388,385.9991624,2.756285763
4389,387.7170977,4.682948012
4390,382.5247607,0.699646532
4391,408.9685208,3.447768247
4392,462.5262643,3.176111731
4393,413.3672237,0.067026531
4394,476.6425339,1.224858058
4395,461.0665142,3.987215042
4396,456.7965129,4.513024981
4397,449.509007,4.450303795
4398,483.6820814,1.367000866
4399,457.0050539,1.331816774
4400,430.347745,3.629136867
4401,476.1125496,4.873768082
4402,416.5931103,4.258980288
4403,391.3053655,3.600096408
4404,449.5741956,3.985816915
4405,433.7123016,1.525304623
4406,421.0939346,3.402793684
4407,441.5361965,0.253192891
4408,406.3306644,2.245040891
4409,379.4837043,1.610617663
4410,378.328566,3.950609121
4411,389.2887108,1.102561772
4412,454.8627589,2.282243341
4413,367.3727089,4.199351154
4414,381.7245133,2.197390676
4415,366.9236098,0.609710637
4416,370.9016671,2.560023076
4417,417.0071257,3.591476292
4418,450.8218085,4.986188237
4419,398.8996551,3.856604153
4420,407.0299337,1.574043691
4421,504.5547056,0.893632512
4422,456.5341994,4.473542429
4423,425.6214378,4.416144794
4424,488.2337561,2.5159482
4425,425.0053469,1.994744988
4426,439.7202763,3.046916866
4427,447.3361915,2.575384341
4428,488.8958152,1.865755939
4429,433.9100341,0.585687808
4430,417.2863851,0.965174558
4431,408.0684412,3.012914165
4432,419.5214199,3.869964339
4433,365.8933738,1.253747546
4434,384.9842403,1.308826139
4435,406.1238063,2.926312868
4436,377.4253785,4.164469422
4437,412.3189958,2.948935953
4438,427.4040285,3.423797007
4439,423.9958586,1.319710766
4440,418.5335282,0.605732715
4441,440.5743493,2.7092935
4442,411.5537583,3.377341014
4443,398.3699968,3.016057391
4444,413.6228939,1.102088378
4445,445.524449,2.270246915
4446,407.5372235,0.845066372
4447,467.7648375,1.815894536
4448,401.5101236,4.870103861
4449,434.5411122,0.179051286
4450,498.1045339,3.200580018
4451,420.34715,2.607769608
4452,469.5325831,3.858102373
4453,459.028393,2.451813114
4454,389.5096766,3.944161067
4455,375.2380066,2.298177832
4456,421.6208792,0.984489336
4457,380.1841315,0.695747136
4458,480.1615245,3.273599431
4459,371.3084084,1.497224908
4460,402.8870086,4.48591452
4461,430.6943165,2.740549103
4462,455.5359727,3.801162151
4463,418.4262166,1.950416021
4464,468.7059918,2.093251727
4465,379.1200125,3.911692819
4466,439.246844,1.057728809
4467,433.9642348,4.653823586
4468,457.41352,4.713302297
4469,416.0302822,3.939148152
4470,446.8912047,3.443911091
4471,457.7350081,0.136894116
4472,428.5676128,1.072355663
4473,456.2930335,2.351271635
4474,419.8940942,4.976429915
4475,432.5080879,0.072767644
4476,447.0292155,0.426706911
4477,405.2100579,0.89009476
4478,367.2367476,2.391632002
4479,448.3916762,1.175220795
4480,415.5446974,2.816829999
4481,374.5976609,3.779853314
4482,428.4396603,1.520331311
4483,398.1769129,3.677310514
4484,441.536877,4.216602741
4485,383.7011189,1.466992268
4486,438.4301655,2.536066388
4487,435.8768601,3.720873164
4488,408.3387074,4.748763185
4489,455.4663479,4.669153031
4490,440.9919417,1.572596294
4491,402.1817522,1.683528648
4492,410.7011268,2.956600155
4493,382.0016057,2.506879422
4494,419.1334834,1.288931644
4495,411.6024843,3.418250518
4496,447.7981082,4.760985177
4497,426.9498968,1.299880289
4498,445.3350905,3.664741951
4499,445.973008,3.06371888
4500,446.6587667,4.533307746
4501,467.4915776,2.798148895
4502,368.4471688,4.254449221
4503,391.3730567,0.310637356
4504,404.5898864,0.950410102
4505,404.8540879,3.752596599
4506,405.5040262,3.471665926
4507,435.9684642,4.579468825
4508,397.9857904,3.039745646
4509,427.1632253,1.325814206
4510,402.9697283,4.870230063
4511,415.8355349,3.743688669
4512,462.8580732,2.068274011
4513,366.8780601,0.487150824
4514,414.9568091,2.923541993
4515,411.7878671,3.369214869
4516,448.1201182,4.976736339
4517,487.5184,3.505893421
4518,438.4689629,4.579551189
4519,472.9115944,1.392025069
4520,429.9984507,1.15621664
4521,447.9420267,4.489339691
4522,531.1613929,1.020954223
4523,466.1727859,1.779642999
4524,418.9591728,0.028009118
4525,387.3572642,2.059429793
4526,415.8380666,2.867199489
4527,414.9482683,1.680677674
4528,399.729758,4.364627257
4529,424.4269149,1.034214633
4530,441.3701691,0.196310409
4531,425.0494084,4.020997839
4532,421.8326305,4.984476371
4533,438.1184345,4.505877875
4534,410.2859737,4.324912912
4535,423.4684959,2.250513248
4536,427.7985368,2.770658784
4537,436.3308395,2.258272751
4538,461.9376637,0.668651365
4539,391.5204136,0.033384199
4540,447.9122135,0.340779908
4541,441.0435608,2.794793773
4542,452.0070473,2.659140298
4543,488.7295566,0.559700935
4544,468.2932792,0.250210435
4545,437.2920444,2.404946755
4546,385.543219,3.301686803
4547,421.1190021,1.426583081
4548,376.279896,3.020985822
4549,396.3962957,4.569321284
4550,401.540008,3.450132868
4551,382.7335328,2.964924235
4552,451.1041546,4.920286859
4553,396.6815058,3.942998177
4554,449.7061183,3.829153879
4555,445.5040337,3.77635786
4556,438.4020672,0.887630205
4557,414.017427,2.1050458
4558,419.8364291,3.101438249
4559,423.5103446,4.191716125
4560,403.5479253,0.917740797
4561,375.2893547,3.331106092
4562,445.6372234,1.589588469
4563,433.5527492,2.856750321
4564,428.4674785,0.632799037
4565,419.387256,4.556143155
4566,413.9520299,1.784030335
4567,466.969276,4.11329707
4568,437.3184217,4.846853071
4569,482.4930005,3.38531766
4570,464.8914862,3.335369926
4571,410.1464008,0.649454314
4572,415.4690592,2.991625504
4573,362.8514682,4.338198953
4574,425.7670638,0.604131228
4575,402.8507285,2.65408241
4576,430.7879317,1.559709143
4577,361.6711418,3.679364146
4578,369.0124424,0.888893104
4579,385.4595006,2.908450121
4580,384.6250484,3.914936875
4581,390.9909235,1.520910686
4582,357.7128949,4.81196313
4583,379.3090269,4.898410673
4584,398.6993795,2.517056595
4585,423.0059751,0.457154668
4586,429.2631814,2.631441209
4587,350.3951335,1.727472449
4588,482.9260885,0.512129981
4589,453.115722,2.5039076
4590,458.310872,1.011810997
4591,420.2881624,4.489078047
4592,448.7327619,4.133525587
4593,453.4537889,0.195124478
4594,495.1672149,0.176666382
4595,416.6909162,0.881209516
4596,416.5621641,0.717450118
4597,375.7767001,1.285956497
4598,389.3938479,2.379431144
4599,389.8898946,2.418848855
4600,406.1233584,3.894587411
4601,428.5118666,0.926561704
4602,420.9467228,4.225924218
4603,353.6882971,0.870311394
4604,380.4479282,2.002524813
4605,425.2884299,3.740305677
4606,465.6740234,3.3462272
4607,419.6184324,3.255979147
4608,442.4942286,0.235558082
4609,433.0730565,0.081698033
4610,411.4962992,2.329494367
4611,455.541888,3.82535532
4612,454.1251004,3.712034514
4613,440.520203,2.886429865
4614,486.300914,3.551857634
4615,410.2694437,1.769587496
4616,436.0542833,0.571447504
4617,411.2673366,1.043490372
4618,393.6854148,3.193515124
4619,414.0901336,3.73471022
4620,384.4497168,4.943820828
4621,424.8321815,4.597718432
4622,415.2135907,4.831541681
4623,413.5745415,3.724505121
4624,402.4007331,0.977161191
4625,374.0882432,1.39291317
4626,378.7816888,3.329542268
4627,423.8191993,3.205769139
4628,418.3120411,1.987617816
4629,407.5558664,4.231459016
4630,449.0099894,0.850540241
4631,445.307366,4.437945648
4632,447.9095238,4.275012838
4633,428.3497487,1.88007328
4634,427.4676623,2.798493373
4635,408.8957859,3.095505366
4636,444.8611035,4.119435975
4637,436.6741598,4.832287644
4638,398.9486226,4.435008723
4639,403.9319863,4.78395498
4640,435.9873727,0.694387182
4641,405.1728642,0.04424071
4642,375.190646,1.814816727
4643,483.1434614,3.198933971
4644,452.2801344,4.293265947
4645,441.0389996,1.179731545
4646,395.560732,1.797609251
4647,424.6369992,2.971379766
4648,339.4969763,4.570268707
4649,455.8267629,3.19992778
4650,387.1508244,2.104041383
4651,425.7784898,0.44102779
4652,393.5696767,3.439004685
4653,455.755589,1.801088873
4654,430.8767912,0.758412047
4655,432.5376331,4.892286548
4656,398.1284581,0.868308832
4657,414.4584061,0.882535906
4658,451.7165119,0.338501344
4659,491.4839156,1.239746265
4660,449.5067789,3.210362889
4661,497.8246706,4.097780737
4662,422.089716,0.690600654
4663,409.1183162,1.501544588
4664,486.5602637,3.608048953
4665,460.7091011,2.400166074
4666,471.7185605,1.269878009
4667,444.9857619,0.639046138
4668,399.6200633,3.269340281
4669,449.7704199,1.933881767
4670,402.0506642,2.462190441
4671,446.1482878,1.297652241
4672,392.687937,1.373005255
4673,429.3220336,0.851365106
4674,388.9529315,2.526812475
4675,431.1044746,0.033685705
4676,429.4722029,1.213373141
4677,419.7655524,4.55556085
4678,429.0973453,2.18085143
4679,439.2631275,3.628829907
4680,363.8000584,0.729276737
4681,427.8862288,1.746313673
4682,453.2891414,2.215627998
4683,435.030549,3.651787084
4684,428.0271247,1.110010284
4685,488.2380418,4.467911822
4686,492.135548,4.732071355
4687,473.2103374,2.491204097
4688,462.0973271,2.965786938
4689,411.076461,2.838941902
4690,411.8464864,3.024679372
4691,414.2661116,4.136981538
4692,423.6906487,3.162652724
4693,377.7278646,3.940387424
4694,346.7500272,0.109006169
4695,437.8237673,0.025747468
4696,407.5439035,0.181141749
4697,384.0801417,2.372311817
4698,380.7391145,0.594149815
4699,345.9145714,0.643053132
4700,392.0127757,4.856551761
4701,442.724708,1.52663369
4702,386.1948351,1.351142507
4703,394.2867839,2.287872514
4704,388.9703012,4.624684357
4705,409.9981763,4.66400025
4706,472.014764,3.864912544
4707,394.834113,0.180871119
4708,462.8867721,2.322847439
4709,450.5239655,2.336860671
4710,497.9729534,0.280533784
4711,446.9353114,3.84180292
4712,472.7902966,0.097411193
4713,440.4152889,4.815937492
4714,480.6800687,1.625310559
4715,399.6716075,1.35868415
4716,433.3460042,3.315541404
4717,434.3504093,2.86901151
4718,376.4444878,2.323531833
4719,400.7599896,2.654580219
4720,388.5620277,2.901266988
4721,416.5141239,1.406937221
4722,372.0919763,0.631985918
4723,375.4298939,3.95563239
4724,425.4332555,4.716280909
4725,341.6519184,4.351927984
4726,358.061086,4.279040087
4727,389.2355201,3.597937603
4728,409.1768596,1.273706495
4729,405.9702899,1.527473077
4730,395.1842678,4.928459185
4731,412.0978646,2.030015627
4732,400.6511411,0.955610346
4733,477.725457,4.7868367
4734,451.9672083,4.626258578
4735,471.2057626,2.815612532
4736,473.2901427,2.933265722
4737,482.6884667,2.784088114
4738,491.1051641,4.418544921
4739,455.8196381,0.836386305
4740,401.2539834,0.184065235
4741,432.9924561,2.429787814
4742,391.3190741,0.768556173
4743,420.6370797,3.237908327
4744,397.6385514,0.213140809
4745,331.5520694,1.077543181
4746,363.2784844,4.520989224
4747,374.4504779,3.183342445
4748,383.1920255,0.926965528
4749,401.7032354,0.982105665
4750,441.5612165,2.551298083
4751,410.2011274,1.82574605
4752,389.3273479,2.707417533
4753,416.3105002,4.519939261
4754,496.7926395,0.293031645
4755,446.9299008,1.543990414
4756,463.42135,0.460100716
4757,494.0298553,4.548454428
4758,417.9529239,4.042137034
4759,458.2713766,2.731478823
4760,452.4894107,2.18122105
4761,433.3935128,0.572441634
4762,429.8806638,2.152179243
4763,429.0477355,0.790152685
4764,418.9641011,2.385325176
4765,410.5201501,0.720189415
4766,393.0707157,4.448328791
4767,447.1139328,0.056741929
4768,409.0664332,2.574975406
4769,419.5824954,4.953387404
4770,393.2993332,1.492244978
4771,361.8677561,1.220586964
4772,419.3879646,4.56626674
4773,389.5720724,0.817574878
4774,389.5449158,0.257434219
4775,485.6529081,4.146930028
4776,425.129461,4.509698885
4777,484.3976711,4.624935972
4778,452.7057264,2.381712212
4779,481.916656,0.76761168
4780,465.8248484,2.762910083
4781,437.2992611,1.515835922
4782,461.9858287,4.48226048
4783,432.454195,1.056512425
4784,462.8775194,1.278960666
4785,475.3898826,2.155567358
4786,415.0406009,1.398950315
4787,442.8369382,3.109637458
4788,429.6341901,1.793367335
4789,431.9123394,4.131112135
4790,426.3663004,4.634413959
4791,410.4163402,1.786756725
4792,418.5512149,1.677147793
4793,380.7374477,0.860144569
4794,428.929851,0.155758631
4795,434.4700344,1.635566742
4796,380.6869087,4.087390598
4797,355.7337105,0.686222799
4798,442.1446012,4.973396021
4799,451.7466068,0.025654408
4800,390.3876411,4.837788825
4801,447.2538557,0.351962185
4802,476.7380141,4.154626495
4803,402.7565095,2.160794736
4804,441.9831617,1.526232923
4805,446.2514487,4.539242819
4806,445.9206206,0.122931816
4807,548.8396056,0.477907759
4808,461.3790265,0.035300716
4809,457.8798378,2.042311669
4810,465.8555708,4.993871199
4811,352.8851422,4.105212511
4812,423.0480137,1.480389868
4813,443.5963282,3.8298047
4814,403.6604997,3.446871577
4815,397.7291634,2.731439014
4816,389.9750437,3.545233946
4817,425.3801118,4.874270584
4818,327.9947134,1.210446345
4819,421.0978725,4.780474242
4820,381.189926,0.176143
4821,365.6777938,3.222737508
4822,438.4897592,2.465607911
4823,429.6955517,0.094189816
4824,437.5451289,3.052707921
4825,455.0548059,4.812574246
4826,460.0503664,3.874428552
4827,445.7893321,4.333153512
4828,449.6598529,2.636841263
4829,468.50984,2.80989188
4830,465.9462795,0.158493524
4831,487.5305402,1.394258457
4832,521.4622436,3.316377028
4833,399.1160411,4.862549791
4834,497.2324486,1.121182168
4835,457.8551815,2.786264635
4836,436.9672208,1.270517107
4837,419.2331437,3.387153222
4838,418.7617013,2.524161943
4839,426.3457377,3.175307822
4840,449.5352575,3.10347312
4841,429.012345,0.201575956
4842,420.3487724,4.980199368
4843,458.7142221,2.480425112
4844,388.944259,2.646325068
4845,446.2750888,1.885421086
4846,374.8326984,4.748739581
4847,397.8814878,2.898946751
4848,429.1410714,4.168400677
4849,479.183753,3.019152339
4850,453.5456728,4.698959712
4851,401.4488236,3.634261487
4852,484.7814211,2.057285271
4853,413.6318033,1.467445373
4854,417.3844185,4.79226252
4855,481.1115975,1.97407121
4856,470.4593844,0.425706915
4857,415.6057768,3.145424198
4858,399.1322255,2.358013087
4859,438.0168193,1.35761454
4860,473.492029,1.85581146
4861,424.0567436,2.033308848
4862,425.5985732,1.169831307
4863,380.0935522,0.51348894
4864,386.8368339,1.38391201
4865,450.252105,4.763285758
4866,425.1092408,2.269763514
4867,377.8022849,0.21154295
4868,427.4053718,1.710616712
4869,420.6161309,2.200452835
4870,440.0186306,2.077598482
4871,413.4531394,0.446414317
4872,456.5140866,2.973084205
4873,392.9566266,1.474414462
4874,479.1628839,3.679482585
4875,468.0949507,2.193739063
4876,457.8773277,2.42617759
4877,481.6584769,3.564756166
4878,424.5734633,0.098645514
4879,448.858171,2.874024915
4880,425.2040144,3.584809014
4881,424.5521804,2.922580448
4882,417.6972057,2.73529761
4883,427.9997217,0.571106616
4884,451.1359837,0.565163317
4885,443.8705536,1.100849466
4886,421.3933221,1.853530411
4887,397.6614215,2.503956065
4888,414.0225229,3.301913204
4889,394.054468,4.023902107
4890,366.7698122,1.50579753
4891,376.7077241,1.247465836
4892,393.7421795,0.489273929
4893,456.1104752,3.602039934
4894,380.1430811,2.421594479
4895,429.7490577,3.925909347
4896,434.8335273,0.926327929
4897,382.1918633,0.625353047
4898,423.3725709,0.262705025
4899,404.7741242,2.450754502
4900,449.6299546,0.637329569
4901,493.2956905,3.01546905
4902,426.1828382,2.987385734
4903,528.6536666,2.689891058
4904,426.9272099,1.945503133
4905,422.2554062,4.728584669
4906,448.2504608,4.313405987
4907,428.9165867,3.188960348
4908,463.5635751,1.35080088
4909,445.5970761,1.868894414
4910,423.667012,4.563080725
4911,414.4351049,0.764131872
4912,417.6878524,0.571715075
4913,440.4006016,3.395172127
4914,427.9731251,1.936500692
4915,434.0936677,0.998179788
4916,460.9749758,2.971245653
4917,364.1821414,1.171299025
4918,449.6478064,0.516529301
4919,448.2111927,4.792481602
4920,396.3918546,1.284499067
4921,418.0416175,1.073022837
4922,399.1033658,2.91458877
4923,476.0201629,4.781345841
4924,461.8244108,3.277732772
4925,461.1436386,2.607965318
4926,422.329362,3.707104237
4927,500.4370575,1.426749933
4928,445.3223906,0.780580205
4929,539.0569125,3.762948792
4930,503.2046703,2.993086674
4931,445.3708161,1.806391669
4932,470.9212847,4.105054708
4933,399.1895169,4.655188583
4934,449.2965445,4.286710574
4935,411.6341679,0.135305389
4936,377.7257061,1.123702984
4937,378.0029522,3.79564928
4938,384.1150522,4.526442018
4939,430.6389713,0.587131123
4940,405.6689337,3.661339586
4941,424.6655835,2.7601485
4942,399.1196857,4.042385984
4943,419.7792706,3.392924184
4944,468.7092767,1.511582458
4945,475.779566,3.504309607
4946,419.3677874,1.285488154
4947,411.83469,2.395887325
4948,470.3146414,4.48490199
4949,444.5081451,1.378587338
4950,452.7820527,4.388674176
4951,406.2868424,0.136466023
4952,476.3694572,3.175746881
4953,454.3702163,4.599842358
4954,496.5145802,3.729096074
4955,460.4344211,0.515841375
4956,421.3327045,2.120233368
4957,401.520837,3.149191449
4958,475.5170491,1.241323388
4959,413.0242202,4.824015875
4960,484.615485,0.75529678
4961,409.9181364,1.897320371
4962,355.8758288,1.45295392
4963,455.939665,1.051049819
4964,370.0488294,4.267112177
4965,385.292601,3.041042602
4966,392.2608626,4.711741492
4967,487.2720529,3.581240796
4968,413.0488671,4.215840515
4969,468.7277237,4.680624361
4970,400.3869126,2.316311493
4971,423.3308336,0.06086243
4972,443.5876691,1.907354453
4973,432.9350928,4.910368047
4974,469.4652455,1.254869845
4975,446.2981067,0.563683926
4976,457.782295,4.331384364
4977,440.2102199,2.475045334
4978,444.613129,4.393256343
4979,469.1214448,2.318360537
4980,447.7736994,3.999785313
4981,409.4182621,4.776334779
4982,424.4167649,2.351124241
4983,424.9442263,0.995790038
4984,378.0139401,0.967575988
4985,342.6154757,0.029236306
4986,434.2594254,1.788776964
4987,426.9008889,4.76231584
4988,368.2209669,0.909601382
4989,494.4189411,2.774212953
4990,396.7129994,3.690493028
4991,410.5321402,0.85388036
4992,431.0820668,4.396253254
4993,407.3959619,1.027025668
4994,441.5623053,2.429895954
4995,476.4344121,0.750858347
4996,502.6160188,1.4634025
4997,456.6463902,1.142520319
4998,468.7673508,4.616750313
4999,426.6164813,2.217268459
5000,434.2584916,2.626481106
5001,406.4798958,1.898792202
5002,452.5679997,4.927908804
5003,466.7383659,1.595463831
5004,469.3189131,3.558702269
5005,415.7536545,4.532618658
5006,462.7390096,3.185169226
5007,404.3686314,1.487318621
5008,412.1899666,3.122678973
5009,347.0626775,1.778242766
5010,387.3001491,4.279358261
5011,440.2942294,1.281369133
5012,499.3083466,4.220243935
5013,404.0644395,1.945710045
5014,431.7717049,1.148461197
5015,405.8336961,3.433053021
5016,434.0028478,2.232010563
5017,468.2862034,3.333940603
5018,442.9749115,3.330353547
5019,450.4841143,3.591217416
5020,448.5210148,2.823628564
5021,459.4938868,2.306051286
5022,479.0339468,2.341977448
5023,463.3387348,3.704288398
5024,465.5318638,0.055416049
5025,436.3388895,2.738772083
5026,443.6101038,0.206122087
5027,386.7732554,3.816629981
5028,427.9829486,1.123374828
5029,465.2447105,1.514779205
5030,457.8437272,4.196492001
5031,435.3773841,1.156953967
5032,399.1397796,2.755167257
5033,389.3068962,4.402332215
5034,385.1484098,0.783305596
5035,403.7034906,4.775473311
5036,412.3069793,0.792149951
5037,340.7425665,3.554517095
5038,421.4313381,1.19489064
5039,402.9618374,1.806962499
5040,439.167787,1.963705021
5041,484.3039359,2.466928144
5042,433.5135186,1.111830866
5043,467.2326036,3.094186088
5044,460.4019318,0.406327851
5045,469.3877202,4.018539065
5046,440.1217481,4.187189408
5047,454.5432715,2.646116219
5048,497.5364067,1.877756958
5049,491.0080026,0.295559401
5050,500.9296948,3.0068715
5051,483.1981283,2.737053761
5052,417.8399066,1.538377832
5053,442.6034907,4.504338054
5054,388.6953504,4.653146238
5055,419.9175785,0.110475389
5056,426.1709343,3.404387951
5057,431.9977999,3.58257068
5058,387.6557593,0.510270394
5059,393.320931,1.57535584
5060,396.9339037,0.001863668
5061,422.8047404,0.604220809
5062,401.1677644,0.021993264
5063,433.2392892,3.345918094
5064,427.7458509,2.653626819
5065,370.6868398,1.445698733
5066,475.5982378,4.698926075
5067,437.6543219,0.438513563
5068,431.1007961,2.019783777
5069,474.3260023,1.191985448
5070,451.9766372,0.601725971
5071,493.6135337,3.048112164
5072,504.5000363,2.510475576
5073,477.1175594,3.765011194
5074,450.9407081,3.141824407
5075,432.6759733,4.351425551
5076,465.0073411,2.732609822
5077,418.1923678,3.328491438
5078,467.9672423,4.702585975
5079,385.4462324,1.853186137
5080,346.210331,0.442953191
5081,438.4775874,1.107117607
5082,426.6628222,3.626096426
5083,461.6050156,0.657093653
5084,445.7367732,3.972389478
5085,368.1468088,1.818462435
5086,464.7743924,0.430950557
5087,447.2017839,4.559708589
5088,430.8563571,1.113044044
5089,427.5208378,3.525214182
5090,415.1676849,1.652335888
5091,451.650355,0.831715437
5092,402.0378952,4.397164917
5093,434.0614543,2.864390036
5094,484.9912997,2.694570592
5095,444.3598337,1.210089552
5096,421.1522564,2.932270752
5097,451.9456316,2.525410783
5098,505.1194013,1.842098592
5099,446.0928862,4.864012783
5100,438.2719139,1.329684699
5101,443.4190633,3.148010218
5102,477.6600817,0.770584618
5103,459.9546009,2.225404646
5104,443.7231094,0.790027533
5105,413.9483296,3.387727934
5106,464.6411223,3.105914844
5107,456.5262296,0.194191155
5108,417.5663653,0.344808936
5109,375.1488465,1.172186112
5110,429.8156696,2.711645464
5111,430.4677448,3.543141758
5112,463.4830456,3.071379112
5113,466.5746487,0.969018206
5114,389.0792692,0.69755412
5115,440.7039226,1.611632999
5116,498.5164507,0.183973089
5117,483.2321159,4.562982178
5118,474.4965638,3.255790504
5119,460.2555229,3.79520219
5120,497.6599616,4.770033872
5121,466.5061648,2.214648076
5122,479.132492,0.556106567
5123,430.6008573,0.663062683
5124,433.3782154,2.57896363
5125,422.6633052,1.967257726
5126,357.636749,2.51121957
5127,427.3747924,4.278565794
5128,431.2011341,0.563606979
5129,436.4738963,0.792285066
5130,396.0101897,0.443190731
5131,390.698953,3.723123704
5132,423.8944827,2.802003343
5133,375.1554449,1.227479414
5134,472.2858538,1.98562289
5135,441.9250294,1.417297429
5136,443.8889759,3.333690087
5137,389.6538213,0.558479519
5138,483.9482913,3.886089303
5139,474.2874153,3.562612562
5140,481.9850625,0.966965177
5141,429.6761102,2.331469868
5142,492.2908331,0.379458711
5143,502.9964506,0.069669805
5144,483.4822695,0.187112235
5145,450.9843189,3.147470215
5146,461.2352367,1.998089104
5147,461.0933494,0.873138437
5148,434.6678284,1.072082929
5149,464.4345369,1.196735731
5150,450.5363834,4.719100568
5151,411.9675778,2.326654768
5152,434.0414713,3.732632652
5153,355.4086367,3.551533644
5154,416.3671159,0.792243077
5155,408.5220606,0.460533197
5156,423.0806086,1.457139168
5157,382.5837323,3.799233488
5158,418.1242306,3.990292397
5159,424.9528637,1.784755834
5160,486.2644691,4.068624773
5161,404.493343,2.374030105
5162,481.66262,3.547219172
5163,510.1119382,2.276055996
5164,465.374454,1.780095163
5165,476.7245991,3.299198757
5166,464.0054761,0.10023914
5167,485.3196258,4.46549842
5168,429.1292808,2.323088823
5169,432.9884494,0.230231427
5170,436.2418692,4.291354927
5171,471.2286359,4.393145635
5172,393.0974198,2.725818649
5173,408.1367162,2.308447963
5174,429.4651441,2.348869304
5175,410.1742121,3.041646009
5176,434.3295094,1.935229835
5177,466.6490411,4.816790775
5178,409.6149414,4.10119554
5179,418.5742586,3.514049244
5180,369.4301216,4.946801821
5181,428.2277892,1.916522703
5182,456.6861097,4.94932394
5183,419.9747836,4.843418575
5184,429.0185924,4.06045962
5185,428.2142471,3.254704275
5186,424.3449174,3.539309974
5187,429.5836409,3.053694183
5188,433.0673533,4.224823868
5189,444.7679013,2.520719105
5190,486.7165205,1.133287822
5191,451.4589982,1.539255955
5192,507.4971107,4.38335774
5193,443.3992662,3.774606285
5194,481.5829307,0.460366503
5195,469.9245695,0.159373305
5196,428.3847581,4.392613641
5197,470.8297253,3.141488912
5198,437.2325515,1.722476906
5199,396.5127816,1.713944216
5200,440.9311279,1.985076911
5201,457.5354147,3.945803762
5202,429.134044,1.65404443
5203,408.6356269,4.093330582
5204,416.5638619,2.562526405
5205,423.3228399,2.886082653
5206,436.1601632,3.137925929
5207,424.6823093,3.476578377
5208,433.1828976,1.487572706
5209,451.7819568,2.296494145
5210,481.9972778,2.401368593
5211,517.7434451,2.494543334
5212,510.942587,4.979255566
5213,397.9756683,3.361598002
5214,463.9061702,4.662756021
5215,437.426517,2.183651919
5216,446.9724842,0.851844633
5217,497.0672751,0.029038985
5218,446.8074336,1.586783385
5219,450.1152025,0.619960017
5220,420.801716,1.941242275
5221,449.5772463,0.706223663
5222,412.9906478,0.116146058
5223,480.4728007,2.761781852
5224,380.5927596,1.137704844
5225,442.3000771,3.487286334
5226,445.5094875,4.813146392
5227,473.2577774,2.640083661
5228,419.7889079,2.771863826
5229,402.2664217,3.025167837
5230,451.6179792,2.732776468
5231,420.6500291,0.370151829
5232,492.4124135,3.369818129
5233,428.6346859,1.834030584
5234,449.0360137,3.709841034
5235,502.8749445,2.315223279
5236,530.0928302,3.755933943
5237,414.6783198,3.372528448
5238,467.893567,2.443235543
5239,400.2219171,0.131055694
5240,415.1280264,2.35758259
5241,378.7575236,2.368468124
5242,501.554284,0.707910491
5243,439.3192003,1.389669841
5244,461.9776817,0.251715744
5245,458.6041249,2.934560751
5246,401.4329916,0.412541428
5247,438.8923565,3.075772913
5248,421.1151502,2.585644525
5249,471.1104458,3.973562032
5250,398.4042289,1.698841323
5251,455.8317282,2.686739575
5252,409.5524114,1.484284631
5253,391.073038,4.7967083
5254,467.4182193,4.40474323
5255,439.9295457,3.266044986
5256,440.8270722,1.395375014
5257,400.2022526,2.698658653
5258,476.7064406,0.752661526
5259,471.9661139,3.416001901
5260,449.7546895,0.926862072
5261,483.2266503,4.072015155
5262,504.709714,2.161525878
5263,469.283242,3.441237052
5264,438.4207236,2.168282687
5265,434.5315513,0.062264028
5266,452.3320548,2.244080059
5267,450.8469931,3.492830103
5268,439.3162651,1.21188831
5269,438.9744851,0.297111423
5270,431.3078583,4.593134349
5271,501.7293015,0.035974181
5272,471.870487,1.940675203
5273,452.4923136,3.930058752
5274,466.1596711,0.770006447
5275,373.5906812,1.796794865
5276,470.5092064,3.672167622
5277,430.9109306,1.977447797
5278,393.3315374,2.521651215
5279,454.2340516,0.675359003
5280,434.8271653,0.563124404
5281,424.3298489,4.506856543
5282,448.8648477,3.010922722
5283,453.7683402,1.546492548
5284,465.4200212,0.315581249
5285,384.1196348,0.465169147
5286,471.3128144,3.107829559
5287,470.533878,2.119674189
5288,496.0466872,2.13515322
5289,477.9683197,4.911858282
5290,424.5738874,1.281059063
5291,426.3758252,4.953957207
5292,419.7004812,0.254025807
5293,497.2406352,3.023984159
5294,452.4075335,0.966979324
5295,412.4022551,4.79706624
5296,437.9389792,0.659658161
5297,427.7878313,4.174935042
5298,353.2840986,3.414541872
5299,387.8133339,1.333654818
5300,356.778563,1.458500571
5301,378.0755886,4.469028303
5302,454.9757154,2.023146739
5303,446.7007681,4.839300014
5304,489.2060517,1.477179551
5305,447.6526901,1.613371087
5306,491.1082746,3.724415538
5307,427.0445132,2.739594779
5308,495.1101924,1.404966739
5309,500.970475,2.595192133
5310,506.8127801,2.583399889
5311,438.865996,2.137572641
5312,479.5674868,2.016686966
5313,458.1475972,3.372800986
5314,446.5746221,1.210897011
5315,468.7271231,1.089581785
5316,433.3730885,4.125565913
5317,428.7343227,3.98797201
5318,473.8563233,0.43778936
5319,384.1507354,2.712667147
5320,426.3677007,2.111130736
5321,411.1427117,0.779217381
5322,442.4257764,1.753152955
5323,458.6280987,4.788858748
5324,442.7434932,1.733945533
5325,393.5852128,3.319164488
5326,459.5810187,2.554494963
5327,402.379017,1.405624883
5328,434.9471516,1.078652275
5329,438.4262077,4.590716537
5330,464.0730995,4.444230028
5331,403.4923065,2.934492397
5332,473.8275845,0.95766024
5333,489.3963245,4.962888993
5334,454.9139117,3.357729635
5335,496.2821564,2.4936166
5336,439.0224358,3.071891742
5337,519.2109914,2.838227058
5338,455.3935236,2.845852978
5339,440.3390656,1.880110886
5340,440.1075806,1.343277215
5341,394.8712924,1.6771851
5342,480.0303315,0.229624011
5343,467.185768,2.09642531
5344,443.2136447,3.455459327
5345,425.7379403,0.813253182
5346,443.8207036,3.967211369
5347,372.0522016,1.441010502
5348,388.8666594,0.208356561
5349,386.3156442,3.298151882
5350,394.9483291,4.664914801
5351,516.4302924,4.756907391
5352,463.066398,3.866778572
5353,442.6419094,2.71041149
5354,457.0929897,4.242607607
5355,460.7887677,2.408009308
5356,431.8034462,1.429455363
5357,490.225416,0.537052373
5358,408.6122381,2.360292554
5359,416.9414733,3.972125479
5360,427.3076264,3.557394109
5361,473.8432856,2.773340481
5362,469.26253,1.935776111
5363,469.7166323,3.2055783
5364,486.371419,0.692311952
5365,421.7034764,3.553619998
5366,454.1272242,0.701071213
5367,414.358171,3.724996945
5368,415.451003,0.061218491
5369,439.6075449,3.770747123
5370,430.6695536,1.303225642
5371,432.7822157,3.775004391
5372,432.5022514,3.997832623
5373,384.3319971,3.287922366
5374,394.7539128,2.928500822
5375,464.0823555,2.280844421
5376,448.6583368,2.329732161
5377,407.0358555,4.463991558
5378,475.1396577,1.553416782
5379,445.5506067,0.271261753
5380,432.6152061,3.012908922
5381,438.413993,1.726071394
5382,463.8489061,4.807618748
5383,482.9729612,1.273006746
5384,501.6085171,2.131089387
5385,476.515019,0.422897279
5386,482.5976213,2.758568976
5387,427.1133099,1.088230692
5388,439.8706443,4.100401309
5389,436.4332675,1.527783532
5390,456.6565236,3.067947158
5391,426.1348009,4.816444363
5392,481.6335119,1.676951943
5393,425.7591689,0.308545241
5394,446.1610468,1.974566702
5395,444.5977512,2.359496532
5396,406.3875982,1.147982315
5397,466.3360995,2.080389396
5398,429.5989294,4.095841259
5399,416.1649032,1.631318107
5400,416.0571803,1.424911386
5401,434.1616593,0.435872698
5402,479.7883439,2.881846209
5403,440.1059792,0.023700991
5404,478.309695,0.84162167
5405,468.0376394,2.951829263
5406,462.4530901,4.901181828
5407,520.443642,3.331137649
5408,442.3879,2.636774934
5409,481.5417189,1.765147696
5410,448.2921857,2.268775153
5411,471.2918704,3.690660125
5412,461.8278451,1.896490377
5413,435.4081553,2.130326613
5414,459.7184567,1.860273005
5415,500.8467369,3.486804189
5416,409.7423045,0.229544455
5417,487.210603,2.683515787
5418,424.321209,3.329533438
5419,436.701745,4.071315491
5420,447.9535247,0.352639326
5421,414.7880566,1.625906222
5422,478.1063348,1.884500653
5423,482.9516778,2.151210498
5424,457.874212,2.679771238
5425,480.7068896,0.562634824
5426,450.5852122,3.534609817
5427,485.7853827,4.158461531
5428,441.0947553,1.588971498
5429,448.7318563,4.088564264
5430,456.8601597,1.873902303
5431,439.787089,4.926232098
5432,529.4990843,2.530899854
5433,445.4172548,1.911565424
5434,487.6976574,0.617133969
5435,498.141052,3.86940052
5436,445.6585515,2.021736888
5437,447.4624334,4.12109032
5438,437.0881781,2.914323013
5439,431.5780476,0.324054379
5440,435.513921,3.981588071
5441,444.5697725,4.751869827
5442,423.0682434,4.730749246
5443,362.6969464,1.249058985
5444,372.1775176,2.237822712
5445,406.599061,4.165622762
5446,460.9956687,1.641393201
5447,422.936572,1.608521412
5448,444.5233023,3.065747321
5449,418.6101231,1.481606231
5450,465.1957321,0.024174453
5451,526.2774816,2.405117874
5452,454.2421008,1.560140126
5453,482.7880958,1.681305081
5454,465.017735,1.759935642
5455,480.3559693,4.61140573
5456,445.8629643,4.777705099
5457,490.3496243,0.291340869
5458,435.7000616,3.694402544
5459,492.0658324,0.810840144
5460,453.9150609,0.423975506
5461,498.4255448,3.468228799
5462,443.4190351,0.415678222
5463,430.5533566,4.529032835
5464,442.2028674,2.694161743
5465,441.677214,2.800227122
5466,431.3132859,0.404925636
5467,465.9509638,3.439366636
5468,414.4884459,0.221891093
5469,501.1741919,3.115203034
5470,444.4557663,2.718373222
5471,514.8683041,2.690392497
5472,460.7691028,4.28786233
5473,387.6657937,3.892062265
5474,477.095788,0.096549991
5475,488.5324268,0.098718135
5476,483.9581304,2.1629965
5477,451.3336818,2.141736003
5478,521.6292347,1.334832227
5479,420.2477985,3.891504197
5480,452.0212915,3.295966103
5481,412.0585988,0.78734235
5482,493.3967706,2.596916617
5483,426.0080043,4.638308985
5484,471.404853,0.14472729
5485,498.2319539,2.595017382
5486,484.112641,3.70018296
5487,428.6511939,0.983795526
5488,416.7404129,3.801604867
5489,456.7720697,0.946549584
5490,394.4708766,2.145413385
5491,472.3616473,0.955534956
5492,454.03959,3.405254308
5493,410.576457,4.437896287
5494,505.977229,3.160643782
5495,383.921843,2.720450093
5496,480.2492087,1.067209806
5497,442.3869371,3.105360215
5498,510.2229816,2.68623974
5499,503.9235713,1.692201532
5500,448.5617937,2.849470441
5501,499.8019501,3.616880979
5502,510.4830499,0.50939104
5503,467.1789262,2.348080984
5504,551.5693371,0.260717802
5505,495.3137564,0.292725198
5506,482.6575722,3.089383475
5507,459.2792491,0.016638078
5508,459.7043514,2.600602901
5509,487.5782585,1.590608246
5510,437.0547257,3.781122773
5511,424.743685,2.808912083
5512,376.4389532,0.741200195
5513,481.6281332,0.890292419
5514,439.2061615,1.461241329
5515,427.560107,0.48129714
5516,410.8503617,1.396191531
5517,455.5772005,1.575056173
5518,418.8484075,1.655357768
5519,448.8134651,0.80474033
5520,478.6365882,2.520609546
5521,389.5514952,3.652302944
5522,468.3064388,4.382956514
5523,468.7692525,4.391914148
5524,467.8101579,2.358624525
5525,495.0513303,0.496344392
5526,545.3914399,3.486216333
5527,497.0829887,2.727817009
5528,411.6859854,0.648764506
5529,543.9424757,0.515665233
5530,428.7081421,2.088450881
5531,479.1893185,3.444225133
5532,453.5877601,4.031978874
5533,462.0458776,1.43947479
5534,483.1661504,3.252502954
5535,418.0094222,0.086553308
5536,470.7474143,1.362824546
5537,450.8147627,4.567275566
5538,385.2854591,4.12270305
5539,445.8626219,3.76832552
5540,473.8990963,0.54108223
5541,451.9451518,1.746632652
5542,441.7380453,2.679883199
5543,410.382183,3.883149845
5544,450.7751797,4.647564922
5545,459.8092172,3.533020936
5546,437.9198042,0.789157266
5547,433.7134185,2.135661532
5548,480.3075099,3.966061646
5549,476.0484629,1.991117251
5550,490.4957489,4.862354041
5551,508.4099556,4.380424283
5552,464.8128642,4.480938601
5553,466.9547931,0.431535819
5554,483.7310334,3.059602757
5555,478.7073755,0.46357253
5556,454.5267324,1.069015768
5557,459.053816,3.713039696
5558,394.9779382,4.696817252
5559,377.0483851,1.494688105
5560,461.8277671,1.270633324
5561,438.5099112,1.10157723
5562,422.5566492,1.016859654
5563,401.2154798,2.374999884
5564,427.5831709,0.911902739
5565,414.4232924,3.225586515
5566,416.050944,4.373720374
5567,485.1107979,4.651781372
5568,478.7146176,0.24473651
5569,478.6434021,2.078074917
5570,533.3305871,1.542846476
5571,484.2770387,4.843725204
5572,440.2446102,3.857986033
5573,515.6801715,0.420865223
5574,472.6407358,2.875051942
5575,498.3159654,2.718914219
5576,562.4600313,2.686287165
5577,427.9596531,0.320148234
5578,463.6209459,1.743304991
5579,484.3058936,1.053364595
5580,464.6674645,4.766075073
5581,401.1199587,3.445681063
5582,458.8610875,3.147179808
5583,458.9826812,4.439778108
5584,410.0100573,0.57626736
5585,437.6105441,3.101159811
5586,438.4124888,0.854771906
5587,355.018092,2.354221288
5588,460.5301003,0.745762239
5589,478.382595,1.661779711
5590,397.5449012,1.937814842
5591,448.1911518,0.069527915
5592,418.4681408,1.395051283
5593,422.029899,4.928596778
5594,420.4958699,3.78449395
5595,428.6846421,2.740511369
5596,474.7609051,3.397590025
5597,527.9632259,0.262700709
5598,467.443935,0.779227834
5599,398.8209078,4.603432308
5600,501.7081666,4.568395222
5601,482.5152334,3.430739036
5602,449.5292407,1.624786394
5603,511.7874363,4.8257551
5604,494.9307517,4.753971105
5605,473.875511,1.216098339
5606,415.3747948,1.735526047
5607,443.601176,1.750082267
5608,514.1136973,4.514605041
5609,375.2275305,2.853526946
5610,446.7576773,1.482525576
5611,408.3175232,0.082766448
5612,474.4357008,0.146918147
5613,365.3115317,1.612102881
5614,415.3124572,2.363736746
5615,424.6040536,0.011955568
5616,479.4871086,3.913290038
5617,493.9029946,0.134303271
5618,479.8864615,2.66017972
5619,493.7682908,4.548094578
5620,438.9979139,0.804337038
5621,455.2389232,3.361057803
5622,500.5408543,3.726799291
5623,494.6971296,2.065330133
5624,479.9661622,0.942513496
5625,494.6209273,4.261379078
5626,445.6383297,1.153628162
5627,482.8383765,3.204441529
5628,445.8894195,0.495297767
5629,487.2172327,0.694859178
5630,415.7141905,4.853005955
5631,449.562129,4.979253766
5632,419.0912691,1.452698582
5633,491.6918838,2.032207862
5634,453.9810118,2.328229054
5635,452.0088422,2.436940626
5636,425.6256514,2.019581201
5637,492.0510809,0.477371687
5638,481.5196454,4.198519596
5639,414.3042475,3.827412906
5640,502.9516629,2.724573076
5641,453.6942285,4.399401667
5642,483.9438457,2.438576836
5643,452.1360534,4.039174147
5644,438.383429,1.722889135
5645,498.7450492,4.74683867
5646,470.892944,0.255280082
5647,462.7947205,4.904844812
5648,460.4978654,3.475744828
5649,452.9154162,0.882701989
5650,474.364952,4.413387182
5651,454.9578224,1.868823621
5652,476.2074832,3.07779142
5653,454.8484663,0.45478027
5654,516.1709399,1.74492625
5655,439.6184483,3.289896419
5656,442.9452939,3.304464002
5657,445.5310194,4.450330054
5658,487.639168,0.435913816
5659,462.6208966,0.908557527
5660,442.587627,2.193460296
5661,399.5922014,0.483920465
5662,445.7819647,1.695869449
5663,455.3717226,0.434343367
5664,471.6755056,3.712623391
5665,445.4849185,2.569664892
5666,468.0201938,3.802560553
5667,413.6389306,4.549147136
5668,502.8214736,1.308588659
5669,494.0781444,3.38492745
5670,492.1086724,2.147676106
5671,509.7614119,2.918721755
5672,485.4176775,1.746335444
5673,548.1578284,1.920309927
5674,459.2373077,0.243371544
5675,505.0587938,3.675528952
5676,465.7602409,2.30610686
5677,475.0982538,0.179877272
5678,432.1307382,3.591127815
5679,386.0211427,1.847751094
5680,442.5144833,4.124981343
5681,417.2162642,0.190281545
5682,518.4974828,3.028062783
5683,418.0610946,2.23416995
5684,426.9369616,2.638277953
5685,406.7774313,0.73814888
5686,424.0958103,1.332264509
5687,447.3504646,1.543805325
5688,412.6847056,4.895769198
5689,520.6861555,1.431926298
5690,477.9807216,4.623537197
5691,459.9281698,4.401984162
5692,444.9507464,2.274440359
5693,440.6923731,1.79184154
5694,455.9551631,4.796759276
5695,474.4085823,4.592791273
5696,542.5404908,0.401091375
5697,476.5184447,3.809004797
5698,467.2395801,0.529797392
5699,462.349101,4.267835814
5700,481.9610358,2.536444059
5701,467.0244802,0.636843248
5702,457.8263161,3.961202359
5703,425.8499553,0.623126488
5704,427.0087242,2.717381724
5705,435.8704798,4.382589526
5706,456.0546054,3.39768841
5707,464.4523943,0.069821521
5708,466.2431901,3.463311833
5709,513.9389583,2.095727867
5710,433.5122225,2.874477496
5711,484.7532295,4.432773119
5712,447.1355514,4.651000741
5713,421.0095224,4.808710736
5714,468.2134148,3.22382303
5715,532.871862,1.600341999
5716,448.9226266,2.393204407
5717,506.2922771,1.466309222
5718,468.3199285,2.400679463
5719,489.1069216,4.295130428
5720,513.8914707,1.775055582
5721,473.0673384,1.231694792
5722,466.2026249,0.617877972
5723,510.6393593,2.833528977
5724,486.8183857,1.140956411
5725,459.8817281,2.499644226
5726,449.0770003,1.417792451
5727,440.9200814,1.660107678
5728,502.0987666,0.336542269
5729,466.1348498,2.10625995
5730,438.7059674,3.271901171
5731,401.8449465,1.887604954
5732,383.9623454,3.812924923
5733,411.1420488,2.831474617
5734,409.3958482,2.882443631
5735,433.0465053,3.420511295
5736,453.9719693,1.34880631
5737,450.3035263,4.630947923
5738,511.9793864,3.665847647
5739,397.6934835,0.055918667
5740,438.151309,1.115968075
5741,513.4996377,3.932657146
5742,478.9819554,2.826425197
5743,493.2059082,2.107601937
5744,505.3576121,0.708217833
5745,492.5760305,0.750208028
5746,490.725977,2.776846979
5747,460.7042947,4.265025798
5748,448.1449919,3.153463499
5749,444.5393833,2.951178784
5750,459.5352266,4.453117106
5751,472.4870878,0.579448126
5752,368.1776021,2.125307586
5753,473.1764231,3.307205314
5754,406.5072346,3.408493647
5755,469.7203249,4.248671403
5756,429.227111,2.662399757
5757,523.4486412,0.626231464
5758,421.1675651,0.026500032
5759,480.8126966,2.685047637
5760,508.213162,1.913154067
5761,454.4331168,0.93145264
5762,435.9128373,0.524518637
5763,453.509253,3.932369198
5764,492.3637962,2.389001874
5765,472.8579129,0.432526454
5766,571.9386664,1.949296099
5767,539.8469181,3.004931487
5768,488.6863236,2.016792928
5769,508.5703565,0.121833243
5770,521.287112,1.846581462
5771,476.8619713,4.15101202
5772,447.5810118,2.742755248
5773,458.8622087,3.482092038
5774,465.983852,2.455633861
5775,465.2650924,3.635378816
5776,512.9896802,0.130504016
5777,460.3378086,0.876527285
5778,459.2090305,0.632807983
5779,411.897504,1.376090306
5780,478.1675079,0.610384475
5781,370.1668487,0.059901869
5782,475.8728722,4.534472966
5783,507.7293778,1.922663321
5784,429.4862334,0.110384958
5785,510.8713842,0.310658447
5786,478.9770232,0.324874019
5787,479.443505,4.948659884
5788,472.6595225,3.388852172
5789,528.1643426,4.994826023
5790,494.4646891,2.228445669
5791,442.7715408,4.784473934
5792,492.2183112,3.36502559
5793,476.9106162,0.73151973
5794,480.7631023,4.808488344
5795,494.6213297,0.085669807
5796,459.2583157,3.212651059
5797,437.8928714,0.969933362
5798,474.9548654,1.51536892
5799,457.7370124,3.555662656
5800,410.1984009,4.057831673
5801,466.0372239,1.354779883
5802,491.8871574,4.365227199
5803,411.0445204,2.182818216
5804,514.0824661,3.499446755
5805,444.1033548,0.138174557
5806,448.5982208,1.507956458
5807,479.1163202,1.649204127
5808,429.0202455,0.080030374
5809,440.6619735,0.141574269
5810,502.6637522,2.186582049
5811,472.1688574,4.268092041
5812,488.4623124,1.701256575
5813,499.9205234,4.293354894
5814,532.3606816,1.0783309
5815,500.2147364,3.451214772
5816,484.1231462,3.962859022
5817,451.2043576,3.877257541
5818,473.73795,2.293392803
5819,496.9212308,0.493878621
5820,490.876337,3.701052705
5821,436.9181442,1.702351123
5822,479.7257658,1.262277818
5823,464.0713484,4.094879526
5824,466.6457025,1.463757737
5825,497.5912052,2.136506506
5826,466.5211445,4.904067649
5827,418.9995465,1.666464098
5828,454.1342409,4.321806044
5829,412.4244027,1.249757858
5830,484.7565034,3.608525155
5831,476.7055072,4.237513405
5832,471.0662566,2.659991011
5833,469.447797,1.56026613
5834,505.2678063,0.873286007
5835,463.2772341,4.38432737
5836,466.9308211,0.874944684
5837,525.6972789,1.88556691
5838,524.5921924,3.252095311
5839,565.4953333,2.22122878
5840,460.3119389,3.547587507
5841,478.736711,2.536686453
5842,526.6524384,0.250393259
5843,559.5412273,3.235539385
5844,466.9497944,2.522455908
5845,474.3550453,4.333798931
5846,474.2136279,3.601139781
5847,433.6798791,2.188769951
5848,503.2632895,2.842494626
5849,417.6061796,0.274858927
5850,460.9755686,2.818622623
5851,467.5333677,0.629576045
5852,496.4891723,4.398325429
5853,446.2371058,1.649215329
5854,501.0986692,4.663927225
5855,472.6861402,2.783761646
5856,446.1259903,3.900348496
5857,531.475964,1.720478712
5858,476.5846235,0.069899055
5859,478.6631951,1.112022627
5860,514.18914,4.760715549
5861,476.2128755,2.855641831
5862,523.3336319,1.455960639
5863,437.2405567,3.707308116
5864,471.2480166,2.065342158
5865,459.2914541,0.947710811
5866,466.7378217,3.29407009
5867,512.0628945,0.560533224
5868,474.2721369,0.300739539
5869,482.494436,0.420187972
5870,516.074814,4.981120274
5871,467.5869169,4.231767825
5872,395.7479784,3.527318819
5873,456.9779629,1.179941048
5874,398.5942057,4.50277152
5875,400.7369742,2.829369013
5876,445.1617837,4.051906319
5877,437.629345,0.644310195
5878,465.0610292,0.541439612
5879,414.5381875,4.526713967
5880,466.2072039,0.795024893
5881,483.443583,2.394073975
5882,500.6683409,0.631997148
5883,481.7204919,1.121451282
5884,519.5643594,2.468600204
5885,474.6039325,0.913918489
5886,494.6587556,1.96768222
5887,477.6227291,2.407322341
5888,487.2744904,0.856395092
5889,464.2036884,3.435720663
5890,510.44455,3.576434064
5891,461.9061048,3.569660891
5892,510.020412,4.967843477
5893,475.1912516,3.297966285
5894,492.4416636,3.90069751
5895,457.9418848,4.651254705
5896,490.9633248,4.881293709
5897,445.5750687,3.359524312
5898,463.0460169,2.39291288
5899,501.6326843,4.089369387
5900,484.723597,0.288714107
5901,467.5432842,1.938056882
5902,425.6407026,0.537289426
5903,440.2462762,4.274236068
5904,409.9990426,2.846454083
5905,470.2873943,3.212921616
5906,512.0894964,2.570689754
5907,458.5362149,3.012580861
5908,522.9098996,3.800526663
5909,478.8587506,0.004573664
5910,502.8120368,4.261937976
5911,487.2057339,4.392612913
5912,508.9101961,1.634225327
5913,480.3884021,1.364768543
5914,517.0120701,2.959971266
5915,450.2047064,1.38481563
5916,488.7296241,4.598698253
5917,489.6086761,1.684987539
5918,487.7566991,1.788999845
5919,442.7623006,2.95592499
5920,429.8777844,1.503098523
5921,495.7423548,3.189063553
5922,419.107365,0.657181706
5923,447.8949706,0.328715019
5924,441.7511682,4.494165797
5925,432.9833862,0.082614917
5926,486.118598,1.736196633
5927,485.0771848,2.895040905
5928,480.7860372,3.079732729
5929,417.2376615,0.160770032
5930,463.7697281,3.721974191
5931,506.7336604,1.56558925
5932,463.5903476,0.765867992
5933,470.9592611,1.91167884
5934,525.9201818,4.581941581
5935,471.5765573,3.986226574
5936,518.8649484,2.990264139
5937,451.2529657,1.875089269
5938,493.6261998,3.288995072
5939,533.8910294,1.581057059
5940,461.5380228,1.72805605
5941,472.6149698,0.777620644
5942,519.0429955,2.005916303
5943,428.433067,1.412060069
5944,454.975124,4.071045306
5945,471.7972158,4.177167814
5946,399.1186976,0.803287005
5947,433.0515911,0.773554436
5948,515.8344505,0.515725079
5949,413.2087604,4.661581999
5950,460.9948544,4.26436513
5951,495.1770944,0.554294651
5952,443.8327029,2.489331618
5953,499.4393013,2.250686404
5954,485.1974277,4.131158511
5955,533.2447351,1.208745689
5956,522.6849324,1.665448091
5957,475.1858528,3.053450906
5958,562.2944559,0.744091183
5959,519.4081354,4.051492868
5960,516.7587627,3.760564539
5961,485.5363629,2.043857289
5962,531.2153176,1.437343987
5963,474.9777272,1.808226473
5964,485.4606904,0.220585979
5965,511.1525103,0.062709208
5966,510.868378,0.715837849
5967,441.2229427,2.485262632
5968,430.6568137,3.970530618
5969,447.0568033,3.139874678
5970,446.2654343,4.378074768
5971,457.9971158,0.061824895
5972,483.1632081,1.615888661
5973,443.8641953,4.43432427
5974,508.589018,2.593073522
5975,518.0368192,0.993250849
5976,468.6440558,3.69475056
5977,484.4695514,4.494659217
5978,464.3916871,4.391692411
5979,478.8916027,2.49033397
5980,525.9665551,1.221930464
5981,543.1377496,4.825121291
5982,458.2281811,3.065722751
5983,534.979195,0.424270291
5984,497.596223,2.524465322
5985,491.4047764,3.16731284
5986,518.0783851,1.93533083
5987,520.3680421,3.935961574
5988,454.0803672,1.087034519
5989,508.3419352,4.844082485
5990,493.2076303,1.353006137
5991,451.867737,2.344920302
5992,477.0306155,2.45990026
5993,466.4990261,3.170670422
5994,463.2707305,3.667883141
5995,434.6266252,0.592809049
5996,452.227449,2.645300775
5997,477.6947763,2.893725739
5998,447.4558251,3.324556636
5999,484.9390498,1.42801384
6000,417.9792886,3.15137202
6001,478.8615607,3.104010094
6002,471.1729214,3.171402051
6003,515.6036008,4.047519525
6004,520.9052463,0.925347097
6005,520.02035,4.220117301
6006,553.0177984,0.70462922
6007,461.4186641,0.251340503
6008,518.8315687,3.378519927
6009,516.081132,3.935792726
6010,494.5225367,3.023551521
6011,499.6079778,3.337692881
6012,449.7768728,3.038685955
6013,471.4635716,3.513381326
6014,421.6745738,4.910617311
6015,469.2797938,0.083415243
6016,418.202722,2.05089697
6017,450.1966707,0.125263479
6018,469.162516,3.538611612
6019,468.3722875,3.421247214
6020,438.9310948,3.595367303
6021,483.9834538,2.11119744
6022,501.1853985,4.19492945
6023,498.0488828,1.438513129
6024,470.3321521,4.697231516
6025,474.8026368,4.350041376
6026,506.4498142,0.496209718
6027,469.1282837,4.509368357
6028,508.0899169,3.597176231
6029,492.7585553,3.673468784
6030,525.9232669,0.056414505
6031,547.4464036,0.076176661
6032,514.9283411,4.390822849
6033,481.919695,3.670894107
6034,458.8209896,4.905698086
6035,496.8856419,0.30882035
6036,449.5708152,0.503026589
6037,473.9243943,0.435212613
6038,508.5211829,1.901747944
6039,476.9584834,4.088615605
6040,438.8573556,4.163562655
6041,459.4374487,1.842349949
6042,424.5794453,2.917391992
6043,435.9268896,3.699816011
6044,444.8375601,2.442180961
6045,492.5988004,0.172292371
6046,474.3670266,3.686282977
6047,479.2701003,2.989523708
6048,465.4239575,3.23925359
6049,415.5884717,0.271010815
6050,506.592006,1.920984754
6051,488.3874904,3.558804084
6052,514.393125,4.67283535
6053,489.0844306,0.642511735
6054,498.8301228,3.453583508
6055,510.1812229,2.695733962
6056,525.6185823,0.805063641
6057,464.3455509,1.357301724
6058,486.165723,3.477868573
6059,535.2452656,4.364195848
6060,512.0612959,2.653245655
6061,532.6069517,3.834406427
6062,448.7628151,2.663729238
6063,503.0993572,4.302181034
6064,472.2737998,0.646259645
6065,438.1897925,3.489415057
6066,447.322691,0.214584231
6067,458.2208157,3.453043933
6068,517.9170391,2.066372677
6069,476.1845162,0.195968302
6070,480.587119,1.94846639
6071,514.1495403,0.465284456
6072,502.0986862,1.68134613
6073,505.3119928,1.244831485
6074,508.5212023,3.167692115
6075,536.6983914,2.303535124
6076,522.2190194,0.285960822
6077,488.9153176,1.239434264
6078,500.0718398,4.380807425
6079,497.9404746,4.603016463
6080,498.1953755,0.684337492
6081,485.2409909,1.244692481
6082,518.8041771,2.857075087
6083,461.6372936,4.418302998
6084,512.5241637,3.978882816
6085,417.0738509,1.43534038
6086,448.4545534,3.500015047
6087,493.5174062,0.667459772
6088,508.1966182,2.709469204
6089,450.4460405,3.604635395
6090,472.5277085,2.960101811
6091,518.890624,4.86511304
6092,485.1015742,3.202437498
6093,453.1102813,1.470177445
6094,524.0793487,2.796848777
6095,488.9184166,4.404133376
6096,481.5193556,3.630599988
6097,506.834284,0.690980377
6098,557.8777695,0.116986677
6099,539.3913991,2.365268101
6100,495.2988469,1.986793817
6101,473.1404202,0.0940349
6102,565.184217,1.964916177
6103,543.2652346,0.582237937
6104,501.8573215,4.583143428
6105,498.0542485,2.197266871
6106,528.5585535,3.929415905
6107,497.4174921,2.78866423
6108,488.1355939,3.818448094
6109,487.2715399,0.942838463
6110,504.949536,0.742748318
6111,470.9811826,3.89045713
6112,482.7114906,3.361131269
6113,510.1049861,4.883453688
6114,480.1416639,3.591701421
6115,462.5885238,4.612934052
6116,420.0854996,3.026482494
6117,455.1560533,3.898604185
6118,440.6169916,4.76697864
6119,502.6926827,3.456376984
6120,515.7189929,2.150213292
6121,534.6193672,1.534212472
6122,574.1690138,1.785052412
6123,517.3742719,1.273064715
6124,520.2878212,0.711082158
6125,550.7596552,1.159284507
6126,575.2635648,2.789146677
6127,524.0503898,3.168690755
6128,510.0927013,1.737963232
6129,568.4778196,1.839263413
6130,492.9163064,1.247857359
6131,504.0530118,4.412311555
6132,529.9179603,3.560114766
6133,448.4711511,0.135506336
6134,464.9957337,0.330017435
6135,464.7995405,3.836231503
6136,455.7050652,0.065206389
6137,444.9457931,3.22614913
6138,493.5616312,2.354590044
6139,465.2881032,4.950188403
6140,485.0334551,3.170187644
6141,480.5958014,3.581026956
6142,514.4447147,3.285308165
6143,435.3874726,3.860946079
6144,447.8847601,3.944357257
6145,468.2278068,3.503252748
6146,547.4281451,0.37478572
6147,492.9352016,2.121743423
6148,556.77909,1.228951245
6149,513.7475438,4.130442486
6150,492.7403662,4.111636798
6151,474.7280215,0.694698819
6152,481.7860809,1.976756404
6153,495.6923685,3.302144045
6154,545.375287,3.130762384
6155,442.9145211,4.309751705
6156,518.28227,1.148673265
6157,529.8347995,1.462471476
6158,492.8764722,0.545566287
6159,441.4857354,2.139456246
6160,467.8831206,3.742336252
6161,522.6052045,2.174904107
6162,548.5678186,3.577918835
6163,483.2644443,3.155361908
6164,508.7282876,4.916898637
6165,515.6493556,1.757203526
6166,501.7896957,1.098593712
6167,491.3449537,2.985436328
6168,507.5148419,2.217371472
6169,521.5880452,2.93279894
6170,507.0565462,0.855315169
6171,524.9507293,4.418820572
6172,587.877555,3.105698687
6173,482.5501033,2.400145208
6174,510.0540703,4.785593687
6175,486.0863693,4.146982372
6176,525.2567155,4.822591524
6177,499.6536208,3.750751966
6178,540.679808,3.534043153
6179,505.6606339,0.945720514
6180,506.599453,0.20467555
6181,453.6815408,2.900035701
6182,459.2309536,0.662333698
6183,506.4300961,1.165737879
6184,484.4560536,4.404610096
6185,471.9025672,3.535368631
6186,461.7909688,3.328273501
6187,487.3676651,3.941240638
6188,482.9389381,1.992956243
6189,492.7662434,2.357035322
6190,464.5163204,4.820338645
6191,538.5014826,0.468507712
6192,469.1813782,4.121268202
6193,522.847434,3.338095959
6194,537.5382614,2.036095415
6195,473.7130263,1.435236478
6196,500.2666152,2.056060167
6197,533.7203626,3.939376183
6198,555.1463224,3.955672879
6199,529.3144039,1.479695937
6200,501.7801444,3.308978047
6201,523.2705,3.183692618
6202,541.576063,4.014712441
6203,458.9519052,3.932570737
6204,484.2171107,0.672564825
6205,484.1381515,3.549555399
6206,478.327567,3.680132039
6207,437.764869,2.926012813
6208,493.1482984,1.161049538
6209,488.5310608,3.795282449
6210,476.4963865,2.006366825
6211,516.0298834,1.339747545
6212,480.4190467,0.499886655
6213,489.969055,4.580953362
6214,494.7968587,0.47296967
6215,450.5428014,4.079656575
6216,509.0822304,0.151416721
6217,502.3938676,1.463989801
6218,548.3195866,2.761631131
6219,483.927727,0.628282825
6220,491.0524693,0.636540715
6221,540.4402352,2.712182579
6222,569.1390252,3.212778036
6223,483.2285355,0.049099363
6224,541.5877765,1.242179568
6225,531.1022574,0.76241329
6226,509.3362774,4.549277308
6227,461.1999462,2.316442297
6228,466.3886252,3.703336243
6229,468.1568501,4.735738457
6230,495.4073215,0.063751942
6231,482.3154112,1.247754933
6232,478.7440184,3.51839465
6233,485.6193011,1.932136117
6234,444.810516,2.620651848
6235,491.6143889,0.132302268
6236,482.585293,4.449157312
6237,503.9948832,3.069883942
6238,458.0843284,0.313690386
6239,486.3450593,1.760135944
6240,557.9669156,0.845772175
6241,523.6526272,2.325373041
6242,513.5925627,2.474178109
6243,490.096505,3.631545735
6244,551.9360471,1.189575091
6245,562.4585403,1.976339387
6246,556.8528107,1.799765268
6247,532.6785003,1.160667343
6248,484.6228562,4.168335046
6249,517.0459208,1.399648169
6250,494.2557763,3.393003376
6251,516.4800935,3.734662055
6252,481.8885461,0.181612819
6253,439.2018574,4.215100195
6254,507.7801778,1.629499613
6255,511.1685912,4.023759831
6256,518.625557,2.611095481
6257,463.0960327,4.088672671
6258,488.7165847,2.328986038
6259,490.7600802,2.230879892
6260,483.2307665,0.393044386
6261,508.7530889,0.864358238
6262,464.1965132,0.767555774
6263,515.861911,1.564886068
6264,583.2005704,2.226991882
6265,470.0490105,4.539278741
6266,574.2607906,4.20358025
6267,574.0393237,2.089881108
6268,539.8042067,1.772725178
6269,531.6777864,0.439114506
6270,528.654587,3.689210274
6271,514.0377316,1.52669398
6272,527.2939359,2.448711676
6273,532.3156225,4.773600692
6274,533.8859349,2.635874859
6275,530.5206917,1.603441512
6276,451.3978104,3.354626623
6277,456.1960955,4.906769001
6278,427.4987371,4.329495128
6279,454.3364522,4.635698242
6280,460.4919613,2.39085092
6281,398.0237529,0.291523613
6282,496.0984375,2.527891626
6283,421.983013,2.874961791
6284,487.4852374,4.452173954
6285,490.2674561,0.098102399
6286,508.8744484,3.575669171
6287,510.4338024,1.98211695
6288,505.2936533,3.08681518
6289,524.1070379,4.345530069
6290,540.1712431,0.681018451
6291,520.3270379,1.714441326
6292,592.5058421,0.687658004
6293,566.3935458,0.129390695
6294,511.2501898,0.784553997
6295,571.3664372,4.955901246
6296,519.1981178,3.726083655
6297,557.0458845,4.806897099
6298,528.6757848,3.755999373
6299,526.4533453,1.154585866
6300,485.5669944,1.313285269
6301,482.1984159,1.329253766
6302,588.1450158,1.375556812
6303,477.6580196,4.347942364
6304,529.010214,2.431869417
6305,493.1684687,4.138277945
6306,523.9510112,3.035387722
6307,486.7207453,2.64686173
6308,469.3763002,1.309082234
6309,484.3143701,0.423684845
6310,511.2761732,0.545195794
6311,481.2161259,0.484111177
6312,511.2184061,1.610350125
6313,550.6493183,4.680432011
6314,472.1041215,3.730098719
6315,510.997259,0.601419579
6316,536.321387,0.75210877
6317,572.3005396,0.987399944
6318,558.9597337,0.045692266
6319,545.4529494,3.72620163
6320,537.10444,2.962778493
6321,529.4855669,0.563794904
6322,500.9563435,3.905212505
6323,556.4543217,3.347333386
6324,499.7198036,1.330994783
6325,456.6687216,1.939337113
6326,530.9401321,4.311677298
6327,492.3155019,0.907492245
6328,455.3013349,3.007248515
6329,473.215283,0.470865104
6330,478.8389986,4.828111233
6331,461.459874,2.974137919
6332,467.5540244,4.672873524
6333,475.4922221,3.473861599
6334,506.0142307,4.260042276
6335,451.3917756,1.947865373
6336,536.2522281,1.073381085
6337,511.4427083,1.329038293
6338,501.15978,1.600922003
6339,579.7453309,4.278302638
6340,502.9471705,1.22739132
6341,593.646601,1.494948033
6342,478.6952278,0.217668286
6343,501.6608625,1.700166852
6344,531.0847224,2.638250928
6345,571.3108718,2.882229239
6346,552.5256898,3.662268685
6347,498.7933865,3.561335252
6348,534.3539863,0.66542344
6349,503.5446186,0.508446809
6350,505.767304,0.484741644
6351,480.9836592,2.106789486
6352,501.7217902,2.189891253
6353,491.2283546,0.647349517
6354,495.4317579,0.578689469
6355,420.2885041,1.481282495
6356,484.0373587,0.20579876
6357,463.9552353,2.405103815
6358,505.3401421,2.554949291
6359,453.9845902,4.038199149
6360,445.3163833,0.110287456
6361,476.7817618,0.077594423
6362,502.642824,2.782822941
6363,539.8560006,3.159247284
6364,584.6156551,4.17125365
6365,538.0267845,2.929489659
6366,573.647215,3.93096333
6367,505.544693,4.852346244
6368,567.0715472,2.919500972
6369,568.8290017,2.898494209
6370,530.215065,0.460566243
6371,528.6488036,1.348166257
6372,479.5889991,0.356306701
6373,475.8287898,1.0859307
6374,534.2888405,4.896160803
6375,501.6142288,2.23330075
6376,435.5833997,0.360101242
6377,490.5754342,4.528414465
6378,462.0047618,4.233735509
6379,486.9427673,0.400917274
6380,501.8469287,3.292226921
6381,536.6871624,3.982089912
6382,493.9970722,4.932722546
6383,503.8758749,0.694398727
6384,497.1048413,0.360607019
6385,504.4710629,4.9618713
6386,478.6549809,2.500423269
6387,559.6635155,4.662303827
6388,514.059288,3.300834839
6389,536.2448066,0.672451349
6390,488.0124827,4.44040888
6391,572.5213136,3.184520946
6392,539.0582379,0.751464419
6393,499.1525836,0.745534513
6394,513.8766879,0.142467583
6395,536.8006676,0.090537836
6396,550.8689638,4.0545513
6397,538.4575044,3.65765586
6398,481.2445574,3.270460684
6399,498.7163697,3.046098987
6400,531.7596568,2.856726169
6401,515.3014478,3.668706761
6402,507.2708157,2.222287683
6403,526.1307651,1.976498532
6404,486.5581922,0.323687278
6405,481.5009585,2.479689635
6406,475.5385485,4.634835719
6407,533.1480098,3.52818839
6408,510.5293389,4.470866057
6409,518.178056,0.500846752
6410,494.5115471,3.091434532
6411,516.5003304,4.833608821
6412,479.1644015,0.576161844
6413,509.4435679,1.303723185
6414,538.0185879,4.51472976
6415,526.3749245,4.396176287
6416,569.1838184,0.153023381
6417,567.8657073,4.078879328
6418,524.6870316,3.228006802
6419,537.7549661,0.590803909
6420,505.7337014,4.341433161
6421,562.1271607,4.286960499
6422,521.9623107,1.964922614
6423,503.7485251,2.370618996
6424,457.4386677,2.272838732
6425,474.8984297,3.041477498
6426,451.5537858,1.354278294
6427,484.4910134,0.295258983
6428,555.8021321,0.047854618
6429,457.4088563,0.925527093
6430,529.1243037,1.643945907
6431,487.5857538,0.159605399
6432,512.4902488,2.251452177
6433,527.9695224,0.351753324
6434,533.9781272,0.463765369
6435,510.7071919,0.470312079
6436,542.1058046,3.123449002
6437,554.4919841,0.011800075
6438,535.4125563,0.469781074
6439,579.1524566,3.555777927
6440,527.5910483,0.420225916
6441,587.2482484,2.259253079
6442,555.0857771,3.238484333
6443,513.6095436,3.778628265
6444,496.5848686,1.035972468
6445,517.4167272,3.372757558
6446,535.8844672,2.04380253
6447,500.1097815,3.800484897
6448,478.7003688,3.871889544
6449,481.8848018,2.037269384
6450,524.6362825,4.194091861
6451,460.8473348,1.347691708
6452,555.8767768,2.898101267
6453,494.4092541,2.971249214
6454,508.5694354,1.578293583
6455,524.3392532,3.5312506
6456,495.5920464,4.031466826
6457,503.326947,1.325511478
6458,532.6481628,0.137875785
6459,532.295488,0.467124874
6460,540.5179063,1.274574926
6461,541.2133502,1.84370989
6462,567.2841583,2.363213459
6463,514.0572174,1.71412121
6464,498.6942313,1.708225886
6465,565.6122174,1.440183722
6466,530.4079333,4.162313783
6467,467.9047999,2.329460994
6468,563.0416971,4.504463203
6469,511.7516698,4.540854587
6470,545.4055225,3.31302215
6471,494.293732,2.479845663
6472,534.9532581,4.940541964
6473,486.8078519,1.576065592
6474,504.4382814,3.711880128
6475,472.3977968,4.565569191
6476,491.2592561,1.528677084
6477,553.3091083,4.860328407
6478,492.1473835,4.20363381
6479,463.1699339,4.54419653
6480,490.9737995,1.898433858
6481,513.9335286,2.67700943
6482,567.8340874,2.33729835
6483,505.6566575,3.335579998
6484,570.8130135,0.946757129
6485,525.9413585,1.86285005
6486,551.9651216,1.899220604
6487,540.58895,1.690663354
6488,526.6109655,3.971275112
6489,521.2017385,2.02102783
6490,475.0517632,0.058196442
6491,543.481798,4.449816622
6492,533.9872844,0.460183782
6493,520.1672982,1.460029697
6494,553.9928578,4.597785638
6495,520.8404357,3.334315752
6496,448.9287012,3.21921788
6497,515.7521261,4.812552936
6498,549.6987766,2.977052877
6499,451.4209515,2.978817783
6500,514.7917719,2.361114072
6501,493.8081147,1.137709889
6502,508.6770232,4.176338217
6503,536.8412112,1.576527719
6504,596.4882277,2.093029788
6505,557.9304405,3.7848755
6506,546.8320588,1.124044877
6507,501.2580911,4.570647771
6508,490.1513606,4.167226698
6509,504.8955473,4.763006285
6510,545.116295,0.833345863
6511,560.2982274,0.443855389
6512,574.5846548,0.327566289
6513,522.4535487,4.181148394
6514,510.3616707,0.167018222
6515,580.5674703,1.153082796
6516,499.9095288,4.021479276
6517,514.7049597,1.094863204
6518,528.2504112,4.807296973
6519,555.134147,3.12777825
6520,545.3892974,2.602654725
6521,562.0484505,3.493492705
6522,521.5715714,1.916148982
6523,465.241659,3.669691528
6524,489.2034568,3.097841051
6525,493.304526,0.859164735
6526,550.9316269,1.336156284
6527,480.806762,1.781224822
6528,522.8542288,3.6100751
6529,501.9962823,0.986642946
6530,486.1509874,0.66116085
6531,548.7466024,2.531666664
6532,555.7867842,2.318560465
6533,553.9765436,4.734841175
6534,469.049237,2.851991198
6535,545.2118362,0.388059238
6536,557.1991139,1.34333411
6537,546.8236479,3.459270152
6538,516.6584509,2.732761214
6539,541.3375035,2.717602516
6540,545.8109306,4.376588778
6541,520.6749907,4.559391705
6542,506.117976,0.598291737
6543,503.2587896,3.858674573
6544,512.9666471,4.700644894
6545,477.6479881,4.750750907
6546,531.2991205,2.415628674
6547,542.8631383,1.852521291
6548,466.1305125,4.831410686
6549,555.8377588,1.948497689
6550,495.9282897,3.056080698
6551,497.0693517,3.164327354
6552,579.1756063,2.596610404
6553,521.5407225,0.230879669
6554,564.1035528,2.887594367
6555,568.2613965,2.502102104
6556,603.4517688,0.984464036
6557,588.5104316,3.070088533
6558,585.7828459,3.863902056
6559,582.552847,3.314926463
6560,556.5746681,4.316559507
6561,569.3754569,3.403918551
6562,554.600839,1.290372877
6563,532.9763875,4.025103025
6564,510.1104036,0.501260338
6565,512.881911,3.173489021
6566,545.9072486,4.035894117
6567,515.4974676,1.210714524
6568,471.6668899,2.281214464
6569,524.9129015,4.007695799
6570,478.9039643,2.764153049
6571,479.4073609,4.712062638
6572,482.5211062,0.082034878
6573,522.1212874,0.991002674
6574,542.9735436,4.220233517
6575,520.7515367,2.094732732
6576,550.7592734,3.12979495
6577,502.5653757,1.62052108
6578,526.5402211,3.995708107
6579,508.6242017,1.472546606
6580,576.2439805,3.866761717
6581,529.9156165,0.18744011
6582,533.161603,0.009750384
6583,558.9374,2.648258687
6584,546.1222205,0.517320233
6585,550.7732247,4.281307187
6586,573.6621351,4.476198849
6587,579.9901991,1.089488675
6588,558.9611736,4.345664028
6589,452.5638461,2.323257512
6590,478.414526,3.788647192
6591,512.7553734,1.516667524
6592,507.0728718,2.022681964
6593,519.6892687,1.107756056
6594,509.67936,4.401005675
6595,526.2178366,3.936369057
6596,521.9504588,0.160193497
6597,523.4577939,2.027566616
6598,537.3930951,1.401849466
6599,498.6890423,2.661363635
6600,489.7568494,1.939011391
6601,539.6165091,1.40604881
6602,551.0219548,2.394401476
6603,548.1150926,1.422196885
6604,543.0044326,2.433989252
6605,536.0382303,2.477872232
6606,544.6696174,2.550396014
6607,607.4141679,3.646678166
6608,608.5814235,2.675209486
6609,546.2271385,0.866405003
6610,539.9645222,4.91085328
6611,524.7547459,1.743918352
6612,504.8754188,0.55379818
6613,529.2268496,2.12834549
6614,555.1026683,4.43104693
6615,539.3287132,0.847991011
6616,520.0548694,3.839660968
6617,563.3728449,0.262398183
6618,479.7396996,3.401436168
6619,491.9264945,1.920420537
6620,520.5070208,2.701753709
6621,484.7434622,3.470182505
6622,529.4498253,3.904340631
6623,554.396039,4.556825946
6624,588.9011696,2.223224743
6625,493.1037287,0.912295868
6626,562.6688421,0.830644765
6627,516.8312565,2.327428525
6628,542.1815658,0.91753178
6629,586.0238825,2.311665419
6630,596.6592751,0.450896897
6631,597.5600542,3.225282833
6632,551.4070344,2.672630841
6633,544.9234525,1.718933057
6634,608.6940438,1.744185877
6635,480.8733963,1.990801756
6636,517.7072379,1.103670704
6637,489.8771342,2.739144811
6638,553.031321,1.376025711
6639,465.8919995,4.084646226
6640,518.9322306,1.202389502
6641,562.2669818,1.897666427
6642,482.9020021,4.827505523
6643,572.5831482,2.801876555
6644,471.0496373,4.37496143
6645,496.2630359,4.818873885
6646,487.311066,1.037317275
6647,523.8684353,4.108882854
6648,537.0375476,1.32332214
6649,558.4679409,2.624548251
6650,516.5885436,4.084335136
6651,597.2946112,4.881616144
6652,601.3640752,2.876348643
6653,566.084395,1.202917188
6654,587.1137164,1.760720609
6655,500.5290758,0.293839689
6656,597.6434248,2.181251593
6657,555.2713903,1.861148265
6658,560.0413751,0.885092557
6659,524.2726538,2.802635872
6660,532.3713895,1.476602653
6661,539.4604682,0.571314152
6662,584.82743,4.61838666
6663,482.9985319,1.695439275
6664,564.7988922,1.853061223
6665,490.9047032,2.176511913
6666,491.4863253,4.801755854
6667,545.458369,3.363551283
6668,426.8723443,2.788172024
6669,502.1552302,4.833073559
6670,469.6810874,0.719364797
6671,530.9421384,2.36905862
6672,575.6065593,1.307821619
6673,574.780748,0.572958661
6674,562.0599909,4.38099501
6675,480.6510312,0.171444569
6676,550.334067,0.856222014
6677,557.2890256,4.189570967
6678,565.0910431,4.859747071
6679,566.3088707,3.988990947
6680,627.8229813,3.35884129
6681,516.9634696,2.387992317
6682,488.5122551,3.068611384
6683,569.5597009,4.797485524
6684,557.847872,0.393868831
6685,535.0167346,0.707557493
6686,598.3434356,1.229755362
6687,490.9766904,4.021666954
6688,499.7314786,1.07825605
6689,522.3314714,2.232796985
6690,508.8359541,3.440149731
6691,488.6480454,4.808065655
6692,506.6241131,2.091911393
6693,540.6777331,0.438376086
6694,519.3955066,0.40853658
6695,563.1404318,0.087302032
6696,553.6925241,0.130573119
6697,514.6200063,3.792574193
6698,528.4236301,3.595981351
6699,569.3566474,4.632056456
6700,558.9924887,0.939619156
6701,579.7555442,2.207502687
6702,537.3331343,3.69278016
6703,601.3887968,4.487059337
6704,562.8688071,2.751627546
6705,525.1633935,3.814802207
6706,544.0961951,3.619733987
6707,550.6995738,0.64595586
6708,562.5385274,0.66060784
6709,571.0424706,2.454368953
6710,545.0231872,3.110629607
6711,506.6944796,1.050682506
6712,495.5562496,3.874081708
6713,554.6857517,4.802138203
6714,503.7191623,4.017085001
6715,480.3427477,1.36372926
6716,562.5228661,0.502895098
6717,532.1800349,2.678241788
6718,523.6097012,0.064945281
6719,530.3727194,0.758136619
6720,598.7570985,1.775883004
6721,545.4440278,3.673466716
6722,530.6867382,4.275993946
6723,563.5541626,1.234742282
6724,521.3378441,4.312809939
6725,549.4509541,0.352894655
6726,537.7417358,3.870364941
6727,565.3320595,1.000319196
6728,592.4405539,0.984554522
6729,539.0176158,2.91569112
6730,569.0926118,0.611762627
6731,539.9284038,1.026640391
6732,530.7470477,4.773793549
6733,551.7220657,4.479582643
6734,495.8570782,2.338454165
6735,515.8251207,1.718801534
6736,582.57842,4.876918981
6737,539.5737381,1.792750519
6738,512.6530799,3.394816382
6739,475.8963574,1.146622517
6740,530.0516029,3.068821517
6741,519.8450576,1.183137014
6742,482.9439628,1.377770494
6743,558.8558536,2.245678363
6744,561.2098551,1.989232748
6745,545.2228266,3.413229689
6746,529.7413546,1.762908091
6747,558.1862611,1.82185917
6748,538.4452955,0.990335816
6749,579.5200376,3.685371156
6750,555.1590937,1.06003802
6751,579.086399,1.475716892
6752,614.4690122,3.557905224
6753,563.9337588,0.256117746
6754,590.0211023,2.993343676
6755,589.4343602,3.965621859
6756,625.2183309,2.371834461
6757,529.9358307,4.584694373
6758,542.992931,0.661104734
6759,514.7536132,3.142028372
6760,538.8365426,0.762562815
6761,533.3108421,3.93268657
6762,567.5881207,0.378044746
6763,534.7057028,0.081048561
6764,573.5237757,4.560598733
6765,535.1334631,3.855123477
6766,501.5251668,2.349796165
6767,523.0762982,3.173969075
6768,583.831583,4.865783413
6769,567.1286955,4.513540038
6770,551.8539079,3.838061278
6771,583.2429418,3.4108367
6772,571.3436236,0.665579104
6773,576.8009879,1.054037372
6774,521.7363049,1.378923193
6775,560.9399088,2.255783747
6776,562.7282523,4.176747376
6777,547.6311545,0.442668349
6778,545.8229578,0.266706533
6779,558.8241789,3.227457055
6780,566.2956242,2.380629475
6781,522.57222,0.854317525
6782,469.1319747,2.504682463
6783,512.174551,0.954163079
6784,509.4215181,0.012154941
6785,558.985329,3.623056688
6786,524.1353571,4.162132748
6787,493.5209996,0.420898039
6788,525.9033275,4.522652086
6789,467.5881239,2.729727956
6790,548.904235,3.841882357
6791,532.8447253,2.775265254
6792,520.5165439,3.755054824
6793,541.3478188,1.7102838
6794,582.3752772,1.54815174
6795,502.5839314,0.234076454
6796,585.4645593,0.162558917
6797,583.7274875,0.443620543
6798,550.666484,0.88005475
6799,577.0955091,2.421787759
6800,548.9499587,3.222826646
6801,593.5379117,4.748308393
6802,523.6926589,0.841751972
6803,569.9317586,1.081369136
6804,559.2944743,1.121057985
6805,579.1804215,4.477421366
6806,524.7155407,2.033594141
6807,493.5820448,1.112444265
6808,476.3897468,3.523595181
6809,497.3109256,4.564785912
6810,496.2113731,0.585606649
6811,467.3047246,4.086166785
6812,504.379103,2.004435796
6813,508.9758415,1.646155822
6814,538.8507754,1.707878803
6815,549.2783666,2.497528139
6816,554.6319421,4.104092819
6817,486.7000731,0.875415695
6818,601.2185859,3.463858567
6819,535.0536351,1.609057847
6820,560.992813,1.454795693
6821,548.5365844,4.734783631
6822,558.8725111,4.789305167
6823,539.0497178,1.212713694
6824,581.6630492,3.633406152
6825,576.1374846,0.962779582
6826,587.4720033,4.725297794
6827,542.1872506,3.915481863
6828,537.3234918,2.400514884
6829,610.6189336,1.921980551
6830,516.7768102,0.888185433
6831,530.2698803,3.183594157
6832,485.990858,4.035569769
6833,548.5666196,2.549083056
6834,520.7613454,2.385501483
6835,512.0178338,2.165262019
6836,505.6740628,0.765347323
6837,525.8563558,3.869776332
6838,541.1304967,1.0261416
6839,511.5831176,1.554135449
6840,525.2623638,2.182603561
6841,540.6064315,4.05348494
6842,519.0421475,3.186956334
6843,561.7000066,4.411436058
6844,595.5558063,4.938572943
6845,576.3823979,4.87693566
6846,608.415431,0.428821
6847,527.9020876,0.475065672
6848,587.4406168,0.097372663
6849,583.1366648,0.226547354
6850,534.8863874,0.122683867
6851,603.1836003,0.712143835
6852,565.3324388,1.075791864
6853,584.2504602,2.730057777
6854,546.3784431,2.771362121
6855,454.2399235,0.98580882
6856,565.4763314,0.26277045
6857,530.4652512,4.222403979
6858,515.1741544,1.006504364
6859,512.9926874,2.018499429
6860,531.7785716,2.308185841
6861,552.9488407,3.479101557
6862,554.8905842,2.937992851
6863,545.357933,3.376467767
6864,617.2456467,4.15345235
6865,569.8045692,3.452341182
6866,581.0442226,4.52704084
6867,539.7113588,2.077906296
6868,516.8943584,4.658605724
6869,597.8508798,4.961121981
6870,609.0281774,3.028935523
6871,515.9939796,0.085822621
6872,550.9431387,2.065089393
6873,570.7491543,4.71250021
6874,555.2559788,2.383896975
6875,523.5083616,1.994544741
6876,580.1498204,4.287365637
6877,528.5578697,4.400735452
6878,533.896905,1.233362248
6879,464.2418848,2.677282607
6880,566.4587193,4.558791522
6881,510.2445393,0.90074001
6882,546.0963561,1.194275985
6883,520.9178068,0.922418511
6884,501.7859308,0.198437082
6885,499.6378834,3.564819228
6886,542.5270199,4.826572469
6887,503.5353801,4.488722444
6888,482.4874507,1.180470129
6889,572.8382831,1.785279604
6890,588.0245358,3.827648909
6891,560.2122579,4.515611352
6892,571.4998689,2.62891944
6893,564.7774729,1.598040639
6894,546.234479,4.296238482
6895,588.1278,3.845174039
6896,586.8756783,0.935526449
6897,557.6593492,2.808445697
6898,590.1524738,0.893815212
6899,580.9799639,0.93369972
6900,554.5589542,0.468913377
6901,569.3369677,0.31709837
6902,564.9602298,1.195084284
6903,586.8931431,2.014847353
6904,519.8490153,3.923596215
6905,486.339754,4.978846714
6906,499.8318572,1.661166588
6907,546.5503088,2.234566869
6908,572.6007699,2.372973028
6909,535.5249819,2.076439478
6910,504.7562008,2.986062158
6911,553.9143899,4.161115555
6912,574.9983306,3.490911504
6913,569.2070307,4.163965443
6914,534.2169789,1.79217587
6915,557.5085706,2.548442634
6916,607.6852566,1.54694161
6917,583.7306871,4.877451302
6918,567.5834271,2.114436618
6919,572.5074502,1.238721415
6920,563.5921697,1.411768461
6921,560.3866136,3.69690705
6922,575.1964688,3.299368434
6923,577.8330193,0.731850441
6924,567.3715859,0.747212551
6925,547.902368,2.415271921
6926,569.9817075,3.27624309
6927,488.0345119,3.753246083
6928,572.322394,4.262089912
6929,531.4343848,2.579338803
6930,554.7471067,4.235146349
6931,510.8577969,3.529598638
6932,525.5252207,3.43266395
6933,525.3920993,0.98439503
6934,521.4365902,2.641155144
6935,575.7014375,4.545423385
6936,549.6154373,0.480449528
6937,565.5003976,0.003854828
6938,571.301737,3.97871705
6939,558.9068064,2.516701613
6940,602.081067,1.284944653
6941,569.6990949,2.559981082
6942,595.6444831,1.606278854
6943,573.8778325,2.442552586
6944,556.5486842,3.924557227
6945,513.1212902,1.551558232
6946,568.9466352,3.104790578
6947,560.1079512,4.884853117
6948,568.5584913,4.112830616
6949,568.3340469,3.864025435
6950,566.8511076,3.72634837
6951,521.6723468,4.337092101
6952,561.8215264,4.812615825
6953,530.736002,2.164638932
6954,505.3823214,1.42594662
6955,529.5237314,2.351582888
6956,533.4375569,4.111894014
6957,551.1178459,4.471249185
6958,568.267408,4.047895676
6959,582.0952212,3.354871235
6960,581.3045456,3.02671817
6961,563.6119105,0.221618519
6962,572.8089934,1.681668433
6963,584.9381004,4.5243714
6964,580.224301,3.955725639
6965,595.2139158,0.110971535
6966,620.3201091,2.167121731
6967,578.152242,0.821913886
6968,596.3218137,2.843169083
6969,603.1167327,3.783255421
6970,560.7648047,4.006090905
6971,599.7024914,4.439322494
6972,585.1049355,2.866285682
6973,507.9829655,4.520350924
6974,531.7927824,2.100967155
6975,514.37064,1.180103479
6976,538.8234907,3.547660309
6977,543.1685471,4.507574611
6978,483.4683747,3.595596616
6979,543.3762904,0.44449247
6980,530.3137586,4.793890846
6981,509.4815957,4.143577759
6982,511.8926872,3.795961106
6983,541.0121081,1.379141704
6984,560.2608669,3.890455922
6985,559.7169776,4.542444346
6986,589.0793514,3.36259599
6987,594.4518097,0.053998544
6988,547.9255164,1.444918908
6989,540.1532772,0.071780323
6990,555.7007672,1.648913679
6991,609.157497,2.882172494
6992,562.5978881,1.704679503
6993,550.186505,3.383746396
6994,573.2201363,1.38173617
6995,544.116395,3.769042874
6996,568.9929367,2.052773192
6997,600.9954325,1.153102463
6998,489.5597244,1.798691294
6999,529.3327359,2.969352193
7000,537.6651102,0.514890339
7001,584.5470305,3.494769574
7002,476.5748234,1.024456054
7003,553.8551657,4.930480715
7004,554.577045,4.59297948
7005,559.8143086,1.79405149
7006,591.5831354,1.479287962
7007,546.7925384,1.893678709
7008,533.1404185,3.626846344
7009,552.4191301,1.228490712
7010,539.6981844,3.095153535
7011,622.679626,0.929082525
7012,612.9835731,2.958747096
7013,564.4471347,3.034451165
7014,611.8127952,4.361933131
7015,562.6096116,0.403969923
7016,615.1055723,2.370374825
7017,581.1188457,4.624964094
7018,561.9604045,4.154438396
7019,608.0273594,1.758831069
7020,552.7171347,1.624585011
7021,586.4426658,4.512349453
7022,531.5316256,1.864935544
7023,552.5207303,0.982580296
7024,549.8623892,1.63084798
7025,530.9714872,3.914158378
7026,540.0026571,4.712706956
7027,501.6966521,0.290754331
7028,508.2022134,3.803115153
7029,525.2762692,1.694606394
7030,545.8062813,4.051061572
7031,567.4618909,3.92084211
7032,577.917588,4.467389679
7033,572.7581753,1.78389819
7034,499.5136728,3.64942354
7035,608.2569997,1.10945481
7036,629.0717002,4.055336877
7037,559.1719593,4.241765776
7038,594.3080262,1.730699118
7039,586.1471007,4.936221929
7040,615.7563819,4.389449281
7041,568.0872588,4.735839746
7042,586.7022742,2.347656367
7043,561.1467488,4.406512618
7044,568.0345465,2.21434318
7045,576.5401806,2.266754702
7046,545.0276964,3.791900705
7047,511.5914914,0.044655956
7048,590.5407489,2.764611126
7049,517.6916463,0.120788502
7050,595.9848431,0.483112374
7051,533.5430536,2.054290932
7052,532.3985622,2.981340921
7053,535.6497572,0.865624654
7054,501.2291534,2.892847562
7055,498.5957421,3.39603881
7056,584.8506747,4.448641215
7057,538.8681537,4.570709665
7058,532.0520359,0.563763793
7059,612.1335271,3.889158076
7060,583.4731352,1.035191459
7061,577.9111295,3.106632443
7062,579.4669583,2.01923377
7063,570.8652167,1.56155112
7064,563.3765284,0.195237278
7065,614.6134033,4.485762609
7066,590.2366612,1.062269787
7067,548.3235608,2.015472439
7068,578.0920664,1.018582533
7069,569.5409346,2.831373094
7070,593.0965032,4.35535749
7071,508.673731,1.87435526
7072,591.9695798,0.214232684
7073,597.905153,3.670582183
7074,526.2178943,1.432997878
7075,490.9713162,2.650550856
7076,546.0809844,3.975645112
7077,554.6593649,2.812289085
7078,594.1548376,4.946647795
7079,603.0224715,2.102533815
7080,538.5773448,4.979365252
7081,553.3439431,2.700102961
7082,605.7182363,3.545674189
7083,558.9206014,2.87409216
7084,605.8969339,1.96124015
7085,596.7679758,0.132154234
7086,622.8799737,2.596975701
7087,600.8552128,1.859085499
7088,592.6526213,1.757995778
7089,560.5582573,4.729834097
7090,559.2331799,1.25557443
7091,548.6132921,2.959496749
7092,591.7383401,2.785223667
7093,574.7971955,4.989772535
7094,561.9613805,2.273461426
7095,580.8690744,3.706151166
7096,488.4257404,2.032159737
7097,540.239838,2.222287446
7098,522.1333487,4.911166392
7099,603.8323828,3.433875509
7100,499.8824393,1.331385422
7101,528.6038981,1.23799115
7102,519.9481024,0.555904094
7103,567.2015821,2.578439407
7104,564.7136203,2.32731357
7105,531.9652136,4.903254079
7106,562.3303964,0.369324348
7107,584.9698085,1.877198104
7108,546.9584071,4.934429628
7109,578.8075189,3.418660656
7110,566.9160092,0.817992175
7111,574.7322755,3.306925766
7112,565.0899293,3.707717522
7113,599.3789242,1.37720101
7114,566.7399391,1.713290185
7115,593.4767141,3.992167279
7116,581.4411312,4.590133868
7117,583.9159988,3.473244987
7118,484.5969669,1.394428928
7119,571.7101509,4.002261223
7120,499.9499389,3.309914395
7121,518.0454808,3.001687377
7122,560.1377983,0.300412023
7123,500.7335096,1.72031868
7124,577.9868379,2.194424942
7125,543.302185,0.453547582
7126,570.7624135,4.433689535
7127,548.479386,1.967715811
7128,573.579169,2.130325057
7129,598.1647679,4.416256382
7130,534.9784948,3.845144858
7131,595.3968054,2.8628776
7132,627.2654651,0.176396886
7133,626.2469623,3.902708861
7134,628.6341163,2.183866208
7135,666.9264794,2.76645469
7136,594.8076671,1.94060813
7137,562.8742323,3.222934633
7138,570.9049447,1.244462436
7139,556.5449717,0.366465715
7140,509.5519738,0.132235161
7141,538.1720384,0.797971657
7142,538.3502311,0.674130275
7143,544.0090975,4.106754027
7144,525.8417834,3.717375674
7145,534.8717269,1.93001787
7146,512.0158835,2.744813309
7147,547.3126217,0.479790244
7148,580.2938774,0.209434752
7149,561.7652326,3.89829543
7150,571.2616523,0.785137566
7151,565.3688614,1.425364992
7152,579.2922045,0.702624679
7153,603.0929396,2.439832405
7154,507.7077319,2.303330542
7155,553.3138446,1.168680922
7156,581.6023703,0.017595451
7157,599.3355889,3.605802206
7158,640.0273054,4.141337011
7159,566.6373039,2.769220897
7160,640.2772169,3.250187017
7161,577.5892022,2.979801916
7162,586.5463243,0.604255192
7163,574.5793001,1.801253683
7164,579.5935649,0.327661091
7165,543.0965475,1.980211748
7166,632.8129454,1.603309126
7167,546.1323398,1.47518336
7168,542.0354692,0.865048835
7169,535.4551811,3.997335923
7170,591.4980722,2.122995028
7171,490.2604178,1.601756946
7172,496.282174,0.806428873
7173,522.692972,4.495773681
7174,547.5680553,0.605256356
7175,552.0993514,0.452733508
7176,542.1575761,3.918801088
7177,542.7806243,3.924783153
7178,515.8604988,1.673860464
7179,565.6848623,4.761191671
7180,573.8712189,3.163083234
7181,595.6430527,4.700668163
7182,604.558715,2.337107348
7183,588.6552539,3.985334588
7184,667.1345728,0.003894041
7185,611.1613143,4.151378519
7186,567.5675148,2.658731317
7187,561.2281767,2.688042625
7188,601.5338102,2.368914652
7189,585.1953133,3.781801445
7190,534.8190882,2.113544059
7191,581.4793704,2.75898588
7192,546.8265176,0.456209641
7193,567.2084211,0.275786464
7194,543.4071527,1.465091279
7195,559.9304875,3.335439622
7196,537.7416812,2.059976103
7197,547.0556968,3.471653122
7198,511.2222225,0.419398046
7199,572.7575389,4.504723359
7200,610.7207716,3.987739489
7201,607.9446255,0.272249238
7202,603.0095849,4.337445993
7203,560.5535214,0.032491477
7204,590.2616137,3.034856916
7205,572.9713724,0.683753336
7206,668.253076,1.584375481
7207,569.1437971,3.355920583
7208,615.6831069,2.221523343
7209,628.920443,1.968356983
7210,571.1381778,4.043285199
7211,628.5001792,1.741188941
7212,558.8495124,2.572083372
7213,607.8213201,4.033465691
7214,513.3150032,0.370766484
7215,558.8657485,2.940854188
7216,501.7845346,1.477448575
7217,563.9545469,4.79439431
7218,528.9060513,0.773380328
7219,519.3577533,0.551617751
7220,563.3760074,2.013762453
7221,607.0051119,2.258357996
7222,572.6098617,4.045893812
7223,575.2824206,4.724024142
7224,577.3556014,0.204606191
7225,562.8812315,2.427895449
7226,610.0037384,3.117074376
7227,584.7622816,1.982991286
7228,626.907561,1.080177206
7229,581.0569003,4.031531797
7230,574.4604046,4.885152594
7231,574.4783274,4.368994477
7232,580.8454862,1.119852853
7233,623.9821962,0.868406334
7234,533.5371298,0.016767042
7235,622.4560391,1.355958912
7236,565.6112905,0.486623749
7237,623.8062294,1.034998815
7238,556.1787337,2.004162235
7239,566.7357462,1.497202312
7240,536.0160399,3.245555144
7241,540.9190493,4.760754675
7242,577.5886475,3.501381513
7243,604.1149105,3.033729191
7244,551.3686413,3.215788717
7245,547.1920543,3.547698051
7246,563.4132763,0.455592387
7247,576.1574837,4.062814958
7248,572.9046663,2.017049768
7249,564.9728834,1.72304061
7250,615.7039726,4.897150844
7251,569.3735401,0.452115908
7252,613.4110301,2.207102319
7253,594.4269337,0.81867809
7254,600.3162088,1.901862387
7255,555.1703784,3.154474545
7256,604.0256537,2.438955683
7257,644.4250979,1.268718827
7258,578.0452773,3.943563249
7259,642.8782191,0.400692661
7260,577.7538381,0.069225419
7261,556.5979439,0.440258139
7262,550.6004074,1.347610657
7263,570.0583261,2.353213387
7264,574.8417867,0.385842442
7265,510.6522908,3.460391248
7266,583.5869563,0.512217406
7267,543.0055268,3.571606048
7268,531.8404012,2.930151618
7269,518.2670571,3.076061366
7270,523.5011375,2.613673128
7271,549.9686197,1.222011324
7272,574.0074154,2.391304196
7273,557.0050292,3.896614391
7274,588.0468106,1.031391687
7275,604.7847981,1.386132479
7276,616.3458677,3.715763962
7277,611.8863168,3.911716461
7278,643.9341871,3.766853439
7279,610.5070654,0.733546435
7280,635.3370668,3.064490959
7281,621.9435713,2.119406613
7282,599.7971849,1.033603228
7283,572.9203671,0.451014335
7284,600.8315483,1.127157431
7285,559.936663,1.239234611
7286,596.0019611,0.523957652
7287,539.7891334,4.287061485
7288,586.6258657,2.371717258
7289,551.1669871,1.860682087
7290,527.4286865,1.655451776
7291,551.8984453,0.36421909
7292,549.0393908,0.667739317
7293,563.0600652,1.412688285
7294,557.4365317,1.311201761
7295,521.5474848,4.176889395
7296,561.7493429,4.579305729
7297,559.8633943,4.752454009
7298,531.5922574,0.750122722
7299,571.7152169,3.288858899
7300,598.1050116,4.101268013
7301,592.4731265,2.974673481
7302,605.8024069,1.569242405
7303,570.5174106,0.321003477
7304,647.5816806,2.562457303
7305,622.9037943,1.380671192
7306,610.9719864,4.520347602
7307,562.6952193,0.626109364
7308,565.966719,0.729834091
7309,528.5440492,0.002750552
7310,580.0603508,3.864324221
7311,554.2031635,4.464953609
7312,587.0458466,4.591997267
7313,480.8496649,4.165230693
7314,562.1476291,1.560003324
7315,553.8926747,2.848369523
7316,524.4166108,1.673279125
7317,587.7934646,0.117789936
7318,545.8949391,3.086000989
7319,562.6488774,4.663828054
7320,558.3522443,2.989114615
7321,576.3006102,0.168273332
7322,604.1607281,1.114876012
7323,588.9081348,2.882973394
7324,608.4709546,1.491373346
7325,601.7082029,3.926071889
7326,630.8254814,4.588912337
7327,585.954027,0.09107606
7328,589.9822156,0.249032092
7329,578.7857253,2.047064266
7330,560.773645,3.273318802
7331,635.8549009,3.542077534
7332,555.6141251,1.778010534
7333,572.20169,2.74714843
7334,525.0242453,0.552270612
7335,582.5489403,2.02645844
7336,594.4670814,3.873429583
7337,545.7111711,2.891662902
7338,582.2892718,3.751161669
7339,484.9736042,1.874664213
7340,514.1989103,4.809715944
7341,580.1878331,0.28093768
7342,623.4972615,2.907303452
7343,582.8914814,1.391105388
7344,525.514989,2.608337304
7345,575.3935692,1.967678916
7346,553.6840763,4.139054049
7347,598.1056263,4.828042333
7348,610.4523605,3.263559241
7349,556.5975043,0.871930006
7350,613.9656731,3.198319376
7351,589.6182621,1.352002402
7352,603.5860294,3.936229895
7353,576.3093924,2.250509722
7354,575.4787956,4.453011806
7355,614.9247091,2.649653291
7356,585.5826672,3.982610865
7357,603.1536617,0.841498529
7358,570.1688677,2.743082811
7359,563.6153179,1.749767991
7360,615.9308445,4.982444155
7361,598.1163009,3.716263405
7362,550.3247366,3.98515214
7363,578.3780473,1.808586925
7364,539.4448737,0.977163684
7365,563.7131813,4.014963024
7366,556.0666322,4.390248759
7367,547.5776591,3.610926163
7368,598.1747526,1.57520957
7369,619.5430396,2.299045572
7370,539.8691131,4.970206409
7371,591.3927992,4.398917949
7372,599.2666889,4.818664657
7373,634.6187193,3.772866044
7374,567.5532882,4.919326805
7375,641.6599707,2.795972161
7376,651.5188808,3.626380099
7377,607.6058154,2.969997123
7378,554.3681191,4.71269675
7379,565.3308959,4.358263183
7380,577.3963845,4.121619086
7381,580.5503138,4.41913751
7382,559.7407893,0.453040234
7383,577.4096309,2.893817132
7384,583.9486628,3.354054308
7385,620.9626388,0.84798823
7386,517.4122351,3.464278292
7387,574.194725,4.254727524
7388,572.5565011,3.088858742
7389,534.410835,3.409991446
7390,564.4075982,4.205061493
7391,549.5022489,2.823244481
7392,585.1886747,0.168582375
7393,580.8749243,0.046810231
7394,564.6320232,4.450898578
7395,603.1225813,4.965334675
7396,575.1354571,1.832952586
7397,546.4624165,3.438750939
7398,668.152904,2.069725815
7399,591.8347471,1.408844679
7400,578.8902503,2.067008861
7401,567.8884959,4.670806383
7402,615.269106,0.408952389
7403,583.1586597,1.66412703
7404,582.5155904,1.578788984
7405,590.294514,2.324710719
7406,586.6918655,3.494780873
7407,570.6495251,3.112901236
7408,549.4122897,0.819073119
7409,511.8596744,0.117008788
7410,579.5819883,4.711424424
7411,537.1017709,1.361196201
7412,556.1359653,1.1711859
7413,565.3484411,3.15855228
7414,620.6779271,0.92196912
7415,558.8241533,3.908078835
7416,533.7321974,3.860622542
7417,592.0195332,4.921585366
7418,588.9678837,2.780039935
7419,610.7849931,0.075820451
7420,626.2788514,3.462716895
7421,630.5919825,3.036794902
7422,597.3230896,2.656847812
7423,640.2149674,4.448588367
7424,638.2339651,4.150941625
7425,601.4002841,3.698355354
7426,651.0814308,4.565724593
7427,565.726652,3.816912079
7428,631.4575051,0.464418145
7429,594.2833307,0.378459787
7430,558.1591274,4.759402573
7431,541.2946576,1.807908102
7432,522.5118652,0.7265304
7433,562.9992841,4.821578893
7434,596.0872552,3.169313714
7435,534.0502677,1.836157908
7436,579.8576096,1.819244351
7437,555.1490275,1.201299379
7438,640.9938712,3.51245786
7439,548.0305801,0.293056593
7440,557.4476733,3.768752088
7441,571.3970441,2.384551107
7442,579.0058483,0.073536568
7443,576.7965391,4.534817589
7444,624.7293576,0.977642877
7445,591.8658471,0.923181031
7446,544.317002,3.169338115
7447,597.01347,0.511156387
7448,644.6884786,2.022452805
7449,570.0351989,3.050143441
7450,593.1850704,2.168249717
7451,590.5386082,0.203151257
7452,609.8938136,3.498929814
7453,566.5814537,0.239371611
7454,624.6321962,2.612493231
7455,546.9594345,1.841532896
7456,549.1352413,2.200112637
7457,506.6962034,0.443822408
7458,598.4005057,2.379046299
7459,531.7509716,3.541364699
7460,619.8067761,1.89255449
7461,553.1737677,3.501745687
7462,604.1344128,3.632776502
7463,579.1507547,1.629644764
7464,547.5122457,3.058955109
7465,603.0093464,1.482851431
7466,629.1326024,0.300511014
7467,616.9625814,4.454588179
7468,634.3188036,3.293613207
7469,626.1170275,1.804417311
7470,632.2277567,0.313009509
7471,653.1101614,2.534917727
7472,600.4757281,1.464555611
7473,617.266464,0.738135869
7474,595.6030849,3.685743496
7475,568.6954483,3.394958061
7476,558.1944191,4.560310108
7477,575.2409443,3.545275853
7478,582.1220359,1.341904635
7479,575.4488719,4.984052456
7480,538.8488149,3.533333561
7481,552.2584989,1.520758001
7482,584.0523677,1.34258872
7483,520.5907561,0.439466491
7484,559.3639552,2.015886449
7485,615.5488295,4.351532346
7486,598.7321371,2.212830682
7487,580.5076667,1.703560159
7488,573.5928705,0.128183548
7489,515.825809,0.621026593
7490,624.7383527,4.488630653
7491,615.3313468,4.010216358
7492,640.5542822,1.729108473
7493,588.9900469,0.80911107
7494,594.0167958,2.56575005
7495,573.1635618,2.052097546
7496,608.9636622,2.499878299
7497,639.0490422,2.962913068
7498,618.9627092,2.954761785
7499,629.576399,1.869145841
7500,584.108266,2.657556988
7501,616.4596723,1.667412865
7502,600.7306701,0.877651963
7503,547.7318712,4.698570189
7504,582.9052353,0.776181654
7505,581.2811301,3.562378693
7506,557.8378168,0.941829688
7507,594.0999815,1.564389156
7508,535.4883488,1.883886112
7509,542.6608748,0.31177721
7510,534.1195357,2.152097832
7511,509.4186485,0.694925523
7512,630.4661375,3.950988793
7513,609.0848402,4.243147214
7514,578.4808455,4.251822874
7515,570.3481155,0.825063267
7516,615.5715944,4.779172715
7517,619.4948235,1.337889168
7518,565.2665695,4.194532333
7519,615.5718342,0.785012805
7520,613.2014899,1.645999374
7521,592.397243,1.979366261
7522,601.4945543,2.122893631
7523,583.6070323,4.446620885
7524,662.8050912,0.920837349
7525,636.2092553,1.026571971
7526,588.8206853,2.152470222
7527,572.367686,2.306253512
7528,550.5059425,0.721484529
7529,588.5489371,0.734884049
7530,577.6804078,1.834012392
7531,555.2315549,3.172022868
7532,580.5171573,3.020245531
7533,586.3923327,4.126682618
7534,561.9882823,2.869037138
7535,591.1170455,2.508786497
7536,603.3143786,0.882014622
7537,634.1773659,2.226349012
7538,564.2818643,1.397220251
7539,617.4589258,0.768376453
7540,585.6948618,0.857154857
7541,612.321155,2.565130609
7542,640.955814,3.553436415
7543,632.9156935,2.504116404
7544,667.0923954,1.861579343
7545,656.0274104,4.792216193
7546,624.3670067,0.544692215
7547,614.6694867,0.271548799
7548,613.9436719,2.684675331
7549,564.7378051,0.38315019
7550,582.7821582,1.891276536
7551,591.4256222,0.984368614
7552,557.2980369,3.741041766
7553,582.1711937,3.320317044
7554,568.1386714,1.92049752
7555,613.9148045,4.695453301
7556,560.5339691,3.356278527
7557,592.1591503,1.954742625
7558,578.9317187,1.876736741
7559,597.1615794,3.646129435
7560,601.4658273,1.455115698
7561,552.2792808,1.865526941
7562,590.6413463,1.643836191
7563,555.7143621,0.686190248
7564,637.9651758,1.254311258
7565,625.7497703,2.718136757
7566,659.5136185,0.467480035
7567,593.6153468,4.340825331
7568,638.9460926,0.561896537
7569,602.465037,2.754091737
7570,606.4103884,3.86840793
7571,604.7243541,3.531315668
7572,634.8453547,0.487656636
7573,625.7590824,1.39536667
7574,561.0767654,4.335782737
7575,614.1892226,4.802054848
7576,560.4708745,4.533239543
7577,590.9393779,0.650223235
7578,579.5584143,3.626741494
7579,566.5482432,4.113415392
7580,605.5886039,3.90275884
7581,580.1657821,2.399077361
7582,508.0914831,2.193056914
7583,502.0507881,3.40116709
7584,565.5781521,3.608100143
7585,627.8091319,0.64711425
7586,615.3188493,0.494193432
7587,587.6675847,4.588905188
7588,615.738098,0.881059541
7589,637.5319252,2.828851141
7590,624.8932025,0.319627784
7591,642.6501085,4.854282843
7592,566.3799474,4.739155573
7593,638.5947659,0.656827423
7594,632.901833,4.747358846
7595,600.9765391,3.989725434
7596,569.5299738,1.517971565
7597,573.1141251,0.191562258
7598,573.2863377,2.565135788
7599,621.986509,2.163355761
7600,599.6018973,1.051829648
7601,586.3246116,3.758336259
7602,542.2028646,2.797282212
7603,611.2429247,3.492039139
7604,566.2668344,2.969536998
7605,593.3756031,4.291730421
7606,619.0815675,2.135283988
7607,641.307876,4.521631091
7608,601.010554,3.573090621
7609,581.1064465,3.008215128
7610,575.3132579,3.617839666
7611,606.4750104,3.419933866
7612,592.8627563,4.597542548
7613,589.6144119,3.502654029
7614,636.9382598,3.718598048
7615,606.1400822,4.419279487
7616,610.0479835,4.040774197
7617,638.373454,1.376159574
7618,590.1747667,4.08897039
7619,623.5990708,2.901225819
7620,578.2451593,2.372181763
7621,561.8774887,2.858742961
7622,560.4935901,0.352602541
7623,558.6063164,4.780074681
7624,526.4776591,4.502304689
7625,569.1583937,3.35308498
7626,529.8735386,1.108199087
7627,562.2624418,0.402242801
7628,564.1200738,3.29978941
7629,591.0417667,1.533676327
7630,604.8115894,2.430402549
7631,599.8686903,0.08336822
7632,550.4115412,2.16309856
7633,622.0630835,1.839614899
7634,541.6425335,4.090915223
7635,637.9173449,3.31084458
7636,565.96046,1.321750698
7637,626.2624334,3.7433507
7638,578.796025,2.935198373
7639,619.6059867,3.679577414
7640,622.0890597,4.290910885
7641,602.7566456,3.025434155
7642,627.3081488,3.312878117
7643,592.4833001,3.922709337
7644,520.7134862,3.00761725
7645,617.8137232,1.126349591
7646,619.1580126,4.234661249
7647,570.1343693,3.866766124
7648,542.454745,4.705756164
7649,582.4070163,1.966504061
7650,587.1113,1.719435254
7651,586.3349188,2.478280346
7652,539.4476952,4.140753687
7653,613.3367359,2.765591364
7654,567.414393,4.473009727
7655,597.6805248,3.354048716
7656,551.3431207,2.861431087
7657,595.3383536,3.676724468
7658,644.9197377,4.109431219
7659,607.7187054,4.311802106
7660,631.8427301,3.979309219
7661,603.3173125,0.413372548
7662,613.9737373,0.261205912
7663,639.4847545,3.617105768
7664,563.411498,1.807317987
7665,615.4973419,3.936658464
7666,580.8333901,3.203013565
7667,579.7665429,0.522430275
7668,689.4144121,0.419338945
7669,590.7568467,1.337717659
7670,569.5188116,0.481945192
7671,599.1915119,0.694531345
7672,599.4078384,4.22270226
7673,542.3939006,0.727838919
7674,620.3526384,3.41248919
7675,565.1327539,0.649014081
7676,564.2940899,0.192041661
7677,580.4554155,0.704993314
7678,582.3954376,3.255614487
7679,571.4637791,3.409816194
7680,628.1666468,4.95976275
7681,590.3946867,3.342043176
7682,600.5060534,1.738712553
7683,631.486701,1.295177604
7684,622.279195,2.86553246
7685,588.351997,0.814310313
7686,680.5686509,3.68072372
7687,583.991572,4.238979644
7688,652.7013127,4.024776497
7689,646.8778663,2.072282234
7690,579.5831781,4.211802063
7691,595.0949774,1.934383226
7692,604.0145606,2.500727312
7693,620.9816453,0.547587856
7694,651.1946406,4.407782158
7695,581.0242633,4.496252572
7696,557.3084815,3.955972468
7697,605.2299542,3.15460879
7698,576.2535693,2.533294665
7699,552.6752877,1.709119574
7700,540.0169335,4.79416423
7701,537.6691613,0.173473178
7702,587.1626796,3.708440462
7703,656.754927,1.823313613
7704,594.1577321,4.241307761
7705,588.6785309,4.035232502
7706,616.332565,3.596581662
7707,568.5660929,1.168436301
7708,607.5530996,2.515311975
7709,631.8754286,0.433601095
7710,646.3239003,0.098429906
7711,649.2522517,0.631365471
7712,604.0372567,3.646224871
7713,650.1893952,0.881231631
7714,630.8793495,1.514981854
7715,636.5264202,4.754924168
7716,604.5516456,3.145079411
7717,598.6596427,2.960420351
7718,640.330127,3.063784284
7719,519.592321,1.474370116
7720,530.3161907,1.330131043
7721,525.4098363,3.573018558
7722,611.4195085,4.813768501
7723,585.7568594,2.028662109
7724,578.7673566,0.928372618
7725,572.2734938,1.401662232
7726,569.3868565,2.229948946
7727,553.5182885,3.545130169
7728,580.9574821,2.394707362
7729,593.5205546,0.617587152
7730,559.8314394,2.695857849
7731,617.9446161,3.725193806
7732,610.7333117,4.2555593
7733,644.3032583,2.190331277
7734,671.7386918,1.621169257
7735,623.3439461,4.512639117
7736,650.8179715,1.488971143
7737,669.6719937,3.98881619
7738,598.4902316,4.037600954
7739,665.5974449,4.663919446
7740,591.0935463,0.781150156
7741,587.3959181,3.846570726
7742,601.8039974,2.422984761
7743,561.8686316,2.211337895
7744,572.5073166,2.576950037
7745,640.0556347,3.274552526
7746,630.9325077,0.644479079
7747,581.2499678,3.09971522
7748,539.7877844,1.905497131
7749,597.7929316,2.376942455
7750,566.1714607,3.152783777
7751,593.4184806,3.848088898
7752,610.2736292,3.115043445
7753,585.6595723,1.60275653
7754,618.0115326,0.861595085
7755,627.3801377,4.559013217
7756,672.8510652,4.619027922
7757,585.5768497,1.421015985
7758,654.8346461,2.344372698
7759,675.3793984,3.662698694
7760,632.60923,3.95719289
7761,652.8635323,3.374292969
7762,618.4420143,3.23616725
7763,584.624386,3.373629981
7764,640.7824242,4.927736861
7765,575.8396111,2.004352934
7766,583.6391255,3.477641372
7767,594.286646,4.301869288
7768,551.1265714,0.090059379
7769,544.0036592,4.158379104
7770,596.9760927,2.80172131
7771,593.233165,2.217913274
7772,590.6310636,1.427898317
7773,519.9449981,1.030071544
7774,528.4380597,4.483597331
7775,649.7547499,1.779533917
7776,573.3281331,0.1613823
7777,592.7908119,1.61629135
7778,654.539618,2.642139791
7779,608.9125682,0.022624574
7780,641.8505901,4.963922141
7781,579.1041341,3.856531054
7782,628.6851397,0.302833989
7783,598.9648305,2.880620762
7784,582.8536629,3.184147332
7785,620.8014978,4.697730997
7786,659.8911168,2.843235276
7787,647.5712697,1.511215053
7788,595.1574027,2.965825599
7789,561.3783852,0.519501415
7790,618.7738506,3.203090375
7791,495.11962,4.576321564
7792,565.1013694,1.394410631
7793,574.3702998,3.219755736
7794,539.095928,0.217038117
7795,647.4804258,2.360449167
7796,616.2571271,1.585990034
7797,559.4582701,4.322173995
7798,555.3276256,1.648806267
7799,595.2827697,4.972654115
7800,634.2909191,2.054465278
7801,595.3980975,3.597664123
7802,591.9075197,4.737760589
7803,644.2318416,4.230482273
7804,586.5526289,4.45979671
7805,665.587918,4.96498538
7806,636.5793376,3.277612299
7807,647.5529937,2.63425066
7808,615.4617061,1.076073617
7809,643.3291741,2.008684781
7810,597.3245392,4.942794329
7811,573.2627109,2.906281775
7812,618.6967937,3.421881553
7813,555.6157121,0.570777886
7814,532.2918354,4.892902419
7815,550.4109255,2.34010378
7816,571.8822561,1.974061258
7817,570.2193517,3.004126276
7818,598.4508731,3.615735521
7819,551.5745772,0.972894785
7820,585.6338318,3.339746668
7821,574.7571258,4.333975845
7822,532.3584094,2.125287872
7823,588.2088876,3.056712723
7824,614.993096,0.72941593
7825,608.1294313,3.855144493
7826,609.1887406,2.289558425
7827,615.2896345,2.198466464
7828,601.0216485,0.409436011
7829,655.3800764,2.340474314
7830,631.6091759,1.445468265
7831,614.0082528,0.609972748
7832,623.1460582,4.508491749
7833,583.5056018,2.847452514
7834,642.0260307,4.250100211
7835,570.5729006,2.47846405
7836,588.4355388,3.554820487
7837,597.4045159,2.058503464
7838,589.9744295,2.269876317
7839,542.2620148,4.873473208
7840,550.892752,4.91983981
7841,550.3610764,0.802137725
7842,535.2008282,4.339476607
7843,604.7732001,4.715433701
7844,574.2066004,4.228011465
7845,574.4014562,3.745764692
7846,616.8638069,1.642695341
7847,573.9157845,2.496578203
7848,631.1671569,1.853915764
7849,583.555351,4.790825769
7850,593.3199575,3.539901634
7851,596.5850374,1.522464898
7852,632.6316043,4.717361647
7853,604.9329492,3.649543571
7854,651.6399006,4.966097148
7855,622.5072869,3.423544608
7856,669.6086011,2.319369019
7857,625.8194668,4.698839204
7858,617.6193464,4.50190043
7859,605.9873355,4.489521688
7860,610.2216332,3.48923652
7861,620.0981907,1.108045702
7862,579.63594,3.461999627
7863,558.6318522,0.264639534
7864,576.0634794,0.445221728
7865,562.5279508,4.632335843
7866,584.4204826,4.311121594
7867,591.702294,1.290458025
7868,567.2771293,3.936640851
7869,585.5372177,0.481330292
7870,584.4365733,0.014703404
7871,549.109378,1.389775129
7872,584.9799953,2.453788916
7873,633.5440545,1.389191804
7874,663.2881567,2.26510578
7875,634.24183,1.167856577
7876,619.5862331,4.740262247
7877,625.2667581,3.303153849
7878,673.6208446,1.040871982
7879,610.1091387,3.22548993
7880,659.4550206,3.898419738
7881,615.7578751,2.649776305
7882,622.4102742,2.584317448
7883,624.5107803,4.033796258
7884,586.4341611,2.262123468
7885,557.6334164,3.924786642
7886,627.2682539,0.043376898
7887,605.7018797,2.575550772
7888,605.2654453,3.428183696
7889,643.3200968,3.393691095
7890,540.5757151,0.684051994
7891,580.7410504,4.701464793
7892,568.9659729,1.829121331
7893,613.2619981,4.04030222
7894,600.298066,1.547923129
7895,579.5563135,2.526097396
7896,570.4661715,2.467014748
7897,630.2379887,1.481029288
7898,552.8407579,1.955410193
7899,610.5669687,0.650890707
7900,657.2625875,3.167890496
7901,570.5988592,3.202630268
7902,699.2726588,4.927447443
7903,626.9431385,3.175550631
7904,680.4175958,0.674646759
7905,596.8705134,4.718238573
7906,598.1892223,3.118346048
7907,631.4789835,3.469412323
7908,601.9619388,3.240652073
7909,587.1251065,2.050493951
7910,636.1319907,4.324680961
7911,574.0837297,1.726195274
7912,534.4197297,1.936906709
7913,566.087856,0.487634619
7914,522.6798384,1.65429901
7915,590.9016782,1.146320458
7916,593.8404515,1.529783009
7917,588.6726741,4.724713477
7918,609.2544104,3.782006849
7919,604.9942423,2.601499866
7920,611.1702422,3.391845338
7921,616.305092,1.085619381
7922,607.4753593,2.362331699
7923,569.5829997,4.976433115
7924,628.0191137,3.87849281
7925,648.4601908,4.298189816
7926,662.4595413,3.76421976
7927,645.6451064,3.526893659
7928,645.8061635,3.499938572
7929,615.2707284,3.612406122
7930,687.5035585,0.244400434
7931,637.6986098,3.980414125
7932,646.6209496,0.645351116
7933,638.3324877,2.852152348
7934,602.4903359,4.68732715
7935,558.2415575,0.495630567
7936,578.378959,1.678121473
7937,643.838335,0.703310714
7938,510.7593614,2.64090905
7939,562.4990048,3.613765749
7940,580.9727963,3.574033437
7941,638.9761826,2.709909082
7942,581.6419312,1.29734176
7943,622.8212688,0.173717817
7944,642.8206472,1.257244367
7945,590.8416936,2.864353666
7946,646.9967052,3.420556256
7947,602.3215768,2.527011193
7948,579.543313,3.601066769
7949,660.6225487,3.854353609
7950,667.0910489,4.132759838
7951,624.0830447,2.260646229
7952,648.0377277,2.427195624
7953,617.8101638,2.689870632
7954,679.7355781,3.533600071
7955,599.7463682,0.982736652
7956,601.9272105,0.839714935
7957,552.3137709,2.747760197
7958,584.8035674,3.376660723
7959,566.9070572,2.920900258
7960,581.1336938,2.560188896
7961,559.1396662,2.694139586
7962,559.768465,2.635683937
7963,594.7742284,3.952482839
7964,609.3312092,3.477195028
7965,618.5767405,4.335321155
7966,570.7419015,0.082150111
7967,585.5180235,4.305980248
7968,631.9105812,2.481806682
7969,619.7155961,4.937571755
7970,647.3179844,4.257755937
7971,615.8259473,3.493097014
7972,646.3773779,4.233494375
7973,630.9035068,2.851227077
7974,654.1264454,0.262524538
7975,624.3075502,2.321058843
7976,671.7645879,1.186810597
7977,630.6038612,3.587306508
7978,650.8456998,2.893885334
7979,618.2600597,2.833078888
7980,609.7588047,3.637289734
7981,655.8717065,3.018015285
7982,605.6102316,4.959600518
7983,588.1942742,0.929822913
7984,567.8732351,4.811128938
7985,647.760667,1.740124695
7986,587.0345112,2.326971291
7987,544.9170492,4.754522916
7988,618.9680162,1.45577304
7989,608.6202956,1.355234189
7990,610.1502842,3.929062319
7991,628.1021066,2.095769614
7992,600.6312157,1.14561471
7993,640.2770033,4.959839096
7994,631.3233917,3.995335282
7995,629.589706,4.825699304
7996,668.0621154,0.180050314
7997,662.9964831,3.717272062
7998,593.1135605,2.08967956
7999,582.497222,3.338445212
8000,640.331164,4.744708301
8001,618.2912717,4.584731839
8002,692.9495016,4.644517463
8003,560.1611779,4.983312219
8004,654.0510902,4.198256562
8005,589.4313648,1.456475334
8006,601.8812047,0.153146594
8007,588.8767848,3.645304447
8008,583.9717753,1.087892903
8009,600.5811401,0.205576793
8010,563.1604938,3.849572993
8011,600.6952915,0.410152832
8012,570.115699,3.165493651
8013,574.4796741,1.100719324
8014,572.3002987,1.402431973
8015,664.8610002,3.26531386
8016,584.9827961,3.679824752
8017,616.1189594,1.984244728
8018,639.8770686,2.193736957
8019,524.1555714,1.204834702
8020,665.2324746,1.11139325
8021,567.2461114,4.496214153
8022,697.7392397,4.37422292
8023,579.3730207,0.293645226
8024,646.2115735,2.739465327
8025,606.1348197,1.750032873
8026,613.0102471,0.4475452
8027,659.5300846,2.626108237
8028,624.191216,3.449811783
8029,616.7790592,1.793574339
8030,594.8012573,3.349508502
8031,596.5749908,1.841402838
8032,512.3131872,2.759094347
8033,552.9380089,1.380973343
8034,601.8324648,3.226453939
8035,560.838208,4.486340351
8036,555.0149178,3.262668191
8037,599.2030724,1.978060925
8038,625.2707269,4.711266027
8039,607.4036297,3.96905732
8040,625.8502368,4.741713373
8041,597.6750433,3.447857517
8042,597.7714278,3.982178738
8043,612.5311481,4.789207166
8044,640.4187627,1.414894486
8045,639.3140419,0.902743159
8046,605.2798547,4.622506855
8047,652.7906227,1.418499514
8048,679.5711415,4.547487871
8049,663.9463355,4.270443218
8050,649.3058769,0.34739573
8051,592.2909991,4.360365778
8052,627.923736,2.462673307
8053,630.9643345,0.16360151
8054,626.5871159,0.554504174
8055,615.1732337,2.647373303
8056,591.1074563,0.44488504
8057,598.9553925,0.290476668
8058,570.3964652,4.345100288
8059,600.1304441,4.590266854
8060,600.6730173,2.842206996
8061,601.4501144,0.504051219
8062,594.1444622,3.097495516
8063,633.3971663,2.708176233
8064,599.6940144,1.121665111
8065,633.936942,1.178945057
8066,565.4538512,4.893261447
8067,654.6997399,0.533131823
8068,605.4634323,4.660728386
8069,617.968886,0.743108301
8070,613.6128555,0.978404345
8071,635.2407756,3.964633994
8072,643.3623835,1.166900802
8073,697.6927323,3.336072822
8074,624.2228188,0.987292288
8075,548.8695846,3.643875949
8076,654.3978821,1.777174055
8077,543.3033,4.193022392
8078,609.3486526,4.592668853
8079,588.2660113,1.376487917
8080,594.0605115,4.851337503
8081,628.4255791,0.581284177
8082,587.7158151,4.644297988
8083,625.4575683,0.38126882
8084,607.2673252,4.952364908
8085,634.5131477,2.971735847
8086,634.3823172,4.722305372
8087,576.2008846,4.184757985
8088,566.9296116,2.521280834
8089,581.0603168,2.692773465
8090,660.6651303,3.22578929
8091,630.9938566,4.204613815
8092,636.6760666,4.966045703
8093,634.8033118,2.420674204
8094,647.4009748,1.416208907
8095,620.7385211,4.887089485
8096,635.9590258,0.480506338
8097,632.9474861,0.552688135
8098,623.3608051,3.963133702
8099,626.9776684,2.720564979
8100,562.1663564,2.857073571
8101,623.69572,2.469461391
8102,521.3017846,1.764732152
8103,610.6997836,0.015029974
8104,585.0910821,1.201804951
8105,597.706242,0.913635266
8106,591.4669558,1.330360724
8107,589.3510826,0.269295232
8108,588.6156839,1.857767886
8109,591.7189716,0.668989431
8110,615.5267084,4.649922706
8111,667.5984351,3.265497265
8112,591.4456225,1.080294599
8113,586.7742104,3.726004399
8114,656.9436563,4.671994635
8115,601.5671458,1.107247066
8116,607.5251035,1.528724781
8117,665.7930548,4.629022891
8118,662.7567247,4.20231267
8119,646.3706956,3.586462181
8120,606.1892245,1.018139261
8121,628.2966355,2.615320766
8122,633.4084137,2.700366903
8123,595.8129835,1.903487039
8124,633.334323,0.935783443
8125,613.6530174,2.895950073
8126,593.7877867,1.765712041
8127,611.6099026,4.235926211
8128,617.9502434,0.779802558
8129,584.1979438,0.005331641
8130,596.7101229,0.674350467
8131,593.4499928,2.914579442
8132,575.152236,3.600090684
8133,636.1718661,3.196945204
8134,609.8603753,0.866642464
8135,571.8375401,1.171563261
8136,597.4716679,1.946142145
8137,569.5953166,4.174021144
8138,600.0587746,3.856794742
8139,664.0002798,3.238222579
8140,642.6327575,3.098155634
8141,612.663845,4.091445771
8142,597.4690849,4.052066919
8143,649.7927895,0.145364028
8144,605.2678027,3.495370581
8145,653.5391473,0.060386692
8146,667.4671515,1.333797324
8147,619.3506278,4.922824442
8148,625.0377405,4.067728657
8149,638.457418,4.091058856
8150,660.2926079,3.19335396
8151,621.8095328,3.342115371
8152,621.4984044,1.288325082
8153,615.8167307,0.375561867
8154,627.6442338,2.372546706
8155,553.1619678,3.667287059
8156,546.4099222,3.936365905
8157,589.518658,1.979189386
8158,662.5173193,3.984590845
8159,578.3804991,0.108877616
8160,568.3902553,1.444575465
8161,637.3003921,2.925038048
8162,639.1919041,3.644639911
8163,706.5564022,4.827204159
8164,656.7670271,4.05062327
8165,607.3592982,4.99783809
8166,645.3429161,1.975493267
8167,602.4952623,3.526512623
8168,650.2201056,3.468456599
8169,646.4420527,2.178616306
8170,664.3688813,2.026229907
8171,669.5528083,2.843263038
8172,609.9197766,0.483955126
8173,644.3615518,4.19332176
8174,566.7937466,4.919493135
8175,598.9171949,3.308949997
8176,579.7812106,0.493648024
8177,597.8526539,2.309358526
8178,607.1883393,2.791454236
8179,561.8303778,0.549882502
8180,609.7801364,4.859264281
8181,600.4246028,4.072193981
8182,560.3322489,1.457939803
8183,571.3228285,0.614826769
8184,576.2757853,1.824753653
8185,621.4051649,4.76010727
8186,624.1235005,2.134879206
8187,671.1256074,1.969767962
8188,638.5241149,0.743200287
8189,662.5796508,0.043235958
8190,648.8063035,3.132526524
8191,635.6886653,3.904875722
8192,672.3990442,4.257605641
8193,673.8420382,2.32616083
8194,615.8310982,1.025015639
8195,640.2699511,2.041906189
8196,584.4264234,1.612159192
8197,611.0175829,1.73842236
8198,595.0923578,2.091186738
8199,601.6063257,0.026901533
8200,557.753911,4.656256956
8201,601.5610479,1.309238786
8202,637.5272875,1.713935504
8203,614.1035044,0.332326809
8204,602.8642665,2.528528153
8205,629.5388848,2.994555676
8206,603.0333703,0.843777446
8207,613.7490295,0.656803365
8208,567.3689918,1.189756165
8209,602.504081,3.831587473
8210,589.4413167,1.312066982
8211,638.3801554,1.856789087
8212,663.2848081,3.911605433
8213,710.4483356,0.590460993
8214,661.7016878,3.467540887
8215,651.3046426,0.26775596
8216,632.7502616,1.034531196
8217,640.2525751,4.573157037
8218,648.2353934,4.02048021
8219,594.8289021,2.65204408
8220,554.5993692,4.052207004
8221,577.7930868,2.51410253
8222,607.1090247,2.361621922
8223,600.0514344,1.023939923
8224,551.4231769,1.593361432
8225,565.846955,3.66522986
8226,565.5461402,3.177122325
8227,539.4999052,0.460751183
8228,570.9593638,2.300390841
8229,575.7737091,2.108622914
8230,565.5814007,3.407639497
8231,661.144675,0.287461137
8232,685.3541287,2.061494401
8233,605.6408165,4.513963688
8234,611.7733914,2.026787765
8235,609.4027248,0.78615301
8236,621.3461763,2.200751256
8237,640.1148923,1.491064252
8238,651.0747098,3.227066901
8239,629.7266374,0.072127582
8240,635.8336619,3.493100435
8241,678.6405019,4.050018032
8242,598.5036255,4.507168882
8243,606.5922907,1.849443117
8244,649.0637845,3.310138369
8245,572.0834177,1.031676802
8246,607.1261265,4.907439344
8247,635.8352074,1.832957432
8248,593.3687543,3.319571513
8249,555.9291741,0.200331337
8250,584.4885552,4.154893222
8251,571.584257,3.635514432
8252,567.372396,1.438256721
8253,545.4038092,3.008933707
8254,650.8479994,0.478771854
8255,628.7737324,4.243564052
8256,668.3055859,2.598667349
8257,616.0911669,4.153315979
8258,606.4078631,0.759785173
8259,606.6237676,0.300070179
8260,658.6462978,3.948163737
8261,624.5636259,2.138679158
8262,626.6635162,3.472658773
8263,629.9458355,4.007854981
8264,619.338207,4.030843334
8265,586.3631879,4.148916575
8266,665.2428211,4.126384253
8267,584.9874415,4.221923361
8268,582.4444007,1.055797963
8269,679.7048096,4.615246182
8270,586.8442729,3.873816987
8271,575.6208927,3.284573637
8272,575.1514612,0.990444329
8273,597.0761442,0.456330252
8274,611.3173623,4.922375197
8275,564.2361503,1.592548071
8276,660.9121273,1.104144665
8277,609.8946946,2.376552839
8278,651.1992739,3.573596245
8279,613.1988705,2.605004475
8280,602.0014323,4.385283003
8281,648.3487877,0.791544077
8282,609.9752151,0.619972982
8283,607.1058614,2.243370414
8284,653.2178806,1.390761716
8285,612.2112829,4.659625908
8286,618.4921229,2.261421984
8287,621.3960757,1.562954682
8288,670.1814738,1.172368308
8289,653.1208107,1.601154091
8290,677.7753919,3.915671012
8291,619.5596766,4.618193828
8292,641.78499,1.773305848
8293,623.2100357,2.759564335
8294,618.484461,0.681658387
8295,584.8985837,4.734098641
8296,536.9591273,0.615679291
8297,611.6124611,3.327946396
8298,653.8688369,3.494807922
8299,584.3701943,0.561398678
8300,604.1915645,4.459730883
8301,659.7671463,3.554602358
8302,616.928692,0.689207347
8303,638.3620763,0.952862926
8304,622.10784,3.314957735
8305,679.2933435,0.023294446
8306,617.0696547,2.065968886
8307,607.5647642,0.380199986
8308,595.6696852,1.905751911
8309,655.7428755,3.492260117
8310,648.5554763,0.816368703
8311,651.1721045,0.504440759
8312,653.3245377,4.715208967
8313,661.2633199,1.062351722
8314,626.9878325,1.799798556
8315,626.3204301,0.114014206
8316,627.8749619,2.99126181
8317,698.2345048,0.564390065
8318,630.3130995,2.140329145
8319,586.6434324,4.541291156
8320,652.7510351,3.127509237
8321,544.8854889,3.930220726
8322,548.6319766,3.571741531
8323,586.7676615,2.002573594
8324,601.4987233,0.291801616
8325,580.5156915,4.522175331
8326,617.1809982,3.23493824
8327,602.1549375,1.479623843
8328,637.4373242,0.307581429
8329,602.4482491,1.131701274
8330,594.0407219,2.787265453
8331,632.1125059,3.369749362
8332,685.1343889,0.337739984
8333,648.1332478,1.081144004
8334,644.1650847,1.804889333
8335,663.5483798,3.232277805
8336,637.7623504,3.390933569
8337,617.3319253,0.28512423
8338,662.1457667,3.601669884
8339,620.0826699,0.757038315
8340,634.1905352,4.298754725
8341,586.0834572,1.617943942
8342,580.8475156,1.02338692
8343,565.7641007,2.290236705
8344,621.0762993,1.195064184
8345,614.9279215,4.463094714
8346,560.7416373,4.227632581
8347,521.1269105,3.404006706
8348,575.3805026,4.228742734
8349,652.7717674,4.849698364
8350,602.3481064,1.936886271
8351,665.9434609,2.796037718
8352,611.2926732,3.092318399
8353,679.3317807,1.659359273
8354,650.6237571,3.874457954
8355,632.2630016,1.575950156
8356,651.2267182,1.371702649
8357,621.352501,2.95225614
8358,633.1196005,0.926595269
8359,658.7684958,2.114493634
8360,643.5531497,3.969411311
8361,632.9807828,3.361561084
8362,630.8640557,1.28031349
8363,643.9712197,4.624790372
8364,628.4764983,0.265655937
8365,614.8709896,4.30974992
8366,609.7676855,2.183988721
8367,537.991601,1.188973627
8368,642.4507069,0.626771891
8369,569.9422574,3.439164304
8370,615.8542101,1.391738852
8371,629.120438,4.642197317
8372,562.7619962,3.524684161
8373,605.980966,2.454464819
8374,633.660608,0.965707616
8375,585.5140892,2.598867071
8376,550.4642845,2.768779927
8377,621.6608149,2.807122424
8378,583.1310217,1.931335777
8379,679.8140725,3.0133964
8380,607.0663704,0.417982764
8381,613.2798968,0.800880948
8382,656.9104803,1.250277798
8383,663.989548,1.443682203
8384,661.4136036,1.867493446
8385,685.2329914,1.161127509
8386,649.2446058,3.873334008
8387,646.5950231,1.166030162
8388,625.8240583,3.958978082
8389,633.2285262,1.91127242
8390,578.0660757,4.60029083
8391,643.7012147,3.663656634
8392,587.4572203,4.712278091
8393,617.163859,1.504559541
8394,601.8343322,2.994267529
8395,574.9303997,0.635013237
8396,624.0309616,3.963079825
8397,579.8444048,1.466194572
8398,613.7938532,3.649794785
8399,656.195911,3.902933566
8400,608.7158683,1.311584481
8401,622.7325441,4.063528071
8402,675.3301104,2.698115192
8403,681.5085099,0.625134106
8404,572.4540966,0.217698147
8405,631.9194314,3.493902519
8406,639.7459659,4.575126847
8407,719.9453535,2.31489349
8408,655.9719711,4.645957743
8409,661.2064843,0.661631491
8410,630.930666,4.406267312
8411,582.0854689,3.029522256
8412,590.8605215,4.083848885
8413,616.0076258,4.623329271
8414,610.5695718,0.558439467
8415,560.9536187,3.006226255
8416,626.254888,3.230712901
8417,611.4449682,1.170142815
8418,563.3346612,2.749882466
8419,590.6709121,0.728769239
8420,566.3735377,0.438483773
8421,595.0462188,2.510130465
8422,651.7592926,3.8544278
8423,610.2541902,1.543440485
8424,608.385055,4.276651793
8425,670.8489512,1.214462199
8426,631.8469136,3.548442391
8427,647.5151159,4.423636973
8428,678.5231534,2.757063575
8429,657.1124381,3.008179548
8430,619.7941804,4.669555025
8431,665.3955503,4.903411436
8432,657.067631,2.844646919
8433,622.4190991,4.41936007
8434,711.7362968,2.883303533
8435,619.2326015,1.768300716
8436,608.6057952,1.73866535
8437,622.6553587,1.443578004
8438,599.2068032,2.546223206
8439,618.6103868,0.109599311
8440,578.3507895,0.545308159
8441,645.867405,2.338710274
8442,563.8135544,0.285621461
8443,655.4559897,2.381136677
8444,593.0166183,2.600015365
8445,576.8742207,2.615264161
8446,598.1955034,1.868078598
8447,612.592038,2.03048394
8448,643.2193274,2.718277623
8449,597.0051582,0.766362911
8450,598.3888322,0.369935217
8451,611.7026239,0.661485537
8452,642.9727034,3.531961141
8453,648.1479126,2.665071124
8454,676.2886673,3.082168925
8455,627.7685548,4.009490428
8456,631.2698069,3.801968725
8457,665.7782702,0.593194963
8458,634.190096,0.583125882
8459,604.4388208,1.82140898
8460,651.394314,4.721419022
8461,640.9286334,3.326522298
8462,567.34073,2.099095043
8463,550.9729608,2.551431241
8464,541.5178479,3.391347704
8465,589.9940314,1.111555772
8466,639.1989539,0.158579883
8467,617.7864407,1.349910446
8468,628.1942682,3.870579166
8469,569.27783,1.893450071
8470,607.4326619,1.520156491
8471,629.1222842,4.62185412
8472,622.9192371,3.94840635
8473,603.8189077,1.424108205
8474,648.2900786,3.970442285
8475,652.4052686,1.300846216
8476,623.3780864,3.266285921
8477,689.2061112,2.707649502
8478,629.578537,0.346398309
8479,626.743385,3.951318182
8480,665.4031844,2.52996132
8481,601.8563661,3.819000027
8482,646.7060926,3.830741956
8483,640.4347385,3.328251232
8484,616.9335133,2.962406986
8485,551.4205653,1.281307264
8486,563.3603327,4.39904067
8487,615.7714544,2.482720452
8488,535.494678,4.035224558
8489,565.5074449,3.972306844
8490,623.7334707,4.830237573
8491,626.9226708,4.851050846
8492,588.8557107,2.068734038
8493,582.3285597,0.552508617
8494,635.0272576,1.268549459
8495,614.9952301,4.087129697
8496,613.3014512,1.777495503
8497,626.427435,4.687818811
8498,658.6154428,3.475463775
8499,691.3273614,2.999346128
8500,685.5402441,1.776871696
8501,615.7376059,1.984879963
8502,649.4882063,1.169367327
8503,667.2650782,2.100226989
8504,631.1012105,0.976666061
8505,657.0529681,2.101463407
8506,617.9676718,1.616785219
8507,657.6932546,4.278419121
8508,625.4029739,2.045957498
8509,600.5291289,1.089363825
8510,612.5992874,2.910555388
8511,624.3195166,3.947941764
8512,589.6773108,3.898520379
8513,633.556044,3.053087059
8514,545.6252133,3.566844502
8515,599.7869523,1.123077077
8516,552.1759327,2.745120528
8517,613.7162826,4.945045086
8518,546.1816054,2.16122881
8519,549.3885043,0.546543203
8520,630.9600168,0.931848407
8521,666.1437237,1.707875539
8522,625.9281341,3.478524486
8523,581.7159008,1.030221801
8524,647.1690165,2.3442291
8525,651.8381562,4.567399551
8526,627.2226731,1.829389105
8527,659.1776948,2.633980776
8528,638.4725035,4.491290882
8529,625.7801874,4.057988027
8530,690.7996518,1.466832702
8531,584.6941247,3.508525538
8532,663.9857644,4.726934234
8533,637.1507999,0.023000685
8534,593.2512152,2.018577119
8535,609.1240632,0.858993924
8536,560.5084563,0.909161337
8537,521.0813212,2.469381923
8538,603.2945086,1.997559678
8539,608.3758503,1.949768436
8540,618.5965556,1.089867634
8541,529.846876,4.161130145
8542,639.3653835,0.529691234
8543,620.0738475,0.896683601
8544,614.0911729,4.939509376
8545,629.0059654,1.227684329
8546,593.3655554,1.224217036
8547,618.1447615,4.705502735
8548,641.7481269,0.296156201
8549,682.1863189,4.147229395
8550,617.1364451,0.06172778
8551,625.0173741,0.029910107
8552,654.453356,0.613575365
8553,638.6042008,4.66155213
8554,615.0582124,0.661324618
8555,652.7584051,2.646391148
8556,617.6262181,0.78357813
8557,593.7046868,2.727519717
8558,548.3690815,2.353073547
8559,558.1607732,2.376274646
8560,584.9653066,4.718899173
8561,633.2956031,0.533222193
8562,632.9665384,2.836007164
8563,602.4979678,0.160879006
8564,606.7522166,0.20848906
8565,561.8914562,4.026294346
8566,613.3185151,2.994535919
8567,654.230891,3.027616722
8568,571.4520644,0.940308849
8569,707.2867523,1.31332199
8570,623.1208583,0.144897407
8571,605.5769655,0.155522173
8572,681.2114064,1.991646952
8573,660.326329,3.185418387
8574,655.6591318,4.004343349
8575,641.8706715,4.691867113
8576,672.2024388,3.171708508
8577,632.2799538,3.692540513
8578,611.7209322,0.728017249
8579,655.8970752,2.800939055
8580,615.1897026,2.081919699
8581,597.2480026,2.36980792
8582,637.3977532,2.82866774
8583,627.1955542,4.026222835
8584,586.0921555,3.328462776
8585,586.0764678,4.521519525
8586,547.3875424,2.84667827
8587,562.1695168,2.172308323
8588,588.1809045,4.730281023
8589,606.3625567,1.709280285
8590,655.9314283,1.21193299
8591,606.3740462,4.097783037
8592,590.8349359,3.075701318
8593,644.5163528,1.500682008
8594,618.1775631,0.384523701
8595,580.6960876,0.47556087
8596,734.2654133,2.456902502
8597,572.2371136,4.135236455
8598,654.5737946,2.573772514
8599,674.8091305,2.390490379
8600,716.5314274,2.30781918
8601,650.8846761,3.670417087
8602,602.9087307,3.823384334
8603,635.5577756,1.151504097
8604,661.7366986,4.841478582
8605,629.1665388,3.331538219
8606,664.0594943,3.48987044
8607,550.7348885,3.577335235
8608,549.052433,3.83501125
8609,627.9396822,1.55403513
8610,549.9043584,2.983641171
8611,586.0625776,2.284433385
8612,631.4765878,2.153801407
8613,628.9545526,1.13058526
8614,617.7360889,1.527640262
8615,628.9408062,4.440239351
8616,628.4190656,1.486196712
8617,626.9585925,4.133529114
8618,616.0992784,3.265447603
8619,665.8353293,1.190245972
8620,586.153728,1.105622764
8621,702.1038926,0.361179539
8622,635.9409478,3.22536063
8623,671.0417789,3.858455375
8624,646.9081097,0.186732077
8625,642.395279,3.197192109
8626,669.9622236,2.524641138
8627,679.0172056,3.054087557
8628,640.1032752,2.786661639
8629,626.9050303,3.458276062
8630,670.1479556,0.049394706
8631,584.605948,2.429340595
8632,666.1467139,1.914619521
8633,642.3925664,1.216434829
8634,566.0573991,0.603254543
8635,615.5887419,0.835927272
8636,591.0875582,1.553987205
8637,620.6384287,1.013633996
8638,632.1504651,2.187408404
8639,653.100698,3.104043478
8640,629.7826817,1.312660711
8641,654.6598397,0.57524049
8642,614.2765131,0.243360524
8643,693.2947766,0.998432534
8644,667.2515792,3.540147549
8645,662.3741124,4.642845658
8646,662.7267303,4.747045904
8647,630.5540658,2.798733857
8648,640.4372273,2.497079457
8649,603.6672358,1.439640591
8650,656.0062688,3.168636699
8651,583.0231759,3.086293083
8652,603.815675,4.207087341
8653,644.2654701,0.883119799
8654,601.702922,1.368454866
8655,560.4896113,0.010845504
8656,564.4892725,3.140800684
8657,536.728096,2.722735879
8658,624.8653515,0.656961158
8659,662.6385567,0.886651708
8660,627.0536922,3.12963257
8661,620.9217457,1.845654687
8662,604.5062987,3.074864266
8663,664.5411239,3.295282275
8664,594.5545181,1.941350204
8665,599.0811567,2.822067809
8666,602.6091986,1.946364385
8667,663.1058846,3.03218718
8668,656.506149,4.817510098
8669,647.528756,2.373410729
8670,687.1483595,4.445583606
8671,652.3728251,3.760703643
8672,662.3532084,1.525480483
8673,621.5651054,2.282678081
8674,584.4676132,1.3608634
8675,633.3098396,4.923396086
8676,623.7123177,3.937540824
8677,651.5633574,3.593865245
8678,602.2224384,0.63275276
8679,628.3246209,1.841265209
8680,618.1390577,3.930139997
8681,589.7617758,0.409022635
8682,601.2722308,4.720459827
8683,610.8180562,1.776758876
8684,635.3926024,1.854917861
8685,635.3152216,2.201446429
8686,597.1630207,0.876243983
8687,646.2720208,0.8354675
8688,599.8370566,0.196552292
8689,580.4700945,4.379073563
8690,635.6266556,4.128315865
8691,662.3139133,1.010494087
8692,684.8599909,3.833716839
8693,655.3320539,0.423418841
8694,590.0698435,1.327013559
8695,644.7497397,2.239010887
8696,689.0648469,2.91387813
8697,649.6204791,0.51556445
8698,607.6049343,4.695983498
8699,664.0359603,3.921009674
8700,640.0180087,1.538956364
8701,650.6484956,1.251370196
8702,610.2790473,0.455522441
8703,599.7687002,2.028925816
8704,608.831917,4.879195784
8705,592.4372619,1.67953516
8706,621.472314,4.668183879
8707,560.2913264,0.181914759
8708,578.6108693,3.041432227
8709,584.4275176,4.92677631
8710,641.5982206,4.117048977
8711,571.4212966,3.320309456
8712,567.857791,3.081000546
8713,634.3518725,2.476289904
8714,677.3648747,3.288272317
8715,666.9791744,3.297176107
8716,719.1393436,2.106946384
8717,646.1115366,0.131102333
8718,677.7270688,4.4046834
8719,622.4268336,4.71241396
8720,671.1816303,0.670377562
8721,632.3851605,1.70619255
8722,630.831843,3.801176527
8723,638.9861005,1.424255169
8724,601.5461029,4.263490649
8725,616.7867205,1.210358133
8726,568.5893693,2.727498325
8727,580.1817236,1.255882204
8728,612.3936541,4.500195057
8729,576.9974744,0.154486102
8730,561.7200079,1.730643467
8731,542.6337386,4.953785893
8732,616.8036217,1.111378223
8733,600.4486764,2.999827797
8734,620.1404072,1.581994995
8735,654.1387642,4.438255904
8736,628.0483606,4.093124115
8737,610.2212436,2.214667826
8738,622.2289368,3.69137556
8739,716.4406491,3.430994234
8740,655.302503,4.833787797
8741,622.6571057,1.394200004
8742,684.3537066,4.524126189
8743,658.5273945,0.828899176
8744,665.1444812,3.21209426
8745,629.5608006,0.608077497
8746,646.6952736,3.34743903
8747,652.6792677,2.631841788
8748,690.4883375,4.325271641
8749,625.4314325,1.611956669
8750,576.4123514,0.623537736
8751,585.0869303,2.818479992
8752,649.8779767,2.986687862
8753,612.4135625,4.336260361
8754,574.4806135,3.868527222
8755,596.1665013,1.184399874
8756,624.145011,3.944232087
8757,610.8614873,3.548301975
8758,626.8552173,3.673621146
8759,620.8515704,3.042742644
8760,592.7434353,1.673325347
