stage_id,,S1
hub_id,,H1
ec_id,,E1
profile_key,,price
1,49.81425211,24.90712606
2,56.69678931,28.34839466
3,71.25948804,35.62974402
4,63.69414455,31.84707228
5,78.54527091,39.27263546
6,66.41383259,33.2069163
7,64.27988494,32.13994247
8,65.72494677,32.86247339
9,64.07688234,32.03844117
10,65.25031629,32.62515815
11,58.29259775,29.14629888
12,55.74723013,27.87361507
13,49.23376878,24.61688439
14,39.25780306,19.62890153
15,41.33492544,20.66746272
16,35.22773062,17.61386531
17,33.78820644,16.89410322
18,25.64779409,12.82389705
19,32.61486298,16.30743149
20,26.82495295,13.41247648
21,40.4490049,20.22450245
22,40.14209191,20.07104596
23,48.25016158,24.12508079
24,46.96567138,23.48283569
25,47.05994579,23.5299729
26,51.35935938,25.67967969
27,61.23605875,30.61802938
28,55.99917985,27.99958993
29,73.58916025,36.79458013
30,68.93458622,34.46729311
31,58.94901832,29.47450916
32,64.18162162,32.09081081
33,68.25487162,34.12743581
34,67.92435535,33.96217768
35,57.11550677,28.55775339
36,55.09565495,27.54782748
37,50.3345543,25.16727715
38,48.40434139,24.2021707
39,40.83770677,20.41885339
40,27.06239639,13.5311982
41,33.30758646,16.65379323
42,27.09869613,13.54934807
43,17.08566987,8.542834935
44,23.14736953,11.57368477
45,31.04209926,15.52104963
46,28.16425941,14.08212971
47,55.73990973,27.86995487
48,34.72443136,17.36221568
49,52.63952002,26.31976001
50,59.63298631,29.81649316
51,60.78335736,30.39167868
52,63.99278837,31.99639419
53,63.38191053,31.69095527
54,70.87763382,35.43881691
55,71.72552784,35.86276392
56,76.11147602,38.05573801
57,69.49276113,34.74638057
58,76.97418248,38.48709124
59,57.19895113,28.59947557
60,42.09552563,21.04776282
61,46.75339864,23.37669932
62,47.50089363,23.75044682
63,40.12719709,20.06359855
64,38.25572823,19.12786412
65,40.38376612,20.19188306
66,39.6119022,19.8059511
67,36.9070696,18.4535348
68,27.6002595,13.80012975
69,34.01815509,17.00907755
70,42.88555525,21.44277763
71,36.85723101,18.42861551
72,41.48346243,20.74173122
73,50.03841606,25.01920803
74,63.03829055,31.51914528
75,57.80926443,28.90463222
76,58.54662522,29.27331261
77,71.29086435,35.64543218
78,67.36627179,33.6831359
79,67.92682052,33.96341026
80,76.65568512,38.32784256
81,69.39106141,34.69553071
82,73.8144367,36.90721835
83,58.96444419,29.4822221
84,49.56979234,24.78489617
85,56.9498519,28.47492595
86,45.05415164,22.52707582
87,37.65213922,18.82606961
88,40.7368224,20.3684112
89,30.38583457,15.19291729
90,33.27395351,16.63697676
91,33.74127669,16.87063835
92,31.26391299,15.6319565
93,37.18587494,18.59293747
94,39.54349269,19.77174635
95,50.58162775,25.29081388
96,37.74812764,18.87406382
97,51.23769637,25.61884819
98,58.54660426,29.27330213
99,67.56830503,33.78415252
100,57.07427667,28.53713834
101,71.94465912,35.97232956
102,64.0074859,32.00374295
103,75.4691666,37.7345833
104,75.85028958,37.92514479
105,68.42584396,34.21292198
106,60.01281035,30.00640518
107,63.61238944,31.80619472
108,50.77614584,25.38807292
109,39.90050046,19.95025023
110,45.00534682,22.50267341
111,38.37124374,19.18562187
112,29.50177082,14.75088541
113,28.48535347,14.24267674
114,32.00808864,16.00404432
115,31.6167617,15.80838085
116,32.7816097,16.39080485
117,35.44454388,17.72227194
118,29.22910348,14.61455174
119,39.6704546,19.8352273
120,45.84448568,22.92224284
121,46.06538204,23.03269102
122,57.35589188,28.67794594
123,56.92830344,28.46415172
124,67.77721758,33.88860879
125,65.31664845,32.65832423
126,63.57725441,31.78862721
127,67.08595079,33.5429754
128,56.30435825,28.15217913
129,77.74051061,38.87025531
130,62.4815294,31.2407647
131,60.9496297,30.47481485
132,58.21927588,29.10963794
133,52.66164275,26.33082138
134,46.87433092,23.43716546
135,41.77088522,20.88544261
136,36.1930391,18.09651955
137,25.95229777,12.97614889
138,40.18515274,20.09257637
139,37.96501705,18.98250853
140,32.48637555,16.24318778
141,33.56922501,16.78461251
142,32.35888321,16.17944161
143,41.83023808,20.91511904
144,41.19100995,20.59550498
145,45.09645134,22.54822567
146,55.88291193,27.94145597
147,51.7479262,25.8739631
148,61.39900201,30.69950101
149,69.11156535,34.55578268
150,64.19247612,32.09623806
151,67.82613175,33.91306588
152,62.69767406,31.34883703
153,65.96584222,32.98292111
154,69.87981199,34.939906
155,63.9601105,31.98005525
156,50.07199936,25.03599968
157,54.92677344,27.46338672
158,37.33483965,18.66741983
159,45.11987203,22.55993602
160,32.34827503,16.17413752
161,33.55486897,16.77743449
162,31.58790394,15.79395197
163,35.021788,17.510894
164,33.12729762,16.56364881
165,37.54016531,18.77008266
166,25.58613443,12.79306722
167,43.27663613,21.63831807
168,49.69789722,24.84894861
169,54.85551908,27.42775954
170,57.82814466,28.91407233
171,58.84923184,29.42461592
172,69.57974015,34.78987008
173,75.65811815,37.82905908
174,63.08801367,31.54400684
175,76.98873852,38.49436926
176,75.20530847,37.60265424
177,67.98473039,33.9923652
178,70.18185666,35.09092833
179,55.36531509,27.68265755
180,54.62495087,27.31247544
181,41.1293586,20.5646793
182,47.81303578,23.90651789
183,46.87543958,23.43771979
184,38.76685501,19.38342751
185,28.41032668,14.20516334
186,27.19837458,13.59918729
187,32.7833014,16.3916507
188,29.12171634,14.56085817
189,39.457355,19.7286775
190,33.87900115,16.93950058
191,35.37029729,17.68514865
192,43.25552104,21.62776052
193,60.00447095,30.00223548
194,53.22517854,26.61258927
195,67.88661925,33.94330963
196,67.48744269,33.74372135
197,75.67467992,37.83733996
198,69.92970626,34.96485313
199,71.47733739,35.7386687
200,67.89870757,33.94935379
201,67.14876903,33.57438452
202,69.55120592,34.77560296
203,54.89962866,27.44981433
204,53.46760724,26.73380362
205,48.27333114,24.13666557
206,52.66634546,26.33317273
207,38.50525562,19.25262781
208,35.69650102,17.84825051
209,36.47023321,18.23511661
210,28.89776479,14.4488824
211,40.66283038,20.33141519
212,24.45344615,12.22672308
213,39.26159395,19.63079698
214,28.96369165,14.48184583
215,44.01827064,22.00913532
216,42.00229167,21.00114584
217,47.82412407,23.91206204
218,57.6617537,28.83087685
219,56.28325427,28.14162714
220,71.49335917,35.74667959
221,67.27499107,33.63749554
222,76.70296521,38.35148261
223,66.70624893,33.35312447
224,76.39474145,38.19737073
225,68.00646297,34.00323149
226,61.92855938,30.96427969
227,71.21403519,35.6070176
228,58.63619747,29.31809874
229,54.16500108,27.08250054
230,53.86918255,26.93459128
231,32.30400688,16.15200344
232,31.42093333,15.71046667
233,35.02355869,17.51177935
234,36.4458126,18.2229063
235,39.81061421,19.90530711
236,36.22792595,18.11396298
237,31.79663066,15.89831533
238,28.1827041,14.09135205
239,43.63373027,21.81686514
240,54.02526051,27.01263026
241,46.10670028,23.05335014
242,56.18482654,28.09241327
243,59.65129489,29.82564745
244,61.34838173,30.67419087
245,68.19648222,34.09824111
246,70.60548636,35.30274318
247,67.83404214,33.91702107
248,78.79393122,39.39696561
249,67.37691696,33.68845848
250,77.29452874,38.64726437
251,55.94871468,27.97435734
252,60.50588213,30.25294107
253,49.85282337,24.92641169
254,47.04782932,23.52391466
255,43.58152999,21.790765
256,41.87926906,20.93963453
257,25.35557845,12.67778923
258,35.29484391,17.64742196
259,29.30104903,14.65052452
260,29.82513113,14.91256557
261,41.42165989,20.71082995
262,23.95046858,11.97523429
263,42.81763222,21.40881611
264,48.92092255,24.46046128
265,50.99729562,25.49864781
266,59.17726878,29.58863439
267,66.4189877,33.20949385
268,69.64882551,34.82441276
269,70.06824932,35.03412466
270,59.94567602,29.97283801
271,73.50568541,36.75284271
272,73.7733764,36.8866882
273,73.6101978,36.8050989
274,64.05948462,32.02974231
275,58.55351306,29.27675653
276,55.06348512,27.53174256
277,50.19725268,25.09862634
278,46.00627354,23.00313677
279,41.26767329,20.63383665
280,40.93927163,20.46963582
281,34.41319928,17.20659964
282,38.12452627,19.06226314
283,38.61136619,19.3056831
284,33.7177569,16.85887845
285,38.12984211,19.06492106
286,26.17680106,13.08840053
287,40.07357512,20.03678756
288,44.02152243,22.01076122
289,52.17123088,26.08561544
290,56.64367971,28.32183986
291,65.50064706,32.75032353
292,68.32607085,34.16303543
293,65.91147053,32.95573527
294,67.66183576,33.83091788
295,69.07607613,34.53803807
296,77.55072483,38.77536242
297,70.57489811,35.28744906
298,63.34687798,31.67343899
299,64.43754088,32.21877044
300,60.19086214,30.09543107
301,50.29754363,25.14877182
302,44.68892599,22.344463
303,37.97098411,18.98549206
304,30.09689689,15.04844845
305,38.35623859,19.1781193
306,29.02497696,14.51248848
307,34.99850519,17.4992526
308,36.0352742,18.0176371
309,29.48797948,14.74398974
310,34.28199107,17.14099554
311,51.10422611,25.55211306
312,56.08973827,28.04486914
313,53.05405139,26.5270257
314,48.51352993,24.25676497
315,61.30751918,30.65375959
316,71.59628251,35.79814126
317,68.61604306,34.30802153
318,76.07757634,38.03878817
319,67.49963847,33.74981924
320,78.40879506,39.20439753
321,73.20115131,36.60057566
322,67.33779065,33.66889533
323,63.51517649,31.75758825
324,57.13568695,28.56784348
325,56.58035006,28.29017503
326,55.56243773,27.78121887
327,39.69349685,19.84674843
328,36.27442733,18.13721367
329,43.2874059,21.64370295
330,36.01337755,18.00668878
331,33.67302786,16.83651393
332,38.72537621,19.36268811
333,32.33166104,16.16583052
334,29.48405976,14.74202988
335,39.79157707,19.89578854
336,46.10970894,23.05485447
337,51.59358959,25.7967948
338,58.83413234,29.41706617
339,63.30473445,31.65236723
340,69.64845153,34.82422577
341,64.53053849,32.26526925
342,74.26232221,37.13116111
343,78.94224476,39.47112238
344,69.26333795,34.63166898
345,68.96612592,34.48306296
346,62.87958161,31.43979081
347,60.2890133,30.14450665
348,56.82637824,28.41318912
349,52.05795052,26.02897526
350,50.25334151,25.12667076
351,35.83824224,17.91912112
352,29.64383424,14.82191712
353,33.47713513,16.73856757
354,34.72406406,17.36203203
355,22.1972955,11.09864775
356,30.90190348,15.45095174
357,34.91773709,17.45886855
358,48.90671363,24.45335682
359,40.90997021,20.45498511
360,39.30201264,19.65100632
361,58.1474271,29.07371355
362,62.24377889,31.12188945
363,64.02105211,32.01052606
364,69.02200049,34.51100025
365,71.99037486,35.99518743
366,70.46409643,35.23204822
367,75.15683735,37.57841868
368,77.21655034,38.60827517
369,57.7171648,28.8585824
370,56.44798228,28.22399114
371,60.15913092,30.07956546
372,49.36926606,24.68463303
373,51.07540829,25.53770415
374,51.0670512,25.5335256
375,42.18433413,21.09216707
376,49.5369047,24.76845235
377,32.17187372,16.08593686
378,38.29264719,19.1463236
379,26.7210909,13.36054545
380,36.42023838,18.21011919
381,35.92300522,17.96150261
382,46.23263961,23.11631981
383,38.80842165,19.40421083
384,48.24244031,24.12122016
385,50.10893767,25.05446884
386,62.10821102,31.05410551
387,71.09888451,35.54944226
388,73.04644455,36.52322228
389,75.09596093,37.54798047
390,67.33811988,33.66905994
391,70.94894219,35.4744711
392,73.40770372,36.70385186
393,65.10884529,32.55442265
394,67.26548622,33.63274311
395,57.12917151,28.56458576
396,58.69227174,29.34613587
397,57.7159724,28.8579862
398,51.64931869,25.82465935
399,37.44204098,18.72102049
400,29.67675229,14.83837615
401,38.35258612,19.17629306
402,33.81680804,16.90840402
403,34.17925768,17.08962884
404,29.59484234,14.79742117
405,43.81832196,21.90916098
406,37.89453284,18.94726642
407,45.84787755,22.92393878
408,48.95303053,24.47651527
409,61.63941176,30.81970588
410,67.82529715,33.91264858
411,70.78854556,35.39427278
412,68.19461581,34.09730791
413,76.94414914,38.47207457
414,82.39531819,41.1976591
415,79.204563,39.6022815
416,71.53751328,35.76875664
417,63.23328339,31.6166417
418,76.78851002,38.39425501
419,71.19253089,35.59626545
420,57.60427558,28.80213779
421,54.05143227,27.02571614
422,39.9291161,19.96455805
423,48.27278513,24.13639257
424,41.25813758,20.62906879
425,35.8786897,17.93934485
426,33.12098266,16.56049133
427,31.09170471,15.54585236
428,17.91980002,8.95990001
429,41.21472797,20.60736399
430,37.91033675,18.95516838
431,39.38730045,19.69365023
432,43.67245029,21.83622515
433,42.3854888,21.1927444
434,54.41561336,27.20780668
435,68.86402041,34.43201021
436,68.19775604,34.09887802
437,75.48348009,37.74174005
438,81.79933296,40.89966648
439,80.17706236,40.08853118
440,68.26750456,34.13375228
441,67.40054093,33.70027047
442,59.56466312,29.78233156
443,64.24454135,32.12227068
444,60.23531295,30.11765648
445,53.51589978,26.75794989
446,47.02015222,23.51007611
447,41.99925611,20.99962806
448,41.80923797,20.90461899
449,31.8614338,15.9307169
450,38.28300564,19.14150282
451,23.03089374,11.51544687
452,30.41247529,15.20623765
453,48.87182034,24.43591017
454,38.60124753,19.30062377
455,37.44317766,18.72158883
456,46.76855844,23.38427922
457,52.81728771,26.40864386
458,60.82015382,30.41007691
459,65.90488606,32.95244303
460,66.87260109,33.43630055
461,73.15764883,36.57882442
462,75.39927178,37.69963589
463,82.60565414,41.30282707
464,74.14997495,37.07498748
465,72.35318048,36.17659024
466,67.66957874,33.83478937
467,60.95216826,30.47608413
468,61.57999863,30.78999932
469,63.84231408,31.92115704
470,42.38535717,21.19267859
471,41.57667444,20.78833722
472,31.91089155,15.95544578
473,33.76785998,16.88392999
474,31.46390374,15.73195187
475,34.36322955,17.18161478
476,39.60990766,19.80495383
477,35.46727723,17.73363862
478,46.06198902,23.03099451
479,44.30133003,22.15066502
480,53.15599074,26.57799537
481,55.30046214,27.65023107
482,57.89337266,28.94668633
483,70.23871352,35.11935676
484,60.63196284,30.31598142
485,68.80738022,34.40369011
486,70.90125154,35.45062577
487,87.49318884,43.74659442
488,68.34239986,34.17119993
489,69.36416346,34.68208173
490,65.14662145,32.57331073
491,63.77896571,31.88948286
492,59.56821277,29.78410639
493,52.5326179,26.26630895
494,47.28597687,23.64298844
495,41.69702697,20.84851349
496,34.15872321,17.07936161
497,32.93571284,16.46785642
498,30.17400787,15.08700394
499,24.30071632,12.15035816
500,40.85334056,20.42667028
501,35.97056257,17.98528129
502,44.70272922,22.35136461
503,48.18393771,24.09196886
504,50.63768328,25.31884164
505,53.91234514,26.95617257
506,55.5504493,27.77522465
507,68.64562145,34.32281073
508,63.23200562,31.61600281
509,59.04424266,29.52212133
510,63.04380346,31.52190173
511,75.45463384,37.72731692
512,75.85877943,37.92938972
513,68.28564404,34.14282202
514,71.26775282,35.63387641
515,59.11790647,29.55895324
516,55.39897579,27.6994879
517,53.79048742,26.89524371
518,46.39269198,23.19634599
519,52.06116328,26.03058164
520,40.21118673,20.10559337
521,33.72858873,16.86429437
522,40.43714591,20.21857296
523,28.42970797,14.21485399
524,30.69495163,15.34747582
525,33.016225,16.5081125
526,41.41904613,20.70952307
527,37.34214392,18.67107196
528,50.21071307,25.10535654
529,61.34287606,30.67143803
530,55.73212703,27.86606352
531,55.33269908,27.66634954
532,74.88413238,37.44206619
533,70.57464342,35.28732171
534,77.44191586,38.72095793
535,74.96610276,37.48305138
536,67.91971018,33.95985509
537,78.11147073,39.05573537
538,78.48477947,39.24238974
539,63.03759411,31.51879706
540,57.286373,28.6431865
541,60.05673139,30.0283657
542,45.61898889,22.80949445
543,36.86237635,18.43118818
544,29.73135873,14.86567937
545,33.82862067,16.91431034
546,27.46593954,13.73296977
547,36.573682,18.286841
548,33.21304409,16.60652205
549,42.61702926,21.30851463
550,32.83247775,16.41623888
551,46.39169541,23.19584771
552,51.35779682,25.67889841
553,49.62129631,24.81064816
554,62.76019202,31.38009601
555,64.68827897,32.34413949
556,55.69719991,27.84859996
557,67.64283977,33.82141989
558,77.75259178,38.87629589
559,75.40829384,37.70414692
560,80.24624672,40.12312336
561,71.84319781,35.92159891
562,65.65152085,32.82576043
563,62.26658926,31.13329463
564,59.34126052,29.67063026
565,52.22178464,26.11089232
566,52.21103191,26.10551596
567,42.41636499,21.2081825
568,39.4053437,19.70267185
569,38.34259356,19.17129678
570,26.28237139,13.1411857
571,24.44436476,12.22218238
572,35.64260826,17.82130413
573,36.05873198,18.02936599
574,45.83723709,22.91861855
575,45.44594966,22.72297483
576,50.71960367,25.35980184
577,55.31022305,27.65511153
578,57.38726775,28.69363388
579,62.77170752,31.38585376
580,63.30978915,31.65489458
581,76.42105091,38.21052546
582,75.2057481,37.60287405
583,76.40744968,38.20372484
584,72.27477161,36.13738581
585,67.48647873,33.74323937
586,64.26945315,32.13472658
587,60.29160429,30.14580215
588,56.56882049,28.28441025
589,58.5452626,29.2726313
590,54.19746811,27.09873406
591,46.68830016,23.34415008
592,33.93220467,16.96610234
593,30.90743106,15.45371553
594,40.59967752,20.29983876
595,35.16888145,17.58444073
596,40.47872536,20.23936268
597,32.65310706,16.32655353
598,54.12708883,27.06354442
599,42.3232266,21.1616133
600,49.30404113,24.65202057
601,51.98828128,25.99414064
602,61.06062527,30.53031264
603,72.3940794,36.1970397
604,61.11105672,30.55552836
605,72.61866917,36.30933459
606,78.46955717,39.23477859
607,78.16900643,39.08450322
608,71.0864754,35.5432377
609,74.50991021,37.25495511
610,66.4624477,33.23122385
611,62.38722456,31.19361228
612,51.12422161,25.56211081
613,50.05834236,25.02917118
614,57.6182438,28.8091219
615,48.09554502,24.04777251
616,41.50417557,20.75208779
617,36.98642765,18.49321383
618,43.29506725,21.64753363
619,30.278114,15.139057
620,44.85157206,22.42578603
621,38.14193701,19.07096851
622,41.90301588,20.95150794
623,42.85092729,21.42546365
624,51.79606709,25.89803355
625,52.00674962,26.00337481
626,61.75838682,30.87919341
627,62.14229478,31.07114739
628,67.80941919,33.9047096
629,72.11797638,36.05898819
630,72.8817747,36.44088735
631,71.76955123,35.88477562
632,73.77452305,36.88726153
633,68.38299364,34.19149682
634,74.86698185,37.43349093
635,65.63100036,32.81550018
636,63.34185025,31.67092513
637,50.11219915,25.05609958
638,49.3245694,24.6622847
639,47.54059,23.770295
640,31.40989144,15.70494572
641,41.08347447,20.54173724
642,31.71274041,15.85637021
643,22.52528545,11.26264273
644,30.90817475,15.45408738
645,35.80906183,17.90453092
646,33.54409646,16.77204823
647,45.54965161,22.77482581
648,50.12823558,25.06411779
649,54.77843224,27.38921612
650,59.15582509,29.57791255
651,64.05612597,32.02806299
652,75.68970826,37.84485413
653,85.69977209,42.84988605
654,79.0584496,39.5292248
655,68.46850319,34.2342516
656,82.1407659,41.07038295
657,85.60610551,42.80305276
658,67.21051879,33.6052594
659,73.32197456,36.66098728
660,60.68721398,30.34360699
661,55.60109911,27.80054956
662,46.5606779,23.28033895
663,42.49003527,21.24501764
664,43.4340508,21.7170254
665,30.24063236,15.12031618
666,34.32489336,17.16244668
667,29.46521367,14.73260684
668,24.62347863,12.31173932
669,35.69387266,17.84693633
670,37.56482228,18.78241114
671,36.67463774,18.33731887
672,55.62462254,27.81231127
673,56.32874706,28.16437353
674,65.14233775,32.57116888
675,57.83933319,28.9196666
676,67.5414286,33.7707143
677,72.24876335,36.12438168
678,77.16705906,38.58352953
679,72.69454722,36.34727361
680,64.69749326,32.34874663
681,77.24741213,38.62370607
682,66.6833677,33.34168385
683,59.88975591,29.94487796
684,62.7524165,31.37620825
685,48.97391103,24.48695552
686,48.80941695,24.40470848
687,39.16801992,19.58400996
688,36.60833247,18.30416624
689,32.50958677,16.25479339
690,38.2224947,19.11124735
691,30.72089713,15.36044857
692,30.6299939,15.31499695
693,41.53964324,20.76982162
694,36.50537254,18.25268627
695,34.37807406,17.18903703
696,50.1178214,25.0589107
697,58.71403911,29.35701956
698,58.15737821,29.07868911
699,63.96617404,31.98308702
700,66.65333076,33.32666538
701,70.6643632,35.3321816
702,63.69430924,31.84715462
703,70.7814715,35.39073575
704,72.50091633,36.25045817
705,74.38090643,37.19045322
706,63.7052343,31.85261715
707,63.49463269,31.74731635
708,56.57835333,28.28917667
709,52.83259205,26.41629603
710,42.72388839,21.3619442
711,51.45856739,25.7292837
712,38.20103693,19.10051847
713,29.52167443,14.76083722
714,25.71033494,12.85516747
715,34.61991058,17.30995529
716,40.34111065,20.17055533
717,27.16119788,13.58059894
718,46.40770489,23.20385245
719,50.00926746,25.00463373
720,48.10736535,24.05368268
721,45.99795471,22.99897736
722,65.95885056,32.97942528
723,66.50453192,33.25226596
724,64.90487717,32.45243859
725,69.31097826,34.65548913
726,70.1520813,35.07604065
727,80.05395228,40.02697614
728,79.72087144,39.86043572
729,67.75221521,33.87610761
730,77.16254871,38.58127436
731,56.66944077,28.33472039
732,55.37974093,27.68987047
733,58.14735101,29.07367551
734,49.39054455,24.69527228
735,43.42290695,21.71145348
736,40.3542536,20.1771268
737,38.62540996,19.31270498
738,34.96933491,17.48466746
739,40.55748994,20.27874497
740,30.03417933,15.01708967
741,29.75517031,14.87758516
742,35.78961666,17.89480833
743,50.73246669,25.36623335
744,46.19957969,23.09978985
745,59.96901739,29.9845087
746,70.3218589,35.16092945
747,64.93657415,32.46828708
748,64.78941637,32.39470819
749,81.39463773,40.69731887
750,76.68444036,38.34222018
751,81.24518445,40.62259223
752,68.53326429,34.26663215
753,72.21709276,36.10854638
754,65.87523729,32.93761865
755,55.94077205,27.97038603
756,61.1340011,30.56700055
757,62.08575516,31.04287758
758,54.53200895,27.26600448
759,52.80839102,26.40419551
760,44.35440163,22.17720082
761,38.86754664,19.43377332
762,31.82002832,15.91001416
763,31.94200531,15.97100266
764,21.82844208,10.91422104
765,31.61127864,15.80563932
766,41.53707255,20.76853628
767,44.36598593,22.18299297
768,46.08196672,23.04098336
769,46.47795602,23.23897801
770,68.92108376,34.46054188
771,75.79163036,37.89581518
772,58.31171329,29.15585665
773,66.79587163,33.39793582
774,72.70467276,36.35233638
775,75.55329365,37.77664683
776,78.00774409,39.00387205
777,73.25698647,36.62849324
778,72.40221423,36.20110712
779,64.81897182,32.40948591
780,61.16746219,30.5837311
781,56.52264954,28.26132477
782,53.41938029,26.70969015
783,42.69159304,21.34579652
784,33.17915649,16.58957825
785,37.54793972,18.77396986
786,23.6974693,11.84873465
787,33.11394565,16.55697283
788,25.98373303,12.99186652
789,42.59297884,21.29648942
790,41.74925636,20.87462818
791,51.39329864,25.69664932
792,45.03522727,22.51761364
793,61.38143784,30.69071892
794,60.37776264,30.18888132
795,64.07431223,32.03715612
796,71.37609964,35.68804982
797,76.25023631,38.12511816
798,68.00345902,34.00172951
799,75.22727825,37.61363913
800,72.83599336,36.41799668
801,71.97390984,35.98695492
802,69.17217821,34.58608911
803,68.74787656,34.37393828
804,62.24905894,31.12452947
805,44.85408075,22.42704038
806,53.88830137,26.94415069
807,56.89912364,28.44956182
808,46.91335405,23.45667703
809,34.26761112,17.13380556
810,37.34604123,18.67302062
811,29.66711497,14.83355749
812,36.03957814,18.01978907
813,39.37940362,19.68970181
814,43.51304213,21.75652107
815,42.90571305,21.45285653
816,44.69974629,22.34987315
817,51.1548888,25.5774444
818,61.77467359,30.8873368
819,61.06153484,30.53076742
820,68.86014915,34.43007458
821,70.94967986,35.47483993
822,78.35276758,39.17638379
823,84.86215757,42.43107879
824,71.95986717,35.97993359
825,70.21113178,35.10556589
826,60.87584279,30.4379214
827,75.78281768,37.89140884
828,59.3341779,29.66708895
829,60.1307429,30.06537145
830,49.28457109,24.64228555
831,36.17377328,18.08688664
832,40.42746466,20.21373233
833,38.35437448,19.17718724
834,37.23345724,18.61672862
835,30.96203948,15.48101974
836,33.65726602,16.82863301
837,43.76957658,21.88478829
838,38.52072465,19.26036233
839,49.4515906,24.7257953
840,59.1778088,29.5889044
841,62.31680234,31.15840117
842,59.76212569,29.88106285
843,63.27632049,31.63816025
844,61.11747557,30.55873779
845,71.61023068,35.80511534
846,69.52703874,34.76351937
847,76.92331688,38.46165844
848,81.58035236,40.79017618
849,71.71433743,35.85716872
850,66.89008205,33.44504103
851,68.8539496,34.4269748
852,68.84296828,34.42148414
853,60.47843839,30.2392192
854,49.829816,24.914908
855,42.92699284,21.46349642
856,32.52773363,16.26386682
857,36.27690033,18.13845017
858,33.42160711,16.71080356
859,35.95171296,17.97585648
860,30.81980305,15.40990153
861,37.19844577,18.59922289
862,45.42604188,22.71302094
863,44.06357197,22.03178599
864,37.6576857,18.82884285
865,53.12387617,26.56193809
866,63.74547897,31.87273949
867,60.45931958,30.22965979
868,65.20675249,32.60337625
869,67.02544872,33.51272436
870,76.17121588,38.08560794
871,80.84506885,40.42253443
872,72.72123523,36.36061762
873,75.99422251,37.99711126
874,71.73475436,35.86737718
875,66.16972038,33.08486019
876,57.01911173,28.50955587
877,57.89962195,28.94981098
878,57.67929233,28.83964617
879,48.2553396,24.1276698
880,40.63732851,20.31866426
881,37.65203489,18.82601745
882,34.66446067,17.33223034
883,38.86949391,19.43474696
884,41.54871743,20.77435872
885,36.05959412,18.02979706
886,29.26713348,14.63356674
887,52.2162398,26.1081199
888,51.66164981,25.83082491
889,53.89488928,26.94744464
890,62.96236316,31.48118158
891,70.22849589,35.11424795
892,68.13406951,34.06703476
893,61.15544426,30.57772213
894,67.83587293,33.91793647
895,73.02976471,36.51488236
896,77.73493668,38.86746834
897,72.4924238,36.2462119
898,71.58255178,35.79127589
899,62.68130941,31.34065471
900,63.58108642,31.79054321
901,60.04066312,30.02033156
902,51.32426573,25.66213287
903,41.95453209,20.97726605
904,41.61671198,20.80835599
905,32.29679837,16.14839919
906,41.80330809,20.90165405
907,33.98635096,16.99317548
908,29.7899932,14.8949966
909,34.24566266,17.12283133
910,40.78194806,20.39097403
911,56.39598421,28.19799211
912,47.11615222,23.55807611
913,55.46970011,27.73485006
914,59.23541864,29.61770932
915,66.84258356,33.42129178
916,69.74623486,34.87311743
917,80.85907911,40.42953956
918,74.49490183,37.24745092
919,73.21917308,36.60958654
920,79.43997016,39.71998508
921,85.66181755,42.83090878
922,68.05304485,34.02652243
923,67.75284762,33.87642381
924,77.66070199,38.830351
925,57.69963276,28.84981638
926,51.09301447,25.54650724
927,39.86654881,19.93327441
928,45.10540746,22.55270373
929,35.66470565,17.83235283
930,39.2687865,19.63439325
931,38.57896859,19.2894843
932,30.33013719,15.1650686
933,36.8513447,18.42567235
934,38.35152815,19.17576408
935,50.70971293,25.35485647
936,50.24839571,25.12419786
937,51.65210523,25.82605262
938,58.31197182,29.15598591
939,66.50658182,33.25329091
940,68.15091556,34.07545778
941,74.67093823,37.33546912
942,71.73192941,35.86596471
943,79.81291532,39.90645766
944,72.1932433,36.09662165
945,71.75272611,35.87636306
946,71.1438184,35.5719092
947,71.88535539,35.9426777
948,64.27527327,32.13763664
949,48.16308343,24.08154172
950,45.73483802,22.86741901
951,53.50581057,26.75290529
952,33.10238146,16.55119073
953,39.77568342,19.88784171
954,37.31042253,18.65521127
955,31.41966294,15.70983147
956,35.79476392,17.89738196
957,49.81439628,24.90719814
958,44.82512695,22.41256348
959,44.26376835,22.13188418
960,53.15742639,26.5787132
961,48.67322605,24.33661303
962,57.82574029,28.91287015
963,64.80746722,32.40373361
964,71.98158485,35.99079243
965,76.05528199,38.027641
966,72.47277604,36.23638802
967,79.62683644,39.81341822
968,72.50687273,36.25343637
969,67.77188827,33.88594414
970,66.98814253,33.49407127
971,60.45541546,30.22770773
972,64.37823019,32.1891151
973,57.20070471,28.60035236
974,48.9239831,24.46199155
975,53.52125735,26.76062868
976,41.30248433,20.65124217
977,45.27081121,22.63540561
978,46.72634528,23.36317264
979,38.7049606,19.3524803
980,38.61713309,19.30856655
981,40.25477191,20.12738596
982,39.55715346,19.77857673
983,43.4860054,21.7430027
984,57.32388858,28.66194429
985,58.88805563,29.44402782
986,55.58098685,27.79049343
987,74.80968263,37.40484132
988,64.02011895,32.01005948
989,77.71218545,38.85609273
990,79.52145861,39.76072931
991,81.64995285,40.82497643
992,80.94961335,40.47480668
993,66.16069787,33.08034894
994,68.55501115,34.27750558
995,67.94043834,33.97021917
996,65.28743032,32.64371516
997,57.45087677,28.72543839
998,51.55001706,25.77500853
999,40.17755193,20.08877597
1000,47.8839113,23.94195565
1001,36.46655715,18.23327858
1002,38.07310425,19.03655213
1003,36.22065588,18.11032794
1004,27.86493666,13.93246833
1005,37.16900567,18.58450284
1006,44.3523881,22.17619405
1007,35.81474206,17.90737103
1008,40.26474437,20.13237219
1009,59.21332775,29.60666388
1010,65.96698532,32.98349266
1011,52.27773521,26.13886761
1012,72.30524515,36.15262258
1013,72.00061926,36.00030963
1014,87.30086617,43.65043309
1015,77.76092966,38.88046483
1016,74.24470967,37.12235484
1017,78.27137535,39.13568768
1018,62.32176243,31.16088122
1019,65.17004102,32.58502051
1020,66.58271681,33.29135841
1021,63.13944548,31.56972274
1022,57.36560057,28.68280029
1023,44.79135927,22.39567964
1024,48.6326984,24.3163492
1025,35.41740513,17.70870257
1026,36.9454515,18.47272575
1027,36.35224842,18.17612421
1028,34.11283124,17.05641562
1029,34.14978426,17.07489213
1030,37.5075759,18.75378795
1031,50.67296417,25.33648209
1032,58.02831937,29.01415969
1033,54.30946658,27.15473329
1034,63.72566013,31.86283007
1035,62.49176316,31.24588158
1036,71.54608922,35.77304461
1037,75.35716017,37.67858009
1038,83.22622785,41.61311393
1039,78.48084974,39.24042487
1040,78.36545153,39.18272577
1041,81.88591957,40.94295979
1042,70.68252861,35.34126431
1043,68.7541908,34.3770954
1044,58.36750602,29.18375301
1045,57.70799103,28.85399552
1046,51.63721321,25.81860661
1047,43.78889234,21.89444617
1048,42.97376307,21.48688154
1049,46.66553714,23.33276857
1050,34.84086447,17.42043224
1051,37.36956228,18.68478114
1052,36.29457043,18.14728522
1053,41.22592997,20.61296499
1054,35.31915556,17.65957778
1055,44.46641786,22.23320893
1056,55.92224694,27.96112347
1057,54.23294808,27.11647404
1058,61.89034139,30.9451707
1059,73.83974373,36.91987187
1060,69.91140956,34.95570478
1061,61.68402982,30.84201491
1062,70.20870175,35.10435088
1063,66.56625393,33.28312697
1064,78.02757758,39.01378879
1065,70.41229266,35.20614633
1066,67.06888722,33.53444361
1067,72.2157231,36.10786155
1068,63.49148303,31.74574152
1069,60.57709963,30.28854982
1070,53.00465893,26.50232947
1071,45.18856976,22.59428488
1072,38.04722109,19.02361055
1073,40.37725121,20.18862561
1074,36.89727059,18.4486353
1075,43.1983781,21.59918905
1076,40.13527212,20.06763606
1077,41.86212078,20.93106039
1078,44.41926766,22.20963383
1079,38.63325052,19.31662526
1080,47.13990342,23.56995171
1081,60.57289671,30.28644836
1082,64.33435992,32.16717996
1083,66.06873191,33.03436596
1084,61.66587892,30.83293946
1085,80.61272837,40.30636419
1086,69.03166349,34.51583175
1087,80.83872674,40.41936337
1088,79.98996638,39.99498319
1089,59.2137096,29.6068548
1090,74.33097882,37.16548941
1091,61.97656683,30.98828342
1092,58.8697538,29.4348769
1093,56.01346813,28.00673407
1094,48.49931165,24.24965583
1095,43.04434451,21.52217226
1096,46.08013116,23.04006558
1097,45.54842257,22.77421129
1098,46.88085649,23.44042825
1099,43.45865841,21.72932921
1100,35.28615445,17.64307723
1101,43.87989137,21.93994569
1102,37.84752634,18.92376317
1103,44.07155097,22.03577549
1104,47.39305791,23.69652896
1105,70.07507738,35.03753869
1106,73.46877914,36.73438957
1107,68.4180812,34.2090406
1108,70.9602134,35.4801067
1109,70.70828468,35.35414234
1110,77.55078785,38.77539393
1111,76.67563001,38.33781501
1112,77.13806916,38.56903458
1113,72.17908123,36.08954062
1114,67.38027595,33.69013798
1115,63.43334583,31.71667292
1116,50.83429011,25.41714506
1117,57.68554669,28.84277335
1118,48.99381194,24.49690597
1119,45.65659178,22.82829589
1120,33.97330034,16.98665017
1121,35.51790557,17.75895279
1122,36.67582637,18.33791319
1123,36.19272177,18.09636089
1124,35.42020007,17.71010004
1125,44.33460842,22.16730421
1126,48.85108539,24.4255427
1127,52.94399876,26.47199938
1128,49.10032945,24.55016473
1129,62.41748766,31.20874383
1130,59.13949855,29.56974928
1131,71.55810355,35.77905178
1132,72.20972662,36.10486331
1133,78.09728601,39.04864301
1134,74.25200943,37.12600472
1135,71.45467627,35.72733814
1136,67.15794338,33.57897169
1137,70.77859631,35.38929816
1138,74.51222978,37.25611489
1139,65.40246881,32.70123441
1140,61.88591691,30.94295846
1141,63.4119102,31.7059551
1142,46.00312137,23.00156069
1143,51.12991001,25.56495501
1144,43.61754627,21.80877314
1145,36.23804768,18.11902384
1146,31.26304192,15.63152096
1147,39.90910635,19.95455318
1148,42.12983785,21.06491893
1149,44.13213572,22.06606786
1150,44.46259321,22.23129661
1151,52.50594915,26.25297458
1152,51.55744136,25.77872068
1153,64.00977137,32.00488569
1154,62.42138582,31.21069291
1155,74.59231713,37.29615857
1156,70.71455992,35.35727996
1157,75.27035887,37.63517944
1158,80.37853694,40.18926847
1159,87.35255534,43.67627767
1160,71.0964059,35.54820295
1161,76.42879005,38.21439503
1162,70.59969378,35.29984689
1163,69.12491358,34.56245679
1164,56.73431503,28.36715752
1165,56.40103348,28.20051674
1166,50.30921401,25.15460701
1167,53.03558867,26.51779434
1168,36.39766269,18.19883135
1169,45.12578197,22.56289099
1170,40.70159877,20.35079939
1171,34.58904974,17.29452487
1172,37.37169527,18.68584764
1173,35.24515071,17.62257536
1174,34.82704126,17.41352063
1175,45.22780851,22.61390426
1176,58.25997569,29.12998785
1177,57.47434798,28.73717399
1178,63.53501605,31.76750803
1179,65.40946503,32.70473252
1180,66.86257475,33.43128738
1181,74.84946989,37.42473495
1182,70.88232975,35.44116488
1183,73.15614956,36.57807478
1184,74.48985229,37.24492615
1185,73.18441125,36.59220563
1186,64.19065001,32.09532501
1187,69.22400516,34.61200258
1188,74.43795577,37.21897789
1189,59.20446007,29.60223004
1190,48.37520253,24.18760127
1191,53.65058836,26.82529418
1192,44.19921685,22.09960843
1193,43.12607556,21.56303778
1194,35.47289057,17.73644529
1195,37.94923403,18.97461702
1196,38.06875327,19.03437664
1197,36.18950579,18.0947529
1198,38.02575723,19.01287862
1199,50.16122748,25.08061374
1200,46.7457018,23.3728509
1201,56.39886711,28.19943356
1202,62.07371222,31.03685611
1203,60.50712324,30.25356162
1204,75.32562691,37.66281346
1205,74.10306736,37.05153368
1206,80.102706,40.051353
1207,79.37176695,39.68588348
1208,76.47527772,38.23763886
1209,73.22812791,36.61406396
1210,67.28121324,33.64060662
1211,64.09079825,32.04539913
1212,65.31009056,32.65504528
1213,51.77005248,25.88502624
1214,58.86912101,29.43456051
1215,53.13513173,26.56756587
1216,44.48398702,22.24199351
1217,40.42524708,20.21262354
1218,39.39989176,19.69994588
1219,36.10637403,18.05318702
1220,48.63228809,24.31614405
1221,47.14805472,23.57402736
1222,36.61292859,18.3064643
1223,43.49948475,21.74974238
1224,54.63929573,27.31964787
1225,53.45165107,26.72582554
1226,59.60086493,29.80043247
1227,73.31954107,36.65977054
1228,68.63316128,34.31658064
1229,84.11933145,42.05966573
1230,80.51287621,40.25643811
1231,79.37853904,39.68926952
1232,73.47638335,36.73819168
1233,70.45472104,35.22736052
1234,67.00136808,33.50068404
1235,63.69562643,31.84781322
1236,61.58773991,30.79386996
1237,63.91310723,31.95655362
1238,47.80616715,23.90308358
1239,46.25445403,23.12722702
1240,43.47288721,21.73644361
1241,42.22681675,21.11340838
1242,50.19529251,25.09764626
1243,38.62443182,19.31221591
1244,38.30973517,19.15486759
1245,43.93923158,21.96961579
1246,44.65736336,22.32868168
1247,50.15954963,25.07977482
1248,43.92889445,21.96444723
1249,65.82136608,32.91068304
1250,61.43073029,30.71536515
1251,76.90245359,38.4512268
1252,68.80262636,34.40131318
1253,75.43111132,37.71555566
1254,82.69334454,41.34667227
1255,81.20922509,40.60461255
1256,77.91150051,38.95575026
1257,70.38687288,35.19343644
1258,75.72694197,37.86347099
1259,65.34215405,32.67107703
1260,59.91486818,29.95743409
1261,44.11145009,22.05572505
1262,51.71921457,25.85960729
1263,38.43405393,19.21702697
1264,41.55763374,20.77881687
1265,36.54632657,18.27316329
1266,39.60828156,19.80414078
1267,43.22067866,21.61033933
1268,35.16292061,17.58146031
1269,44.79583843,22.39791922
1270,44.98334878,22.49167439
1271,50.54670728,25.27335364
1272,55.48185016,27.74092508
1273,59.43975812,29.71987906
1274,63.27858445,31.63929223
1275,59.79436465,29.89718233
1276,72.84389297,36.42194649
1277,75.03907283,37.51953642
1278,73.31400013,36.65700007
1279,76.30476991,38.15238496
1280,80.78194303,40.39097152
1281,71.56561777,35.78280889
1282,75.53571589,37.76785795
1283,72.64867494,36.32433747
1284,59.9234861,29.96174305
1285,62.61724646,31.30862323
1286,52.42827182,26.21413591
1287,53.92621355,26.96310678
1288,47.38455832,23.69227916
1289,40.19859013,20.09929507
1290,36.94926996,18.47463498
1291,37.50192871,18.75096436
1292,36.34791437,18.17395719
1293,41.57518595,20.78759298
1294,43.86912433,21.93456217
1295,39.15412874,19.57706437
1296,57.3080893,28.65404465
1297,59.63430238,29.81715119
1298,61.8918461,30.94592305
1299,65.99868171,32.99934086
1300,79.41248163,39.70624082
1301,74.91668875,37.45834438
1302,86.27929571,43.13964786
1303,77.60232494,38.80116247
1304,80.14956849,40.07478425
1305,83.35169998,41.67584999
1306,67.97525868,33.98762934
1307,72.4446155,36.22230775
1308,64.9476888,32.4738444
1309,61.79372123,30.89686062
1310,42.9628664,21.4814332
1311,48.55588491,24.27794246
1312,47.30018074,23.65009037
1313,50.59967689,25.29983845
1314,42.04240906,21.02120453
1315,36.80275245,18.40137623
1316,42.60215519,21.3010776
1317,30.8093426,15.4046713
1318,51.36756275,25.68378138
1319,47.91669482,23.95834741
1320,54.5484133,27.27420665
1321,47.75794128,23.87897064
1322,61.92336325,30.96168163
1323,73.31103111,36.65551556
1324,71.29260531,35.64630266
1325,75.40849543,37.70424772
1326,68.65130119,34.3256506
1327,77.14578762,38.57289381
1328,73.85853362,36.92926681
1329,71.17211933,35.58605967
1330,75.55688268,37.77844134
1331,72.88347588,36.44173794
1332,70.01346482,35.00673241
1333,57.99343621,28.99671811
1334,52.40590587,26.20295294
1335,50.67933405,25.33966703
1336,45.81115618,22.90557809
1337,39.70812671,19.85406336
1338,44.32802394,22.16401197
1339,33.13511981,16.56755991
1340,39.26568661,19.63284331
1341,40.9054863,20.45274315
1342,46.93124445,23.46562223
1343,49.98030853,24.99015427
1344,48.26225662,24.13112831
1345,56.8653712,28.4326856
1346,67.87852444,33.93926222
1347,81.4310209,40.71551045
1348,64.25927822,32.12963911
1349,70.55317085,35.27658543
1350,74.00965951,37.00482976
1351,78.99631831,39.49815916
1352,83.35593392,41.67796696
1353,65.51185574,32.75592787
1354,67.84300442,33.92150221
1355,77.53103703,38.76551852
1356,58.45661588,29.22830794
1357,52.81027022,26.40513511
1358,51.69997581,25.84998791
1359,43.15406864,21.57703432
1360,34.42769069,17.21384535
1361,37.21726882,18.60863441
1362,44.0481693,22.02408465
1363,40.31228714,20.15614357
1364,36.18759937,18.09379969
1365,39.08663332,19.54331666
1366,39.81979923,19.90989962
1367,52.60816762,26.30408381
1368,53.45190881,26.72595441
1369,55.89617801,27.94808901
1370,63.05638027,31.52819014
1371,74.24817557,37.12408779
1372,69.28734376,34.64367188
1373,83.02610273,41.51305137
1374,77.5035874,38.7517937
1375,77.30303973,38.65151987
1376,80.29728634,40.14864317
1377,71.30642427,35.65321214
1378,72.35366359,36.1768318
1379,70.71867951,35.35933976
1380,69.21009095,34.60504548
1381,60.91819248,30.45909624
1382,61.88513482,30.94256741
1383,57.3005342,28.6502671
1384,45.10597352,22.55298676
1385,40.52388649,20.26194325
1386,39.47691504,19.73845752
1387,27.63498381,13.81749191
1388,48.76317154,24.38158577
1389,43.31558068,21.65779034
1390,42.34249573,21.17124787
1391,48.4061409,24.20307045
1392,52.76550594,26.38275297
1393,59.57636018,29.78818009
1394,58.61218176,29.30609088
1395,63.74676062,31.87338031
1396,74.10571133,37.05285567
1397,73.34024385,36.67012193
1398,75.37615645,37.68807823
1399,84.85248324,42.42624162
1400,78.30556055,39.15278028
1401,69.08528849,34.54264425
1402,74.70280782,37.35140391
1403,70.48625488,35.24312744
1404,49.9051726,24.9525863
1405,59.63679047,29.81839524
1406,55.5786598,27.7893299
1407,41.84603593,20.92301797
1408,39.11329365,19.55664683
1409,41.07256265,20.53628133
1410,40.28752169,20.14376085
1411,36.01951361,18.00975681
1412,36.85430691,18.42715346
1413,35.56551822,17.78275911
1414,35.24579356,17.62289678
1415,49.89899743,24.94949872
1416,60.16244187,30.08122094
1417,58.84548368,29.42274184
1418,63.06190942,31.53095471
1419,69.37325137,34.68662569
1420,71.22068689,35.61034345
1421,72.01401248,36.00700624
1422,75.09856005,37.54928003
1423,83.82618022,41.91309011
1424,83.55096121,41.77548061
1425,74.20288341,37.10144171
1426,65.41008551,32.70504276
1427,63.51455365,31.75727683
1428,70.19367122,35.09683561
1429,57.71592522,28.85796261
1430,47.05095052,23.52547526
1431,40.91732097,20.45866049
1432,51.79688819,25.8984441
1433,41.62155476,20.81077738
1434,42.34119499,21.1705975
1435,41.79068948,20.89534474
1436,39.25694372,19.62847186
1437,41.81053334,20.90526667
1438,47.52884967,23.76442484
1439,59.59163838,29.79581919
1440,57.71885279,28.8594264
1441,57.85797896,28.92898948
1442,64.88688104,32.44344052
1443,67.39854587,33.69927294
1444,69.40182619,34.7009131
1445,75.21776308,37.60888154
1446,74.99611645,37.49805823
1447,73.87531542,36.93765771
1448,77.87569634,38.93784817
1449,71.41805417,35.70902709
1450,69.84166096,34.92083048
1451,70.01565703,35.00782852
1452,56.74921913,28.37460957
1453,63.18069249,31.59034625
1454,51.6895291,25.84476455
1455,52.38843704,26.19421852
1456,42.5578225,21.27891125
1457,46.40717973,23.20358987
1458,39.51350044,19.75675022
1459,35.77346788,17.88673394
1460,38.34645904,19.17322952
1461,45.66684594,22.83342297
1462,47.77726887,23.88863444
1463,40.17818923,20.08909462
1464,57.04302671,28.52151336
1465,49.98110373,24.99055187
1466,62.27158281,31.13579141
1467,77.79330958,38.89665479
1468,72.25816614,36.12908307
1469,88.42566983,44.21283492
1470,70.02708943,35.01354472
1471,71.50442556,35.75221278
1472,74.65085634,37.32542817
1473,84.85501467,42.42750734
1474,76.42918666,38.21459333
1475,67.74353653,33.87176827
1476,57.99970162,28.99985081
1477,60.17173849,30.08586925
1478,64.62691499,32.3134575
1479,62.83902326,31.41951163
1480,47.05131087,23.52565544
1481,44.39703043,22.19851522
1482,40.65760126,20.32880063
1483,41.89446315,20.94723158
1484,33.09893967,16.54946984
1485,48.63854327,24.31927164
1486,37.03143966,18.51571983
1487,40.62437994,20.31218997
1488,55.18554585,27.59277293
1489,54.66760126,27.33380063
1490,71.42420138,35.71210069
1491,77.72134352,38.86067176
1492,74.86922347,37.43461174
1493,78.61724152,39.30862076
1494,81.19437858,40.59718929
1495,78.48687306,39.24343653
1496,75.62314485,37.81157243
1497,78.85358969,39.42679485
1498,69.05915088,34.52957544
1499,64.71760434,32.35880217
1500,57.51676863,28.75838432
1501,61.50469905,30.75234953
1502,57.4664307,28.73321535
1503,55.18473486,27.59236743
1504,34.7190776,17.3595388
1505,43.68923256,21.84461628
1506,51.66076858,25.83038429
1507,38.86401738,19.43200869
1508,34.80348006,17.40174003
1509,26.99945869,13.49972935
1510,41.57092167,20.78546084
1511,43.48557467,21.74278734
1512,52.74353791,26.37176896
1513,61.84397051,30.92198526
1514,68.97028089,34.48514045
1515,63.652973,31.8264865
1516,67.49629723,33.74814862
1517,79.11014005,39.55507003
1518,78.78492092,39.39246046
1519,81.10112792,40.55056396
1520,79.78593063,39.89296532
1521,70.26745994,35.13372997
1522,79.74929642,39.87464821
1523,66.000083,33.0000415
1524,62.94700944,31.47350472
1525,60.89165104,30.44582552
1526,46.92974523,23.46487262
1527,50.45886113,25.22943057
1528,49.14419615,24.57209808
1529,32.5952363,16.29761815
1530,36.23721262,18.11860631
1531,35.36519777,17.68259889
1532,40.8353844,20.4176922
1533,38.807625,19.4038125
1534,53.04365897,26.52182949
1535,58.10884853,29.05442427
1536,51.65229074,25.82614537
1537,60.81004364,30.40502182
1538,61.62247475,30.81123738
1539,71.13850769,35.56925385
1540,75.05068549,37.52534275
1541,71.8429025,35.92145125
1542,80.01601443,40.00800722
1543,82.736585,41.3682925
1544,75.95219966,37.97609983
1545,76.10586243,38.05293122
1546,82.49979336,41.24989668
1547,63.51266396,31.75633198
1548,70.1484103,35.07420515
1549,58.2373998,29.1186999
1550,58.53040707,29.26520354
1551,46.53095757,23.26547879
1552,44.55626117,22.27813059
1553,42.45869127,21.22934564
1554,47.69723399,23.848617
1555,30.75548685,15.37774343
1556,38.43730282,19.21865141
1557,46.79277886,23.39638943
1558,42.75569192,21.37784596
1559,39.36080883,19.68040442
1560,46.58119352,23.29059676
1561,62.25649079,31.1282454
1562,69.86319769,34.93159885
1563,72.25135719,36.1256786
1564,80.7328187,40.36640935
1565,79.09891169,39.54945585
1566,75.10861797,37.55430899
1567,79.17588663,39.58794332
1568,75.51831032,37.75915516
1569,69.2273401,34.61367005
1570,73.34461107,36.67230554
1571,65.49023293,32.74511647
1572,66.88187933,33.44093967
1573,57.85007821,28.92503911
1574,48.28614809,24.14307405
1575,57.85469682,28.92734841
1576,38.30868821,19.15434411
1577,41.31192254,20.65596127
1578,32.67798597,16.33899299
1579,37.2463767,18.62318835
1580,45.89403455,22.94701728
1581,42.51908228,21.25954114
1582,36.00133657,18.00066829
1583,54.18358572,27.09179286
1584,58.38508292,29.19254146
1585,66.05810904,33.02905452
1586,63.87344492,31.93672246
1587,67.9711805,33.98559025
1588,75.42122254,37.71061127
1589,82.67816523,41.33908262
1590,74.0462607,37.02313035
1591,70.91321702,35.45660851
1592,68.94476295,34.47238148
1593,70.29414175,35.14707088
1594,71.79247465,35.89623733
1595,62.3203392,31.1601696
1596,64.21819478,32.10909739
1597,57.45200552,28.72600276
1598,59.29395941,29.64697971
1599,56.44541403,28.22270702
1600,42.73972301,21.36986151
1601,32.91701259,16.4585063
1602,41.54707848,20.77353924
1603,38.66105904,19.33052952
1604,45.31391973,22.65695987
1605,42.21841873,21.10920937
1606,42.04332305,21.02166153
1607,41.60489175,20.80244588
1608,45.50294103,22.75147052
1609,65.03938592,32.51969296
1610,67.3574716,33.6787358
1611,70.40546192,35.20273096
1612,73.31277436,36.65638718
1613,72.41241295,36.20620648
1614,81.92152454,40.96076227
1615,76.44736246,38.22368123
1616,71.88884024,35.94442012
1617,78.3489937,39.17449685
1618,66.24780232,33.12390116
1619,63.21907876,31.60953938
1620,57.09960913,28.54980457
1621,64.8837207,32.44186035
1622,50.99952225,25.49976113
1623,54.25587419,27.1279371
1624,37.18862736,18.59431368
1625,39.96998479,19.9849924
1626,33.84895837,16.92447919
1627,49.6811452,24.8405726
1628,44.19916958,22.09958479
1629,35.50520762,17.75260381
1630,50.85085931,25.42542966
1631,57.45092272,28.72546136
1632,55.06335606,27.53167803
1633,57.24290706,28.62145353
1634,67.23102286,33.61551143
1635,71.07407679,35.5370384
1636,74.27528769,37.13764385
1637,80.53429,40.267145
1638,72.49883352,36.24941676
1639,74.90394033,37.45197017
1640,77.73362528,38.86681264
1641,78.36519323,39.18259662
1642,73.74639533,36.87319767
1643,67.19717929,33.59858965
1644,66.32417203,33.16208602
1645,63.53432062,31.76716031
1646,46.9496626,23.4748313
1647,45.73401755,22.86700878
1648,34.32622126,17.16311063
1649,50.62036129,25.31018065
1650,41.75908711,20.87954356
1651,43.68076362,21.84038181
1652,38.3419314,19.1709657
1653,35.61975857,17.80987929
1654,49.48402401,24.74201201
1655,51.14095486,25.57047743
1656,48.26210387,24.13105194
1657,59.62359826,29.81179913
1658,65.8473258,32.9236629
1659,75.387127,37.6935635
1660,74.76704617,37.38352309
1661,78.48079975,39.24039988
1662,78.5304505,39.26522525
1663,70.74563933,35.37281967
1664,75.157657,37.5788285
1665,79.25900954,39.62950477
1666,77.02038644,38.51019322
1667,71.27755602,35.63877801
1668,61.2931137,30.64655685
1669,55.42107639,27.7105382
1670,56.29270622,28.14635311
1671,50.67287834,25.33643917
1672,42.3291894,21.1645947
1673,47.85918149,23.92959075
1674,42.40045159,21.2002258
1675,36.97190757,18.48595379
1676,37.45846906,18.72923453
1677,51.5878151,25.79390755
1678,40.8031107,20.40155535
1679,48.19518103,24.09759052
1680,60.13063433,30.06531717
1681,56.07167341,28.03583671
1682,62.21208057,31.10604029
1683,69.72418514,34.86209257
1684,71.80877062,35.90438531
1685,70.94110143,35.47055072
1686,74.46143442,37.23071721
1687,85.44418662,42.72209331
1688,72.19982064,36.09991032
1689,78.33368146,39.16684073
1690,79.20491787,39.60245894
1691,74.19546144,37.09773072
1692,63.63075676,31.81537838
1693,55.34566583,27.67283292
1694,57.2997294,28.6498647
1695,44.59274062,22.29637031
1696,45.55343769,22.77671885
1697,41.55765873,20.77882937
1698,45.8204572,22.9102286
1699,37.97696141,18.98848071
1700,43.50273232,21.75136616
1701,48.22873409,24.11436705
1702,44.05765932,22.02882966
1703,67.78950141,33.89475071
1704,59.92502994,29.96251497
1705,63.60807644,31.80403822
1706,71.04393399,35.521967
1707,73.62591506,36.81295753
1708,75.05450378,37.52725189
1709,74.56210609,37.28105305
1710,70.02434262,35.01217131
1711,85.07330844,42.53665422
1712,76.92723105,38.46361553
1713,80.15608867,40.07804434
1714,77.22515622,38.61257811
1715,75.43375896,37.71687948
1716,57.24019682,28.62009841
1717,58.21842084,29.10921042
1718,52.72471564,26.36235782
1719,52.1583338,26.0791669
1720,47.60424789,23.80212395
1721,45.11214115,22.55607058
1722,32.43229331,16.21614666
1723,47.62436786,23.81218393
1724,39.51761559,19.7588078
1725,40.21645144,20.10822572
1726,52.6926004,26.3463002
1727,49.59101663,24.79550832
1728,50.88824654,25.44412327
1729,64.24544094,32.12272047
1730,66.0973894,33.0486947
1731,71.78612188,35.89306094
1732,74.72457794,37.36228897
1733,75.39175445,37.69587723
1734,77.97247707,38.98623854
1735,78.29101789,39.14550895
1736,83.00425053,41.50212527
1737,72.33907537,36.16953769
1738,77.97357326,38.98678663
1739,72.82115788,36.41057894
1740,62.45693612,31.22846806
1741,66.25917287,33.12958644
1742,54.24195624,27.12097812
1743,47.69858984,23.84929492
1744,45.32136001,22.66068001
1745,40.84428421,20.42214211
1746,35.58093965,17.79046983
1747,44.22348374,22.11174187
1748,31.10983349,15.55491675
1749,45.55589824,22.77794912
1750,45.38166217,22.69083109
1751,52.40930159,26.2046508
1752,50.80530756,25.40265378
1753,58.73409058,29.36704529
1754,60.10085006,30.05042503
1755,69.98399192,34.99199596
1756,70.58913216,35.29456608
1757,72.26024892,36.13012446
1758,76.84110387,38.42055194
1759,79.45863153,39.72931577
1760,81.63643733,40.81821867
1761,71.63329101,35.81664551
1762,66.11306013,33.05653007
1763,79.95768818,39.97884409
1764,63.34071511,31.67035756
1765,56.64287906,28.32143953
1766,58.68676733,29.34338367
1767,40.16836191,20.08418096
1768,46.45701753,23.22850877
1769,41.84638129,20.92319065
1770,28.63161657,14.31580829
1771,46.07485097,23.03742549
1772,46.75963717,23.37981859
1773,48.20928626,24.10464313
1774,53.55805651,26.77902826
1775,57.71245857,28.85622929
1776,56.64099891,28.32049946
1777,50.94404881,25.47202441
1778,61.72177898,30.86088949
1779,70.0204233,35.01021165
1780,72.98976543,36.49488272
1781,75.43166722,37.71583361
1782,83.01684393,41.50842197
1783,81.35520865,40.67760433
1784,73.58296128,36.79148064
1785,72.39351883,36.19675942
1786,68.578145,34.2890725
1787,66.39369743,33.19684872
1788,65.04286216,32.52143108
1789,57.05642188,28.52821094
1790,55.24165136,27.62082568
1791,54.57316927,27.28658464
1792,45.84261265,22.92130633
1793,47.6261804,23.8130902
1794,43.73686054,21.86843027
1795,40.29252417,20.14626209
1796,44.72933193,22.36466597
1797,35.12698993,17.56349497
1798,43.91191244,21.95595622
1799,50.38767373,25.19383687
1800,49.69526496,24.84763248
1801,57.84049629,28.92024815
1802,69.56023561,34.78011781
1803,76.44726605,38.22363303
1804,70.98726433,35.49363217
1805,79.09543848,39.54771924
1806,70.90997647,35.45498824
1807,82.04834158,41.02417079
1808,77.94095,38.970475
1809,82.05557689,41.02778845
1810,76.20498838,38.10249419
1811,67.50911712,33.75455856
1812,63.71695379,31.8584769
1813,66.10213024,33.05106512
1814,56.49683605,28.24841803
1815,54.28398098,27.14199049
1816,51.56698606,25.78349303
1817,38.43185244,19.21592622
1818,37.26748953,18.63374477
1819,33.03822853,16.51911427
1820,29.32091752,14.66045876
1821,43.46354269,21.73177135
1822,48.50899845,24.25449923
1823,51.66345037,25.83172519
1824,51.76635893,25.88317947
1825,62.97867822,31.48933911
1826,62.3025352,31.1512676
1827,71.11315331,35.55657666
1828,71.70317016,35.85158508
1829,70.71861796,35.35930898
1830,73.08945011,36.54472506
1831,82.68935558,41.34467779
1832,84.4731212,42.2365606
1833,74.12316073,37.06158037
1834,69.49592486,34.74796243
1835,69.81017116,34.90508558
1836,56.9914349,28.49571745
1837,59.73237122,29.86618561
1838,64.64036022,32.32018011
1839,45.33094027,22.66547014
1840,41.45906867,20.72953434
1841,53.2669889,26.63349445
1842,44.10150618,22.05075309
1843,39.99866909,19.99933455
1844,39.04121948,19.52060974
1845,48.5045475,24.25227375
1846,44.74027767,22.37013884
1847,50.41706184,25.20853092
1848,57.68556236,28.84278118
1849,53.6170009,26.80850045
1850,66.48109506,33.24054753
1851,71.82952182,35.91476091
1852,76.79389486,38.39694743
1853,75.33762742,37.66881371
1854,79.56900725,39.78450363
1855,91.03932398,45.51966199
1856,80.48504786,40.24252393
1857,75.26602584,37.63301292
1858,81.88187703,40.94093852
1859,67.08321329,33.54160665
1860,62.80554626,31.40277313
1861,60.5784437,30.28922185
1862,53.30799794,26.65399897
1863,45.19742053,22.59871027
1864,44.26504525,22.13252263
1865,43.85215397,21.92607699
1866,38.4851037,19.24255185
1867,44.27423568,22.13711784
1868,32.67161888,16.33580944
1869,40.86928272,20.43464136
1870,39.33849451,19.66924726
1871,50.15409099,25.0770455
1872,61.35666548,30.67833274
1873,65.32441324,32.66220662
1874,61.5231412,30.7615706
1875,69.43987278,34.71993639
1876,74.52135173,37.26067587
1877,84.8077867,42.40389335
1878,76.46157154,38.23078577
1879,73.7184817,36.85924085
1880,87.1970653,43.59853265
1881,73.54358542,36.77179271
1882,71.93128646,35.96564323
1883,73.14105961,36.57052981
1884,67.49721773,33.74860887
1885,61.94534508,30.97267254
1886,52.35950531,26.17975266
1887,56.44472025,28.22236013
1888,42.25000415,21.12500208
1889,34.85098493,17.42549247
1890,45.26764419,22.6338221
1891,42.36971654,21.18485827
1892,39.65123456,19.82561728
1893,41.66901038,20.83450519
1894,42.0367568,21.0183784
1895,59.38716709,29.69358355
1896,61.51814003,30.75907002
1897,54.55344658,27.27672329
1898,70.20591345,35.10295673
1899,69.18594301,34.59297151
1900,81.47295063,40.73647532
1901,79.94210588,39.97105294
1902,82.54924115,41.27462058
1903,82.67446993,41.33723497
1904,75.68268178,37.84134089
1905,81.36899577,40.68449789
1906,83.0008933,41.50044665
1907,62.72636418,31.36318209
1908,68.74543532,34.37271766
1909,57.5495398,28.7747699
1910,61.58248722,30.79124361
1911,49.82069066,24.91034533
1912,51.55230882,25.77615441
1913,45.12741244,22.56370622
1914,48.8635848,24.4317924
1915,45.37899887,22.68949944
1916,29.07428249,14.53714125
1917,41.60147369,20.80073685
1918,44.33750985,22.16875493
1919,51.17521544,25.58760772
1920,50.64037683,25.32018842
1921,53.95523649,26.97761825
1922,64.4980143,32.24900715
1923,73.01317153,36.50658577
1924,82.19247853,41.09623927
1925,73.92697274,36.96348637
1926,83.80615392,41.90307696
1927,73.39933017,36.69966509
1928,80.46164233,40.23082117
1929,79.95748778,39.97874389
1930,73.39903598,36.69951799
1931,73.10429086,36.55214543
1932,66.13939311,33.06969656
1933,54.75192349,27.37596175
1934,54.29478168,27.14739084
1935,45.82443778,22.91221889
1936,39.22345872,19.61172936
1937,42.56936679,21.2846834
1938,32.35524292,16.17762146
1939,41.67572721,20.83786361
1940,44.8205349,22.41026745
1941,44.61251724,22.30625862
1942,44.76660811,22.38330406
1943,51.19847076,25.59923538
1944,55.45834927,27.72917464
1945,67.71873362,33.85936681
1946,56.25550591,28.12775296
1947,73.18877805,36.59438903
1948,70.45056802,35.22528401
1949,75.5754296,37.7877148
1950,73.89266695,36.94633348
1951,64.39163377,32.19581689
1952,75.29530731,37.64765366
1953,76.69454534,38.34727267
1954,71.85884328,35.92942164
1955,68.97989255,34.48994628
1956,67.66935057,33.83467529
1957,56.17868694,28.08934347
1958,54.0070775,27.00353875
1959,51.87016363,25.93508182
1960,47.84750953,23.92375477
1961,46.0489726,23.0244863
1962,43.56197022,21.78098511
1963,43.55935996,21.77967998
1964,39.50479762,19.75239881
1965,42.96184767,21.48092384
1966,40.73962739,20.3698137
1967,54.02344243,27.01172122
1968,54.42402356,27.21201178
1969,65.2893593,32.64467965
1970,61.29769022,30.64884511
1971,65.36093269,32.68046635
1972,79.32591209,39.66295605
1973,84.68077163,42.34038582
1974,78.51610556,39.25805278
1975,87.85996533,43.92998267
1976,73.53342185,36.76671093
1977,69.61243156,34.80621578
1978,81.47157173,40.73578587
1979,62.42990924,31.21495462
1980,67.76861408,33.88430704
1981,57.93745536,28.96872768
1982,48.212735,24.1063675
1983,44.91257437,22.45628719
1984,52.33743373,26.16871687
1985,41.70567707,20.85283854
1986,42.67871879,21.3393594
1987,41.46758422,20.73379211
1988,36.13902541,18.06951271
1989,34.25743122,17.12871561
1990,41.91078168,20.95539084
1991,53.12748141,26.56374071
1992,59.59499765,29.79749883
1993,54.03124676,27.01562338
1994,64.13343412,32.06671706
1995,70.69201153,35.34600577
1996,68.21330416,34.10665208
1997,65.44844081,32.72422041
1998,76.76043451,38.38021726
1999,74.80814442,37.40407221
2000,76.33091968,38.16545984
2001,79.99224948,39.99612474
2002,66.70493262,33.35246631
2003,67.12682265,33.56341133
2004,71.60222258,35.80111129
2005,61.61380472,30.80690236
2006,55.14014532,27.57007266
2007,49.08897991,24.54448996
2008,49.76018508,24.88009254
2009,45.81130038,22.90565019
2010,41.48017331,20.74008666
2011,32.85013894,16.42506947
2012,40.29875325,20.14937663
2013,53.84887915,26.92443958
2014,49.63453209,24.81726605
2015,50.6222781,25.31113905
2016,56.71234494,28.35617247
2017,64.43766175,32.21883088
2018,65.7306583,32.86532915
2019,69.92463161,34.96231581
2020,76.40516271,38.20258136
2021,77.83822547,38.91911274
2022,86.14608886,43.07304443
2023,75.48692003,37.74346002
2024,80.05969376,40.02984688
2025,83.3878673,41.69393365
2026,71.64309893,35.82154947
2027,74.9237883,37.46189415
2028,76.032824,38.016412
2029,52.61886702,26.30943351
2030,49.63065658,24.81532829
2031,52.11743029,26.05871515
2032,43.81686426,21.90843213
2033,37.9564611,18.97823055
2034,44.21684842,22.10842421
2035,34.82922818,17.41461409
2036,37.39832437,18.69916219
2037,38.02456635,19.01228318
2038,43.6575045,21.82875225
2039,56.91715987,28.45857994
2040,58.46954572,29.23477286
2041,53.22810254,26.61405127
2042,68.04625325,34.02312663
2043,76.98647212,38.49323606
2044,72.59417786,36.29708893
2045,82.16148094,41.08074047
2046,79.20524191,39.60262096
2047,80.81285289,40.40642645
2048,74.04018412,37.02009206
2049,86.29493973,43.14746987
2050,65.99712792,32.99856396
2051,58.00545092,29.00272546
2052,61.79210308,30.89605154
2053,60.21257235,30.10628618
2054,53.82254394,26.91127197
2055,56.41216748,28.20608374
2056,50.45450993,25.22725497
2057,40.64137048,20.32068524
2058,32.59384758,16.29692379
2059,40.99148703,20.49574352
2060,44.91737969,22.45868985
2061,34.06807838,17.03403919
2062,50.14059601,25.07029801
2063,43.29485113,21.64742557
2064,54.35448061,27.17724031
2065,64.43291792,32.21645896
2066,62.95138293,31.47569147
2067,71.14456749,35.57228375
2068,67.8396078,33.9198039
2069,91.17511356,45.58755678
2070,75.88356024,37.94178012
2071,76.71267151,38.35633576
2072,77.60157251,38.80078626
2073,74.94136235,37.47068118
2074,71.15511932,35.57755966
2075,63.76224623,31.88112312
2076,71.04959758,35.52479879
2077,62.92521328,31.46260664
2078,52.58221737,26.29110869
2079,44.40199292,22.20099646
2080,52.23900957,26.11950479
2081,46.12795413,23.06397707
2082,37.37762795,18.68881398
2083,26.99003038,13.49501519
2084,38.71173936,19.35586968
2085,48.74783841,24.37391921
2086,35.20498887,17.60249444
2087,53.18068561,26.59034281
2088,55.07854488,27.53927244
2089,60.76244157,30.38122079
2090,65.68050621,32.84025311
2091,64.94288246,32.47144123
2092,67.66610895,33.83305448
2093,75.3615967,37.68079835
2094,67.96481308,33.98240654
2095,73.53476367,36.76738184
2096,78.93942758,39.46971379
2097,82.6004704,41.3002352
2098,65.85046606,32.92523303
2099,80.30611697,40.15305849
2100,61.28550248,30.64275124
2101,60.06787778,30.03393889
2102,43.42051309,21.71025655
2103,54.4234053,27.21170265
2104,44.58888077,22.29444039
2105,49.98169799,24.990849
2106,44.15750349,22.07875175
2107,47.34641684,23.67320842
2108,35.30114455,17.65057228
2109,38.62171541,19.31085771
2110,40.25663991,20.12831996
2111,49.02532209,24.51266105
2112,51.21403414,25.60701707
2113,56.55332027,28.27666014
2114,71.94519761,35.97259881
2115,75.7800972,37.8900486
2116,68.72257744,34.36128872
2117,72.73546348,36.36773174
2118,82.96774836,41.48387418
2119,76.13965502,38.06982751
2120,85.38167229,42.69083615
2121,75.29145793,37.64572897
2122,68.14982737,34.07491369
2123,66.47241152,33.23620576
2124,70.93243618,35.46621809
2125,60.45788806,30.22894403
2126,52.83252197,26.41626099
2127,44.00693154,22.00346577
2128,48.58998276,24.29499138
2129,46.04880536,23.02440268
2130,42.429982,21.214991
2131,40.84045273,20.42022637
2132,45.51244543,22.75622272
2133,46.73489993,23.36744997
2134,38.78729746,19.39364873
2135,54.38131627,27.19065814
2136,53.36203897,26.68101949
2137,55.83145465,27.91572733
2138,58.00814142,29.00407071
2139,74.33894581,37.16947291
2140,67.28393956,33.64196978
2141,82.15896145,41.07948073
2142,83.90957725,41.95478863
2143,77.71188949,38.85594475
2144,78.09387161,39.04693581
2145,78.47551376,39.23775688
2146,71.29803217,35.64901609
2147,73.27323862,36.63661931
2148,66.87447839,33.4372392
2149,61.19138771,30.59569386
2150,56.16108046,28.08054023
2151,45.67252434,22.83626217
2152,48.81360263,24.40680132
2153,46.63299295,23.31649648
2154,48.78484687,24.39242344
2155,32.52092188,16.26046094
2156,28.32178531,14.16089266
2157,49.4019455,24.70097275
2158,47.62174878,23.81087439
2159,36.98362564,18.49181282
2160,50.67368461,25.33684231
2161,61.89989694,30.94994847
2162,58.10498478,29.05249239
2163,72.42949634,36.21474817
2164,64.52809717,32.26404859
2165,75.56501815,37.78250908
2166,82.31160349,41.15580175
2167,73.67593597,36.83796799
2168,81.25898766,40.62949383
2169,80.10500469,40.05250235
2170,75.89838522,37.94919261
2171,69.42779904,34.71389952
2172,67.36090494,33.68045247
2173,72.0255206,36.0127603
2174,58.07982654,29.03991327
2175,58.88523755,29.44261878
2176,44.94225834,22.47112917
2177,40.64373492,20.32186746
2178,33.74216713,16.87108357
2179,38.11871851,19.05935926
2180,34.1954202,17.0977101
2181,37.5074424,18.7537212
2182,44.9292384,22.4646192
2183,61.13434211,30.56717106
2184,63.74350375,31.87175188
2185,59.39141743,29.69570872
2186,59.20946464,29.60473232
2187,65.72000884,32.86000442
2188,72.73435632,36.36717816
2189,80.53190083,40.26595042
2190,78.94536577,39.47268289
2191,76.05312863,38.02656432
2192,79.11532381,39.55766191
2193,63.83546995,31.91773498
2194,72.54279753,36.27139877
2195,68.75884577,34.37942289
2196,66.90346223,33.45173112
2197,53.92932668,26.96466334
2198,53.16381714,26.58190857
2199,49.9457976,24.9728988
2200,45.62193972,22.81096986
2201,48.41542903,24.20771452
2202,48.67074011,24.33537006
2203,38.56427083,19.28213542
2204,43.0180432,21.5090216
2205,39.62260105,19.81130053
2206,43.92162674,21.96081337
2207,51.35698598,25.67849299
2208,53.84471744,26.92235872
2209,54.56440298,27.28220149
2210,57.48293271,28.74146636
2211,72.67107311,36.33553656
2212,70.84929011,35.42464506
2213,71.03821609,35.51910805
2214,80.43298573,40.21649287
2215,81.63733721,40.81866861
2216,85.77497827,42.88748914
2217,70.3577592,35.1788796
2218,85.78544007,42.89272004
2219,67.7789419,33.88947095
2220,61.96287391,30.98143696
2221,65.9577786,32.9788893
2222,59.90889631,29.95444816
2223,53.51057003,26.75528502
2224,47.41335882,23.70667941
2225,45.50498065,22.75249033
2226,39.18321636,19.59160818
2227,43.98689933,21.99344967
2228,43.7581728,21.8790864
2229,36.3092942,18.1546471
2230,48.00985355,24.00492678
2231,53.6011792,26.8005896
2232,58.22984596,29.11492298
2233,63.74990953,31.87495477
2234,68.30352744,34.15176372
2235,68.61592121,34.30796061
2236,81.83655903,40.91827952
2237,73.51050702,36.75525351
2238,68.61636304,34.30818152
2239,78.67778428,39.33889214
2240,81.04857825,40.52428913
2241,76.65032704,38.32516352
2242,73.29937174,36.64968587
2243,68.15266997,34.07633499
2244,69.23798424,34.61899212
2245,56.96782727,28.48391364
2246,47.13417468,23.56708734
2247,48.61791137,24.30895569
2248,43.65227288,21.82613644
2249,41.57118884,20.78559442
2250,44.97175874,22.48587937
2251,42.13510889,21.06755445
2252,39.82001981,19.91000991
2253,41.2062696,20.6031348
2254,56.7063584,28.3531792
2255,52.36012402,26.18006201
2256,61.40445005,30.70222503
2257,60.58098031,30.29049016
2258,62.27038676,31.13519338
2259,66.94524331,33.47262166
2260,78.25922995,39.12961498
2261,79.33588318,39.66794159
2262,83.35714495,41.67857248
2263,81.6979738,40.8489869
2264,76.63792396,38.31896198
2265,74.55289516,37.27644758
2266,62.84036914,31.42018457
2267,73.83042257,36.91521129
2268,67.97744653,33.98872327
2269,48.44324738,24.22162369
2270,50.10365649,25.05182825
2271,48.49808664,24.24904332
2272,55.04682459,27.5234123
2273,41.62134996,20.81067498
2274,38.05813257,19.02906629
2275,33.03424876,16.51712438
2276,42.52607812,21.26303906
2277,46.52599715,23.26299858
2278,45.03122377,22.51561189
2279,45.30753752,22.65376876
2280,63.21211663,31.60605832
2281,64.56521818,32.28260909
2282,62.19647273,31.09823637
2283,65.4455459,32.72277295
2284,71.23451444,35.61725722
2285,71.3015181,35.65075905
2286,71.44489733,35.72244867
2287,83.86719786,41.93359893
2288,82.86321064,41.43160532
2289,82.42982625,41.21491313
2290,76.49100199,38.245501
2291,71.21703555,35.60851778
2292,69.75698391,34.87849196
2293,57.70042334,28.85021167
2294,54.80814719,27.4040736
2295,55.36871402,27.68435701
2296,52.54552804,26.27276402
2297,42.19907704,21.09953852
2298,38.63980143,19.31990072
2299,40.99321703,20.49660852
2300,40.19943406,20.09971703
2301,47.28476244,23.64238122
2302,38.3120912,19.1560456
2303,48.35541653,24.17770827
2304,55.90236383,27.95118192
2305,55.59703802,27.79851901
2306,60.82161675,30.41080838
2307,69.23098945,34.61549473
2308,61.37460347,30.68730174
2309,90.86106037,45.43053019
2310,78.24333793,39.12166897
2311,73.18194103,36.59097052
2312,82.42478628,41.21239314
2313,81.96819015,40.98409508
2314,62.97617853,31.48808927
2315,76.09844328,38.04922164
2316,61.71964344,30.85982172
2317,54.36986938,27.18493469
2318,53.44149343,26.72074672
2319,51.12701076,25.56350538
2320,47.52149737,23.76074869
2321,46.45164761,23.22582381
2322,38.39515498,19.19757749
2323,43.03989172,21.51994586
2324,45.6708611,22.83543055
2325,38.01591942,19.00795971
2326,49.16513367,24.58256684
2327,43.68119758,21.84059879
2328,51.08739756,25.54369878
2329,56.95515925,28.47757963
2330,72.49373922,36.24686961
2331,68.30645331,34.15322666
2332,79.04824965,39.52412483
2333,74.89276668,37.44638334
2334,75.208089,37.6040445
2335,87.99872263,43.99936132
2336,77.32313547,38.66156774
2337,64.16726183,32.08363092
2338,70.86630474,35.43315237
2339,68.12653414,34.06326707
2340,65.81549088,32.90774544
2341,62.64072309,31.32036155
2342,55.85527505,27.92763753
2343,51.72972249,25.86486125
2344,43.04214915,21.52107458
2345,33.1851493,16.59257465
2346,47.81635615,23.90817808
2347,43.31310714,21.65655357
2348,41.79453874,20.89726937
2349,35.24537758,17.62268879
2350,44.4151081,22.20755405
2351,52.8512526,26.4256263
2352,65.59809167,32.79904584
2353,63.81730029,31.90865015
2354,60.1236756,30.0618378
2355,64.58879962,32.29439981
2356,59.56780094,29.78390047
2357,72.62248802,36.31124401
2358,78.9772175,39.48860875
2359,79.56706885,39.78353443
2360,78.04917123,39.02458562
2361,79.71665954,39.85832977
2362,75.15955492,37.57977746
2363,71.05099795,35.52549898
2364,69.64386038,34.82193019
2365,65.01847334,32.50923667
2366,57.04072474,28.52036237
2367,54.09648021,27.04824011
2368,36.5046185,18.25230925
2369,40.97434358,20.48717179
2370,48.52087337,24.26043669
2371,47.83340708,23.91670354
2372,32.04553632,16.02276816
2373,48.36315511,24.18157756
2374,49.62224666,24.81112333
2375,46.62631076,23.31315538
2376,55.69019895,27.84509948
2377,56.91567296,28.45783648
2378,68.59337153,34.29668577
2379,69.21028519,34.6051426
2380,78.58340708,39.29170354
2381,73.63422743,36.81711372
2382,73.89849977,36.94924989
2383,75.78455188,37.89227594
2384,63.61708929,31.80854465
2385,69.56998541,34.78499271
2386,74.00049762,37.00024881
2387,70.30520613,35.15260307
2388,65.0487749,32.52438745
2389,63.49728574,31.74864287
2390,54.05318302,27.02659151
2391,50.58863537,25.29431769
2392,53.83735093,26.91867547
2393,44.82735268,22.41367634
2394,41.6082587,20.80412935
2395,46.34403213,23.17201607
2396,37.6943493,18.84717465
2397,42.89260342,21.44630171
2398,53.88174394,26.94087197
2399,55.95836263,27.97918132
2400,58.69000801,29.34500401
2401,65.12289387,32.56144694
2402,68.19665252,34.09832626
2403,75.59227591,37.79613796
2404,79.49676788,39.74838394
2405,74.94942243,37.47471122
2406,81.6874052,40.8437026
2407,72.81529758,36.40764879
2408,81.60262175,40.80131088
2409,72.24076204,36.12038102
2410,73.63931716,36.81965858
2411,68.07135789,34.03567895
2412,69.32676196,34.66338098
2413,54.46108681,27.23054341
2414,70.06492828,35.03246414
2415,44.36875242,22.18437621
2416,44.84856135,22.42428068
2417,39.852445,19.9262225
2418,37.71987121,18.85993561
2419,44.60955203,22.30477602
2420,44.52751845,22.26375923
2421,41.8227159,20.91135795
2422,52.49514052,26.24757026
2423,48.91029412,24.45514706
2424,56.25722425,28.12861213
2425,64.23319088,32.11659544
2426,55.85855064,27.92927532
2427,68.0131933,34.00659665
2428,76.82630578,38.41315289
2429,74.28021266,37.14010633
2430,76.8495703,38.42478515
2431,81.90555906,40.95277953
2432,78.07425009,39.03712505
2433,80.87490931,40.43745466
2434,79.18992203,39.59496102
2435,65.96003941,32.98001971
2436,67.55497708,33.77748854
2437,63.24715989,31.62357995
2438,48.463659,24.2318295
2439,47.12586459,23.5629323
2440,35.55119619,17.7755981
2441,46.4231713,23.21158565
2442,39.01788182,19.50894091
2443,34.97511625,17.48755813
2444,33.0096875,16.50484375
2445,40.05389456,20.02694728
2446,52.16856525,26.08428263
2447,57.11305658,28.55652829
2448,55.15439984,27.57719992
2449,57.35040568,28.67520284
2450,68.888157,34.4440785
2451,75.67379043,37.83689522
2452,75.37719947,37.68859974
2453,68.23768648,34.11884324
2454,82.23338835,41.11669418
2455,79.28022462,39.64011231
2456,81.59037853,40.79518927
2457,75.76969282,37.88484641
2458,72.09690456,36.04845228
2459,69.10021444,34.55010722
2460,68.75014548,34.37507274
2461,64.03722387,32.01861194
2462,50.74602554,25.37301277
2463,49.10058276,24.55029138
2464,57.38452433,28.69226217
2465,37.56056761,18.78028381
2466,33.44268879,16.7213444
2467,35.02205776,17.51102888
2468,44.74908254,22.37454127
2469,45.52455908,22.76227954
2470,50.45899735,25.22949868
2471,41.08096218,20.54048109
2472,53.99616813,26.99808407
2473,56.76555257,28.38277629
2474,66.73365594,33.36682797
2475,68.35830143,34.17915072
2476,72.8169959,36.40849795
2477,75.83154999,37.915775
2478,86.33614591,43.16807296
2479,75.01015427,37.50507714
2480,77.34490572,38.67245286
2481,72.11006444,36.05503222
2482,68.15241915,34.07620958
2483,72.97556143,36.48778072
2484,70.3500716,35.1750358
2485,62.09699974,31.04849987
2486,59.10491496,29.55245748
2487,47.2748925,23.63744625
2488,45.37145172,22.68572586
2489,46.92799522,23.46399761
2490,29.18865145,14.59432573
2491,41.51994502,20.75997251
2492,28.26069096,14.13034548
2493,39.709026,19.854513
2494,52.89502916,26.44751458
2495,38.68585187,19.34292594
2496,65.27493316,32.63746658
2497,59.49124034,29.74562017
2498,57.32450437,28.66225219
2499,63.79087965,31.89543983
2500,78.71112681,39.35556341
2501,73.73369409,36.86684705
2502,76.86245331,38.43122666
2503,84.19443174,42.09721587
2504,74.62131727,37.31065864
2505,81.18398703,40.59199352
2506,79.89554955,39.94777478
2507,70.07602111,35.03801056
2508,63.00343457,31.50171729
2509,51.85814802,25.92907401
2510,56.53992691,28.26996346
2511,55.01641648,27.50820824
2512,40.24759495,20.12379748
2513,45.54314047,22.77157024
2514,39.95298393,19.97649197
2515,36.80660958,18.40330479
2516,44.53749354,22.26874677
2517,40.81006002,20.40503001
2518,42.42679036,21.21339518
2519,47.50545996,23.75272998
2520,60.89126231,30.44563116
2521,59.96045525,29.98022763
2522,80.46736191,40.23368096
2523,66.90265275,33.45132638
2524,77.30694128,38.65347064
2525,74.41383895,37.20691948
2526,85.04847878,42.52423939
2527,79.05984758,39.52992379
2528,86.09333916,43.04666958
2529,78.26871847,39.13435924
2530,73.29030295,36.64515148
2531,67.98162674,33.99081337
2532,62.00264935,31.00132468
2533,66.05117684,33.02558842
2534,49.57350715,24.78675358
2535,54.68265763,27.34132882
2536,43.28533705,21.64266853
2537,41.62625877,20.81312939
2538,35.20025172,17.60012586
2539,29.8782073,14.93910365
2540,34.93115754,17.46557877
2541,42.03226048,21.01613024
2542,52.81764739,26.4088237
2543,44.89476043,22.44738022
2544,55.86001072,27.93000536
2545,56.52526428,28.26263214
2546,62.48257865,31.24128933
2547,62.26835005,31.13417503
2548,75.66367382,37.83183691
2549,72.24449433,36.12224717
2550,75.11114533,37.55557267
2551,83.91238833,41.95619417
2552,73.07395541,36.53697771
2553,73.4628588,36.7314294
2554,77.37440062,38.68720031
2555,60.58033725,30.29016863
2556,61.36260638,30.68130319
2557,57.97432372,28.98716186
2558,51.61234454,25.80617227
2559,57.24355207,28.62177604
2560,51.00755533,25.50377767
2561,33.60250201,16.80125101
2562,45.88675674,22.94337837
2563,44.12721227,22.06360614
2564,36.09424732,18.04712366
2565,45.7661327,22.88306635
2566,41.65678497,20.82839249
2567,42.32767777,21.16383889
2568,55.15946217,27.57973109
2569,66.67804523,33.33902262
2570,74.71707501,37.35853751
2571,72.29558362,36.14779181
2572,81.13108275,40.56554138
2573,71.22709718,35.61354859
2574,79.06623032,39.53311516
2575,74.31245379,37.1562269
2576,76.93521212,38.46760606
2577,76.28493205,38.14246603
2578,76.15817761,38.07908881
2579,64.92922658,32.46461329
2580,68.93516394,34.46758197
2581,59.19560408,29.59780204
2582,55.09691313,27.54845657
2583,48.42496141,24.21248071
2584,53.27257939,26.6362897
2585,37.69388472,18.84694236
2586,40.09544771,20.04772386
2587,42.7322528,21.3661264
2588,41.01528223,20.50764112
2589,43.22851229,21.61425615
2590,51.39016487,25.69508244
2591,55.53228008,27.76614004
2592,51.94583379,25.9729169
2593,59.45435543,29.72717772
2594,62.27900112,31.13950056
2595,70.98588566,35.49294283
2596,83.67536009,41.83768005
2597,78.66712321,39.33356161
2598,80.36070742,40.18035371
2599,76.52351756,38.26175878
2600,71.74118418,35.87059209
2601,75.73245227,37.86622614
2602,70.89276485,35.44638243
2603,74.46553553,37.23276777
2604,60.3983741,30.19918705
2605,59.30426977,29.65213489
2606,47.01885452,23.50942726
2607,56.90912114,28.45456057
2608,46.17894711,23.08947356
2609,56.29709682,28.14854841
2610,40.17649242,20.08824621
2611,42.64092234,21.32046117
2612,39.93662056,19.96831028
2613,39.9212722,19.9606361
2614,50.31000705,25.15500353
2615,46.33865687,23.16932844
2616,59.31383019,29.6569151
2617,56.77921232,28.38960616
2618,66.43852244,33.21926122
2619,66.83447111,33.41723556
2620,83.28612216,41.64306108
2621,79.54370579,39.7718529
2622,73.1217417,36.56087085
2623,78.70988406,39.35494203
2624,69.82523461,34.91261731
2625,68.5927912,34.2963956
2626,70.82716962,35.41358481
2627,65.68054803,32.84027402
2628,73.88232413,36.94116207
2629,59.72878946,29.86439473
2630,52.51908642,26.25954321
2631,54.87247852,27.43623926
2632,36.67766114,18.33883057
2633,48.61676188,24.30838094
2634,37.77987883,18.88993942
2635,43.15829388,21.57914694
2636,37.75911488,18.87955744
2637,44.8692345,22.43461725
2638,52.21581314,26.10790657
2639,44.77100033,22.38550017
2640,62.51059677,31.25529839
2641,51.74047738,25.87023869
2642,62.89109588,31.44554794
2643,59.00661505,29.50330753
2644,77.67077738,38.83538869
2645,77.15314048,38.57657024
2646,82.0376382,41.0188191
2647,83.19503256,41.59751628
2648,73.79017054,36.89508527
2649,69.00498256,34.50249128
2650,74.17286582,37.08643291
2651,70.42547555,35.21273778
2652,66.09062911,33.04531456
2653,52.53073281,26.26536641
2654,59.35890596,29.67945298
2655,49.37852443,24.68926222
2656,51.98219421,25.99109711
2657,54.78666349,27.39333175
2658,45.47118761,22.73559381
2659,41.18051064,20.59025532
2660,41.05683868,20.52841934
2661,43.11191785,21.55595893
2662,43.39482362,21.69741181
2663,47.58708555,23.79354278
2664,60.32769806,30.16384903
2665,67.7863345,33.89316725
2666,58.86816912,29.43408456
2667,73.88253312,36.94126656
2668,73.43630855,36.71815428
2669,78.48500014,39.24250007
2670,84.66034027,42.33017014
2671,76.00522661,38.00261331
2672,76.40459752,38.20229876
2673,71.97601061,35.98800531
2674,74.54073467,37.27036734
2675,69.24393567,34.62196784
2676,62.20432161,31.10216081
2677,59.02408169,29.51204085
2678,44.12617196,22.06308598
2679,57.95083126,28.97541563
2680,44.35762798,22.17881399
2681,48.51186442,24.25593221
2682,43.53324048,21.76662024
2683,45.80863819,22.9043191
2684,40.89300862,20.44650431
2685,41.87032062,20.93516031
2686,50.70297206,25.35148603
2687,51.54510662,25.77255331
2688,53.15786198,26.57893099
2689,66.90313364,33.45156682
2690,65.48031122,32.74015561
2691,65.8579396,32.9289698
2692,74.38979481,37.19489741
2693,80.47090134,40.23545067
2694,69.08754179,34.5437709
2695,79.72786634,39.86393317
2696,84.53061592,42.26530796
2697,70.9503229,35.47516145
2698,72.04527369,36.02263685
2699,74.72826166,37.36413083
2700,57.84216289,28.92108145
2701,61.4995523,30.74977615
2702,49.44690584,24.72345292
2703,52.9322312,26.4661156
2704,43.94303632,21.97151816
2705,42.1813804,21.0906902
2706,42.54018822,21.27009411
2707,40.66685934,20.33342967
2708,44.07756596,22.03878298
2709,30.73147175,15.36573588
2710,37.88533134,18.94266567
2711,44.8991392,22.4495696
2712,54.81478318,27.40739159
2713,54.01112581,27.00556291
2714,54.41513635,27.20756818
2715,70.99084855,35.49542428
2716,72.65728003,36.32864002
2717,71.56363358,35.78181679
2718,72.14955935,36.07477968
2719,83.42644399,41.713222
2720,78.22398741,39.11199371
2721,79.07681265,39.53840633
2722,68.20574868,34.10287434
2723,63.33624618,31.66812309
2724,68.9312255,34.46561275
2725,66.5211324,33.2605662
2726,57.17630479,28.5881524
2727,43.55069872,21.77534936
2728,38.8603587,19.43017935
2729,41.92993886,20.96496943
2730,41.14172863,20.57086432
2731,40.46432291,20.23216146
2732,38.1936144,19.0968072
2733,45.99468747,22.99734374
2734,50.58520732,25.29260366
2735,42.42010641,21.21005321
2736,62.09117771,31.04558886
2737,60.69199397,30.34599699
2738,65.60580708,32.80290354
2739,70.95140513,35.47570257
2740,76.07149026,38.03574513
2741,67.35048704,33.67524352
2742,75.97838022,37.98919011
2743,76.99616283,38.49808142
2744,77.08410795,38.54205398
2745,78.51553952,39.25776976
2746,67.71624484,33.85812242
2747,68.38079923,34.19039962
2748,65.82132503,32.91066252
2749,61.20214205,30.60107103
2750,60.15316159,30.0765808
2751,49.07409368,24.53704684
2752,54.53864465,27.26932233
2753,34.22042015,17.11021008
2754,36.71738214,18.35869107
2755,38.54565827,19.27282914
2756,41.51168868,20.75584434
2757,44.69969417,22.34984709
2758,39.62400821,19.81200411
2759,44.0165357,22.00826785
2760,56.16975778,28.08487889
2761,60.1184334,30.0592167
2762,58.33874897,29.16937449
2763,64.77781485,32.38890743
2764,67.92516508,33.96258254
2765,71.83772414,35.91886207
2766,80.38373472,40.19186736
2767,82.85623542,41.42811771
2768,83.01622222,41.50811111
2769,70.6724067,35.33620335
2770,84.03177573,42.01588787
2771,67.30165243,33.65082622
2772,75.57193909,37.78596955
2773,56.40200708,28.20100354
2774,50.60924849,25.30462425
2775,51.76883484,25.88441742
2776,42.95360199,21.476801
2777,43.22703526,21.61351763
2778,49.33865953,24.66932977
2779,36.28915697,18.14457849
2780,40.165284,20.082642
2781,40.89860195,20.44930098
2782,38.37654087,19.18827044
2783,50.40025395,25.20012698
2784,47.53986928,23.76993464
2785,53.84662888,26.92331444
2786,70.75331737,35.37665869
2787,63.2486528,31.6243264
2788,71.66231765,35.83115883
2789,80.87454718,40.43727359
2790,81.9099279,40.95496395
2791,76.74407783,38.37203892
2792,71.01932594,35.50966297
2793,75.3976764,37.6988382
2794,73.25050342,36.62525171
2795,72.84215598,36.42107799
2796,68.88041408,34.44020704
2797,57.69480763,28.84740382
2798,49.32634527,24.66317264
2799,54.75092811,27.37546406
2800,34.28556596,17.14278298
2801,39.58524463,19.79262232
2802,45.03668207,22.51834104
2803,45.68547912,22.84273956
2804,37.11586705,18.55793353
2805,44.0474663,22.02373315
2806,41.14641008,20.57320504
2807,46.00523143,23.00261572
2808,54.96713067,27.48356534
2809,63.45115605,31.72557803
2810,66.02086862,33.01043431
2811,67.72526064,33.86263032
2812,74.36249906,37.18124953
2813,72.09676159,36.0483808
2814,79.38217442,39.69108721
2815,79.85716745,39.92858373
2816,76.87363079,38.4368154
2817,79.19214729,39.59607365
2818,73.29265953,36.64632977
2819,69.96219613,34.98109807
2820,68.91640931,34.45820466
2821,53.9037876,26.9518938
2822,54.90041434,27.45020717
2823,48.32000082,24.16000041
2824,43.9256487,21.96282435
2825,45.70904065,22.85452033
2826,39.76621367,19.88310684
2827,32.8185129,16.40925645
2828,52.36046846,26.18023423
2829,51.46766231,25.73383116
2830,46.71175793,23.35587897
2831,50.06146455,25.03073228
2832,52.04099896,26.02049948
2833,49.75217632,24.87608816
2834,73.6971429,36.84857145
2835,62.66711186,31.33355593
2836,72.20619291,36.10309646
2837,72.18048307,36.09024154
2838,77.7191365,38.85956825
2839,76.97580179,38.4879009
2840,74.04152019,37.0207601
2841,80.826763,40.4133815
2842,76.97986153,38.48993077
2843,73.62049143,36.81024572
2844,64.1561994,32.0780997
2845,65.7551641,32.87758205
2846,50.32056221,25.16028111
2847,49.98470822,24.99235411
2848,43.24572341,21.62286171
2849,39.512583,19.7562915
2850,49.91876962,24.95938481
2851,35.16411842,17.58205921
2852,39.37652416,19.68826208
2853,47.13673073,23.56836537
2854,48.9887159,24.49435795
2855,53.06418063,26.53209032
2856,56.1514744,28.0757372
2857,55.01629109,27.50814555
2858,66.0372199,33.01860995
2859,65.17695594,32.58847797
2860,64.31868897,32.15934449
2861,73.83507542,36.91753771
2862,76.89331071,38.44665536
2863,77.28045706,38.64022853
2864,83.6363198,41.8181599
2865,68.51603884,34.25801942
2866,69.136385,34.5681925
2867,60.71783487,30.35891744
2868,59.94741936,29.97370968
2869,51.72626819,25.8631341
2870,50.68196209,25.34098105
2871,54.97676643,27.48838322
2872,47.91288541,23.95644271
2873,43.66140282,21.83070141
2874,34.51826133,17.25913067
2875,36.53049437,18.26524719
2876,38.99390094,19.49695047
2877,49.64450834,24.82225417
2878,44.15616003,22.07808002
2879,44.45788596,22.22894298
2880,48.79472611,24.39736306
2881,62.16388349,31.08194175
2882,68.60797184,34.30398592
2883,71.10170089,35.55085045
2884,71.91097301,35.95548651
2885,83.95028749,41.97514375
2886,75.35261972,37.67630986
2887,73.92439906,36.96219953
2888,63.84098703,31.92049352
2889,72.82373369,36.41186685
2890,75.48349436,37.74174718
2891,74.87730395,37.43865198
2892,64.3049817,32.15249085
2893,60.28286694,30.14143347
2894,54.13763549,27.06881775
2895,49.25075197,24.62537599
2896,51.11065399,25.555327
2897,42.09890544,21.04945272
2898,28.37582167,14.18791084
2899,44.68349488,22.34174744
2900,32.98759705,16.49379853
2901,37.97521941,18.98760971
2902,41.67466225,20.83733113
2903,43.55803438,21.77901719
2904,48.49446518,24.24723259
2905,57.06837161,28.53418581
2906,66.55830544,33.27915272
2907,79.08776243,39.54388122
2908,73.60734713,36.80367357
2909,73.08671237,36.54335619
2910,68.58163489,34.29081745
2911,90.96277876,45.48138938
2912,78.95760321,39.47880161
2913,79.30181909,39.65090955
2914,70.29614908,35.14807454
2915,70.29977781,35.14988891
2916,64.26557116,32.13278558
2917,57.62221607,28.81110804
2918,52.18361465,26.09180733
2919,47.02337942,23.51168971
2920,49.42285074,24.71142537
2921,46.53505982,23.26752991
2922,35.59570436,17.79785218
2923,40.6077121,20.30385605
2924,34.11912141,17.05956071
2925,38.34179728,19.17089864
2926,42.67801226,21.33900613
2927,45.07694157,22.53847079
2928,43.17538969,21.58769485
2929,51.7675772,25.8837886
2930,59.53223666,29.76611833
2931,67.98043223,33.99021612
2932,85.58737739,42.7936887
2933,69.66804798,34.83402399
2934,74.1664574,37.0832287
2935,79.40679126,39.70339563
2936,75.87681547,37.93840774
2937,78.47866412,39.23933206
2938,70.85631404,35.42815702
2939,65.28261724,32.64130862
2940,58.43504843,29.21752422
2941,59.90198248,29.95099124
2942,52.0830668,26.0415334
2943,52.11223653,26.05611827
2944,43.80278405,21.90139203
2945,35.5694481,17.78472405
2946,35.86022485,17.93011243
2947,43.06184195,21.53092098
2948,35.52718838,17.76359419
2949,43.28773612,21.64386806
2950,55.71647953,27.85823977
2951,51.43382687,25.71691344
2952,53.83604747,26.91802374
2953,65.61035946,32.80517973
2954,59.95455893,29.97727947
2955,73.83990686,36.91995343
2956,64.52799401,32.26399701
2957,69.20376775,34.60188388
2958,83.29785553,41.64892777
2959,68.04757673,34.02378837
2960,68.22373758,34.11186879
2961,74.63139242,37.31569621
2962,72.99592437,36.49796219
2963,64.51889437,32.25944719
2964,69.17948124,34.58974062
2965,60.1204058,30.0602029
2966,52.7348526,26.3674263
2967,53.79171817,26.89585909
2968,34.46058342,17.23029171
2969,41.68097459,20.8404873
2970,42.08209498,21.04104749
2971,48.79446456,24.39723228
2972,38.77665765,19.38832883
2973,35.35075396,17.67537698
2974,43.97144469,21.98572235
2975,49.51537739,24.7576887
2976,48.20774754,24.10387377
2977,54.7430549,27.37152745
2978,64.68955434,32.34477717
2979,66.68380936,33.34190468
2980,69.56984392,34.78492196
2981,72.44111672,36.22055836
2982,74.60438453,37.30219227
2983,76.4538167,38.22690835
2984,72.67626218,36.33813109
2985,73.45052563,36.72526282
2986,73.68851801,36.84425901
2987,60.64203464,30.32101732
2988,68.96494813,34.48247407
2989,59.66835213,29.83417607
2990,50.68075097,25.34037549
2991,46.2741681,23.13708405
2992,55.18594022,27.59297011
2993,39.37750311,19.68875156
2994,42.11802098,21.05901049
2995,37.29685339,18.6484267
2996,50.54019328,25.27009664
2997,43.22655301,21.61327651
2998,43.86564168,21.93282084
2999,41.96643417,20.98321709
3000,55.9949284,27.9974642
3001,60.34571221,30.17285611
3002,62.26722512,31.13361256
3003,70.29444405,35.14722203
3004,74.44508401,37.22254201
3005,76.23646911,38.11823456
3006,81.15731781,40.57865891
3007,80.58486518,40.29243259
3008,79.61481257,39.80740629
3009,73.4473058,36.7236529
3010,75.73857189,37.86928595
3011,65.24815796,32.62407898
3012,62.94344843,31.47172422
3013,57.21045984,28.60522992
3014,56.12995931,28.06497966
3015,50.54298067,25.27149034
3016,39.94974913,19.97487457
3017,34.90285824,17.45142912
3018,38.96188442,19.48094221
3019,30.90029289,15.45014645
3020,42.91437558,21.45718779
3021,40.4527844,20.2263922
3022,46.02943334,23.01471667
3023,48.07403663,24.03701832
3024,60.84400683,30.42200342
3025,50.31892411,25.15946206
3026,57.64524666,28.82262333
3027,65.30576734,32.65288367
3028,74.33292234,37.16646117
3029,76.82720602,38.41360301
3030,81.6364725,40.81823625
3031,76.80730676,38.40365338
3032,67.44918762,33.72459381
3033,75.99943718,37.99971859
3034,69.18442814,34.59221407
3035,71.55568201,35.77784101
3036,74.34875961,37.17437981
3037,66.67359683,33.33679842
3038,60.2436401,30.12182005
3039,44.43525524,22.21762762
3040,40.5682391,20.28411955
3041,48.68766928,24.34383464
3042,41.97110707,20.98555354
3043,39.35669736,19.67834868
3044,37.80442075,18.90221038
3045,40.99565493,20.49782747
3046,42.77434895,21.38717448
3047,39.87387467,19.93693734
3048,48.98143283,24.49071642
3049,59.7540659,29.87703295
3050,64.0514153,32.02570765
3051,63.41369434,31.70684717
3052,73.94318354,36.97159177
3053,94.71853208,47.35926604
3054,75.74090934,37.87045467
3055,79.24847431,39.62423716
3056,74.89258105,37.44629053
3057,83.31033868,41.65516934
3058,71.58003222,35.79001611
3059,61.91973975,30.95986988
3060,64.48831543,32.24415772
3061,50.64616312,25.32308156
3062,52.85643242,26.42821621
3063,51.78054584,25.89027292
3064,41.56657382,20.78328691
3065,35.36149659,17.6807483
3066,33.07960468,16.53980234
3067,35.26639444,17.63319722
3068,36.42700929,18.21350465
3069,35.13590849,17.56795425
3070,45.03897372,22.51948686
3071,36.99840209,18.49920105
3072,49.18880001,24.59440001
3073,51.39536112,25.69768056
3074,58.56138779,29.2806939
3075,72.14618701,36.07309351
3076,74.78932425,37.39466213
3077,78.82617737,39.41308869
3078,67.10846327,33.55423164
3079,70.78867171,35.39433586
3080,77.65441959,38.8272098
3081,76.37733633,38.18866817
3082,77.22472035,38.61236018
3083,74.5594693,37.27973465
3084,54.14904165,27.07452083
3085,66.13045027,33.06522514
3086,46.98222264,23.49111132
3087,51.92715819,25.9635791
3088,44.55452727,22.27726364
3089,40.1442078,20.0721039
3090,48.70919014,24.35459507
3091,43.5645889,21.78229445
3092,35.15280507,17.57640254
3093,41.04941503,20.52470752
3094,46.51603638,23.25801819
3095,57.2035516,28.6017758
3096,54.17007926,27.08503963
3097,61.44365586,30.72182793
3098,63.09092432,31.54546216
3099,66.63331324,33.31665662
3100,76.02855336,38.01427668
3101,72.14305139,36.0715257
3102,70.0529326,35.0264663
3103,77.05823003,38.52911502
3104,74.42353932,37.21176966
3105,78.58645754,39.29322877
3106,77.08452253,38.54226127
3107,64.65611817,32.32805909
3108,58.15211082,29.07605541
3109,55.03600144,27.51800072
3110,59.82922391,29.91461196
3111,49.69501269,24.84750635
3112,47.2088985,23.60444925
3113,47.01385818,23.50692909
3114,35.69060652,17.84530326
3115,32.18001896,16.09000948
3116,38.24044481,19.12022241
3117,36.49219786,18.24609893
3118,40.14408183,20.07204092
3119,45.79091557,22.89545779
3120,53.2253058,26.6126529
3121,58.85451199,29.427256
3122,61.32874832,30.66437416
3123,62.1332281,31.06661405
3124,74.11721379,37.0586069
3125,75.74741917,37.87370959
3126,78.99142362,39.49571181
3127,68.62235645,34.31117823
3128,77.20469634,38.60234817
3129,76.38113106,38.19056553
3130,69.0926761,34.54633805
3131,75.16677535,37.58338768
3132,65.73659426,32.86829713
3133,62.69629227,31.34814614
3134,55.853046,27.926523
3135,43.7079609,21.85398045
3136,48.04480044,24.02240022
3137,39.66816721,19.83408361
3138,51.69343138,25.84671569
3139,36.0926627,18.04633135
3140,32.73475849,16.36737925
3141,38.98284069,19.49142035
3142,43.69629865,21.84814933
3143,51.17626452,25.58813226
3144,56.95494954,28.47747477
3145,49.32224554,24.66112277
3146,63.69641194,31.84820597
3147,61.20339855,30.60169928
3148,76.35027366,38.17513683
3149,71.1408053,35.57040265
3150,80.91834706,40.45917353
3151,73.6001813,36.80009065
3152,74.26015599,37.130078
3153,81.22703188,40.61351594
3154,80.33846085,40.16923043
3155,58.96471156,29.48235578
3156,62.21820522,31.10910261
3157,59.4505004,29.7252502
3158,49.54401053,24.77200527
3159,35.08316038,17.54158019
3160,39.87981324,19.93990662
3161,46.35473278,23.17736639
3162,47.09861357,23.54930679
3163,39.49756832,19.74878416
3164,39.65115976,19.82557988
3165,42.41163551,21.20581776
3166,43.6510595,21.82552975
3167,42.74545804,21.37272902
3168,44.45380258,22.22690129
3169,54.22051498,27.11025749
3170,63.48382055,31.74191028
3171,61.10404078,30.55202039
3172,67.52673795,33.76336898
3173,75.27345134,37.63672567
3174,72.03112516,36.01556258
3175,75.13151257,37.56575629
3176,80.53060018,40.26530009
3177,81.07214488,40.53607244
3178,70.83985435,35.41992718
3179,63.7780989,31.88904945
3180,62.59400656,31.29700328
3181,60.70021465,30.35010733
3182,44.2561747,22.12808735
3183,43.86809735,21.93404868
3184,37.46334869,18.73167435
3185,39.81510675,19.90755338
3186,41.1501849,20.57509245
3187,41.78190293,20.89095147
3188,37.01253055,18.50626528
3189,34.97615328,17.48807664
3190,38.10404195,19.05202098
3191,40.86550537,20.43275269
3192,50.92616622,25.46308311
3193,51.88885339,25.9444267
3194,70.13936439,35.0696822
3195,68.54373179,34.2718659
3196,72.7335243,36.36676215
3197,77.96416852,38.98208426
3198,77.44867621,38.72433811
3199,84.16112572,42.08056286
3200,74.29339103,37.14669552
3201,74.05782685,37.02891343
3202,74.75837573,37.37918787
3203,57.63731943,28.81865972
3204,66.52126964,33.26063482
3205,53.16172278,26.58086139
3206,50.54830822,25.27415411
3207,52.93002233,26.46501117
3208,47.2541416,23.6270708
3209,34.0289194,17.0144597
3210,38.48191592,19.24095796
3211,37.10559087,18.55279544
3212,32.51543534,16.25771767
3213,40.47754775,20.23877388
3214,41.36650287,20.68325144
3215,54.61777645,27.30888823
3216,50.92569857,25.46284929
3217,60.4572304,30.2286152
3218,63.36513363,31.68256682
3219,68.20786304,34.10393152
3220,68.60794045,34.30397023
3221,70.07916208,35.03958104
3222,81.68074364,40.84037182
3223,74.91910298,37.45955149
3224,74.72118347,37.36059174
3225,72.62608516,36.31304258
3226,76.09597309,38.04798655
3227,69.76204016,34.88102008
3228,67.16524512,33.58262256
3229,62.07662037,31.03831019
3230,53.21864411,26.60932206
3231,47.88511997,23.94255999
3232,39.32611192,19.66305596
3233,32.8015108,16.4007554
3234,41.2013075,20.60065375
3235,34.25245643,17.12622822
3236,38.80057677,19.40028839
3237,42.95440471,21.47720236
3238,47.2381984,23.6190992
3239,55.17342508,27.58671254
3240,50.3114768,25.1557384
3241,59.25888859,29.6294443
3242,67.93208874,33.96604437
3243,75.55207657,37.77603829
3244,73.57113,36.785565
3245,76.05452551,38.02726276
3246,80.81095219,40.4054761
3247,74.72530195,37.36265098
3248,78.99125111,39.49562556
3249,71.26640854,35.63320427
3250,78.0258826,39.0129413
3251,59.66663054,29.83331527
3252,69.48094618,34.74047309
3253,55.05428691,27.52714346
3254,58.76105704,29.38052852
3255,53.22496454,26.61248227
3256,33.76562213,16.88281107
3257,34.41659539,17.2082977
3258,39.62666502,19.81333251
3259,44.33849245,22.16924623
3260,37.88169049,18.94084525
3261,37.15936525,18.57968263
3262,39.12254491,19.56127246
3263,41.92713668,20.96356834
3264,54.92601432,27.46300716
3265,54.45452645,27.22726323
3266,62.87574819,31.4378741
3267,66.48248526,33.24124263
3268,66.76206002,33.38103001
3269,73.71303303,36.85651652
3270,77.20550233,38.60275117
3271,87.65515503,43.82757752
3272,75.28588474,37.64294237
3273,67.33645472,33.66822736
3274,78.78376745,39.39188373
3275,67.86953084,33.93476542
3276,58.22849505,29.11424753
3277,52.35643765,26.17821883
3278,47.95165823,23.97582912
3279,40.14617138,20.07308569
3280,36.96633736,18.48316868
3281,49.91731904,24.95865952
3282,35.59562487,17.79781244
3283,30.79581841,15.39790921
3284,29.28182427,14.64091214
3285,48.52990559,24.2649528
3286,39.3071657,19.65358285
3287,49.65472699,24.8273635
3288,39.21322043,19.60661022
3289,58.33585988,29.16792994
3290,62.09766113,31.04883057
3291,68.89917222,34.44958611
3292,73.21400695,36.60700348
3293,73.47886568,36.73943284
3294,80.09231597,40.04615799
3295,69.178028,34.589014
3296,77.10828804,38.55414402
3297,78.90229443,39.45114722
3298,65.35114598,32.67557299
3299,62.51137512,31.25568756
3300,59.62215784,29.81107892
3301,54.80344358,27.40172179
3302,43.82300501,21.91150251
3303,50.17386199,25.086931
3304,44.93609535,22.46804768
3305,31.93639303,15.96819652
3306,35.61874956,17.80937478
3307,29.83866298,14.91933149
3308,34.22588151,17.11294076
3309,40.74618788,20.37309394
3310,33.24982209,16.62491105
3311,43.25183989,21.62591995
3312,46.34977797,23.17488899
3313,47.80775034,23.90387517
3314,72.93243524,36.46621762
3315,68.46823142,34.23411571
3316,72.07962769,36.03981385
3317,75.20452829,37.60226415
3318,73.05658846,36.52829423
3319,78.42774522,39.21387261
3320,78.92861088,39.46430544
3321,74.04791139,37.0239557
3322,68.29473875,34.14736938
3323,70.41888259,35.2094413
3324,61.06012423,30.53006212
3325,56.6044758,28.3022379
3326,52.75477027,26.37738514
3327,39.67851419,19.8392571
3328,40.32321423,20.16160712
3329,44.04144621,22.02072311
3330,35.75459724,17.87729862
3331,29.98715289,14.99357645
3332,27.1096738,13.5548369
3333,43.64902214,21.82451107
3334,47.20464902,23.60232451
3335,39.38754245,19.69377123
3336,46.81109906,23.40554953
3337,56.5512931,28.27564655
3338,48.82516516,24.41258258
3339,59.28507339,29.6425367
3340,63.82012624,31.91006312
3341,76.44826831,38.22413416
3342,72.28996285,36.14498143
3343,77.37154213,38.68577107
3344,77.07738372,38.53869186
3345,74.53335822,37.26667911
3346,67.45462487,33.72731244
3347,69.20684267,34.60342134
3348,61.47226761,30.73613381
3349,54.31703127,27.15851564
3350,61.08743782,30.54371891
3351,54.10643519,27.0532176
3352,47.05290646,23.52645323
3353,47.21622841,23.60811421
3354,36.81838394,18.40919197
3355,41.6188347,20.80941735
3356,37.14720171,18.57360086
3357,39.45171671,19.72585836
3358,47.89998896,23.94999448
3359,54.13614273,27.06807137
3360,57.6090693,28.80453465
3361,58.24616941,29.12308471
3362,59.99678981,29.99839491
3363,63.03524502,31.51762251
3364,74.94073557,37.47036779
3365,68.95016224,34.47508112
3366,63.91208552,31.95604276
3367,74.00330035,37.00165018
3368,73.08332166,36.54166083
3369,72.11380623,36.05690312
3370,72.00997516,36.00498758
3371,69.64857522,34.82428761
3372,60.42367625,30.21183813
3373,60.9895355,30.49476775
3374,51.98293271,25.99146636
3375,51.54284322,25.77142161
3376,52.65569122,26.32784561
3377,34.88888147,17.44444074
3378,38.00033707,19.00016854
3379,43.62711944,21.81355972
3380,44.27523321,22.13761661
3381,38.81811712,19.40905856
3382,44.7328159,22.36640795
3383,43.88296199,21.941481
3384,53.2114659,26.60573295
3385,59.59492344,29.79746172
3386,75.26616104,37.63308052
3387,71.04073234,35.52036617
3388,72.23213375,36.11606688
3389,76.47845273,38.23922637
3390,83.91404064,41.95702032
3391,74.77276852,37.38638426
3392,72.08664753,36.04332377
3393,75.32903948,37.66451974
3394,66.35861804,33.17930902
3395,71.96784965,35.98392483
3396,64.03095422,32.01547711
3397,55.69457408,27.84728704
3398,49.76564471,24.88282236
3399,42.79029313,21.39514657
3400,48.21738569,24.10869285
3401,39.568578,19.784289
3402,34.36231874,17.18115937
3403,32.77813082,16.38906541
3404,32.51995667,16.25997834
3405,42.87999685,21.43999843
3406,42.88622257,21.44311129
3407,54.29069686,27.14534843
3408,45.79221478,22.89610739
3409,51.19251681,25.59625841
3410,57.7270305,28.86351525
3411,64.26639861,32.13319931
3412,64.95395349,32.47697675
3413,70.65679985,35.32839993
3414,67.99269207,33.99634604
3415,72.59361504,36.29680752
3416,73.59930007,36.79965004
3417,78.19679846,39.09839923
3418,65.02810018,32.51405009
3419,60.76368129,30.38184065
3420,58.16484549,29.08242275
3421,56.15467299,28.0773365
3422,55.25006063,27.62503032
3423,45.07217993,22.53608997
3424,39.12604638,19.56302319
3425,36.62392896,18.31196448
3426,45.39924366,22.69962183
3427,44.59044217,22.29522109
3428,38.06108222,19.03054111
3429,33.41252873,16.70626437
3430,40.48936757,20.24468379
3431,43.02065496,21.51032748
3432,42.87709847,21.43854924
3433,63.67239685,31.83619843
3434,59.50313814,29.75156907
3435,63.67041014,31.83520507
3436,75.46769051,37.73384526
3437,75.38602024,37.69301012
3438,71.89043497,35.94521749
3439,71.82761836,35.91380918
3440,83.12239659,41.5611983
3441,80.42554968,40.21277484
3442,77.43562748,38.71781374
3443,64.04656975,32.02328488
3444,62.25675943,31.12837972
3445,48.95122515,24.47561258
3446,52.32787126,26.16393563
3447,46.57121017,23.28560509
3448,52.10133005,26.05066503
3449,28.85984143,14.42992072
3450,36.13516541,18.06758271
3451,30.769516,15.384758
3452,37.91930045,18.95965023
3453,39.67222193,19.83611097
3454,31.41892898,15.70946449
3455,45.19217325,22.59608663
3456,53.25537825,26.62768913
3457,60.9601618,30.4800809
3458,61.12962529,30.56481265
3459,71.25604841,35.62802421
3460,80.98935287,40.49467644
3461,80.5394427,40.26972135
3462,73.25324658,36.62662329
3463,75.97213573,37.98606787
3464,72.42636816,36.21318408
3465,71.88354224,35.94177112
3466,68.50015463,34.25007732
3467,57.77180425,28.88590213
3468,59.21896288,29.60948144
3469,60.23965158,30.11982579
3470,57.97890909,28.98945455
3471,41.02968326,20.51484163
3472,37.65579621,18.82789811
3473,33.61713846,16.80856923
3474,32.81869908,16.40934954
3475,33.74124142,16.87062071
3476,35.3601992,17.6800996
3477,39.43510249,19.71755125
3478,45.74673011,22.87336506
3479,43.98194553,21.99097277
3480,51.28054071,25.64027036
3481,58.71506154,29.35753077
3482,62.80816518,31.40408259
3483,68.64549309,34.32274655
3484,65.37464402,32.68732201
3485,73.85966954,36.92983477
3486,72.22698042,36.11349021
3487,74.27772457,37.13886229
3488,76.91774228,38.45887114
3489,67.88980447,33.94490224
3490,69.34491071,34.67245536
3491,63.87317656,31.93658828
3492,59.76538494,29.88269247
3493,59.20190274,29.60095137
3494,45.97174575,22.98587288
3495,42.11568653,21.05784327
3496,40.07863839,20.0393192
3497,36.35031728,18.17515864
3498,43.93340594,21.96670297
3499,39.91578381,19.95789191
3500,34.6668385,17.33341925
3501,39.9723374,19.9861687
3502,42.85066404,21.42533202
3503,41.1332921,20.56664605
3504,48.23583669,24.11791835
3505,54.82315344,27.41157672
3506,67.22410741,33.61205371
3507,67.25488004,33.62744002
3508,71.79068752,35.89534376
3509,71.49682668,35.74841334
3510,68.48733318,34.24366659
3511,77.64848891,38.82424446
3512,68.97584501,34.48792251
3513,66.72809744,33.36404872
3514,61.40894838,30.70447419
3515,61.48692384,30.74346192
3516,58.09993257,29.04996629
3517,60.70891704,30.35445852
3518,49.95816025,24.97908013
3519,52.78109533,26.39054767
3520,37.6241054,18.8120527
3521,39.34528101,19.67264051
3522,22.27485517,11.13742759
3523,28.71260983,14.35630492
3524,33.51752888,16.75876444
3525,36.30287462,18.15143731
3526,46.00912262,23.00456131
3527,51.44370748,25.72185374
3528,43.39517013,21.69758507
3529,55.5623311,27.78116555
3530,63.39627163,31.69813582
3531,66.38239452,33.19119726
3532,77.03195786,38.51597893
3533,73.86052952,36.93026476
3534,79.67165177,39.83582589
3535,74.37633354,37.18816677
3536,76.59680304,38.29840152
3537,70.39843527,35.19921764
3538,63.05853502,31.52926751
3539,69.25817814,34.62908907
3540,61.89405286,30.94702643
3541,55.84247036,27.92123518
3542,56.1237036,28.0618518
3543,44.17004328,22.08502164
3544,36.26696489,18.13348245
3545,40.93871571,20.46935786
3546,34.17762793,17.08881397
3547,34.52789368,17.26394684
3548,36.06090528,18.03045264
3549,38.26469093,19.13234547
3550,45.45469319,22.7273466
3551,49.28945643,24.64472822
3552,44.7094033,22.35470165
3553,60.79490503,30.39745252
3554,53.34239396,26.67119698
3555,72.25595448,36.12797724
3556,69.68551906,34.84275953
3557,70.91078197,35.45539099
3558,68.27890346,34.13945173
3559,78.53400489,39.26700245
3560,71.37477699,35.6873885
3561,67.08623495,33.54311748
3562,75.41911433,37.70955717
3563,75.65307975,37.82653988
3564,63.4321939,31.71609695
3565,50.78805309,25.39402655
3566,54.57000415,27.28500208
3567,42.0446405,21.02232025
3568,41.36735331,20.68367666
3569,44.24353423,22.12176712
3570,20.14483136,10.07241568
3571,33.98492288,16.99246144
3572,40.13819927,20.06909964
3573,40.66537505,20.33268753
3574,39.35657129,19.67828565
3575,42.79769932,21.39884966
3576,47.72468711,23.86234356
3577,56.68813031,28.34406516
3578,63.64572737,31.82286369
3579,64.60867104,32.30433552
3580,72.10646696,36.05323348
3581,67.12981445,33.56490723
3582,78.73496274,39.36748137
3583,75.72133441,37.86066721
3584,69.93262759,34.9663138
3585,80.62159418,40.31079709
3586,77.06763535,38.53381768
3587,53.8483295,26.92416475
3588,69.73715323,34.86857662
3589,60.19554936,30.09777468
3590,60.24008947,30.12004474
3591,48.0136856,24.0068428
3592,43.1817873,21.59089365
3593,37.76576707,18.88288354
3594,44.06652415,22.03326208
3595,40.55035772,20.27517886
3596,42.67672837,21.33836419
3597,41.86027616,20.93013808
3598,57.98251442,28.99125721
3599,41.21780968,20.60890484
3600,47.53212649,23.76606325
3601,53.16418479,26.5820924
3602,56.24177235,28.12088618
3603,54.07073359,27.0353668
3604,66.5370506,33.2685253
3605,69.40224734,34.70112367
3606,77.4880019,38.74400095
3607,79.00672815,39.50336408
3608,82.37960556,41.18980278
3609,75.20632153,37.60316077
3610,65.37956473,32.68978237
3611,67.67151092,33.83575546
3612,66.62793044,33.31396522
3613,59.67808462,29.83904231
3614,54.37634914,27.18817457
3615,50.29118935,25.14559468
3616,42.75177402,21.37588701
3617,36.87493203,18.43746602
3618,39.75054946,19.87527473
3619,27.35011435,13.67505718
3620,46.55700537,23.27850269
3621,39.96165997,19.98082999
3622,40.81046776,20.40523388
3623,49.56539772,24.78269886
3624,43.367299,21.6836495
3625,59.35126948,29.67563474
3626,60.83449858,30.41724929
3627,65.31215849,32.65607925
3628,66.19343023,33.09671512
3629,59.79492896,29.89746448
3630,80.18540958,40.09270479
3631,79.63054121,39.81527061
3632,73.63642828,36.81821414
3633,67.95898751,33.97949376
3634,72.81602897,36.40801449
3635,64.28897322,32.14448661
3636,53.32184935,26.66092468
3637,51.59773698,25.79886849
3638,56.36629487,28.18314744
3639,43.84599995,21.92299998
3640,44.06650366,22.03325183
3641,29.81509241,14.90754621
3642,36.38246786,18.19123393
3643,39.96109045,19.98054523
3644,37.45395634,18.72697817
3645,36.92380501,18.46190251
3646,30.30989403,15.15494702
3647,56.33178946,28.16589473
3648,45.97117663,22.98558832
3649,59.87280658,29.93640329
3650,56.80075235,28.40037618
3651,56.70008641,28.35004321
3652,76.66224043,38.33112022
3653,79.35215085,39.67607543
3654,73.52925685,36.76462843
3655,73.26821511,36.63410756
3656,68.76062628,34.38031314
3657,69.71787373,34.85893687
3658,77.91172469,38.95586235
3659,54.19963276,27.09981638
3660,52.6757962,26.3378981
3661,47.67482337,23.83741169
3662,47.35572504,23.67786252
3663,49.10516239,24.5525812
3664,39.30409627,19.65204814
3665,38.76781351,19.38390676
3666,42.93550883,21.46775442
3667,27.85087352,13.92543676
3668,32.26725059,16.1336253
3669,30.97508127,15.48754064
3670,39.37276575,19.68638288
3671,52.52082935,26.26041468
3672,43.98030019,21.9901501
3673,43.75174148,21.87587074
3674,56.74076359,28.3703818
3675,60.19250465,30.09625233
3676,63.8382082,31.9191041
3677,70.39550036,35.19775018
3678,60.31164326,30.15582163
3679,81.61358079,40.8067904
3680,71.59088305,35.79544153
3681,71.47979224,35.73989612
3682,72.16080774,36.08040387
3683,59.16442747,29.58221374
3684,55.85750092,27.92875046
3685,53.05342521,26.52671261
3686,48.73314285,24.36657143
3687,44.45402904,22.22701452
3688,40.07902379,20.0395119
3689,45.26783802,22.63391901
3690,31.06664342,15.53332171
3691,36.45556674,18.22778337
3692,30.55049125,15.27524563
3693,30.07755313,15.03877657
3694,33.8115817,16.90579085
3695,46.74338808,23.37169404
3696,51.00955019,25.5047751
3697,55.67100954,27.83550477
3698,59.13415422,29.56707711
3699,57.91927128,28.95963564
3700,69.03324478,34.51662239
3701,76.13388101,38.06694051
3702,86.67744382,43.33872191
3703,75.05185324,37.52592662
3704,78.24329919,39.1216496
3705,60.41179938,30.20589969
3706,69.05536429,34.52768215
3707,60.47264324,30.23632162
3708,52.41762853,26.20881427
3709,59.11758497,29.55879249
3710,41.18912308,20.59456154
3711,52.33387081,26.16693541
3712,46.60634873,23.30317437
3713,40.73359486,20.36679743
3714,35.93796672,17.96898336
3715,24.66067869,12.33033935
3716,38.78303403,19.39151702
3717,35.75195602,17.87597801
3718,43.95056633,21.97528317
3719,41.6144011,20.80720055
3720,51.5263725,25.76318625
3721,57.32756691,28.66378346
3722,57.64987938,28.82493969
3723,61.0420509,30.52102545
3724,66.43473381,33.21736691
3725,65.48108623,32.74054312
3726,81.39249949,40.69624975
3727,72.67708197,36.33854099
3728,84.71755988,42.35877994
3729,76.47098614,38.23549307
3730,70.82216682,35.41108341
3731,68.65087919,34.3254396
3732,55.57310654,27.78655327
3733,47.60465916,23.80232958
3734,54.55941903,27.27970952
3735,47.90251871,23.95125936
3736,43.71977649,21.85988825
3737,40.03494405,20.01747203
3738,40.1215853,20.06079265
3739,36.98922354,18.49461177
3740,40.84229132,20.42114566
3741,36.04597108,18.02298554
3742,41.20695287,20.60347644
3743,34.4969516,17.2484758
3744,49.23032872,24.61516436
3745,52.31744626,26.15872313
3746,66.3674676,33.1837338
3747,62.16169737,31.08084869
3748,73.26257747,36.63128874
3749,74.20591541,37.10295771
3750,76.07100449,38.03550225
3751,68.50053893,34.25026947
3752,72.82866552,36.41433276
3753,74.93303197,37.46651599
3754,75.41883017,37.70941509
3755,62.8357203,31.41786015
3756,49.70069772,24.85034886
3757,52.19025222,26.09512611
3758,50.11156695,25.05578348
3759,44.66530788,22.33265394
3760,42.36595711,21.18297856
3761,37.07923102,18.53961551
3762,31.56089885,15.78044943
3763,35.48549933,17.74274967
3764,42.91820132,21.45910066
3765,50.87212696,25.43606348
3766,37.46319222,18.73159611
3767,44.25851636,22.12925818
3768,50.98426714,25.49213357
3769,55.64894785,27.82447393
3770,64.9642398,32.4821199
3771,63.40487794,31.70243897
3772,65.71251654,32.85625827
3773,70.8248408,35.4124204
3774,73.79982653,36.89991327
3775,74.705144,37.352572
3776,61.78938551,30.89469276
3777,73.2637789,36.63188945
3778,63.44018703,31.72009352
3779,53.75161097,26.87580549
3780,59.95433578,29.97716789
3781,53.03451718,26.51725859
3782,41.65062386,20.82531193
3783,50.92361917,25.46180959
3784,47.13837215,23.56918608
3785,37.45589985,18.72794993
3786,32.69241885,16.34620943
3787,35.45020652,17.72510326
3788,37.84267223,18.92133612
3789,34.34002673,17.17001337
3790,34.0284197,17.01420985
3791,53.74406861,26.87203431
3792,45.01186388,22.50593194
3793,58.35507585,29.17753793
3794,59.63908432,29.81954216
3795,65.10563797,32.55281899
3796,73.29163152,36.64581576
3797,76.30501083,38.15250542
3798,74.12170719,37.0608536
3799,74.01286969,37.00643485
3800,80.70169039,40.3508452
3801,73.43145788,36.71572894
3802,71.16584465,35.58292233
3803,72.18179009,36.09089505
3804,50.88047849,25.44023925
3805,53.83551439,26.9177572
3806,51.02149844,25.51074922
3807,34.75075614,17.37537807
3808,39.40872023,19.70436012
3809,43.70542754,21.85271377
3810,36.61727447,18.30863724
3811,44.61337057,22.30668529
3812,31.45570173,15.72785087
3813,32.14252675,16.07126338
3814,38.24290915,19.12145458
3815,47.66610548,23.83305274
3816,52.72350791,26.36175396
3817,53.18073451,26.59036726
3818,53.87732131,26.93866066
3819,64.94015697,32.47007849
3820,76.92604989,38.46302495
3821,70.39979262,35.19989631
3822,80.81199896,40.40599948
3823,80.30706045,40.15353023
3824,68.83701259,34.4185063
3825,63.53378516,31.76689258
3826,79.14443486,39.57221743
3827,51.98671212,25.99335606
3828,63.46154648,31.73077324
3829,53.06356753,26.53178377
3830,43.49906594,21.74953297
3831,40.85037849,20.42518925
3832,33.45566211,16.72783106
3833,43.41688159,21.7084408
3834,30.17675505,15.08837753
3835,35.89337742,17.94668871
3836,26.47056291,13.23528146
3837,35.24532359,17.6226618
3838,40.13759425,20.06879713
3839,44.61008686,22.30504343
3840,48.71010596,24.35505298
3841,54.98236528,27.49118264
3842,66.99248658,33.49624329
3843,66.58841685,33.29420843
3844,66.68329583,33.34164792
3845,77.18822105,38.59411053
3846,81.96661409,40.98330705
3847,72.11091178,36.05545589
3848,71.9327498,35.9663749
3849,75.6502371,37.82511855
3850,69.96445496,34.98222748
3851,71.56117427,35.78058714
3852,57.03187681,28.51593841
3853,46.97912882,23.48956441
3854,44.87778199,22.438891
3855,52.22807946,26.11403973
3856,35.95251307,17.97625654
3857,37.61300406,18.80650203
3858,31.66358654,15.83179327
3859,35.85258837,17.92629419
3860,35.03724797,17.51862399
3861,35.72762425,17.86381213
3862,38.84341019,19.4217051
3863,49.68943953,24.84471977
3864,42.58679055,21.29339528
3865,57.66668954,28.83334477
3866,60.82426794,30.41213397
3867,57.50596447,28.75298224
3868,65.77089794,32.88544897
3869,76.09290622,38.04645311
3870,78.18491819,39.0924591
3871,60.27816258,30.13908129
3872,69.95107005,34.97553503
3873,71.7707142,35.8853571
3874,65.09352957,32.54676479
3875,71.1059556,35.5529778
3876,59.41263019,29.7063151
3877,44.45510033,22.22755017
3878,49.25094998,24.62547499
3879,39.98558639,19.9927932
3880,39.61696605,19.80848303
3881,33.45205744,16.72602872
3882,39.11292517,19.55646259
3883,32.69625775,16.34812888
3884,26.13164022,13.06582011
3885,32.98958948,16.49479474
3886,39.25815097,19.62907549
3887,44.73775599,22.368878
3888,57.43752171,28.71876086
3889,52.68371898,26.34185949
3890,59.36873377,29.68436689
3891,63.0575804,31.5287902
3892,74.9818482,37.4909241
3893,69.83817979,34.9190899
3894,78.81608478,39.40804239
3895,84.72192518,42.36096259
3896,73.97367581,36.98683791
3897,77.00019001,38.50009501
3898,66.4695309,33.23476545
3899,68.82665191,34.41332596
3900,67.01491716,33.50745858
3901,45.15965324,22.57982662
3902,49.24959344,24.62479672
3903,38.28440643,19.14220322
3904,31.30676293,15.65338147
3905,43.9824659,21.99123295
3906,34.202641,17.1013205
3907,28.86023651,14.43011826
3908,32.60418459,16.3020923
3909,36.87851673,18.43925837
3910,43.03328595,21.51664298
3911,42.75927709,21.37963855
3912,43.37528618,21.68764309
3913,49.29388106,24.64694053
3914,55.05108466,27.52554233
3915,61.62761035,30.81380518
3916,67.95733798,33.97866899
3917,65.45780406,32.72890203
3918,79.185685,39.5928425
3919,72.85330979,36.4266549
3920,65.05523581,32.52761791
3921,71.79754403,35.89877202
3922,65.29762041,32.64881021
3923,54.60356562,27.30178281
3924,66.02745729,33.01372865
3925,55.54608571,27.77304286
3926,51.31230508,25.65615254
3927,38.08563204,19.04281602
3928,35.35686231,17.67843116
3929,32.62366931,16.31183466
3930,22.74147677,11.37073839
3931,27.07503811,13.53751906
3932,35.10677717,17.55338859
3933,36.01726246,18.00863123
3934,43.45477433,21.72738717
3935,36.4581352,18.2290676
3936,43.80753902,21.90376951
3937,62.09224246,31.04612123
3938,62.7331688,31.3665844
3939,57.15475242,28.57737621
3940,65.07698581,32.53849291
3941,74.18253643,37.09126822
3942,60.13665146,30.06832573
3943,68.6972953,34.34864765
3944,78.54633839,39.2731692
3945,72.72186587,36.36093294
3946,66.88696952,33.44348476
3947,63.34168304,31.67084152
3948,58.64547295,29.32273648
3949,53.86118962,26.93059481
3950,39.01852426,19.50926213
3951,38.46562942,19.23281471
3952,33.06186684,16.53093342
3953,34.75748495,17.37874248
3954,33.22336153,16.61168077
3955,29.81237291,14.90618646
3956,36.05761162,18.02880581
3957,35.1113128,17.5556564
3958,40.08429702,20.04214851
3959,42.5273714,21.2636857
3960,47.92112925,23.96056463
3961,55.53796799,27.768984
3962,57.33363689,28.66681845
3963,63.75271893,31.87635947
3964,63.3531365,31.67656825
3965,71.87959292,35.93979646
3966,72.82948004,36.41474002
3967,75.27928793,37.63964397
3968,74.67114921,37.33557461
3969,75.6119364,37.8059682
3970,69.52177609,34.76088805
3971,56.12012993,28.06006497
3972,53.10835406,26.55417703
3973,41.49147094,20.74573547
3974,50.75465018,25.37732509
3975,37.48309227,18.74154614
3976,37.34707209,18.67353605
3977,33.01727298,16.50863649
3978,28.08173013,14.04086507
3979,36.71233791,18.35616896
3980,30.36690711,15.18345356
3981,28.9892384,14.4946192
3982,40.76875911,20.38437956
3983,36.38369645,18.19184823
3984,47.8619001,23.93095005
3985,52.42965439,26.2148272
3986,54.0756839,27.03784195
3987,62.17173473,31.08586737
3988,63.29786534,31.64893267
3989,72.17981248,36.08990624
3990,78.17935809,39.08967905
3991,73.08154799,36.540774
3992,63.77782484,31.88891242
3993,69.08458242,34.54229121
3994,66.13752425,33.06876213
3995,66.68857838,33.34428919
3996,60.97700424,30.48850212
3997,51.45407838,25.72703919
3998,56.42273519,28.2113676
3999,40.80094599,20.400473
4000,35.7309824,17.8654912
4001,33.34656051,16.67328026
4002,39.73130057,19.86565029
4003,41.07476726,20.53738363
4004,29.94184233,14.97092117
4005,33.89486944,16.94743472
4006,39.94734232,19.97367116
4007,44.53214608,22.26607304
4008,52.87689258,26.43844629
4009,53.55951147,26.77975574
4010,71.45832007,35.72916004
4011,66.32329196,33.16164598
4012,60.40316569,30.20158285
4013,65.56643522,32.78321761
4014,67.10596987,33.55298494
4015,71.56124404,35.78062202
4016,77.08596938,38.54298469
4017,68.28303767,34.14151884
4018,67.40221021,33.70110511
4019,64.86974927,32.43487464
4020,60.39861481,30.19930741
4021,53.11537342,26.55768671
4022,47.42293004,23.71146502
4023,45.96143138,22.98071569
4024,34.54503721,17.27251861
4025,41.27480896,20.63740448
4026,35.44136987,17.72068494
4027,31.78259278,15.89129639
4028,32.72436674,16.36218337
4029,32.1724644,16.0862322
4030,41.98958638,20.99479319
4031,36.43427837,18.21713919
4032,47.06283892,23.53141946
4033,49.09925202,24.54962601
4034,58.72521358,29.36260679
4035,63.01981765,31.50990883
4036,72.77484716,36.38742358
4037,74.23767915,37.11883958
4038,71.09618971,35.54809486
4039,66.32515971,33.16257986
4040,74.60980563,37.30490282
4041,78.43540442,39.21770221
4042,56.09780153,28.04890077
4043,64.25476354,32.12738177
4044,53.55111694,26.77555847
4045,43.22441962,21.61220981
4046,51.17752555,25.58876278
4047,42.18429058,21.09214529
4048,43.58905009,21.79452505
4049,13.53580971,6.767904855
4050,26.02106314,13.01053157
4051,22.19364137,11.09682069
4052,33.81029464,16.90514732
4053,22.69261082,11.34630541
4054,40.79128895,20.39564448
4055,42.06996401,21.03498201
4056,34.68877989,17.34438995
4057,49.02006689,24.51003345
4058,60.0632683,30.03163415
4059,63.32668307,31.66334154
4060,68.56120735,34.28060368
4061,64.98057157,32.49028579
4062,66.23879587,33.11939794
4063,73.6063578,36.8031789
4064,66.73927229,33.36963615
4065,63.94704989,31.97352495
4066,69.20750667,34.60375334
4067,59.9243102,29.9621551
4068,47.07517522,23.53758761
4069,53.85900488,26.92950244
4070,39.56575176,19.78287588
4071,46.65414852,23.32707426
4072,43.90674813,21.95337407
4073,37.72416435,18.86208218
4074,29.10339171,14.55169586
4075,27.00197445,13.50098723
4076,39.79652164,19.89826082
4077,36.67223317,18.33611659
4078,35.79756254,17.89878127
4079,38.41085615,19.20542808
4080,55.70641141,27.85320571
4081,50.65753604,25.32876802
4082,59.1024883,29.55124415
4083,72.96205207,36.48102604
4084,72.40901036,36.20450518
4085,60.31606361,30.15803181
4086,74.05722392,37.02861196
4087,80.30743044,40.15371522
4088,66.93698512,33.46849256
4089,73.6791439,36.83957195
4090,60.01476321,30.00738161
4091,63.21958206,31.60979103
4092,65.19323551,32.59661776
4093,50.3147272,25.1573636
4094,46.07621489,23.03810745
4095,37.51318176,18.75659088
4096,40.78544928,20.39272464
4097,31.73503461,15.86751731
4098,33.04335882,16.52167941
4099,32.7466121,16.37330605
4100,34.24798328,17.12399164
4101,39.79753314,19.89876657
4102,42.45523621,21.22761811
4103,52.60284178,26.30142089
4104,45.86884848,22.93442424
4105,42.8910217,21.44551085
4106,63.2101001,31.60505005
4107,69.36425162,34.68212581
4108,69.60252914,34.80126457
4109,67.42539178,33.71269589
4110,67.39791344,33.69895672
4111,69.63094887,34.81547444
4112,76.919582,38.459791
4113,71.30019889,35.65009945
4114,65.9335663,32.96678315
4115,54.55933979,27.2796699
4116,49.46220932,24.73110466
4117,45.95754961,22.97877481
4118,36.69977752,18.34988876
4119,42.88229129,21.44114565
4120,28.09012209,14.04506105
4121,27.70450752,13.85225376
4122,33.80973246,16.90486623
4123,28.1839,14.09195
4124,32.92413006,16.46206503
4125,35.46892163,17.73446082
4126,48.80380178,24.40190089
4127,38.87354133,19.43677067
4128,38.86479046,19.43239523
4129,53.88210918,26.94105459
4130,62.73314216,31.36657108
4131,61.14025783,30.57012892
4132,70.83239702,35.41619851
4133,65.44607519,32.7230376
4134,68.32835522,34.16417761
4135,76.03316731,38.01658366
4136,67.063761,33.5318805
4137,73.24431054,36.62215527
4138,66.4187652,33.2093826
4139,59.9242781,29.96213905
4140,63.72559906,31.86279953
4141,53.73112018,26.86556009
4142,39.58082108,19.79041054
4143,41.21004346,20.60502173
4144,37.22480223,18.61240112
4145,37.99834821,18.99917411
4146,31.9579247,15.97896235
4147,29.88254516,14.94127258
4148,37.07462335,18.53731168
4149,34.20172945,17.10086473
4150,45.0696826,22.5348413
4151,42.39929803,21.19964902
4152,41.13442908,20.56721454
4153,52.03497458,26.01748729
4154,55.2803831,27.64019155
4155,57.22724879,28.6136244
4156,63.53768693,31.76884347
4157,76.07470788,38.03735394
4158,68.5128905,34.25644525
4159,71.07198666,35.53599333
4160,70.10993463,35.05496732
4161,70.74757671,35.37378836
4162,71.3583665,35.67918325
4163,64.59726511,32.29863256
4164,57.20799066,28.60399533
4165,56.82551635,28.41275818
4166,53.89990747,26.94995374
4167,40.41379736,20.20689868
4168,40.18326737,20.09163369
4169,29.50060867,14.75030434
4170,33.8521757,16.92608785
4171,26.3577572,13.1788786
4172,29.34603555,14.67301778
4173,24.52519183,12.26259592
4174,35.62176841,17.81088421
4175,44.98099825,22.49049913
4176,42.69966273,21.34983137
4177,49.0888814,24.5444407
4178,59.23198056,29.61599028
4179,63.28480389,31.64240195
4180,73.54911682,36.77455841
4181,74.27461946,37.13730973
4182,71.39565179,35.6978259
4183,66.4484525,33.22422625
4184,70.15055383,35.07527692
4185,76.33329924,38.16664962
4186,79.23778222,39.61889111
4187,56.29895559,28.1494778
4188,56.62469281,28.31234641
4189,53.32858425,26.66429213
4190,43.2687975,21.63439875
4191,35.02499349,17.51249675
4192,35.54448113,17.77224057
4193,38.81141847,19.40570924
4194,30.33673552,15.16836776
4195,28.78834516,14.39417258
4196,35.04563145,17.52281573
4197,46.26430109,23.13215055
4198,27.3274196,13.6637098
4199,45.21153235,22.60576618
4200,41.44622679,20.7231134
4201,50.12013689,25.06006845
4202,54.72459779,27.3622989
4203,64.44031954,32.22015977
4204,59.39589599,29.697948
4205,66.0307656,33.0153828
4206,71.12413076,35.56206538
4207,70.41367682,35.20683841
4208,77.50384609,38.75192305
4209,68.99390915,34.49695458
4210,63.18477463,31.59238732
4211,66.32156839,33.1607842
4212,59.86531573,29.93265787
4213,50.74265023,25.37132512
4214,44.73056347,22.36528174
4215,45.77454487,22.88727244
4216,37.42172668,18.71086334
4217,36.07565294,18.03782647
4218,23.89598684,11.94799342
4219,40.73304928,20.36652464
4220,38.38491626,19.19245813
4221,32.47049957,16.23524979
4222,39.16678474,19.58339237
4223,42.05761177,21.02880589
4224,46.98414891,23.49207446
4225,61.01455405,30.50727703
4226,53.25832202,26.62916101
4227,66.1915432,33.0957716
4228,66.69136694,33.34568347
4229,61.03641242,30.51820621
4230,67.96850353,33.98425177
4231,75.84362539,37.9218127
4232,69.7549748,34.8774874
4233,66.66218439,33.3310922
4234,65.43161687,32.71580844
4235,58.20173318,29.10086659
4236,50.10912957,25.05456479
4237,50.81738025,25.40869013
4238,43.12116334,21.56058167
4239,50.54398936,25.27199468
4240,38.84097464,19.42048732
4241,25.29009524,12.64504762
4242,31.40658216,15.70329108
4243,27.96593851,13.98296926
4244,34.16846129,17.08423065
4245,29.19328818,14.59664409
4246,41.81318171,20.90659086
4247,40.56594191,20.28297096
4248,43.15088581,21.57544291
4249,51.83928086,25.91964043
4250,62.61324494,31.30662247
4251,56.88691047,28.44345524
4252,70.48667883,35.24333942
4253,66.17793398,33.08896699
4254,67.48519013,33.74259507
4255,58.97893376,29.48946688
4256,66.18314097,33.09157049
4257,65.27245897,32.63622949
4258,59.40300265,29.70150133
4259,60.30877113,30.15438557
4260,52.96084702,26.48042351
4261,39.06687128,19.53343564
4262,51.05587133,25.52793567
4263,39.95364268,19.97682134
4264,33.86127629,16.93063815
4265,34.27164023,17.13582012
4266,34.18422527,17.09211264
4267,31.31000398,15.65500199
4268,32.42089105,16.21044553
4269,36.60693823,18.30346912
4270,40.20886231,20.10443116
4271,44.62593213,22.31296607
4272,47.1965827,23.59829135
4273,43.10813,21.554065
4274,48.40428029,24.20214015
4275,64.81837925,32.40918963
4276,69.82415164,34.91207582
4277,72.42666099,36.2133305
4278,73.80461146,36.90230573
4279,73.50035098,36.75017549
4280,66.23785044,33.11892522
4281,61.25716539,30.6285827
4282,65.46768262,32.73384131
4283,59.99571468,29.99785734
4284,59.67017298,29.83508649
4285,47.50499435,23.75249718
4286,41.06136801,20.53068401
4287,43.15333971,21.57666986
4288,30.21844711,15.10922356
4289,23.04624116,11.52312058
4290,24.97763909,12.48881955
4291,36.96059093,18.48029547
4292,35.4269876,17.7134938
4293,32.60257966,16.30128983
4294,37.64780997,18.82390499
4295,40.50158711,20.25079356
4296,46.52428221,23.26214111
4297,58.94080311,29.47040156
4298,56.3669384,28.1834692
4299,61.72399891,30.86199946
4300,68.07890059,34.0394503
4301,64.13026061,32.06513031
4302,69.64776043,34.82388022
4303,71.28336862,35.64168431
4304,68.13093494,34.06546747
4305,64.90962948,32.45481474
4306,55.35853239,27.6792662
4307,63.41879695,31.70939848
4308,53.40581452,26.70290726
4309,58.00147943,29.00073972
4310,40.05648977,20.02824489
4311,39.43548976,19.71774488
4312,34.84999257,17.42499629
4313,32.61075042,16.30537521
4314,41.61121818,20.80560909
4315,31.9008525,15.95042625
4316,30.38722465,15.19361233
4317,34.43850962,17.21925481
4318,36.53456012,18.26728006
4319,50.47284487,25.23642244
4320,39.56472253,19.78236127
4321,53.19180148,26.59590074
4322,61.23192048,30.61596024
4323,59.16893491,29.58446746
4324,67.57518698,33.78759349
4325,73.29685254,36.64842627
4326,68.67784452,34.33892226
4327,66.69288396,33.34644198
4328,67.43002661,33.71501331
4329,74.43045959,37.2152298
4330,55.81804171,27.90902086
4331,64.39927065,32.19963533
4332,51.25063193,25.62531597
4333,50.49023621,25.24511811
4334,44.80444354,22.40222177
4335,49.37594159,24.6879708
4336,48.57565547,24.28782774
4337,25.16677161,12.58338581
4338,25.44730067,12.72365034
4339,27.71773886,13.85886943
4340,27.80769948,13.90384974
4341,26.7558109,13.37790545
4342,45.41371113,22.70685557
4343,29.95371921,14.97685961
4344,47.37665721,23.68832861
4345,43.34782691,21.67391346
4346,56.64880483,28.32440242
4347,59.04626162,29.52313081
4348,65.09807187,32.54903594
4349,63.244788,31.622394
4350,68.24283742,34.12141871
4351,69.22277976,34.61138988
4352,73.00740697,36.50370349
4353,66.24177886,33.12088943
4354,56.16723892,28.08361946
4355,56.21186506,28.10593253
4356,55.71416932,27.85708466
4357,58.72084113,29.36042057
4358,51.52560679,25.7628034
4359,38.17238364,19.08619182
4360,32.19103883,16.09551942
4361,30.9894097,15.49470485
4362,30.66410915,15.33205458
4363,31.43998717,15.71999359
4364,22.18668487,11.09334244
4365,29.76468883,14.88234442
4366,37.97584215,18.98792108
4367,42.57660734,21.28830367
4368,40.20845924,20.10422962
4369,57.18179392,28.59089696
4370,58.81803141,29.40901571
4371,58.93684597,29.46842299
4372,55.64262547,27.82131274
4373,65.71450088,32.85725044
4374,70.05576771,35.02788386
4375,63.7282073,31.86410365
4376,65.71232678,32.85616339
4377,64.44903229,32.22451615
4378,63.28833962,31.64416981
4379,58.19781676,29.09890838
4380,43.42819828,21.71409914
4381,45.10794879,22.5539744
4382,48.61997136,24.30998568
4383,30.69157637,15.34578819
4384,40.91347004,20.45673502
4385,27.57713577,13.78856789
4386,26.31813619,13.1590681
4387,45.76146254,22.88073127
4388,40.09065701,20.04532851
4389,35.37502407,17.68751204
4390,34.23454803,17.11727402
4391,42.25593457,21.12796729
4392,54.08217629,27.04108815
4393,47.19849307,23.59924654
4394,51.35093561,25.67546781
4395,58.77316304,29.38658152
4396,59.95585373,29.97792687
4397,69.35657593,34.67828797
4398,70.77119641,35.38559821
4399,73.8080366,36.9040183
4400,76.03481438,38.01740719
4401,67.18261001,33.59130501
4402,60.05493539,30.0274677
4403,63.06696151,31.53348076
4404,52.09020099,26.0451005
4405,49.3887989,24.69439945
4406,50.36236261,25.18118131
4407,49.06974815,24.53487408
4408,36.02853071,18.01426536
4409,30.54159183,15.27079592
4410,30.70434386,15.35217193
4411,19.76585545,9.882927725
4412,27.82398891,13.91199446
4413,35.7397596,17.8698798
4414,42.94037448,21.47018724
4415,42.55919678,21.27959839
4416,47.37570042,23.68785021
4417,53.84338524,26.92169262
4418,57.53035925,28.76517963
4419,53.353986,26.676993
4420,67.95600407,33.97800204
4421,73.01230199,36.506151
4422,62.74870557,31.37435279
4423,66.65786686,33.32893343
4424,65.75509304,32.87754652
4425,66.64474143,33.32237072
4426,58.10724732,29.05362366
4427,53.82461284,26.91230642
4428,50.42173565,25.21086783
4429,43.28341951,21.64170976
4430,50.0855313,25.04276565
4431,35.32048616,17.66024308
4432,39.25260919,19.6263046
4433,34.02651511,17.01325756
4434,35.21660878,17.60830439
4435,28.72945439,14.3647272
4436,21.32862081,10.66431041
4437,34.11281458,17.05640729
4438,39.19248717,19.59624359
4439,33.84666016,16.92333008
4440,45.31755232,22.65877616
4441,47.90161187,23.95080594
4442,59.29275106,29.64637553
4443,62.85316808,31.42658404
4444,69.22377729,34.61188865
4445,75.15350957,37.57675479
4446,61.1435831,30.57179155
4447,62.68311416,31.34155708
4448,66.82446029,33.41223015
4449,69.89511663,34.94755832
4450,68.23520415,34.11760208
4451,55.23390972,27.61695486
4452,58.75645103,29.37822552
4453,41.95046705,20.97523353
4454,39.8114267,19.90571335
4455,42.30093064,21.15046532
4456,33.70288665,16.85144333
4457,36.51570268,18.25785134
4458,32.06041248,16.03020624
4459,28.80158102,14.40079051
4460,39.45212019,19.7260601
4461,31.14881588,15.57440794
4462,24.83986612,12.41993306
4463,40.97248067,20.48624034
4464,46.10197426,23.05098713
4465,46.53399993,23.26699997
4466,43.95312381,21.97656191
4467,54.13615504,27.06807752
4468,71.40239658,35.70119829
4469,74.87508194,37.43754097
4470,65.83232887,32.91616444
4471,70.27056698,35.13528349
4472,63.43974968,31.71987484
4473,68.47904494,34.23952247
4474,66.06084361,33.03042181
4475,67.30535823,33.65267912
4476,57.7989456,28.8994728
4477,54.6230762,27.3115381
4478,42.01738105,21.00869053
4479,36.83015909,18.41507955
4480,29.69727602,14.84863801
4481,24.15109295,12.07554648
4482,25.79396916,12.89698458
4483,32.12453188,16.06226594
4484,26.20587411,13.10293706
4485,23.62892143,11.81446072
4486,33.19115287,16.59557644
4487,36.24269787,18.12134894
4488,40.48461231,20.24230616
4489,51.66109301,25.83054651
4490,53.82547284,26.91273642
4491,47.6986028,23.8493014
4492,67.38436539,33.6921827
4493,67.2650773,33.63253865
4494,69.42725751,34.71362876
4495,54.34955093,27.17477547
4496,59.42238828,29.71119414
4497,59.45717847,29.72858924
4498,68.58311782,34.29155891
4499,57.18609574,28.59304787
4500,47.72525399,23.862627
4501,53.83021204,26.91510602
4502,49.33000799,24.665004
4503,39.73020061,19.86510031
4504,23.93192648,11.96596324
4505,32.87277593,16.43638797
4506,27.79533085,13.89766543
4507,26.09149846,13.04574923
4508,29.17340602,14.58670301
4509,28.36555167,14.18277584
4510,36.22706187,18.11353094
4511,28.34472231,14.17236116
4512,38.08544529,19.04272265
4513,49.34986027,24.67493014
4514,55.78654188,27.89327094
4515,55.91273447,27.95636724
4516,56.78708808,28.39354404
4517,71.86948744,35.93474372
4518,67.68164338,33.84082169
4519,65.826074,32.913037
4520,76.68504587,38.34252294
4521,63.06879999,31.5344
4522,69.62573114,34.81286557
4523,57.73019424,28.86509712
4524,57.199499,28.5997495
4525,47.85357441,23.92678721
4526,38.51004451,19.25502226
4527,40.00574954,20.00287477
4528,37.94521778,18.97260889
4529,30.17928673,15.08964337
4530,31.78027196,15.89013598
4531,23.96271939,11.9813597
4532,27.28102227,13.64051114
4533,29.98173145,14.99086573
4534,40.83459939,20.4172997
4535,44.23591475,22.11795738
4536,43.63128383,21.81564192
4537,53.33567597,26.66783799
4538,50.63644146,25.31822073
4539,56.54702424,28.27351212
4540,61.14733098,30.57366549
4541,66.2197879,33.10989395
4542,69.38440029,34.69220015
4543,66.82777857,33.41388929
4544,63.85693242,31.92846621
4545,65.90086639,32.9504332
4546,58.57422039,29.2871102
4547,65.35568,32.67784
4548,51.18728224,25.59364112
4549,46.85834088,23.42917044
4550,36.27482479,18.1374124
4551,46.99266024,23.49633012
4552,38.22216746,19.11108373
4553,34.4165375,17.20826875
4554,33.82405264,16.91202632
4555,35.31772231,17.65886116
4556,29.27480964,14.63740482
4557,31.32217562,15.66108781
4558,43.70271612,21.85135806
4559,43.45499259,21.7274963
4560,39.66459363,19.83229682
4561,50.61033076,25.30516538
4562,57.03710583,28.51855292
4563,60.2552794,30.1276397
4564,64.13496542,32.06748271
4565,70.03047147,35.01523574
4566,70.84200696,35.42100348
4567,71.57531418,35.78765709
4568,67.65350816,33.82675408
4569,62.16894948,31.08447474
4570,67.08285302,33.54142651
4571,62.73817075,31.36908538
4572,54.84148792,27.42074396
4573,54.51948763,27.25974382
4574,38.34182022,19.17091011
4575,40.99913809,20.49956905
4576,28.84700946,14.42350473
4577,41.57726024,20.78863012
4578,40.83624944,20.41812472
4579,15.678537,7.8392685
4580,26.48698787,13.24349394
4581,19.07917373,9.539586865
4582,33.98504273,16.99252137
4583,45.45003948,22.72501974
4584,39.83950813,19.91975407
4585,57.73610721,28.86805361
4586,49.88233729,24.94116865
4587,46.17989136,23.08994568
4588,63.65990693,31.82995347
4589,78.90699881,39.45349941
4590,70.22806395,35.11403198
4591,66.70301883,33.35150942
4592,63.05048744,31.52524372
4593,71.02292203,35.51146102
4594,64.95978272,32.47989136
4595,59.33126872,29.66563436
4596,54.77417373,27.38708687
4597,49.46221817,24.73110909
4598,44.59213486,22.29606743
4599,39.09425541,19.54712771
4600,37.61919958,18.80959979
4601,29.27927022,14.63963511
4602,30.59643505,15.29821753
4603,31.02378631,15.51189316
4604,38.08010581,19.04005291
4605,32.66297954,16.33148977
4606,34.46177057,17.23088529
4607,37.19795377,18.59897689
4608,36.33306186,18.16653093
4609,58.5363378,29.2681689
4610,49.86802731,24.93401366
4611,55.70486002,27.85243001
4612,57.02731927,28.51365964
4613,63.76058271,31.88029136
4614,72.9038179,36.45190895
4615,62.95542838,31.47771419
4616,72.82030913,36.41015457
4617,60.619779,30.3098895
4618,70.73635458,35.36817729
4619,53.20533804,26.60266902
4620,49.83461203,24.91730602
4621,43.90601518,21.95300759
4622,40.5769191,20.28845955
4623,44.61162405,22.30581203
4624,37.97519369,18.98759685
4625,27.94106522,13.97053261
4626,25.50478109,12.75239055
4627,24.00225255,12.00112628
4628,27.84667347,13.92333674
4629,23.17030036,11.58515018
4630,39.78475483,19.89237742
4631,37.20959171,18.60479586
4632,34.87873209,17.43936605
4633,46.41053102,23.20526551
4634,51.52976269,25.76488135
4635,50.76471638,25.38235819
4636,62.11214251,31.05607126
4637,64.23383771,32.11691886
4638,58.98391346,29.49195673
4639,66.48001644,33.24000822
4640,65.87406207,32.93703104
4641,54.2284898,27.1142449
4642,61.39046046,30.69523023
4643,61.18068024,30.59034012
4644,46.43623616,23.21811808
4645,55.04266356,27.52133178
4646,44.98730729,22.49365365
4647,30.95589539,15.4779477
4648,34.109542,17.054771
4649,29.94191393,14.97095697
4650,22.73003677,11.36501839
4651,30.13784631,15.06892316
4652,21.32895963,10.66447982
4653,38.99163657,19.49581829
4654,29.53409652,14.76704826
4655,36.5977306,18.2988653
4656,41.88695698,20.94347849
4657,45.92248003,22.96124002
4658,54.5429707,27.27148535
4659,52.33401561,26.16700781
4660,54.19582543,27.09791272
4661,67.55088047,33.77544024
4662,67.42600201,33.71300101
4663,64.47085028,32.23542514
4664,63.35528142,31.67764071
4665,68.49339584,34.24669792
4666,63.31733247,31.65866624
4667,48.44266914,24.22133457
4668,50.23263055,25.11631528
4669,54.46693737,27.23346869
4670,47.97939329,23.98969665
4671,41.87756109,20.93878055
4672,34.02583724,17.01291862
4673,34.90717601,17.45358801
4674,27.92300611,13.96150306
4675,22.30591825,11.15295913
4676,26.5011745,13.25058725
4677,34.90496579,17.4524829
4678,40.40375372,20.20187686
4679,34.37862988,17.18931494
4680,45.13024218,22.56512109
4681,50.48897562,25.24448781
4682,48.61894153,24.30947077
4683,51.63031648,25.81515824
4684,54.13818658,27.06909329
4685,64.59578519,32.2978926
4686,70.21784245,35.10892123
4687,72.47762889,36.23881445
4688,66.41368319,33.2068416
4689,68.55222919,34.2761146
4690,61.2425255,30.62126275
4691,60.99774967,30.49887484
4692,62.80544031,31.40272016
4693,45.24166701,22.62083351
4694,53.49920748,26.74960374
4695,37.18784348,18.59392174
4696,39.14236635,19.57118318
4697,30.84649373,15.42324687
4698,25.64291414,12.82145707
4699,38.2745845,19.13729225
4700,32.40202368,16.20101184
4701,19.72469049,9.862345245
4702,26.55008724,13.27504362
4703,39.08681129,19.54340565
4704,44.95548416,22.47774208
4705,48.05151876,24.02575938
4706,53.56969321,26.78484661
4707,57.57802793,28.78901397
4708,67.90625049,33.95312525
4709,66.08520376,33.04260188
4710,63.15834113,31.57917057
4711,58.98430229,29.49215115
4712,70.41493326,35.20746663
4713,70.56005241,35.28002621
4714,60.6024755,30.30123775
4715,49.18607667,24.59303834
4716,52.00965443,26.00482722
4717,43.90781689,21.95390845
4718,35.08551675,17.54275838
4719,33.70567318,16.85283659
4720,33.79626648,16.89813324
4721,21.48654285,10.74327143
4722,25.10591986,12.55295993
4723,30.27555544,15.13777772
4724,27.33849912,13.66924956
4725,26.84846534,13.42423267
4726,37.39235859,18.6961793
4727,37.49223685,18.74611843
4728,39.99969287,19.99984644
4729,49.55253224,24.77626612
4730,51.31712367,25.65856184
4731,52.11828436,26.05914218
4732,61.65733583,30.82866792
4733,60.56934801,30.28467401
4734,58.05873295,29.02936648
4735,66.76014821,33.38007411
4736,67.08793318,33.54396659
4737,67.30840896,33.65420448
4738,56.00696754,28.00348377
4739,52.53787341,26.26893671
4740,53.42419318,26.71209659
4741,56.57585185,28.28792593
4742,32.62865555,16.31432778
4743,35.87669714,17.93834857
4744,34.29165146,17.14582573
4745,18.42873503,9.214367515
4746,32.56452753,16.28226377
4747,31.62802825,15.81401413
4748,21.67222142,10.83611071
4749,31.16285231,15.58142616
4750,21.66357897,10.83178949
4751,38.16856114,19.08428057
4752,44.4006365,22.20031825
4753,57.73188713,28.86594357
4754,46.18366949,23.09183475
4755,59.77588492,29.88794246
4756,69.27323009,34.63661505
4757,65.8838986,32.9419493
4758,63.15305027,31.57652514
4759,62.55665757,31.27832879
4760,74.72052493,37.36026247
4761,65.18618789,32.59309395
4762,68.57361627,34.28680814
4763,40.43489213,20.21744607
4764,62.89804823,31.44902412
4765,51.59869466,25.79934733
4766,39.96414883,19.98207442
4767,41.02532189,20.51266095
4768,36.14340527,18.07170264
4769,34.40694249,17.20347125
4770,28.42761194,14.21380597
4771,34.21110064,17.10555032
4772,27.76355015,13.88177508
4773,21.19559903,10.59779952
4774,36.12088619,18.0604431
4775,39.72010316,19.86005158
4776,43.29571695,21.64785848
4777,52.95073661,26.47536831
4778,50.74754853,25.37377427
4779,58.89669784,29.44834892
4780,62.61750485,31.30875243
4781,65.40510903,32.70255452
4782,67.59632143,33.79816072
4783,64.2510105,32.12550525
4784,62.73820274,31.36910137
4785,61.49570291,30.74785146
4786,47.74733844,23.87366922
4787,54.46068512,27.23034256
4788,46.51604877,23.25802439
4789,44.08725914,22.04362957
4790,33.02721704,16.51360852
4791,34.93757747,17.46878874
4792,33.71809381,16.85904691
4793,20.09168923,10.04584462
4794,18.73463127,9.367315635
4795,20.375287,10.1876435
4796,21.19287437,10.59643719
4797,31.13932444,15.56966222
4798,30.64298727,15.32149364
4799,40.98370965,20.49185483
4800,38.34256217,19.17128109
4801,51.32591529,25.66295765
4802,50.21139503,25.10569752
4803,58.96032347,29.48016174
4804,62.90933535,31.45466768
4805,59.98283474,29.99141737
4806,60.71266598,30.35633299
4807,67.59774325,33.79887163
4808,61.42333821,30.71166911
4809,69.99068203,34.99534102
4810,56.01525906,28.00762953
4811,54.48299502,27.24149751
4812,57.55356624,28.77678312
4813,49.02378235,24.51189118
4814,40.19848615,20.09924308
4815,34.11149752,17.05574876
4816,34.15964638,17.07982319
4817,30.80475196,15.40237598
4818,26.67167415,13.33583708
4819,9.325336212,4.662668106
4820,24.52071093,12.26035547
4821,28.09966204,14.04983102
4822,32.13538095,16.06769048
4823,39.12924557,19.56462279
4824,45.58012402,22.79006201
4825,35.2476042,17.6238021
4826,45.97068971,22.98534486
4827,59.25671219,29.6283561
4828,56.8398903,28.41994515
4829,65.64336745,32.82168373
4830,60.8375696,30.4187848
4831,80.06250762,40.03125381
4832,68.36888874,34.18444437
4833,62.16884441,31.08442221
4834,62.41104756,31.20552378
4835,62.33968907,31.16984454
4836,52.83617575,26.41808788
4837,49.45863884,24.72931942
4838,41.22439615,20.61219808
4839,41.97434723,20.98717362
4840,21.88164908,10.94082454
4841,19.00969131,9.504845655
4842,28.56391739,14.2819587
4843,30.18523325,15.09261663
4844,26.89794294,13.44897147
4845,29.65460531,14.82730266
4846,36.62303323,18.31151662
4847,31.49093991,15.74546996
4848,38.03736,19.01868
4849,50.23658764,25.11829382
4850,57.09517393,28.54758697
4851,55.05278375,27.52639188
4852,64.21303474,32.10651737
4853,66.50155504,33.25077752
4854,73.80495216,36.90247608
4855,64.56292754,32.28146377
4856,68.80536829,34.40268415
4857,65.7498294,32.8749147
4858,56.43386965,28.21693483
4859,54.93339314,27.46669657
4860,51.38781776,25.69390888
4861,48.9848787,24.49243935
4862,35.56014952,17.78007476
4863,27.63843964,13.81921982
4864,32.0188871,16.00944355
4865,30.90887378,15.45443689
4866,22.92426806,11.46213403
4867,32.81566044,16.40783022
4868,27.26962872,13.63481436
4869,31.14489282,15.57244641
4870,27.41159568,13.70579784
4871,43.45437554,21.72718777
4872,34.39874573,17.19937287
4873,41.91683022,20.95841511
4874,46.17602673,23.08801337
4875,63.75558224,31.87779112
4876,67.55992015,33.77996008
4877,62.36033663,31.18016832
4878,64.87566363,32.43783182
4879,70.96532352,35.48266176
4880,69.57853609,34.78926805
4881,66.78724668,33.39362334
4882,60.7744856,30.3872428
4883,55.36161358,27.68080679
4884,53.83264482,26.91632241
4885,45.23495997,22.61747999
4886,38.63604778,19.31802389
4887,35.25039539,17.6251977
4888,30.08260342,15.04130171
4889,30.76045298,15.38022649
4890,34.5681833,17.28409165
4891,23.72040886,11.86020443
4892,23.28859294,11.64429647
4893,30.34407564,15.17203782
4894,29.99486723,14.99743362
4895,35.64351942,17.82175971
4896,44.39646118,22.19823059
4897,46.78459189,23.39229595
4898,54.18610656,27.09305328
4899,64.06879052,32.03439526
4900,58.20268756,29.10134378
4901,66.91424305,33.45712153
4902,63.02707475,31.51353738
4903,69.68535939,34.8426797
4904,71.61309376,35.80654688
4905,60.07980579,30.0399029
4906,55.49874457,27.74937229
4907,52.70829152,26.35414576
4908,45.11183281,22.55591641
4909,55.53249931,27.76624966
4910,39.6042565,19.80212825
4911,46.13187824,23.06593912
4912,29.62512906,14.81256453
4913,23.24566431,11.62283216
4914,25.15344415,12.57672208
4915,27.71352658,13.85676329
4916,27.59027809,13.79513905
4917,28.71101156,14.35550578
4918,25.92062029,12.96031015
4919,35.00584587,17.50292294
4920,41.71305238,20.85652619
4921,50.08925338,25.04462669
4922,55.5897596,27.7948798
4923,51.55896616,25.77948308
4924,59.52514294,29.76257147
4925,61.69049953,30.84524977
4926,71.40275791,35.70137896
4927,68.53273145,34.26636573
4928,63.73948187,31.86974094
4929,64.46276339,32.2313817
4930,63.54050859,31.7702543
4931,50.85095635,25.42547818
4932,45.49580164,22.74790082
4933,46.2708773,23.13543865
4934,49.96801856,24.98400928
4935,39.63054038,19.81527019
4936,27.94853975,13.97426988
4937,26.3231624,13.1615812
4938,32.76465075,16.38232538
4939,25.43809774,12.71904887
4940,22.93498789,11.46749395
4941,27.39446863,13.69723432
4942,28.82722403,14.41361202
4943,43.48537185,21.74268593
4944,35.69870449,17.84935225
4945,54.52278847,27.26139424
4946,52.62617733,26.31308867
4947,47.9522488,23.9761244
4948,61.75765171,30.87882586
4949,74.26411103,37.13205552
4950,59.51477177,29.75738589
4951,72.15018254,36.07509127
4952,69.77022662,34.88511331
4953,60.65622917,30.32811459
4954,66.2525842,33.1262921
4955,61.89867423,30.94933712
4956,49.66074107,24.83037054
4957,46.09819463,23.04909732
4958,41.54625505,20.77312753
4959,30.19540445,15.09770223
4960,32.75886657,16.37943329
4961,30.59462187,15.29731094
4962,31.44722323,15.72361162
4963,28.91023347,14.45511674
4964,32.91341656,16.45670828
4965,32.69515254,16.34757627
4966,28.49840032,14.24920016
4967,41.50051485,20.75025743
4968,40.51942609,20.25971305
4969,37.69838732,18.84919366
4970,50.5338941,25.26694705
4971,58.76658263,29.38329132
4972,52.60243473,26.30121737
4973,56.64415565,28.32207783
4974,70.65180263,35.32590132
4975,66.39479435,33.19739718
4976,63.31695335,31.65847668
4977,61.16106101,30.58053051
4978,57.79093779,28.8954689
4979,48.36466321,24.18233161
4980,53.21981463,26.60990732
4981,45.36864228,22.68432114
4982,47.66066108,23.83033054
4983,37.49633686,18.74816843
4984,43.67926269,21.83963135
4985,28.90608417,14.45304209
4986,25.13852088,12.56926044
4987,21.36642831,10.68321416
4988,20.05801928,10.02900964
4989,36.80013819,18.4000691
4990,37.23954294,18.61977147
4991,41.64571016,20.82285508
4992,43.6689744,21.8344872
4993,40.37200615,20.18600308
4994,51.59254666,25.79627333
4995,52.49255396,26.24627698
4996,60.5080776,30.2540388
4997,63.97545961,31.98772981
4998,65.13738096,32.56869048
4999,67.57663304,33.78831652
5000,75.63303689,37.81651845
5001,60.25964018,30.12982009
5002,59.16557492,29.58278746
5003,58.29631196,29.14815598
5004,59.95682903,29.97841452
5005,36.08208941,18.04104471
5006,40.21969979,20.1098499
5007,28.90921766,14.45460883
5008,36.59241828,18.29620914
5009,21.50409803,10.75204902
5010,28.88114728,14.44057364
5011,24.99643983,12.49821992
5012,23.4034279,11.70171395
5013,19.39095344,9.69547672
5014,33.99538412,16.99769206
5015,35.65999884,17.82999942
5016,40.6484519,20.32422595
5017,43.20710221,21.60355111
5018,52.44097228,26.22048614
5019,54.9359691,27.46798455
5020,62.55783783,31.27891892
5021,68.25504384,34.12752192
5022,72.39552492,36.19776246
5023,56.89619661,28.44809831
5024,73.38647336,36.69323668
5025,64.83317087,32.41658544
5026,61.25123641,30.62561821
5027,59.49363904,29.74681952
5028,59.56463064,29.78231532
5029,48.59182612,24.29591306
5030,38.52568746,19.26284373
5031,38.44585316,19.22292658
5032,23.79860657,11.89930329
5033,31.48474977,15.74237489
5034,20.33413075,10.16706538
5035,27.04188707,13.52094354
5036,25.09770981,12.54885491
5037,22.23711481,11.11855741
5038,36.5264707,18.26323535
5039,28.03793949,14.01896975
5040,43.83360561,21.91680281
5041,45.98694456,22.99347228
5042,54.63792355,27.31896178
5043,58.61351645,29.30675823
5044,59.00680288,29.50340144
5045,60.33546389,30.16773195
5046,71.505618,35.752809
5047,63.8958558,31.9479279
5048,72.84321192,36.42160596
5049,61.41999742,30.70999871
5050,62.72192669,31.36096335
5051,56.68499865,28.34249933
5052,47.38339822,23.69169911
5053,47.26169075,23.63084538
5054,42.11210193,21.05605097
5055,24.5615508,12.2807754
5056,26.20125545,13.10062773
5057,23.60703189,11.80351595
5058,29.86793258,14.93396629
5059,29.402813,14.7014065
5060,19.25683262,9.62841631
5061,29.95229573,14.97614787
5062,34.8652554,17.4326277
5063,42.74221953,21.37110977
5064,39.49026591,19.74513296
5065,47.22547211,23.61273606
5066,54.43081257,27.21540629
5067,45.77366571,22.88683286
5068,63.36485332,31.68242666
5069,61.86018598,30.93009299
5070,59.27282911,29.63641456
5071,62.68189426,31.34094713
5072,79.89066266,39.94533133
5073,69.24323308,34.62161654
5074,62.27217198,31.13608599
5075,55.06300648,27.53150324
5076,43.96261278,21.98130639
5077,52.21971164,26.10985582
5078,31.46585356,15.73292678
5079,36.50987182,18.25493591
5080,33.809177,16.9045885
5081,28.32075684,14.16037842
5082,20.25714106,10.12857053
5083,26.79475425,13.39737713
5084,24.2358253,12.11791265
5085,32.04799144,16.02399572
5086,32.85936827,16.42968414
5087,35.26666327,17.63333164
5088,32.61532426,16.30766213
5089,51.48690472,25.74345236
5090,40.22269174,20.11134587
5091,47.04794101,23.52397051
5092,64.70220876,32.35110438
5093,61.91771344,30.95885672
5094,66.41365698,33.20682849
5095,73.02172631,36.51086316
5096,68.13725553,34.06862777
5097,63.67156989,31.83578495
5098,55.17621858,27.58810929
5099,44.93658581,22.46829291
5100,48.09935118,24.04967559
5101,52.16767425,26.08383713
5102,30.65320595,15.32660298
5103,40.42952443,20.21476222
5104,28.45252701,14.22626351
5105,27.85669132,13.92834566
5106,16.34704326,8.17352163
5107,22.00624425,11.00312213
5108,26.13325335,13.06662668
5109,33.04391747,16.52195874
5110,32.52652026,16.26326013
5111,41.9122732,20.9561366
5112,38.59944881,19.29972441
5113,38.65168686,19.32584343
5114,50.13000572,25.06500286
5115,37.16627453,18.58313727
5116,60.5706592,30.2853296
5117,61.70731643,30.85365822
5118,62.21619706,31.10809853
5119,62.84492773,31.42246387
5120,65.95394287,32.97697144
5121,63.81853002,31.90926501
5122,61.91260568,30.95630284
5123,49.26452398,24.63226199
5124,48.73769122,24.36884561
5125,47.00534543,23.50267272
5126,44.80893712,22.40446856
5127,25.38613402,12.69306701
5128,34.31074373,17.15537187
5129,32.05426445,16.02713223
5130,39.71675025,19.85837513
5131,17.45802849,8.729014245
5132,21.02938277,10.51469139
5133,33.73222327,16.86611164
5134,22.12293368,11.06146684
5135,35.58351541,17.79175771
5136,38.18572842,19.09286421
5137,47.19328203,23.59664102
5138,47.87828702,23.93914351
5139,58.67967837,29.33983919
5140,56.74611618,28.37305809
5141,60.31331079,30.1566554
5142,66.74490504,33.37245252
5143,63.5887838,31.7943919
5144,64.03787983,32.01893992
5145,57.9909679,28.99548395
5146,52.4453943,26.22269715
5147,55.43434353,27.71717177
5148,57.01522816,28.50761408
5149,43.6473158,21.8236579
5150,35.56831425,17.78415713
5151,33.60411959,16.8020598
5152,27.62257073,13.81128537
5153,25.10354593,12.55177297
5154,21.42084168,10.71042084
5155,30.51530279,15.2576514
5156,33.84218899,16.9210945
5157,27.12721161,13.56360581
5158,25.31490388,12.65745194
5159,34.82951773,17.41475887
5160,38.74742148,19.37371074
5161,41.79216671,20.89608336
5162,53.30293372,26.65146686
5163,49.82083558,24.91041779
5164,53.52742775,26.76371388
5165,59.61473525,29.80736763
5166,59.79577228,29.89788614
5167,62.11994967,31.05997484
5168,65.21156647,32.60578324
5169,61.29950724,30.64975362
5170,42.97231318,21.48615659
5171,55.1399426,27.5699713
5172,52.91210243,26.45605122
5173,45.34333276,22.67166638
5174,43.50008853,21.75004427
5175,36.31741449,18.15870725
5176,25.43985476,12.71992738
5177,26.57431043,13.28715522
5178,18.89845093,9.449225465
5179,22.00781339,11.0039067
5180,29.84821867,14.92410934
5181,25.4885933,12.74429665
5182,23.96123575,11.98061788
5183,34.83564095,17.41782048
5184,39.79946331,19.89973166
5185,40.54884175,20.27442088
5186,49.78347445,24.89173723
5187,52.54890826,26.27445413
5188,61.53258575,30.76629288
5189,60.2965604,30.1482802
5190,68.35867014,34.17933507
5191,60.01047861,30.00523931
5192,60.94996984,30.47498492
5193,63.78280319,31.8914016
5194,66.13841185,33.06920593
5195,68.46039243,34.23019622
5196,46.23588455,23.11794228
5197,46.23178344,23.11589172
5198,39.77175465,19.88587733
5199,23.68541341,11.84270671
5200,30.21305294,15.10652647
5201,37.04488629,18.52244315
5202,22.73188082,11.36594041
5203,35.48226666,17.74113333
5204,25.7428498,12.8714249
5205,25.50929893,12.75464947
5206,34.63642803,17.31821402
5207,34.7400183,17.37000915
5208,46.82261783,23.41130892
5209,45.01440521,22.50720261
5210,53.35156434,26.67578217
5211,50.63871546,25.31935773
5212,58.49648109,29.24824055
5213,68.66762713,34.33381357
5214,71.22195647,35.61097824
5215,61.05322225,30.52661113
5216,53.59485078,26.79742539
5217,63.10069962,31.55034981
5218,59.50744559,29.7537228
5219,51.92462044,25.96231022
5220,47.09301416,23.54650708
5221,45.08412832,22.54206416
5222,46.66861373,23.33430687
5223,44.15923539,22.0796177
5224,22.70286158,11.35143079
5225,25.49093108,12.74546554
5226,27.88184458,13.94092229
5227,28.30703638,14.15351819
5228,23.64601887,11.82300944
5229,28.00609713,14.00304857
5230,30.62868965,15.31434483
5231,25.53027482,12.76513741
5232,52.00723187,26.00361594
5233,51.29185175,25.64592588
5234,55.55996394,27.77998197
5235,50.34124587,25.17062294
5236,53.31874131,26.65937066
5237,57.86089826,28.93044913
5238,65.44055036,32.72027518
5239,64.14718167,32.07359084
5240,58.55108646,29.27554323
5241,58.26602883,29.13301442
5242,57.01698405,28.50849203
5243,54.9835836,27.4917918
5244,59.57188347,29.78594174
5245,47.36928284,23.68464142
5246,37.15795559,18.5789778
5247,38.40952565,19.20476283
5248,30.61897557,15.30948779
5249,28.32648687,14.16324344
5250,31.39505226,15.69752613
5251,24.61683086,12.30841543
5252,25.22813016,12.61406508
5253,23.31867294,11.65933647
5254,36.17100057,18.08550029
5255,31.46171194,15.73085597
5256,44.80191645,22.40095823
5257,46.46693041,23.23346521
5258,55.83526762,27.91763381
5259,55.47743867,27.73871934
5260,65.86072297,32.93036149
5261,69.05258309,34.52629155
5262,58.16481081,29.08240541
5263,57.01279983,28.50639992
5264,65.32241826,32.66120913
5265,62.16830532,31.08415266
5266,63.81435638,31.90717819
5267,46.50531773,23.25265887
5268,39.30166557,19.65083279
5269,46.72515296,23.36257648
5270,40.8067579,20.40337895
5271,41.68156144,20.84078072
5272,21.7070916,10.8535458
5273,35.6980515,17.84902575
5274,21.23871793,10.61935897
5275,25.24435282,12.62217641
5276,32.69419368,16.34709684
5277,27.21895042,13.60947521
5278,35.37102481,17.68551241
5279,34.02646543,17.01323272
5280,42.95821885,21.47910943
5281,36.21218448,18.10609224
5282,43.03942633,21.51971317
5283,50.8602778,25.4301389
5284,59.84731263,29.92365632
5285,53.09307157,26.54653579
5286,58.70704701,29.35352351
5287,67.87520462,33.93760231
5288,66.7032759,33.35163795
5289,56.26638726,28.13319363
5290,63.0347218,31.5173609
5291,57.60833341,28.80416671
5292,58.29596997,29.14798499
5293,39.96700227,19.98350114
5294,39.74841275,19.87420638
5295,41.03901379,20.5195069
5296,31.70989474,15.85494737
5297,24.82884151,12.41442076
5298,24.27457385,12.13728693
5299,23.83299863,11.91649932
5300,20.1631487,10.08157435
5301,29.92707539,14.9635377
5302,23.40490227,11.70245114
5303,38.97185546,19.48592773
5304,25.16536639,12.5826832
5305,50.01496482,25.00748241
5306,43.07197387,21.53598694
5307,48.30960309,24.15480155
5308,58.8894508,29.4447254
5309,55.50555284,27.75277642
5310,56.79770428,28.39885214
5311,65.59232169,32.79616085
5312,60.21815553,30.10907777
5313,58.42926905,29.21463453
5314,54.29038621,27.14519311
5315,48.5337141,24.26685705
5316,52.97309853,26.48654927
5317,56.96707752,28.48353876
5318,36.90521721,18.45260861
5319,38.37286018,19.18643009
5320,38.66670653,19.33335327
5321,21.36764653,10.68382327
5322,34.58129037,17.29064519
5323,28.57401297,14.28700649
5324,19.29784559,9.648922795
5325,36.49770193,18.24885097
5326,28.46557923,14.23278962
5327,22.72234402,11.36117201
5328,40.29284227,20.14642114
5329,43.4550941,21.72754705
5330,49.36454375,24.68227188
5331,57.47064094,28.73532047
5332,41.93523944,20.96761972
5333,61.4585386,30.7292693
5334,68.71362371,34.35681186
5335,67.32032555,33.66016278
5336,59.39310197,29.69655099
5337,57.12918143,28.56459072
5338,65.01351145,32.50675573
5339,52.28857018,26.14428509
5340,47.48894475,23.74447238
5341,45.90312735,22.95156368
5342,37.29699555,18.64849778
5343,32.32611672,16.16305836
5344,37.40734592,18.70367296
5345,20.02938947,10.01469474
5346,26.74591539,13.3729577
5347,20.27534533,10.13767267
5348,26.90122474,13.45061237
5349,26.95908893,13.47954447
5350,21.10779098,10.55389549
5351,36.82941141,18.41470571
5352,38.87803131,19.43901566
5353,46.72327784,23.36163892
5354,56.55348779,28.2767439
5355,49.30870677,24.65435339
5356,57.74561185,28.87280593
5357,61.68095758,30.84047879
5358,63.7650512,31.8825256
5359,47.10453489,23.55226745
5360,53.29045155,26.64522578
5361,66.01337228,33.00668614
5362,52.32746198,26.16373099
5363,57.65935472,28.82967736
5364,43.70728558,21.85364279
5365,41.52373487,20.76186744
5366,37.55122136,18.77561068
5367,37.31324036,18.65662018
5368,31.23427626,15.61713813
5369,30.74920102,15.37460051
5370,20.49254823,10.24627412
5371,22.48739166,11.24369583
5372,22.38768189,11.19384095
5373,29.51519837,14.75759919
5374,33.19615696,16.59807848
5375,31.51489249,15.75744625
5376,31.12670724,15.56335362
5377,51.19842051,25.59921026
5378,44.52565408,22.26282704
5379,57.34835426,28.67417713
5380,56.17285367,28.08642684
5381,61.75415124,30.87707562
5382,70.7365729,35.36828645
5383,65.18139513,32.59069757
5384,61.86024731,30.93012366
5385,61.862439,30.9312195
5386,65.34991841,32.67495921
5387,57.96609131,28.98304566
5388,45.77542558,22.88771279
5389,47.71158286,23.85579143
5390,34.26156474,17.13078237
5391,26.97299354,13.48649677
5392,22.89212853,11.44606427
5393,24.85346873,12.42673437
5394,23.81232399,11.906162
5395,20.63546526,10.31773263
5396,28.64512434,14.32256217
5397,28.42118703,14.21059352
5398,26.49832958,13.24916479
5399,36.33684602,18.16842301
5400,40.95880588,20.47940294
5401,41.07663092,20.53831546
5402,52.33145441,26.16572721
5403,53.41018965,26.70509483
5404,53.73441538,26.86720769
5405,66.25728614,33.12864307
5406,66.28345749,33.14172875
5407,73.88629642,36.94314821
5408,65.7403024,32.8701512
5409,63.31507385,31.65753693
5410,62.11184517,31.05592259
5411,56.07917192,28.03958596
5412,50.45941642,25.22970821
5413,46.33821149,23.16910575
5414,38.82178111,19.41089056
5415,30.20756761,15.10378381
5416,30.71496784,15.35748392
5417,26.26355383,13.13177692
5418,25.85470046,12.92735023
5419,24.24827484,12.12413742
5420,24.64574544,12.32287272
5421,38.00172131,19.00086066
5422,21.55296625,10.77648313
5423,30.62814089,15.31407045
5424,41.15813738,20.57906869
5425,47.55690862,23.77845431
5426,48.93590713,24.46795357
5427,57.5868196,28.7934098
5428,62.38927006,31.19463503
5429,60.62132856,30.31066428
5430,68.3507751,34.17538755
5431,70.40455838,35.20227919
5432,55.22674721,27.61337361
5433,59.62468318,29.81234159
5434,59.33781515,29.66890758
5435,52.72771327,26.36385664
5436,53.0811213,26.54056065
5437,41.12511849,20.56255925
5438,38.93732286,19.46866143
5439,29.44940447,14.72470224
5440,36.42398594,18.21199297
5441,18.30194777,9.150973885
5442,23.19150635,11.59575318
5443,28.35387833,14.17693917
5444,26.97419856,13.48709928
5445,26.7020122,13.3510061
5446,27.04902643,13.52451322
5447,30.52829102,15.26414551
5448,33.62794342,16.81397171
5449,40.60760753,20.30380377
5450,42.96671833,21.48335917
5451,55.36023662,27.68011831
5452,54.04218101,27.02109051
5453,64.82407498,32.41203749
5454,67.63353231,33.81676616
5455,68.15082781,34.07541391
5456,55.82869107,27.91434554
5457,68.42472348,34.21236174
5458,57.529231,28.7646155
5459,61.75782548,30.87891274
5460,51.72798231,25.86399116
5461,49.23137997,24.61568999
5462,34.40769323,17.20384662
5463,28.62493575,14.31246788
5464,28.14658921,14.07329461
5465,18.87012834,9.43506417
5466,25.45676136,12.72838068
5467,22.56298557,11.28149279
5468,30.76540261,15.38270131
5469,21.43178495,10.71589248
5470,32.70056461,16.35028231
5471,34.77104384,17.38552192
5472,29.18990544,14.59495272
5473,45.5030673,22.75153365
5474,45.36622822,22.68311411
5475,61.40539473,30.70269737
5476,55.07814101,27.53907051
5477,66.18999985,33.09499993
5478,63.19756229,31.59878115
5479,67.20852263,33.60426132
5480,65.38290323,32.69145162
5481,53.42910408,26.71455204
5482,59.20664381,29.60332191
5483,55.34877799,27.674389
5484,52.18380409,26.09190205
5485,44.59990493,22.29995247
5486,37.39460134,18.69730067
5487,35.73086484,17.86543242
5488,34.43331512,17.21665756
5489,21.58411035,10.79205518
5490,26.04866088,13.02433044
5491,22.8172708,11.4086354
5492,27.48118534,13.74059267
5493,32.65312035,16.32656018
5494,24.17246781,12.08623391
5495,33.55721449,16.77860725
5496,40.70626778,20.35313389
5497,45.1702515,22.58512575
5498,42.35292199,21.176461
5499,51.25657336,25.62828668
5500,54.52906324,27.26453162
5501,69.0506625,34.52533125
5502,73.68088144,36.84044072
5503,62.37085019,31.1854251
5504,64.61272155,32.30636078
5505,62.69826108,31.34913054
5506,63.77578027,31.88789014
5507,62.31519137,31.15759569
5508,43.7282259,21.86411295
5509,42.27458666,21.13729333
5510,27.84033256,13.92016628
5511,34.49152565,17.24576283
5512,16.55412994,8.27706497
5513,21.81917864,10.90958932
5514,20.85397597,10.42698799
5515,23.09737327,11.54868664
5516,17.29432376,8.64716188
5517,22.26099152,11.13049576
5518,22.65228099,11.3261405
5519,28.27576247,14.13788124
5520,38.71068145,19.35534073
5521,45.38954051,22.69477026
5522,46.81514813,23.40757407
5523,57.14758082,28.57379041
5524,57.86468403,28.93234202
5525,62.47610728,31.23805364
5526,60.44690055,30.22345028
5527,58.99379213,29.49689607
5528,51.34168656,25.67084328
5529,64.23196911,32.11598456
5530,56.96191912,28.48095956
5531,50.01507855,25.00753928
5532,39.5635621,19.78178105
5533,39.96548747,19.98274374
5534,43.45295098,21.72647549
5535,32.34890765,16.17445383
5536,23.67709897,11.83854949
5537,25.83934187,12.91967094
5538,17.20210059,8.601050295
5539,28.82781735,14.41390868
5540,20.85640183,10.42820092
5541,23.27473748,11.63736874
5542,26.33900705,13.16950353
5543,33.63880187,16.81940094
5544,33.55873858,16.77936929
5545,42.65246583,21.32623292
5546,42.25757274,21.12878637
5547,43.13539491,21.56769746
5548,53.64046332,26.82023166
5549,64.51617429,32.25808715
5550,66.05052132,33.02526066
5551,57.8547078,28.9273539
5552,61.05284541,30.52642271
5553,58.0569014,29.0284507
5554,59.12612002,29.56306001
5555,47.97062407,23.98531204
5556,49.66229646,24.83114823
5557,46.64912449,23.32456225
5558,39.07255909,19.53627955
5559,32.95200039,16.4760002
5560,31.37818192,15.68909096
5561,26.44649436,13.22324718
5562,17.98914208,8.99457104
5563,13.28891034,6.64445517
5564,21.54604147,10.77302074
5565,21.13778099,10.5688905
5566,21.15581328,10.57790664
5567,31.74211264,15.87105632
5568,41.97951256,20.98975628
5569,41.30974002,20.65487001
5570,52.776724,26.388362
5571,40.21320424,20.10660212
5572,55.87406718,27.93703359
5573,56.23444078,28.11722039
5574,62.74190585,31.37095293
5575,65.83346457,32.91673229
5576,58.15406157,29.07703079
5577,48.94477382,24.47238691
5578,57.04363187,28.52181594
5579,51.37682618,25.68841309
5580,38.76045152,19.38022576
5581,46.58372919,23.2918646
5582,44.03708957,22.01854479
5583,22.58871314,11.29435657
5584,37.87663265,18.93831633
5585,19.13275062,9.56637531
5586,20.5733961,10.28669805
5587,14.8228678,7.4114339
5588,26.27102042,13.13551021
5589,24.97786739,12.4889337
5590,31.91748897,15.95874449
5591,31.29708203,15.64854102
5592,35.48995807,17.74497904
5593,40.41187586,20.20593793
5594,50.07854253,25.03927127
5595,42.62560542,21.31280271
5596,51.89591898,25.94795949
5597,57.65587495,28.82793748
5598,60.72483266,30.36241633
5599,56.33433474,28.16716737
5600,66.48034251,33.24017126
5601,57.68621969,28.84310985
5602,63.17447883,31.58723942
5603,47.52334043,23.76167022
5604,43.43195127,21.71597564
5605,54.58384492,27.29192246
5606,40.40896841,20.20448421
5607,34.60437206,17.30218603
5608,22.11617667,11.05808834
5609,19.18973561,9.594867805
5610,21.68542156,10.84271078
5611,22.30576796,11.15288398
5612,21.0233545,10.51167725
5613,20.8100331,10.40501655
5614,25.74256061,12.87128031
5615,36.72606744,18.36303372
5616,37.52395883,18.76197942
5617,38.41829699,19.2091485
5618,46.33616056,23.16808028
5619,51.72829987,25.86414994
5620,54.84327927,27.42163964
5621,55.44716732,27.72358366
5622,56.87844471,28.43922236
5623,59.91752656,29.95876328
5624,64.9584526,32.4792263
5625,59.07053909,29.53526955
5626,55.28596656,27.64298328
5627,49.00231747,24.50115874
5628,53.42349636,26.71174818
5629,37.85901544,18.92950772
5630,38.41711054,19.20855527
5631,27.14666455,13.57333228
5632,23.03327138,11.51663569
5633,26.35598267,13.17799134
5634,19.78365288,9.89182644
5635,25.15938872,12.57969436
5636,18.15893144,9.07946572
5637,26.6341922,13.3170961
5638,41.68361021,20.84180511
5639,26.88879222,13.44439611
5640,38.7964955,19.39824775
5641,43.05107177,21.52553589
5642,46.23125839,23.1156292
5643,50.31099389,25.15549695
5644,62.91512321,31.45756161
5645,57.56888072,28.78444036
5646,61.8133039,30.90665195
5647,64.75333111,32.37666556
5648,63.3293947,31.66469735
5649,59.27354088,29.63677044
5650,64.01031724,32.00515862
5651,51.65600092,25.82800046
5652,47.18518215,23.59259108
5653,43.71159452,21.85579726
5654,29.67272766,14.83636383
5655,27.4203018,13.7101509
5656,32.50111356,16.25055678
5657,30.79573901,15.39786951
5658,13.75682505,6.878412525
5659,16.34442602,8.17221301
5660,23.53869503,11.76934752
5661,21.99989193,10.99994597
5662,25.21910337,12.60955169
5663,24.82652125,12.41326063
5664,28.28823809,14.14411905
5665,36.28835684,18.14417842
5666,41.39109674,20.69554837
5667,51.68889424,25.84444712
5668,55.95638837,27.97819419
5669,65.98525358,32.99262679
5670,64.01432554,32.00716277
5671,51.44683368,25.72341684
5672,63.28305153,31.64152577
5673,75.39833158,37.69916579
5674,62.9635027,31.48175135
5675,40.30250816,20.15125408
5676,38.61888325,19.30944163
5677,33.81076954,16.90538477
5678,42.47400627,21.23700314
5679,31.49380156,15.74690078
5680,18.94163684,9.47081842
5681,27.86968677,13.93484339
5682,15.72146223,7.860731115
5683,25.05210581,12.52605291
5684,20.15360765,10.07680383
5685,23.08217273,11.54108637
5686,39.17117994,19.58558997
5687,28.1397168,14.0698584
5688,35.53003533,17.76501767
5689,46.88190441,23.44095221
5690,39.25535879,19.6276794
5691,60.91004107,30.45502054
5692,56.77767661,28.38883831
5693,58.44237291,29.22118646
5694,60.95710119,30.4785506
5695,72.86097225,36.43048613
5696,64.63110233,32.31555117
5697,65.07652028,32.53826014
5698,58.64113898,29.32056949
5699,47.42695412,23.71347706
5700,60.28803002,30.14401501
5701,36.11591902,18.05795951
5702,27.13645488,13.56822744
5703,34.52003654,17.26001827
5704,28.9572657,14.47863285
5705,18.2879561,9.14397805
5706,27.08917015,13.54458508
5707,24.16099967,12.08049984
5708,21.28072059,10.6403603
5709,25.0228327,12.51141635
5710,27.75989839,13.8799492
5711,28.15249613,14.07624807
5712,38.65910456,19.32955228
5713,43.07356497,21.53678249
5714,54.5678502,27.2839251
5715,51.75241681,25.87620841
5716,70.18802192,35.09401096
5717,56.02526828,28.01263414
5718,55.06294928,27.53147464
5719,66.86891938,33.43445969
5720,73.76296981,36.88148491
5721,67.28172012,33.64086006
5722,63.07918104,31.53959052
5723,39.99566084,19.99783042
5724,53.57502949,26.78751475
5725,40.70245613,20.35122807
5726,36.4276462,18.2138231
5727,33.81560675,16.90780338
5728,32.49066826,16.24533413
5729,28.28401755,14.14200878
5730,21.08029844,10.54014922
5731,19.96025716,9.98012858
5732,18.92959076,9.46479538
5733,17.72104855,8.860524275
5734,28.92820178,14.46410089
5735,32.62736845,16.31368423
5736,39.1794966,19.5897483
5737,42.25835268,21.12917634
5738,34.26407279,17.1320364
5739,48.46468122,24.23234061
5740,57.09862174,28.54931087
5741,59.78542086,29.89271043
5742,68.1209389,34.06046945
5743,66.42818092,33.21409046
5744,56.22871333,28.11435667
5745,72.42664636,36.21332318
5746,61.86318305,30.93159153
5747,41.49205271,20.74602636
5748,47.05971486,23.52985743
5749,37.88376041,18.94188021
5750,32.2545254,16.1272627
5751,32.79671216,16.39835608
5752,26.1650855,13.08254275
5753,20.02827427,10.01413714
5754,22.43241486,11.21620743
5755,20.56797057,10.28398529
5756,29.32305392,14.66152696
5757,27.002576,13.501288
5758,37.8303646,18.9151823
5759,36.47710018,18.23855009
5760,49.38599098,24.69299549
5761,44.15826962,22.07913481
5762,50.25164056,25.12582028
5763,55.70457011,27.85228506
5764,50.93179043,25.46589522
5765,63.5521158,31.7760579
5766,59.17117196,29.58558598
5767,57.19120079,28.5956004
5768,61.54017287,30.77008644
5769,59.19999037,29.59999519
5770,45.62942792,22.81471396
5771,51.85179133,25.92589567
5772,52.99133825,26.49566913
5773,42.28702986,21.14351493
5774,36.36123562,18.18061781
5775,28.54786799,14.273934
5776,22.20522167,11.10261084
5777,18.22531154,9.11265577
5778,26.26622402,13.13311201
5779,28.14353093,14.07176547
5780,39.02140195,19.51070098
5781,25.98172111,12.99086056
5782,22.2520192,11.1260096
5783,34.22485314,17.11242657
5784,30.72740715,15.36370358
5785,43.21410413,21.60705207
5786,43.93513919,21.9675696
5787,50.71469545,25.35734773
5788,58.2643459,29.13217295
5789,55.00772009,27.50386005
5790,72.52154823,36.26077412
5791,67.7679409,33.88397045
5792,56.31499406,28.15749703
5793,60.62772689,30.31386345
5794,53.7035644,26.8517822
5795,41.99277146,20.99638573
5796,57.9310203,28.96551015
5797,40.2453698,20.1226849
5798,35.5197928,17.7598964
5799,25.45397609,12.72698805
5800,29.47100545,14.73550273
5801,28.20479216,14.10239608
5802,21.54253813,10.77126907
5803,20.15474743,10.07737372
5804,22.56504254,11.28252127
5805,14.69104174,7.34552087
5806,25.3155013,12.65775065
5807,36.49633215,18.24816608
5808,38.06915441,19.03457721
5809,50.093725,25.0468625
5810,44.96230594,22.48115297
5811,48.79081366,24.39540683
5812,56.85893553,28.42946777
5813,54.88537663,27.44268832
5814,63.01648292,31.50824146
5815,63.15904169,31.57952085
5816,64.65797699,32.3289885
5817,68.20100328,34.10050164
5818,60.2066112,30.1033056
5819,52.71960549,26.35980275
5820,46.03306342,23.01653171
5821,32.78097557,16.39048779
5822,28.78768852,14.39384426
5823,31.08880469,15.54440235
5824,28.64910927,14.32455464
5825,14.50620561,7.253102805
5826,20.39216597,10.19608299
5827,17.49673968,8.74836984
5828,20.41331245,10.20665623
5829,22.17517209,11.08758605
5830,28.83739108,14.41869554
5831,33.4713478,16.7356739
5832,37.80493259,18.9024663
5833,42.3123611,21.15618055
5834,42.52889225,21.26444613
5835,49.43132107,24.71566054
5836,60.02490769,30.01245385
5837,58.31325231,29.15662616
5838,58.67297481,29.33648741
5839,65.59483221,32.79741611
5840,56.00301714,28.00150857
5841,59.93123512,29.96561756
5842,60.93017533,30.46508767
5843,47.09958056,23.54979028
5844,50.88525018,25.44262509
5845,41.68273158,20.84136579
5846,34.97405025,17.48702513
5847,31.78002354,15.89001177
5848,24.43091417,12.21545709
5849,26.57319478,13.28659739
5850,33.92885617,16.96442809
5851,25.941254,12.970627
5852,18.65569195,9.327845975
5853,25.29857337,12.64928669
5854,13.91158142,6.95579071
5855,23.9384519,11.96922595
5856,44.11718561,22.05859281
5857,48.46846538,24.23423269
5858,46.31225476,23.15612738
5859,58.96222161,29.48111081
5860,49.46423279,24.7321164
5861,63.62891301,31.81445651
5862,60.78748895,30.39374448
5863,65.45429772,32.72714886
5864,53.21691774,26.60845887
5865,57.16317843,28.58158922
5866,59.61160328,29.80580164
5867,54.3863627,27.19318135
5868,37.99156261,18.99578131
5869,45.10891932,22.55445966
5870,36.53360263,18.26680132
5871,31.88807259,15.9440363
5872,24.48389291,12.24194646
5873,19.8798967,9.93994835
5874,30.52319354,15.26159677
5875,22.88003694,11.44001847
5876,24.54910479,12.2745524
5877,16.90047903,8.450239515
5878,27.68052511,13.84026256
5879,31.52677809,15.76338905
5880,31.9019209,15.95096045
5881,46.75435707,23.37717854
5882,45.91422899,22.9571145
5883,51.90029186,25.95014593
5884,60.70806578,30.35403289
5885,60.2816367,30.14081835
5886,50.17188956,25.08594478
5887,66.75711927,33.37855964
5888,56.67299042,28.33649521
5889,60.70781545,30.35390773
5890,55.15158253,27.57579127
5891,49.7233919,24.86169595
5892,48.72065999,24.36033
5893,41.1599976,20.5799988
5894,36.10854302,18.05427151
5895,28.36119434,14.18059717
5896,24.72845882,12.36422941
5897,22.56965039,11.2848252
5898,20.15683317,10.07841659
5899,22.18961447,11.09480724
5900,17.76652356,8.88326178
5901,32.24886178,16.12443089
5902,32.04905232,16.02452616
5903,32.02328227,16.01164114
5904,26.93663828,13.46831914
5905,38.87360302,19.43680151
5906,49.17377078,24.58688539
5907,53.89913268,26.94956634
5908,55.36566762,27.68283381
5909,58.01631516,29.00815758
5910,58.80790129,29.40395065
5911,63.02487107,31.51243554
5912,64.72106317,32.36053159
5913,58.35018033,29.17509017
5914,64.72364307,32.36182154
5915,49.51186177,24.75593089
5916,47.31127799,23.655639
5917,37.47319963,18.73659982
5918,35.90724347,17.95362174
5919,28.74248377,14.37124189
5920,33.01318569,16.50659285
5921,28.73569624,14.36784812
5922,28.91483089,14.45741545
5923,24.49677091,12.24838546
5924,17.47156666,8.73578333
5925,28.54828559,14.2741428
5926,19.12711064,9.56355532
5927,36.75604616,18.37802308
5928,36.45266879,18.2263344
5929,49.18660445,24.59330223
5930,49.10921014,24.55460507
5931,39.35902228,19.67951114
5932,46.42777662,23.21388831
5933,72.68164395,36.34082198
5934,54.41464481,27.20732241
5935,57.69769183,28.84884592
5936,63.19627856,31.59813928
5937,51.02362169,25.51181085
5938,53.16695177,26.58347589
5939,49.71477591,24.85738796
5940,49.6056559,24.80282795
5941,45.67399177,22.83699589
5942,38.34844861,19.17422431
5943,30.41959064,15.20979532
5944,32.76530343,16.38265172
5945,24.42695784,12.21347892
5946,26.78654242,13.39327121
5947,24.13572965,12.06786483
5948,19.06312063,9.531560315
5949,29.56499268,14.78249634
5950,22.51140371,11.25570186
5951,30.07748208,15.03874104
5952,41.35275662,20.67637831
5953,36.48456845,18.24228423
5954,44.79961573,22.39980787
5955,60.37099363,30.18549682
5956,58.10557138,29.05278569
5957,57.54775266,28.77387633
5958,54.27234552,27.13617276
5959,64.26202787,32.13101394
5960,62.24662133,31.12331067
5961,65.54345421,32.77172711
5962,60.58535668,30.29267834
5963,53.26963174,26.63481587
5964,37.76479136,18.88239568
5965,43.88883796,21.94441898
5966,37.80522554,18.90261277
5967,32.96198658,16.48099329
5968,22.26041419,11.1302071
5969,10.83300986,5.41650493
5970,19.37506255,9.687531275
5971,18.39720305,9.198601525
5972,23.17725564,11.58862782
5973,19.96620273,9.983101365
5974,33.12222526,16.56111263
5975,25.16557731,12.58278866
5976,39.255561,19.6277805
5977,49.1466117,24.57330585
5978,50.45244233,25.22622117
5979,53.1442778,26.5721389
5980,61.34173727,30.67086864
5981,62.95932596,31.47966298
5982,62.91435224,31.45717612
5983,58.67434807,29.33717404
5984,59.82918227,29.91459114
5985,58.10583899,29.0529195
5986,57.94271475,28.97135738
5987,47.45285832,23.72642916
5988,47.38013191,23.69006596
5989,48.77831189,24.38915595
5990,35.46581426,17.73290713
5991,30.99327118,15.49663559
5992,19.12585264,9.56292632
5993,32.35630472,16.17815236
5994,23.03347093,11.51673547
5995,23.73405305,11.86702653
5996,16.92539952,8.46269976
5997,24.6351529,12.31757645
5998,32.58403674,16.29201837
5999,32.72896581,16.36448291
6000,41.41924665,20.70962333
6001,39.70378603,19.85189302
6002,41.89972995,20.94986498
6003,49.10207836,24.55103918
6004,52.97850206,26.48925103
6005,57.61033757,28.80516879
6006,60.37369297,30.18684649
6007,54.75388947,27.37694474
6008,65.45170466,32.72585233
6009,49.92626954,24.96313477
6010,48.7594666,24.3797333
6011,59.40233267,29.70116634
6012,47.70936421,23.85468211
6013,42.63334729,21.31667365
6014,34.86434724,17.43217362
6015,42.51285065,21.25642533
6016,33.90633053,16.95316527
6017,15.67532219,7.837661095
6018,24.39323421,12.19661711
6019,21.63065029,10.81532515
6020,21.90238758,10.95119379
6021,22.36203334,11.18101667
6022,20.23073347,10.11536674
6023,41.82291504,20.91145752
6024,36.5540302,18.2770151
6025,36.42857321,18.21428661
6026,46.62470032,23.31235016
6027,39.55140966,19.77570483
6028,54.38372585,27.19186293
6029,62.67090867,31.33545434
6030,59.39405352,29.69702676
6031,64.83227887,32.41613944
6032,52.65385051,26.32692526
6033,59.91218555,29.95609278
6034,52.80387162,26.40193581
6035,55.44769699,27.7238485
6036,44.13754369,22.06877185
6037,41.04407937,20.52203969
6038,37.4065036,18.7032518
6039,39.4370951,19.71854755
6040,26.30424662,13.15212331
6041,23.2490298,11.6245149
6042,22.43729629,11.21864815
6043,22.01467252,11.00733626
6044,16.26770097,8.133850485
6045,21.91899071,10.95949536
6046,32.62412449,16.31206225
6047,30.10313586,15.05156793
6048,38.36317322,19.18158661
6049,38.28442469,19.14221235
6050,50.39685538,25.19842769
6051,54.89098657,27.44549329
6052,51.22428242,25.61214121
6053,58.40012243,29.20006122
6054,63.9847702,31.9923851
6055,50.15815635,25.07907818
6056,67.79158199,33.895791
6057,62.48048887,31.24024444
6058,55.58590014,27.79295007
6059,46.59814843,23.29907422
6060,47.52617119,23.7630856
6061,38.26677326,19.13338663
6062,42.58018024,21.29009012
6063,29.49963535,14.74981768
6064,35.06657846,17.53328923
6065,29.0407018,14.5203509
6066,16.16064244,8.08032122
6067,17.79014165,8.895070825
6068,18.29845958,9.14922979
6069,24.33002845,12.16501423
6070,21.36425162,10.68212581
6071,31.28397829,15.64198915
6072,32.91007356,16.45503678
6073,32.81655808,16.40827904
6074,48.35150614,24.17575307
6075,43.98077446,21.99038723
6076,53.22519243,26.61259622
6077,59.55665428,29.77832714
6078,61.87672689,30.93836345
6079,59.12545941,29.56272971
6080,64.7270193,32.36350965
6081,57.51729299,28.7586465
6082,52.06074373,26.03037187
6083,52.00192111,26.00096056
6084,38.53679531,19.26839766
6085,37.17009983,18.58504992
6086,38.65519546,19.32759773
6087,36.37862629,18.18931315
6088,22.40599805,11.20299903
6089,34.19965375,17.09982688
6090,17.48961932,8.74480966
6091,19.44174436,9.72087218
6092,29.138408,14.569204
6093,25.43931069,12.71965535
6094,24.58240672,12.29120336
6095,24.14540738,12.07270369
6096,38.69754406,19.34877203
6097,44.48917461,22.24458731
6098,43.573756,21.786878
6099,49.58713517,24.79356759
6100,47.21179035,23.60589518
6101,69.43506995,34.71753498
6102,63.33726246,31.66863123
6103,56.51411849,28.25705925
6104,61.18707378,30.59353689
6105,58.21713564,29.10856782
6106,57.99152168,28.99576084
6107,45.98665074,22.99332537
6108,41.41823216,20.70911608
6109,45.1927307,22.59636535
6110,40.98707196,20.49353598
6111,24.80277621,12.40138811
6112,28.13004461,14.06502231
6113,19.95941805,9.979709025
6114,19.5445096,9.7722548
6115,16.59141363,8.295706815
6116,18.57880368,9.28940184
6117,33.36159863,16.68079932
6118,30.45036143,15.22518072
6119,22.48330996,11.24165498
6120,35.19775058,17.59887529
6121,44.81931294,22.40965647
6122,51.23964154,25.61982077
6123,49.12716189,24.56358095
6124,46.40701236,23.20350618
6125,60.97290473,30.48645237
6126,58.86182387,29.43091194
6127,64.94295399,32.471477
6128,57.22949497,28.61474749
6129,57.37658833,28.68829417
6130,57.85545831,28.92772916
6131,50.64470711,25.32235356
6132,45.36966942,22.68483471
6133,38.73390095,19.36695048
6134,38.58322209,19.29161105
6135,29.66090464,14.83045232
6136,25.45483049,12.72741525
6137,36.66391871,18.33195936
6138,20.57141971,10.28570986
6139,15.37438285,7.687191425
6140,19.88548131,9.942740655
6141,22.63267678,11.31633839
6142,37.47700542,18.73850271
6143,40.37221775,20.18610888
6144,33.90354469,16.95177235
6145,36.51355638,18.25677819
6146,53.20715542,26.60357771
6147,58.73842527,29.36921264
6148,56.14222495,28.07111248
6149,60.64187839,30.3209392
6150,59.94735279,29.9736764
6151,56.88389366,28.44194683
6152,59.0866995,29.54334975
6153,60.81825794,30.40912897
6154,51.26053186,25.63026593
6155,44.81208081,22.40604041
6156,51.56273981,25.78136991
6157,39.69830609,19.84915305
6158,41.18890655,20.59445328
6159,25.38461271,12.69230636
6160,17.46287748,8.73143874
6161,28.9220702,14.4610351
6162,22.26606394,11.13303197
6163,17.00989794,8.50494897
6164,21.61942348,10.80971174
6165,22.39485447,11.19742724
6166,20.82677521,10.41338761
6167,31.31785215,15.65892608
6168,24.75456925,12.37728463
6169,39.80273583,19.90136792
6170,39.77471716,19.88735858
6171,48.05115162,24.02557581
6172,47.25794034,23.62897017
6173,65.90689696,32.95344848
6174,61.21018577,30.60509289
6175,57.59602907,28.79801454
6176,54.33278815,27.16639408
6177,53.58739209,26.79369605
6178,53.21907166,26.60953583
6179,54.40815749,27.20407875
6180,44.08883601,22.04441801
6181,38.67314596,19.33657298
6182,40.63698595,20.31849298
6183,20.33637786,10.16818893
6184,24.3275715,12.16378575
6185,21.45613454,10.72806727
6186,23.39371045,11.69685523
6187,24.36929522,12.18464761
6188,26.9324268,13.4662134
6189,22.73613822,11.36806911
6190,19.94544011,9.972720055
6191,26.50002009,13.25001005
6192,41.06353147,20.53176574
6193,42.8936383,21.44681915
6194,44.96272606,22.48136303
6195,52.30388037,26.15194019
6196,52.39348097,26.19674049
6197,57.92090537,28.96045269
6198,51.72082364,25.86041182
6199,47.94176906,23.97088453
6200,59.12912572,29.56456286
6201,47.38800346,23.69400173
6202,56.30635752,28.15317876
6203,52.54258388,26.27129194
6204,43.57613426,21.78806713
6205,36.38898983,18.19449492
6206,33.27348084,16.63674042
6207,33.82369225,16.91184613
6208,31.43505963,15.71752982
6209,19.84422643,9.922113215
6210,18.11369011,9.056845055
6211,25.45095949,12.72547975
6212,23.48492887,11.74246444
6213,18.32943711,9.164718555
6214,19.41333571,9.706667855
6215,29.68867599,14.844338
6216,23.78275327,11.89137664
6217,30.12368734,15.06184367
6218,45.33607371,22.66803686
6219,54.29723654,27.14861827
6220,53.57292398,26.78646199
6221,60.12331238,30.06165619
6222,51.42342271,25.71171136
6223,55.09423123,27.54711562
6224,59.4586617,29.72933085
6225,60.72890914,30.36445457
6226,55.16655009,27.58327505
6227,45.98229009,22.99114505
6228,45.67758302,22.83879151
6229,41.19607782,20.59803891
6230,28.12503609,14.06251805
6231,32.0152079,16.00760395
6232,20.30186802,10.15093401
6233,28.04510916,14.02255458
6234,17.65584309,8.827921545
6235,20.14157745,10.07078873
6236,31.11586779,15.5579339
6237,13.58039154,6.79019577
6238,25.10512591,12.55256296
6239,27.35311451,13.67655726
6240,41.94499347,20.97249674
6241,40.57028902,20.28514451
6242,44.26201171,22.13100586
6243,57.72834919,28.8641746
6244,54.73813746,27.36906873
6245,58.48980263,29.24490132
6246,65.19480561,32.59740281
6247,64.21321065,32.10660533
6248,62.75794501,31.37897251
6249,54.64890839,27.3244542
6250,59.00134414,29.50067207
6251,56.84126112,28.42063056
6252,46.60392616,23.30196308
6253,44.92467316,22.46233658
6254,34.69835453,17.34917727
6255,24.05491513,12.02745757
6256,19.27699935,9.638499675
6257,18.02268598,9.01134299
6258,31.56130111,15.78065056
6259,10.77469536,5.38734768
6260,23.65056345,11.82528173
6261,18.85869724,9.42934862
6262,32.06333024,16.03166512
6263,35.78609285,17.89304643
6264,30.89980659,15.4499033
6265,40.3158232,20.1579116
6266,55.6206855,27.81034275
6267,49.15038681,24.57519341
6268,67.24857561,33.62428781
6269,59.19281917,29.59640959
6270,60.72212513,30.36106257
6271,59.79030174,29.89515087
6272,58.30330122,29.15165061
6273,55.199309,27.5996545
6274,44.13060202,22.06530101
6275,53.02030007,26.51015004
6276,47.52916578,23.76458289
6277,43.93063114,21.96531557
6278,27.45272559,13.7263628
6279,36.79271855,18.39635928
6280,22.90901945,11.45450973
6281,18.98746456,9.49373228
6282,15.29779689,7.648898445
6283,19.85480493,9.927402465
6284,21.7735631,10.88678155
6285,19.84679207,9.923396035
6286,34.0728418,17.0364209
6287,26.02299158,13.01149579
6288,29.33691133,14.66845567
6289,38.92211888,19.46105944
6290,50.97571215,25.48785608
6291,58.12370716,29.06185358
6292,60.79176745,30.39588373
6293,52.14122476,26.07061238
6294,60.77625822,30.38812911
6295,61.84301317,30.92150659
6296,55.81029301,27.90514651
6297,51.29065066,25.64532533
6298,52.64868111,26.32434056
6299,46.16387416,23.08193708
6300,46.49720935,23.24860468
6301,36.83912979,18.4195649
6302,37.19662633,18.59831317
6303,35.48898468,17.74449234
6304,18.26958543,9.134792715
6305,23.50875354,11.75437677
6306,25.77955509,12.88977755
6307,12.53613975,6.268069875
6308,20.04198378,10.02099189
6309,16.78272193,8.391360965
6310,23.98162302,11.99081151
6311,38.53809004,19.26904502
6312,43.34247786,21.67123893
6313,44.47031699,22.2351585
6314,55.57390217,27.78695109
6315,44.51449201,22.25724601
6316,51.87785941,25.93892971
6317,56.36619203,28.18309602
6318,62.03339794,31.01669897
6319,68.92204763,34.46102382
6320,65.09638947,32.54819474
6321,60.71731452,30.35865726
6322,52.08194769,26.04097385
6323,53.56127875,26.78063938
6324,47.43825424,23.71912712
6325,38.85852563,19.42926282
6326,39.16682318,19.58341159
6327,25.11653472,12.55826736
6328,19.0260046,9.5130023
6329,21.27189629,10.63594815
6330,14.23239924,7.11619962
6331,21.48636643,10.74318322
6332,15.21312982,7.60656491
6333,26.31186347,13.15593174
6334,26.12965777,13.06482889
6335,33.59773198,16.79886599
6336,39.58010606,19.79005303
6337,35.10269747,17.55134874
6338,55.20982686,27.60491343
6339,56.50751091,28.25375546
6340,58.10954374,29.05477187
6341,60.79277192,30.39638596
6342,58.78611052,29.39305526
6343,63.16921674,31.58460837
6344,53.59925172,26.79962586
6345,57.12241184,28.56120592
6346,57.11996484,28.55998242
6347,54.68802069,27.34401035
6348,45.08356601,22.54178301
6349,43.81188819,21.9059441
6350,39.31882873,19.65941437
6351,30.39043196,15.19521598
6352,19.10984911,9.554924555
6353,27.85663041,13.92831521
6354,16.15230775,8.076153875
6355,24.80530778,12.40265389
6356,21.34301538,10.67150769
6357,29.62261919,14.8113096
6358,25.98152777,12.99076389
6359,31.74824999,15.874125
6360,34.37586178,17.18793089
6361,44.42503246,22.21251623
6362,42.57350465,21.28675233
6363,46.64637941,23.32318971
6364,58.37634458,29.18817229
6365,58.2016688,29.1008344
6366,52.24438859,26.1221943
6367,49.77119592,24.88559796
6368,61.41214085,30.70607043
6369,55.7487701,27.87438505
6370,49.81710774,24.90855387
6371,45.52916328,22.76458164
6372,43.50895491,21.75447746
6373,46.07585864,23.03792932
6374,25.593622,12.796811
6375,37.99404329,18.99702165
6376,30.48901395,15.24450698
6377,22.52082547,11.26041274
6378,15.68801931,7.844009655
6379,25.85989359,12.9299468
6380,19.96629125,9.983145625
6381,27.11043092,13.55521546
6382,28.90327471,14.45163736
6383,29.60311441,14.80155721
6384,32.86801052,16.43400526
6385,35.10864215,17.55432108
6386,44.41361223,22.20680612
6387,54.21889204,27.10944602
6388,52.44325212,26.22162606
6389,56.17638708,28.08819354
6390,61.76879126,30.88439563
6391,60.49201921,30.24600961
6392,54.94239271,27.47119636
6393,49.41229379,24.7061469
6394,60.28404934,30.14202467
6395,44.20136421,22.10068211
6396,44.16107286,22.08053643
6397,45.98004008,22.99002004
6398,30.53676497,15.26838249
6399,34.37049245,17.18524623
6400,28.88931537,14.44465769
6401,20.90301109,10.45150555
6402,15.82059007,7.910295035
6403,11.21469942,5.60734971
6404,19.00150759,9.500753795
6405,26.91789814,13.45894907
6406,21.56779049,10.78389525
6407,22.7263876,11.3631938
6408,42.90967489,21.45483745
6409,45.70731042,22.85365521
6410,50.53241716,25.26620858
6411,45.7429373,22.87146865
6412,58.1238006,29.0619003
6413,62.89280114,31.44640057
6414,55.49571332,27.74785666
6415,48.59259541,24.29629771
6416,58.79516347,29.39758174
6417,53.5688153,26.78440765
6418,48.87685242,24.43842621
6419,61.57112093,30.78556047
6420,50.55765471,25.27882736
6421,47.9434301,23.97171505
6422,27.37557241,13.68778621
6423,35.30907091,17.65453546
6424,28.59218476,14.29609238
6425,31.24325946,15.62162973
6426,22.82377619,11.4118881
6427,21.19395979,10.5969799
6428,23.93516033,11.96758017
6429,17.05542198,8.52771099
6430,27.65055816,13.82527908
6431,26.72624712,13.36312356
6432,34.87133029,17.43566515
6433,32.40430679,16.2021534
6434,48.67131299,24.3356565
6435,42.27276866,21.13638433
6436,54.82081291,27.41040646
6437,64.51385289,32.25692645
6438,69.13163363,34.56581682
6439,65.78277765,32.89138883
6440,63.02009076,31.51004538
6441,59.50706132,29.75353066
6442,46.71937184,23.35968592
6443,50.25695493,25.12847747
6444,52.22750336,26.11375168
6445,42.89186059,21.4459303
6446,36.15176495,18.07588248
6447,32.1187552,16.0593776
6448,25.87259342,12.93629671
6449,23.40076866,11.70038433
6450,21.77387094,10.88693547
6451,17.022222,8.511111
6452,11.02932812,5.51466406
6453,11.61812791,5.809063955
6454,25.68913803,12.84456902
6455,28.35480835,14.17740418
6456,33.1071125,16.55355625
6457,32.88692444,16.44346222
6458,50.63594688,25.31797344
6459,42.54882046,21.27441023
6460,59.62846604,29.81423302
6461,52.051965,26.0259825
6462,68.31622583,34.15811292
6463,60.38348665,30.19174333
6464,59.75093594,29.87546797
6465,55.10725741,27.55362871
6466,40.35414278,20.17707139
6467,44.61483633,22.30741817
6468,44.45499163,22.22749582
6469,40.19670488,20.09835244
6470,30.011648,15.005824
6471,32.06509993,16.03254997
6472,20.52059611,10.26029806
6473,22.91191423,11.45595712
6474,19.00821396,9.50410698
6475,24.27849026,12.13924513
6476,19.02457306,9.51228653
6477,19.91530576,9.95765288
6478,33.74608004,16.87304002
6479,32.57089714,16.28544857
6480,29.42206615,14.71103308
6481,44.88088769,22.44044385
6482,45.74514718,22.87257359
6483,59.52356513,29.76178257
6484,58.83515937,29.41757969
6485,51.06854466,25.53427233
6486,58.98607074,29.49303537
6487,61.28359292,30.64179646
6488,66.44707702,33.22353851
6489,54.36867578,27.18433789
6490,51.16348013,25.58174007
6491,58.93425429,29.46712715
6492,44.66812261,22.33406131
6493,41.59818742,20.79909371
6494,32.84130673,16.42065337
6495,32.95811373,16.47905687
6496,31.84827557,15.92413779
6497,28.03903119,14.0195156
6498,18.11013443,9.055067215
6499,26.50024696,13.25012348
6500,23.0756927,11.53784635
6501,15.26947902,7.63473951
6502,30.65983585,15.32991793
6503,25.42409931,12.71204966
6504,32.66260153,16.33130077
6505,34.94054633,17.47027317
6506,47.9530079,23.97650395
6507,53.52681522,26.76340761
6508,54.93032109,27.46516055
6509,65.33773276,32.66886638
6510,50.77254774,25.38627387
6511,61.07355167,30.53677584
6512,67.04967487,33.52483744
6513,66.49431139,33.2471557
6514,59.00677402,29.50338701
6515,54.9802125,27.49010625
6516,43.12203985,21.56101993
6517,30.554238,15.277119
6518,41.06493598,20.53246799
6519,29.38361146,14.69180573
6520,31.62972202,15.81486101
6521,29.06714357,14.53357179
6522,17.64634582,8.82317291
6523,20.26030372,10.13015186
6524,21.53702784,10.76851392
6525,21.31405791,10.65702896
6526,31.33327439,15.6666372
6527,34.16847075,17.08423538
6528,35.36821997,17.68410999
6529,42.5735759,21.28678795
6530,45.65256828,22.82628414
6531,56.04604334,28.02302167
6532,54.85963505,27.42981753
6533,63.9100679,31.95503395
6534,59.85076704,29.92538352
6535,50.66650635,25.33325318
6536,58.23913977,29.11956989
6537,63.10093269,31.55046635
6538,61.17972126,30.58986063
6539,52.71891707,26.35945854
6540,49.48270654,24.74135327
6541,37.44864169,18.72432085
6542,40.53595028,20.26797514
6543,36.96468831,18.48234416
6544,21.38904267,10.69452134
6545,20.91785106,10.45892553
6546,26.01199814,13.00599907
6547,14.55078071,7.275390355
6548,25.67559303,12.83779652
6549,24.37749898,12.18874949
6550,25.1314628,12.5657314
6551,26.4881313,13.24406565
6552,39.76611103,19.88305552
6553,33.13391564,16.56695782
6554,43.50033005,21.75016503
6555,46.11635363,23.05817682
6556,48.96326002,24.48163001
6557,51.9587997,25.97939985
6558,59.14739693,29.57369847
6559,58.89885749,29.44942875
6560,56.94153149,28.47076575
6561,56.28494734,28.14247367
6562,56.81561403,28.40780702
6563,48.27416296,24.13708148
6564,37.18159383,18.59079692
6565,40.36748578,20.18374289
6566,43.00755842,21.50377921
6567,25.96773653,12.98386827
6568,25.7336622,12.8668311
6569,24.58463755,12.29231878
6570,19.59258972,9.79629486
6571,27.38394416,13.69197208
6572,22.22492331,11.11246166
6573,21.7692707,10.88463535
6574,23.87294001,11.93647001
6575,33.4278275,16.71391375
6576,38.51529556,19.25764778
6577,42.98502081,21.49251041
6578,49.09175117,24.54587559
6579,47.72675254,23.86337627
6580,46.98702315,23.49351158
6581,49.71687159,24.8584358
6582,67.73526584,33.86763292
6583,69.29987879,34.6499394
6584,63.30132631,31.65066316
6585,54.89741428,27.44870714
6586,51.90759744,25.95379872
6587,50.21821226,25.10910613
6588,51.66123294,25.83061647
6589,39.63920005,19.81960003
6590,34.84108557,17.42054279
6591,35.86961586,17.93480793
6592,22.97432491,11.48716246
6593,20.15269594,10.07634797
6594,15.78158259,7.890791295
6595,20.15231158,10.07615579
6596,16.88689057,8.443445285
6597,23.3697978,11.6848989
6598,33.08056551,16.54028276
6599,30.89427588,15.44713794
6600,41.67062397,20.83531199
6601,45.80982872,22.90491436
6602,39.4940863,19.74704315
6603,53.205266,26.602633
6604,60.33534823,30.16767412
6605,62.32562666,31.16281333
6606,53.45355451,26.72677726
6607,60.45647364,30.22823682
6608,55.65132322,27.82566161
6609,53.06118151,26.53059076
6610,70.89264446,35.44632223
6611,55.85317429,27.92658715
6612,46.09558345,23.04779173
6613,37.57981449,18.78990725
6614,36.63148792,18.31574396
6615,33.92892796,16.96446398
6616,32.85850355,16.42925178
6617,24.00529301,12.00264651
6618,15.47740756,7.73870378
6619,21.97395541,10.98697771
6620,15.66013294,7.83006647
6621,22.34246326,11.17123163
6622,24.79929552,12.39964776
6623,22.7864072,11.3932036
6624,26.21495401,13.10747701
6625,45.14999382,22.57499691
6626,51.00814318,25.50407159
6627,57.83945177,28.91972589
6628,53.57546915,26.78773458
6629,60.30018495,30.15009248
6630,69.75962234,34.87981117
6631,52.89321585,26.44660793
6632,62.10105881,31.05052941
6633,59.0082986,29.5041493
6634,54.26899021,27.13449511
6635,60.42107292,30.21053646
6636,43.82211482,21.91105741
6637,34.93995202,17.46997601
6638,41.24867336,20.62433668
6639,30.17686137,15.08843069
6640,33.56205896,16.78102948
6641,31.15354459,15.5767723
6642,13.56441557,6.782207785
6643,24.79762244,12.39881122
6644,28.03468093,14.01734047
6645,24.27657418,12.13828709
6646,22.05887575,11.02943788
6647,37.85150873,18.92575437
6648,25.24888114,12.62444057
6649,31.14935945,15.57467973
6650,40.46011779,20.2300589
6651,49.72218741,24.86109371
6652,54.40809244,27.20404622
6653,48.46470276,24.23235138
6654,57.80480548,28.90240274
6655,58.10468278,29.05234139
6656,58.64151096,29.32075548
6657,48.57121954,24.28560977
6658,48.91426343,24.45713172
6659,47.84740414,23.92370207
6660,36.75189504,18.37594752
6661,40.22657969,20.11328985
6662,44.96283497,22.48141749
6663,31.11421709,15.55710855
6664,31.44295524,15.72147762
6665,16.82332473,8.411662365
6666,27.54050524,13.77025262
6667,7.842048269,3.921024135
6668,16.09408026,8.04704013
6669,21.58027376,10.79013688
6670,29.21637837,14.60818919
6671,36.18895765,18.09447883
6672,36.76250485,18.38125243
6673,37.11208396,18.55604198
6674,34.23060355,17.11530178
6675,45.69033609,22.84516805
6676,56.24798034,28.12399017
6677,59.4627738,29.7313869
6678,59.28514685,29.64257343
6679,58.63897802,29.31948901
6680,57.65317327,28.82658664
6681,57.09610472,28.54805236
6682,49.98154131,24.99077066
6683,44.93574082,22.46787041
6684,50.5574447,25.27872235
6685,38.45212328,19.22606164
6686,35.0087967,17.50439835
6687,33.82657848,16.91328924
6688,27.01530367,13.50765184
6689,22.0669891,11.03349455
6690,16.77431405,8.387157025
6691,30.22230827,15.11115414
6692,15.96147565,7.980737825
6693,23.39591112,11.69795556
6694,22.47266979,11.2363349
6695,35.09201635,17.54600818
6696,46.76182161,23.38091081
6697,40.83482439,20.4174122
6698,43.00087982,21.50043991
6699,52.98013801,26.49006901
6700,47.0940007,23.54700035
6701,58.21926685,29.10963343
6702,60.49246799,30.246234
6703,65.25226035,32.62613018
6704,59.33860306,29.66930153
6705,62.78527515,31.39263758
6706,66.13552636,33.06776318
6707,44.66257535,22.33128768
6708,64.48750958,32.24375479
6709,38.81169264,19.40584632
6710,28.05165727,14.02582864
6711,28.948448,14.474224
6712,36.46341744,18.23170872
6713,21.42626419,10.7131321
6714,28.11845878,14.05922939
6715,18.8984914,9.4492457
6716,16.70136769,8.350683845
6717,26.05477662,13.02738831
6718,23.44478282,11.72239141
6719,26.14629378,13.07314689
6720,38.27144201,19.13572101
6721,40.94932295,20.47466148
6722,38.54235689,19.27117845
6723,49.13036916,24.56518458
6724,50.78331266,25.39165633
6725,54.69424532,27.34712266
6726,58.23595482,29.11797741
6727,63.35647163,31.67823582
6728,60.37800133,30.18900067
6729,58.83518389,29.41759195
6730,59.28025518,29.64012759
6731,55.36632349,27.68316175
6732,42.19098645,21.09549323
6733,43.74503885,21.87251943
6734,32.88982666,16.44491333
6735,29.8036868,14.9018434
6736,27.33996538,13.66998269
6737,26.26560432,13.13280216
6738,5.770543773,2.885271887
6739,22.28570019,11.1428501
6740,24.67120062,12.33560031
6741,30.79664504,15.39832252
6742,12.80302423,6.401512115
6743,45.5653896,22.7826948
6744,32.25178847,16.12589424
6745,40.92286565,20.46143283
6746,48.2784909,24.13924545
6747,53.59619264,26.79809632
6748,59.29224484,29.64612242
6749,46.73885745,23.36942873
6750,62.24065922,31.12032961
6751,62.97618692,31.48809346
6752,58.88207404,29.44103702
6753,50.8971837,25.44859185
6754,67.53553907,33.76776954
6755,52.43500258,26.21750129
6756,40.66779979,20.3338999
6757,39.95488419,19.9774421
6758,29.55655444,14.77827722
6759,27.00881114,13.50440557
6760,19.40525281,9.702626405
6761,20.40855688,10.20427844
6762,19.28060557,9.640302785
6763,23.33381946,11.66690973
6764,20.11627425,10.05813713
6765,21.60493637,10.80246819
6766,24.13806949,12.06903475
6767,38.63076682,19.31538341
6768,37.27505996,18.63752998
6769,49.64727363,24.82363682
6770,44.17589969,22.08794985
6771,47.70858428,23.85429214
6772,51.62844649,25.81422325
6773,56.42490648,28.21245324
6774,62.38961864,31.19480932
6775,65.20213709,32.60106855
6776,62.27062034,31.13531017
6777,45.94431603,22.97215802
6778,49.59872225,24.79936113
6779,48.92733528,24.46366764
6780,39.389694,19.694847
6781,45.93144875,22.96572438
6782,31.7976457,15.89882285
6783,25.62128662,12.81064331
6784,33.09393045,16.54696523
6785,30.80636583,15.40318292
6786,23.44836312,11.72418156
6787,20.54590187,10.27295094
6788,22.31437876,11.15718938
6789,24.19762453,12.09881227
6790,22.61842214,11.30921107
6791,32.96758385,16.48379193
6792,39.59266182,19.79633091
6793,36.04829566,18.02414783
6794,46.16564489,23.08282245
6795,48.16270621,24.08135311
6796,54.0179501,27.00897505
6797,69.36537561,34.68268781
6798,61.08922476,30.54461238
6799,61.42782228,30.71391114
6800,59.60171386,29.80085693
6801,53.81963442,26.90981721
6802,50.1483302,25.0741651
6803,53.73864237,26.86932119
6804,50.00348357,25.00174179
6805,43.06164146,21.53082073
6806,36.31232082,18.15616041
6807,37.00626871,18.50313436
6808,26.52844724,13.26422362
6809,28.99890383,14.49945192
6810,17.67112699,8.835563495
6811,12.06958666,6.03479333
6812,16.24984019,8.124920095
6813,23.79450166,11.89725083
6814,26.54594775,13.27297388
6815,28.01232487,14.00616244
6816,31.47213552,15.73606776
6817,47.26465561,23.63232781
6818,44.64963989,22.32481995
6819,55.5461858,27.7730929
6820,57.00261256,28.50130628
6821,62.56840009,31.28420005
6822,64.26909039,32.1345452
6823,58.52383484,29.26191742
6824,67.13886475,33.56943238
6825,55.50675076,27.75337538
6826,51.08437315,25.54218658
6827,57.34990976,28.67495488
6828,55.56909476,27.78454738
6829,31.96421449,15.98210725
6830,36.33046684,18.16523342
6831,36.76123057,18.38061529
6832,28.4831348,14.2415674
6833,23.51111434,11.75555717
6834,18.48014295,9.240071475
6835,14.93948103,7.469740515
6836,22.15835885,11.07917943
6837,27.59017546,13.79508773
6838,23.98069734,11.99034867
6839,28.99751517,14.49875759
6840,34.5339365,17.26696825
6841,40.26437138,20.13218569
6842,49.62840642,24.81420321
6843,59.97332588,29.98666294
6844,47.10505301,23.55252651
6845,56.07811683,28.03905842
6846,57.21586177,28.60793089
6847,58.39194566,29.19597283
6848,55.54433114,27.77216557
6849,51.38386098,25.69193049
6850,57.6555289,28.82776445
6851,50.37292093,25.18646047
6852,55.91748356,27.95874178
6853,40.43189544,20.21594772
6854,32.60408608,16.30204304
6855,29.67103631,14.83551816
6856,22.91213857,11.45606929
6857,17.63339072,8.81669536
6858,20.22861483,10.11430742
6859,20.7185723,10.35928615
6860,22.93562792,11.46781396
6861,21.73471489,10.86735745
6862,29.22106246,14.61053123
6863,26.91996966,13.45998483
6864,26.9962689,13.49813445
6865,40.82478644,20.41239322
6866,49.40464124,24.70232062
6867,39.2548027,19.62740135
6868,53.42544426,26.71272213
6869,60.52391082,30.26195541
6870,68.25539529,34.12769765
6871,65.176087,32.5880435
6872,60.67038652,30.33519326
6873,55.70174138,27.85087069
6874,55.30241745,27.65120873
6875,52.96779055,26.48389528
6876,51.05727414,25.52863707
6877,40.82942489,20.41471245
6878,33.17405385,16.58702693
6879,30.77744906,15.38872453
6880,31.32717999,15.66359
6881,18.2528748,9.1264374
6882,25.48001948,12.74000974
6883,18.48752377,9.243761885
6884,18.5330387,9.26651935
6885,13.49006447,6.745032235
6886,28.49944078,14.24972039
6887,32.36958002,16.18479001
6888,33.56654883,16.78327442
6889,50.7654997,25.38274985
6890,62.63248284,31.31624142
6891,47.54402951,23.77201476
6892,63.71916627,31.85958314
6893,65.92888957,32.96444479
6894,56.01745182,28.00872591
6895,56.25242978,28.12621489
6896,54.04127175,27.02063588
6897,60.73077431,30.36538716
6898,51.85895068,25.92947534
6899,49.2628334,24.6314167
6900,51.50977089,25.75488545
6901,41.95664246,20.97832123
6902,39.54381471,19.77190736
6903,26.40970473,13.20485237
6904,30.84700845,15.42350423
6905,21.37412868,10.68706434
6906,26.89174953,13.44587477
6907,18.11325727,9.056628635
6908,22.11692048,11.05846024
6909,21.65787442,10.82893721
6910,25.03626359,12.5181318
6911,28.16449583,14.08224792
6912,32.7407348,16.3703674
6913,38.90145501,19.45072751
6914,46.90156094,23.45078047
6915,49.75452037,24.87726019
6916,61.07074688,30.53537344
6917,68.87474038,34.43737019
6918,56.77683001,28.38841501
6919,55.88359727,27.94179864
6920,54.39960228,27.19980114
6921,57.36848924,28.68424462
6922,51.97656321,25.98828161
6923,61.40156885,30.70078443
6924,46.01647034,23.00823517
6925,39.67004885,19.83502443
6926,38.68886471,19.34443236
6927,35.39582139,17.6979107
6928,30.00207216,15.00103608
6929,13.1748611,6.58743055
6930,16.49772791,8.248863955
6931,22.1261004,11.0630502
6932,23.35206667,11.67603334
6933,21.42119469,10.71059735
6934,32.74176214,16.37088107
6935,34.08515466,17.04257733
6936,39.8791743,19.93958715
6937,45.46725284,22.73362642
6938,48.27538957,24.13769479
6939,49.79074382,24.89537191
6940,60.02122069,30.01061035
6941,58.19357285,29.09678643
6942,62.72978874,31.36489437
6943,58.89740555,29.44870278
6944,69.06354566,34.53177283
6945,47.60213184,23.80106592
6946,56.22808765,28.11404383
6947,50.02843567,25.01421784
6948,45.96384346,22.98192173
6949,40.42018696,20.21009348
6950,33.6465429,16.82327145
6951,24.73955305,12.36977653
6952,29.59870609,14.79935305
6953,21.20723232,10.60361616
6954,18.3480076,9.1740038
6955,18.95815532,9.47907766
6956,13.60842882,6.80421441
6957,30.58812775,15.29406388
6958,31.72023237,15.86011619
6959,35.11534678,17.55767339
6960,40.33979312,20.16989656
6961,35.01639586,17.50819793
6962,47.59986471,23.79993236
6963,45.51152653,22.75576327
6964,57.71698493,28.85849247
6965,49.67923796,24.83961898
6966,48.10746985,24.05373493
6967,64.07421975,32.03710988
6968,54.91981265,27.45990633
6969,61.46004975,30.73002488
6970,55.15942579,27.5797129
6971,51.99419951,25.99709976
6972,49.0029777,24.50148885
6973,43.09293781,21.54646891
6974,41.46739144,20.73369572
6975,27.37133921,13.68566961
6976,33.82087072,16.91043536
6977,17.33458754,8.66729377
6978,22.39765256,11.19882628
6979,25.88971167,12.94485584
6980,24.89775554,12.44887777
6981,24.80667202,12.40333601
6982,25.1379823,12.56899115
6983,24.26345603,12.13172802
6984,32.13272086,16.06636043
6985,50.36874019,25.1843701
6986,46.22585701,23.11292851
6987,61.0846115,30.54230575
6988,58.96051506,29.48025753
6989,58.82123689,29.41061845
6990,53.72163787,26.86081894
6991,59.02915578,29.51457789
6992,51.19112372,25.59556186
6993,63.98633378,31.99316689
6994,47.01477142,23.50738571
6995,51.8043723,25.90218615
6996,46.4226904,23.2113452
6997,40.39552272,20.19776136
6998,46.03611743,23.01805872
6999,31.917895,15.9589475
7000,23.49435106,11.74717553
7001,24.23750735,12.11875368
7002,23.92002314,11.96001157
7003,15.5427256,7.7713628
7004,23.5702299,11.78511495
7005,20.82044037,10.41022019
7006,20.67743807,10.33871904
7007,35.14958215,17.57479108
7008,43.36627234,21.68313617
7009,42.05781178,21.02890589
7010,45.30864272,22.65432136
7011,47.11615565,23.55807783
7012,53.54349266,26.77174633
7013,60.34472605,30.17236303
7014,60.29852404,30.14926202
7015,63.44180548,31.72090274
7016,54.21321373,27.10660687
7017,55.21579785,27.60789893
7018,55.9732736,27.9866368
7019,50.87082918,25.43541459
7020,39.20730167,19.60365084
7021,41.26665373,20.63332687
7022,33.16984299,16.5849215
7023,32.78027494,16.39013747
7024,24.27162877,12.13581439
7025,17.62186701,8.810933505
7026,15.68160711,7.840803555
7027,17.94344168,8.97172084
7028,18.06644916,9.03322458
7029,18.79332207,9.396661035
7030,25.33821259,12.6691063
7031,31.31372812,15.65686406
7032,30.35644404,15.17822202
7033,38.66702928,19.33351464
7034,37.59167683,18.79583842
7035,47.41889821,23.70944911
7036,60.90785544,30.45392772
7037,52.86997654,26.43498827
7038,59.97640283,29.98820142
7039,52.70965644,26.35482822
7040,55.30211992,27.65105996
7041,64.38876738,32.19438369
7042,51.77672969,25.88836485
7043,45.71956018,22.85978009
7044,48.40720259,24.2036013
7045,32.13446864,16.06723432
7046,36.31342353,18.15671177
7047,28.78660375,14.39330188
7048,17.03133259,8.515666295
7049,28.81323256,14.40661628
7050,19.78147538,9.89073769
7051,9.371341466,4.685670733
7052,20.53465156,10.26732578
7053,13.90288488,6.95144244
7054,31.78745927,15.89372964
7055,32.85660849,16.42830425
7056,36.42387611,18.21193806
7057,39.67386537,19.83693269
7058,53.93575602,26.96787801
7059,53.70364111,26.85182056
7060,55.87441656,27.93720828
7061,53.16721833,26.58360917
7062,59.83999516,29.91999758
7063,67.25682199,33.628411
7064,50.92085634,25.46042817
7065,63.01268209,31.50634105
7066,52.08069888,26.04034944
7067,50.79984676,25.39992338
7068,43.83062588,21.91531294
7069,39.24291191,19.62145596
7070,36.5706144,18.2853072
7071,33.35617079,16.6780854
7072,21.10973749,10.55486875
7073,18.45633191,9.228165955
7074,17.17495255,8.587476275
7075,17.4491635,8.72458175
7076,14.2059096,7.1029548
7077,18.93421935,9.467109675
7078,24.29513356,12.14756678
7079,26.25365918,13.12682959
7080,39.78011143,19.89005572
7081,43.74683024,21.87341512
7082,45.38090493,22.69045247
7083,48.36092795,24.18046398
7084,55.89952906,27.94976453
7085,51.02700805,25.51350403
7086,54.85655344,27.42827672
7087,55.79354514,27.89677257
7088,63.45326037,31.72663019
7089,60.56408949,30.28204475
7090,56.13625141,28.06812571
7091,48.53900347,24.26950174
7092,47.1867255,23.59336275
7093,27.84301934,13.92150967
7094,33.18763965,16.59381983
7095,33.22431616,16.61215808
7096,22.96454452,11.48227226
7097,22.33001213,11.16500607
7098,21.48720813,10.74360407
7099,21.78797473,10.89398737
7100,21.00558943,10.50279472
7101,15.16119973,7.580599865
7102,24.45852225,12.22926113
7103,27.33758979,13.6687949
7104,42.72875322,21.36437661
7105,39.30213534,19.65106767
7106,44.4588499,22.22942495
7107,47.68052327,23.84026164
7108,60.87963815,30.43981908
7109,53.84868981,26.92434491
7110,52.54985635,26.27492818
7111,64.96101862,32.48050931
7112,53.64848595,26.82424298
7113,58.51519195,29.25759598
7114,51.83529998,25.91764999
7115,47.53816933,23.76908467
7116,49.27049353,24.63524677
7117,46.12024899,23.0601245
7118,41.3041651,20.65208255
7119,30.07855135,15.03927568
7120,26.86114958,13.43057479
7121,22.97003653,11.48501827
7122,30.29783371,15.14891686
7123,16.13106949,8.065534745
7124,19.3046681,9.65233405
7125,20.55498356,10.27749178
7126,22.66285301,11.33142651
7127,36.26790561,18.13395281
7128,33.00126647,16.50063324
7129,40.59018052,20.29509026
7130,43.2530964,21.6265482
7131,57.09095512,28.54547756
7132,51.16785998,25.58392999
7133,52.16724715,26.08362358
7134,58.1810928,29.0905464
7135,55.36481249,27.68240625
7136,58.13034155,29.06517078
7137,51.66559085,25.83279543
7138,52.58721289,26.29360645
7139,46.92340074,23.46170037
7140,47.28022864,23.64011432
7141,36.31274361,18.15637181
7142,33.78760112,16.89380056
7143,26.28716806,13.14358403
7144,20.8164305,10.40821525
7145,18.23360601,9.116803005
7146,30.85835235,15.42917618
7147,14.64664326,7.32332163
7148,27.05426694,13.52713347
7149,26.87567793,13.43783897
7150,25.33013937,12.66506969
7151,26.58294133,13.29147067
7152,37.44619555,18.72309778
7153,51.48614271,25.74307136
7154,36.51050034,18.25525017
7155,59.98709029,29.99354515
7156,54.02782953,27.01391477
7157,58.00630675,29.00315338
7158,65.08101063,32.54050532
7159,63.69949735,31.84974868
7160,70.61567773,35.30783887
7161,64.4875733,32.24378665
7162,65.88340252,32.94170126
7163,49.02070514,24.51035257
7164,44.21536058,22.10768029
7165,36.77676036,18.38838018
7166,48.15047689,24.07523845
7167,30.81695387,15.40847694
7168,31.27070058,15.63535029
7169,13.45732582,6.72866291
7170,19.53038417,9.765192085
7171,31.69029597,15.84514799
7172,15.49023583,7.745117915
7173,23.42935108,11.71467554
7174,22.85094741,11.42547371
7175,30.89482528,15.44741264
7176,33.49400191,16.74700096
7177,41.62157784,20.81078892
7178,43.96297369,21.98148685
7179,39.28511457,19.64255729
7180,51.82641286,25.91320643
7181,59.08187605,29.54093803
7182,60.63969303,30.31984652
7183,62.07905204,31.03952602
7184,60.63031945,30.31515973
7185,54.66366854,27.33183427
7186,55.22423271,27.61211636
7187,45.23467781,22.61733891
7188,46.3624476,23.1812238
7189,45.59944298,22.79972149
7190,34.5410498,17.2705249
7191,32.6119536,16.3059768
7192,22.80060758,11.40030379
7193,23.07226766,11.53613383
7194,27.44993176,13.72496588
7195,20.95953539,10.4797677
7196,14.16101067,7.080505335
7197,22.06598083,11.03299042
7198,27.16086224,13.58043112
7199,32.36916309,16.18458155
7200,43.53231383,21.76615692
7201,40.72852249,20.36426125
7202,37.20039566,18.60019783
7203,60.97356964,30.48678482
7204,56.01411361,28.00705681
7205,63.38581518,31.69290759
7206,60.41869434,30.20934717
7207,62.62997143,31.31498572
7208,49.95737313,24.97868657
7209,51.34396345,25.67198173
7210,50.66258124,25.33129062
7211,52.76978934,26.38489467
7212,36.49425123,18.24712562
7213,35.90184234,17.95092117
7214,30.65128968,15.32564484
7215,34.45075966,17.22537983
7216,32.22781789,16.11390895
7217,24.45155708,12.22577854
7218,30.24108412,15.12054206
7219,24.88745254,12.44372627
7220,23.87653839,11.9382692
7221,21.9864188,10.9932094
7222,26.46581386,13.23290693
7223,30.72756396,15.36378198
7224,29.30290611,14.65145306
7225,42.89003321,21.44501661
7226,49.78279116,24.89139558
7227,46.93572924,23.46786462
7228,59.88405272,29.94202636
7229,48.54646176,24.27323088
7230,63.78644803,31.89322402
7231,60.24606802,30.12303401
7232,60.60582035,30.30291018
7233,56.14043925,28.07021963
7234,48.02867721,24.01433861
7235,49.57622168,24.78811084
7236,39.99892742,19.99946371
7237,36.9415249,18.47076245
7238,43.97952454,21.98976227
7239,25.0948581,12.54742905
7240,27.84270868,13.92135434
7241,15.18096091,7.590480455
7242,19.27673458,9.63836729
7243,17.97574924,8.98787462
7244,20.64002563,10.32001282
7245,17.96695167,8.983475835
7246,25.46449932,12.73224966
7247,17.25698378,8.62849189
7248,31.06249732,15.53124866
7249,48.36539654,24.18269827
7250,53.930862,26.965431
7251,49.91449834,24.95724917
7252,50.78635702,25.39317851
7253,59.78935725,29.89467863
7254,59.44218298,29.72109149
7255,61.57579247,30.78789624
7256,55.9558883,27.97794415
7257,54.94259552,27.47129776
7258,48.66835309,24.33417655
7259,45.93481412,22.96740706
7260,46.11030804,23.05515402
7261,39.21635488,19.60817744
7262,27.23979206,13.61989603
7263,29.72239298,14.86119649
7264,20.22489053,10.11244527
7265,26.57864826,13.28932413
7266,22.65092016,11.32546008
7267,17.95166566,8.97583283
7268,19.56466142,9.78233071
7269,18.79651396,9.39825698
7270,23.27506112,11.63753056
7271,33.31321543,16.65660772
7272,36.03920233,18.01960117
7273,43.80981228,21.90490614
7274,48.27305518,24.13652759
7275,52.44999959,26.2249998
7276,49.84513006,24.92256503
7277,53.99921135,26.99960568
7278,62.13635474,31.06817737
7279,62.95830767,31.47915384
7280,61.10512158,30.55256079
7281,60.0130698,30.0065349
7282,56.78415589,28.39207795
7283,44.88872809,22.44436405
7284,51.40048682,25.70024341
7285,50.63192681,25.31596341
7286,41.15686394,20.57843197
7287,38.48971589,19.24485795
7288,36.35432627,18.17716314
7289,18.80517683,9.402588415
7290,27.36949992,13.68474996
7291,18.79137422,9.39568711
7292,18.69719009,9.348595045
7293,19.64711316,9.82355658
7294,32.80619416,16.40309708
7295,26.45030788,13.22515394
7296,34.18796657,17.09398329
7297,33.99478096,16.99739048
7298,42.20369832,21.10184916
7299,54.28529596,27.14264798
7300,61.25255577,30.62627789
7301,56.65244163,28.32622082
7302,59.70956369,29.85478185
7303,67.36692271,33.68346136
7304,62.0858175,31.04290875
7305,59.61727405,29.80863703
7306,56.09615701,28.04807851
7307,57.44553137,28.72276569
7308,44.06103847,22.03051924
7309,46.40894718,23.20447359
7310,40.60465372,20.30232686
7311,29.32067351,14.66033676
7312,32.89295446,16.44647723
7313,27.40019224,13.70009612
7314,17.00561788,8.50280894
7315,15.43769414,7.71884707
7316,25.11189781,12.55594891
7317,17.00194349,8.500971745
7318,25.02271115,12.51135558
7319,37.64900337,18.82450169
7320,39.25139823,19.62569912
7321,39.37867175,19.68933588
7322,50.13942203,25.06971102
7323,53.32997191,26.66498596
7324,66.4859649,33.24298245
7325,62.62381966,31.31190983
7326,62.20706183,31.10353092
7327,60.48834037,30.24417019
7328,62.70401958,31.35200979
7329,55.55770188,27.77885094
7330,46.45033805,23.22516903
7331,57.38514466,28.69257233
7332,39.54863029,19.77431515
7333,33.33275348,16.66637674
7334,31.6208723,15.81043615
7335,39.08313587,19.54156794
7336,18.62493889,9.312469445
7337,16.51354946,8.25677473
7338,26.109372,13.054686
7339,16.5568811,8.27844055
7340,22.44551736,11.22275868
7341,23.5802506,11.7901253
7342,28.60926085,14.30463043
7343,37.21586746,18.60793373
7344,42.43881151,21.21940576
7345,38.88396217,19.44198109
7346,42.84769279,21.4238464
7347,55.15472538,27.57736269
7348,62.26849562,31.13424781
7349,60.71324604,30.35662302
7350,63.1127335,31.55636675
7351,68.74535891,34.37267946
7352,60.80327729,30.40163865
7353,61.70808079,30.8540404
7354,59.38572672,29.69286336
7355,43.45671645,21.72835823
7356,48.14334396,24.07167198
7357,41.52090271,20.76045136
7358,40.94554009,20.47277005
7359,35.19968519,17.5998426
7360,18.93085112,9.46542556
7361,32.75172482,16.37586241
7362,17.80975719,8.904878595
7363,18.60939873,9.304699365
7364,22.58406271,11.29203136
7365,23.06721324,11.53360662
7366,24.88942719,12.4447136
7367,32.83687162,16.41843581
7368,27.28924415,13.64462208
7369,34.5940858,17.2970429
7370,40.58106436,20.29053218
7371,55.16247966,27.58123983
7372,58.53549381,29.26774691
7373,60.60110017,30.30055009
7374,51.33583682,25.66791841
7375,59.96331074,29.98165537
7376,67.08327116,33.54163558
7377,59.89561644,29.94780822
7378,57.73004413,28.86502207
7379,51.71698649,25.85849325
7380,47.33617837,23.66808919
7381,33.04063058,16.52031529
7382,39.14290467,19.57145234
7383,25.60581276,12.80290638
7384,21.49555122,10.74777561
7385,26.32542354,13.16271177
7386,24.33672381,12.16836191
7387,19.68442664,9.84221332
7388,20.93436934,10.46718467
7389,21.75980601,10.87990301
7390,34.42081435,17.21040718
7391,25.75978934,12.87989467
7392,37.17253992,18.58626996
7393,43.69681544,21.84840772
7394,39.03863892,19.51931946
7395,53.48216156,26.74108078
7396,64.35022185,32.17511093
7397,65.19607672,32.59803836
7398,67.45735254,33.72867627
7399,60.84400159,30.4220008
7400,61.11182915,30.55591458
7401,57.14943681,28.57471841
7402,55.18448681,27.59224341
7403,44.504495,22.2522475
7404,47.85768461,23.92884231
7405,45.37973352,22.68986676
7406,33.2552935,16.62764675
7407,29.32709995,14.66354998
7408,23.23498163,11.61749082
7409,19.68371961,9.841859805
7410,20.52014683,10.26007342
7411,22.41717159,11.2085858
7412,20.30849465,10.15424733
7413,20.27379938,10.13689969
7414,27.10142514,13.55071257
7415,34.77861579,17.3893079
7416,35.55344925,17.77672463
7417,43.38384871,21.69192436
7418,48.69843272,24.34921636
7419,52.66183019,26.3309151
7420,56.31851881,28.15925941
7421,64.27451401,32.13725701
7422,68.90399751,34.45199876
7423,62.45610963,31.22805482
7424,63.69561741,31.84780871
7425,49.10537237,24.55268619
7426,57.01379482,28.50689741
7427,53.3391268,26.6695634
7428,41.3830331,20.69151655
7429,38.36359326,19.18179663
7430,39.91542603,19.95771302
7431,36.73476857,18.36738429
7432,29.76137524,14.88068762
7433,25.69825619,12.8491281
7434,25.991965,12.9959825
7435,21.35710976,10.67855488
7436,20.11999133,10.05999567
7437,26.5192387,13.25961935
7438,31.16806429,15.58403215
7439,31.83473161,15.91736581
7440,32.48297962,16.24148981
7441,49.35011971,24.67505986
7442,46.64598962,23.32299481
7443,46.60832354,23.30416177
7444,50.0617466,25.0308733
7445,55.36112698,27.68056349
7446,65.17120045,32.58560023
7447,68.09471306,34.04735653
7448,57.11877734,28.55938867
7449,52.68134928,26.34067464
7450,59.67879459,29.8393973
7451,48.24697813,24.12348907
7452,48.99614049,24.49807025
7453,40.15386219,20.0769311
7454,35.11959125,17.55979563
7455,31.42297809,15.71148905
7456,17.45029769,8.725148845
7457,29.04766252,14.52383126
7458,29.2094377,14.60471885
7459,24.00865506,12.00432753
7460,25.42733052,12.71366526
7461,21.66271882,10.83135941
7462,26.67356582,13.33678291
7463,30.3960897,15.19804485
7464,34.6785865,17.33929325
7465,43.39981815,21.69990908
7466,48.16309526,24.08154763
7467,51.93738504,25.96869252
7468,56.58527489,28.29263745
7469,66.71563662,33.35781831
7470,68.5963078,34.2981539
7471,73.7386091,36.86930455
7472,59.72244178,29.86122089
7473,60.33100623,30.16550312
7474,57.02478084,28.51239042
7475,48.83943364,24.41971682
7476,49.98889518,24.99444759
7477,32.73358492,16.36679246
7478,46.11651661,23.05825831
7479,26.32654487,13.16327244
7480,22.87868937,11.43934469
7481,10.449299,5.2246495
7482,22.23278391,11.11639196
7483,32.38184245,16.19092123
7484,30.90978232,15.45489116
7485,23.20357288,11.60178644
7486,34.57411168,17.28705584
7487,32.61070566,16.30535283
7488,43.47986562,21.73993281
7489,43.48719213,21.74359607
7490,42.41931945,21.20965973
7491,48.57180198,24.28590099
7492,57.52727307,28.76363654
7493,64.16628828,32.08314414
7494,63.461843,31.7309215
7495,69.38375111,34.69187556
7496,55.23082765,27.61541383
7497,44.71545338,22.35772669
7498,58.39172769,29.19586385
7499,55.23994167,27.61997084
7500,39.30859942,19.65429971
7501,41.37663604,20.68831802
7502,38.97664163,19.48832082
7503,33.45886581,16.72943291
7504,30.91472626,15.45736313
7505,20.85073963,10.42536982
7506,21.39741128,10.69870564
7507,17.84384475,8.921922375
7508,26.07382654,13.03691327
7509,31.53823245,15.76911623
7510,28.23610334,14.11805167
7511,36.42175095,18.21087548
7512,40.72945115,20.36472558
7513,46.04511186,23.02255593
7514,48.54261313,24.27130657
7515,55.32662796,27.66331398
7516,61.34678856,30.67339428
7517,54.63509745,27.31754873
7518,58.36077002,29.18038501
7519,60.69580053,30.34790027
7520,57.68737647,28.84368824
7521,56.64379034,28.32189517
7522,55.5365239,27.76826195
7523,58.01753922,29.00876961
7524,63.30890183,31.65445092
7525,41.02221059,20.5111053
7526,38.24698133,19.12349067
7527,23.1304158,11.5652079
7528,25.55389425,12.77694713
7529,30.85144132,15.42572066
7530,15.62365338,7.81182669
7531,17.14993263,8.574966315
7532,17.82079957,8.910399785
7533,30.43191295,15.21595648
7534,28.47405026,14.23702513
7535,35.19244464,17.59622232
7536,41.17836886,20.58918443
7537,37.05639416,18.52819708
7538,50.37367574,25.18683787
7539,52.35732619,26.1786631
7540,61.19289396,30.59644698
7541,56.88357535,28.44178768
7542,54.33079127,27.16539564
7543,53.43765485,26.71882743
7544,56.92778154,28.46389077
7545,64.23670758,32.11835379
7546,63.03000666,31.51500333
7547,57.49737622,28.74868811
7548,54.05931772,27.02965886
7549,41.7021667,20.85108335
7550,49.8219045,24.91095225
7551,34.01139174,17.00569587
7552,24.97446876,12.48723438
7553,26.25750106,13.12875053
7554,22.75464521,11.37732261
7555,23.05618153,11.52809077
7556,27.85273856,13.92636928
7557,21.48710866,10.74355433
7558,23.40756927,11.70378464
7559,35.77628678,17.88814339
7560,38.39417998,19.19708999
7561,34.5333412,17.2666706
7562,61.49751476,30.74875738
7563,51.4997675,25.74988375
7564,46.95497626,23.47748813
7565,51.59013337,25.79506669
7566,64.02460311,32.01230156
7567,57.11828242,28.55914121
7568,59.4344458,29.7172229
7569,52.73729474,26.36864737
7570,54.21689187,27.10844594
7571,57.81479597,28.90739799
7572,44.69761433,22.34880717
7573,41.77483915,20.88741958
7574,37.08997805,18.54498903
7575,22.07755835,11.03877918
7576,24.51140519,12.2557026
7577,21.32454646,10.66227323
7578,25.83749122,12.91874561
7579,22.66303392,11.33151696
7580,22.00937079,11.0046854
7581,25.57379995,12.78689998
7582,16.579484,8.289742
7583,25.55163525,12.77581763
7584,29.80938209,14.90469105
7585,44.69214562,22.34607281
7586,49.89264697,24.94632349
7587,51.6542935,25.82714675
7588,48.5537341,24.27686705
7589,59.87870885,29.93935443
7590,63.38592464,31.69296232
7591,63.52138582,31.76069291
7592,63.73095347,31.86547674
7593,52.50362069,26.25181035
7594,53.99078267,26.99539134
7595,60.64353717,30.32176859
7596,50.76752069,25.38376035
7597,39.48016288,19.74008144
7598,49.806034,24.903017
7599,30.1876231,15.09381155
7600,25.68185614,12.84092807
7601,27.25852515,13.62926258
7602,30.16352319,15.0817616
7603,28.0611562,14.0305781
7604,32.02301937,16.01150969
7605,23.13335151,11.56667576
7606,37.1690341,18.58451705
7607,22.4274116,11.2137058
7608,33.31878762,16.65939381
7609,40.73973069,20.36986535
7610,49.25250214,24.62625107
7611,56.13978727,28.06989364
7612,54.43213658,27.21606829
7613,50.14213493,25.07106747
7614,65.96527698,32.98263849
7615,56.86729898,28.43364949
7616,65.62523146,32.81261573
7617,61.2404093,30.62020465
7618,66.08725259,33.0436263
7619,48.02917299,24.0145865
7620,51.14248501,25.57124251
7621,42.17167038,21.08583519
7622,41.01765995,20.50882998
7623,36.42301641,18.21150821
7624,27.42762265,13.71381133
7625,24.75653061,12.37826531
7626,29.97006883,14.98503442
7627,22.99493944,11.49746972
7628,25.41780251,12.70890126
7629,14.15947994,7.07973997
7630,30.79268045,15.39634023
7631,35.85799382,17.92899691
7632,35.99320367,17.99660184
7633,41.41019945,20.70509973
7634,46.63308436,23.31654218
7635,54.87020986,27.43510493
7636,56.16813603,28.08406802
7637,56.22800998,28.11400499
7638,53.48716009,26.74358005
7639,59.70889546,29.85444773
7640,55.86691843,27.93345922
7641,64.78995397,32.39497699
7642,60.22742732,30.11371366
7643,48.69667668,24.34833834
7644,47.85012255,23.92506128
7645,38.02308315,19.01154158
7646,38.69389966,19.34694983
7647,22.30747206,11.15373603
7648,26.73503502,13.36751751
7649,22.64031243,11.32015622
7650,25.98350916,12.99175458
7651,21.73022925,10.86511463
7652,26.06611365,13.03305683
7653,25.5949213,12.79746065
7654,28.00198185,14.00099093
7655,36.93718755,18.46859378
7656,42.40759991,21.20379996
7657,40.36157709,20.18078855
7658,49.58513858,24.79256929
7659,46.98369344,23.49184672
7660,56.57180937,28.28590469
7661,54.52123105,27.26061553
7662,57.9511191,28.97555955
7663,71.0546707,35.52733535
7664,62.31362198,31.15681099
7665,57.22640047,28.61320024
7666,52.90601069,26.45300535
7667,46.77573011,23.38786506
7668,46.04039495,23.02019748
7669,44.78059376,22.39029688
7670,32.55599419,16.2779971
7671,28.44314266,14.22157133
7672,21.95280909,10.97640455
7673,26.94880939,13.4744047
7674,24.04059974,12.02029987
7675,23.00150364,11.50075182
7676,29.65101559,14.8255078
7677,25.0234278,12.5117139
7678,16.7467444,8.3733722
7679,26.57005708,13.28502854
7680,37.12925326,18.56462663
7681,45.69706649,22.84853325
7682,52.5991706,26.2995853
7683,55.85247574,27.92623787
7684,54.52422838,27.26211419
7685,56.72728104,28.36364052
7686,60.80071225,30.40035613
7687,57.73662032,28.86831016
7688,58.80071001,29.40035501
7689,54.77793153,27.38896577
7690,61.1108066,30.5554033
7691,50.60302435,25.30151218
7692,35.77820788,17.88910394
7693,46.38706366,23.19353183
7694,33.97814178,16.98907089
7695,27.39388421,13.69694211
7696,28.85669703,14.42834852
7697,24.82787216,12.41393608
7698,21.13650218,10.56825109
7699,15.99917922,7.99958961
7700,29.66247978,14.83123989
7701,24.13380747,12.06690374
7702,33.72757106,16.86378553
7703,19.11408529,9.557042645
7704,39.30478747,19.65239374
7705,48.99801834,24.49900917
7706,44.09068895,22.04534448
7707,51.61933443,25.80966722
7708,54.1614308,27.0807154
7709,59.25564219,29.6278211
7710,67.26537613,33.63268807
7711,58.9096459,29.45482295
7712,59.3887281,29.69436405
7713,60.8715538,30.4357769
7714,53.62089578,26.81044789
7715,61.11832591,30.55916296
7716,56.41758387,28.20879194
7717,43.10015607,21.55007804
7718,38.93387935,19.46693968
7719,36.59025705,18.29512853
7720,31.83051181,15.91525591
7721,29.36076454,14.68038227
7722,16.49148494,8.24574247
7723,31.17849174,15.58924587
7724,22.89656212,11.44828106
7725,27.62694329,13.81347165
7726,28.1581382,14.0790691
7727,34.44779172,17.22389586
7728,35.10032302,17.55016151
7729,36.98904906,18.49452453
7730,48.01204477,24.00602239
7731,60.16493507,30.08246754
7732,56.16120237,28.08060119
7733,65.06797138,32.53398569
7734,57.00411868,28.50205934
7735,62.61611233,31.30805617
7736,64.32749144,32.16374572
7737,61.77496765,30.88748383
7738,56.57233327,28.28616664
7739,49.91077776,24.95538888
7740,55.85750837,27.92875419
7741,46.88070972,23.44035486
7742,38.65317526,19.32658763
7743,30.60341356,15.30170678
7744,30.70269008,15.35134504
7745,26.94920979,13.4746049
7746,21.32590481,10.66295241
7747,24.35279329,12.17639665
7748,23.85613241,11.92806621
7749,29.70110361,14.85055181
7750,27.74395774,13.87197887
7751,43.68110319,21.8405516
7752,32.27979044,16.13989522
7753,46.43920502,23.21960251
7754,49.80767744,24.90383872
7755,56.54898831,28.27449416
7756,57.17143456,28.58571728
7757,63.56665371,31.78332686
7758,57.46723193,28.73361597
7759,63.03434509,31.51717255
7760,62.54342241,31.27171121
7761,61.58692423,30.79346212
7762,54.40761429,27.20380715
7763,46.60450335,23.30225168
7764,51.85310038,25.92655019
7765,41.90617362,20.95308681
7766,35.47357151,17.73678576
7767,28.84169409,14.42084705
7768,28.49538838,14.24769419
7769,22.56653299,11.2832665
7770,22.38057028,11.19028514
7771,21.05069791,10.52534896
7772,20.66392564,10.33196282
7773,32.88794148,16.44397074
7774,33.48607003,16.74303502
7775,42.4113171,21.20565855
7776,29.32423457,14.66211729
7777,44.89947418,22.44973709
7778,44.7377151,22.36885755
7779,54.73128478,27.36564239
7780,64.4867109,32.24335545
7781,61.84306249,30.92153125
7782,62.76179617,31.38089809
7783,63.27734043,31.63867022
7784,60.59951567,30.29975784
7785,61.65847233,30.82923617
7786,61.27909562,30.63954781
7787,60.9468088,30.4734044
7788,52.44328505,26.22164253
7789,48.07013664,24.03506832
7790,38.59798453,19.29899227
7791,30.30539161,15.15269581
7792,24.27577858,12.13788929
7793,25.51570731,12.75785366
7794,17.49126044,8.74563022
7795,22.21194122,11.10597061
7796,27.28094623,13.64047312
7797,36.8933375,18.44666875
7798,25.26935284,12.63467642
7799,33.25443038,16.62721519
7800,37.16645708,18.58322854
7801,51.38892378,25.69446189
7802,49.22442273,24.61221137
7803,56.42804788,28.21402394
7804,56.09701065,28.04850533
7805,62.953886,31.476943
7806,63.92563831,31.96281916
7807,62.03518659,31.0175933
7808,67.26067274,33.63033637
7809,63.91994155,31.95997078
7810,59.58878082,29.79439041
7811,59.17042776,29.58521388
7812,40.17664595,20.08832298
7813,41.08080793,20.54040397
7814,40.63400643,20.31700322
7815,39.00792455,19.50396228
7816,30.69726802,15.34863401
7817,36.40745578,18.20372789
7818,27.92401048,13.96200524
7819,22.24072789,11.12036395
7820,28.06778982,14.03389491
7821,32.94714241,16.47357121
7822,30.61229794,15.30614897
7823,30.38035256,15.19017628
7824,43.24999399,21.624997
7825,39.82851063,19.91425532
7826,37.16783025,18.58391513
7827,53.82029845,26.91014923
7828,56.32591855,28.16295928
7829,58.5022554,29.2511277
7830,71.49069465,35.74534733
7831,60.36178992,30.18089496
7832,69.64229708,34.82114854
7833,60.17675185,30.08837593
7834,50.62600998,25.31300499
7835,48.29943963,24.14971982
7836,39.69825807,19.84912904
7837,38.45479916,19.22739958
7838,33.54155624,16.77077812
7839,34.99692847,17.49846424
7840,33.88997803,16.94498902
7841,24.55681964,12.27840982
7842,28.59748769,14.29874385
7843,23.00621416,11.50310708
7844,29.78517898,14.89258949
7845,24.4731482,12.2365741
7846,27.55451144,13.77725572
7847,31.12394534,15.56197267
7848,35.87665919,17.9383296
7849,45.94566342,22.97283171
7850,41.79844602,20.89922301
7851,53.35626826,26.67813413
7852,58.8660402,29.4330201
7853,55.91915186,27.95957593
7854,64.50638385,32.25319193
7855,63.32233328,31.66116664
7856,66.96503804,33.48251902
7857,59.59205848,29.79602924
7858,70.87871444,35.43935722
7859,65.2695749,32.63478745
7860,53.86013207,26.93006604
7861,47.56465513,23.78232757
7862,36.86645157,18.43322579
7863,26.07121981,13.03560991
7864,24.06545989,12.03272995
7865,23.57374723,11.78687362
7866,21.35560248,10.67780124
7867,20.72844736,10.36422368
7868,32.11992281,16.05996141
7869,23.96047026,11.98023513
7870,32.3711189,16.18555945
7871,41.28252938,20.64126469
7872,46.07548274,23.03774137
7873,49.07914511,24.53957256
7874,47.71824795,23.85912398
7875,48.37119103,24.18559552
7876,60.29681463,30.14840732
7877,54.89007266,27.44503633
7878,67.15805978,33.57902989
7879,57.97088166,28.98544083
7880,60.37093889,30.18546945
7881,59.82467788,29.91233894
7882,67.99567524,33.99783762
7883,55.9109927,27.95549635
7884,49.69145005,24.84572503
7885,39.43107549,19.71553775
7886,41.24938773,20.62469387
7887,41.79438739,20.8971937
7888,32.86378383,16.43189192
7889,24.57619072,12.28809536
7890,18.01621365,9.008106825
7891,28.06839963,14.03419982
7892,30.95955895,15.47977948
7893,26.51473016,13.25736508
7894,29.52343352,14.76171676
7895,35.91679384,17.95839692
7896,36.39061092,18.19530546
7897,50.37287022,25.18643511
7898,51.92614991,25.96307496
7899,42.31789855,21.15894928
7900,56.67271243,28.33635622
7901,62.53272871,31.26636436
7902,55.07061286,27.53530643
7903,69.23855432,34.61927716
7904,55.15776608,27.57888304
7905,63.25719846,31.62859923
7906,60.05485326,30.02742663
7907,40.21765147,20.10882574
7908,50.60308704,25.30154352
7909,44.12687174,22.06343587
7910,42.42914087,21.21457044
7911,26.82637309,13.41318655
7912,36.11877393,18.05938697
7913,22.67727962,11.33863981
7914,22.93401174,11.46700587
7915,29.26982087,14.63491044
7916,22.03670694,11.01835347
7917,24.7289122,12.3644561
7918,30.90021956,15.45010978
7919,33.58207079,16.7910354
7920,34.48876475,17.24438238
7921,42.27657589,21.13828795
7922,47.6116007,23.80580035
7923,57.2196673,28.60983365
7924,57.19987907,28.59993954
7925,64.92268874,32.46134437
7926,65.02059234,32.51029617
7927,70.59899931,35.29949966
7928,59.0642627,29.53213135
7929,67.27724142,33.63862071
7930,54.4211576,27.2105788
7931,54.01066808,27.00533404
7932,59.77704204,29.88852102
7933,39.75108636,19.87554318
7934,42.57250173,21.28625087
7935,38.02565432,19.01282716
7936,29.4481571,14.72407855
7937,19.58272692,9.79136346
7938,19.5555217,9.77776085
7939,28.00627845,14.00313923
7940,21.6360107,10.81800535
7941,23.44907702,11.72453851
7942,25.68084711,12.84042356
7943,31.4639399,15.73196995
7944,35.50243701,17.75121851
7945,49.32880497,24.66440249
7946,44.90123235,22.45061618
7947,46.63970468,23.31985234
7948,59.28383854,29.64191927
7949,56.36678649,28.18339325
7950,68.22477636,34.11238818
7951,61.4595321,30.72976605
7952,62.69441741,31.34720871
7953,64.60860323,32.30430162
7954,54.72430966,27.36215483
7955,58.34764499,29.1738225
7956,48.7811836,24.3905918
7957,53.11801173,26.55900587
7958,42.36989557,21.18494779
7959,43.15159873,21.57579937
7960,37.29195961,18.64597981
7961,23.45396813,11.72698407
7962,27.72197696,13.86098848
7963,13.91701899,6.958509495
7964,26.87124177,13.43562089
7965,20.71633713,10.35816857
7966,42.21668326,21.10834163
7967,26.42331475,13.21165738
7968,43.88563912,21.94281956
7969,40.03906015,20.01953008
7970,51.67493587,25.83746794
7971,51.08271738,25.54135869
7972,65.0927126,32.5463563
7973,71.53042648,35.76521324
7974,65.20689954,32.60344977
7975,59.65346088,29.82673044
7976,65.02894953,32.51447477
7977,66.18223994,33.09111997
7978,62.26755855,31.13377928
7979,57.37883412,28.68941706
7980,44.88994361,22.44497181
7981,50.02125346,25.01062673
7982,42.25941187,21.12970594
7983,38.43919605,19.21959803
7984,21.2215262,10.6107631
7985,18.82901274,9.41450637
7986,27.7963856,13.8981928
7987,33.19461677,16.59730839
7988,25.99551281,12.99775641
7989,16.59390046,8.29695023
7990,39.74806408,19.87403204
7991,34.99829749,17.49914875
7992,35.8937469,17.94687345
7993,44.93084511,22.46542256
7994,49.23021189,24.61510595
7995,58.80234108,29.40117054
7996,54.81609993,27.40804997
7997,60.33369271,30.16684636
7998,65.24186276,32.62093138
7999,72.40721792,36.20360896
8000,54.77604122,27.38802061
8001,64.86421524,32.43210762
8002,62.44396794,31.22198397
8003,53.88323815,26.94161908
8004,53.37042621,26.68521311
8005,43.99198562,21.99599281
8006,39.91176893,19.95588447
8007,34.74564575,17.37282288
8008,24.8456618,12.4228309
8009,25.67615216,12.83807608
8010,28.32157811,14.16078906
8011,26.46144701,13.23072351
8012,27.4049608,13.7024804
8013,30.37234792,15.18617396
8014,38.25019532,19.12509766
8015,48.62381229,24.31190615
8016,45.83089887,22.91544944
8017,46.21806338,23.10903169
8018,54.26341093,27.13170547
8019,58.74360476,29.37180238
8020,60.80129637,30.40064819
8021,56.07820271,28.03910136
8022,67.15449345,33.57724673
8023,76.05777088,38.02888544
8024,62.39769848,31.19884924
8025,55.14974109,27.57487055
8026,61.62376577,30.81188289
8027,48.48151568,24.24075784
8028,49.3246916,24.6623458
8029,38.78586201,19.39293101
8030,44.68099355,22.34049678
8031,35.01886299,17.5094315
8032,26.77418643,13.38709322
8033,32.27641579,16.1382079
8034,28.10153498,14.05076749
8035,23.41204821,11.70602411
8036,23.66539527,11.83269764
8037,21.48493839,10.7424692
8038,35.40322929,17.70161465
8039,33.4661949,16.73309745
8040,40.55913397,20.27956699
8041,46.63928266,23.31964133
8042,47.7846287,23.89231435
8043,51.21957328,25.60978664
8044,59.01981017,29.50990509
8045,68.94167648,34.47083824
8046,57.95329756,28.97664878
8047,67.83776376,33.91888188
8048,75.74406103,37.87203052
8049,69.0619751,34.53098755
8050,67.26875846,33.63437923
8051,54.81178783,27.40589392
8052,46.34064299,23.1703215
8053,46.15622953,23.07811477
8054,40.16366939,20.0818347
8055,35.41757867,17.70878934
8056,31.85489614,15.92744807
8057,30.406721,15.2033605
8058,25.61181399,12.805907
8059,25.26773406,12.63386703
8060,41.75048292,20.87524146
8061,26.78285719,13.3914286
8062,37.60533348,18.80266674
8063,41.79509963,20.89754982
8064,40.2759966,20.1379983
8065,57.89212518,28.94606259
8066,50.70986021,25.35493011
8067,51.74229384,25.87114692
8068,60.09509899,30.0475495
8069,67.97986874,33.98993437
8070,60.27637492,30.13818746
8071,65.41730578,32.70865289
8072,64.11776858,32.05888429
8073,70.23999377,35.11999689
8074,57.20610449,28.60305225
8075,53.90088608,26.95044304
8076,52.70791341,26.35395671
8077,42.32113259,21.1605663
8078,39.84310341,19.92155171
8079,34.7626553,17.38132765
8080,38.61567362,19.30783681
8081,30.4532524,15.2266262
8082,28.99914124,14.49957062
8083,22.37047001,11.18523501
8084,26.31354548,13.15677274
8085,24.6072964,12.3036482
8086,27.24069135,13.62034568
8087,37.41207191,18.70603596
8088,40.77531271,20.38765636
8089,48.93367109,24.46683555
8090,49.02662988,24.51331494
8091,58.04662127,29.02331064
8092,52.81614563,26.40807282
8093,69.30706732,34.65353366
8094,68.30055564,34.15027782
8095,58.89011069,29.44505535
8096,63.39189211,31.69594606
8097,61.23007462,30.61503731
8098,52.87386124,26.43693062
8099,51.73474322,25.86737161
8100,48.53928696,24.26964348
8101,39.38202929,19.69101465
8102,40.8476919,20.42384595
8103,30.44227149,15.22113575
8104,38.53199317,19.26599659
8105,24.26931489,12.13465745
8106,14.70494526,7.35247263
8107,16.32465485,8.162327425
8108,17.88578702,8.94289351
8109,19.07698482,9.53849241
8110,23.08737093,11.54368547
8111,34.1724207,17.08621035
8112,42.15302297,21.07651149
8113,41.01717,20.508585
8114,47.35285221,23.67642611
8115,59.52152598,29.76076299
8116,58.13648601,29.06824301
8117,71.68061606,35.84030803
8118,76.99673438,38.49836719
8119,73.02163975,36.51081988
8120,59.35242294,29.67621147
8121,62.15640945,31.07820473
8122,58.28282306,29.14141153
8123,56.07826904,28.03913452
8124,50.46649223,25.23324612
8125,51.18430819,25.5921541
8126,43.21373245,21.60686623
8127,33.94348353,16.97174177
8128,19.99802695,9.999013475
8129,30.74210313,15.37105157
8130,27.48347035,13.74173518
8131,21.73128,10.86564
8132,28.30540895,14.15270448
8133,18.98411785,9.492058925
8134,28.21750029,14.10875015
8135,26.31027331,13.15513666
8136,40.96663353,20.48331677
8137,48.5857255,24.29286275
8138,46.29097359,23.1454868
8139,56.87660492,28.43830246
8140,68.38324894,34.19162447
8141,53.66114106,26.83057053
8142,69.6721708,34.8360854
8143,66.83165715,33.41582858
8144,60.84071997,30.42035999
8145,68.02188467,34.01094234
8146,58.77620471,29.38810236
8147,56.74603452,28.37301726
8148,49.74148799,24.870744
8149,39.02438435,19.51219218
8150,35.94867661,17.97433831
8151,27.09636699,13.5481835
8152,21.12078985,10.56039493
8153,25.42423636,12.71211818
8154,26.55632175,13.27816088
8155,22.6687639,11.33438195
8156,27.41851953,13.70925977
8157,22.34879268,11.17439634
8158,35.41825639,17.7091282
8159,27.87833155,13.93916578
8160,38.83601815,19.41800908
8161,40.17304965,20.08652483
8162,51.16896994,25.58448497
8163,60.45818313,30.22909157
8164,61.60645949,30.80322975
8165,56.38719137,28.19359569
8166,63.9172588,31.9586294
8167,64.43991375,32.21995688
8168,67.03983893,33.51991947
8169,60.4517235,30.22586175
8170,53.73696487,26.86848244
8171,56.07850911,28.03925456
8172,46.8066196,23.4033098
8173,47.7731065,23.88655325
8174,41.94886082,20.97443041
8175,21.83915122,10.91957561
8176,35.46765848,17.73382924
8177,25.12598709,12.56299355
8178,30.57410519,15.2870526
8179,27.92118812,13.96059406
8180,27.38181183,13.69090592
8181,23.81322965,11.90661483
8182,28.47794486,14.23897243
8183,25.62198782,12.81099391
8184,38.63596212,19.31798106
8185,45.08767117,22.54383559
8186,48.63401609,24.31700805
8187,62.97624302,31.48812151
8188,63.38676485,31.69338243
8189,59.94502062,29.97251031
8190,70.93301632,35.46650816
8191,68.40384636,34.20192318
8192,67.24283094,33.62141547
8193,59.65011274,29.82505637
8194,63.56857847,31.78428924
8195,61.65093713,30.82546857
8196,48.86615064,24.43307532
8197,42.93679179,21.4683959
8198,39.24405324,19.62202662
8199,44.81640372,22.40820186
8200,32.81799116,16.40899558
8201,34.48953036,17.24476518
8202,32.48976065,16.24488033
8203,27.66102284,13.83051142
8204,31.45366555,15.72683278
8205,25.24245609,12.62122805
8206,32.77644946,16.38822473
8207,37.38702871,18.69351436
8208,41.37097378,20.68548689
8209,43.06976969,21.53488485
8210,56.44515221,28.22257611
8211,53.64912809,26.82456405
8212,61.37132172,30.68566086
8213,60.85036928,30.42518464
8214,62.14221891,31.07110946
8215,72.73053661,36.36526831
8216,61.36533288,30.68266644
8217,66.54855004,33.27427502
8218,63.99452758,31.99726379
8219,61.67664461,30.83832231
8220,54.05400099,27.0270005
8221,49.23048264,24.61524132
8222,36.93852702,18.46926351
8223,37.17420352,18.58710176
8224,38.11827962,19.05913981
8225,38.23041374,19.11520687
8226,26.66042081,13.33021041
8227,17.4921413,8.74607065
8228,30.42944678,15.21472339
8229,30.89594051,15.44797026
8230,29.51555841,14.75777921
8231,28.75524162,14.37762081
8232,47.81614263,23.90807132
8233,45.33713798,22.66856899
8234,52.96245418,26.48122709
8235,53.7112555,26.85562775
8236,59.02731837,29.51365919
8237,66.66869694,33.33434847
8238,74.06001753,37.03000877
8239,65.92980291,32.96490146
8240,70.74462887,35.37231444
8241,65.0958787,32.54793935
8242,60.96342701,30.48171351
8243,52.85684922,26.42842461
8244,48.13856426,24.06928213
8245,50.00324121,25.00162061
8246,37.19318029,18.59659015
8247,30.62766816,15.31383408
8248,37.57634401,18.78817201
8249,16.03915667,8.019578335
8250,28.79788154,14.39894077
8251,27.99258228,13.99629114
8252,34.54184526,17.27092263
8253,25.03626367,12.51813184
8254,37.0841986,18.5420993
8255,31.11024149,15.55512075
8256,37.47566242,18.73783121
8257,42.58037014,21.29018507
8258,53.50085527,26.75042764
8259,58.72908333,29.36454167
8260,54.24782984,27.12391492
8261,63.36464584,31.68232292
8262,69.40681285,34.70340643
8263,67.81889646,33.90944823
8264,68.10236169,34.05118085
8265,54.14953424,27.07476712
8266,57.70462874,28.85231437
8267,62.82141485,31.41070743
8268,47.34015961,23.67007981
8269,53.83482431,26.91741216
8270,45.90052547,22.95026274
8271,26.87351098,13.43675549
8272,35.52234528,17.76117264
8273,34.50341111,17.25170556
8274,21.54377152,10.77188576
8275,25.16640136,12.58320068
8276,26.53078974,13.26539487
8277,35.49555965,17.74777983
8278,37.66780708,18.83390354
8279,33.44651512,16.72325756
8280,35.90548339,17.9527417
8281,51.0333043,25.51665215
8282,58.22524472,29.11262236
8283,63.34242447,31.67121224
8284,57.65860429,28.82930215
8285,68.34687142,34.17343571
8286,63.35352837,31.67676419
8287,70.02250506,35.01125253
8288,65.93552593,32.96776297
8289,63.9659436,31.9829718
8290,63.36510029,31.68255015
8291,57.49980082,28.74990041
8292,53.65314601,26.82657301
8293,45.47430261,22.73715131
8294,31.80791732,15.90395866
8295,36.85799349,18.42899675
8296,33.36665613,16.68332807
8297,35.14893296,17.57446648
8298,26.70938643,13.35469322
8299,29.77320689,14.88660345
8300,30.9741289,15.48706445
8301,39.33237877,19.66618939
8302,28.36793563,14.18396782
8303,37.95369915,18.97684958
8304,35.21864697,17.60932349
8305,40.63561433,20.31780717
8306,54.27312035,27.13656018
8307,56.36575535,28.18287768
8308,64.76288656,32.38144328
8309,67.2002444,33.6001222
8310,71.71618503,35.85809252
8311,59.52136691,29.76068346
8312,77.78857747,38.89428874
8313,51.40133584,25.70066792
8314,61.77244161,30.88622081
8315,55.01098435,27.50549218
8316,59.12018681,29.56009341
8317,48.45276088,24.22638044
8318,41.3382429,20.66912145
8319,43.15369249,21.57684625
8320,36.33760243,18.16880122
8321,30.63642923,15.31821462
8322,26.82898382,13.41449191
8323,21.49473342,10.74736671
8324,25.94800902,12.97400451
8325,36.52203982,18.26101991
8326,33.29596169,16.64798085
8327,31.71311195,15.85655598
8328,43.4062174,21.7031087
8329,52.99403523,26.49701762
8330,52.99715202,26.49857601
8331,55.61151357,27.80575679
8332,61.20040455,30.60020228
8333,52.97846465,26.48923233
8334,59.32102188,29.66051094
8335,72.75285849,36.37642925
8336,64.47171576,32.23585788
8337,67.10563348,33.55281674
8338,66.43845947,33.21922974
8339,52.40851803,26.20425902
8340,49.46069866,24.73034933
8341,52.55111039,26.2755552
8342,42.28555893,21.14277947
8343,37.86291363,18.93145682
8344,29.30532746,14.65266373
8345,25.77479182,12.88739591
8346,22.369897,11.1849485
8347,25.05085902,12.52542951
8348,19.93421412,9.96710706
8349,34.40179506,17.20089753
8350,28.71448348,14.35724174
8351,40.58858439,20.2942922
8352,39.95915569,19.97957785
8353,42.17087764,21.08543882
8354,55.49773028,27.74886514
8355,62.97948517,31.48974259
8356,61.21615012,30.60807506
8357,67.29805619,33.6490281
8358,67.83203047,33.91601524
8359,70.51064905,35.25532453
8360,69.13181082,34.56590541
8361,64.60104179,32.3005209
8362,58.38120299,29.1906015
8363,55.34277992,27.67138996
8364,51.5779288,25.7889644
8365,50.42522552,25.21261276
8366,38.13236976,19.06618488
8367,36.02547262,18.01273631
8368,33.71127613,16.85563807
8369,30.83914031,15.41957016
8370,27.18640329,13.59320165
8371,16.76274408,8.38137204
8372,32.13647681,16.06823841
8373,27.58225211,13.79112606
8374,39.79476506,19.89738253
8375,38.51340589,19.25670295
8376,31.68996034,15.84498017
8377,46.19393719,23.0969686
8378,57.34085824,28.67042912
8379,57.64973315,28.82486658
8380,61.53660396,30.76830198
8381,69.40902186,34.70451093
8382,69.22064509,34.61032255
8383,69.37362626,34.68681313
8384,75.9880649,37.99403245
8385,59.72817683,29.86408842
8386,59.15108967,29.57554484
8387,49.66136641,24.83068321
8388,58.99564113,29.49782057
8389,43.44656066,21.72328033
8390,42.52594286,21.26297143
8391,35.31371495,17.65685748
8392,35.04092709,17.52046355
8393,28.05686246,14.02843123
8394,41.87595921,20.93797961
8395,25.78252249,12.89126125
8396,24.36063536,12.18031768
8397,31.5659376,15.7829688
8398,36.94396413,18.47198207
8399,38.10553841,19.05276921
8400,37.43626717,18.71813359
8401,49.70650153,24.85325077
8402,47.99576575,23.99788288
8403,56.01845632,28.00922816
8404,58.5268217,29.26341085
8405,70.59308699,35.2965435
8406,69.41004278,34.70502139
8407,64.43769469,32.21884735
8408,65.77204837,32.88602419
8409,62.92709034,31.46354517
8410,56.37743286,28.18871643
8411,56.22734813,28.11367407
8412,55.37741958,27.68870979
8413,40.5362471,20.26812355
8414,41.08857549,20.54428775
8415,37.52667448,18.76333724
8416,23.91655336,11.95827668
8417,33.50722988,16.75361494
8418,16.55714772,8.27857386
8419,22.15186553,11.07593277
8420,29.710156,14.855078
8421,27.22495771,13.61247886
8422,32.05166061,16.02583031
8423,34.68760857,17.34380429
8424,33.72962294,16.86481147
8425,48.19461028,24.09730514
8426,47.86054437,23.93027219
8427,53.33711135,26.66855568
8428,54.98441326,27.49220663
8429,59.95689832,29.97844916
8430,66.22091749,33.11045875
8431,64.95803037,32.47901519
8432,68.6223677,34.31118385
8433,56.50267827,28.25133914
8434,61.04753006,30.52376503
8435,63.08440095,31.54220048
8436,47.81912188,23.90956094
8437,54.50008435,27.25004218
8438,47.04030659,23.5201533
8439,41.88194163,20.94097082
8440,35.51128155,17.75564078
8441,30.82578374,15.41289187
8442,28.16591653,14.08295827
8443,33.8624373,16.93121865
8444,29.01647427,14.50823714
8445,30.67275381,15.33637691
8446,28.39669507,14.19834754
8447,36.23218282,18.11609141
8448,39.0554021,19.52770105
8449,55.44994557,27.72497279
8450,51.91649139,25.9582457
8451,65.70259403,32.85129702
8452,61.32120932,30.66060466
8453,56.17210516,28.08605258
8454,70.18571408,35.09285704
8455,62.86601172,31.43300586
8456,63.11299387,31.55649694
8457,61.44060744,30.72030372
8458,60.53829052,30.26914526
8459,44.16005047,22.08002524
8460,46.72277206,23.36138603
8461,51.13429984,25.56714992
8462,43.51165572,21.75582786
8463,41.94953676,20.97476838
8464,34.0405924,17.0202962
8465,31.06850004,15.53425002
8466,31.20645135,15.60322568
8467,27.2985413,13.64927065
8468,26.15212755,13.07606378
8469,33.06654407,16.53327204
8470,37.02444511,18.51222256
8471,39.76178877,19.88089439
8472,37.97692957,18.98846479
8473,35.36386966,17.68193483
8474,55.69493818,27.84746909
8475,58.62724178,29.31362089
8476,61.17677373,30.58838687
8477,71.16715923,35.58357962
8478,56.6574577,28.32872885
8479,72.25882338,36.12941169
8480,63.1328295,31.56641475
8481,62.15468513,31.07734257
8482,51.92150668,25.96075334
8483,61.03632344,30.51816172
8484,52.19790666,26.09895333
8485,44.66854573,22.33427287
8486,40.66953569,20.33476785
8487,32.0948424,16.0474212
8488,36.17033025,18.08516513
8489,25.19850961,12.59925481
8490,24.34377908,12.17188954
8491,27.22075888,13.61037944
8492,22.34621475,11.17310738
8493,24.78658652,12.39329326
8494,41.54634853,20.77317427
8495,40.04332645,20.02166323
8496,41.16713895,20.58356948
8497,52.29978906,26.14989453
8498,63.31374975,31.65687488
8499,55.56974247,27.78487124
8500,63.59870162,31.79935081
8501,68.07364423,34.03682212
8502,71.0495595,35.52477975
8503,64.7081435,32.35407175
8504,61.24070263,30.62035132
8505,69.24101969,34.62050985
8506,64.49742007,32.24871004
8507,68.50351227,34.25175614
8508,43.20765234,21.60382617
8509,49.65390986,24.82695493
8510,44.85501776,22.42750888
8511,38.05589698,19.02794849
8512,37.38017301,18.69008651
8513,28.51120059,14.2556003
8514,22.44921373,11.22460687
8515,30.73414277,15.36707139
8516,30.39944405,15.19972203
8517,37.75054222,18.87527111
8518,30.55326916,15.27663458
8519,42.08514071,21.04257036
8520,49.19347204,24.59673602
8521,45.94118138,22.97059069
8522,48.81175261,24.40587631
8523,63.70288795,31.85144398
8524,63.01838927,31.50919464
8525,64.99717551,32.49858776
8526,61.04903808,30.52451904
8527,72.41847974,36.20923987
8528,58.39490794,29.19745397
8529,63.5403566,31.7701783
8530,60.0397622,30.0198811
8531,62.51008683,31.25504342
8532,55.47219137,27.73609569
8533,46.84714389,23.42357195
8534,46.07571077,23.03785539
8535,43.26552936,21.63276468
8536,35.04242275,17.52121138
8537,38.21406204,19.10703102
8538,24.93663817,12.46831909
8539,30.62022389,15.31011195
8540,32.18562448,16.09281224
8541,25.91851095,12.95925548
8542,30.28488056,15.14244028
8543,44.40890955,22.20445478
8544,45.39961676,22.69980838
8545,64.55870512,32.27935256
8546,54.63407859,27.3170393
8547,59.74857564,29.87428782
8548,63.62052296,31.81026148
8549,62.03003745,31.01501873
8550,69.08861517,34.54430759
8551,60.72992636,30.36496318
8552,66.2772496,33.1386248
8553,67.51674187,33.75837094
8554,58.36443574,29.18221787
8555,54.16611362,27.08305681
8556,56.82178891,28.41089446
8557,45.39705477,22.69852739
8558,44.52916614,22.26458307
8559,37.71000716,18.85500358
8560,36.21432636,18.10716318
8561,41.10584846,20.55292423
8562,28.69675454,14.34837727
8563,27.15807674,13.57903837
8564,27.80021771,13.90010886
8565,31.71381786,15.85690893
8566,37.67099867,18.83549934
8567,39.41733384,19.70866692
8568,38.63833013,19.31916507
8569,39.19790775,19.59895388
8570,53.20119913,26.60059957
8571,54.68986713,27.34493357
8572,59.71332802,29.85666401
8573,61.45583825,30.72791913
8574,71.84582385,35.92291193
8575,68.76109332,34.38054666
8576,64.96845073,32.48422537
8577,64.8068946,32.4034473
8578,62.910432,31.455216
8579,53.15272782,26.57636391
8580,50.5258636,25.2629318
8581,47.32786516,23.66393258
8582,43.30318511,21.65159256
8583,40.30526161,20.15263081
8584,29.2454931,14.62274655
8585,31.68806784,15.84403392
8586,30.97363088,15.48681544
8587,20.50629165,10.25314583
8588,30.96650622,15.48325311
8589,32.86655234,16.43327617
8590,29.36372974,14.68186487
8591,48.97393158,24.48696579
8592,50.38023195,25.19011598
8593,45.61738574,22.80869287
8594,47.25113847,23.62556924
8595,67.40706097,33.70353049
8596,60.22597239,30.1129862
8597,63.30459914,31.65229957
8598,64.32239647,32.16119824
8599,73.01563376,36.50781688
8600,67.27062627,33.63531314
8601,66.59455211,33.29727606
8602,55.18143362,27.59071681
8603,56.43118956,28.21559478
8604,62.84012907,31.42006454
8605,50.37836521,25.18918261
8606,45.73643491,22.86821746
8607,34.37524432,17.18762216
8608,29.72522671,14.86261336
8609,35.37057242,17.68528621
8610,24.84069638,12.42034819
8611,32.5333998,16.2666999
8612,18.65606682,9.32803341
8613,32.2902654,16.1451327
8614,44.32993507,22.16496754
8615,35.99526286,17.99763143
8616,45.48457075,22.74228538
8617,51.66193651,25.83096826
8618,46.20587806,23.10293903
8619,53.24895935,26.62447968
8620,65.44418379,32.7220919
8621,61.55610486,30.77805243
8622,70.6071016,35.3035508
8623,66.71364083,33.35682042
8624,67.4150978,33.7075489
8625,69.23374725,34.61687363
8626,54.93033063,27.46516532
8627,53.33059184,26.66529592
8628,59.96452848,29.98226424
8629,51.17201217,25.58600609
8630,39.04813005,19.52406503
8631,37.70406015,18.85203008
8632,31.59215963,15.79607982
8633,30.19023447,15.09511724
8634,33.81538317,16.90769159
8635,30.63111908,15.31555954
8636,31.97090847,15.98545424
8637,38.29895338,19.14947669
8638,40.25018866,20.12509433
8639,45.21942916,22.60971458
8640,44.78248628,22.39124314
8641,47.5434485,23.77172425
8642,55.96494773,27.98247387
8643,59.04700489,29.52350245
8644,62.88286013,31.44143007
8645,55.75370667,27.87685334
8646,67.26293235,33.63146618
8647,63.59683552,31.79841776
8648,73.40965639,36.7048282
8649,62.43221861,31.21610931
8650,65.70070768,32.85035384
8651,48.86824304,24.43412152
8652,56.17685727,28.08842864
8653,48.59609176,24.29804588
8654,43.11146705,21.55573353
8655,30.54312132,15.27156066
8656,39.92692639,19.9634632
8657,35.77459371,17.88729686
8658,20.60099541,10.30049771
8659,27.63974777,13.81987389
8660,34.53628601,17.26814301
8661,32.16054503,16.08027252
8662,27.52643059,13.7632153
8663,35.85639505,17.92819753
8664,47.88671515,23.94335758
8665,52.70824338,26.35412169
8666,58.86412936,29.43206468
8667,61.95674571,30.97837286
8668,58.08540676,29.04270338
8669,73.15718604,36.57859302
8670,71.80738483,35.90369242
8671,66.55114101,33.27557051
8672,66.43078583,33.21539292
8673,61.31986769,30.65993385
8674,68.41808689,34.20904345
8675,69.72839651,34.86419826
8676,44.10062001,22.05031001
8677,55.69367739,27.8468387
8678,49.81665588,24.90832794
8679,36.80202481,18.40101241
8680,29.60530668,14.80265334
8681,28.61532039,14.3076602
8682,32.47134904,16.23567452
8683,21.59906041,10.79953021
8684,25.20236808,12.60118404
8685,33.16014935,16.58007468
8686,30.38257107,15.19128554
8687,41.30874118,20.65437059
8688,32.73368668,16.36684334
8689,46.34456823,23.17228412
8690,54.23201626,27.11600813
8691,53.87539656,26.93769828
8692,64.93569942,32.46784971
8693,68.88500907,34.44250454
8694,69.06056502,34.53028251
8695,65.79545417,32.89772709
8696,75.1709127,37.58545635
8697,72.21134372,36.10567186
8698,63.68983462,31.84491731
8699,56.03419168,28.01709584
8700,54.4327131,27.21635655
8701,41.94419769,20.97209885
8702,46.97168897,23.48584449
8703,50.12109098,25.06054549
8704,35.0546984,17.5273492
8705,35.057379,17.5286895
8706,25.18612577,12.59306289
8707,28.23761076,14.11880538
8708,31.96391743,15.98195872
8709,26.35739541,13.17869771
8710,35.06011353,17.53005677
8711,38.60368354,19.30184177
8712,50.70170394,25.35085197
8713,48.60167993,24.30083997
8714,44.66674346,22.33337173
8715,63.2372624,31.6186312
8716,68.93093524,34.46546762
8717,69.57127419,34.7856371
8718,64.37101089,32.18550545
8719,68.96945597,34.48472799
8720,65.64046402,32.82023201
8721,56.8934685,28.44673425
8722,68.58756771,34.29378386
8723,63.46472791,31.73236396
8724,53.46048517,26.73024259
8725,63.00233922,31.50116961
8726,36.16505532,18.08252766
8727,41.97036516,20.98518258
8728,31.81922728,15.90961364
8729,30.33252801,15.16626401
8730,29.4075479,14.70377395
8731,34.33266519,17.1663326
8732,28.33780143,14.16890072
8733,35.41945906,17.70972953
8734,24.99939325,12.49969663
8735,40.17461482,20.08730741
8736,40.66693239,20.3334662
8737,45.22448303,22.61224152
8738,60.88446914,30.44223457
8739,51.81698905,25.90849453
8740,61.91851749,30.95925875
8741,65.31357403,32.65678702
8742,75.47422671,37.73711336
8743,65.49296969,32.74648485
8744,74.35241113,37.17620557
8745,69.46849448,34.73424724
8746,67.16503681,33.58251841
8747,56.87130354,28.43565177
8748,51.74110033,25.87055017
8749,57.83129549,28.91564775
8750,35.28486387,17.64243194
8751,38.36370617,19.18185309
8752,43.85038643,21.92519322
8753,30.93234859,15.4661743
8754,25.86774327,12.93387164
8755,27.48952425,13.74476213
8756,32.29360616,16.14680308
8757,29.46071438,14.73035719
8758,27.8251009,13.91255045
8759,37.21456567,18.60728284
8760,52.72233467,26.36116734
