stage_id,S1
hub_id,H1
ec_id,E1
profile_key,price
1,49.81425211
2,56.69678931
3,71.25948804
4,63.69414455
5,78.54527091
6,66.41383259
7,64.27988494
8,65.72494677
9,64.07688234
10,65.25031629
11,58.29259775
12,55.74723013
13,49.23376878
14,39.25780306
15,41.33492544
16,35.22773062
17,33.78820644
18,25.64779409
19,32.61486298
20,26.82495295
21,40.4490049
22,40.14209191
23,48.25016158
24,46.96567138
25,47.05994579
26,51.35935938
27,61.23605875
28,55.99917985
29,73.58916025
30,68.93458622
31,58.94901832
32,64.18162162
33,68.25487162
34,67.92435535
35,57.11550677
36,55.09565495
37,50.3345543
38,48.40434139
39,40.83770677
40,27.06239639
41,33.30758646
42,27.09869613
43,17.08566987
44,23.14736953
45,31.04209926
46,28.16425941
47,55.73990973
48,34.72443136
49,52.63952002
50,59.63298631
51,60.78335736
52,63.99278837
53,63.38191053
54,70.87763382
55,71.72552784
56,76.11147602
57,69.49276113
58,76.97418248
59,57.19895113
60,42.09552563
61,46.75339864
62,47.50089363
63,40.12719709
64,38.25572823
65,40.38376612
66,39.6119022
67,36.9070696
68,27.6002595
69,34.01815509
70,42.88555525
71,36.85723101
72,41.48346243
73,50.03841606
74,63.03829055
75,57.80926443
76,58.54662522
77,71.29086435
78,67.36627179
79,67.92682052
80,76.65568512
81,69.39106141
82,73.8144367
83,58.96444419
84,49.56979234
85,56.9498519
86,45.05415164
87,37.65213922
88,40.7368224
89,30.38583457
90,33.27395351
91,33.74127669
92,31.26391299
93,37.18587494
94,39.54349269
95,50.58162775
96,37.74812764
97,51.23769637
98,58.54660426
99,67.56830503
100,57.07427667
101,71.94465912
102,64.0074859
103,75.4691666
104,75.85028958
105,68.42584396
106,60.01281035
107,63.61238944
108,50.77614584
109,39.90050046
110,45.00534682
111,38.37124374
112,29.50177082
113,28.48535347
114,32.00808864
115,31.6167617
116,32.7816097
117,35.44454388
118,29.22910348
119,39.6704546
120,45.84448568
121,46.06538204
122,57.35589188
123,56.92830344
124,67.77721758
125,65.31664845
126,63.57725441
127,67.08595079
128,56.30435825
129,77.74051061
130,62.4815294
131,60.9496297
132,58.21927588
133,52.66164275
134,46.87433092
135,41.77088522
136,36.1930391
137,25.95229777
138,40.18515274
139,37.96501705
140,32.48637555
141,33.56922501
142,32.35888321
143,41.83023808
144,41.19100995
145,45.09645134
146,55.88291193
147,51.7479262
148,61.39900201
149,69.11156535
150,64.19247612
151,67.82613175
152,62.69767406
153,65.96584222
154,69.87981199
155,63.9601105
156,50.07199936
157,54.92677344
158,37.33483965
159,45.11987203
160,32.34827503
161,33.55486897
162,31.58790394
163,35.021788
164,33.12729762
165,37.54016531
166,25.58613443
167,43.27663613
168,49.69789722
169,54.85551908
170,57.82814466
171,58.84923184
172,69.57974015
173,75.65811815
174,63.08801367
175,76.98873852
176,75.20530847
177,67.98473039
178,70.18185666
179,55.36531509
180,54.62495087
181,41.1293586
182,47.81303578
183,46.87543958
184,38.76685501
185,28.41032668
186,27.19837458
187,32.7833014
188,29.12171634
189,39.457355
190,33.87900115
191,35.37029729
192,43.25552104
193,60.00447095
194,53.22517854
195,67.88661925
196,67.48744269
197,75.67467992
198,69.92970626
199,71.47733739
200,67.89870757
201,67.14876903
202,69.55120592
203,54.89962866
204,53.46760724
205,48.27333114
206,52.66634546
207,38.50525562
208,35.69650102
209,36.47023321
210,28.89776479
211,40.66283038
212,24.45344615
213,39.26159395
214,28.96369165
215,44.01827064
216,42.00229167
217,47.82412407
218,57.6617537
219,56.28325427
220,71.49335917
221,67.27499107
222,76.70296521
223,66.70624893
224,76.39474145
225,68.00646297
226,61.92855938
227,71.21403519
228,58.63619747
229,54.16500108
230,53.86918255
231,32.30400688
232,31.42093333
233,35.02355869
234,36.4458126
235,39.81061421
236,36.22792595
237,31.79663066
238,28.1827041
239,43.63373027
240,54.02526051
241,46.10670028
242,56.18482654
243,59.65129489
244,61.34838173
245,68.19648222
246,70.60548636
247,67.83404214
248,78.79393122
249,67.37691696
250,77.29452874
251,55.94871468
252,60.50588213
253,49.85282337
254,47.04782932
255,43.58152999
256,41.87926906
257,25.35557845
258,35.29484391
259,29.30104903
260,29.82513113
261,41.42165989
262,23.95046858
263,42.81763222
264,48.92092255
265,50.99729562
266,59.17726878
267,66.4189877
268,69.64882551
269,70.06824932
270,59.94567602
271,73.50568541
272,73.7733764
273,73.6101978
274,64.05948462
275,58.55351306
276,55.06348512
277,50.19725268
278,46.00627354
279,41.26767329
280,40.93927163
281,34.41319928
282,38.12452627
283,38.61136619
284,33.7177569
285,38.12984211
286,26.17680106
287,40.07357512
288,44.02152243
289,52.17123088
290,56.64367971
291,65.50064706
292,68.32607085
293,65.91147053
294,67.66183576
295,69.07607613
296,77.55072483
297,70.57489811
298,63.34687798
299,64.43754088
300,60.19086214
301,50.29754363
302,44.68892599
303,37.97098411
304,30.09689689
305,38.35623859
306,29.02497696
307,34.99850519
308,36.0352742
309,29.48797948
310,34.28199107
311,51.10422611
312,56.08973827
313,53.05405139
314,48.51352993
315,61.30751918
316,71.59628251
317,68.61604306
318,76.07757634
319,67.49963847
320,78.40879506
321,73.20115131
322,67.33779065
323,63.51517649
324,57.13568695
325,56.58035006
326,55.56243773
327,39.69349685
328,36.27442733
329,43.2874059
330,36.01337755
331,33.67302786
332,38.72537621
333,32.33166104
334,29.48405976
335,39.79157707
336,46.10970894
337,51.59358959
338,58.83413234
339,63.30473445
340,69.64845153
341,64.53053849
342,74.26232221
343,78.94224476
344,69.26333795
345,68.96612592
346,62.87958161
347,60.2890133
348,56.82637824
349,52.05795052
350,50.25334151
351,35.83824224
352,29.64383424
353,33.47713513
354,34.72406406
355,22.1972955
356,30.90190348
357,34.91773709
358,48.90671363
359,40.90997021
360,39.30201264
361,58.1474271
362,62.24377889
363,64.02105211
364,69.02200049
365,71.99037486
366,70.46409643
367,75.15683735
368,77.21655034
369,57.7171648
370,56.44798228
371,60.15913092
372,49.36926606
373,51.07540829
374,51.0670512
375,42.18433413
376,49.5369047
377,32.17187372
378,38.29264719
379,26.7210909
380,36.42023838
381,35.92300522
382,46.23263961
383,38.80842165
384,48.24244031
385,50.10893767
386,62.10821102
387,71.09888451
388,73.04644455
389,75.09596093
390,67.33811988
391,70.94894219
392,73.40770372
393,65.10884529
394,67.26548622
395,57.12917151
396,58.69227174
397,57.7159724
398,51.64931869
399,37.44204098
400,29.67675229
401,38.35258612
402,33.81680804
403,34.17925768
404,29.59484234
405,43.81832196
406,37.89453284
407,45.84787755
408,48.95303053
409,61.63941176
410,67.82529715
411,70.78854556
412,68.19461581
413,76.94414914
414,82.39531819
415,79.204563
416,71.53751328
417,63.23328339
418,76.78851002
419,71.19253089
420,57.60427558
421,54.05143227
422,39.9291161
423,48.27278513
424,41.25813758
425,35.8786897
426,33.12098266
427,31.09170471
428,17.91980002
429,41.21472797
430,37.91033675
431,39.38730045
432,43.67245029
433,42.3854888
434,54.41561336
435,68.86402041
436,68.19775604
437,75.48348009
438,81.79933296
439,80.17706236
440,68.26750456
441,67.40054093
442,59.56466312
443,64.24454135
444,60.23531295
445,53.51589978
446,47.02015222
447,41.99925611
448,41.80923797
449,31.8614338
450,38.28300564
451,23.03089374
452,30.41247529
453,48.87182034
454,38.60124753
455,37.44317766
456,46.76855844
457,52.81728771
458,60.82015382
459,65.90488606
460,66.87260109
461,73.15764883
462,75.39927178
463,82.60565414
464,74.14997495
465,72.35318048
466,67.66957874
467,60.95216826
468,61.57999863
469,63.84231408
470,42.38535717
471,41.57667444
472,31.91089155
473,33.76785998
474,31.46390374
475,34.36322955
476,39.60990766
477,35.46727723
478,46.06198902
479,44.30133003
480,53.15599074
481,55.30046214
482,57.89337266
483,70.23871352
484,60.63196284
485,68.80738022
486,70.90125154
487,87.49318884
488,68.34239986
489,69.36416346
490,65.14662145
491,63.77896571
492,59.56821277
493,52.5326179
494,47.28597687
495,41.69702697
496,34.15872321
497,32.93571284
498,30.17400787
499,24.30071632
500,40.85334056
501,35.97056257
502,44.70272922
503,48.18393771
504,50.63768328
505,53.91234514
506,55.5504493
507,68.64562145
508,63.23200562
509,59.04424266
510,63.04380346
511,75.45463384
512,75.85877943
513,68.28564404
514,71.26775282
515,59.11790647
516,55.39897579
517,53.79048742
518,46.39269198
519,52.06116328
520,40.21118673
521,33.72858873
522,40.43714591
523,28.42970797
524,30.69495163
525,33.016225
526,41.41904613
527,37.34214392
528,50.21071307
529,61.34287606
530,55.73212703
531,55.33269908
532,74.88413238
533,70.57464342
534,77.44191586
535,74.96610276
536,67.91971018
537,78.11147073
538,78.48477947
539,63.03759411
540,57.286373
541,60.05673139
542,45.61898889
543,36.86237635
544,29.73135873
545,33.82862067
546,27.46593954
547,36.573682
548,33.21304409
549,42.61702926
550,32.83247775
551,46.39169541
552,51.35779682
553,49.62129631
554,62.76019202
555,64.68827897
556,55.69719991
557,67.64283977
558,77.75259178
559,75.40829384
560,80.24624672
561,71.84319781
562,65.65152085
563,62.26658926
564,59.34126052
565,52.22178464
566,52.21103191
567,42.41636499
568,39.4053437
569,38.34259356
570,26.28237139
571,24.44436476
572,35.64260826
573,36.05873198
574,45.83723709
575,45.44594966
576,50.71960367
577,55.31022305
578,57.38726775
579,62.77170752
580,63.30978915
581,76.42105091
582,75.2057481
583,76.40744968
584,72.27477161
585,67.48647873
586,64.26945315
587,60.29160429
588,56.56882049
589,58.5452626
590,54.19746811
591,46.68830016
592,33.93220467
593,30.90743106
594,40.59967752
595,35.16888145
596,40.47872536
597,32.65310706
598,54.12708883
599,42.3232266
600,49.30404113
601,51.98828128
602,61.06062527
603,72.3940794
604,61.11105672
605,72.61866917
606,78.46955717
607,78.16900643
608,71.0864754
609,74.50991021
610,66.4624477
611,62.38722456
612,51.12422161
613,50.05834236
614,57.6182438
615,48.09554502
616,41.50417557
617,36.98642765
618,43.29506725
619,30.278114
620,44.85157206
621,38.14193701
622,41.90301588
623,42.85092729
624,51.79606709
625,52.00674962
626,61.75838682
627,62.14229478
628,67.80941919
629,72.11797638
630,72.8817747
631,71.76955123
632,73.77452305
633,68.38299364
634,74.86698185
635,65.63100036
636,63.34185025
637,50.11219915
638,49.3245694
639,47.54059
640,31.40989144
641,41.08347447
642,31.71274041
643,22.52528545
644,30.90817475
645,35.80906183
646,33.54409646
647,45.54965161
648,50.12823558
649,54.77843224
650,59.15582509
651,64.05612597
652,75.68970826
653,85.69977209
654,79.0584496
655,68.46850319
656,82.1407659
657,85.60610551
658,67.21051879
659,73.32197456
660,60.68721398
661,55.60109911
662,46.5606779
663,42.49003527
664,43.4340508
665,30.24063236
666,34.32489336
667,29.46521367
668,24.62347863
669,35.69387266
670,37.56482228
671,36.67463774
672,55.62462254
673,56.32874706
674,65.14233775
675,57.83933319
676,67.5414286
677,72.24876335
678,77.16705906
679,72.69454722
680,64.69749326
681,77.24741213
682,66.6833677
683,59.88975591
684,62.7524165
685,48.97391103
686,48.80941695
687,39.16801992
688,36.60833247
689,32.50958677
690,38.2224947
691,30.72089713
692,30.6299939
693,41.53964324
694,36.50537254
695,34.37807406
696,50.1178214
697,58.71403911
698,58.15737821
699,63.96617404
700,66.65333076
701,70.6643632
702,63.69430924
703,70.7814715
704,72.50091633
705,74.38090643
706,63.7052343
707,63.49463269
708,56.57835333
709,52.83259205
710,42.72388839
711,51.45856739
712,38.20103693
713,29.52167443
714,25.71033494
715,34.61991058
716,40.34111065
717,27.16119788
718,46.40770489
719,50.00926746
720,48.10736535
721,45.99795471
722,65.95885056
723,66.50453192
724,64.90487717
725,69.31097826
726,70.1520813
727,80.05395228
728,79.72087144
729,67.75221521
730,77.16254871
731,56.66944077
732,55.37974093
733,58.14735101
734,49.39054455
735,43.42290695
736,40.3542536
737,38.62540996
738,34.96933491
739,40.55748994
740,30.03417933
741,29.75517031
742,35.78961666
743,50.73246669
744,46.19957969
745,59.96901739
746,70.3218589
747,64.93657415
748,64.78941637
749,81.39463773
750,76.68444036
751,81.24518445
752,68.53326429
753,72.21709276
754,65.87523729
755,55.94077205
756,61.1340011
757,62.08575516
758,54.53200895
759,52.80839102
760,44.35440163
761,38.86754664
762,31.82002832
763,31.94200531
764,21.82844208
765,31.61127864
766,41.53707255
767,44.36598593
768,46.08196672
769,46.47795602
770,68.92108376
771,75.79163036
772,58.31171329
773,66.79587163
774,72.70467276
775,75.55329365
776,78.00774409
777,73.25698647
778,72.40221423
779,64.81897182
780,61.16746219
781,56.52264954
782,53.41938029
783,42.69159304
784,33.17915649
785,37.54793972
786,23.6974693
787,33.11394565
788,25.98373303
789,42.59297884
790,41.74925636
791,51.39329864
792,45.03522727
793,61.38143784
794,60.37776264
795,64.07431223
796,71.37609964
797,76.25023631
798,68.00345902
799,75.22727825
800,72.83599336
801,71.97390984
802,69.17217821
803,68.74787656
804,62.24905894
805,44.85408075
806,53.88830137
807,56.89912364
808,46.91335405
809,34.26761112
810,37.34604123
811,29.66711497
812,36.03957814
813,39.37940362
814,43.51304213
815,42.90571305
816,44.69974629
817,51.1548888
818,61.77467359
819,61.06153484
820,68.86014915
821,70.94967986
822,78.35276758
823,84.86215757
824,71.95986717
825,70.21113178
826,60.87584279
827,75.78281768
828,59.3341779
829,60.1307429
830,49.28457109
831,36.17377328
832,40.42746466
833,38.35437448
834,37.23345724
835,30.96203948
836,33.65726602
837,43.76957658
838,38.52072465
839,49.4515906
840,59.1778088
841,62.31680234
842,59.76212569
843,63.27632049
844,61.11747557
845,71.61023068
846,69.52703874
847,76.92331688
848,81.58035236
849,71.71433743
850,66.89008205
851,68.8539496
852,68.84296828
853,60.47843839
854,49.829816
855,42.92699284
856,32.52773363
857,36.27690033
858,33.42160711
859,35.95171296
860,30.81980305
861,37.19844577
862,45.42604188
863,44.06357197
864,37.6576857
865,53.12387617
866,63.74547897
867,60.45931958
868,65.20675249
869,67.02544872
870,76.17121588
871,80.84506885
872,72.72123523
873,75.99422251
874,71.73475436
875,66.16972038
876,57.01911173
877,57.89962195
878,57.67929233
879,48.2553396
880,40.63732851
881,37.65203489
882,34.66446067
883,38.86949391
884,41.54871743
885,36.05959412
886,29.26713348
887,52.2162398
888,51.66164981
889,53.89488928
890,62.96236316
891,70.22849589
892,68.13406951
893,61.15544426
894,67.83587293
895,73.02976471
896,77.73493668
897,72.4924238
898,71.58255178
899,62.68130941
900,63.58108642
901,60.04066312
902,51.32426573
903,41.95453209
904,41.61671198
905,32.29679837
906,41.80330809
907,33.98635096
908,29.7899932
909,34.24566266
910,40.78194806
911,56.39598421
912,47.11615222
913,55.46970011
914,59.23541864
915,66.84258356
916,69.74623486
917,80.85907911
918,74.49490183
919,73.21917308
920,79.43997016
921,85.66181755
922,68.05304485
923,67.75284762
924,77.66070199
925,57.69963276
926,51.09301447
927,39.86654881
928,45.10540746
929,35.66470565
930,39.2687865
931,38.57896859
932,30.33013719
933,36.8513447
934,38.35152815
935,50.70971293
936,50.24839571
937,51.65210523
938,58.31197182
939,66.50658182
940,68.15091556
941,74.67093823
942,71.73192941
943,79.81291532
944,72.1932433
945,71.75272611
946,71.1438184
947,71.88535539
948,64.27527327
949,48.16308343
950,45.73483802
951,53.50581057
952,33.10238146
953,39.77568342
954,37.31042253
955,31.41966294
956,35.79476392
957,49.81439628
958,44.82512695
959,44.26376835
960,53.15742639
961,48.67322605
962,57.82574029
963,64.80746722
964,71.98158485
965,76.05528199
966,72.47277604
967,79.62683644
968,72.50687273
969,67.77188827
970,66.98814253
971,60.45541546
972,64.37823019
973,57.20070471
974,48.9239831
975,53.52125735
976,41.30248433
977,45.27081121
978,46.72634528
979,38.7049606
980,38.61713309
981,40.25477191
982,39.55715346
983,43.4860054
984,57.32388858
985,58.88805563
986,55.58098685
987,74.80968263
988,64.02011895
989,77.71218545
990,79.52145861
991,81.64995285
992,80.94961335
993,66.16069787
994,68.55501115
995,67.94043834
996,65.28743032
997,57.45087677
998,51.55001706
999,40.17755193
1000,47.8839113
1001,36.46655715
1002,38.07310425
1003,36.22065588
1004,27.86493666
1005,37.16900567
1006,44.3523881
1007,35.81474206
1008,40.26474437
1009,59.21332775
1010,65.96698532
1011,52.27773521
1012,72.30524515
1013,72.00061926
1014,87.30086617
1015,77.76092966
1016,74.24470967
1017,78.27137535
1018,62.32176243
1019,65.17004102
1020,66.58271681
1021,63.13944548
1022,57.36560057
1023,44.79135927
1024,48.6326984
1025,35.41740513
1026,36.9454515
1027,36.35224842
1028,34.11283124
1029,34.14978426
1030,37.5075759
1031,50.67296417
1032,58.02831937
1033,54.30946658
1034,63.72566013
1035,62.49176316
1036,71.54608922
1037,75.35716017
1038,83.22622785
1039,78.48084974
1040,78.36545153
1041,81.88591957
1042,70.68252861
1043,68.7541908
1044,58.36750602
1045,57.70799103
1046,51.63721321
1047,43.78889234
1048,42.97376307
1049,46.66553714
1050,34.84086447
1051,37.36956228
1052,36.29457043
1053,41.22592997
1054,35.31915556
1055,44.46641786
1056,55.92224694
1057,54.23294808
1058,61.89034139
1059,73.83974373
1060,69.91140956
1061,61.68402982
1062,70.20870175
1063,66.56625393
1064,78.02757758
1065,70.41229266
1066,67.06888722
1067,72.2157231
1068,63.49148303
1069,60.57709963
1070,53.00465893
1071,45.18856976
1072,38.04722109
1073,40.37725121
1074,36.89727059
1075,43.1983781
1076,40.13527212
1077,41.86212078
1078,44.41926766
1079,38.63325052
1080,47.13990342
1081,60.57289671
1082,64.33435992
1083,66.06873191
1084,61.66587892
1085,80.61272837
1086,69.03166349
1087,80.83872674
1088,79.98996638
1089,59.2137096
1090,74.33097882
1091,61.97656683
1092,58.8697538
1093,56.01346813
1094,48.49931165
1095,43.04434451
1096,46.08013116
1097,45.54842257
1098,46.88085649
1099,43.45865841
1100,35.28615445
1101,43.87989137
1102,37.84752634
1103,44.07155097
1104,47.39305791
1105,70.07507738
1106,73.46877914
1107,68.4180812
1108,70.9602134
1109,70.70828468
1110,77.55078785
1111,76.67563001
1112,77.13806916
1113,72.17908123
1114,67.38027595
1115,63.43334583
1116,50.83429011
1117,57.68554669
1118,48.99381194
1119,45.65659178
1120,33.97330034
1121,35.51790557
1122,36.67582637
1123,36.19272177
1124,35.42020007
1125,44.33460842
1126,48.85108539
1127,52.94399876
1128,49.10032945
1129,62.41748766
1130,59.13949855
1131,71.55810355
1132,72.20972662
1133,78.09728601
1134,74.25200943
1135,71.45467627
1136,67.15794338
1137,70.77859631
1138,74.51222978
1139,65.40246881
1140,61.88591691
1141,63.4119102
1142,46.00312137
1143,51.12991001
1144,43.61754627
1145,36.23804768
1146,31.26304192
1147,39.90910635
1148,42.12983785
1149,44.13213572
1150,44.46259321
1151,52.50594915
1152,51.55744136
1153,64.00977137
1154,62.42138582
1155,74.59231713
1156,70.71455992
1157,75.27035887
1158,80.37853694
1159,87.35255534
1160,71.0964059
1161,76.42879005
1162,70.59969378
1163,69.12491358
1164,56.73431503
1165,56.40103348
1166,50.30921401
1167,53.03558867
1168,36.39766269
1169,45.12578197
1170,40.70159877
1171,34.58904974
1172,37.37169527
1173,35.24515071
1174,34.82704126
1175,45.22780851
1176,58.25997569
1177,57.47434798
1178,63.53501605
1179,65.40946503
1180,66.86257475
1181,74.84946989
1182,70.88232975
1183,73.15614956
1184,74.48985229
1185,73.18441125
1186,64.19065001
1187,69.22400516
1188,74.43795577
1189,59.20446007
1190,48.37520253
1191,53.65058836
1192,44.19921685
1193,43.12607556
1194,35.47289057
1195,37.94923403
1196,38.06875327
1197,36.18950579
1198,38.02575723
1199,50.16122748
1200,46.7457018
1201,56.39886711
1202,62.07371222
1203,60.50712324
1204,75.32562691
1205,74.10306736
1206,80.102706
1207,79.37176695
1208,76.47527772
1209,73.22812791
1210,67.28121324
1211,64.09079825
1212,65.31009056
1213,51.77005248
1214,58.86912101
1215,53.13513173
1216,44.48398702
1217,40.42524708
1218,39.39989176
1219,36.10637403
1220,48.63228809
1221,47.14805472
1222,36.61292859
1223,43.49948475
1224,54.63929573
1225,53.45165107
1226,59.60086493
1227,73.31954107
1228,68.63316128
1229,84.11933145
1230,80.51287621
1231,79.37853904
1232,73.47638335
1233,70.45472104
1234,67.00136808
1235,63.69562643
1236,61.58773991
1237,63.91310723
1238,47.80616715
1239,46.25445403
1240,43.47288721
1241,42.22681675
1242,50.19529251
1243,38.62443182
1244,38.30973517
1245,43.93923158
1246,44.65736336
1247,50.15954963
1248,43.92889445
1249,65.82136608
1250,61.43073029
1251,76.90245359
1252,68.80262636
1253,75.43111132
1254,82.69334454
1255,81.20922509
1256,77.91150051
1257,70.38687288
1258,75.72694197
1259,65.34215405
1260,59.91486818
1261,44.11145009
1262,51.71921457
1263,38.43405393
1264,41.55763374
1265,36.54632657
1266,39.60828156
1267,43.22067866
1268,35.16292061
1269,44.79583843
1270,44.98334878
1271,50.54670728
1272,55.48185016
1273,59.43975812
1274,63.27858445
1275,59.79436465
1276,72.84389297
1277,75.03907283
1278,73.31400013
1279,76.30476991
1280,80.78194303
1281,71.56561777
1282,75.53571589
1283,72.64867494
1284,59.9234861
1285,62.61724646
1286,52.42827182
1287,53.92621355
1288,47.38455832
1289,40.19859013
1290,36.94926996
1291,37.50192871
1292,36.34791437
1293,41.57518595
1294,43.86912433
1295,39.15412874
1296,57.3080893
1297,59.63430238
1298,61.8918461
1299,65.99868171
1300,79.41248163
1301,74.91668875
1302,86.27929571
1303,77.60232494
1304,80.14956849
1305,83.35169998
1306,67.97525868
1307,72.4446155
1308,64.9476888
1309,61.79372123
1310,42.9628664
1311,48.55588491
1312,47.30018074
1313,50.59967689
1314,42.04240906
1315,36.80275245
1316,42.60215519
1317,30.8093426
1318,51.36756275
1319,47.91669482
1320,54.5484133
1321,47.75794128
1322,61.92336325
1323,73.31103111
1324,71.29260531
1325,75.40849543
1326,68.65130119
1327,77.14578762
1328,73.85853362
1329,71.17211933
1330,75.55688268
1331,72.88347588
1332,70.01346482
1333,57.99343621
1334,52.40590587
1335,50.67933405
1336,45.81115618
1337,39.70812671
1338,44.32802394
1339,33.13511981
1340,39.26568661
1341,40.9054863
1342,46.93124445
1343,49.98030853
1344,48.26225662
1345,56.8653712
1346,67.87852444
1347,81.4310209
1348,64.25927822
1349,70.55317085
1350,74.00965951
1351,78.99631831
1352,83.35593392
1353,65.51185574
1354,67.84300442
1355,77.53103703
1356,58.45661588
1357,52.81027022
1358,51.69997581
1359,43.15406864
1360,34.42769069
1361,37.21726882
1362,44.0481693
1363,40.31228714
1364,36.18759937
1365,39.08663332
1366,39.81979923
1367,52.60816762
1368,53.45190881
1369,55.89617801
1370,63.05638027
1371,74.24817557
1372,69.28734376
1373,83.02610273
1374,77.5035874
1375,77.30303973
1376,80.29728634
1377,71.30642427
1378,72.35366359
1379,70.71867951
1380,69.21009095
1381,60.91819248
1382,61.88513482
1383,57.3005342
1384,45.10597352
1385,40.52388649
1386,39.47691504
1387,27.63498381
1388,48.76317154
1389,43.31558068
1390,42.34249573
1391,48.4061409
1392,52.76550594
1393,59.57636018
1394,58.61218176
1395,63.74676062
1396,74.10571133
1397,73.34024385
1398,75.37615645
1399,84.85248324
1400,78.30556055
1401,69.08528849
1402,74.70280782
1403,70.48625488
1404,49.9051726
1405,59.63679047
1406,55.5786598
1407,41.84603593
1408,39.11329365
1409,41.07256265
1410,40.28752169
1411,36.01951361
1412,36.85430691
1413,35.56551822
1414,35.24579356
1415,49.89899743
1416,60.16244187
1417,58.84548368
1418,63.06190942
1419,69.37325137
1420,71.22068689
1421,72.01401248
1422,75.09856005
1423,83.82618022
1424,83.55096121
1425,74.20288341
1426,65.41008551
1427,63.51455365
1428,70.19367122
1429,57.71592522
1430,47.05095052
1431,40.91732097
1432,51.79688819
1433,41.62155476
1434,42.34119499
1435,41.79068948
1436,39.25694372
1437,41.81053334
1438,47.52884967
1439,59.59163838
1440,57.71885279
1441,57.85797896
1442,64.88688104
1443,67.39854587
1444,69.40182619
1445,75.21776308
1446,74.99611645
1447,73.87531542
1448,77.87569634
1449,71.41805417
1450,69.84166096
1451,70.01565703
1452,56.74921913
1453,63.18069249
1454,51.6895291
1455,52.38843704
1456,42.5578225
1457,46.40717973
1458,39.51350044
1459,35.77346788
1460,38.34645904
1461,45.66684594
1462,47.77726887
1463,40.17818923
1464,57.04302671
1465,49.98110373
1466,62.27158281
1467,77.79330958
1468,72.25816614
1469,88.42566983
1470,70.02708943
1471,71.50442556
1472,74.65085634
1473,84.85501467
1474,76.42918666
1475,67.74353653
1476,57.99970162
1477,60.17173849
1478,64.62691499
1479,62.83902326
1480,47.05131087
1481,44.39703043
1482,40.65760126
1483,41.89446315
1484,33.09893967
1485,48.63854327
1486,37.03143966
1487,40.62437994
1488,55.18554585
1489,54.66760126
1490,71.42420138
1491,77.72134352
1492,74.86922347
1493,78.61724152
1494,81.19437858
1495,78.48687306
1496,75.62314485
1497,78.85358969
1498,69.05915088
1499,64.71760434
1500,57.51676863
1501,61.50469905
1502,57.4664307
1503,55.18473486
1504,34.7190776
1505,43.68923256
1506,51.66076858
1507,38.86401738
1508,34.80348006
1509,26.99945869
1510,41.57092167
1511,43.48557467
1512,52.74353791
1513,61.84397051
1514,68.97028089
1515,63.652973
1516,67.49629723
1517,79.11014005
1518,78.78492092
1519,81.10112792
1520,79.78593063
1521,70.26745994
1522,79.74929642
1523,66.000083
1524,62.94700944
1525,60.89165104
1526,46.92974523
1527,50.45886113
1528,49.14419615
1529,32.5952363
1530,36.23721262
1531,35.36519777
1532,40.8353844
1533,38.807625
1534,53.04365897
1535,58.10884853
1536,51.65229074
1537,60.81004364
1538,61.62247475
1539,71.13850769
1540,75.05068549
1541,71.8429025
1542,80.01601443
1543,82.736585
1544,75.95219966
1545,76.10586243
1546,82.49979336
1547,63.51266396
1548,70.1484103
1549,58.2373998
1550,58.53040707
1551,46.53095757
1552,44.55626117
1553,42.45869127
1554,47.69723399
1555,30.75548685
1556,38.43730282
1557,46.79277886
1558,42.75569192
1559,39.36080883
1560,46.58119352
1561,62.25649079
1562,69.86319769
1563,72.25135719
1564,80.7328187
1565,79.09891169
1566,75.10861797
1567,79.17588663
1568,75.51831032
1569,69.2273401
1570,73.34461107
1571,65.49023293
1572,66.88187933
1573,57.85007821
1574,48.28614809
1575,57.85469682
1576,38.30868821
1577,41.31192254
1578,32.67798597
1579,37.2463767
1580,45.89403455
1581,42.51908228
1582,36.00133657
1583,54.18358572
1584,58.38508292
1585,66.05810904
1586,63.87344492
1587,67.9711805
1588,75.42122254
1589,82.67816523
1590,74.0462607
1591,70.91321702
1592,68.94476295
1593,70.29414175
1594,71.79247465
1595,62.3203392
1596,64.21819478
1597,57.45200552
1598,59.29395941
1599,56.44541403
1600,42.73972301
1601,32.91701259
1602,41.54707848
1603,38.66105904
1604,45.31391973
1605,42.21841873
1606,42.04332305
1607,41.60489175
1608,45.50294103
1609,65.03938592
1610,67.3574716
1611,70.40546192
1612,73.31277436
1613,72.41241295
1614,81.92152454
1615,76.44736246
1616,71.88884024
1617,78.3489937
1618,66.24780232
1619,63.21907876
1620,57.09960913
1621,64.8837207
1622,50.99952225
1623,54.25587419
1624,37.18862736
1625,39.96998479
1626,33.84895837
1627,49.6811452
1628,44.19916958
1629,35.50520762
1630,50.85085931
1631,57.45092272
1632,55.06335606
1633,57.24290706
1634,67.23102286
1635,71.07407679
1636,74.27528769
1637,80.53429
1638,72.49883352
1639,74.90394033
1640,77.73362528
1641,78.36519323
1642,73.74639533
1643,67.19717929
1644,66.32417203
1645,63.53432062
1646,46.9496626
1647,45.73401755
1648,34.32622126
1649,50.62036129
1650,41.75908711
1651,43.68076362
1652,38.3419314
1653,35.61975857
1654,49.48402401
1655,51.14095486
1656,48.26210387
1657,59.62359826
1658,65.8473258
1659,75.387127
1660,74.76704617
1661,78.48079975
1662,78.5304505
1663,70.74563933
1664,75.157657
1665,79.25900954
1666,77.02038644
1667,71.27755602
1668,61.2931137
1669,55.42107639
1670,56.29270622
1671,50.67287834
1672,42.3291894
1673,47.85918149
1674,42.40045159
1675,36.97190757
1676,37.45846906
1677,51.5878151
1678,40.8031107
1679,48.19518103
1680,60.13063433
1681,56.07167341
1682,62.21208057
1683,69.72418514
1684,71.80877062
1685,70.94110143
1686,74.46143442
1687,85.44418662
1688,72.19982064
1689,78.33368146
1690,79.20491787
1691,74.19546144
1692,63.63075676
1693,55.34566583
1694,57.2997294
1695,44.59274062
1696,45.55343769
1697,41.55765873
1698,45.8204572
1699,37.97696141
1700,43.50273232
1701,48.22873409
1702,44.05765932
1703,67.78950141
1704,59.92502994
1705,63.60807644
1706,71.04393399
1707,73.62591506
1708,75.05450378
1709,74.56210609
1710,70.02434262
1711,85.07330844
1712,76.92723105
1713,80.15608867
1714,77.22515622
1715,75.43375896
1716,57.24019682
1717,58.21842084
1718,52.72471564
1719,52.1583338
1720,47.60424789
1721,45.11214115
1722,32.43229331
1723,47.62436786
1724,39.51761559
1725,40.21645144
1726,52.6926004
1727,49.59101663
1728,50.88824654
1729,64.24544094
1730,66.0973894
1731,71.78612188
1732,74.72457794
1733,75.39175445
1734,77.97247707
1735,78.29101789
1736,83.00425053
1737,72.33907537
1738,77.97357326
1739,72.82115788
1740,62.45693612
1741,66.25917287
1742,54.24195624
1743,47.69858984
1744,45.32136001
1745,40.84428421
1746,35.58093965
1747,44.22348374
1748,31.10983349
1749,45.55589824
1750,45.38166217
1751,52.40930159
1752,50.80530756
1753,58.73409058
1754,60.10085006
1755,69.98399192
1756,70.58913216
1757,72.26024892
1758,76.84110387
1759,79.45863153
1760,81.63643733
1761,71.63329101
1762,66.11306013
1763,79.95768818
1764,63.34071511
1765,56.64287906
1766,58.68676733
1767,40.16836191
1768,46.45701753
1769,41.84638129
1770,28.63161657
1771,46.07485097
1772,46.75963717
1773,48.20928626
1774,53.55805651
1775,57.71245857
1776,56.64099891
1777,50.94404881
1778,61.72177898
1779,70.0204233
1780,72.98976543
1781,75.43166722
1782,83.01684393
1783,81.35520865
1784,73.58296128
1785,72.39351883
1786,68.578145
1787,66.39369743
1788,65.04286216
1789,57.05642188
1790,55.24165136
1791,54.57316927
1792,45.84261265
1793,47.6261804
1794,43.73686054
1795,40.29252417
1796,44.72933193
1797,35.12698993
1798,43.91191244
1799,50.38767373
1800,49.69526496
1801,57.84049629
1802,69.56023561
1803,76.44726605
1804,70.98726433
1805,79.09543848
1806,70.90997647
1807,82.04834158
1808,77.94095
1809,82.05557689
1810,76.20498838
1811,67.50911712
1812,63.71695379
1813,66.10213024
1814,56.49683605
1815,54.28398098
1816,51.56698606
1817,38.43185244
1818,37.26748953
1819,33.03822853
1820,29.32091752
1821,43.46354269
1822,48.50899845
1823,51.66345037
1824,51.76635893
1825,62.97867822
1826,62.3025352
1827,71.11315331
1828,71.70317016
1829,70.71861796
1830,73.08945011
1831,82.68935558
1832,84.4731212
1833,74.12316073
1834,69.49592486
1835,69.81017116
1836,56.9914349
1837,59.73237122
1838,64.64036022
1839,45.33094027
1840,41.45906867
1841,53.2669889
1842,44.10150618
1843,39.99866909
1844,39.04121948
1845,48.5045475
1846,44.74027767
1847,50.41706184
1848,57.68556236
1849,53.6170009
1850,66.48109506
1851,71.82952182
1852,76.79389486
1853,75.33762742
1854,79.56900725
1855,91.03932398
1856,80.48504786
1857,75.26602584
1858,81.88187703
1859,67.08321329
1860,62.80554626
1861,60.5784437
1862,53.30799794
1863,45.19742053
1864,44.26504525
1865,43.85215397
1866,38.4851037
1867,44.27423568
1868,32.67161888
1869,40.86928272
1870,39.33849451
1871,50.15409099
1872,61.35666548
1873,65.32441324
1874,61.5231412
1875,69.43987278
1876,74.52135173
1877,84.8077867
1878,76.46157154
1879,73.7184817
1880,87.1970653
1881,73.54358542
1882,71.93128646
1883,73.14105961
1884,67.49721773
1885,61.94534508
1886,52.35950531
1887,56.44472025
1888,42.25000415
1889,34.85098493
1890,45.26764419
1891,42.36971654
1892,39.65123456
1893,41.66901038
1894,42.0367568
1895,59.38716709
1896,61.51814003
1897,54.55344658
1898,70.20591345
1899,69.18594301
1900,81.47295063
1901,79.94210588
1902,82.54924115
1903,82.67446993
1904,75.68268178
1905,81.36899577
1906,83.0008933
1907,62.72636418
1908,68.74543532
1909,57.5495398
1910,61.58248722
1911,49.82069066
1912,51.55230882
1913,45.12741244
1914,48.8635848
1915,45.37899887
1916,29.07428249
1917,41.60147369
1918,44.33750985
1919,51.17521544
1920,50.64037683
1921,53.95523649
1922,64.4980143
1923,73.01317153
1924,82.19247853
1925,73.92697274
1926,83.80615392
1927,73.39933017
1928,80.46164233
1929,79.95748778
1930,73.39903598
1931,73.10429086
1932,66.13939311
1933,54.75192349
1934,54.29478168
1935,45.82443778
1936,39.22345872
1937,42.56936679
1938,32.35524292
1939,41.67572721
1940,44.8205349
1941,44.61251724
1942,44.76660811
1943,51.19847076
1944,55.45834927
1945,67.71873362
1946,56.25550591
1947,73.18877805
1948,70.45056802
1949,75.5754296
1950,73.89266695
1951,64.39163377
1952,75.29530731
1953,76.69454534
1954,71.85884328
1955,68.97989255
1956,67.66935057
1957,56.17868694
1958,54.0070775
1959,51.87016363
1960,47.84750953
1961,46.0489726
1962,43.56197022
1963,43.55935996
1964,39.50479762
1965,42.96184767
1966,40.73962739
1967,54.02344243
1968,54.42402356
1969,65.2893593
1970,61.29769022
1971,65.36093269
1972,79.32591209
1973,84.68077163
1974,78.51610556
1975,87.85996533
1976,73.53342185
1977,69.61243156
1978,81.47157173
1979,62.42990924
1980,67.76861408
1981,57.93745536
1982,48.212735
1983,44.91257437
1984,52.33743373
1985,41.70567707
1986,42.67871879
1987,41.46758422
1988,36.13902541
1989,34.25743122
1990,41.91078168
1991,53.12748141
1992,59.59499765
1993,54.03124676
1994,64.13343412
1995,70.69201153
1996,68.21330416
1997,65.44844081
1998,76.76043451
1999,74.80814442
2000,76.33091968
2001,79.99224948
2002,66.70493262
2003,67.12682265
2004,71.60222258
2005,61.61380472
2006,55.14014532
2007,49.08897991
2008,49.76018508
2009,45.81130038
2010,41.48017331
2011,32.85013894
2012,40.29875325
2013,53.84887915
2014,49.63453209
2015,50.6222781
2016,56.71234494
2017,64.43766175
2018,65.7306583
2019,69.92463161
2020,76.40516271
2021,77.83822547
2022,86.14608886
2023,75.48692003
2024,80.05969376
2025,83.3878673
2026,71.64309893
2027,74.9237883
2028,76.032824
2029,52.61886702
2030,49.63065658
2031,52.11743029
2032,43.81686426
2033,37.9564611
2034,44.21684842
2035,34.82922818
2036,37.39832437
2037,38.02456635
2038,43.6575045
2039,56.91715987
2040,58.46954572
2041,53.22810254
2042,68.04625325
2043,76.98647212
2044,72.59417786
2045,82.16148094
2046,79.20524191
2047,80.81285289
2048,74.04018412
2049,86.29493973
2050,65.99712792
2051,58.00545092
2052,61.79210308
2053,60.21257235
2054,53.82254394
2055,56.41216748
2056,50.45450993
2057,40.64137048
2058,32.59384758
2059,40.99148703
2060,44.91737969
2061,34.06807838
2062,50.14059601
2063,43.29485113
2064,54.35448061
2065,64.43291792
2066,62.95138293
2067,71.14456749
2068,67.8396078
2069,91.17511356
2070,75.88356024
2071,76.71267151
2072,77.60157251
2073,74.94136235
2074,71.15511932
2075,63.76224623
2076,71.04959758
2077,62.92521328
2078,52.58221737
2079,44.40199292
2080,52.23900957
2081,46.12795413
2082,37.37762795
2083,26.99003038
2084,38.71173936
2085,48.74783841
2086,35.20498887
2087,53.18068561
2088,55.07854488
2089,60.76244157
2090,65.68050621
2091,64.94288246
2092,67.66610895
2093,75.3615967
2094,67.96481308
2095,73.53476367
2096,78.93942758
2097,82.6004704
2098,65.85046606
2099,80.30611697
2100,61.28550248
2101,60.06787778
2102,43.42051309
2103,54.4234053
2104,44.58888077
2105,49.98169799
2106,44.15750349
2107,47.34641684
2108,35.30114455
2109,38.62171541
2110,40.25663991
2111,49.02532209
2112,51.21403414
2113,56.55332027
2114,71.94519761
2115,75.7800972
2116,68.72257744
2117,72.73546348
2118,82.96774836
2119,76.13965502
2120,85.38167229
2121,75.29145793
2122,68.14982737
2123,66.47241152
2124,70.93243618
2125,60.45788806
2126,52.83252197
2127,44.00693154
2128,48.58998276
2129,46.04880536
2130,42.429982
2131,40.84045273
2132,45.51244543
2133,46.73489993
2134,38.78729746
2135,54.38131627
2136,53.36203897
2137,55.83145465
2138,58.00814142
2139,74.33894581
2140,67.28393956
2141,82.15896145
2142,83.90957725
2143,77.71188949
2144,78.09387161
2145,78.47551376
2146,71.29803217
2147,73.27323862
2148,66.87447839
2149,61.19138771
2150,56.16108046
2151,45.67252434
2152,48.81360263
2153,46.63299295
2154,48.78484687
2155,32.52092188
2156,28.32178531
2157,49.4019455
2158,47.62174878
2159,36.98362564
2160,50.67368461
2161,61.89989694
2162,58.10498478
2163,72.42949634
2164,64.52809717
2165,75.56501815
2166,82.31160349
2167,73.67593597
2168,81.25898766
2169,80.10500469
2170,75.89838522
2171,69.42779904
2172,67.36090494
2173,72.0255206
2174,58.07982654
2175,58.88523755
2176,44.94225834
2177,40.64373492
2178,33.74216713
2179,38.11871851
2180,34.1954202
2181,37.5074424
2182,44.9292384
2183,61.13434211
2184,63.74350375
2185,59.39141743
2186,59.20946464
2187,65.72000884
2188,72.73435632
2189,80.53190083
2190,78.94536577
2191,76.05312863
2192,79.11532381
2193,63.83546995
2194,72.54279753
2195,68.75884577
2196,66.90346223
2197,53.92932668
2198,53.16381714
2199,49.9457976
2200,45.62193972
2201,48.41542903
2202,48.67074011
2203,38.56427083
2204,43.0180432
2205,39.62260105
2206,43.92162674
2207,51.35698598
2208,53.84471744
2209,54.56440298
2210,57.48293271
2211,72.67107311
2212,70.84929011
2213,71.03821609
2214,80.43298573
2215,81.63733721
2216,85.77497827
2217,70.3577592
2218,85.78544007
2219,67.7789419
2220,61.96287391
2221,65.9577786
2222,59.90889631
2223,53.51057003
2224,47.41335882
2225,45.50498065
2226,39.18321636
2227,43.98689933
2228,43.7581728
2229,36.3092942
2230,48.00985355
2231,53.6011792
2232,58.22984596
2233,63.74990953
2234,68.30352744
2235,68.61592121
2236,81.83655903
2237,73.51050702
2238,68.61636304
2239,78.67778428
2240,81.04857825
2241,76.65032704
2242,73.29937174
2243,68.15266997
2244,69.23798424
2245,56.96782727
2246,47.13417468
2247,48.61791137
2248,43.65227288
2249,41.57118884
2250,44.97175874
2251,42.13510889
2252,39.82001981
2253,41.2062696
2254,56.7063584
2255,52.36012402
2256,61.40445005
2257,60.58098031
2258,62.27038676
2259,66.94524331
2260,78.25922995
2261,79.33588318
2262,83.35714495
2263,81.6979738
2264,76.63792396
2265,74.55289516
2266,62.84036914
2267,73.83042257
2268,67.97744653
2269,48.44324738
2270,50.10365649
2271,48.49808664
2272,55.04682459
2273,41.62134996
2274,38.05813257
2275,33.03424876
2276,42.52607812
2277,46.52599715
2278,45.03122377
2279,45.30753752
2280,63.21211663
2281,64.56521818
2282,62.19647273
2283,65.4455459
2284,71.23451444
2285,71.3015181
2286,71.44489733
2287,83.86719786
2288,82.86321064
2289,82.42982625
2290,76.49100199
2291,71.21703555
2292,69.75698391
2293,57.70042334
2294,54.80814719
2295,55.36871402
2296,52.54552804
2297,42.19907704
2298,38.63980143
2299,40.99321703
2300,40.19943406
2301,47.28476244
2302,38.3120912
2303,48.35541653
2304,55.90236383
2305,55.59703802
2306,60.82161675
2307,69.23098945
2308,61.37460347
2309,90.86106037
2310,78.24333793
2311,73.18194103
2312,82.42478628
2313,81.96819015
2314,62.97617853
2315,76.09844328
2316,61.71964344
2317,54.36986938
2318,53.44149343
2319,51.12701076
2320,47.52149737
2321,46.45164761
2322,38.39515498
2323,43.03989172
2324,45.6708611
2325,38.01591942
2326,49.16513367
2327,43.68119758
2328,51.08739756
2329,56.95515925
2330,72.49373922
2331,68.30645331
2332,79.04824965
2333,74.89276668
2334,75.208089
2335,87.99872263
2336,77.32313547
2337,64.16726183
2338,70.86630474
2339,68.12653414
2340,65.81549088
2341,62.64072309
2342,55.85527505
2343,51.72972249
2344,43.04214915
2345,33.1851493
2346,47.81635615
2347,43.31310714
2348,41.79453874
2349,35.24537758
2350,44.4151081
2351,52.8512526
2352,65.59809167
2353,63.81730029
2354,60.1236756
2355,64.58879962
2356,59.56780094
2357,72.62248802
2358,78.9772175
2359,79.56706885
2360,78.04917123
2361,79.71665954
2362,75.15955492
2363,71.05099795
2364,69.64386038
2365,65.01847334
2366,57.04072474
2367,54.09648021
2368,36.5046185
2369,40.97434358
2370,48.52087337
2371,47.83340708
2372,32.04553632
2373,48.36315511
2374,49.62224666
2375,46.62631076
2376,55.69019895
2377,56.91567296
2378,68.59337153
2379,69.21028519
2380,78.58340708
2381,73.63422743
2382,73.89849977
2383,75.78455188
2384,63.61708929
2385,69.56998541
2386,74.00049762
2387,70.30520613
2388,65.0487749
2389,63.49728574
2390,54.05318302
2391,50.58863537
2392,53.83735093
2393,44.82735268
2394,41.6082587
2395,46.34403213
2396,37.6943493
2397,42.89260342
2398,53.88174394
2399,55.95836263
2400,58.69000801
2401,65.12289387
2402,68.19665252
2403,75.59227591
2404,79.49676788
2405,74.94942243
2406,81.6874052
2407,72.81529758
2408,81.60262175
2409,72.24076204
2410,73.63931716
2411,68.07135789
2412,69.32676196
2413,54.46108681
2414,70.06492828
2415,44.36875242
2416,44.84856135
2417,39.852445
2418,37.71987121
2419,44.60955203
2420,44.52751845
2421,41.8227159
2422,52.49514052
2423,48.91029412
2424,56.25722425
2425,64.23319088
2426,55.85855064
2427,68.0131933
2428,76.82630578
2429,74.28021266
2430,76.8495703
2431,81.90555906
2432,78.07425009
2433,80.87490931
2434,79.18992203
2435,65.96003941
2436,67.55497708
2437,63.24715989
2438,48.463659
2439,47.12586459
2440,35.55119619
2441,46.4231713
2442,39.01788182
2443,34.97511625
2444,33.0096875
2445,40.05389456
2446,52.16856525
2447,57.11305658
2448,55.15439984
2449,57.35040568
2450,68.888157
2451,75.67379043
2452,75.37719947
2453,68.23768648
2454,82.23338835
2455,79.28022462
2456,81.59037853
2457,75.76969282
2458,72.09690456
2459,69.10021444
2460,68.75014548
2461,64.03722387
2462,50.74602554
2463,49.10058276
2464,57.38452433
2465,37.56056761
2466,33.44268879
2467,35.02205776
2468,44.74908254
2469,45.52455908
2470,50.45899735
2471,41.08096218
2472,53.99616813
2473,56.76555257
2474,66.73365594
2475,68.35830143
2476,72.8169959
2477,75.83154999
2478,86.33614591
2479,75.01015427
2480,77.34490572
2481,72.11006444
2482,68.15241915
2483,72.97556143
2484,70.3500716
2485,62.09699974
2486,59.10491496
2487,47.2748925
2488,45.37145172
2489,46.92799522
2490,29.18865145
2491,41.51994502
2492,28.26069096
2493,39.709026
2494,52.89502916
2495,38.68585187
2496,65.27493316
2497,59.49124034
2498,57.32450437
2499,63.79087965
2500,78.71112681
2501,73.73369409
2502,76.86245331
2503,84.19443174
2504,74.62131727
2505,81.18398703
2506,79.89554955
2507,70.07602111
2508,63.00343457
2509,51.85814802
2510,56.53992691
2511,55.01641648
2512,40.24759495
2513,45.54314047
2514,39.95298393
2515,36.80660958
2516,44.53749354
2517,40.81006002
2518,42.42679036
2519,47.50545996
2520,60.89126231
2521,59.96045525
2522,80.46736191
2523,66.90265275
2524,77.30694128
2525,74.41383895
2526,85.04847878
2527,79.05984758
2528,86.09333916
2529,78.26871847
2530,73.29030295
2531,67.98162674
2532,62.00264935
2533,66.05117684
2534,49.57350715
2535,54.68265763
2536,43.28533705
2537,41.62625877
2538,35.20025172
2539,29.8782073
2540,34.93115754
2541,42.03226048
2542,52.81764739
2543,44.89476043
2544,55.86001072
2545,56.52526428
2546,62.48257865
2547,62.26835005
2548,75.66367382
2549,72.24449433
2550,75.11114533
2551,83.91238833
2552,73.07395541
2553,73.4628588
2554,77.37440062
2555,60.58033725
2556,61.36260638
2557,57.97432372
2558,51.61234454
2559,57.24355207
2560,51.00755533
2561,33.60250201
2562,45.88675674
2563,44.12721227
2564,36.09424732
2565,45.7661327
2566,41.65678497
2567,42.32767777
2568,55.15946217
2569,66.67804523
2570,74.71707501
2571,72.29558362
2572,81.13108275
2573,71.22709718
2574,79.06623032
2575,74.31245379
2576,76.93521212
2577,76.28493205
2578,76.15817761
2579,64.92922658
2580,68.93516394
2581,59.19560408
2582,55.09691313
2583,48.42496141
2584,53.27257939
2585,37.69388472
2586,40.09544771
2587,42.7322528
2588,41.01528223
2589,43.22851229
2590,51.39016487
2591,55.53228008
2592,51.94583379
2593,59.45435543
2594,62.27900112
2595,70.98588566
2596,83.67536009
2597,78.66712321
2598,80.36070742
2599,76.52351756
2600,71.74118418
2601,75.73245227
2602,70.89276485
2603,74.46553553
2604,60.3983741
2605,59.30426977
2606,47.01885452
2607,56.90912114
2608,46.17894711
2609,56.29709682
2610,40.17649242
2611,42.64092234
2612,39.93662056
2613,39.9212722
2614,50.31000705
2615,46.33865687
2616,59.31383019
2617,56.77921232
2618,66.43852244
2619,66.83447111
2620,83.28612216
2621,79.54370579
2622,73.1217417
2623,78.70988406
2624,69.82523461
2625,68.5927912
2626,70.82716962
2627,65.68054803
2628,73.88232413
2629,59.72878946
2630,52.51908642
2631,54.87247852
2632,36.67766114
2633,48.61676188
2634,37.77987883
2635,43.15829388
2636,37.75911488
2637,44.8692345
2638,52.21581314
2639,44.77100033
2640,62.51059677
2641,51.74047738
2642,62.89109588
2643,59.00661505
2644,77.67077738
2645,77.15314048
2646,82.0376382
2647,83.19503256
2648,73.79017054
2649,69.00498256
2650,74.17286582
2651,70.42547555
2652,66.09062911
2653,52.53073281
2654,59.35890596
2655,49.37852443
2656,51.98219421
2657,54.78666349
2658,45.47118761
2659,41.18051064
2660,41.05683868
2661,43.11191785
2662,43.39482362
2663,47.58708555
2664,60.32769806
2665,67.7863345
2666,58.86816912
2667,73.88253312
2668,73.43630855
2669,78.48500014
2670,84.66034027
2671,76.00522661
2672,76.40459752
2673,71.97601061
2674,74.54073467
2675,69.24393567
2676,62.20432161
2677,59.02408169
2678,44.12617196
2679,57.95083126
2680,44.35762798
2681,48.51186442
2682,43.53324048
2683,45.80863819
2684,40.89300862
2685,41.87032062
2686,50.70297206
2687,51.54510662
2688,53.15786198
2689,66.90313364
2690,65.48031122
2691,65.8579396
2692,74.38979481
2693,80.47090134
2694,69.08754179
2695,79.72786634
2696,84.53061592
2697,70.9503229
2698,72.04527369
2699,74.72826166
2700,57.84216289
2701,61.4995523
2702,49.44690584
2703,52.9322312
2704,43.94303632
2705,42.1813804
2706,42.54018822
2707,40.66685934
2708,44.07756596
2709,30.73147175
2710,37.88533134
2711,44.8991392
2712,54.81478318
2713,54.01112581
2714,54.41513635
2715,70.99084855
2716,72.65728003
2717,71.56363358
2718,72.14955935
2719,83.42644399
2720,78.22398741
2721,79.07681265
2722,68.20574868
2723,63.33624618
2724,68.9312255
2725,66.5211324
2726,57.17630479
2727,43.55069872
2728,38.8603587
2729,41.92993886
2730,41.14172863
2731,40.46432291
2732,38.1936144
2733,45.99468747
2734,50.58520732
2735,42.42010641
2736,62.09117771
2737,60.69199397
2738,65.60580708
2739,70.95140513
2740,76.07149026
2741,67.35048704
2742,75.97838022
2743,76.99616283
2744,77.08410795
2745,78.51553952
2746,67.71624484
2747,68.38079923
2748,65.82132503
2749,61.20214205
2750,60.15316159
2751,49.07409368
2752,54.53864465
2753,34.22042015
2754,36.71738214
2755,38.54565827
2756,41.51168868
2757,44.69969417
2758,39.62400821
2759,44.0165357
2760,56.16975778
2761,60.1184334
2762,58.33874897
2763,64.77781485
2764,67.92516508
2765,71.83772414
2766,80.38373472
2767,82.85623542
2768,83.01622222
2769,70.6724067
2770,84.03177573
2771,67.30165243
2772,75.57193909
2773,56.40200708
2774,50.60924849
2775,51.76883484
2776,42.95360199
2777,43.22703526
2778,49.33865953
2779,36.28915697
2780,40.165284
2781,40.89860195
2782,38.37654087
2783,50.40025395
2784,47.53986928
2785,53.84662888
2786,70.75331737
2787,63.2486528
2788,71.66231765
2789,80.87454718
2790,81.9099279
2791,76.74407783
2792,71.01932594
2793,75.3976764
2794,73.25050342
2795,72.84215598
2796,68.88041408
2797,57.69480763
2798,49.32634527
2799,54.75092811
2800,34.28556596
2801,39.58524463
2802,45.03668207
2803,45.68547912
2804,37.11586705
2805,44.0474663
2806,41.14641008
2807,46.00523143
2808,54.96713067
2809,63.45115605
2810,66.02086862
2811,67.72526064
2812,74.36249906
2813,72.09676159
2814,79.38217442
2815,79.85716745
2816,76.87363079
2817,79.19214729
2818,73.29265953
2819,69.96219613
2820,68.91640931
2821,53.9037876
2822,54.90041434
2823,48.32000082
2824,43.9256487
2825,45.70904065
2826,39.76621367
2827,32.8185129
2828,52.36046846
2829,51.46766231
2830,46.71175793
2831,50.06146455
2832,52.04099896
2833,49.75217632
2834,73.6971429
2835,62.66711186
2836,72.20619291
2837,72.18048307
2838,77.7191365
2839,76.97580179
2840,74.04152019
2841,80.826763
2842,76.97986153
2843,73.62049143
2844,64.1561994
2845,65.7551641
2846,50.32056221
2847,49.98470822
2848,43.24572341
2849,39.512583
2850,49.91876962
2851,35.16411842
2852,39.37652416
2853,47.13673073
2854,48.9887159
2855,53.06418063
2856,56.1514744
2857,55.01629109
2858,66.0372199
2859,65.17695594
2860,64.31868897
2861,73.83507542
2862,76.89331071
2863,77.28045706
2864,83.6363198
2865,68.51603884
2866,69.136385
2867,60.71783487
2868,59.94741936
2869,51.72626819
2870,50.68196209
2871,54.97676643
2872,47.91288541
2873,43.66140282
2874,34.51826133
2875,36.53049437
2876,38.99390094
2877,49.64450834
2878,44.15616003
2879,44.45788596
2880,48.79472611
2881,62.16388349
2882,68.60797184
2883,71.10170089
2884,71.91097301
2885,83.95028749
2886,75.35261972
2887,73.92439906
2888,63.84098703
2889,72.82373369
2890,75.48349436
2891,74.87730395
2892,64.3049817
2893,60.28286694
2894,54.13763549
2895,49.25075197
2896,51.11065399
2897,42.09890544
2898,28.37582167
2899,44.68349488
2900,32.98759705
2901,37.97521941
2902,41.67466225
2903,43.55803438
2904,48.49446518
2905,57.06837161
2906,66.55830544
2907,79.08776243
2908,73.60734713
2909,73.08671237
2910,68.58163489
2911,90.96277876
2912,78.95760321
2913,79.30181909
2914,70.29614908
2915,70.29977781
2916,64.26557116
2917,57.62221607
2918,52.18361465
2919,47.02337942
2920,49.42285074
2921,46.53505982
2922,35.59570436
2923,40.6077121
2924,34.11912141
2925,38.34179728
2926,42.67801226
2927,45.07694157
2928,43.17538969
2929,51.7675772
2930,59.53223666
2931,67.98043223
2932,85.58737739
2933,69.66804798
2934,74.1664574
2935,79.40679126
2936,75.87681547
2937,78.47866412
2938,70.85631404
2939,65.28261724
2940,58.43504843
2941,59.90198248
2942,52.0830668
2943,52.11223653
2944,43.80278405
2945,35.5694481
2946,35.86022485
2947,43.06184195
2948,35.52718838
2949,43.28773612
2950,55.71647953
2951,51.43382687
2952,53.83604747
2953,65.61035946
2954,59.95455893
2955,73.83990686
2956,64.52799401
2957,69.20376775
2958,83.29785553
2959,68.04757673
2960,68.22373758
2961,74.63139242
2962,72.99592437
2963,64.51889437
2964,69.17948124
2965,60.1204058
2966,52.7348526
2967,53.79171817
2968,34.46058342
2969,41.68097459
2970,42.08209498
2971,48.79446456
2972,38.77665765
2973,35.35075396
2974,43.97144469
2975,49.51537739
2976,48.20774754
2977,54.7430549
2978,64.68955434
2979,66.68380936
2980,69.56984392
2981,72.44111672
2982,74.60438453
2983,76.4538167
2984,72.67626218
2985,73.45052563
2986,73.68851801
2987,60.64203464
2988,68.96494813
2989,59.66835213
2990,50.68075097
2991,46.2741681
2992,55.18594022
2993,39.37750311
2994,42.11802098
2995,37.29685339
2996,50.54019328
2997,43.22655301
2998,43.86564168
2999,41.96643417
3000,55.9949284
3001,60.34571221
3002,62.26722512
3003,70.29444405
3004,74.44508401
3005,76.23646911
3006,81.15731781
3007,80.58486518
3008,79.61481257
3009,73.4473058
3010,75.73857189
3011,65.24815796
3012,62.94344843
3013,57.21045984
3014,56.12995931
3015,50.54298067
3016,39.94974913
3017,34.90285824
3018,38.96188442
3019,30.90029289
3020,42.91437558
3021,40.4527844
3022,46.02943334
3023,48.07403663
3024,60.84400683
3025,50.31892411
3026,57.64524666
3027,65.30576734
3028,74.33292234
3029,76.82720602
3030,81.6364725
3031,76.80730676
3032,67.44918762
3033,75.99943718
3034,69.18442814
3035,71.55568201
3036,74.34875961
3037,66.67359683
3038,60.2436401
3039,44.43525524
3040,40.5682391
3041,48.68766928
3042,41.97110707
3043,39.35669736
3044,37.80442075
3045,40.99565493
3046,42.77434895
3047,39.87387467
3048,48.98143283
3049,59.7540659
3050,64.0514153
3051,63.41369434
3052,73.94318354
3053,94.71853208
3054,75.74090934
3055,79.24847431
3056,74.89258105
3057,83.31033868
3058,71.58003222
3059,61.91973975
3060,64.48831543
3061,50.64616312
3062,52.85643242
3063,51.78054584
3064,41.56657382
3065,35.36149659
3066,33.07960468
3067,35.26639444
3068,36.42700929
3069,35.13590849
3070,45.03897372
3071,36.99840209
3072,49.18880001
3073,51.39536112
3074,58.56138779
3075,72.14618701
3076,74.78932425
3077,78.82617737
3078,67.10846327
3079,70.78867171
3080,77.65441959
3081,76.37733633
3082,77.22472035
3083,74.5594693
3084,54.14904165
3085,66.13045027
3086,46.98222264
3087,51.92715819
3088,44.55452727
3089,40.1442078
3090,48.70919014
3091,43.5645889
3092,35.15280507
3093,41.04941503
3094,46.51603638
3095,57.2035516
3096,54.17007926
3097,61.44365586
3098,63.09092432
3099,66.63331324
3100,76.02855336
3101,72.14305139
3102,70.0529326
3103,77.05823003
3104,74.42353932
3105,78.58645754
3106,77.08452253
3107,64.65611817
3108,58.15211082
3109,55.03600144
3110,59.82922391
3111,49.69501269
3112,47.2088985
3113,47.01385818
3114,35.69060652
3115,32.18001896
3116,38.24044481
3117,36.49219786
3118,40.14408183
3119,45.79091557
3120,53.2253058
3121,58.85451199
3122,61.32874832
3123,62.1332281
3124,74.11721379
3125,75.74741917
3126,78.99142362
3127,68.62235645
3128,77.20469634
3129,76.38113106
3130,69.0926761
3131,75.16677535
3132,65.73659426
3133,62.69629227
3134,55.853046
3135,43.7079609
3136,48.04480044
3137,39.66816721
3138,51.69343138
3139,36.0926627
3140,32.73475849
3141,38.98284069
3142,43.69629865
3143,51.17626452
3144,56.95494954
3145,49.32224554
3146,63.69641194
3147,61.20339855
3148,76.35027366
3149,71.1408053
3150,80.91834706
3151,73.6001813
3152,74.26015599
3153,81.22703188
3154,80.33846085
3155,58.96471156
3156,62.21820522
3157,59.4505004
3158,49.54401053
3159,35.08316038
3160,39.87981324
3161,46.35473278
3162,47.09861357
3163,39.49756832
3164,39.65115976
3165,42.41163551
3166,43.6510595
3167,42.74545804
3168,44.45380258
3169,54.22051498
3170,63.48382055
3171,61.10404078
3172,67.52673795
3173,75.27345134
3174,72.03112516
3175,75.13151257
3176,80.53060018
3177,81.07214488
3178,70.83985435
3179,63.7780989
3180,62.59400656
3181,60.70021465
3182,44.2561747
3183,43.86809735
3184,37.46334869
3185,39.81510675
3186,41.1501849
3187,41.78190293
3188,37.01253055
3189,34.97615328
3190,38.10404195
3191,40.86550537
3192,50.92616622
3193,51.88885339
3194,70.13936439
3195,68.54373179
3196,72.7335243
3197,77.96416852
3198,77.44867621
3199,84.16112572
3200,74.29339103
3201,74.05782685
3202,74.75837573
3203,57.63731943
3204,66.52126964
3205,53.16172278
3206,50.54830822
3207,52.93002233
3208,47.2541416
3209,34.0289194
3210,38.48191592
3211,37.10559087
3212,32.51543534
3213,40.47754775
3214,41.36650287
3215,54.61777645
3216,50.92569857
3217,60.4572304
3218,63.36513363
3219,68.20786304
3220,68.60794045
3221,70.07916208
3222,81.68074364
3223,74.91910298
3224,74.72118347
3225,72.62608516
3226,76.09597309
3227,69.76204016
3228,67.16524512
3229,62.07662037
3230,53.21864411
3231,47.88511997
3232,39.32611192
3233,32.8015108
3234,41.2013075
3235,34.25245643
3236,38.80057677
3237,42.95440471
3238,47.2381984
3239,55.17342508
3240,50.3114768
3241,59.25888859
3242,67.93208874
3243,75.55207657
3244,73.57113
3245,76.05452551
3246,80.81095219
3247,74.72530195
3248,78.99125111
3249,71.26640854
3250,78.0258826
3251,59.66663054
3252,69.48094618
3253,55.05428691
3254,58.76105704
3255,53.22496454
3256,33.76562213
3257,34.41659539
3258,39.62666502
3259,44.33849245
3260,37.88169049
3261,37.15936525
3262,39.12254491
3263,41.92713668
3264,54.92601432
3265,54.45452645
3266,62.87574819
3267,66.48248526
3268,66.76206002
3269,73.71303303
3270,77.20550233
3271,87.65515503
3272,75.28588474
3273,67.33645472
3274,78.78376745
3275,67.86953084
3276,58.22849505
3277,52.35643765
3278,47.95165823
3279,40.14617138
3280,36.96633736
3281,49.91731904
3282,35.59562487
3283,30.79581841
3284,29.28182427
3285,48.52990559
3286,39.3071657
3287,49.65472699
3288,39.21322043
3289,58.33585988
3290,62.09766113
3291,68.89917222
3292,73.21400695
3293,73.47886568
3294,80.09231597
3295,69.178028
3296,77.10828804
3297,78.90229443
3298,65.35114598
3299,62.51137512
3300,59.62215784
3301,54.80344358
3302,43.82300501
3303,50.17386199
3304,44.93609535
3305,31.93639303
3306,35.61874956
3307,29.83866298
3308,34.22588151
3309,40.74618788
3310,33.24982209
3311,43.25183989
3312,46.34977797
3313,47.80775034
3314,72.93243524
3315,68.46823142
3316,72.07962769
3317,75.20452829
3318,73.05658846
3319,78.42774522
3320,78.92861088
3321,74.04791139
3322,68.29473875
3323,70.41888259
3324,61.06012423
3325,56.6044758
3326,52.75477027
3327,39.67851419
3328,40.32321423
3329,44.04144621
3330,35.75459724
3331,29.98715289
3332,27.1096738
3333,43.64902214
3334,47.20464902
3335,39.38754245
3336,46.81109906
3337,56.5512931
3338,48.82516516
3339,59.28507339
3340,63.82012624
3341,76.44826831
3342,72.28996285
3343,77.37154213
3344,77.07738372
3345,74.53335822
3346,67.45462487
3347,69.20684267
3348,61.47226761
3349,54.31703127
3350,61.08743782
3351,54.10643519
3352,47.05290646
3353,47.21622841
3354,36.81838394
3355,41.6188347
3356,37.14720171
3357,39.45171671
3358,47.89998896
3359,54.13614273
3360,57.6090693
3361,58.24616941
3362,59.99678981
3363,63.03524502
3364,74.94073557
3365,68.95016224
3366,63.91208552
3367,74.00330035
3368,73.08332166
3369,72.11380623
3370,72.00997516
3371,69.64857522
3372,60.42367625
3373,60.9895355
3374,51.98293271
3375,51.54284322
3376,52.65569122
3377,34.88888147
3378,38.00033707
3379,43.62711944
3380,44.27523321
3381,38.81811712
3382,44.7328159
3383,43.88296199
3384,53.2114659
3385,59.59492344
3386,75.26616104
3387,71.04073234
3388,72.23213375
3389,76.47845273
3390,83.91404064
3391,74.77276852
3392,72.08664753
3393,75.32903948
3394,66.35861804
3395,71.96784965
3396,64.03095422
3397,55.69457408
3398,49.76564471
3399,42.79029313
3400,48.21738569
3401,39.568578
3402,34.36231874
3403,32.77813082
3404,32.51995667
3405,42.87999685
3406,42.88622257
3407,54.29069686
3408,45.79221478
3409,51.19251681
3410,57.7270305
3411,64.26639861
3412,64.95395349
3413,70.65679985
3414,67.99269207
3415,72.59361504
3416,73.59930007
3417,78.19679846
3418,65.02810018
3419,60.76368129
3420,58.16484549
3421,56.15467299
3422,55.25006063
3423,45.07217993
3424,39.12604638
3425,36.62392896
3426,45.39924366
3427,44.59044217
3428,38.06108222
3429,33.41252873
3430,40.48936757
3431,43.02065496
3432,42.87709847
3433,63.67239685
3434,59.50313814
3435,63.67041014
3436,75.46769051
3437,75.38602024
3438,71.89043497
3439,71.82761836
3440,83.12239659
3441,80.42554968
3442,77.43562748
3443,64.04656975
3444,62.25675943
3445,48.95122515
3446,52.32787126
3447,46.57121017
3448,52.10133005
3449,28.85984143
3450,36.13516541
3451,30.769516
3452,37.91930045
3453,39.67222193
3454,31.41892898
3455,45.19217325
3456,53.25537825
3457,60.9601618
3458,61.12962529
3459,71.25604841
3460,80.98935287
3461,80.5394427
3462,73.25324658
3463,75.97213573
3464,72.42636816
3465,71.88354224
3466,68.50015463
3467,57.77180425
3468,59.21896288
3469,60.23965158
3470,57.97890909
3471,41.02968326
3472,37.65579621
3473,33.61713846
3474,32.81869908
3475,33.74124142
3476,35.3601992
3477,39.43510249
3478,45.74673011
3479,43.98194553
3480,51.28054071
3481,58.71506154
3482,62.80816518
3483,68.64549309
3484,65.37464402
3485,73.85966954
3486,72.22698042
3487,74.27772457
3488,76.91774228
3489,67.88980447
3490,69.34491071
3491,63.87317656
3492,59.76538494
3493,59.20190274
3494,45.97174575
3495,42.11568653
3496,40.07863839
3497,36.35031728
3498,43.93340594
3499,39.91578381
3500,34.6668385
3501,39.9723374
3502,42.85066404
3503,41.1332921
3504,48.23583669
3505,54.82315344
3506,67.22410741
3507,67.25488004
3508,71.79068752
3509,71.49682668
3510,68.48733318
3511,77.64848891
3512,68.97584501
3513,66.72809744
3514,61.40894838
3515,61.48692384
3516,58.09993257
3517,60.70891704
3518,49.95816025
3519,52.78109533
3520,37.6241054
3521,39.34528101
3522,22.27485517
3523,28.71260983
3524,33.51752888
3525,36.30287462
3526,46.00912262
3527,51.44370748
3528,43.39517013
3529,55.5623311
3530,63.39627163
3531,66.38239452
3532,77.03195786
3533,73.86052952
3534,79.67165177
3535,74.37633354
3536,76.59680304
3537,70.39843527
3538,63.05853502
3539,69.25817814
3540,61.89405286
3541,55.84247036
3542,56.1237036
3543,44.17004328
3544,36.26696489
3545,40.93871571
3546,34.17762793
3547,34.52789368
3548,36.06090528
3549,38.26469093
3550,45.45469319
3551,49.28945643
3552,44.7094033
3553,60.79490503
3554,53.34239396
3555,72.25595448
3556,69.68551906
3557,70.91078197
3558,68.27890346
3559,78.53400489
3560,71.37477699
3561,67.08623495
3562,75.41911433
3563,75.65307975
3564,63.4321939
3565,50.78805309
3566,54.57000415
3567,42.0446405
3568,41.36735331
3569,44.24353423
3570,20.14483136
3571,33.98492288
3572,40.13819927
3573,40.66537505
3574,39.35657129
3575,42.79769932
3576,47.72468711
3577,56.68813031
3578,63.64572737
3579,64.60867104
3580,72.10646696
3581,67.12981445
3582,78.73496274
3583,75.72133441
3584,69.93262759
3585,80.62159418
3586,77.06763535
3587,53.8483295
3588,69.73715323
3589,60.19554936
3590,60.24008947
3591,48.0136856
3592,43.1817873
3593,37.76576707
3594,44.06652415
3595,40.55035772
3596,42.67672837
3597,41.86027616
3598,57.98251442
3599,41.21780968
3600,47.53212649
3601,53.16418479
3602,56.24177235
3603,54.07073359
3604,66.5370506
3605,69.40224734
3606,77.4880019
3607,79.00672815
3608,82.37960556
3609,75.20632153
3610,65.37956473
3611,67.67151092
3612,66.62793044
3613,59.67808462
3614,54.37634914
3615,50.29118935
3616,42.75177402
3617,36.87493203
3618,39.75054946
3619,27.35011435
3620,46.55700537
3621,39.96165997
3622,40.81046776
3623,49.56539772
3624,43.367299
3625,59.35126948
3626,60.83449858
3627,65.31215849
3628,66.19343023
3629,59.79492896
3630,80.18540958
3631,79.63054121
3632,73.63642828
3633,67.95898751
3634,72.81602897
3635,64.28897322
3636,53.32184935
3637,51.59773698
3638,56.36629487
3639,43.84599995
3640,44.06650366
3641,29.81509241
3642,36.38246786
3643,39.96109045
3644,37.45395634
3645,36.92380501
3646,30.30989403
3647,56.33178946
3648,45.97117663
3649,59.87280658
3650,56.80075235
3651,56.70008641
3652,76.66224043
3653,79.35215085
3654,73.52925685
3655,73.26821511
3656,68.76062628
3657,69.71787373
3658,77.91172469
3659,54.19963276
3660,52.6757962
3661,47.67482337
3662,47.35572504
3663,49.10516239
3664,39.30409627
3665,38.76781351
3666,42.93550883
3667,27.85087352
3668,32.26725059
3669,30.97508127
3670,39.37276575
3671,52.52082935
3672,43.98030019
3673,43.75174148
3674,56.74076359
3675,60.19250465
3676,63.8382082
3677,70.39550036
3678,60.31164326
3679,81.61358079
3680,71.59088305
3681,71.47979224
3682,72.16080774
3683,59.16442747
3684,55.85750092
3685,53.05342521
3686,48.73314285
3687,44.45402904
3688,40.07902379
3689,45.26783802
3690,31.06664342
3691,36.45556674
3692,30.55049125
3693,30.07755313
3694,33.8115817
3695,46.74338808
3696,51.00955019
3697,55.67100954
3698,59.13415422
3699,57.91927128
3700,69.03324478
3701,76.13388101
3702,86.67744382
3703,75.05185324
3704,78.24329919
3705,60.41179938
3706,69.05536429
3707,60.47264324
3708,52.41762853
3709,59.11758497
3710,41.18912308
3711,52.33387081
3712,46.60634873
3713,40.73359486
3714,35.93796672
3715,24.66067869
3716,38.78303403
3717,35.75195602
3718,43.95056633
3719,41.6144011
3720,51.5263725
3721,57.32756691
3722,57.64987938
3723,61.0420509
3724,66.43473381
3725,65.48108623
3726,81.39249949
3727,72.67708197
3728,84.71755988
3729,76.47098614
3730,70.82216682
3731,68.65087919
3732,55.57310654
3733,47.60465916
3734,54.55941903
3735,47.90251871
3736,43.71977649
3737,40.03494405
3738,40.1215853
3739,36.98922354
3740,40.84229132
3741,36.04597108
3742,41.20695287
3743,34.4969516
3744,49.23032872
3745,52.31744626
3746,66.3674676
3747,62.16169737
3748,73.26257747
3749,74.20591541
3750,76.07100449
3751,68.50053893
3752,72.82866552
3753,74.93303197
3754,75.41883017
3755,62.8357203
3756,49.70069772
3757,52.19025222
3758,50.11156695
3759,44.66530788
3760,42.36595711
3761,37.07923102
3762,31.56089885
3763,35.48549933
3764,42.91820132
3765,50.87212696
3766,37.46319222
3767,44.25851636
3768,50.98426714
3769,55.64894785
3770,64.9642398
3771,63.40487794
3772,65.71251654
3773,70.8248408
3774,73.79982653
3775,74.705144
3776,61.78938551
3777,73.2637789
3778,63.44018703
3779,53.75161097
3780,59.95433578
3781,53.03451718
3782,41.65062386
3783,50.92361917
3784,47.13837215
3785,37.45589985
3786,32.69241885
3787,35.45020652
3788,37.84267223
3789,34.34002673
3790,34.0284197
3791,53.74406861
3792,45.01186388
3793,58.35507585
3794,59.63908432
3795,65.10563797
3796,73.29163152
3797,76.30501083
3798,74.12170719
3799,74.01286969
3800,80.70169039
3801,73.43145788
3802,71.16584465
3803,72.18179009
3804,50.88047849
3805,53.83551439
3806,51.02149844
3807,34.75075614
3808,39.40872023
3809,43.70542754
3810,36.61727447
3811,44.61337057
3812,31.45570173
3813,32.14252675
3814,38.24290915
3815,47.66610548
3816,52.72350791
3817,53.18073451
3818,53.87732131
3819,64.94015697
3820,76.92604989
3821,70.39979262
3822,80.81199896
3823,80.30706045
3824,68.83701259
3825,63.53378516
3826,79.14443486
3827,51.98671212
3828,63.46154648
3829,53.06356753
3830,43.49906594
3831,40.85037849
3832,33.45566211
3833,43.41688159
3834,30.17675505
3835,35.89337742
3836,26.47056291
3837,35.24532359
3838,40.13759425
3839,44.61008686
3840,48.71010596
3841,54.98236528
3842,66.99248658
3843,66.58841685
3844,66.68329583
3845,77.18822105
3846,81.96661409
3847,72.11091178
3848,71.9327498
3849,75.6502371
3850,69.96445496
3851,71.56117427
3852,57.03187681
3853,46.97912882
3854,44.87778199
3855,52.22807946
3856,35.95251307
3857,37.61300406
3858,31.66358654
3859,35.85258837
3860,35.03724797
3861,35.72762425
3862,38.84341019
3863,49.68943953
3864,42.58679055
3865,57.66668954
3866,60.82426794
3867,57.50596447
3868,65.77089794
3869,76.09290622
3870,78.18491819
3871,60.27816258
3872,69.95107005
3873,71.7707142
3874,65.09352957
3875,71.1059556
3876,59.41263019
3877,44.45510033
3878,49.25094998
3879,39.98558639
3880,39.61696605
3881,33.45205744
3882,39.11292517
3883,32.69625775
3884,26.13164022
3885,32.98958948
3886,39.25815097
3887,44.73775599
3888,57.43752171
3889,52.68371898
3890,59.36873377
3891,63.0575804
3892,74.9818482
3893,69.83817979
3894,78.81608478
3895,84.72192518
3896,73.97367581
3897,77.00019001
3898,66.4695309
3899,68.82665191
3900,67.01491716
3901,45.15965324
3902,49.24959344
3903,38.28440643
3904,31.30676293
3905,43.9824659
3906,34.202641
3907,28.86023651
3908,32.60418459
3909,36.87851673
3910,43.03328595
3911,42.75927709
3912,43.37528618
3913,49.29388106
3914,55.05108466
3915,61.62761035
3916,67.95733798
3917,65.45780406
3918,79.185685
3919,72.85330979
3920,65.05523581
3921,71.79754403
3922,65.29762041
3923,54.60356562
3924,66.02745729
3925,55.54608571
3926,51.31230508
3927,38.08563204
3928,35.35686231
3929,32.62366931
3930,22.74147677
3931,27.07503811
3932,35.10677717
3933,36.01726246
3934,43.45477433
3935,36.4581352
3936,43.80753902
3937,62.09224246
3938,62.7331688
3939,57.15475242
3940,65.07698581
3941,74.18253643
3942,60.13665146
3943,68.6972953
3944,78.54633839
3945,72.72186587
3946,66.88696952
3947,63.34168304
3948,58.64547295
3949,53.86118962
3950,39.01852426
3951,38.46562942
3952,33.06186684
3953,34.75748495
3954,33.22336153
3955,29.81237291
3956,36.05761162
3957,35.1113128
3958,40.08429702
3959,42.5273714
3960,47.92112925
3961,55.53796799
3962,57.33363689
3963,63.75271893
3964,63.3531365
3965,71.87959292
3966,72.82948004
3967,75.27928793
3968,74.67114921
3969,75.6119364
3970,69.52177609
3971,56.12012993
3972,53.10835406
3973,41.49147094
3974,50.75465018
3975,37.48309227
3976,37.34707209
3977,33.01727298
3978,28.08173013
3979,36.71233791
3980,30.36690711
3981,28.9892384
3982,40.76875911
3983,36.38369645
3984,47.8619001
3985,52.42965439
3986,54.0756839
3987,62.17173473
3988,63.29786534
3989,72.17981248
3990,78.17935809
3991,73.08154799
3992,63.77782484
3993,69.08458242
3994,66.13752425
3995,66.68857838
3996,60.97700424
3997,51.45407838
3998,56.42273519
3999,40.80094599
4000,35.7309824
4001,33.34656051
4002,39.73130057
4003,41.07476726
4004,29.94184233
4005,33.89486944
4006,39.94734232
4007,44.53214608
4008,52.87689258
4009,53.55951147
4010,71.45832007
4011,66.32329196
4012,60.40316569
4013,65.56643522
4014,67.10596987
4015,71.56124404
4016,77.08596938
4017,68.28303767
4018,67.40221021
4019,64.86974927
4020,60.39861481
4021,53.11537342
4022,47.42293004
4023,45.96143138
4024,34.54503721
4025,41.27480896
4026,35.44136987
4027,31.78259278
4028,32.72436674
4029,32.1724644
4030,41.98958638
4031,36.43427837
4032,47.06283892
4033,49.09925202
4034,58.72521358
4035,63.01981765
4036,72.77484716
4037,74.23767915
4038,71.09618971
4039,66.32515971
4040,74.60980563
4041,78.43540442
4042,56.09780153
4043,64.25476354
4044,53.55111694
4045,43.22441962
4046,51.17752555
4047,42.18429058
4048,43.58905009
4049,13.53580971
4050,26.02106314
4051,22.19364137
4052,33.81029464
4053,22.69261082
4054,40.79128895
4055,42.06996401
4056,34.68877989
4057,49.02006689
4058,60.0632683
4059,63.32668307
4060,68.56120735
4061,64.98057157
4062,66.23879587
4063,73.6063578
4064,66.73927229
4065,63.94704989
4066,69.20750667
4067,59.9243102
4068,47.07517522
4069,53.85900488
4070,39.56575176
4071,46.65414852
4072,43.90674813
4073,37.72416435
4074,29.10339171
4075,27.00197445
4076,39.79652164
4077,36.67223317
4078,35.79756254
4079,38.41085615
4080,55.70641141
4081,50.65753604
4082,59.1024883
4083,72.96205207
4084,72.40901036
4085,60.31606361
4086,74.05722392
4087,80.30743044
4088,66.93698512
4089,73.6791439
4090,60.01476321
4091,63.21958206
4092,65.19323551
4093,50.3147272
4094,46.07621489
4095,37.51318176
4096,40.78544928
4097,31.73503461
4098,33.04335882
4099,32.7466121
4100,34.24798328
4101,39.79753314
4102,42.45523621
4103,52.60284178
4104,45.86884848
4105,42.8910217
4106,63.2101001
4107,69.36425162
4108,69.60252914
4109,67.42539178
4110,67.39791344
4111,69.63094887
4112,76.919582
4113,71.30019889
4114,65.9335663
4115,54.55933979
4116,49.46220932
4117,45.95754961
4118,36.69977752
4119,42.88229129
4120,28.09012209
4121,27.70450752
4122,33.80973246
4123,28.1839
4124,32.92413006
4125,35.46892163
4126,48.80380178
4127,38.87354133
4128,38.86479046
4129,53.88210918
4130,62.73314216
4131,61.14025783
4132,70.83239702
4133,65.44607519
4134,68.32835522
4135,76.03316731
4136,67.063761
4137,73.24431054
4138,66.4187652
4139,59.9242781
4140,63.72559906
4141,53.73112018
4142,39.58082108
4143,41.21004346
4144,37.22480223
4145,37.99834821
4146,31.9579247
4147,29.88254516
4148,37.07462335
4149,34.20172945
4150,45.0696826
4151,42.39929803
4152,41.13442908
4153,52.03497458
4154,55.2803831
4155,57.22724879
4156,63.53768693
4157,76.07470788
4158,68.5128905
4159,71.07198666
4160,70.10993463
4161,70.74757671
4162,71.3583665
4163,64.59726511
4164,57.20799066
4165,56.82551635
4166,53.89990747
4167,40.41379736
4168,40.18326737
4169,29.50060867
4170,33.8521757
4171,26.3577572
4172,29.34603555
4173,24.52519183
4174,35.62176841
4175,44.98099825
4176,42.69966273
4177,49.0888814
4178,59.23198056
4179,63.28480389
4180,73.54911682
4181,74.27461946
4182,71.39565179
4183,66.4484525
4184,70.15055383
4185,76.33329924
4186,79.23778222
4187,56.29895559
4188,56.62469281
4189,53.32858425
4190,43.2687975
4191,35.02499349
4192,35.54448113
4193,38.81141847
4194,30.33673552
4195,28.78834516
4196,35.04563145
4197,46.26430109
4198,27.3274196
4199,45.21153235
4200,41.44622679
4201,50.12013689
4202,54.72459779
4203,64.44031954
4204,59.39589599
4205,66.0307656
4206,71.12413076
4207,70.41367682
4208,77.50384609
4209,68.99390915
4210,63.18477463
4211,66.32156839
4212,59.86531573
4213,50.74265023
4214,44.73056347
4215,45.77454487
4216,37.42172668
4217,36.07565294
4218,23.89598684
4219,40.73304928
4220,38.38491626
4221,32.47049957
4222,39.16678474
4223,42.05761177
4224,46.98414891
4225,61.01455405
4226,53.25832202
4227,66.1915432
4228,66.69136694
4229,61.03641242
4230,67.96850353
4231,75.84362539
4232,69.7549748
4233,66.66218439
4234,65.43161687
4235,58.20173318
4236,50.10912957
4237,50.81738025
4238,43.12116334
4239,50.54398936
4240,38.84097464
4241,25.29009524
4242,31.40658216
4243,27.96593851
4244,34.16846129
4245,29.19328818
4246,41.81318171
4247,40.56594191
4248,43.15088581
4249,51.83928086
4250,62.61324494
4251,56.88691047
4252,70.48667883
4253,66.17793398
4254,67.48519013
4255,58.97893376
4256,66.18314097
4257,65.27245897
4258,59.40300265
4259,60.30877113
4260,52.96084702
4261,39.06687128
4262,51.05587133
4263,39.95364268
4264,33.86127629
4265,34.27164023
4266,34.18422527
4267,31.31000398
4268,32.42089105
4269,36.60693823
4270,40.20886231
4271,44.62593213
4272,47.1965827
4273,43.10813
4274,48.40428029
4275,64.81837925
4276,69.82415164
4277,72.42666099
4278,73.80461146
4279,73.50035098
4280,66.23785044
4281,61.25716539
4282,65.46768262
4283,59.99571468
4284,59.67017298
4285,47.50499435
4286,41.06136801
4287,43.15333971
4288,30.21844711
4289,23.04624116
4290,24.97763909
4291,36.96059093
4292,35.4269876
4293,32.60257966
4294,37.64780997
4295,40.50158711
4296,46.52428221
4297,58.94080311
4298,56.3669384
4299,61.72399891
4300,68.07890059
4301,64.13026061
4302,69.64776043
4303,71.28336862
4304,68.13093494
4305,64.90962948
4306,55.35853239
4307,63.41879695
4308,53.40581452
4309,58.00147943
4310,40.05648977
4311,39.43548976
4312,34.84999257
4313,32.61075042
4314,41.61121818
4315,31.9008525
4316,30.38722465
4317,34.43850962
4318,36.53456012
4319,50.47284487
4320,39.56472253
4321,53.19180148
4322,61.23192048
4323,59.16893491
4324,67.57518698
4325,73.29685254
4326,68.67784452
4327,66.69288396
4328,67.43002661
4329,74.43045959
4330,55.81804171
4331,64.39927065
4332,51.25063193
4333,50.49023621
4334,44.80444354
4335,49.37594159
4336,48.57565547
4337,25.16677161
4338,25.44730067
4339,27.71773886
4340,27.80769948
4341,26.7558109
4342,45.41371113
4343,29.95371921
4344,47.37665721
4345,43.34782691
4346,56.64880483
4347,59.04626162
4348,65.09807187
4349,63.244788
4350,68.24283742
4351,69.22277976
4352,73.00740697
4353,66.24177886
4354,56.16723892
4355,56.21186506
4356,55.71416932
4357,58.72084113
4358,51.52560679
4359,38.17238364
4360,32.19103883
4361,30.9894097
4362,30.66410915
4363,31.43998717
4364,22.18668487
4365,29.76468883
4366,37.97584215
4367,42.57660734
4368,40.20845924
4369,57.18179392
4370,58.81803141
4371,58.93684597
4372,55.64262547
4373,65.71450088
4374,70.05576771
4375,63.7282073
4376,65.71232678
4377,64.44903229
4378,63.28833962
4379,58.19781676
4380,43.42819828
4381,45.10794879
4382,48.61997136
4383,30.69157637
4384,40.91347004
4385,27.57713577
4386,26.31813619
4387,45.76146254
4388,40.09065701
4389,35.37502407
4390,34.23454803
4391,42.25593457
4392,54.08217629
4393,47.19849307
4394,51.35093561
4395,58.77316304
4396,59.95585373
4397,69.35657593
4398,70.77119641
4399,73.8080366
4400,76.03481438
4401,67.18261001
4402,60.05493539
4403,63.06696151
4404,52.09020099
4405,49.3887989
4406,50.36236261
4407,49.06974815
4408,36.02853071
4409,30.54159183
4410,30.70434386
4411,19.76585545
4412,27.82398891
4413,35.7397596
4414,42.94037448
4415,42.55919678
4416,47.37570042
4417,53.84338524
4418,57.53035925
4419,53.353986
4420,67.95600407
4421,73.01230199
4422,62.74870557
4423,66.65786686
4424,65.75509304
4425,66.64474143
4426,58.10724732
4427,53.82461284
4428,50.42173565
4429,43.28341951
4430,50.0855313
4431,35.32048616
4432,39.25260919
4433,34.02651511
4434,35.21660878
4435,28.72945439
4436,21.32862081
4437,34.11281458
4438,39.19248717
4439,33.84666016
4440,45.31755232
4441,47.90161187
4442,59.29275106
4443,62.85316808
4444,69.22377729
4445,75.15350957
4446,61.1435831
4447,62.68311416
4448,66.82446029
4449,69.89511663
4450,68.23520415
4451,55.23390972
4452,58.75645103
4453,41.95046705
4454,39.8114267
4455,42.30093064
4456,33.70288665
4457,36.51570268
4458,32.06041248
4459,28.80158102
4460,39.45212019
4461,31.14881588
4462,24.83986612
4463,40.97248067
4464,46.10197426
4465,46.53399993
4466,43.95312381
4467,54.13615504
4468,71.40239658
4469,74.87508194
4470,65.83232887
4471,70.27056698
4472,63.43974968
4473,68.47904494
4474,66.06084361
4475,67.30535823
4476,57.7989456
4477,54.6230762
4478,42.01738105
4479,36.83015909
4480,29.69727602
4481,24.15109295
4482,25.79396916
4483,32.12453188
4484,26.20587411
4485,23.62892143
4486,33.19115287
4487,36.24269787
4488,40.48461231
4489,51.66109301
4490,53.82547284
4491,47.6986028
4492,67.38436539
4493,67.2650773
4494,69.42725751
4495,54.34955093
4496,59.42238828
4497,59.45717847
4498,68.58311782
4499,57.18609574
4500,47.72525399
4501,53.83021204
4502,49.33000799
4503,39.73020061
4504,23.93192648
4505,32.87277593
4506,27.79533085
4507,26.09149846
4508,29.17340602
4509,28.36555167
4510,36.22706187
4511,28.34472231
4512,38.08544529
4513,49.34986027
4514,55.78654188
4515,55.91273447
4516,56.78708808
4517,71.86948744
4518,67.68164338
4519,65.826074
4520,76.68504587
4521,63.06879999
4522,69.62573114
4523,57.73019424
4524,57.199499
4525,47.85357441
4526,38.51004451
4527,40.00574954
4528,37.94521778
4529,30.17928673
4530,31.78027196
4531,23.96271939
4532,27.28102227
4533,29.98173145
4534,40.83459939
4535,44.23591475
4536,43.63128383
4537,53.33567597
4538,50.63644146
4539,56.54702424
4540,61.14733098
4541,66.2197879
4542,69.38440029
4543,66.82777857
4544,63.85693242
4545,65.90086639
4546,58.57422039
4547,65.35568
4548,51.18728224
4549,46.85834088
4550,36.27482479
4551,46.99266024
4552,38.22216746
4553,34.4165375
4554,33.82405264
4555,35.31772231
4556,29.27480964
4557,31.32217562
4558,43.70271612
4559,43.45499259
4560,39.66459363
4561,50.61033076
4562,57.03710583
4563,60.2552794
4564,64.13496542
4565,70.03047147
4566,70.84200696
4567,71.57531418
4568,67.65350816
4569,62.16894948
4570,67.08285302
4571,62.73817075
4572,54.84148792
4573,54.51948763
4574,38.34182022
4575,40.99913809
4576,28.84700946
4577,41.57726024
4578,40.83624944
4579,15.678537
4580,26.48698787
4581,19.07917373
4582,33.98504273
4583,45.45003948
4584,39.83950813
4585,57.73610721
4586,49.88233729
4587,46.17989136
4588,63.65990693
4589,78.90699881
4590,70.22806395
4591,66.70301883
4592,63.05048744
4593,71.02292203
4594,64.95978272
4595,59.33126872
4596,54.77417373
4597,49.46221817
4598,44.59213486
4599,39.09425541
4600,37.61919958
4601,29.27927022
4602,30.59643505
4603,31.02378631
4604,38.08010581
4605,32.66297954
4606,34.46177057
4607,37.19795377
4608,36.33306186
4609,58.5363378
4610,49.86802731
4611,55.70486002
4612,57.02731927
4613,63.76058271
4614,72.9038179
4615,62.95542838
4616,72.82030913
4617,60.619779
4618,70.73635458
4619,53.20533804
4620,49.83461203
4621,43.90601518
4622,40.5769191
4623,44.61162405
4624,37.97519369
4625,27.94106522
4626,25.50478109
4627,24.00225255
4628,27.84667347
4629,23.17030036
4630,39.78475483
4631,37.20959171
4632,34.87873209
4633,46.41053102
4634,51.52976269
4635,50.76471638
4636,62.11214251
4637,64.23383771
4638,58.98391346
4639,66.48001644
4640,65.87406207
4641,54.2284898
4642,61.39046046
4643,61.18068024
4644,46.43623616
4645,55.04266356
4646,44.98730729
4647,30.95589539
4648,34.109542
4649,29.94191393
4650,22.73003677
4651,30.13784631
4652,21.32895963
4653,38.99163657
4654,29.53409652
4655,36.5977306
4656,41.88695698
4657,45.92248003
4658,54.5429707
4659,52.33401561
4660,54.19582543
4661,67.55088047
4662,67.42600201
4663,64.47085028
4664,63.35528142
4665,68.49339584
4666,63.31733247
4667,48.44266914
4668,50.23263055
4669,54.46693737
4670,47.97939329
4671,41.87756109
4672,34.02583724
4673,34.90717601
4674,27.92300611
4675,22.30591825
4676,26.5011745
4677,34.90496579
4678,40.40375372
4679,34.37862988
4680,45.13024218
4681,50.48897562
4682,48.61894153
4683,51.63031648
4684,54.13818658
4685,64.59578519
4686,70.21784245
4687,72.47762889
4688,66.41368319
4689,68.55222919
4690,61.2425255
4691,60.99774967
4692,62.80544031
4693,45.24166701
4694,53.49920748
4695,37.18784348
4696,39.14236635
4697,30.84649373
4698,25.64291414
4699,38.2745845
4700,32.40202368
4701,19.72469049
4702,26.55008724
4703,39.08681129
4704,44.95548416
4705,48.05151876
4706,53.56969321
4707,57.57802793
4708,67.90625049
4709,66.08520376
4710,63.15834113
4711,58.98430229
4712,70.41493326
4713,70.56005241
4714,60.6024755
4715,49.18607667
4716,52.00965443
4717,43.90781689
4718,35.08551675
4719,33.70567318
4720,33.79626648
4721,21.48654285
4722,25.10591986
4723,30.27555544
4724,27.33849912
4725,26.84846534
4726,37.39235859
4727,37.49223685
4728,39.99969287
4729,49.55253224
4730,51.31712367
4731,52.11828436
4732,61.65733583
4733,60.56934801
4734,58.05873295
4735,66.76014821
4736,67.08793318
4737,67.30840896
4738,56.00696754
4739,52.53787341
4740,53.42419318
4741,56.57585185
4742,32.62865555
4743,35.87669714
4744,34.29165146
4745,18.42873503
4746,32.56452753
4747,31.62802825
4748,21.67222142
4749,31.16285231
4750,21.66357897
4751,38.16856114
4752,44.4006365
4753,57.73188713
4754,46.18366949
4755,59.77588492
4756,69.27323009
4757,65.8838986
4758,63.15305027
4759,62.55665757
4760,74.72052493
4761,65.18618789
4762,68.57361627
4763,40.43489213
4764,62.89804823
4765,51.59869466
4766,39.96414883
4767,41.02532189
4768,36.14340527
4769,34.40694249
4770,28.42761194
4771,34.21110064
4772,27.76355015
4773,21.19559903
4774,36.12088619
4775,39.72010316
4776,43.29571695
4777,52.95073661
4778,50.74754853
4779,58.89669784
4780,62.61750485
4781,65.40510903
4782,67.59632143
4783,64.2510105
4784,62.73820274
4785,61.49570291
4786,47.74733844
4787,54.46068512
4788,46.51604877
4789,44.08725914
4790,33.02721704
4791,34.93757747
4792,33.71809381
4793,20.09168923
4794,18.73463127
4795,20.375287
4796,21.19287437
4797,31.13932444
4798,30.64298727
4799,40.98370965
4800,38.34256217
4801,51.32591529
4802,50.21139503
4803,58.96032347
4804,62.90933535
4805,59.98283474
4806,60.71266598
4807,67.59774325
4808,61.42333821
4809,69.99068203
4810,56.01525906
4811,54.48299502
4812,57.55356624
4813,49.02378235
4814,40.19848615
4815,34.11149752
4816,34.15964638
4817,30.80475196
4818,26.67167415
4819,9.325336212
4820,24.52071093
4821,28.09966204
4822,32.13538095
4823,39.12924557
4824,45.58012402
4825,35.2476042
4826,45.97068971
4827,59.25671219
4828,56.8398903
4829,65.64336745
4830,60.8375696
4831,80.06250762
4832,68.36888874
4833,62.16884441
4834,62.41104756
4835,62.33968907
4836,52.83617575
4837,49.45863884
4838,41.22439615
4839,41.97434723
4840,21.88164908
4841,19.00969131
4842,28.56391739
4843,30.18523325
4844,26.89794294
4845,29.65460531
4846,36.62303323
4847,31.49093991
4848,38.03736
4849,50.23658764
4850,57.09517393
4851,55.05278375
4852,64.21303474
4853,66.50155504
4854,73.80495216
4855,64.56292754
4856,68.80536829
4857,65.7498294
4858,56.43386965
4859,54.93339314
4860,51.38781776
4861,48.9848787
4862,35.56014952
4863,27.63843964
4864,32.0188871
4865,30.90887378
4866,22.92426806
4867,32.81566044
4868,27.26962872
4869,31.14489282
4870,27.41159568
4871,43.45437554
4872,34.39874573
4873,41.91683022
4874,46.17602673
4875,63.75558224
4876,67.55992015
4877,62.36033663
4878,64.87566363
4879,70.96532352
4880,69.57853609
4881,66.78724668
4882,60.7744856
4883,55.36161358
4884,53.83264482
4885,45.23495997
4886,38.63604778
4887,35.25039539
4888,30.08260342
4889,30.76045298
4890,34.5681833
4891,23.72040886
4892,23.28859294
4893,30.34407564
4894,29.99486723
4895,35.64351942
4896,44.39646118
4897,46.78459189
4898,54.18610656
4899,64.06879052
4900,58.20268756
4901,66.91424305
4902,63.02707475
4903,69.68535939
4904,71.61309376
4905,60.07980579
4906,55.49874457
4907,52.70829152
4908,45.11183281
4909,55.53249931
4910,39.6042565
4911,46.13187824
4912,29.62512906
4913,23.24566431
4914,25.15344415
4915,27.71352658
4916,27.59027809
4917,28.71101156
4918,25.92062029
4919,35.00584587
4920,41.71305238
4921,50.08925338
4922,55.5897596
4923,51.55896616
4924,59.52514294
4925,61.69049953
4926,71.40275791
4927,68.53273145
4928,63.73948187
4929,64.46276339
4930,63.54050859
4931,50.85095635
4932,45.49580164
4933,46.2708773
4934,49.96801856
4935,39.63054038
4936,27.94853975
4937,26.3231624
4938,32.76465075
4939,25.43809774
4940,22.93498789
4941,27.39446863
4942,28.82722403
4943,43.48537185
4944,35.69870449
4945,54.52278847
4946,52.62617733
4947,47.9522488
4948,61.75765171
4949,74.26411103
4950,59.51477177
4951,72.15018254
4952,69.77022662
4953,60.65622917
4954,66.2525842
4955,61.89867423
4956,49.66074107
4957,46.09819463
4958,41.54625505
4959,30.19540445
4960,32.75886657
4961,30.59462187
4962,31.44722323
4963,28.91023347
4964,32.91341656
4965,32.69515254
4966,28.49840032
4967,41.50051485
4968,40.51942609
4969,37.69838732
4970,50.5338941
4971,58.76658263
4972,52.60243473
4973,56.64415565
4974,70.65180263
4975,66.39479435
4976,63.31695335
4977,61.16106101
4978,57.79093779
4979,48.36466321
4980,53.21981463
4981,45.36864228
4982,47.66066108
4983,37.49633686
4984,43.67926269
4985,28.90608417
4986,25.13852088
4987,21.36642831
4988,20.05801928
4989,36.80013819
4990,37.23954294
4991,41.64571016
4992,43.6689744
4993,40.37200615
4994,51.59254666
4995,52.49255396
4996,60.5080776
4997,63.97545961
4998,65.13738096
4999,67.57663304
5000,75.63303689
5001,60.25964018
5002,59.16557492
5003,58.29631196
5004,59.95682903
5005,36.08208941
5006,40.21969979
5007,28.90921766
5008,36.59241828
5009,21.50409803
5010,28.88114728
5011,24.99643983
5012,23.4034279
5013,19.39095344
5014,33.99538412
5015,35.65999884
5016,40.6484519
5017,43.20710221
5018,52.44097228
5019,54.9359691
5020,62.55783783
5021,68.25504384
5022,72.39552492
5023,56.89619661
5024,73.38647336
5025,64.83317087
5026,61.25123641
5027,59.49363904
5028,59.56463064
5029,48.59182612
5030,38.52568746
5031,38.44585316
5032,23.79860657
5033,31.48474977
5034,20.33413075
5035,27.04188707
5036,25.09770981
5037,22.23711481
5038,36.5264707
5039,28.03793949
5040,43.83360561
5041,45.98694456
5042,54.63792355
5043,58.61351645
5044,59.00680288
5045,60.33546389
5046,71.505618
5047,63.8958558
5048,72.84321192
5049,61.41999742
5050,62.72192669
5051,56.68499865
5052,47.38339822
5053,47.26169075
5054,42.11210193
5055,24.5615508
5056,26.20125545
5057,23.60703189
5058,29.86793258
5059,29.402813
5060,19.25683262
5061,29.95229573
5062,34.8652554
5063,42.74221953
5064,39.49026591
5065,47.22547211
5066,54.43081257
5067,45.77366571
5068,63.36485332
5069,61.86018598
5070,59.27282911
5071,62.68189426
5072,79.89066266
5073,69.24323308
5074,62.27217198
5075,55.06300648
5076,43.96261278
5077,52.21971164
5078,31.46585356
5079,36.50987182
5080,33.809177
5081,28.32075684
5082,20.25714106
5083,26.79475425
5084,24.2358253
5085,32.04799144
5086,32.85936827
5087,35.26666327
5088,32.61532426
5089,51.48690472
5090,40.22269174
5091,47.04794101
5092,64.70220876
5093,61.91771344
5094,66.41365698
5095,73.02172631
5096,68.13725553
5097,63.67156989
5098,55.17621858
5099,44.93658581
5100,48.09935118
5101,52.16767425
5102,30.65320595
5103,40.42952443
5104,28.45252701
5105,27.85669132
5106,16.34704326
5107,22.00624425
5108,26.13325335
5109,33.04391747
5110,32.52652026
5111,41.9122732
5112,38.59944881
5113,38.65168686
5114,50.13000572
5115,37.16627453
5116,60.5706592
5117,61.70731643
5118,62.21619706
5119,62.84492773
5120,65.95394287
5121,63.81853002
5122,61.91260568
5123,49.26452398
5124,48.73769122
5125,47.00534543
5126,44.80893712
5127,25.38613402
5128,34.31074373
5129,32.05426445
5130,39.71675025
5131,17.45802849
5132,21.02938277
5133,33.73222327
5134,22.12293368
5135,35.58351541
5136,38.18572842
5137,47.19328203
5138,47.87828702
5139,58.67967837
5140,56.74611618
5141,60.31331079
5142,66.74490504
5143,63.5887838
5144,64.03787983
5145,57.9909679
5146,52.4453943
5147,55.43434353
5148,57.01522816
5149,43.6473158
5150,35.56831425
5151,33.60411959
5152,27.62257073
5153,25.10354593
5154,21.42084168
5155,30.51530279
5156,33.84218899
5157,27.12721161
5158,25.31490388
5159,34.82951773
5160,38.74742148
5161,41.79216671
5162,53.30293372
5163,49.82083558
5164,53.52742775
5165,59.61473525
5166,59.79577228
5167,62.11994967
5168,65.21156647
5169,61.29950724
5170,42.97231318
5171,55.1399426
5172,52.91210243
5173,45.34333276
5174,43.50008853
5175,36.31741449
5176,25.43985476
5177,26.57431043
5178,18.89845093
5179,22.00781339
5180,29.84821867
5181,25.4885933
5182,23.96123575
5183,34.83564095
5184,39.79946331
5185,40.54884175
5186,49.78347445
5187,52.54890826
5188,61.53258575
5189,60.2965604
5190,68.35867014
5191,60.01047861
5192,60.94996984
5193,63.78280319
5194,66.13841185
5195,68.46039243
5196,46.23588455
5197,46.23178344
5198,39.77175465
5199,23.68541341
5200,30.21305294
5201,37.04488629
5202,22.73188082
5203,35.48226666
5204,25.7428498
5205,25.50929893
5206,34.63642803
5207,34.7400183
5208,46.82261783
5209,45.01440521
5210,53.35156434
5211,50.63871546
5212,58.49648109
5213,68.66762713
5214,71.22195647
5215,61.05322225
5216,53.59485078
5217,63.10069962
5218,59.50744559
5219,51.92462044
5220,47.09301416
5221,45.08412832
5222,46.66861373
5223,44.15923539
5224,22.70286158
5225,25.49093108
5226,27.88184458
5227,28.30703638
5228,23.64601887
5229,28.00609713
5230,30.62868965
5231,25.53027482
5232,52.00723187
5233,51.29185175
5234,55.55996394
5235,50.34124587
5236,53.31874131
5237,57.86089826
5238,65.44055036
5239,64.14718167
5240,58.55108646
5241,58.26602883
5242,57.01698405
5243,54.9835836
5244,59.57188347
5245,47.36928284
5246,37.15795559
5247,38.40952565
5248,30.61897557
5249,28.32648687
5250,31.39505226
5251,24.61683086
5252,25.22813016
5253,23.31867294
5254,36.17100057
5255,31.46171194
5256,44.80191645
5257,46.46693041
5258,55.83526762
5259,55.47743867
5260,65.86072297
5261,69.05258309
5262,58.16481081
5263,57.01279983
5264,65.32241826
5265,62.16830532
5266,63.81435638
5267,46.50531773
5268,39.30166557
5269,46.72515296
5270,40.8067579
5271,41.68156144
5272,21.7070916
5273,35.6980515
5274,21.23871793
5275,25.24435282
5276,32.69419368
5277,27.21895042
5278,35.37102481
5279,34.02646543
5280,42.95821885
5281,36.21218448
5282,43.03942633
5283,50.8602778
5284,59.84731263
5285,53.09307157
5286,58.70704701
5287,67.87520462
5288,66.7032759
5289,56.26638726
5290,63.0347218
5291,57.60833341
5292,58.29596997
5293,39.96700227
5294,39.74841275
5295,41.03901379
5296,31.70989474
5297,24.82884151
5298,24.27457385
5299,23.83299863
5300,20.1631487
5301,29.92707539
5302,23.40490227
5303,38.97185546
5304,25.16536639
5305,50.01496482
5306,43.07197387
5307,48.30960309
5308,58.8894508
5309,55.50555284
5310,56.79770428
5311,65.59232169
5312,60.21815553
5313,58.42926905
5314,54.29038621
5315,48.5337141
5316,52.97309853
5317,56.96707752
5318,36.90521721
5319,38.37286018
5320,38.66670653
5321,21.36764653
5322,34.58129037
5323,28.57401297
5324,19.29784559
5325,36.49770193
5326,28.46557923
5327,22.72234402
5328,40.29284227
5329,43.4550941
5330,49.36454375
5331,57.47064094
5332,41.93523944
5333,61.4585386
5334,68.71362371
5335,67.32032555
5336,59.39310197
5337,57.12918143
5338,65.01351145
5339,52.28857018
5340,47.48894475
5341,45.90312735
5342,37.29699555
5343,32.32611672
5344,37.40734592
5345,20.02938947
5346,26.74591539
5347,20.27534533
5348,26.90122474
5349,26.95908893
5350,21.10779098
5351,36.82941141
5352,38.87803131
5353,46.72327784
5354,56.55348779
5355,49.30870677
5356,57.74561185
5357,61.68095758
5358,63.7650512
5359,47.10453489
5360,53.29045155
5361,66.01337228
5362,52.32746198
5363,57.65935472
5364,43.70728558
5365,41.52373487
5366,37.55122136
5367,37.31324036
5368,31.23427626
5369,30.74920102
5370,20.49254823
5371,22.48739166
5372,22.38768189
5373,29.51519837
5374,33.19615696
5375,31.51489249
5376,31.12670724
5377,51.19842051
5378,44.52565408
5379,57.34835426
5380,56.17285367
5381,61.75415124
5382,70.7365729
5383,65.18139513
5384,61.86024731
5385,61.862439
5386,65.34991841
5387,57.96609131
5388,45.77542558
5389,47.71158286
5390,34.26156474
5391,26.97299354
5392,22.89212853
5393,24.85346873
5394,23.81232399
5395,20.63546526
5396,28.64512434
5397,28.42118703
5398,26.49832958
5399,36.33684602
5400,40.95880588
5401,41.07663092
5402,52.33145441
5403,53.41018965
5404,53.73441538
5405,66.25728614
5406,66.28345749
5407,73.88629642
5408,65.7403024
5409,63.31507385
5410,62.11184517
5411,56.07917192
5412,50.45941642
5413,46.33821149
5414,38.82178111
5415,30.20756761
5416,30.71496784
5417,26.26355383
5418,25.85470046
5419,24.24827484
5420,24.64574544
5421,38.00172131
5422,21.55296625
5423,30.62814089
5424,41.15813738
5425,47.55690862
5426,48.93590713
5427,57.5868196
5428,62.38927006
5429,60.62132856
5430,68.3507751
5431,70.40455838
5432,55.22674721
5433,59.62468318
5434,59.33781515
5435,52.72771327
5436,53.0811213
5437,41.12511849
5438,38.93732286
5439,29.44940447
5440,36.42398594
5441,18.30194777
5442,23.19150635
5443,28.35387833
5444,26.97419856
5445,26.7020122
5446,27.04902643
5447,30.52829102
5448,33.62794342
5449,40.60760753
5450,42.96671833
5451,55.36023662
5452,54.04218101
5453,64.82407498
5454,67.63353231
5455,68.15082781
5456,55.82869107
5457,68.42472348
5458,57.529231
5459,61.75782548
5460,51.72798231
5461,49.23137997
5462,34.40769323
5463,28.62493575
5464,28.14658921
5465,18.87012834
5466,25.45676136
5467,22.56298557
5468,30.76540261
5469,21.43178495
5470,32.70056461
5471,34.77104384
5472,29.18990544
5473,45.5030673
5474,45.36622822
5475,61.40539473
5476,55.07814101
5477,66.18999985
5478,63.19756229
5479,67.20852263
5480,65.38290323
5481,53.42910408
5482,59.20664381
5483,55.34877799
5484,52.18380409
5485,44.59990493
5486,37.39460134
5487,35.73086484
5488,34.43331512
5489,21.58411035
5490,26.04866088
5491,22.8172708
5492,27.48118534
5493,32.65312035
5494,24.17246781
5495,33.55721449
5496,40.70626778
5497,45.1702515
5498,42.35292199
5499,51.25657336
5500,54.52906324
5501,69.0506625
5502,73.68088144
5503,62.37085019
5504,64.61272155
5505,62.69826108
5506,63.77578027
5507,62.31519137
5508,43.7282259
5509,42.27458666
5510,27.84033256
5511,34.49152565
5512,16.55412994
5513,21.81917864
5514,20.85397597
5515,23.09737327
5516,17.29432376
5517,22.26099152
5518,22.65228099
5519,28.27576247
5520,38.71068145
5521,45.38954051
5522,46.81514813
5523,57.14758082
5524,57.86468403
5525,62.47610728
5526,60.44690055
5527,58.99379213
5528,51.34168656
5529,64.23196911
5530,56.96191912
5531,50.01507855
5532,39.5635621
5533,39.96548747
5534,43.45295098
5535,32.34890765
5536,23.67709897
5537,25.83934187
5538,17.20210059
5539,28.82781735
5540,20.85640183
5541,23.27473748
5542,26.33900705
5543,33.63880187
5544,33.55873858
5545,42.65246583
5546,42.25757274
5547,43.13539491
5548,53.64046332
5549,64.51617429
5550,66.05052132
5551,57.8547078
5552,61.05284541
5553,58.0569014
5554,59.12612002
5555,47.97062407
5556,49.66229646
5557,46.64912449
5558,39.07255909
5559,32.95200039
5560,31.37818192
5561,26.44649436
5562,17.98914208
5563,13.28891034
5564,21.54604147
5565,21.13778099
5566,21.15581328
5567,31.74211264
5568,41.97951256
5569,41.30974002
5570,52.776724
5571,40.21320424
5572,55.87406718
5573,56.23444078
5574,62.74190585
5575,65.83346457
5576,58.15406157
5577,48.94477382
5578,57.04363187
5579,51.37682618
5580,38.76045152
5581,46.58372919
5582,44.03708957
5583,22.58871314
5584,37.87663265
5585,19.13275062
5586,20.5733961
5587,14.8228678
5588,26.27102042
5589,24.97786739
5590,31.91748897
5591,31.29708203
5592,35.48995807
5593,40.41187586
5594,50.07854253
5595,42.62560542
5596,51.89591898
5597,57.65587495
5598,60.72483266
5599,56.33433474
5600,66.48034251
5601,57.68621969
5602,63.17447883
5603,47.52334043
5604,43.43195127
5605,54.58384492
5606,40.40896841
5607,34.60437206
5608,22.11617667
5609,19.18973561
5610,21.68542156
5611,22.30576796
5612,21.0233545
5613,20.8100331
5614,25.74256061
5615,36.72606744
5616,37.52395883
5617,38.41829699
5618,46.33616056
5619,51.72829987
5620,54.84327927
5621,55.44716732
5622,56.87844471
5623,59.91752656
5624,64.9584526
5625,59.07053909
5626,55.28596656
5627,49.00231747
5628,53.42349636
5629,37.85901544
5630,38.41711054
5631,27.14666455
5632,23.03327138
5633,26.35598267
5634,19.78365288
5635,25.15938872
5636,18.15893144
5637,26.6341922
5638,41.68361021
5639,26.88879222
5640,38.7964955
5641,43.05107177
5642,46.23125839
5643,50.31099389
5644,62.91512321
5645,57.56888072
5646,61.8133039
5647,64.75333111
5648,63.3293947
5649,59.27354088
5650,64.01031724
5651,51.65600092
5652,47.18518215
5653,43.71159452
5654,29.67272766
5655,27.4203018
5656,32.50111356
5657,30.79573901
5658,13.75682505
5659,16.34442602
5660,23.53869503
5661,21.99989193
5662,25.21910337
5663,24.82652125
5664,28.28823809
5665,36.28835684
5666,41.39109674
5667,51.68889424
5668,55.95638837
5669,65.98525358
5670,64.01432554
5671,51.44683368
5672,63.28305153
5673,75.39833158
5674,62.9635027
5675,40.30250816
5676,38.61888325
5677,33.81076954
5678,42.47400627
5679,31.49380156
5680,18.94163684
5681,27.86968677
5682,15.72146223
5683,25.05210581
5684,20.15360765
5685,23.08217273
5686,39.17117994
5687,28.1397168
5688,35.53003533
5689,46.88190441
5690,39.25535879
5691,60.91004107
5692,56.77767661
5693,58.44237291
5694,60.95710119
5695,72.86097225
5696,64.63110233
5697,65.07652028
5698,58.64113898
5699,47.42695412
5700,60.28803002
5701,36.11591902
5702,27.13645488
5703,34.52003654
5704,28.9572657
5705,18.2879561
5706,27.08917015
5707,24.16099967
5708,21.28072059
5709,25.0228327
5710,27.75989839
5711,28.15249613
5712,38.65910456
5713,43.07356497
5714,54.5678502
5715,51.75241681
5716,70.18802192
5717,56.02526828
5718,55.06294928
5719,66.86891938
5720,73.76296981
5721,67.28172012
5722,63.07918104
5723,39.99566084
5724,53.57502949
5725,40.70245613
5726,36.4276462
5727,33.81560675
5728,32.49066826
5729,28.28401755
5730,21.08029844
5731,19.96025716
5732,18.92959076
5733,17.72104855
5734,28.92820178
5735,32.62736845
5736,39.1794966
5737,42.25835268
5738,34.26407279
5739,48.46468122
5740,57.09862174
5741,59.78542086
5742,68.1209389
5743,66.42818092
5744,56.22871333
5745,72.42664636
5746,61.86318305
5747,41.49205271
5748,47.05971486
5749,37.88376041
5750,32.2545254
5751,32.79671216
5752,26.1650855
5753,20.02827427
5754,22.43241486
5755,20.56797057
5756,29.32305392
5757,27.002576
5758,37.8303646
5759,36.47710018
5760,49.38599098
5761,44.15826962
5762,50.25164056
5763,55.70457011
5764,50.93179043
5765,63.5521158
5766,59.17117196
5767,57.19120079
5768,61.54017287
5769,59.19999037
5770,45.62942792
5771,51.85179133
5772,52.99133825
5773,42.28702986
5774,36.36123562
5775,28.54786799
5776,22.20522167
5777,18.22531154
5778,26.26622402
5779,28.14353093
5780,39.02140195
5781,25.98172111
5782,22.2520192
5783,34.22485314
5784,30.72740715
5785,43.21410413
5786,43.93513919
5787,50.71469545
5788,58.2643459
5789,55.00772009
5790,72.52154823
5791,67.7679409
5792,56.31499406
5793,60.62772689
5794,53.7035644
5795,41.99277146
5796,57.9310203
5797,40.2453698
5798,35.5197928
5799,25.45397609
5800,29.47100545
5801,28.20479216
5802,21.54253813
5803,20.15474743
5804,22.56504254
5805,14.69104174
5806,25.3155013
5807,36.49633215
5808,38.06915441
5809,50.093725
5810,44.96230594
5811,48.79081366
5812,56.85893553
5813,54.88537663
5814,63.01648292
5815,63.15904169
5816,64.65797699
5817,68.20100328
5818,60.2066112
5819,52.71960549
5820,46.03306342
5821,32.78097557
5822,28.78768852
5823,31.08880469
5824,28.64910927
5825,14.50620561
5826,20.39216597
5827,17.49673968
5828,20.41331245
5829,22.17517209
5830,28.83739108
5831,33.4713478
5832,37.80493259
5833,42.3123611
5834,42.52889225
5835,49.43132107
5836,60.02490769
5837,58.31325231
5838,58.67297481
5839,65.59483221
5840,56.00301714
5841,59.93123512
5842,60.93017533
5843,47.09958056
5844,50.88525018
5845,41.68273158
5846,34.97405025
5847,31.78002354
5848,24.43091417
5849,26.57319478
5850,33.92885617
5851,25.941254
5852,18.65569195
5853,25.29857337
5854,13.91158142
5855,23.9384519
5856,44.11718561
5857,48.46846538
5858,46.31225476
5859,58.96222161
5860,49.46423279
5861,63.62891301
5862,60.78748895
5863,65.45429772
5864,53.21691774
5865,57.16317843
5866,59.61160328
5867,54.3863627
5868,37.99156261
5869,45.10891932
5870,36.53360263
5871,31.88807259
5872,24.48389291
5873,19.8798967
5874,30.52319354
5875,22.88003694
5876,24.54910479
5877,16.90047903
5878,27.68052511
5879,31.52677809
5880,31.9019209
5881,46.75435707
5882,45.91422899
5883,51.90029186
5884,60.70806578
5885,60.2816367
5886,50.17188956
5887,66.75711927
5888,56.67299042
5889,60.70781545
5890,55.15158253
5891,49.7233919
5892,48.72065999
5893,41.1599976
5894,36.10854302
5895,28.36119434
5896,24.72845882
5897,22.56965039
5898,20.15683317
5899,22.18961447
5900,17.76652356
5901,32.24886178
5902,32.04905232
5903,32.02328227
5904,26.93663828
5905,38.87360302
5906,49.17377078
5907,53.89913268
5908,55.36566762
5909,58.01631516
5910,58.80790129
5911,63.02487107
5912,64.72106317
5913,58.35018033
5914,64.72364307
5915,49.51186177
5916,47.31127799
5917,37.47319963
5918,35.90724347
5919,28.74248377
5920,33.01318569
5921,28.73569624
5922,28.91483089
5923,24.49677091
5924,17.47156666
5925,28.54828559
5926,19.12711064
5927,36.75604616
5928,36.45266879
5929,49.18660445
5930,49.10921014
5931,39.35902228
5932,46.42777662
5933,72.68164395
5934,54.41464481
5935,57.69769183
5936,63.19627856
5937,51.02362169
5938,53.16695177
5939,49.71477591
5940,49.6056559
5941,45.67399177
5942,38.34844861
5943,30.41959064
5944,32.76530343
5945,24.42695784
5946,26.78654242
5947,24.13572965
5948,19.06312063
5949,29.56499268
5950,22.51140371
5951,30.07748208
5952,41.35275662
5953,36.48456845
5954,44.79961573
5955,60.37099363
5956,58.10557138
5957,57.54775266
5958,54.27234552
5959,64.26202787
5960,62.24662133
5961,65.54345421
5962,60.58535668
5963,53.26963174
5964,37.76479136
5965,43.88883796
5966,37.80522554
5967,32.96198658
5968,22.26041419
5969,10.83300986
5970,19.37506255
5971,18.39720305
5972,23.17725564
5973,19.96620273
5974,33.12222526
5975,25.16557731
5976,39.255561
5977,49.1466117
5978,50.45244233
5979,53.1442778
5980,61.34173727
5981,62.95932596
5982,62.91435224
5983,58.67434807
5984,59.82918227
5985,58.10583899
5986,57.94271475
5987,47.45285832
5988,47.38013191
5989,48.77831189
5990,35.46581426
5991,30.99327118
5992,19.12585264
5993,32.35630472
5994,23.03347093
5995,23.73405305
5996,16.92539952
5997,24.6351529
5998,32.58403674
5999,32.72896581
6000,41.41924665
6001,39.70378603
6002,41.89972995
6003,49.10207836
6004,52.97850206
6005,57.61033757
6006,60.37369297
6007,54.75388947
6008,65.45170466
6009,49.92626954
6010,48.7594666
6011,59.40233267
6012,47.70936421
6013,42.63334729
6014,34.86434724
6015,42.51285065
6016,33.90633053
6017,15.67532219
6018,24.39323421
6019,21.63065029
6020,21.90238758
6021,22.36203334
6022,20.23073347
6023,41.82291504
6024,36.5540302
6025,36.42857321
6026,46.62470032
6027,39.55140966
6028,54.38372585
6029,62.67090867
6030,59.39405352
6031,64.83227887
6032,52.65385051
6033,59.91218555
6034,52.80387162
6035,55.44769699
6036,44.13754369
6037,41.04407937
6038,37.4065036
6039,39.4370951
6040,26.30424662
6041,23.2490298
6042,22.43729629
6043,22.01467252
6044,16.26770097
6045,21.91899071
6046,32.62412449
6047,30.10313586
6048,38.36317322
6049,38.28442469
6050,50.39685538
6051,54.89098657
6052,51.22428242
6053,58.40012243
6054,63.9847702
6055,50.15815635
6056,67.79158199
6057,62.48048887
6058,55.58590014
6059,46.59814843
6060,47.52617119
6061,38.26677326
6062,42.58018024
6063,29.49963535
6064,35.06657846
6065,29.0407018
6066,16.16064244
6067,17.79014165
6068,18.29845958
6069,24.33002845
6070,21.36425162
6071,31.28397829
6072,32.91007356
6073,32.81655808
6074,48.35150614
6075,43.98077446
6076,53.22519243
6077,59.55665428
6078,61.87672689
6079,59.12545941
6080,64.7270193
6081,57.51729299
6082,52.06074373
6083,52.00192111
6084,38.53679531
6085,37.17009983
6086,38.65519546
6087,36.37862629
6088,22.40599805
6089,34.19965375
6090,17.48961932
6091,19.44174436
6092,29.138408
6093,25.43931069
6094,24.58240672
6095,24.14540738
6096,38.69754406
6097,44.48917461
6098,43.573756
6099,49.58713517
6100,47.21179035
6101,69.43506995
6102,63.33726246
6103,56.51411849
6104,61.18707378
6105,58.21713564
6106,57.99152168
6107,45.98665074
6108,41.41823216
6109,45.1927307
6110,40.98707196
6111,24.80277621
6112,28.13004461
6113,19.95941805
6114,19.5445096
6115,16.59141363
6116,18.57880368
6117,33.36159863
6118,30.45036143
6119,22.48330996
6120,35.19775058
6121,44.81931294
6122,51.23964154
6123,49.12716189
6124,46.40701236
6125,60.97290473
6126,58.86182387
6127,64.94295399
6128,57.22949497
6129,57.37658833
6130,57.85545831
6131,50.64470711
6132,45.36966942
6133,38.73390095
6134,38.58322209
6135,29.66090464
6136,25.45483049
6137,36.66391871
6138,20.57141971
6139,15.37438285
6140,19.88548131
6141,22.63267678
6142,37.47700542
6143,40.37221775
6144,33.90354469
6145,36.51355638
6146,53.20715542
6147,58.73842527
6148,56.14222495
6149,60.64187839
6150,59.94735279
6151,56.88389366
6152,59.0866995
6153,60.81825794
6154,51.26053186
6155,44.81208081
6156,51.56273981
6157,39.69830609
6158,41.18890655
6159,25.38461271
6160,17.46287748
6161,28.9220702
6162,22.26606394
6163,17.00989794
6164,21.61942348
6165,22.39485447
6166,20.82677521
6167,31.31785215
6168,24.75456925
6169,39.80273583
6170,39.77471716
6171,48.05115162
6172,47.25794034
6173,65.90689696
6174,61.21018577
6175,57.59602907
6176,54.33278815
6177,53.58739209
6178,53.21907166
6179,54.40815749
6180,44.08883601
6181,38.67314596
6182,40.63698595
6183,20.33637786
6184,24.3275715
6185,21.45613454
6186,23.39371045
6187,24.36929522
6188,26.9324268
6189,22.73613822
6190,19.94544011
6191,26.50002009
6192,41.06353147
6193,42.8936383
6194,44.96272606
6195,52.30388037
6196,52.39348097
6197,57.92090537
6198,51.72082364
6199,47.94176906
6200,59.12912572
6201,47.38800346
6202,56.30635752
6203,52.54258388
6204,43.57613426
6205,36.38898983
6206,33.27348084
6207,33.82369225
6208,31.43505963
6209,19.84422643
6210,18.11369011
6211,25.45095949
6212,23.48492887
6213,18.32943711
6214,19.41333571
6215,29.68867599
6216,23.78275327
6217,30.12368734
6218,45.33607371
6219,54.29723654
6220,53.57292398
6221,60.12331238
6222,51.42342271
6223,55.09423123
6224,59.4586617
6225,60.72890914
6226,55.16655009
6227,45.98229009
6228,45.67758302
6229,41.19607782
6230,28.12503609
6231,32.0152079
6232,20.30186802
6233,28.04510916
6234,17.65584309
6235,20.14157745
6236,31.11586779
6237,13.58039154
6238,25.10512591
6239,27.35311451
6240,41.94499347
6241,40.57028902
6242,44.26201171
6243,57.72834919
6244,54.73813746
6245,58.48980263
6246,65.19480561
6247,64.21321065
6248,62.75794501
6249,54.64890839
6250,59.00134414
6251,56.84126112
6252,46.60392616
6253,44.92467316
6254,34.69835453
6255,24.05491513
6256,19.27699935
6257,18.02268598
6258,31.56130111
6259,10.77469536
6260,23.65056345
6261,18.85869724
6262,32.06333024
6263,35.78609285
6264,30.89980659
6265,40.3158232
6266,55.6206855
6267,49.15038681
6268,67.24857561
6269,59.19281917
6270,60.72212513
6271,59.79030174
6272,58.30330122
6273,55.199309
6274,44.13060202
6275,53.02030007
6276,47.52916578
6277,43.93063114
6278,27.45272559
6279,36.79271855
6280,22.90901945
6281,18.98746456
6282,15.29779689
6283,19.85480493
6284,21.7735631
6285,19.84679207
6286,34.0728418
6287,26.02299158
6288,29.33691133
6289,38.92211888
6290,50.97571215
6291,58.12370716
6292,60.79176745
6293,52.14122476
6294,60.77625822
6295,61.84301317
6296,55.81029301
6297,51.29065066
6298,52.64868111
6299,46.16387416
6300,46.49720935
6301,36.83912979
6302,37.19662633
6303,35.48898468
6304,18.26958543
6305,23.50875354
6306,25.77955509
6307,12.53613975
6308,20.04198378
6309,16.78272193
6310,23.98162302
6311,38.53809004
6312,43.34247786
6313,44.47031699
6314,55.57390217
6315,44.51449201
6316,51.87785941
6317,56.36619203
6318,62.03339794
6319,68.92204763
6320,65.09638947
6321,60.71731452
6322,52.08194769
6323,53.56127875
6324,47.43825424
6325,38.85852563
6326,39.16682318
6327,25.11653472
6328,19.0260046
6329,21.27189629
6330,14.23239924
6331,21.48636643
6332,15.21312982
6333,26.31186347
6334,26.12965777
6335,33.59773198
6336,39.58010606
6337,35.10269747
6338,55.20982686
6339,56.50751091
6340,58.10954374
6341,60.79277192
6342,58.78611052
6343,63.16921674
6344,53.59925172
6345,57.12241184
6346,57.11996484
6347,54.68802069
6348,45.08356601
6349,43.81188819
6350,39.31882873
6351,30.39043196
6352,19.10984911
6353,27.85663041
6354,16.15230775
6355,24.80530778
6356,21.34301538
6357,29.62261919
6358,25.98152777
6359,31.74824999
6360,34.37586178
6361,44.42503246
6362,42.57350465
6363,46.64637941
6364,58.37634458
6365,58.2016688
6366,52.24438859
6367,49.77119592
6368,61.41214085
6369,55.7487701
6370,49.81710774
6371,45.52916328
6372,43.50895491
6373,46.07585864
6374,25.593622
6375,37.99404329
6376,30.48901395
6377,22.52082547
6378,15.68801931
6379,25.85989359
6380,19.96629125
6381,27.11043092
6382,28.90327471
6383,29.60311441
6384,32.86801052
6385,35.10864215
6386,44.41361223
6387,54.21889204
6388,52.44325212
6389,56.17638708
6390,61.76879126
6391,60.49201921
6392,54.94239271
6393,49.41229379
6394,60.28404934
6395,44.20136421
6396,44.16107286
6397,45.98004008
6398,30.53676497
6399,34.37049245
6400,28.88931537
6401,20.90301109
6402,15.82059007
6403,11.21469942
6404,19.00150759
6405,26.91789814
6406,21.56779049
6407,22.7263876
6408,42.90967489
6409,45.70731042
6410,50.53241716
6411,45.7429373
6412,58.1238006
6413,62.89280114
6414,55.49571332
6415,48.59259541
6416,58.79516347
6417,53.5688153
6418,48.87685242
6419,61.57112093
6420,50.55765471
6421,47.9434301
6422,27.37557241
6423,35.30907091
6424,28.59218476
6425,31.24325946
6426,22.82377619
6427,21.19395979
6428,23.93516033
6429,17.05542198
6430,27.65055816
6431,26.72624712
6432,34.87133029
6433,32.40430679
6434,48.67131299
6435,42.27276866
6436,54.82081291
6437,64.51385289
6438,69.13163363
6439,65.78277765
6440,63.02009076
6441,59.50706132
6442,46.71937184
6443,50.25695493
6444,52.22750336
6445,42.89186059
6446,36.15176495
6447,32.1187552
6448,25.87259342
6449,23.40076866
6450,21.77387094
6451,17.022222
6452,11.02932812
6453,11.61812791
6454,25.68913803
6455,28.35480835
6456,33.1071125
6457,32.88692444
6458,50.63594688
6459,42.54882046
6460,59.62846604
6461,52.051965
6462,68.31622583
6463,60.38348665
6464,59.75093594
6465,55.10725741
6466,40.35414278
6467,44.61483633
6468,44.45499163
6469,40.19670488
6470,30.011648
6471,32.06509993
6472,20.52059611
6473,22.91191423
6474,19.00821396
6475,24.27849026
6476,19.02457306
6477,19.91530576
6478,33.74608004
6479,32.57089714
6480,29.42206615
6481,44.88088769
6482,45.74514718
6483,59.52356513
6484,58.83515937
6485,51.06854466
6486,58.98607074
6487,61.28359292
6488,66.44707702
6489,54.36867578
6490,51.16348013
6491,58.93425429
6492,44.66812261
6493,41.59818742
6494,32.84130673
6495,32.95811373
6496,31.84827557
6497,28.03903119
6498,18.11013443
6499,26.50024696
6500,23.0756927
6501,15.26947902
6502,30.65983585
6503,25.42409931
6504,32.66260153
6505,34.94054633
6506,47.9530079
6507,53.52681522
6508,54.93032109
6509,65.33773276
6510,50.77254774
6511,61.07355167
6512,67.04967487
6513,66.49431139
6514,59.00677402
6515,54.9802125
6516,43.12203985
6517,30.554238
6518,41.06493598
6519,29.38361146
6520,31.62972202
6521,29.06714357
6522,17.64634582
6523,20.26030372
6524,21.53702784
6525,21.31405791
6526,31.33327439
6527,34.16847075
6528,35.36821997
6529,42.5735759
6530,45.65256828
6531,56.04604334
6532,54.85963505
6533,63.9100679
6534,59.85076704
6535,50.66650635
6536,58.23913977
6537,63.10093269
6538,61.17972126
6539,52.71891707
6540,49.48270654
6541,37.44864169
6542,40.53595028
6543,36.96468831
6544,21.38904267
6545,20.91785106
6546,26.01199814
6547,14.55078071
6548,25.67559303
6549,24.37749898
6550,25.1314628
6551,26.4881313
6552,39.76611103
6553,33.13391564
6554,43.50033005
6555,46.11635363
6556,48.96326002
6557,51.9587997
6558,59.14739693
6559,58.89885749
6560,56.94153149
6561,56.28494734
6562,56.81561403
6563,48.27416296
6564,37.18159383
6565,40.36748578
6566,43.00755842
6567,25.96773653
6568,25.7336622
6569,24.58463755
6570,19.59258972
6571,27.38394416
6572,22.22492331
6573,21.7692707
6574,23.87294001
6575,33.4278275
6576,38.51529556
6577,42.98502081
6578,49.09175117
6579,47.72675254
6580,46.98702315
6581,49.71687159
6582,67.73526584
6583,69.29987879
6584,63.30132631
6585,54.89741428
6586,51.90759744
6587,50.21821226
6588,51.66123294
6589,39.63920005
6590,34.84108557
6591,35.86961586
6592,22.97432491
6593,20.15269594
6594,15.78158259
6595,20.15231158
6596,16.88689057
6597,23.3697978
6598,33.08056551
6599,30.89427588
6600,41.67062397
6601,45.80982872
6602,39.4940863
6603,53.205266
6604,60.33534823
6605,62.32562666
6606,53.45355451
6607,60.45647364
6608,55.65132322
6609,53.06118151
6610,70.89264446
6611,55.85317429
6612,46.09558345
6613,37.57981449
6614,36.63148792
6615,33.92892796
6616,32.85850355
6617,24.00529301
6618,15.47740756
6619,21.97395541
6620,15.66013294
6621,22.34246326
6622,24.79929552
6623,22.7864072
6624,26.21495401
6625,45.14999382
6626,51.00814318
6627,57.83945177
6628,53.57546915
6629,60.30018495
6630,69.75962234
6631,52.89321585
6632,62.10105881
6633,59.0082986
6634,54.26899021
6635,60.42107292
6636,43.82211482
6637,34.93995202
6638,41.24867336
6639,30.17686137
6640,33.56205896
6641,31.15354459
6642,13.56441557
6643,24.79762244
6644,28.03468093
6645,24.27657418
6646,22.05887575
6647,37.85150873
6648,25.24888114
6649,31.14935945
6650,40.46011779
6651,49.72218741
6652,54.40809244
6653,48.46470276
6654,57.80480548
6655,58.10468278
6656,58.64151096
6657,48.57121954
6658,48.91426343
6659,47.84740414
6660,36.75189504
6661,40.22657969
6662,44.96283497
6663,31.11421709
6664,31.44295524
6665,16.82332473
6666,27.54050524
6667,7.842048269
6668,16.09408026
6669,21.58027376
6670,29.21637837
6671,36.18895765
6672,36.76250485
6673,37.11208396
6674,34.23060355
6675,45.69033609
6676,56.24798034
6677,59.4627738
6678,59.28514685
6679,58.63897802
6680,57.65317327
6681,57.09610472
6682,49.98154131
6683,44.93574082
6684,50.5574447
6685,38.45212328
6686,35.0087967
6687,33.82657848
6688,27.01530367
6689,22.0669891
6690,16.77431405
6691,30.22230827
6692,15.96147565
6693,23.39591112
6694,22.47266979
6695,35.09201635
6696,46.76182161
6697,40.83482439
6698,43.00087982
6699,52.98013801
6700,47.0940007
6701,58.21926685
6702,60.49246799
6703,65.25226035
6704,59.33860306
6705,62.78527515
6706,66.13552636
6707,44.66257535
6708,64.48750958
6709,38.81169264
6710,28.05165727
6711,28.948448
6712,36.46341744
6713,21.42626419
6714,28.11845878
6715,18.8984914
6716,16.70136769
6717,26.05477662
6718,23.44478282
6719,26.14629378
6720,38.27144201
6721,40.94932295
6722,38.54235689
6723,49.13036916
6724,50.78331266
6725,54.69424532
6726,58.23595482
6727,63.35647163
6728,60.37800133
6729,58.83518389
6730,59.28025518
6731,55.36632349
6732,42.19098645
6733,43.74503885
6734,32.88982666
6735,29.8036868
6736,27.33996538
6737,26.26560432
6738,5.770543773
6739,22.28570019
6740,24.67120062
6741,30.79664504
6742,12.80302423
6743,45.5653896
6744,32.25178847
6745,40.92286565
6746,48.2784909
6747,53.59619264
6748,59.29224484
6749,46.73885745
6750,62.24065922
6751,62.97618692
6752,58.88207404
6753,50.8971837
6754,67.53553907
6755,52.43500258
6756,40.66779979
6757,39.95488419
6758,29.55655444
6759,27.00881114
6760,19.40525281
6761,20.40855688
6762,19.28060557
6763,23.33381946
6764,20.11627425
6765,21.60493637
6766,24.13806949
6767,38.63076682
6768,37.27505996
6769,49.64727363
6770,44.17589969
6771,47.70858428
6772,51.62844649
6773,56.42490648
6774,62.38961864
6775,65.20213709
6776,62.27062034
6777,45.94431603
6778,49.59872225
6779,48.92733528
6780,39.389694
6781,45.93144875
6782,31.7976457
6783,25.62128662
6784,33.09393045
6785,30.80636583
6786,23.44836312
6787,20.54590187
6788,22.31437876
6789,24.19762453
6790,22.61842214
6791,32.96758385
6792,39.59266182
6793,36.04829566
6794,46.16564489
6795,48.16270621
6796,54.0179501
6797,69.36537561
6798,61.08922476
6799,61.42782228
6800,59.60171386
6801,53.81963442
6802,50.1483302
6803,53.73864237
6804,50.00348357
6805,43.06164146
6806,36.31232082
6807,37.00626871
6808,26.52844724
6809,28.99890383
6810,17.67112699
6811,12.06958666
6812,16.24984019
6813,23.79450166
6814,26.54594775
6815,28.01232487
6816,31.47213552
6817,47.26465561
6818,44.64963989
6819,55.5461858
6820,57.00261256
6821,62.56840009
6822,64.26909039
6823,58.52383484
6824,67.13886475
6825,55.50675076
6826,51.08437315
6827,57.34990976
6828,55.56909476
6829,31.96421449
6830,36.33046684
6831,36.76123057
6832,28.4831348
6833,23.51111434
6834,18.48014295
6835,14.93948103
6836,22.15835885
6837,27.59017546
6838,23.98069734
6839,28.99751517
6840,34.5339365
6841,40.26437138
6842,49.62840642
6843,59.97332588
6844,47.10505301
6845,56.07811683
6846,57.21586177
6847,58.39194566
6848,55.54433114
6849,51.38386098
6850,57.6555289
6851,50.37292093
6852,55.91748356
6853,40.43189544
6854,32.60408608
6855,29.67103631
6856,22.91213857
6857,17.63339072
6858,20.22861483
6859,20.7185723
6860,22.93562792
6861,21.73471489
6862,29.22106246
6863,26.91996966
6864,26.9962689
6865,40.82478644
6866,49.40464124
6867,39.2548027
6868,53.42544426
6869,60.52391082
6870,68.25539529
6871,65.176087
6872,60.67038652
6873,55.70174138
6874,55.30241745
6875,52.96779055
6876,51.05727414
6877,40.82942489
6878,33.17405385
6879,30.77744906
6880,31.32717999
6881,18.2528748
6882,25.48001948
6883,18.48752377
6884,18.5330387
6885,13.49006447
6886,28.49944078
6887,32.36958002
6888,33.56654883
6889,50.7654997
6890,62.63248284
6891,47.54402951
6892,63.71916627
6893,65.92888957
6894,56.01745182
6895,56.25242978
6896,54.04127175
6897,60.73077431
6898,51.85895068
6899,49.2628334
6900,51.50977089
6901,41.95664246
6902,39.54381471
6903,26.40970473
6904,30.84700845
6905,21.37412868
6906,26.89174953
6907,18.11325727
6908,22.11692048
6909,21.65787442
6910,25.03626359
6911,28.16449583
6912,32.7407348
6913,38.90145501
6914,46.90156094
6915,49.75452037
6916,61.07074688
6917,68.87474038
6918,56.77683001
6919,55.88359727
6920,54.39960228
6921,57.36848924
6922,51.97656321
6923,61.40156885
6924,46.01647034
6925,39.67004885
6926,38.68886471
6927,35.39582139
6928,30.00207216
6929,13.1748611
6930,16.49772791
6931,22.1261004
6932,23.35206667
6933,21.42119469
6934,32.74176214
6935,34.08515466
6936,39.8791743
6937,45.46725284
6938,48.27538957
6939,49.79074382
6940,60.02122069
6941,58.19357285
6942,62.72978874
6943,58.89740555
6944,69.06354566
6945,47.60213184
6946,56.22808765
6947,50.02843567
6948,45.96384346
6949,40.42018696
6950,33.6465429
6951,24.73955305
6952,29.59870609
6953,21.20723232
6954,18.3480076
6955,18.95815532
6956,13.60842882
6957,30.58812775
6958,31.72023237
6959,35.11534678
6960,40.33979312
6961,35.01639586
6962,47.59986471
6963,45.51152653
6964,57.71698493
6965,49.67923796
6966,48.10746985
6967,64.07421975
6968,54.91981265
6969,61.46004975
6970,55.15942579
6971,51.99419951
6972,49.0029777
6973,43.09293781
6974,41.46739144
6975,27.37133921
6976,33.82087072
6977,17.33458754
6978,22.39765256
6979,25.88971167
6980,24.89775554
6981,24.80667202
6982,25.1379823
6983,24.26345603
6984,32.13272086
6985,50.36874019
6986,46.22585701
6987,61.0846115
6988,58.96051506
6989,58.82123689
6990,53.72163787
6991,59.02915578
6992,51.19112372
6993,63.98633378
6994,47.01477142
6995,51.8043723
6996,46.4226904
6997,40.39552272
6998,46.03611743
6999,31.917895
7000,23.49435106
7001,24.23750735
7002,23.92002314
7003,15.5427256
7004,23.5702299
7005,20.82044037
7006,20.67743807
7007,35.14958215
7008,43.36627234
7009,42.05781178
7010,45.30864272
7011,47.11615565
7012,53.54349266
7013,60.34472605
7014,60.29852404
7015,63.44180548
7016,54.21321373
7017,55.21579785
7018,55.9732736
7019,50.87082918
7020,39.20730167
7021,41.26665373
7022,33.16984299
7023,32.78027494
7024,24.27162877
7025,17.62186701
7026,15.68160711
7027,17.94344168
7028,18.06644916
7029,18.79332207
7030,25.33821259
7031,31.31372812
7032,30.35644404
7033,38.66702928
7034,37.59167683
7035,47.41889821
7036,60.90785544
7037,52.86997654
7038,59.97640283
7039,52.70965644
7040,55.30211992
7041,64.38876738
7042,51.77672969
7043,45.71956018
7044,48.40720259
7045,32.13446864
7046,36.31342353
7047,28.78660375
7048,17.03133259
7049,28.81323256
7050,19.78147538
7051,9.371341466
7052,20.53465156
7053,13.90288488
7054,31.78745927
7055,32.85660849
7056,36.42387611
7057,39.67386537
7058,53.93575602
7059,53.70364111
7060,55.87441656
7061,53.16721833
7062,59.83999516
7063,67.25682199
7064,50.92085634
7065,63.01268209
7066,52.08069888
7067,50.79984676
7068,43.83062588
7069,39.24291191
7070,36.5706144
7071,33.35617079
7072,21.10973749
7073,18.45633191
7074,17.17495255
7075,17.4491635
7076,14.2059096
7077,18.93421935
7078,24.29513356
7079,26.25365918
7080,39.78011143
7081,43.74683024
7082,45.38090493
7083,48.36092795
7084,55.89952906
7085,51.02700805
7086,54.85655344
7087,55.79354514
7088,63.45326037
7089,60.56408949
7090,56.13625141
7091,48.53900347
7092,47.1867255
7093,27.84301934
7094,33.18763965
7095,33.22431616
7096,22.96454452
7097,22.33001213
7098,21.48720813
7099,21.78797473
7100,21.00558943
7101,15.16119973
7102,24.45852225
7103,27.33758979
7104,42.72875322
7105,39.30213534
7106,44.4588499
7107,47.68052327
7108,60.87963815
7109,53.84868981
7110,52.54985635
7111,64.96101862
7112,53.64848595
7113,58.51519195
7114,51.83529998
7115,47.53816933
7116,49.27049353
7117,46.12024899
7118,41.3041651
7119,30.07855135
7120,26.86114958
7121,22.97003653
7122,30.29783371
7123,16.13106949
7124,19.3046681
7125,20.55498356
7126,22.66285301
7127,36.26790561
7128,33.00126647
7129,40.59018052
7130,43.2530964
7131,57.09095512
7132,51.16785998
7133,52.16724715
7134,58.1810928
7135,55.36481249
7136,58.13034155
7137,51.66559085
7138,52.58721289
7139,46.92340074
7140,47.28022864
7141,36.31274361
7142,33.78760112
7143,26.28716806
7144,20.8164305
7145,18.23360601
7146,30.85835235
7147,14.64664326
7148,27.05426694
7149,26.87567793
7150,25.33013937
7151,26.58294133
7152,37.44619555
7153,51.48614271
7154,36.51050034
7155,59.98709029
7156,54.02782953
7157,58.00630675
7158,65.08101063
7159,63.69949735
7160,70.61567773
7161,64.4875733
7162,65.88340252
7163,49.02070514
7164,44.21536058
7165,36.77676036
7166,48.15047689
7167,30.81695387
7168,31.27070058
7169,13.45732582
7170,19.53038417
7171,31.69029597
7172,15.49023583
7173,23.42935108
7174,22.85094741
7175,30.89482528
7176,33.49400191
7177,41.62157784
7178,43.96297369
7179,39.28511457
7180,51.82641286
7181,59.08187605
7182,60.63969303
7183,62.07905204
7184,60.63031945
7185,54.66366854
7186,55.22423271
7187,45.23467781
7188,46.3624476
7189,45.59944298
7190,34.5410498
7191,32.6119536
7192,22.80060758
7193,23.07226766
7194,27.44993176
7195,20.95953539
7196,14.16101067
7197,22.06598083
7198,27.16086224
7199,32.36916309
7200,43.53231383
7201,40.72852249
7202,37.20039566
7203,60.97356964
7204,56.01411361
7205,63.38581518
7206,60.41869434
7207,62.62997143
7208,49.95737313
7209,51.34396345
7210,50.66258124
7211,52.76978934
7212,36.49425123
7213,35.90184234
7214,30.65128968
7215,34.45075966
7216,32.22781789
7217,24.45155708
7218,30.24108412
7219,24.88745254
7220,23.87653839
7221,21.9864188
7222,26.46581386
7223,30.72756396
7224,29.30290611
7225,42.89003321
7226,49.78279116
7227,46.93572924
7228,59.88405272
7229,48.54646176
7230,63.78644803
7231,60.24606802
7232,60.60582035
7233,56.14043925
7234,48.02867721
7235,49.57622168
7236,39.99892742
7237,36.9415249
7238,43.97952454
7239,25.0948581
7240,27.84270868
7241,15.18096091
7242,19.27673458
7243,17.97574924
7244,20.64002563
7245,17.96695167
7246,25.46449932
7247,17.25698378
7248,31.06249732
7249,48.36539654
7250,53.930862
7251,49.91449834
7252,50.78635702
7253,59.78935725
7254,59.44218298
7255,61.57579247
7256,55.9558883
7257,54.94259552
7258,48.66835309
7259,45.93481412
7260,46.11030804
7261,39.21635488
7262,27.23979206
7263,29.72239298
7264,20.22489053
7265,26.57864826
7266,22.65092016
7267,17.95166566
7268,19.56466142
7269,18.79651396
7270,23.27506112
7271,33.31321543
7272,36.03920233
7273,43.80981228
7274,48.27305518
7275,52.44999959
7276,49.84513006
7277,53.99921135
7278,62.13635474
7279,62.95830767
7280,61.10512158
7281,60.0130698
7282,56.78415589
7283,44.88872809
7284,51.40048682
7285,50.63192681
7286,41.15686394
7287,38.48971589
7288,36.35432627
7289,18.80517683
7290,27.36949992
7291,18.79137422
7292,18.69719009
7293,19.64711316
7294,32.80619416
7295,26.45030788
7296,34.18796657
7297,33.99478096
7298,42.20369832
7299,54.28529596
7300,61.25255577
7301,56.65244163
7302,59.70956369
7303,67.36692271
7304,62.0858175
7305,59.61727405
7306,56.09615701
7307,57.44553137
7308,44.06103847
7309,46.40894718
7310,40.60465372
7311,29.32067351
7312,32.89295446
7313,27.40019224
7314,17.00561788
7315,15.43769414
7316,25.11189781
7317,17.00194349
7318,25.02271115
7319,37.64900337
7320,39.25139823
7321,39.37867175
7322,50.13942203
7323,53.32997191
7324,66.4859649
7325,62.62381966
7326,62.20706183
7327,60.48834037
7328,62.70401958
7329,55.55770188
7330,46.45033805
7331,57.38514466
7332,39.54863029
7333,33.33275348
7334,31.6208723
7335,39.08313587
7336,18.62493889
7337,16.51354946
7338,26.109372
7339,16.5568811
7340,22.44551736
7341,23.5802506
7342,28.60926085
7343,37.21586746
7344,42.43881151
7345,38.88396217
7346,42.84769279
7347,55.15472538
7348,62.26849562
7349,60.71324604
7350,63.1127335
7351,68.74535891
7352,60.80327729
7353,61.70808079
7354,59.38572672
7355,43.45671645
7356,48.14334396
7357,41.52090271
7358,40.94554009
7359,35.19968519
7360,18.93085112
7361,32.75172482
7362,17.80975719
7363,18.60939873
7364,22.58406271
7365,23.06721324
7366,24.88942719
7367,32.83687162
7368,27.28924415
7369,34.5940858
7370,40.58106436
7371,55.16247966
7372,58.53549381
7373,60.60110017
7374,51.33583682
7375,59.96331074
7376,67.08327116
7377,59.89561644
7378,57.73004413
7379,51.71698649
7380,47.33617837
7381,33.04063058
7382,39.14290467
7383,25.60581276
7384,21.49555122
7385,26.32542354
7386,24.33672381
7387,19.68442664
7388,20.93436934
7389,21.75980601
7390,34.42081435
7391,25.75978934
7392,37.17253992
7393,43.69681544
7394,39.03863892
7395,53.48216156
7396,64.35022185
7397,65.19607672
7398,67.45735254
7399,60.84400159
7400,61.11182915
7401,57.14943681
7402,55.18448681
7403,44.504495
7404,47.85768461
7405,45.37973352
7406,33.2552935
7407,29.32709995
7408,23.23498163
7409,19.68371961
7410,20.52014683
7411,22.41717159
7412,20.30849465
7413,20.27379938
7414,27.10142514
7415,34.77861579
7416,35.55344925
7417,43.38384871
7418,48.69843272
7419,52.66183019
7420,56.31851881
7421,64.27451401
7422,68.90399751
7423,62.45610963
7424,63.69561741
7425,49.10537237
7426,57.01379482
7427,53.3391268
7428,41.3830331
7429,38.36359326
7430,39.91542603
7431,36.73476857
7432,29.76137524
7433,25.69825619
7434,25.991965
7435,21.35710976
7436,20.11999133
7437,26.5192387
7438,31.16806429
7439,31.83473161
7440,32.48297962
7441,49.35011971
7442,46.64598962
7443,46.60832354
7444,50.0617466
7445,55.36112698
7446,65.17120045
7447,68.09471306
7448,57.11877734
7449,52.68134928
7450,59.67879459
7451,48.24697813
7452,48.99614049
7453,40.15386219
7454,35.11959125
7455,31.42297809
7456,17.45029769
7457,29.04766252
7458,29.2094377
7459,24.00865506
7460,25.42733052
7461,21.66271882
7462,26.67356582
7463,30.3960897
7464,34.6785865
7465,43.39981815
7466,48.16309526
7467,51.93738504
7468,56.58527489
7469,66.71563662
7470,68.5963078
7471,73.7386091
7472,59.72244178
7473,60.33100623
7474,57.02478084
7475,48.83943364
7476,49.98889518
7477,32.73358492
7478,46.11651661
7479,26.32654487
7480,22.87868937
7481,10.449299
7482,22.23278391
7483,32.38184245
7484,30.90978232
7485,23.20357288
7486,34.57411168
7487,32.61070566
7488,43.47986562
7489,43.48719213
7490,42.41931945
7491,48.57180198
7492,57.52727307
7493,64.16628828
7494,63.461843
7495,69.38375111
7496,55.23082765
7497,44.71545338
7498,58.39172769
7499,55.23994167
7500,39.30859942
7501,41.37663604
7502,38.97664163
7503,33.45886581
7504,30.91472626
7505,20.85073963
7506,21.39741128
7507,17.84384475
7508,26.07382654
7509,31.53823245
7510,28.23610334
7511,36.42175095
7512,40.72945115
7513,46.04511186
7514,48.54261313
7515,55.32662796
7516,61.34678856
7517,54.63509745
7518,58.36077002
7519,60.69580053
7520,57.68737647
7521,56.64379034
7522,55.5365239
7523,58.01753922
7524,63.30890183
7525,41.02221059
7526,38.24698133
7527,23.1304158
7528,25.55389425
7529,30.85144132
7530,15.62365338
7531,17.14993263
7532,17.82079957
7533,30.43191295
7534,28.47405026
7535,35.19244464
7536,41.17836886
7537,37.05639416
7538,50.37367574
7539,52.35732619
7540,61.19289396
7541,56.88357535
7542,54.33079127
7543,53.43765485
7544,56.92778154
7545,64.23670758
7546,63.03000666
7547,57.49737622
7548,54.05931772
7549,41.7021667
7550,49.8219045
7551,34.01139174
7552,24.97446876
7553,26.25750106
7554,22.75464521
7555,23.05618153
7556,27.85273856
7557,21.48710866
7558,23.40756927
7559,35.77628678
7560,38.39417998
7561,34.5333412
7562,61.49751476
7563,51.4997675
7564,46.95497626
7565,51.59013337
7566,64.02460311
7567,57.11828242
7568,59.4344458
7569,52.73729474
7570,54.21689187
7571,57.81479597
7572,44.69761433
7573,41.77483915
7574,37.08997805
7575,22.07755835
7576,24.51140519
7577,21.32454646
7578,25.83749122
7579,22.66303392
7580,22.00937079
7581,25.57379995
7582,16.579484
7583,25.55163525
7584,29.80938209
7585,44.69214562
7586,49.89264697
7587,51.6542935
7588,48.5537341
7589,59.87870885
7590,63.38592464
7591,63.52138582
7592,63.73095347
7593,52.50362069
7594,53.99078267
7595,60.64353717
7596,50.76752069
7597,39.48016288
7598,49.806034
7599,30.1876231
7600,25.68185614
7601,27.25852515
7602,30.16352319
7603,28.0611562
7604,32.02301937
7605,23.13335151
7606,37.1690341
7607,22.4274116
7608,33.31878762
7609,40.73973069
7610,49.25250214
7611,56.13978727
7612,54.43213658
7613,50.14213493
7614,65.96527698
7615,56.86729898
7616,65.62523146
7617,61.2404093
7618,66.08725259
7619,48.02917299
7620,51.14248501
7621,42.17167038
7622,41.01765995
7623,36.42301641
7624,27.42762265
7625,24.75653061
7626,29.97006883
7627,22.99493944
7628,25.41780251
7629,14.15947994
7630,30.79268045
7631,35.85799382
7632,35.99320367
7633,41.41019945
7634,46.63308436
7635,54.87020986
7636,56.16813603
7637,56.22800998
7638,53.48716009
7639,59.70889546
7640,55.86691843
7641,64.78995397
7642,60.22742732
7643,48.69667668
7644,47.85012255
7645,38.02308315
7646,38.69389966
7647,22.30747206
7648,26.73503502
7649,22.64031243
7650,25.98350916
7651,21.73022925
7652,26.06611365
7653,25.5949213
7654,28.00198185
7655,36.93718755
7656,42.40759991
7657,40.36157709
7658,49.58513858
7659,46.98369344
7660,56.57180937
7661,54.52123105
7662,57.9511191
7663,71.0546707
7664,62.31362198
7665,57.22640047
7666,52.90601069
7667,46.77573011
7668,46.04039495
7669,44.78059376
7670,32.55599419
7671,28.44314266
7672,21.95280909
7673,26.94880939
7674,24.04059974
7675,23.00150364
7676,29.65101559
7677,25.0234278
7678,16.7467444
7679,26.57005708
7680,37.12925326
7681,45.69706649
7682,52.5991706
7683,55.85247574
7684,54.52422838
7685,56.72728104
7686,60.80071225
7687,57.73662032
7688,58.80071001
7689,54.77793153
7690,61.1108066
7691,50.60302435
7692,35.77820788
7693,46.38706366
7694,33.97814178
7695,27.39388421
7696,28.85669703
7697,24.82787216
7698,21.13650218
7699,15.99917922
7700,29.66247978
7701,24.13380747
7702,33.72757106
7703,19.11408529
7704,39.30478747
7705,48.99801834
7706,44.09068895
7707,51.61933443
7708,54.1614308
7709,59.25564219
7710,67.26537613
7711,58.9096459
7712,59.3887281
7713,60.8715538
7714,53.62089578
7715,61.11832591
7716,56.41758387
7717,43.10015607
7718,38.93387935
7719,36.59025705
7720,31.83051181
7721,29.36076454
7722,16.49148494
7723,31.17849174
7724,22.89656212
7725,27.62694329
7726,28.1581382
7727,34.44779172
7728,35.10032302
7729,36.98904906
7730,48.01204477
7731,60.16493507
7732,56.16120237
7733,65.06797138
7734,57.00411868
7735,62.61611233
7736,64.32749144
7737,61.77496765
7738,56.57233327
7739,49.91077776
7740,55.85750837
7741,46.88070972
7742,38.65317526
7743,30.60341356
7744,30.70269008
7745,26.94920979
7746,21.32590481
7747,24.35279329
7748,23.85613241
7749,29.70110361
7750,27.74395774
7751,43.68110319
7752,32.27979044
7753,46.43920502
7754,49.80767744
7755,56.54898831
7756,57.17143456
7757,63.56665371
7758,57.46723193
7759,63.03434509
7760,62.54342241
7761,61.58692423
7762,54.40761429
7763,46.60450335
7764,51.85310038
7765,41.90617362
7766,35.47357151
7767,28.84169409
7768,28.49538838
7769,22.56653299
7770,22.38057028
7771,21.05069791
7772,20.66392564
7773,32.88794148
7774,33.48607003
7775,42.4113171
7776,29.32423457
7777,44.89947418
7778,44.7377151
7779,54.73128478
7780,64.4867109
7781,61.84306249
7782,62.76179617
7783,63.27734043
7784,60.59951567
7785,61.65847233
7786,61.27909562
7787,60.9468088
7788,52.44328505
7789,48.07013664
7790,38.59798453
7791,30.30539161
7792,24.27577858
7793,25.51570731
7794,17.49126044
7795,22.21194122
7796,27.28094623
7797,36.8933375
7798,25.26935284
7799,33.25443038
7800,37.16645708
7801,51.38892378
7802,49.22442273
7803,56.42804788
7804,56.09701065
7805,62.953886
7806,63.92563831
7807,62.03518659
7808,67.26067274
7809,63.91994155
7810,59.58878082
7811,59.17042776
7812,40.17664595
7813,41.08080793
7814,40.63400643
7815,39.00792455
7816,30.69726802
7817,36.40745578
7818,27.92401048
7819,22.24072789
7820,28.06778982
7821,32.94714241
7822,30.61229794
7823,30.38035256
7824,43.24999399
7825,39.82851063
7826,37.16783025
7827,53.82029845
7828,56.32591855
7829,58.5022554
7830,71.49069465
7831,60.36178992
7832,69.64229708
7833,60.17675185
7834,50.62600998
7835,48.29943963
7836,39.69825807
7837,38.45479916
7838,33.54155624
7839,34.99692847
7840,33.88997803
7841,24.55681964
7842,28.59748769
7843,23.00621416
7844,29.78517898
7845,24.4731482
7846,27.55451144
7847,31.12394534
7848,35.87665919
7849,45.94566342
7850,41.79844602
7851,53.35626826
7852,58.8660402
7853,55.91915186
7854,64.50638385
7855,63.32233328
7856,66.96503804
7857,59.59205848
7858,70.87871444
7859,65.2695749
7860,53.86013207
7861,47.56465513
7862,36.86645157
7863,26.07121981
7864,24.06545989
7865,23.57374723
7866,21.35560248
7867,20.72844736
7868,32.11992281
7869,23.96047026
7870,32.3711189
7871,41.28252938
7872,46.07548274
7873,49.07914511
7874,47.71824795
7875,48.37119103
7876,60.29681463
7877,54.89007266
7878,67.15805978
7879,57.97088166
7880,60.37093889
7881,59.82467788
7882,67.99567524
7883,55.9109927
7884,49.69145005
7885,39.43107549
7886,41.24938773
7887,41.79438739
7888,32.86378383
7889,24.57619072
7890,18.01621365
7891,28.06839963
7892,30.95955895
7893,26.51473016
7894,29.52343352
7895,35.91679384
7896,36.39061092
7897,50.37287022
7898,51.92614991
7899,42.31789855
7900,56.67271243
7901,62.53272871
7902,55.07061286
7903,69.23855432
7904,55.15776608
7905,63.25719846
7906,60.05485326
7907,40.21765147
7908,50.60308704
7909,44.12687174
7910,42.42914087
7911,26.82637309
7912,36.11877393
7913,22.67727962
7914,22.93401174
7915,29.26982087
7916,22.03670694
7917,24.7289122
7918,30.90021956
7919,33.58207079
7920,34.48876475
7921,42.27657589
7922,47.6116007
7923,57.2196673
7924,57.19987907
7925,64.92268874
7926,65.02059234
7927,70.59899931
7928,59.0642627
7929,67.27724142
7930,54.4211576
7931,54.01066808
7932,59.77704204
7933,39.75108636
7934,42.57250173
7935,38.02565432
7936,29.4481571
7937,19.58272692
7938,19.5555217
7939,28.00627845
7940,21.6360107
7941,23.44907702
7942,25.68084711
7943,31.4639399
7944,35.50243701
7945,49.32880497
7946,44.90123235
7947,46.63970468
7948,59.28383854
7949,56.36678649
7950,68.22477636
7951,61.4595321
7952,62.69441741
7953,64.60860323
7954,54.72430966
7955,58.34764499
7956,48.7811836
7957,53.11801173
7958,42.36989557
7959,43.15159873
7960,37.29195961
7961,23.45396813
7962,27.72197696
7963,13.91701899
7964,26.87124177
7965,20.71633713
7966,42.21668326
7967,26.42331475
7968,43.88563912
7969,40.03906015
7970,51.67493587
7971,51.08271738
7972,65.0927126
7973,71.53042648
7974,65.20689954
7975,59.65346088
7976,65.02894953
7977,66.18223994
7978,62.26755855
7979,57.37883412
7980,44.88994361
7981,50.02125346
7982,42.25941187
7983,38.43919605
7984,21.2215262
7985,18.82901274
7986,27.7963856
7987,33.19461677
7988,25.99551281
7989,16.59390046
7990,39.74806408
7991,34.99829749
7992,35.8937469
7993,44.93084511
7994,49.23021189
7995,58.80234108
7996,54.81609993
7997,60.33369271
7998,65.24186276
7999,72.40721792
8000,54.77604122
8001,64.86421524
8002,62.44396794
8003,53.88323815
8004,53.37042621
8005,43.99198562
8006,39.91176893
8007,34.74564575
8008,24.8456618
8009,25.67615216
8010,28.32157811
8011,26.46144701
8012,27.4049608
8013,30.37234792
8014,38.25019532
8015,48.62381229
8016,45.83089887
8017,46.21806338
8018,54.26341093
8019,58.74360476
8020,60.80129637
8021,56.07820271
8022,67.15449345
8023,76.05777088
8024,62.39769848
8025,55.14974109
8026,61.62376577
8027,48.48151568
8028,49.3246916
8029,38.78586201
8030,44.68099355
8031,35.01886299
8032,26.77418643
8033,32.27641579
8034,28.10153498
8035,23.41204821
8036,23.66539527
8037,21.48493839
8038,35.40322929
8039,33.4661949
8040,40.55913397
8041,46.63928266
8042,47.7846287
8043,51.21957328
8044,59.01981017
8045,68.94167648
8046,57.95329756
8047,67.83776376
8048,75.74406103
8049,69.0619751
8050,67.26875846
8051,54.81178783
8052,46.34064299
8053,46.15622953
8054,40.16366939
8055,35.41757867
8056,31.85489614
8057,30.406721
8058,25.61181399
8059,25.26773406
8060,41.75048292
8061,26.78285719
8062,37.60533348
8063,41.79509963
8064,40.2759966
8065,57.89212518
8066,50.70986021
8067,51.74229384
8068,60.09509899
8069,67.97986874
8070,60.27637492
8071,65.41730578
8072,64.11776858
8073,70.23999377
8074,57.20610449
8075,53.90088608
8076,52.70791341
8077,42.32113259
8078,39.84310341
8079,34.7626553
8080,38.61567362
8081,30.4532524
8082,28.99914124
8083,22.37047001
8084,26.31354548
8085,24.6072964
8086,27.24069135
8087,37.41207191
8088,40.77531271
8089,48.93367109
8090,49.02662988
8091,58.04662127
8092,52.81614563
8093,69.30706732
8094,68.30055564
8095,58.89011069
8096,63.39189211
8097,61.23007462
8098,52.87386124
8099,51.73474322
8100,48.53928696
8101,39.38202929
8102,40.8476919
8103,30.44227149
8104,38.53199317
8105,24.26931489
8106,14.70494526
8107,16.32465485
8108,17.88578702
8109,19.07698482
8110,23.08737093
8111,34.1724207
8112,42.15302297
8113,41.01717
8114,47.35285221
8115,59.52152598
8116,58.13648601
8117,71.68061606
8118,76.99673438
8119,73.02163975
8120,59.35242294
8121,62.15640945
8122,58.28282306
8123,56.07826904
8124,50.46649223
8125,51.18430819
8126,43.21373245
8127,33.94348353
8128,19.99802695
8129,30.74210313
8130,27.48347035
8131,21.73128
8132,28.30540895
8133,18.98411785
8134,28.21750029
8135,26.31027331
8136,40.96663353
8137,48.5857255
8138,46.29097359
8139,56.87660492
8140,68.38324894
8141,53.66114106
8142,69.6721708
8143,66.83165715
8144,60.84071997
8145,68.02188467
8146,58.77620471
8147,56.74603452
8148,49.74148799
8149,39.02438435
8150,35.94867661
8151,27.09636699
8152,21.12078985
8153,25.42423636
8154,26.55632175
8155,22.6687639
8156,27.41851953
8157,22.34879268
8158,35.41825639
8159,27.87833155
8160,38.83601815
8161,40.17304965
8162,51.16896994
8163,60.45818313
8164,61.60645949
8165,56.38719137
8166,63.9172588
8167,64.43991375
8168,67.03983893
8169,60.4517235
8170,53.73696487
8171,56.07850911
8172,46.8066196
8173,47.7731065
8174,41.94886082
8175,21.83915122
8176,35.46765848
8177,25.12598709
8178,30.57410519
8179,27.92118812
8180,27.38181183
8181,23.81322965
8182,28.47794486
8183,25.62198782
8184,38.63596212
8185,45.08767117
8186,48.63401609
8187,62.97624302
8188,63.38676485
8189,59.94502062
8190,70.93301632
8191,68.40384636
8192,67.24283094
8193,59.65011274
8194,63.56857847
8195,61.65093713
8196,48.86615064
8197,42.93679179
8198,39.24405324
8199,44.81640372
8200,32.81799116
8201,34.48953036
8202,32.48976065
8203,27.66102284
8204,31.45366555
8205,25.24245609
8206,32.77644946
8207,37.38702871
8208,41.37097378
8209,43.06976969
8210,56.44515221
8211,53.64912809
8212,61.37132172
8213,60.85036928
8214,62.14221891
8215,72.73053661
8216,61.36533288
8217,66.54855004
8218,63.99452758
8219,61.67664461
8220,54.05400099
8221,49.23048264
8222,36.93852702
8223,37.17420352
8224,38.11827962
8225,38.23041374
8226,26.66042081
8227,17.4921413
8228,30.42944678
8229,30.89594051
8230,29.51555841
8231,28.75524162
8232,47.81614263
8233,45.33713798
8234,52.96245418
8235,53.7112555
8236,59.02731837
8237,66.66869694
8238,74.06001753
8239,65.92980291
8240,70.74462887
8241,65.0958787
8242,60.96342701
8243,52.85684922
8244,48.13856426
8245,50.00324121
8246,37.19318029
8247,30.62766816
8248,37.57634401
8249,16.03915667
8250,28.79788154
8251,27.99258228
8252,34.54184526
8253,25.03626367
8254,37.0841986
8255,31.11024149
8256,37.47566242
8257,42.58037014
8258,53.50085527
8259,58.72908333
8260,54.24782984
8261,63.36464584
8262,69.40681285
8263,67.81889646
8264,68.10236169
8265,54.14953424
8266,57.70462874
8267,62.82141485
8268,47.34015961
8269,53.83482431
8270,45.90052547
8271,26.87351098
8272,35.52234528
8273,34.50341111
8274,21.54377152
8275,25.16640136
8276,26.53078974
8277,35.49555965
8278,37.66780708
8279,33.44651512
8280,35.90548339
8281,51.0333043
8282,58.22524472
8283,63.34242447
8284,57.65860429
8285,68.34687142
8286,63.35352837
8287,70.02250506
8288,65.93552593
8289,63.9659436
8290,63.36510029
8291,57.49980082
8292,53.65314601
8293,45.47430261
8294,31.80791732
8295,36.85799349
8296,33.36665613
8297,35.14893296
8298,26.70938643
8299,29.77320689
8300,30.9741289
8301,39.33237877
8302,28.36793563
8303,37.95369915
8304,35.21864697
8305,40.63561433
8306,54.27312035
8307,56.36575535
8308,64.76288656
8309,67.2002444
8310,71.71618503
8311,59.52136691
8312,77.78857747
8313,51.40133584
8314,61.77244161
8315,55.01098435
8316,59.12018681
8317,48.45276088
8318,41.3382429
8319,43.15369249
8320,36.33760243
8321,30.63642923
8322,26.82898382
8323,21.49473342
8324,25.94800902
8325,36.52203982
8326,33.29596169
8327,31.71311195
8328,43.4062174
8329,52.99403523
8330,52.99715202
8331,55.61151357
8332,61.20040455
8333,52.97846465
8334,59.32102188
8335,72.75285849
8336,64.47171576
8337,67.10563348
8338,66.43845947
8339,52.40851803
8340,49.46069866
8341,52.55111039
8342,42.28555893
8343,37.86291363
8344,29.30532746
8345,25.77479182
8346,22.369897
8347,25.05085902
8348,19.93421412
8349,34.40179506
8350,28.71448348
8351,40.58858439
8352,39.95915569
8353,42.17087764
8354,55.49773028
8355,62.97948517
8356,61.21615012
8357,67.29805619
8358,67.83203047
8359,70.51064905
8360,69.13181082
8361,64.60104179
8362,58.38120299
8363,55.34277992
8364,51.5779288
8365,50.42522552
8366,38.13236976
8367,36.02547262
8368,33.71127613
8369,30.83914031
8370,27.18640329
8371,16.76274408
8372,32.13647681
8373,27.58225211
8374,39.79476506
8375,38.51340589
8376,31.68996034
8377,46.19393719
8378,57.34085824
8379,57.64973315
8380,61.53660396
8381,69.40902186
8382,69.22064509
8383,69.37362626
8384,75.9880649
8385,59.72817683
8386,59.15108967
8387,49.66136641
8388,58.99564113
8389,43.44656066
8390,42.52594286
8391,35.31371495
8392,35.04092709
8393,28.05686246
8394,41.87595921
8395,25.78252249
8396,24.36063536
8397,31.5659376
8398,36.94396413
8399,38.10553841
8400,37.43626717
8401,49.70650153
8402,47.99576575
8403,56.01845632
8404,58.5268217
8405,70.59308699
8406,69.41004278
8407,64.43769469
8408,65.77204837
8409,62.92709034
8410,56.37743286
8411,56.22734813
8412,55.37741958
8413,40.5362471
8414,41.08857549
8415,37.52667448
8416,23.91655336
8417,33.50722988
8418,16.55714772
8419,22.15186553
8420,29.710156
8421,27.22495771
8422,32.05166061
8423,34.68760857
8424,33.72962294
8425,48.19461028
8426,47.86054437
8427,53.33711135
8428,54.98441326
8429,59.95689832
8430,66.22091749
8431,64.95803037
8432,68.6223677
8433,56.50267827
8434,61.04753006
8435,63.08440095
8436,47.81912188
8437,54.50008435
8438,47.04030659
8439,41.88194163
8440,35.51128155
8441,30.82578374
8442,28.16591653
8443,33.8624373
8444,29.01647427
8445,30.67275381
8446,28.39669507
8447,36.23218282
8448,39.0554021
8449,55.44994557
8450,51.91649139
8451,65.70259403
8452,61.32120932
8453,56.17210516
8454,70.18571408
8455,62.86601172
8456,63.11299387
8457,61.44060744
8458,60.53829052
8459,44.16005047
8460,46.72277206
8461,51.13429984
8462,43.51165572
8463,41.94953676
8464,34.0405924
8465,31.06850004
8466,31.20645135
8467,27.2985413
8468,26.15212755
8469,33.06654407
8470,37.02444511
8471,39.76178877
8472,37.97692957
8473,35.36386966
8474,55.69493818
8475,58.62724178
8476,61.17677373
8477,71.16715923
8478,56.6574577
8479,72.25882338
8480,63.1328295
8481,62.15468513
8482,51.92150668
8483,61.03632344
8484,52.19790666
8485,44.66854573
8486,40.66953569
8487,32.0948424
8488,36.17033025
8489,25.19850961
8490,24.34377908
8491,27.22075888
8492,22.34621475
8493,24.78658652
8494,41.54634853
8495,40.04332645
8496,41.16713895
8497,52.29978906
8498,63.31374975
8499,55.56974247
8500,63.59870162
8501,68.07364423
8502,71.0495595
8503,64.7081435
8504,61.24070263
8505,69.24101969
8506,64.49742007
8507,68.50351227
8508,43.20765234
8509,49.65390986
8510,44.85501776
8511,38.05589698
8512,37.38017301
8513,28.51120059
8514,22.44921373
8515,30.73414277
8516,30.39944405
8517,37.75054222
8518,30.55326916
8519,42.08514071
8520,49.19347204
8521,45.94118138
8522,48.81175261
8523,63.70288795
8524,63.01838927
8525,64.99717551
8526,61.04903808
8527,72.41847974
8528,58.39490794
8529,63.5403566
8530,60.0397622
8531,62.51008683
8532,55.47219137
8533,46.84714389
8534,46.07571077
8535,43.26552936
8536,35.04242275
8537,38.21406204
8538,24.93663817
8539,30.62022389
8540,32.18562448
8541,25.91851095
8542,30.28488056
8543,44.40890955
8544,45.39961676
8545,64.55870512
8546,54.63407859
8547,59.74857564
8548,63.62052296
8549,62.03003745
8550,69.08861517
8551,60.72992636
8552,66.2772496
8553,67.51674187
8554,58.36443574
8555,54.16611362
8556,56.82178891
8557,45.39705477
8558,44.52916614
8559,37.71000716
8560,36.21432636
8561,41.10584846
8562,28.69675454
8563,27.15807674
8564,27.80021771
8565,31.71381786
8566,37.67099867
8567,39.41733384
8568,38.63833013
8569,39.19790775
8570,53.20119913
8571,54.68986713
8572,59.71332802
8573,61.45583825
8574,71.84582385
8575,68.76109332
8576,64.96845073
8577,64.8068946
8578,62.910432
8579,53.15272782
8580,50.5258636
8581,47.32786516
8582,43.30318511
8583,40.30526161
8584,29.2454931
8585,31.68806784
8586,30.97363088
8587,20.50629165
8588,30.96650622
8589,32.86655234
8590,29.36372974
8591,48.97393158
8592,50.38023195
8593,45.61738574
8594,47.25113847
8595,67.40706097
8596,60.22597239
8597,63.30459914
8598,64.32239647
8599,73.01563376
8600,67.27062627
8601,66.59455211
8602,55.18143362
8603,56.43118956
8604,62.84012907
8605,50.37836521
8606,45.73643491
8607,34.37524432
8608,29.72522671
8609,35.37057242
8610,24.84069638
8611,32.5333998
8612,18.65606682
8613,32.2902654
8614,44.32993507
8615,35.99526286
8616,45.48457075
8617,51.66193651
8618,46.20587806
8619,53.24895935
8620,65.44418379
8621,61.55610486
8622,70.6071016
8623,66.71364083
8624,67.4150978
8625,69.23374725
8626,54.93033063
8627,53.33059184
8628,59.96452848
8629,51.17201217
8630,39.04813005
8631,37.70406015
8632,31.59215963
8633,30.19023447
8634,33.81538317
8635,30.63111908
8636,31.97090847
8637,38.29895338
8638,40.25018866
8639,45.21942916
8640,44.78248628
8641,47.5434485
8642,55.96494773
8643,59.04700489
8644,62.88286013
8645,55.75370667
8646,67.26293235
8647,63.59683552
8648,73.40965639
8649,62.43221861
8650,65.70070768
8651,48.86824304
8652,56.17685727
8653,48.59609176
8654,43.11146705
8655,30.54312132
8656,39.92692639
8657,35.77459371
8658,20.60099541
8659,27.63974777
8660,34.53628601
8661,32.16054503
8662,27.52643059
8663,35.85639505
8664,47.88671515
8665,52.70824338
8666,58.86412936
8667,61.95674571
8668,58.08540676
8669,73.15718604
8670,71.80738483
8671,66.55114101
8672,66.43078583
8673,61.31986769
8674,68.41808689
8675,69.72839651
8676,44.10062001
8677,55.69367739
8678,49.81665588
8679,36.80202481
8680,29.60530668
8681,28.61532039
8682,32.47134904
8683,21.59906041
8684,25.20236808
8685,33.16014935
8686,30.38257107
8687,41.30874118
8688,32.73368668
8689,46.34456823
8690,54.23201626
8691,53.87539656
8692,64.93569942
8693,68.88500907
8694,69.06056502
8695,65.79545417
8696,75.1709127
8697,72.21134372
8698,63.68983462
8699,56.03419168
8700,54.4327131
8701,41.94419769
8702,46.97168897
8703,50.12109098
8704,35.0546984
8705,35.057379
8706,25.18612577
8707,28.23761076
8708,31.96391743
8709,26.35739541
8710,35.06011353
8711,38.60368354
8712,50.70170394
8713,48.60167993
8714,44.66674346
8715,63.2372624
8716,68.93093524
8717,69.57127419
8718,64.37101089
8719,68.96945597
8720,65.64046402
8721,56.8934685
8722,68.58756771
8723,63.46472791
8724,53.46048517
8725,63.00233922
8726,36.16505532
8727,41.97036516
8728,31.81922728
8729,30.33252801
8730,29.4075479
8731,34.33266519
8732,28.33780143
8733,35.41945906
8734,24.99939325
8735,40.17461482
8736,40.66693239
8737,45.22448303
8738,60.88446914
8739,51.81698905
8740,61.91851749
8741,65.31357403
8742,75.47422671
8743,65.49296969
8744,74.35241113
8745,69.46849448
8746,67.16503681
8747,56.87130354
8748,51.74110033
8749,57.83129549
8750,35.28486387
8751,38.36370617
8752,43.85038643
8753,30.93234859
8754,25.86774327
8755,27.48952425
8756,32.29360616
8757,29.46071438
8758,27.8251009
8759,37.21456567
8760,52.72233467
