loadshift_id,LS1,LS1,LS1,LS1,LS1,LS1,LS1
profile_key,max_above_abs,max_above_rel,max_below_abs,max_below_rel,energy_cost_above,energy_cost_below,fix_cost
1,0.48640531,0.005100576,0.425332949,0.004241521,0.000980351,0.000313959,0.002819542
2,3.020987789,0.005904809,1.138607455,0.00855945,0.000600239,0.000898694,0.000627438
3,3.058317866,0.004602505,1.765204817,0.002958067,0.00025294,0.000998196,0.000937221
4,4.275175002,0.000779808,3.481896948,0.005318982,0.000130078,0.00094992,0.00163826
5,4.191365838,0.00907245,3.829595985,0.00471249,0.000415239,0.000477922,0.001539503
6,2.545940375,0.00059891,3.445597776,0.00105489,0.000206654,0.000282014,0.002941936
7,4.387111432,0.004277846,0.329738269,0.00580184,0.000243232,0.000832785,0.000591894
8,3.909420166,0.000199559,3.609151081,0.007276794,0.000491724,0.000501872,0.001611251
9,3.768135967,0.002405113,2.033214044,0.002498595,1.64426E-05,0.000228827,0.000974638
10,4.084252091,0.007621812,3.310232308,0.000980365,9.44073E-05,0.000169384,0.002481414
11,3.985403828,0.002233329,3.65615711,0.008467867,0.00023665,0.000983466,0.002319163
12,3.66977151,0.002530637,2.014263777,0.002990633,0.000157683,0.000696639,0.000188678
13,3.601600273,0.00364354,0.969774642,0.008946693,0.000204967,0.000965655,0.001281241
14,4.4671225,0.006901548,1.495286659,0.00157912,0.00089541,0.000846109,0.002284775
15,3.99523785,0.003086302,2.955869063,0.008528925,0.000788812,0.000933936,0.002538226
16,4.772127883,0.007415763,1.669112908,0.003346316,0.000920561,0.000697411,0.002108416
17,3.308884154,0.009227341,2.151725557,0.000637073,2.91751E-05,0.000682998,0.000143492
18,4.292066701,0.004679839,2.657171026,0.009100111,0.000975503,0.000718027,0.000415574
19,3.648686528,0.003026586,1.424950192,0.009014132,0.000641476,8.64285E-05,0.0011124
20,3.073253575,0.006997859,1.756040933,0.006443349,0.000832997,0.00024061,0.002119851
21,3.80059799,0.001341866,1.65738885,0.007911633,0.000340296,0.000140158,0.00048619
22,2.670856313,0.001520081,3.110087396,0.009382091,0.000447372,0.000355239,0.00238464
23,4.667778231,7.16941E-05,3.071817395,0.00801582,0.000233378,0.000890985,0.001016872
24,2.544688214,0.001837325,0.737843176,0.008181526,0.000746557,0.000367355,0.001610565
25,3.575741174,0.004015179,3.544076769,0.004988663,0.000304269,0.000125986,0.001370924
26,4.446712685,0.007620703,3.20773503,0.003131051,0.000931313,0.000156151,0.001567917
27,3.310404437,0.009911932,2.852319852,0.000806805,0.000999356,3.34319E-05,0.000950909
28,4.112009021,0.005027199,0.385649776,0.000428939,0.000841502,0.000318556,0.002310206
29,4.617375868,0.005245161,0.663582034,0.004926888,0.000404639,0.000656488,0.002515788
30,4.872169923,0.001600499,2.784234635,0.003791296,0.000611828,0.000325956,0.002258876
31,4.798990299,0.007307789,2.408174352,0.008071744,0.000343901,0.000211917,0.000789877
32,3.425575736,0.005062378,0.932838398,0.007420277,0.000718565,0.000319953,0.002631315
33,3.73517957,0.004587553,0.550116067,0.007399581,2.62516E-06,0.000982692,0.001184784
34,2.756682681,1.35243E-05,1.728790639,0.004549445,0.000650553,0.000586799,0.001326472
35,2.558370875,0.000687148,3.161871112,0.008430372,0.000432929,0.000654212,0.002827643
36,4.086214948,0.006040903,0.759578048,0.001900983,0.000760689,0.000552592,0.001733203
37,4.368731997,0.008177214,1.534901229,0.009414858,0.000404065,0.000758248,0.002403832
38,4.601783481,0.005921149,3.63917063,0.001375567,6.29615E-05,8.25714E-05,0.001464641
39,4.855826491,0.003169798,1.442368267,0.007962095,0.00010814,0.000351003,0.001947518
40,4.033676424,0.001218189,1.015437005,0.008389677,0.000495181,0.000491353,0.000878679
41,3.367826499,0.00891499,2.978838371,0.008513123,0.000424225,0.000354754,0.000752684
42,2.52508211,0.008573363,1.36552599,0.007517436,0.000759968,2.96644E-05,0.000137877
43,2.809675625,0.008639433,0.415453944,0.00502906,0.000990927,0.000667938,0.001238218
44,3.171736073,0.002337149,2.878266955,0.006705669,0.00014708,0.000239852,0.001120887
45,4.875541863,0.00326963,2.30153796,0.008427567,6.12527E-05,0.000206723,0.002320408
46,2.936276331,0.00894365,3.421748048,0.002961677,0.000872726,0.000162424,2.56273E-05
47,3.451071278,0.000662815,2.171068847,0.009101189,0.000609597,0.000425437,0.001775752
48,4.503199205,0.00975676,1.604739247,0.009676577,8.89885E-05,0.000923409,0.00128695
49,4.920342326,0.002177849,2.112900126,0.004702694,0.000583253,0.000204095,0.002519001
50,4.070683268,0.004173308,3.602312265,0.008137712,0.000790442,0.000132056,0.000249849
51,3.853997936,0.005692983,0.167279083,0.000624245,0.000688896,0.000978429,0.00062426
52,3.809446861,0.003903839,1.454480696,0.001713378,0.000268359,0.000368823,0.000462636
53,3.556975778,0.005224519,3.113352748,0.001905617,0.000587099,0.000792909,0.000405172
54,3.068977211,0.00636308,3.739449109,0.006390854,0.000488101,0.000874373,0.002028485
55,3.871023406,0.001767901,3.930206076,0.001722226,0.000638898,0.000322604,0.00270382
56,2.512930292,0.005688833,0.880034582,0.004120101,0.000836686,9.70713E-05,0.000453466
57,3.816250579,0.001001964,1.478272849,0.005099976,0.000227236,0.000271194,0.000777779
58,4.040315899,0.009572705,3.796975819,9.31725E-05,0.000471132,0.000624958,0.001635295
59,4.733245154,0.006764572,0.956978634,0.004652325,0.000324103,0.000726877,0.001013196
60,4.147254415,0.002322614,2.532279343,0.007075515,7.47841E-05,0.000386403,0.001624421
61,3.1013808,0.001913644,1.750157362,0.001486721,0.000126799,0.000535835,0.001747804
62,2.872853705,0.005819995,3.875601822,0.00383266,0.000507894,9.60379E-05,0.001839517
63,4.209613255,0.005910337,1.969262737,0.001671595,0.000749368,0.000692591,0.002653852
64,4.049758434,0.007430498,2.746496925,0.001427907,0.000456868,0.000434317,0.000190359
65,2.866814961,0.008815113,1.840209823,0.000941493,0.000177352,0.000982947,0.000362257
66,4.552900367,0.007759167,0.377908601,0.005513026,7.85785E-05,0.000173231,0.002664748
67,4.652882697,0.00750013,3.040082643,0.003428425,0.000945742,8.39533E-05,0.000462154
68,4.936920377,0.000105293,0.30100027,0.004387031,0.00038207,0.000711965,0.00183526
69,3.442458535,0.006614215,3.826347521,0.006691102,0.000275795,0.000158863,0.002064144
70,2.533398153,0.004857978,3.513649085,0.001674266,0.000573598,0.000132134,0.002036202
71,3.870265746,0.008149645,3.452379037,0.000438001,0.000425134,0.000743707,0.001483037
72,4.828665004,0.003292823,0.379969905,0.009842903,0.000779032,9.09289E-05,0.000593459
73,4.998501807,0.005238319,2.057768988,0.002119642,0.000682606,0.000276469,0.000626465
74,4.855576759,0.009980352,2.383936322,0.009214487,0.000358641,0.000591016,0.001655201
75,3.061888825,0.007014769,0.520144578,0.007931314,0.000311096,0.000171136,0.002801203
76,3.260455974,0.006153717,3.632505093,0.000481485,0.000921867,0.000195725,0.002067266
77,4.556499614,0.005872303,2.209204087,0.000483464,0.000657753,0.000878331,0.001140477
78,2.826300006,0.009287662,2.801124434,0.005207837,0.000532916,0.000478037,0.00078109
79,3.190737746,0.007231026,3.422743207,0.008409392,0.000509032,0.000316716,0.002667384
80,3.08090378,0.007587314,3.17685458,0.003108041,0.000936359,0.000527236,0.001209784
81,4.534539741,0.008636496,2.042355718,0.006537536,5.24057E-06,0.000777909,0.000826218
82,4.396831103,0.009999156,2.492770109,0.006210437,0.000386381,0.000215539,0.002794432
83,3.946929602,0.008187645,3.884320477,0.004218571,0.000600212,0.000111966,0.001709234
84,2.951676048,0.008785332,2.380733421,0.009782177,0.00012589,0.00050574,0.000410068
85,4.933484577,0.008732588,0.468308581,0.005107984,0.000485079,0.000400885,9.98457E-05
86,4.361752065,0.009527608,2.235170443,0.006579614,0.00028649,0.000160201,0.001671465
87,3.131012473,0.006023935,3.884059736,0.003963174,0.000930515,0.000789612,0.000836263
88,3.619729869,0.000940412,2.15966891,0.00336698,0.000286637,0.000679663,0.001368982
89,3.790347448,0.001232878,1.449184971,0.006549802,0.000668836,0.000158815,0.00156991
90,4.038841022,0.001392407,3.3813098,0.00542756,0.000134382,0.00033486,0.00124786
91,4.96345982,0.0043953,3.325691244,0.003106874,0.00081502,0.000925123,0.000721421
92,3.399066301,0.009647172,2.733263759,0.001745124,0.000782086,0.000326568,0.001770972
93,3.453267581,0.004637179,2.983757839,0.009361237,0.000137893,0.000268224,0.002340206
94,4.791592075,0.00206671,3.902723547,0.005488759,0.000913505,0.000209466,0.002531574
95,2.902916236,0.000679521,0.05132076,0.007023636,0.00024094,0.000245742,0.001828455
96,3.754107648,0.009732305,3.554816891,0.001431144,0.000200807,0.000258635,3.50002E-06
97,3.984151169,0.009797138,3.713553637,0.002118427,0.000454005,0.000432074,0.002129785
98,3.881087799,0.006784322,1.471905323,0.001967779,0.000427725,0.000152444,0.000938389
99,4.697011541,0.003488817,2.306280465,0.000336494,7.39643E-05,0.000248979,9.08132E-05
100,4.47137804,0.009544047,2.293025497,0.00977662,0.000461998,7.70912E-05,0.002119488
101,4.228533363,0.0032846,0.944428717,0.007085361,0.000460082,0.000464735,0.000929713
102,3.10369402,0.004743454,2.275702387,0.008019768,0.000920511,0.000840955,0.001744263
103,3.240395884,0.00542358,0.637396525,0.002913897,0.0001452,0.000204846,0.000652982
104,4.73968434,0.00071751,2.327240553,0.005291625,0.000395448,0.000169005,0.000493113
105,3.004838158,0.009112902,0.115231411,0.006138189,1.57664E-05,4.92342E-05,6.88801E-05
106,4.181453127,0.009644062,2.612766482,0.005357869,0.000100784,8.35943E-05,0.001437194
107,3.537071812,0.006740259,3.134636408,0.006573021,0.000267755,0.000453915,1.04922E-05
108,3.68598275,0.006135779,1.047789327,0.001817646,0.000321922,9.46656E-05,0.00125747
109,2.906821787,0.002670855,0.430660348,0.000489633,0.000849024,0.00044854,0.001094287
110,3.128705906,0.001258826,1.927714445,0.004301042,0.000691906,0.000710045,0.000513253
111,4.408198309,0.00406506,3.867858183,0.009850493,0.000395389,0.000418781,0.000792964
112,2.693355156,0.001624118,3.068599815,0.00193529,0.000627256,0.000507232,0.002484567
113,3.841855483,0.002605479,2.019892938,0.005732776,0.000349535,0.00096259,0.001706982
114,4.333123373,0.009838862,3.60412045,0.002283693,0.000558806,0.000112546,0.002912894
115,3.151028836,0.000131453,3.343540939,0.008579917,0.000901754,0.000265719,0.002416112
116,3.617271645,0.00725171,1.784457222,0.004098881,0.000197884,0.000992043,2.17811E-05
117,4.779780742,0.004695352,0.963113873,0.008537856,0.000599211,0.000216016,0.002193995
118,4.284715385,0.00112896,3.878091958,0.001155332,0.000874967,0.000540582,0.001661292
119,2.845090951,0.007373836,1.589263669,0.007441916,0.000651645,0.00065421,0.002513173
120,4.995208492,0.000738774,3.116090646,0.002296758,0.000683286,0.000540881,0.002552737
121,3.426049665,0.006874837,2.185509436,0.006981399,0.000245536,0.000158279,0.002148991
122,2.588323493,0.001274066,0.687414277,0.003686309,4.02344E-05,0.000669781,0.000280385
123,2.586633204,0.005801715,0.007919907,0.003795178,0.00079338,0.000797549,0.00198118
124,3.92516195,0.007718747,1.052294018,0.001631999,0.000501608,0.000946905,0.000768338
125,3.617236269,0.002607242,0.811149861,0.009082955,0.000266137,0.000139918,0.001118778
126,4.772727992,0.003011215,1.571949252,0.001799584,0.000692602,0.000284224,0.00087577
127,2.849517766,0.006632625,0.972180783,0.00351073,0.000913285,0.000537419,2.96274E-05
128,2.511415295,0.005086912,1.389603364,0.004335385,0.000134339,3.92793E-05,0.000165617
129,4.794619065,0.00441854,2.764554828,0.00252912,0.00012351,0.000850811,0.001495252
130,4.587465784,0.007848398,1.96138472,0.002861468,0.000676841,0.000253458,0.000531165
131,3.969277057,0.006194729,2.828398287,0.008538522,0.000683236,0.00061365,0.001790284
132,4.928906428,0.007041475,0.301095015,0.007924471,0.000641863,0.000601193,0.00054159
133,4.582816892,0.001570565,0.169238638,0.005917955,6.61556E-05,0.000250864,0.001367295
134,3.212993663,0.007080125,1.615361535,0.005856359,0.000820518,0.000168713,0.001217178
135,4.561013926,0.007766546,0.403220343,0.002919789,0.000205133,0.000774195,0.002812666
136,4.961443298,0.009865595,1.413372598,0.007702044,0.000140179,7.53536E-05,0.001747635
137,3.077657403,0.003751903,2.368031001,0.006037786,4.1456E-05,0.000209792,0.002384817
138,4.783288404,0.004658168,3.761921624,0.00469306,0.000226929,0.000432279,0.001648319
139,4.652700955,0.005527031,0.339185523,0.005295819,0.000674098,0.000128778,0.001466079
140,4.215059214,0.003108504,2.620581879,0.001339796,0.000374589,0.000205635,0.002319061
141,4.747678266,6.98221E-05,0.925742535,0.002752855,0.000340914,0.0008361,0.002268422
142,3.009408909,0.008496771,3.814829169,0.003771938,0.000910896,0.000463506,0.000730013
143,3.306980052,0.001041864,3.052987238,0.009797376,0.000425265,0.000606433,0.00072554
144,2.784028717,0.003478656,1.109038655,0.006298427,0.000835713,0.000277167,0.001764053
145,4.403652934,0.006891024,3.308467117,0.007462131,0.000609672,0.00083237,0.001241206
146,3.14132379,0.008148823,1.023034101,0.009256536,0.000409574,0.000915701,0.000594233
147,4.919479361,0.007097138,0.177275858,0.002914132,0.000197031,0.000752632,0.000315048
148,2.683038917,0.004683029,2.912686707,0.00356747,0.000877565,1.90457E-05,0.002453845
149,3.296503043,0.001015904,1.770507984,0.008337468,0.000743047,0.000724462,0.001791095
150,4.140405479,0.001482214,1.489395312,0.007497029,0.000102175,0.000713721,0.002908762
151,2.568659225,0.007801199,2.778930116,0.009321874,7.73049E-05,0.000300088,0.001296302
152,4.711162501,0.003344253,1.481906639,0.000745296,0.00079053,0.000519031,0.000510054
153,4.950131864,0.002508809,1.470947305,0.001664087,0.000391959,0.000350612,0.001619426
154,2.990831636,0.008083643,0.040668065,0.009017264,7.69266E-05,0.00016754,0.000984948
155,3.549612694,0.008778294,0.396270848,0.001768136,0.000711325,0.000543878,0.00246294
156,3.517155681,0.005553377,3.450774171,0.007446226,0.000133969,0.000620591,0.002440163
157,2.670735851,0.009196621,1.54374085,0.005972814,0.000689382,0.000743805,0.000852354
158,3.29199855,0.00562252,2.853468834,0.009846607,0.000860017,3.95577E-05,0.000887108
159,2.804805054,0.005325633,0.192912318,0.004137369,0.000163706,0.000662841,0.001833435
160,4.161638712,0.003156301,1.371795726,0.004487462,6.17742E-05,0.000231661,0.000846588
161,4.703126557,0.008398383,2.94027084,0.00321322,2.51838E-05,0.000777121,0.002034526
162,3.531807051,0.003660419,3.125244654,1.56969E-05,0.000911306,0.000565714,0.002651593
163,4.752583361,0.000973062,3.726888702,0.006931321,0.000136456,0.000835129,0.001857986
164,2.863829501,0.00400581,1.356342262,0.000259252,0.000108124,0.000211952,0.002720736
165,3.736711939,0.00332622,0.559138162,0.000620316,0.000584754,0.000185636,0.002347125
166,4.510637973,0.00748155,1.361186793,0.003155904,0.000906429,0.000816999,0.001329792
167,2.769097196,0.009945029,3.279328964,0.000890889,0.00044929,0.000238497,0.001555432
168,4.000415715,0.00320931,0.333887171,0.004918751,0.000685583,0.000157665,0.002845028
169,2.570332757,0.00315894,2.39429136,0.004992849,0.000396047,7.82889E-05,0.00241906
170,3.20296328,0.005352961,3.542937232,0.002485653,0.000781182,0.00082967,0.000412195
171,3.529577272,0.000980775,0.570423035,0.007185677,0.000906907,0.000962356,0.00234178
172,3.350580855,0.000301509,2.968250518,0.005433774,0.000511151,0.000644411,0.0001819
173,3.857384901,0.004204215,0.224080507,0.000151131,0.000590399,5.20295E-05,0.001224845
174,3.394206972,0.003456042,1.809118749,0.008128588,0.000665354,0.000363422,0.001017138
175,4.810605802,0.000831693,2.154736768,0.004757437,0.000810893,0.000590462,0.002166976
176,4.828462235,0.003899047,1.032652544,0.002061434,0.000895662,0.000331534,0.002982934
177,4.562628658,0.009067843,0.793243341,0.002057494,2.68588E-05,0.00072288,0.002801126
178,4.899106034,0.008572898,0.134141083,0.008954294,0.000180541,0.000973581,0.001887324
179,3.849782349,0.004357329,0.296943862,0.009444931,0.000170838,8.03646E-05,0.002622769
180,3.335321888,0.000416661,3.115489125,0.005343416,0.000360094,0.000697363,0.000779435
181,4.748918015,0.005778425,1.0413253,0.009565647,0.000674837,0.000151972,0.001759927
182,2.710297469,0.003132955,3.474544305,0.003963446,0.000933616,0.000474219,0.000152669
183,2.655510731,0.003430309,2.62955031,0.008063037,0.00073863,0.00055975,0.002592327
184,2.682209621,0.005008591,2.588317883,0.004205827,1.59339E-05,0.000878609,0.002559247
185,4.088452208,0.007550004,1.130871712,0.005864534,0.000480048,0.000385991,0.001150075
186,4.552074076,0.002691675,1.586950046,0.001938846,0.000671447,0.000900165,0.00099935
187,3.994457145,0.009983987,2.441001797,0.002095879,0.000279255,0.00070504,0.001497154
188,2.532769124,0.009666451,3.118253095,0.004017637,0.000544959,0.000950561,0.001378544
189,4.460401886,0.008936742,0.356595492,0.009031465,0.000438246,0.000723495,0.00108068
190,3.332045348,0.003771678,1.29857836,0.004007774,0.000835192,0.00053821,0.002881665
191,3.826250708,0.004836056,0.983243909,0.004866575,0.000519341,0.000424603,0.00130444
192,4.229352957,0.008928861,1.023611998,0.003006443,0.000671838,0.000727052,0.001073751
193,2.704756286,0.006040625,3.067022848,0.004493889,0.000381692,0.000598878,0.001972685
194,4.226268859,0.005773452,0.390266852,0.006476326,0.00057819,0.000207519,0.002096917
195,4.526351809,0.00037326,0.540478901,0.00238146,0.000487055,0.000926666,0.001135106
196,4.038389527,0.005015295,0.477682068,0.002119416,0.000774814,0.000314096,0.001319091
197,3.630157929,0.00481448,0.766036083,0.001004027,0.00071466,0.000738295,0.002808645
198,3.864520811,0.006350812,3.110502913,0.00142366,0.000171168,0.000586544,0.002678256
199,3.063604684,0.005389727,3.259440032,0.006577525,0.000380231,0.000427808,0.000490654
200,2.521629658,0.000501045,1.788636954,0.0089425,0.000247146,0.000458584,0.000619535
201,4.63516546,0.008719628,1.802468658,0.007504617,0.000742407,0.000954631,0.001208118
202,3.816458143,0.002007171,2.800671996,0.008147726,6.06943E-07,0.000748014,0.002981063
203,4.974999239,0.005577023,1.830550585,0.008935342,0.000849242,0.000954503,0.002992257
204,2.518959389,0.002451643,0.92823977,0.006961802,7.61612E-05,0.000904413,0.001491116
205,2.594946294,0.007383695,3.118631864,0.003595119,0.00085499,0.000660685,0.000700198
206,4.060711401,0.008637323,0.733161522,0.002371304,0.0007161,2.35455E-05,0.000684169
207,4.806120914,0.002283036,3.155937592,0.002076176,0.000281446,0.000224213,0.001606545
208,3.964514544,0.006706844,2.442654374,0.00857177,0.000370916,0.000652927,0.000951414
209,3.130828898,0.002105613,2.398104317,0.002386673,0.000236479,0.000362757,0.002299758
210,3.343505704,0.00980874,0.586246527,0.004393613,0.000653941,0.000942649,0.001002461
211,4.364409511,0.006505269,2.509247925,0.009375814,0.000771753,0.000492482,0.002970589
212,4.240747571,0.003205688,3.893695096,0.003436281,0.000993496,0.00069781,0.001529233
213,3.689243165,0.002443118,2.874751066,0.004307762,0.00083496,3.83666E-05,0.002410542
214,4.061637768,0.006712153,0.67440315,0.009452062,9.29147E-05,0.000318331,0.000609284
215,3.32708911,0.008885567,1.102943569,0.001877135,0.000473574,0.000423183,0.001952061
216,4.713776845,0.002839145,0.072560422,0.00770559,0.000848021,0.000863775,0.00249743
217,3.936480463,0.007942216,1.997436395,0.001309123,0.000234053,0.000195111,0.001752593
218,4.386517688,0.007431636,2.729802241,0.000573786,0.000680509,0.000264607,0.002524163
219,4.701247708,0.002409776,3.974030526,0.001700263,0.000400779,0.000307763,0.00175669
220,4.106818978,0.000290131,1.470981008,0.007126133,0.00033488,0.0007685,0.0006436
221,4.653324362,0.009005578,1.161121574,0.004032049,0.000999002,0.000487988,0.002464668
222,4.244451929,0.003861191,2.066789688,0.009116585,0.000657307,0.000515314,0.001976361
223,2.602128862,0.004519852,2.506200952,0.00035826,0.000454732,0.000719926,9.15907E-05
224,2.836008709,0.007781038,0.208202904,0.002172322,1.27435E-05,0.000875868,0.001428764
225,4.84370149,0.005984276,0.727638446,0.003774267,0.000171151,0.000149835,0.002558851
226,4.34702685,0.009666868,2.538976294,0.004249819,0.000864051,0.000521304,0.000295314
227,2.941056547,9.24312E-05,1.739776932,0.005750656,0.000766484,0.000602478,0.001234002
228,4.758255098,0.007830581,0.658304473,0.003238274,0.000766343,0.000743087,0.00124328
229,3.251384375,0.007664732,1.127585405,0.005877335,1.60225E-06,0.000257399,0.000425257
230,4.46094054,0.009004245,2.103915443,0.002972831,0.000351659,0.000129127,0.002126561
231,3.212413174,0.004557559,2.261102646,0.00287173,0.000720038,0.000830688,0.002493466
232,4.034112469,0.003848459,0.282152806,0.009929892,0.000229352,0.00015076,0.001638989
233,2.505402821,0.002178286,3.31338353,0.002440143,0.000205261,0.000495386,0.0007805
234,4.163956716,0.00802061,1.114877262,0.006971237,6.57219E-06,0.000702509,0.002263965
235,2.773062579,0.00290571,0.466289276,0.007108249,6.06901E-05,0.000279026,0.001174084
236,4.062294887,0.000365148,3.461127754,0.003489306,0.000912923,0.000756461,0.000341369
237,3.128919966,0.003346434,3.920225002,0.007012985,0.00080087,0.000586023,0.002552771
238,4.419277792,0.009099266,3.128444201,0.002864811,0.000965577,0.000978414,0.000233172
239,4.294263833,0.00686589,0.144890543,0.003427035,0.00050478,0.00092315,0.000191118
240,4.372402023,0.000756113,3.195976653,0.007488691,0.000343238,0.000177622,0.001452667
241,2.530666541,0.005522366,3.585068675,0.001833393,0.000542968,0.000416611,0.002276379
242,2.713050138,0.003156984,0.674741767,0.003729238,0.000104632,0.000717503,0.001831678
243,4.742904852,0.008302595,0.409219827,0.005997573,0.000723629,0.000786326,0.002568282
244,3.70698322,0.009730292,3.993922351,0.006916139,0.000237788,0.000639676,0.002266159
245,3.217647001,0.007166547,0.676581321,0.008917132,0.000913676,0.000521559,0.001302749
246,2.896244137,0.007685251,0.242495426,0.005185966,0.000886734,0.000256762,0.00127101
247,4.454897311,0.003728549,1.909839867,0.00273559,0.00043462,0.000762353,0.002903529
248,2.813363438,0.003437659,1.269911996,0.004702951,0.000778144,0.000653504,0.000715119
249,3.44452737,4.10292E-05,2.987097059,0.002220465,0.000994279,0.000736973,0.00042378
250,3.661152965,0.008303629,1.533394295,0.000130957,0.000239164,8.33333E-05,0.002083348
251,4.187450728,0.003369762,2.517005823,0.006378736,3.01703E-05,0.000419893,1.39187E-05
252,4.827896041,0.009463241,3.008292797,0.002820106,0.000869585,0.000221445,0.000499463
253,3.622059323,0.001014117,1.466826491,0.005889798,0.000350822,0.000316616,0.001988261
254,2.797916683,0.006025438,2.348922971,0.005157654,0.000112753,0.000294685,0.002777583
255,2.819031032,0.005275345,1.291831016,0.00142246,0.00075736,0.00062487,0.00238926
256,4.198893551,0.003210794,3.757744733,0.008019741,0.000329654,0.000277067,0.000439401
257,3.467798824,0.000959724,3.833908172,0.007987373,0.000979007,0.000213913,0.001821061
258,3.002447269,0.00697179,2.756975638,0.000372912,0.000301762,0.000399396,0.002410666
259,2.877556903,0.004231824,1.37040331,0.00891939,0.000184632,1.84481E-05,0.001207944
260,2.756459969,0.008550607,3.582602585,0.00161851,0.000775409,0.000162689,0.002141124
261,4.944567272,0.003559015,2.705614419,0.006083228,0.000809267,7.04461E-05,0.002805405
262,4.699530936,0.002963967,0.439448431,0.009316066,6.35779E-05,0.000864559,0.002132343
263,4.897074568,0.006692437,3.13750751,0.009965346,0.000288953,0.000290484,8.58436E-06
264,3.491846944,0.001764003,2.441461619,0.006455739,0.000829912,0.000737367,0.001466812
265,4.302038938,0.008129878,0.804644947,0.008024143,0.000698352,6.17726E-05,0.001018252
266,3.306551926,0.009537944,2.811239427,0.004310742,0.0007576,0.000443956,0.002148031
267,3.454387169,0.001524726,2.238197756,0.002232611,0.000301222,8.90536E-05,0.000179131
268,2.771715462,0.004670625,1.09956965,0.0078267,0.00069002,0.00013906,0.000341911
269,2.512893641,0.008258644,0.670757464,0.009983031,0.000826245,9.30872E-05,0.000378976
270,3.637015432,0.002168767,0.022928216,0.005693949,0.000360411,0.00068087,0.001449569
271,3.207988551,0.004688938,1.737526911,0.007822448,0.000254069,0.000575404,0.000739563
272,3.71725995,0.004218888,2.830955491,0.000607957,0.000784334,0.000713476,0.000761925
273,2.913363317,0.002871099,2.812630033,0.005634033,0.000363287,0.000609805,0.001242119
274,4.02840779,0.000262379,0.046433407,0.000269545,0.000945233,0.000417251,0.002163394
275,3.850050879,0.003710084,1.228980119,0.000156357,0.000738277,0.00057876,0.00093491
276,4.561549336,0.004761506,2.877531475,0.005006375,0.000643802,0.000445322,0.000419033
277,4.16515248,0.008435081,0.453806626,0.005469268,6.91898E-06,0.000874103,0.002066603
278,3.494020972,0.008302408,0.338178908,0.004055513,0.000546565,0.000385723,0.001211525
279,4.211394704,0.006865262,0.630900455,0.002814401,0.000107824,0.000272113,0.002084444
280,4.620339783,0.008174979,2.443595572,0.00030158,7.01307E-05,0.000644168,0.002016367
281,2.534538424,0.004501267,2.241542173,0.008445324,0.000244575,0.00069249,0.002633106
282,4.886556068,0.002321532,3.03551145,0.005154652,0.000762113,0.00045237,0.002995858
283,3.148924628,0.00417308,3.324162267,0.003432107,0.000761583,0.000752825,0.000630289
284,3.705354697,0.004094688,0.033306356,0.007954419,0.000201726,1.29592E-05,0.000427816
285,4.885970278,0.000221346,2.783588147,0.000502221,0.000317382,7.5946E-05,0.002543822
286,3.411886385,0.001298045,0.706253844,0.009952239,0.000529402,0.000311005,0.001871019
287,3.460527851,0.008736592,3.249385708,0.005496946,0.000218607,0.000344665,0.000231908
288,4.906502509,0.005942232,0.660820753,0.001159983,0.000750186,0.000848646,0.002658962
289,3.222380536,0.003857846,2.77167317,0.008826716,0.000984479,0.000433622,0.002635345
290,3.730028733,0.00719341,0.895274433,0.006488718,0.00017298,0.000625206,0.001319403
291,4.403534431,0.000630945,0.20331644,0.004484222,4.14923E-05,4.60263E-05,0.001713732
292,2.728135959,0.001908172,3.157789615,0.008259562,0.000724416,0.000325032,0.00282217
293,4.29491213,0.004963792,1.63082727,0.002187528,0.000641545,0.000619696,0.002156943
294,3.59174506,0.007101873,1.591834648,0.005911401,0.00061088,0.000706316,0.001124997
295,4.530522953,0.004454551,1.947921669,0.006094124,0.00067604,0.00041011,0.002753412
296,3.742030779,0.009780874,0.684485421,0.008831861,0.000322648,0.000253171,0.002139326
297,4.484669877,0.002861534,2.138112529,0.001595532,0.000870404,0.000597745,0.002449709
298,2.901210153,0.002973003,1.105651842,0.004407281,0.000731983,0.000152332,0.00276477
299,3.692931705,0.00975288,3.256931266,0.001439845,0.000162808,0.000826059,0.000553526
300,4.3776821,0.002514162,1.545793848,0.006258178,0.000638137,0.000731432,0.000404705
301,4.051080087,0.001107879,1.543596939,0.009912701,0.000416925,0.000349344,0.002458635
302,4.655376934,0.006064723,2.986987992,0.00987379,0.000331757,0.000253808,0.001037511
303,4.975387041,0.004406279,2.921811215,0.008824183,0.00098643,0.000288271,0.001261876
304,4.390025716,0.009325781,1.889640419,0.003190543,0.000223411,0.000231176,0.002346499
305,4.582077691,0.00829252,3.507669521,0.000434925,0.000486735,0.000553467,0.000366322
306,3.65766762,0.005039296,3.710204332,0.004670494,0.000440559,0.000751884,0.00190957
307,4.624795224,0.000634507,1.857187077,0.002975642,0.000340477,0.000248221,0.000984886
308,4.630458378,0.002370722,3.708414195,0.0099952,0.000576364,0.000723749,0.002545416
309,3.893292775,0.006112216,3.978328107,0.002571142,0.000126926,0.000692101,0.002785815
310,3.47748266,0.002370911,0.933273752,0.003595889,0.00058068,0.000793081,2.97954E-05
311,3.909811618,0.008382883,2.67329157,0.000789902,0.000465791,0.000959921,0.000973801
312,3.020637559,0.001327747,1.766237783,0.002649644,0.00069187,0.000914257,0.002371342
313,4.40149545,0.005877346,3.298433792,0.009186795,0.000382353,0.000920303,0.002095785
314,4.406979802,0.003172408,3.58662337,0.002839286,0.000521042,0.000208008,0.002527577
315,2.794893589,0.001791302,3.588216085,0.005122119,0.000866373,0.000912099,0.001067177
316,4.991560871,0.007242504,3.798892576,0.007294764,0.000269299,3.88729E-05,0.002516376
317,4.746331043,0.007423103,0.110780185,0.0022096,0.000393735,0.000255152,1.36272E-05
318,4.071370607,0.006417856,1.450477518,0.003271486,0.000112545,0.000579515,0.001060163
319,4.017302629,0.008424582,1.105414234,0.003031542,0.000932503,0.00075767,0.002066992
320,4.204159165,0.000544491,3.419250164,0.007641786,8.68112E-05,0.000120989,0.001976749
321,4.514361727,0.001904269,3.126944351,0.007436823,0.000593022,0.00037085,0.002551592
322,3.947566683,0.007572101,0.129351536,0.004598312,0.000940233,0.00086586,0.001575496
323,3.085320938,0.002467988,2.789544593,0.00764525,1.18884E-05,0.000169718,0.000673282
324,2.72583567,0.005728448,1.850003027,0.00286767,3.94888E-05,0.000429447,0.001856265
325,3.904438024,0.003745841,3.287997833,0.007763166,0.000889652,0.000127382,0.002416654
326,4.456428731,0.00357789,1.135360884,0.007603034,0.00061837,0.000196743,0.000431054
327,4.218349461,0.001630743,2.735643895,0.008781748,0.000690395,0.000567393,0.000887739
328,3.32554996,0.004457726,3.148626307,0.004421312,0.000675862,0.000352998,0.001186588
329,3.869615183,0.007162445,1.754183721,0.005019515,0.00058977,0.000291096,0.000611143
330,3.008288685,0.004506063,1.222408567,0.003556266,0.000735718,0.00016361,0.001783201
331,2.922302251,0.000334289,0.734761545,0.009732969,0.000593719,0.000674914,0.000200758
332,4.660263523,0.006553271,1.421604881,0.00764638,0.000367675,0.000884846,0.002161361
333,3.442581596,0.005973895,1.689160279,0.009522444,0.000295336,0.00044188,0.00055471
334,3.692939553,0.001425331,0.08061621,0.009844584,0.000299032,0.0007417,0.002227713
335,4.985153787,0.000368195,2.491926659,0.008141949,3.28013E-06,0.000554245,0.00290725
336,3.844249519,0.000389381,0.036749985,0.00127318,0.000610949,0.0009415,0.002300546
337,4.079666413,0.005557006,3.050832083,0.00505734,0.000691224,0.000874004,0.001343904
338,3.30148891,0.005518259,0.947641167,0.005895865,0.000296908,0.000914003,0.000262483
339,4.743133444,0.006266895,1.368010943,0.00376313,0.000111096,0.000780901,0.001709915
340,4.336206824,0.000771409,0.227063532,0.00374809,0.00093292,0.000105242,5.72729E-06
341,2.928987164,0.007156451,0.23453133,0.005317421,0.000684156,0.0005184,0.00188748
342,3.184285688,0.005465547,2.073738394,0.000576582,0.000185129,0.000728348,0.001861221
343,3.75987685,0.001361106,0.728527619,0.001828421,0.000872449,0.000541071,0.001070598
344,4.388355648,0.009053056,1.64558611,0.006683221,0.000990889,7.21434E-05,0.002791748
345,4.576268455,0.009663648,0.376667619,0.00644707,0.000784513,0.000602083,0.00203962
346,3.601766125,0.008956537,0.423385308,0.000794513,0.000113077,0.000416366,0.002198818
347,3.165213998,0.000228227,1.659259821,0.009219237,0.000867067,0.000467967,0.001129965
348,3.184508565,0.007535363,1.317418786,0.003505321,0.000581878,0.000985698,0.002331719
349,4.981662314,0.007991535,2.64395709,0.006043154,0.000800681,0.000357695,0.002415467
350,3.155320197,0.000403308,2.688294872,0.004550319,0.000280191,0.000212833,0.002095355
351,4.800818238,0.002703418,2.178039001,0.006430842,0.000124966,0.000396746,0.001066719
352,4.569033627,0.009888216,3.977175124,0.008839966,0.000673048,0.000295239,6.78648E-05
353,3.932792963,0.002679478,3.917315585,0.004132904,0.000161571,0.000160926,0.002718936
354,2.791124991,0.007294948,2.764321504,0.008770473,0.000322499,0.000213549,0.002213987
355,3.608958258,0.009032315,3.533298133,0.004650251,0.000117186,0.000599425,0.000690978
356,2.885451286,0.007576683,0.90084357,0.009326089,0.000356246,0.000481641,0.000350091
357,4.542904204,0.00157918,2.869476661,0.00910261,0.00034793,0.00017916,0.002925425
358,4.77404086,0.001222064,2.270494074,0.007210218,0.0002502,0.00011358,0.00025285
359,3.080346505,0.008183576,2.002642114,0.004012095,0.000710144,0.000439533,0.001906619
360,3.183925725,0.009597872,1.881593161,0.009654952,0.000649575,0.000589615,0.000176599
361,4.988636994,0.004072648,2.337518027,0.003032676,0.000823915,0.000950845,0.001521053
362,4.832213348,0.001481295,1.565567315,0.00844205,0.000179714,0.000239916,0.001468881
363,2.872846571,0.005133584,3.862256722,0.002298455,0.000809668,0.000677156,0.002061321
364,3.946814627,0.00914075,3.988960678,0.003884239,0.000287918,0.00057727,0.002571785
365,3.590824365,0.007362126,2.96369229,0.00779665,0.00055699,0.00071892,0.002876865
366,2.653738819,0.004121996,0.858386904,0.006789497,0.000219045,0.000198002,0.001431177
367,3.064882649,0.003276893,1.161895169,0.004412005,0.000222434,0.000336499,0.00192556
368,4.666732255,0.00358831,3.615807853,0.007181357,0.000745411,0.000932429,0.001642532
369,4.078568645,0.002227026,3.441582172,0.001248564,1.37592E-05,0.00052588,0.002221338
370,3.943219627,0.008178278,0.831994907,0.002774552,0.000655822,8.97303E-05,0.00243372
371,4.1635168,0.002919994,0.17509215,0.004407505,7.87826E-05,0.00016011,0.001768023
372,4.957379563,0.005107942,3.682456919,0.006840783,0.000845627,0.000660613,0.001967361
373,2.511998479,0.008267203,3.808382206,0.008989553,0.000220902,7.37055E-05,0.000734894
374,4.203269039,0.009893945,2.997037091,0.003753034,0.000143195,0.000122913,0.002896247
375,4.999968081,0.005469675,0.840681613,0.001712394,0.000401314,0.000584053,0.001410985
376,4.052746399,0.008575446,2.147055436,0.001525703,0.000165853,0.000559768,0.00025625
377,4.580759482,0.007917047,2.563713111,0.007639105,0.000327157,0.00025101,0.001078758
378,4.097177753,0.00113546,1.721869572,0.007940051,0.000392143,0.000704817,0.002081932
379,4.338795506,0.000851354,0.938300302,0.001234677,0.000720049,0.000567597,0.000414079
380,4.221366025,0.006048853,1.733955772,0.00475098,0.000603639,0.000654113,0.002414712
381,2.514096837,0.005100015,1.707193943,0.003824452,0.000101156,0.000998914,0.000392556
382,2.941228519,0.001184384,2.560637437,0.004801542,0.000281898,0.000142288,0.002596046
383,2.758451524,0.007750202,1.926590578,0.005320705,0.00065915,9.17526E-05,0.001246281
384,2.554989995,0.002451656,1.424187659,0.00450822,5.97312E-05,0.000510255,0.002856736
385,3.308638415,0.008952517,3.7320409,0.004012296,6.52265E-05,0.000280381,6.48347E-05
386,3.096641786,0.001916064,1.509039979,0.003152799,0.00042144,0.000780232,0.00076645
387,4.697385782,0.003665424,3.055041039,0.004109646,0.000772599,0.000520589,0.002796938
388,4.467159564,0.000115589,2.207405067,0.003692462,0.000380022,0.000719446,0.001200487
389,4.84220131,0.007313829,1.281909491,0.006328642,0.000948869,0.000613969,0.00161717
390,3.466970788,0.0087443,2.363237472,0.004333132,6.31979E-05,0.000669505,0.002671505
391,3.545885978,0.009519834,1.156175123,0.004125728,0.000323256,0.00050501,0.00277053
392,2.962551076,0.001940578,2.233653205,0.005891036,0.000787604,0.000274882,0.001038255
393,4.969884529,0.000751808,0.412228241,0.00974691,0.000985469,0.000203646,0.001447911
394,4.850540602,0.009221327,0.383641111,0.006999327,0.000369384,0.00049001,0.001185248
395,3.017093843,0.000776659,0.938500737,0.000581837,0.000479476,0.000573149,0.002472635
396,3.46545719,0.009659477,1.960418727,0.008469969,0.000904338,0.000916174,0.001026393
397,3.379681894,0.006717287,1.004073128,0.00699166,0.000985179,0.000475762,0.000397215
398,2.865878608,0.00020365,0.944890287,0.007060661,0.00021051,0.000263128,0.002356726
399,3.68119304,0.009856083,2.657210971,0.002689013,0.000461563,0.00098183,0.001069608
400,4.144346712,0.003593195,2.291485182,0.004186173,0.000129668,0.000575531,0.000276195
401,4.920914629,0.003107443,2.778215455,0.005007572,5.94678E-07,0.000199644,0.001476766
402,2.912217928,0.001856613,2.568090476,0.003700467,0.000556717,0.000795355,0.002102067
403,3.92618974,0.002314222,2.293368776,0.009014036,0.000123103,0.000505967,0.000174889
404,3.274120404,0.009451464,3.149470666,0.007656818,0.0004075,0.000625232,0.002245774
405,4.511487834,0.007411384,2.027593707,0.005423719,0.000360824,0.000531137,0.00071215
406,4.860225787,0.00163127,0.738121256,0.000544864,6.40496E-05,0.000590773,0.000566782
407,4.949741496,0.005639902,1.18004125,0.007545166,0.0007988,0.000129787,0.000651387
408,2.968258831,0.001681483,3.643300774,0.007184684,0.000757377,0.000274152,0.002371215
409,3.962309995,0.00019916,3.35618363,0.000212596,1.83071E-05,4.60526E-05,0.002724022
410,4.458682946,0.002956948,3.124590954,0.002836077,5.84337E-05,7.17984E-05,0.002672826
411,2.606938422,0.004350993,1.821158769,0.007282019,0.000559102,0.000945396,0.002979614
412,4.969540816,0.002125559,0.856980024,0.00971534,0.000315082,0.000507434,0.000696163
413,2.526070531,0.008410836,1.678264414,0.009764412,2.0247E-05,0.000574599,0.001678124
414,4.664643643,0.008956355,1.748702559,0.005454625,0.000554596,0.000750159,0.002196124
415,2.998264843,0.007574913,1.774604141,0.006792621,0.000649201,4.70841E-05,0.001660777
416,4.735148369,0.00031537,1.984753019,0.003603868,0.000118061,0.000748614,0.000673873
417,3.578650461,0.002195758,0.359640786,0.004762204,0.000409434,0.000140319,0.002754017
418,3.869552972,0.007131219,2.294120514,0.006216129,0.000970553,0.000655543,2.99061E-05
419,2.589159698,0.008357465,3.757023425,0.008902385,0.000364635,0.000695543,0.000450987
420,3.265102502,0.005307028,2.267446953,0.0007535,0.000357229,0.000969567,0.001734084
421,4.951346876,0.004047491,2.245175301,0.009774284,0.000683504,0.000473895,0.001548532
422,4.535431451,0.001564418,0.97372317,0.002626311,0.000786934,0.000639584,0.002914018
423,2.647031203,0.002642939,2.187419527,0.006668607,0.0002629,0.000752634,0.002129926
424,3.45385054,0.002405531,3.094184401,0.002285563,0.000536149,0.000619064,0.002120957
425,3.132133244,0.00513204,0.896896943,0.003727713,0.000751188,0.000220745,0.000961434
426,3.708712516,0.009661028,1.453739777,0.003748957,0.000952186,0.000688096,0.002781626
427,3.174114975,0.00245994,1.862168946,0.007429439,0.00027921,0.000817351,0.001942557
428,3.841061373,0.000431973,2.250576405,0.006525863,0.000610707,0.000184444,0.001257989
429,3.302214879,0.008828302,2.971214124,0.006083791,0.000581455,0.000831983,0.001582136
430,4.796214168,0.001493147,2.602238055,0.002434149,0.000432106,0.00079821,0.001282955
431,2.69357036,0.009349849,3.532505541,0.00359243,0.000230607,0.000770906,0.000130673
432,3.433860975,0.00113393,1.852065073,0.006168291,0.00075911,0.000208442,0.002130963
433,2.526968391,0.001939947,2.719419931,0.004670378,0.000404825,0.000681884,0.001582973
434,3.697185937,0.008111211,2.145533712,0.003016077,7.50027E-05,0.0005541,0.001098645
435,3.688208879,0.003203144,3.480323595,0.005212916,0.000492678,5.95071E-05,0.001517505
436,3.432841822,0.004716163,1.945393133,5.85632E-05,0.000459366,0.000765573,0.000188627
437,4.981018808,0.001530609,0.159583558,0.005974266,2.37077E-05,0.000834149,0.001753894
438,2.974276563,0.001832122,3.932435067,0.009597771,0.000741883,0.000133407,0.00122461
439,2.840389511,0.002578998,2.015819372,0.007785163,0.000671325,0.000690526,0.001030642
440,4.420326444,0.002895056,0.042100712,0.009644989,0.000136905,0.0006241,7.74799E-05
441,4.431148545,0.006813275,2.203740986,0.000161609,0.000296138,0.000991447,0.001293052
442,2.641984862,0.006149146,2.42492406,0.000366165,0.000179015,0.000342579,0.000384886
443,2.58582146,0.008537844,1.649924246,0.005955372,2.46782E-05,0.000968412,0.000275664
444,4.990727971,0.007926071,3.490129995,0.000521407,0.00052197,0.00097301,0.000160769
445,2.540596443,0.001114975,0.817829403,0.00845912,0.000997929,0.000896455,0.000998799
446,2.772851973,0.006693913,0.87957796,0.002266238,0.000316489,0.000505895,0.001020764
447,3.572315217,0.002801778,2.599117125,0.009035932,0.000754155,0.000875169,0.001917858
448,4.674675855,0.006693232,1.369793205,0.000269658,0.000563742,0.000519339,0.000504982
449,2.635841449,0.007912462,2.97308457,0.003080003,0.000305178,0.000517634,0.001941696
450,3.121538297,0.00480647,1.624982947,0.004538007,0.000548282,0.000856521,0.000870895
451,3.949912048,0.00245572,3.217773903,0.007901303,0.000866808,0.000118181,0.000505986
452,3.811673837,0.00029424,3.017956663,0.002124576,0.000383633,0.000690287,0.001462978
453,2.945373247,0.005139672,2.80109085,0.007185723,0.000883051,5.6358E-05,0.001426217
454,2.989658344,0.000992962,2.357083041,0.003462242,0.000859615,0.000181659,0.000106678
455,4.213583673,0.005431921,1.322609966,0.006265769,0.000703891,0.000709534,0.000690915
456,3.039125506,0.007375386,2.369286521,0.009564185,0.000296064,0.000527553,0.000595473
457,4.558086656,0.007884234,2.327375117,0.008175977,0.000823876,0.000668218,0.002156325
458,3.972748946,0.002837444,2.403383171,0.009086688,0.000651458,0.000182936,9.04567E-05
459,2.70100712,0.000535756,2.441469631,0.001609018,0.000425985,0.000927723,0.000201819
460,2.645152431,0.004072806,0.915464,0.009712878,0.000849443,0.000588849,0.001306716
461,2.59986149,0.00880008,3.035488592,0.007407622,0.000452083,0.000379601,0.000703728
462,3.568986881,0.009332423,0.939762699,0.001212695,0.000157724,0.000795434,0.001627349
463,3.209916109,0.005639507,3.668467686,0.001498449,0.000983899,0.000227163,0.002372141
464,3.364074223,0.005127759,2.744331917,0.00749803,0.000572578,0.000855909,0.001614289
465,4.262433146,0.002869215,3.976102398,0.002822328,0.00031284,0.00097617,6.06545E-05
466,4.124882168,0.003617463,3.72419248,0.000269243,0.000264296,0.000113381,0.000382649
467,3.307845692,0.005800645,0.61271632,0.003256953,1.9758E-05,0.000640645,0.002302888
468,2.671241892,0.001681154,1.48020701,0.00493015,0.000945462,0.000529534,0.00091559
469,4.489153625,0.004138475,1.258525399,0.007234898,6.55828E-05,0.000925168,0.000430872
470,4.407123579,0.000234584,0.100680435,0.006598743,0.000883717,0.000112566,0.002559784
471,4.811670418,0.003287189,3.608499652,0.000166658,0.000187772,0.000715409,0.001108966
472,3.727020408,0.00906208,1.841504016,0.006793348,0.00029406,0.00063647,0.002445931
473,2.953971377,0.008689975,1.226499922,0.007606977,0.00061728,0.000217462,0.000336394
474,3.24317272,0.00934101,1.761108802,0.001066683,0.00027683,0.000249342,0.002048393
475,4.818172789,0.00053004,0.084030131,0.00370009,0.000182566,0.000493144,0.002337054
476,3.557771621,0.003343396,3.554831103,0.008039922,0.000926444,0.000869508,6.74858E-05
477,3.629774479,0.004649222,1.960870665,0.002221481,0.000638683,3.75246E-05,0.000327092
478,2.589347342,0.007578684,1.736096208,0.002780243,0.000886305,0.000370772,0.000772058
479,2.862321359,0.008786981,2.324529086,0.005763778,0.000959405,0.000317681,0.000108872
480,3.917051931,0.008660864,0.471707965,0.002550354,0.000125894,0.000463826,1.44502E-07
481,2.658615778,0.001201608,0.382596999,0.004394927,0.000556085,0.000208899,0.000374914
482,4.476490637,0.00564199,0.471493604,0.008517432,0.000879831,0.00076963,0.002619264
483,3.957061935,0.004362804,0.222295703,0.001021525,0.000840666,0.000222951,0.000597111
484,2.664954799,0.008840479,3.516109661,0.008891816,0.000960665,0.000560999,0.000970197
485,2.748157425,0.004833714,2.002971244,0.002280287,0.000663832,0.00021256,4.5328E-05
486,2.597675624,0.00314548,0.682988045,0.006675649,0.000109762,0.00035434,0.000268722
487,4.612040192,0.00735535,3.07508133,0.004494661,0.000537865,0.000795861,0.001513696
488,3.791214501,0.006257188,2.630804087,0.008021646,0.000900803,0.000546529,0.000797499
489,3.559736429,0.008711656,1.805333689,0.002584883,0.000523938,0.000519186,0.000584503
490,2.684128533,0.002220449,1.208672495,0.005160044,9.6162E-05,7.79437E-05,0.002297406
491,3.781867604,0.00512971,3.553842956,0.001382479,3.02988E-05,0.000608866,0.001144668
492,4.996553807,0.002472708,1.804921391,0.004070748,0.000992312,0.000846124,0.000195941
493,3.679736653,0.002438391,1.435814866,0.002669538,0.00041083,0.000456128,0.001588984
494,4.400690244,0.004496484,0.608697703,0.001220225,0.000817918,0.000820667,0.001256688
495,3.378163016,0.009915014,3.97185882,3.46015E-05,0.000203546,0.000752224,0.002283979
496,3.326802482,0.005292921,1.036388825,0.004362928,0.000487796,0.000623673,0.001671831
497,4.460254993,0.007563314,3.03228881,0.000146556,0.000460148,0.000325447,0.00137994
498,3.396269545,0.004436035,1.167763884,0.005416853,0.000635436,0.000805777,0.000146764
499,4.968456257,0.005767477,1.624401488,0.008141833,0.000235656,0.00088316,8.60037E-05
500,3.557674447,0.001471212,0.551950294,0.000743656,0.000311026,0.000515409,0.000800255
501,2.94461881,0.007023994,3.621135034,0.003926298,0.000369667,0.000430038,0.000370191
502,3.716620526,0.007565726,0.092153499,4.71109E-05,0.000630333,0.000714793,0.000730391
503,3.532543768,0.000401149,0.87172718,0.007856626,0.000626315,5.36461E-07,0.001714756
504,4.098592108,0.000691918,2.963755857,0.005299823,0.000486461,0.000553981,0.00177574
505,3.157677445,0.003716493,3.232620995,0.007970387,0.000194258,0.000857839,0.000654039
506,4.564808903,0.00515289,2.573380418,0.007153891,0.000284166,0.000615614,0.002408589
507,3.538234832,0.001054301,0.133771615,0.00083408,0.000558057,0.000662081,0.001876654
508,3.640303816,0.004755382,0.224253363,0.00403019,0.000782603,0.000183038,0.000988004
509,3.442720086,0.005274292,0.538866317,0.002284755,7.30099E-05,0.0002251,0.001461158
510,4.1988198,0.004216155,1.3356569,0.004095996,6.0343E-05,0.000301714,0.00077829
511,2.930160618,0.009399835,0.788723866,0.005937434,0.000448026,0.000562263,0.002968204
512,4.88233183,0.003694493,3.752309051,0.008726901,0.000216004,0.000630602,9.98701E-05
513,4.665350893,0.003737525,2.145787897,0.002159922,9.376E-05,0.000428911,0.0015485
514,3.319818324,1.18479E-05,0.928424677,0.002496162,0.000905216,0.000687145,0.001778227
515,4.05154984,0.003839198,2.094069759,0.008698861,0.000389798,0.000976517,0.001273118
516,2.664223147,0.005353535,2.316482057,0.003288895,0.000655317,0.000906674,0.001469444
517,3.009049541,0.00565796,0.549804784,0.00185597,0.00022907,0.000784444,0.002945663
518,3.784863194,0.004733085,2.429240904,0.007508267,0.000631071,0.000857763,0.001802503
519,4.483386759,0.004538413,2.844548199,0.00309141,0.000835717,0.000741825,0.002213297
520,4.442083171,0.004165881,0.391289633,0.002258798,0.000614799,0.000832327,0.000264186
521,4.393247336,0.00629432,0.076741093,0.003772481,0.000934902,0.000389074,0.001349828
522,4.726401226,0.005260405,3.691596298,0.009433451,0.00045104,0.000222274,0.001661643
523,3.826190148,0.005618877,1.443427336,0.006032356,0.000379239,0.000267307,0.002681324
524,3.514180577,0.008109109,3.843508594,0.001109538,0.000691769,0.000600272,0.001683345
525,4.967060089,0.001963374,3.105227623,0.007917428,0.00031094,0.000445592,0.001477751
526,2.780467794,0.00961592,3.523141346,0.00286501,0.000326694,0.000293334,8.24008E-05
527,4.721879801,0.008164712,3.110733065,0.009044984,0.000383596,0.000514393,0.000837318
528,4.417693377,0.004522922,1.103344979,0.008569109,0.000777183,0.00092212,0.001091848
529,4.706161022,0.002947341,0.351212238,0.007581645,0.000686632,0.000319057,4.78194E-05
530,4.723948683,0.000767914,2.511864269,0.009528743,0.0008837,0.000901801,0.000421636
531,4.217972318,0.008175431,3.298744332,0.003747958,0.000278618,0.000494501,0.000856333
532,4.006444984,0.009828148,2.018244301,0.001113382,0.00099183,0.000629822,0.002776076
533,4.373132559,0.008111362,0.468080474,0.005107837,0.000629773,0.000923979,0.002644081
534,4.815230435,0.000465743,3.565101905,0.008319371,0.000745996,0.00018591,0.000977514
535,2.908708839,0.00310246,1.439541735,0.001901139,0.000176453,0.000952113,0.000848429
536,3.730971954,0.00866846,1.972258393,0.001206908,0.000385139,0.000257265,0.00036257
537,4.188785082,0.005434927,0.906356841,0.00675772,0.000750367,0.000823265,0.0028292
538,3.943199044,0.003697273,0.223110714,0.009431357,0.000693748,0.00034854,1.79982E-05
539,2.590285953,0.008666084,1.827960314,0.00623642,0.000867309,0.000937673,0.002382165
540,3.076853027,0.001612583,3.378845334,0.003962903,0.000900627,0.000643476,0.001126012
541,3.27162044,0.003051165,0.333952839,0.000762801,0.000652447,0.000188957,0.000819972
542,3.020529511,0.003802606,0.254827888,0.001767057,0.000548447,1.40461E-05,0.002636141
543,3.936201044,0.003722377,1.151815049,0.003653859,0.000312193,0.000642082,0.001808936
544,2.613532297,0.004214632,0.167323795,0.004976082,0.000929349,3.38957E-05,0.000370422
545,3.817006758,0.001547033,3.758893001,0.009046649,0.000363652,0.000633369,0.000825568
546,4.73925285,0.003821665,0.773097464,0.007531885,0.000507846,0.000929968,0.000954368
547,2.650916475,0.009379456,3.291597605,0.000995192,0.000512387,0.000934164,3.86451E-05
548,4.553411926,0.00642061,3.555035706,0.009955823,0.000683351,0.000251875,3.61829E-05
549,2.669887756,0.008268729,3.210581895,0.003510014,0.000825384,0.000802075,0.001755705
550,2.620788501,0.006866625,0.366991395,0.007390404,0.000826524,0.000755659,0.002786898
551,4.922227892,0.008363484,0.326544229,0.007147094,0.000372785,5.52031E-05,0.000696951
552,3.81013498,0.009805641,2.184373949,0.008335984,0.000186257,9.89979E-05,2.15111E-05
553,3.309027366,0.006550513,1.774147748,0.00743625,0.000738373,0.000401669,0.001907272
554,4.916399277,0.003115732,1.525434837,0.003424386,0.000583213,0.000241644,0.002269526
555,4.341891532,0.000390727,3.594633633,0.008188394,0.000752304,0.000191533,0.002017535
556,4.876867201,0.003988845,1.142531857,0.001706193,0.000881172,0.000756133,0.002644317
557,2.877618035,0.003752886,0.212831923,0.005657085,0.000187212,0.000967895,0.00279929
558,3.500459585,0.000789555,2.567797858,0.00492515,0.000635269,0.000792921,0.00272634
559,2.717170497,0.006615205,2.249190737,0.003537465,0.000984001,0.00096211,0.001753066
560,4.545614462,0.005849196,3.266439082,0.001586139,0.000827299,0.00014313,0.001612319
561,3.957994321,0.006564656,3.41573928,0.003646867,0.000865091,0.000546068,0.001047363
562,4.059420754,0.007976665,0.769606718,0.000480111,0.000975264,0.000227543,0.001134098
563,4.35088148,0.00869971,0.532752359,0.002444228,0.0005115,0.000327639,0.00265259
564,3.304189408,0.002092991,2.030939277,0.009672491,0.000734946,0.000902769,0.002054816
565,4.43042558,0.001990576,3.535919296,0.009733659,0.000492204,0.000397759,0.002021739
566,2.892957739,2.01839E-05,1.713418359,0.005541599,0.000579224,0.000330872,0.002863588
567,4.908588397,0.00342179,0.464491563,0.005817237,0.000489718,0.000685958,0.000442581
568,3.203958759,0.006176659,0.507554539,0.002990209,0.000319439,2.67151E-05,0.002252605
569,3.386328126,0.002565154,2.772721207,0.005771422,0.000292033,0.000453145,0.002314734
570,3.963525412,0.00828896,1.943664463,0.002094868,0.000884566,0.000662548,0.000638775
571,3.255360703,0.005236916,0.706381559,0.002317305,0.000197205,2.27153E-05,0.000990081
572,4.667398085,0.000261731,0.007970218,0.005472162,0.000190991,0.000423956,0.000691779
573,3.877937033,0.001067739,2.471307507,0.003854771,0.000218168,0.000970841,0.002077223
574,3.538118523,0.008192883,3.70354177,0.004789985,0.000577236,0.000132072,0.000879538
575,2.520697659,0.005509703,1.251757019,0.002393051,0.000877632,0.000456442,0.00091657
576,4.174132086,0.009321858,3.581750596,0.005069776,4.69842E-06,0.000850173,0.000878865
577,4.042870823,0.004181377,2.065987871,0.005105274,0.000410509,0.000543032,0.002250818
578,3.341265432,0.001345009,1.422682917,0.002351178,0.000271254,0.000300258,0.001952462
579,3.01131001,0.004154948,2.005248798,0.007223685,1.04821E-05,2.30198E-05,0.002181664
580,3.266097573,0.003881021,2.439072245,0.004438725,0.000864757,3.47718E-05,4.14942E-05
581,2.711610849,0.004085681,2.814384944,0.000775165,0.000363451,0.000150934,0.001598774
582,3.954734138,0.008217352,3.094539948,0.000680071,0.000123899,0.000736454,0.001299558
583,3.159290215,0.000392226,2.79969287,0.003550539,0.000996347,0.000431856,0.000479141
584,3.65841144,0.001883317,1.038817495,0.00790213,0.000759572,0.000265432,0.00267472
585,4.125505486,0.006539269,3.333477555,0.001288077,0.000823341,0.000331874,0.002725796
586,3.152070082,0.001258998,1.390886395,0.007033122,0.000817697,0.000534999,0.002999605
587,3.828563139,0.000930327,3.267841837,0.003702629,0.00018047,0.000824944,0.000916014
588,4.29721065,0.004650948,1.011075953,0.002302076,0.000330734,0.000112747,0.002634362
589,3.92738182,0.005991341,3.451695873,0.001904883,0.000146336,0.00095825,0.000485958
590,2.538805231,0.004748525,0.416228378,0.009595582,0.000397953,0.000596957,0.00213246
591,4.922749956,0.001672694,0.937757699,0.007807911,0.000154116,0.000169032,0.001164555
592,4.514665339,0.00712231,2.440622425,0.004705168,0.000469781,0.000948485,0.001784378
593,3.853174206,0.001825773,1.322809962,0.009914326,0.000251813,2.57393E-05,0.001230424
594,3.504368322,0.003624342,2.860619605,0.005260475,0.000841425,0.000341593,0.001807537
595,4.308436671,0.007279514,1.907484655,0.000772592,0.000238512,0.000627513,0.000948768
596,4.582773365,0.007472972,0.695042576,0.004258068,0.000157974,4.0725E-05,0.000820782
597,4.925937977,0.005401793,3.635193626,0.000752879,0.000269048,0.000591004,0.00220992
598,4.037319579,0.003216433,0.989672684,0.007102354,0.000995867,0.000379547,0.000525647
599,2.561351174,0.003765257,2.061450263,0.004748145,0.000349865,0.000666956,0.000281973
600,4.974818378,0.000456378,0.539353915,0.002087619,0.000725219,0.000314698,0.00290784
601,2.874444703,0.002880373,3.521416321,0.002655915,0.00020135,0.000112909,0.001373503
602,3.871929186,0.009077169,2.524969984,0.007538079,0.000181497,0.000926951,0.002657612
603,3.168201356,0.003843803,3.861205711,0.006104597,0.000433146,0.000472015,0.000732888
604,3.06256396,0.005082295,2.883532383,0.001162452,0.000340059,0.000358577,0.001565914
605,2.994964104,0.00625053,1.342917442,0.002600193,0.000409687,0.000888527,0.001337405
606,3.192496049,0.003382885,2.505844896,0.007852705,0.000966489,0.000359435,0.000196924
607,2.635996403,0.006313719,3.928652021,0.007840649,0.000268055,5.42863E-06,0.000510845
608,3.880804467,0.000199469,1.005626903,0.002686827,0.000468717,0.000232181,0.000462798
609,4.92003544,0.003464486,1.230782757,0.006390057,0.000822771,0.000420987,0.002207234
610,2.772077531,0.003987979,2.05777362,0.002344195,0.000113661,0.000354868,0.001502117
611,4.998505874,0.009206064,3.213056819,0.008488507,9.06931E-05,0.000820777,0.002768636
612,4.948141657,0.009786247,0.841519571,0.005965292,0.000824661,0.000604829,0.000643775
613,3.646769818,0.003022622,0.232691312,0.002922484,0.000300038,0.000610593,0.000682732
614,3.834447165,0.008328099,2.363417376,0.004679794,0.000974576,0.000876963,0.002135812
615,3.211803076,0.005757898,3.605262866,3.26803E-05,7.38791E-05,0.000729258,0.002062447
616,4.685714785,0.003227467,2.132478206,0.005945115,7.64405E-05,0.000450213,0.002292838
617,3.497611934,0.005157456,0.606508963,0.004990503,0.000215555,0.000826006,0.001892019
618,3.622654935,0.00574008,2.110617613,0.005546606,0.00081168,0.000885131,0.002253895
619,4.497919061,0.001888097,2.079188988,0.002438998,0.000916839,0.000349444,0.000659736
620,4.095144178,0.005239142,3.447179219,0.001683934,0.000387271,0.000834148,0.001380989
621,2.50981636,0.007490603,0.565366608,0.007718632,0.000125701,0.000808359,0.001080351
622,3.649983217,0.004785986,0.362600098,0.009419065,0.000547366,2.19578E-05,0.002580149
623,4.098858823,0.001792254,3.380702645,0.00089586,0.000539902,0.0007342,0.002575249
624,3.610462292,0.002939448,0.668506491,0.003800717,5.63739E-05,0.000103897,0.001277864
625,4.40331962,0.007198619,0.839461728,0.006054025,0.000457529,0.000521379,0.001592663
626,4.216072875,0.000917536,3.30732982,0.000661146,0.000467073,0.000957414,0.001844738
627,2.889195031,0.006336698,0.55758932,0.004104448,0.000173446,0.000783854,0.00056431
628,3.004372753,0.003997856,3.831957363,0.001471882,9.39812E-05,0.000809504,0.002266633
629,4.708692545,0.005560574,1.480190194,0.008605708,0.000791646,7.1578E-05,0.000609421
630,2.680354882,0.003184188,0.307361999,0.003364404,0.000991318,0.000584777,0.002128299
631,2.914100948,0.009099893,3.226861308,0.000642785,4.25267E-05,8.57763E-05,0.000628983
632,4.802332129,0.005695012,3.463215746,0.004048769,0.000770228,0.000539322,0.000727386
633,3.332817163,0.002188824,3.773246499,0.004007488,0.000428471,4.34502E-05,3.60074E-05
634,3.195259809,0.004037174,3.508125532,0.006988117,0.000307894,0.000849056,0.002367132
635,3.290521646,0.008928472,3.095338517,0.00379553,0.000186664,0.000456899,0.000225516
636,4.847230984,0.002072364,0.062198218,0.008784732,0.000465252,0.000948744,0.002901732
637,4.918918443,0.002275333,1.857985248,0.009367667,0.000969591,0.000774692,0.002747743
638,3.273237224,0.001810222,3.048284476,0.005271117,0.000194394,0.000227794,0.001533487
639,4.41831535,0.006687163,2.626874523,0.006858728,0.00043031,1.74055E-05,0.00254668
640,4.812549495,0.003934224,3.495671806,0.009680433,0.000764856,0.00037228,0.002604841
641,4.792137167,0.007488607,0.705503279,0.004166208,0.000613964,8.28448E-05,0.001910816
642,3.652558664,0.006375189,2.879246138,0.006449579,0.000540549,0.000286479,0.002708919
643,2.615619625,0.008956557,2.651765007,0.00964084,0.000633225,0.000527793,0.00196755
644,2.501657247,0.001493408,3.527795792,0.007372433,5.52961E-05,7.27553E-05,0.000105648
645,4.410949093,0.007569696,0.143327099,0.009598128,0.000887028,0.00010755,0.002203544
646,4.922459355,0.009237981,3.038685178,0.004733415,0.000534671,0.000604124,0.000197891
647,3.884850215,0.004370798,2.549416437,0.003328035,0.000985476,0.000311139,0.001657435
648,4.671964774,0.005913428,2.800321442,0.006074869,0.000630611,7.58327E-05,0.000144469
649,3.590620284,0.006350991,1.705131129,0.008845727,0.000453557,0.000420336,0.000573239
650,3.26120731,0.002274387,1.507452332,0.008389354,0.000167231,0.000489338,0.00140567
651,4.966171293,0.003653076,0.397474863,0.006397641,0.000960993,0.000637755,0.002599413
652,3.432204117,0.005789135,1.112834772,0.004874414,0.000723768,0.000184576,0.001571954
653,3.09981914,0.002643218,2.340341845,0.002925725,0.000374512,0.000386158,0.001594011
654,3.50368619,0.000775293,0.391691926,0.001223004,6.58203E-05,0.000796541,0.000859376
655,4.450428976,0.005123874,1.420368883,0.000403161,5.27953E-05,0.000585269,0.001983402
656,4.505789475,0.002045238,3.904453274,0.005951037,0.000321753,0.000811253,0.0021414
657,3.350392195,0.009869509,0.097524994,0.008215565,0.000143533,0.000165087,0.000618759
658,4.338069629,0.000357774,0.710045472,0.00994118,0.000629194,0.000903467,0.00173036
659,3.869758195,0.001881088,3.621106658,0.006319177,0.000903439,0.000498597,0.001631543
660,3.331933884,0.005858199,3.722992922,5.08696E-05,0.000412378,0.000383578,0.002594988
661,2.947925779,0.009589371,1.729641668,0.006180359,0.000445265,0.000726362,0.000422106
662,2.834872004,0.000120664,1.632971189,0.005622627,0.000365823,0.000480659,0.001099669
663,3.528458364,0.006926727,2.379880954,0.004039486,0.000545604,0.000567006,5.74495E-05
664,3.584658485,0.004619313,1.848548859,0.005096925,0.000144334,0.00076506,0.00030554
665,3.964527621,0.004507327,2.496596017,0.005801881,0.000203766,0.000943989,0.001275412
666,3.87729963,0.004329401,3.586404337,0.002452725,0.000739909,0.000547345,0.000785126
667,2.934381844,0.009653473,2.040465315,0.007380436,0.000212326,0.000192107,0.002655084
668,4.592253734,0.002931936,2.768136108,0.005910118,3.03886E-05,0.000416088,0.001240999
669,2.808527845,0.00669069,1.574381855,0.001005427,0.000878871,0.000581487,0.001796998
670,2.954835776,0.005018362,1.165097873,0.008025542,0.000297556,4.0345E-05,0.002952969
671,2.871359605,0.007446665,1.335403715,0.004310501,0.000983989,0.000952576,0.002507845
672,4.464668413,0.006433523,0.03929718,0.006774493,0.000999258,0.000768089,0.00104041
673,4.702960667,0.009806939,0.951731642,0.006604483,0.00037636,0.00042884,0.001319964
674,4.180734781,0.005277448,1.487607158,0.008489159,0.000552893,9.57291E-05,0.002257582
675,2.649191604,0.002624773,0.570549834,0.009154772,0.000740076,0.000634581,0.001836119
676,2.999551853,0.008270689,3.696152429,0.001231402,0.000900646,0.000176768,0.001819682
677,3.679816342,0.00553186,0.201232465,0.009068148,0.000479382,0.000809742,0.002700551
678,2.992294463,0.001832811,0.823848068,0.009536744,0.000955957,0.000558228,0.001754365
679,4.443041542,0.001793343,3.345312374,0.00482637,0.000654197,0.00080872,0.001676571
680,4.645009954,0.006117654,2.249113122,0.000512256,0.000411041,7.79679E-05,0.000399116
681,4.719918166,0.008954332,3.523297689,0.002131727,0.000707738,0.000303114,0.000619154
682,2.548003734,0.00248043,0.591584304,0.009817021,0.000991047,0.000320917,0.002932726
683,4.691348369,0.006967134,0.226101927,0.009646365,0.000294213,0.000885227,0.000354117
684,2.636131316,0.001657851,3.697230623,0.000497052,0.00082027,0.000538914,0.001020352
685,3.667260577,0.008476257,2.50690769,0.004810484,0.000972178,0.000830046,0.001251181
686,3.408494312,0.006513188,2.260579089,0.007414192,0.000711922,0.00055717,0.000445665
687,3.618972569,0.006886756,0.173292251,0.003264051,0.0006109,0.000553189,0.000774086
688,4.386312235,0.001108902,1.134065651,0.005989233,0.0001951,0.000470605,0.002052822
689,4.190026256,0.001726485,3.740530116,0.002856958,0.000429637,0.000611237,0.001599219
690,3.666471773,0.004501585,2.577180936,0.007205944,0.000302222,0.000164889,0.002816552
691,3.94756797,0.003084654,1.276802709,0.007465404,0.000444826,0.000242186,0.00286252
692,3.377688683,0.003115091,1.695791147,0.007211288,0.000162579,0.000101951,0.002504511
693,3.29622669,0.007223014,0.673588399,0.005072787,0.000836621,0.000540507,0.000997326
694,4.784209788,0.007396379,0.452388619,0.005176541,0.000619465,0.000838777,0.002344204
695,3.595151329,0.009923989,1.607551832,0.007830059,2.83026E-05,0.000570084,0.000417581
696,3.328942084,0.004051156,2.475652607,0.006442632,0.000958016,0.00034223,0.001719215
697,3.074422924,0.004204268,3.901597131,0.005305084,0.000269103,0.00093429,0.00035524
698,4.782861325,0.002100677,2.109863434,0.009330354,0.000642102,0.000301997,0.002251218
699,3.552136902,0.004500266,0.03786198,0.004838828,0.000743452,0.000707535,0.001659256
700,4.064582023,0.006093921,3.028919312,0.00850317,0.000419925,0.000667879,0.000118022
701,4.711825376,0.008765126,2.355360301,0.008988551,0.000263248,0.000788267,0.000100988
702,4.525659729,0.004292779,0.57005266,0.006211396,0.000817275,0.000155029,0.002782011
703,3.363397313,0.003915788,2.298016486,0.004200103,0.000178407,2.85733E-05,0.00086332
704,4.15692731,0.003166033,3.263296651,0.003858629,0.000865276,0.000236042,0.002742328
705,2.841468164,0.003095027,1.206993668,0.006233023,0.000654313,0.000126186,0.002351316
706,2.997529099,0.002861817,1.847983769,0.007264758,0.000757521,0.000999161,0.001234777
707,4.811890824,0.00078094,0.750860678,0.004041355,0.000126459,0.000192842,0.000407395
708,4.789519675,0.005664511,2.845667238,0.005361299,0.000654098,2.32263E-06,0.002272707
709,2.812555638,0.008390622,1.86876974,0.004604111,0.000917333,0.000427397,0.000924341
710,3.028918362,0.00413256,2.903065597,0.00223907,0.000420774,0.000379269,0.000245782
711,4.312349773,0.008551694,2.226244064,0.005881658,0.000594332,0.000550977,0.002674596
712,3.087830615,0.007271943,1.124087279,0.006757238,0.000726748,0.000560771,0.002196586
713,3.842807054,0.00296324,0.886911942,0.002517396,0.000333642,0.000110816,0.002677169
714,4.856296533,0.006524108,0.837729697,0.002638025,0.000286174,7.22788E-05,0.000666407
715,2.520583243,0.005581577,2.077178965,0.007820995,1.89968E-05,0.000883584,0.001373935
716,4.635867414,0.002083015,1.711795546,0.00092065,0.000126822,6.51254E-05,0.001334803
717,3.189409755,0.003370277,3.610954482,0.005064739,0.000816495,0.000154992,0.002129732
718,4.705593931,0.006019478,2.99049636,0.006822987,0.00041817,0.000825451,0.000379537
719,4.262488958,0.006126855,3.674595907,0.005503207,0.000378952,0.000544429,0.002964864
720,3.860190684,0.001953825,3.530113525,0.003928885,0.000621364,0.000695283,0.001738344
721,3.378801276,3.19061E-05,2.293819632,0.005401237,0.00011718,0.000509041,0.001827016
722,3.888466397,0.004298414,1.05945254,0.000818223,0.000934225,0.000931147,0.001219131
723,4.932573403,0.002187399,3.286567034,0.006199037,0.000536052,0.000341769,0.00146999
724,2.564706991,0.005467588,2.521312866,0.008427745,0.000731026,0.000140655,0.000607673
725,3.432507416,0.006737107,0.882895196,0.006069225,0.000574272,0.00078385,0.000425523
726,2.592579869,0.004484723,1.196713531,0.001503791,0.00062557,0.000851879,0.001348197
727,3.474936578,0.005304255,3.031217133,0.002423511,0.000811739,0.000806848,0.000118906
728,3.911209303,0.00467944,3.737749432,0.009006274,0.000400468,0.000997387,0.002761995
729,3.533962887,0.005677656,1.447636165,0.000366979,0.000709392,5.44641E-05,0.00151789
730,2.926270309,0.0055204,3.182426539,0.001135963,0.000325995,0.00026669,0.001081123
731,2.891478308,0.001420201,3.47706078,0.002537126,0.000720948,0.000835334,0.000802422
732,4.704031919,0.006814781,1.316905999,0.007960876,0.000847719,0.000280092,0.002178111
733,4.35239279,0.003588727,3.451087531,0.003016274,0.000219344,5.8619E-05,0.002522675
734,4.919597558,0.008655035,0.705231389,0.001444365,0.000943571,0.000505506,0.000495198
735,4.028709466,0.00401529,2.539556176,0.004458724,0.000607567,0.00017064,0.000662955
736,4.734367075,0.008670638,0.543581713,0.004397258,0.000698437,0.000120524,0.00057859
737,4.841546263,5.09556E-05,2.276516629,0.009838491,0.000376131,0.000109614,0.002424853
738,4.312873793,0.002794437,0.19332789,0.005911929,0.000430307,0.000725094,0.001809949
739,3.957124674,0.00071229,3.118660174,0.009049615,0.000210331,0.000562009,0.001260099
740,3.344872597,0.003156667,2.003442664,0.000339219,0.000788875,0.000855529,0.000651243
741,3.783243681,0.00830661,0.189854998,0.002536769,0.00052252,0.000420379,0.002796021
742,3.907436688,0.001753081,2.934518592,0.00665808,0.000235986,0.000595233,0.001395502
743,4.571757402,0.009793979,0.733618504,0.000594349,0.000319416,0.00075021,0.00138154
744,2.944274326,0.007879373,3.823467627,0.004827491,0.000250082,0.000513093,0.002876743
745,3.655399202,0.009515613,1.503077837,0.009435012,0.000161509,0.000187036,2.03757E-05
746,3.349643279,0.00590286,3.277073242,0.004894096,0.000446497,0.000293719,0.000653664
747,3.148163001,0.001247008,3.713648361,0.004875325,0.000522972,0.000480377,0.002025661
748,3.589333744,0.003370205,2.547210444,0.005014832,0.000259007,2.4021E-05,0.000367071
749,3.45970351,0.00458818,2.567851727,0.004640471,0.0002021,0.000615139,9.98727E-05
750,4.2361775,0.006532149,1.912598399,0.008196613,0.000273269,0.00016513,0.00037002
751,2.80106028,0.007596723,2.87362427,0.002544178,0.000926898,0.000869258,0.00063241
752,3.331177936,0.002551994,1.028793932,0.001628197,4.75743E-05,0.000677868,0.00291696
753,4.724623662,0.003554317,2.977180269,0.002461918,0.000968997,1.51952E-05,0.002064852
754,4.569369511,0.004974195,1.5263879,0.007531879,0.000812016,0.000498437,0.001055435
755,4.235042025,0.000376074,1.16557065,0.003951719,0.000228855,0.000630375,0.002589503
756,3.638877602,0.001511705,2.186076081,0.005251636,0.000848839,0.000851019,0.001096894
757,4.771127227,0.007485242,2.309183966,0.004868811,0.000883964,0.000586035,0.002342195
758,4.259276697,0.000253446,1.434887157,0.009438865,0.00090835,0.000384993,0.000610647
759,3.039014174,0.000212467,1.958908553,0.008756801,4.97077E-05,0.000946876,0.001971148
760,4.659299766,0.006512259,3.413532582,0.000121839,0.000774553,0.000290989,0.00198205
761,3.026874712,0.00519016,3.668673629,0.00067442,0.000419029,0.000335446,0.002173617
762,4.056059247,0.00233706,2.143833414,0.005453387,0.000460655,0.000967287,0.002400646
763,2.99467895,0.000218905,2.093804028,0.000320224,0.000723759,0.000740755,0.000815117
764,3.348787333,0.00154526,3.48154612,0.004641362,1.62857E-06,0.000905647,0.000722574
765,2.89777874,0.004551909,3.478532967,0.008207615,0.000449027,0.000755419,0.001586291
766,3.495014334,0.004344582,1.035886694,0.003330893,0.000815386,0.000627334,0.001986631
767,3.302247289,0.00135929,3.683911691,0.008016027,0.000834894,0.000693676,0.002690284
768,4.401398626,0.009978887,2.722374446,0.007691748,0.000823643,2.93597E-06,0.001463861
769,4.167771929,0.003766636,2.103837007,0.002913754,0.000789593,0.000176336,0.002210846
770,2.618922899,0.001322525,1.872395291,0.008842532,0.000530479,0.000783128,0.002342611
771,4.320536611,0.002469645,3.550873601,0.002270956,0.000173821,0.000157766,0.002011663
772,3.376195874,0.007715944,0.145402873,0.005885171,0.000604567,0.000553887,0.002763206
773,2.900206616,0.000599522,2.687046742,0.003015422,0.000495429,0.000606042,0.000280817
774,3.751225868,0.004495517,1.911888163,0.005801577,0.000804745,0.000362587,0.001975599
775,3.344032498,0.006556502,3.635225876,0.009589563,0.000849037,0.00098303,0.002923672
776,3.148917578,0.006992481,3.758536291,0.007081452,0.000327344,0.000235173,0.002467646
777,4.079935529,0.009876862,3.62752439,0.006284924,0.000177374,1.90046E-05,0.000531041
778,3.542338772,0.007010391,2.21158535,0.004044994,0.000569965,0.000469302,0.002518752
779,4.722414289,0.001716474,3.739003693,0.001715914,0.000635816,0.000981634,0.00188949
780,3.587214159,0.000731439,3.963238247,0.003181557,0.000317032,0.000740257,0.00285909
781,3.749359239,6.15207E-05,3.608559505,0.009813707,0.000723996,0.000321119,0.00141337
782,3.16207323,0.007248511,3.698399475,0.005561807,6.20705E-05,0.000186296,0.002274631
783,4.07308617,0.002742577,1.544511902,0.00366579,0.000311675,0.00037402,0.000747588
784,3.408540313,0.003381793,0.6260894,0.001053739,0.000103715,0.000239468,0.002516974
785,2.601272333,0.008150327,2.227505551,0.008382507,0.000246728,0.000698641,0.001283998
786,2.703655487,0.007562869,3.083491541,0.00779491,0.000812395,0.000114628,0.000629412
787,3.077643233,0.007333088,0.771630209,0.008675455,0.000835488,0.000772746,0.001673507
788,4.129921662,0.007924161,3.92574271,0.005761001,0.000414365,0.000789765,0.001073819
789,3.554982687,0.006022895,3.991327437,0.001854595,0.000319026,0.000596599,0.002413558
790,4.511486309,0.004791257,1.255629358,0.007114964,0.000713891,0.000523181,0.000266932
791,3.878929614,0.009602746,1.664757298,0.009442358,0.000636268,4.65089E-05,0.001375854
792,3.464698081,0.00550637,3.297618212,0.002153302,0.000659816,0.000437593,0.002169163
793,4.63530462,0.007189462,1.863436499,0.002496117,0.000929148,0.000370112,0.002457258
794,4.464927916,0.009031807,3.687545078,0.008155496,1.40395E-05,0.00012295,0.002902869
795,4.438503896,0.006700877,3.920748456,0.009168709,3.83747E-05,0.000921156,0.001390871
796,4.14755796,0.009793916,1.770844674,0.005740516,0.000944983,0.00018081,0.001438056
797,2.600641136,0.009012022,3.760082883,0.007950459,0.000361942,0.000623932,0.000360316
798,3.294831909,0.000368221,3.675919584,0.009091085,0.000272689,5.13266E-05,0.002748984
799,3.511034688,0.008147772,0.513147951,0.004305045,0.000533008,0.000438034,0.002686197
800,2.937972181,0.002355534,0.068531316,0.008620696,0.000643197,0.000335975,0.0019523
801,3.124564017,0.00476352,0.945071288,0.002057291,0.000825739,4.16999E-05,0.001762548
802,3.43604234,0.009534845,2.83361277,0.005302441,0.000694183,0.000983482,0.002572763
803,4.349874741,0.004802326,1.192503337,0.004587264,0.000163802,6.45405E-05,0.0012955
804,4.116110997,0.000554364,3.588122642,0.008221562,0.000776429,0.000776811,0.001621194
805,2.798486553,0.0033039,1.526811823,0.008023097,0.000253154,0.000599188,0.000428233
806,4.026051887,0.009107799,1.452075437,0.000270854,0.000887506,0.000121325,0.000383159
807,4.807115682,0.003425745,1.746646826,0.00152733,0.000447734,0.000158513,0.000620752
808,2.512118576,0.006409105,2.222243195,0.004415675,0.000540645,0.000214344,0.001761277
809,4.85199883,0.008704665,1.176198705,0.000386904,0.000395343,0.000271965,0.000380281
810,4.542286211,0.007662466,2.314886287,0.004625636,0.00011905,0.000781192,0.002968445
811,3.131693871,0.003082435,1.38850153,0.001817898,0.000954336,0.000746756,0.002629268
812,4.516667955,0.00758808,0.665216499,0.000606064,0.000881367,0.000970164,0.001356157
813,4.537504024,0.004100375,2.138782696,0.003244191,0.000114563,0.000290751,0.001768927
814,4.979360057,0.006120751,2.906190778,0.003644289,8.59663E-05,0.000896464,0.001083773
815,4.093850939,0.004840752,1.998187391,0.002433966,0.000721029,0.000341759,0.000166559
816,4.36025215,0.002888921,2.169976321,0.0038905,0.00022867,7.79854E-05,0.001161304
817,2.746331991,0.004942264,1.989963275,0.004533701,9.09629E-05,0.000328287,0.002706464
818,2.664847964,0.009837025,3.954888728,0.006109912,0.000698962,0.000867759,0.001495572
819,3.795830486,3.60446E-05,0.868001784,0.008772913,0.000296086,0.000334248,0.001280484
820,4.368452564,0.009965834,1.66604412,0.002455512,0.000334802,0.000986929,0.002093483
821,2.818432522,0.005410602,0.319948043,0.004409378,0.00095632,0.00061796,0.001766225
822,4.81512715,0.009797659,0.985234218,0.008717101,0.000196618,0.000401975,0.001759116
823,4.96083742,0.006015013,2.651248507,0.001898012,0.000299729,0.000300364,0.001790674
824,4.745235948,0.008318843,3.796859216,0.001428695,0.000980378,0.000917973,0.002786438
825,4.519460623,0.001556232,3.159737012,0.003067022,0.000213787,0.000866637,0.00285256
826,3.390641797,0.005729598,0.631599112,0.001152756,0.000986652,0.000587888,0.002612962
827,2.680816389,0.008908766,0.523654441,0.000952923,0.000390553,8.32821E-05,0.000542103
828,3.669888858,0.005593447,3.914046985,0.001489939,0.000560483,0.000304347,0.002730278
829,2.544442715,0.006944207,1.442987959,0.001246884,0.000395995,0.00090127,0.00062997
830,3.727925056,0.008963602,3.669276804,0.001897198,0.000909173,5.01659E-05,0.000832661
831,3.210624547,0.003772229,1.997639541,0.007267127,0.000567425,0.000658549,0.002811021
832,4.177189844,0.001278953,3.675243825,0.006183346,0.000478296,0.000794816,3.17685E-05
833,4.886190874,0.00422564,0.324197294,0.003563481,0.000452857,0.000931923,0.001285909
834,3.289317517,0.002415397,3.233341044,0.005617357,1.18799E-05,0.000624963,0.002574548
835,3.072412367,0.009507731,2.669216501,0.00490497,0.000953671,0.000481999,0.002261003
836,3.090693711,0.003995989,1.293080963,0.004677335,0.000807326,0.000615494,0.00205019
837,2.596909506,0.000913963,1.382347586,0.005909777,5.7852E-05,0.000324289,0.001520234
838,3.050153766,0.009185952,1.800439339,0.009138424,0.000662387,0.000209617,0.002631499
839,4.15412774,0.003536762,1.744443826,0.000662591,0.000911994,0.000342139,0.002475224
840,3.026117573,0.008459213,2.013311604,0.007266585,1.87923E-05,0.000581699,0.002566572
841,3.327252962,0.005686054,1.584994819,0.009783661,0.000405004,0.000710427,0.000246952
842,3.617258532,0.004433209,1.173888361,0.003283656,0.000472924,0.000314309,0.002335318
843,4.087736224,0.005386056,3.325619226,0.00444084,0.000479961,0.000364135,0.000847854
844,2.787496352,0.004398173,3.073044504,0.000604092,0.000261156,0.000190633,0.00249508
845,4.183155872,0.004920591,2.258641916,0.008151082,0.000696162,0.00062026,0.000486515
846,2.849163303,0.007076496,3.013400478,0.001971793,0.000696965,2.18134E-05,0.002853968
847,2.650772194,0.007592702,1.009133297,0.000468131,0.000319871,0.00051125,0.002197618
848,4.198246361,0.008996687,1.094306834,0.004672831,0.000433042,0.000725171,0.001902358
849,2.884692769,0.009152852,0.515874742,0.004494094,0.000626347,7.6363E-06,0.002166194
850,4.527210517,0.008123796,2.461927667,0.008688327,0.000234831,0.000491099,0.002036737
851,4.020036031,0.007142755,0.406533825,0.001835404,0.000776752,0.000208341,0.002449845
852,3.787919356,0.002542952,1.993827484,0.007730087,0.000500565,0.000341312,0.002939912
853,2.736963123,0.007427882,2.844971108,0.001868843,0.000425623,0.000510602,0.000605678
854,3.176510626,0.00542899,2.727262168,0.00509749,0.000943489,0.000138959,7.56121E-05
855,3.397902558,0.009391697,0.812552474,0.00618438,0.000437174,0.000929956,0.000663794
856,3.152602836,0.002803287,2.138499628,0.005275821,0.000617586,0.00062505,0.000560342
857,2.856068782,0.005670155,1.513125894,0.006554294,0.00075834,0.000760699,0.002730574
858,4.134399624,0.006666245,1.194632376,0.009737854,0.000107122,0.000988718,0.001198581
859,3.768941825,0.005742279,3.492786829,0.003829455,0.000872829,0.000531928,0.000532472
860,4.806947704,6.44971E-05,0.761860523,0.001105839,0.000682829,0.000119295,0.001945404
861,3.686069666,0.004384579,0.142976787,0.001850782,0.00032158,0.000407633,0.001659228
862,4.872604499,0.009463328,3.573019563,0.008854437,0.000742485,0.000963602,0.000146461
863,3.839542158,0.000470349,0.309612201,0.008835208,0.000266722,0.000876722,0.001382377
864,4.427096464,0.000982743,0.019641987,0.009390195,1.9932E-05,0.000447525,0.002051517
865,4.397032707,0.009283415,3.303357013,0.004635546,0.000186036,0.000180847,0.000634742
866,4.766378246,0.008443426,3.16547035,0.009051049,0.000572831,0.000717223,0.00240736
867,2.678070993,0.009157806,2.530936662,0.002706335,0.000217042,0.000119376,0.002071541
868,4.674921415,0.007521471,3.043566636,0.001863756,0.000966192,3.41169E-06,0.000152415
869,2.69511122,0.008240276,1.789879552,0.002941376,4.62179E-05,0.000696769,0.001070007
870,3.853703967,0.006770977,0.801050675,0.00307061,0.000660433,0.000221168,0.000493025
871,3.415036055,0.000587518,3.514999164,0.001614133,0.000815919,0.00081801,0.00100491
872,4.534853246,0.003879764,1.42281138,0.004926396,0.000677017,0.000715395,0.000974918
873,4.700553552,0.009179765,0.623103215,0.00021539,8.63816E-05,0.000828344,0.002859146
874,3.073146961,0.002657405,1.410321658,0.00065623,0.000291678,0.000557957,6.04292E-05
875,2.614998945,0.008435156,3.251531721,0.004209001,0.000239134,0.000218595,0.000701124
876,4.784888808,0.008763009,1.762944213,0.003369103,0.000745782,7.28623E-05,0.001906687
877,4.299622078,0.009309385,3.712522516,0.008915278,0.000454355,0.00086278,0.001012008
878,3.26740697,0.009731878,0.461646248,0.003925822,0.000997801,0.00092995,0.002597153
879,4.441000673,0.009225399,2.339182713,0.004988533,0.000194647,0.000349304,0.002658985
880,3.594677078,0.006247908,3.012754137,0.003326326,0.000294443,0.000119938,0.000238353
881,3.697304987,0.009508467,0.527155793,0.003243943,0.0009395,0.000418941,1.87655E-05
882,2.629982544,0.004589126,0.038680918,0.001635262,0.000360415,0.000170729,0.002857968
883,3.653172055,0.005732651,2.220160158,0.000555735,0.00071873,0.000605017,0.001572728
884,4.576920534,0.001906103,0.104266455,0.004641708,0.000611095,7.16588E-05,0.002941586
885,3.749709619,0.008270312,3.971489475,0.003328573,0.000432078,0.000426617,0.002119959
886,2.664017291,0.007412432,3.327730895,0.004258293,0.00047575,5.28666E-05,0.0022614
887,4.986574795,0.003621263,1.202223092,0.004901608,0.00087126,0.000632365,0.000827418
888,2.940323048,0.005050706,0.356054876,0.003227658,0.000863779,0.000353083,0.002284701
889,2.943527527,0.009119966,1.907578589,0.004162959,0.000868787,0.000927738,0.001194696
890,3.550897383,0.001551647,2.219497735,0.008184376,0.000552363,3.69521E-05,0.001510341
891,4.269494436,0.000488177,1.745007939,0.00760458,0.000347907,0.000370772,0.002465899
892,4.789542446,0.009819707,0.099935399,0.003207246,0.000268761,4.22578E-05,0.000253534
893,4.679124509,0.005539117,3.437197714,0.007206314,0.000117587,0.00016299,0.000234028
894,4.102416886,0.002659755,2.747140151,0.002307144,0.000200091,0.000281575,0.00139088
895,4.401204308,0.00847404,1.801168399,0.004115937,0.000933547,0.000951356,0.001363521
896,4.824801973,0.005026739,3.424333212,0.000780903,2.71693E-05,0.000140858,0.000187396
897,4.875982884,0.004787058,1.489207803,0.003803821,0.000605407,5.8244E-05,0.002577673
898,3.86388133,0.009817298,1.201561126,0.00073428,3.49892E-05,0.000766396,0.002603926
899,4.158671277,0.004149422,3.803830793,0.008511345,0.000868636,0.000342315,0.000725024
900,2.926394791,0.001407289,3.231763638,0.005710436,0.000820433,9.14674E-05,0.000900124
901,3.751169723,0.005492161,3.964311319,0.006581321,0.000139918,0.00034145,0.001001418
902,2.620611358,0.000141055,1.161564483,0.005384566,0.000291866,0.000127573,0.001731431
903,3.784611925,0.004981555,0.311879123,0.000626926,0.000686908,0.000959944,0.001241108
904,3.496917547,0.002614952,3.511055384,0.001201762,0.000426368,0.000508341,0.001314308
905,2.996743368,0.005213813,1.685682583,0.000416483,0.000767123,0.000137249,0.002112762
906,4.064699456,0.005272713,3.72332277,0.006511759,0.000663773,0.000960271,0.001100603
907,2.55654769,0.006729869,1.239149668,0.002607954,0.000366178,0.000720064,0.000522607
908,4.325284471,0.001614346,2.900682726,0.00300972,0.000163911,0.000253904,0.002312301
909,4.265134411,0.004039824,0.697177934,0.005695178,0.000830904,0.000460664,0.001020451
910,3.920485974,0.003036777,2.327369371,0.003696576,0.000902725,0.000483834,0.00231214
911,4.257320013,0.00570799,2.855427693,0.009195904,5.33493E-05,8.89171E-06,0.000183362
912,4.449516319,0.006002808,2.750566685,0.002789471,0.000203654,0.000929115,0.000781783
913,2.55696991,0.005230108,1.142724187,0.008636052,0.000598916,0.0004763,0.000792476
914,4.64192267,0.002635826,2.163651685,0.002492042,0.000375483,0.000760678,0.002107619
915,4.240565284,0.004906773,2.595472054,0.007614476,0.000364419,0.000871442,0.002700712
916,2.658239605,0.002563006,0.644422521,0.006580596,0.000543548,0.000862201,0.001263433
917,4.915953426,0.009983387,2.5025843,0.004999989,1.99303E-05,0.000870026,0.002053572
918,4.702429419,0.006129853,3.948958647,0.00308494,0.000120969,0.000566752,0.000421798
919,4.868794092,0.005940355,3.470928389,0.008177772,0.00022966,0.000963285,0.001551877
920,4.910142592,0.001277487,3.18366669,0.003699457,0.000687781,0.000550915,0.001365539
921,3.020522134,0.002897783,2.640019622,0.004064628,0.000374356,0.000218188,0.002311797
922,3.581703885,0.001562865,1.518751034,0.007426321,0.000280899,0.000659949,0.001661465
923,3.486695533,0.001608538,1.415099886,0.000272038,0.000440086,0.000768987,0.002408708
924,4.591861252,0.002116092,1.320536358,0.007032374,0.000959763,0.000441752,0.001036845
925,4.808765827,0.001541745,0.054044825,0.003484155,0.000476791,0.000529125,0.000565273
926,3.476299291,0.004285527,3.533533489,0.008411795,0.000764976,0.000211518,0.001589983
927,4.279309403,0.00039001,1.655162804,0.002829322,0.000175787,0.000718496,0.001037973
928,4.234857608,0.000914112,0.437878405,0.001809501,0.000668479,0.000994268,0.000802286
929,4.026963972,0.007572653,1.156848828,0.000577576,0.000343319,0.000839224,0.00042194
930,3.106051324,0.008639758,1.909826975,0.003681144,0.000182225,0.000287463,0.000327883
931,3.159576472,0.003963074,0.460145897,0.009451255,0.000577704,0.000804493,0.00084535
932,2.817541873,0.004481647,1.121329362,0.00107592,0.000630997,0.000905843,0.001246072
933,3.997259692,0.001581514,3.2376368,0.004742563,0.000459558,0.000345341,0.002567183
934,4.852225658,0.007141348,1.393355368,0.003261631,0.000447733,0.000426857,0.000407585
935,3.774114401,0.009652867,2.928207431,0.0052529,0.000993755,0.000313255,0.001683361
936,2.951761872,0.003444998,0.736970469,0.000388821,0.00016448,0.000165227,0.00170675
937,4.04626334,0.004786105,2.070647748,0.008606596,0.000776023,0.000586635,0.001098082
938,3.130124788,0.008234345,1.496455205,0.005244746,0.000935113,0.000912948,0.001860458
939,3.23064126,0.004287986,3.248311571,0.00687424,0.000609271,5.11534E-05,0.001527329
940,3.259588105,0.006516963,0.410124661,0.007749968,0.000272394,0.000912502,0.000832954
941,3.163608325,0.007055528,1.965347011,0.00770663,0.000735421,6.40024E-06,0.000317657
942,2.930341501,0.004611239,1.246663727,0.000862114,0.000817011,0.000935165,0.002595278
943,2.568343637,8.05374E-05,3.112489222,0.006420078,0.000671379,0.000313665,0.002588491
944,3.337287316,0.003353711,3.571787348,0.008497309,0.000168944,0.000624439,0.00246041
945,4.44170278,0.001661326,1.445250602,0.007943184,0.000751397,0.000849587,0.000420483
946,2.50410234,0.009857288,0.869911562,0.009482439,0.000461172,0.000325625,0.001809857
947,2.884096208,0.009320232,2.81284574,0.009340861,0.000800695,0.000212262,0.000206073
948,2.926564737,0.00526261,0.402997695,0.009224229,0.000888408,0.000344315,0.000685046
949,4.295208652,0.000265128,0.666795054,0.006174583,0.000764918,0.000646422,0.00161167
950,3.285721365,0.004557435,0.636264665,0.005937735,0.00041093,0.000670954,0.000675954
951,2.662705885,0.004230179,2.06467698,0.008271359,0.000539186,0.000312118,3.85314E-05
952,4.417663016,0.00777768,2.827783341,0.008467595,0.000116384,2.48257E-05,0.000232143
953,2.89379457,0.000986939,2.438742089,0.003377574,0.000723133,0.000933978,0.000395596
954,3.447711701,0.000448872,0.720104343,0.006301702,0.000298638,0.000951199,0.001083308
955,4.719294529,0.000244021,1.07435309,0.003914458,0.000342026,0.00068946,0.000193279
956,2.722380717,0.008885259,1.140238432,0.005220142,1.14953E-06,6.39997E-05,0.000483924
957,3.799395547,0.009238857,1.422309107,0.007935193,0.000830522,0.000831134,0.00193807
958,4.299427293,0.00915392,3.500096865,0.007519223,0.000911541,0.000514693,0.000561752
959,4.968645779,0.004481073,1.803347369,0.003538685,0.000118875,0.000248391,0.00193445
960,2.726572228,0.006265898,0.787786219,0.006815425,0.000445859,0.000864189,0.000365567
961,4.181821344,0.009467138,2.343288535,0.002878704,0.00050457,0.000706598,0.00156513
962,4.547023893,0.006729848,1.714313107,0.001349999,0.000356777,0.000204041,0.000142934
963,2.960117768,0.004891175,1.392374801,0.005208596,0.000935554,0.00099224,0.000743906
964,2.937855975,0.007993034,1.566731211,0.004193377,0.000816685,8.4075E-05,0.002547729
965,4.203083264,0.003145629,0.140540338,0.004684435,0.000370649,0.000808175,0.002870874
966,4.835656248,0.009285415,0.428210769,0.007450479,0.0007572,9.02764E-05,6.69149E-05
967,3.896044334,0.004476389,3.373554907,0.005596386,0.000241269,0.000549559,0.002495896
968,4.985329815,0.000316925,1.419122947,0.009560406,0.000314546,0.000481482,0.000604938
969,3.001956664,0.006127248,0.779982564,0.007332465,0.00094042,0.000981594,0.001215028
970,4.924454037,0.001545274,1.097717265,0.00379451,0.000251467,0.000900812,0.001962284
971,4.925270965,0.004577896,1.470104671,0.009159868,0.000437006,0.000340232,0.002460145
972,3.425611469,0.002821466,0.355751839,0.0064316,0.000582969,0.000462303,0.00181054
973,2.560298847,0.006928224,1.156585075,0.002934953,0.000505301,0.00056691,0.001901751
974,4.293030908,0.000984654,0.383458028,0.003931904,0.000644228,0.000377979,0.002882336
975,4.483540194,0.009863476,1.954491533,0.008661927,0.00092513,6.7045E-06,0.00043293
976,3.703172987,0.005339922,2.647815069,0.008412867,0.00069441,0.000823208,0.00253323
977,2.736267748,0.002514396,2.029990785,0.003330045,0.000898104,0.000782697,0.000745723
978,2.853783395,0.00396645,2.566857457,0.004427825,9.85053E-05,0.000573228,0.000985937
979,4.708422137,0.001098094,3.328743884,0.008253963,0.000572621,0.000550207,0.002697774
980,2.756919924,0.007433298,3.186038069,0.007484059,0.000156257,0.000877251,0.002873074
981,2.520235282,0.006360751,2.570905472,0.000802225,0.00019655,0.000925659,0.001976699
982,2.956069175,0.008606061,3.318206192,0.005366901,0.000423882,0.000354737,0.000536469
983,2.577164889,0.003540007,1.977089046,0.001766273,0.000989626,0.000260897,0.002859667
984,4.017192443,0.000608096,1.814095688,0.009611573,0.000767696,0.000448242,0.000620878
985,2.692496732,0.006471852,0.28457382,0.009129121,0.000924915,0.000689009,0.001446229
986,2.837169132,0.007889393,3.586822457,0.00708521,0.000661277,0.000808107,0.00049554
987,2.945414828,0.001708795,2.076636871,0.003013043,7.7464E-05,0.000240278,0.001066101
988,4.821229895,0.005348471,3.818788585,0.001653109,0.00045079,0.000987045,0.001639765
989,4.049289304,0.003829958,0.828654215,0.00081752,0.000498143,0.000211776,0.002763359
990,4.453613351,0.002177363,1.658526943,0.006394605,1.3175E-06,0.000403407,0.002352219
991,3.456992883,0.00930576,0.864210097,0.005659595,0.0002075,0.00092021,6.52788E-05
992,4.655222058,0.001781046,2.615971918,0.003184951,0.000907428,0.000362734,0.000641341
993,4.366310017,0.003367654,1.841458936,0.008031482,0.000210105,0.000984824,0.000502328
994,4.71797242,0.006673433,3.41072187,0.007516698,0.000734405,0.000224672,0.002761536
995,2.819523964,0.003617686,2.203686675,0.002389444,0.000707552,0.000915139,0.001777138
996,3.379904335,0.004654852,0.384523914,0.006014905,0.000684022,0.000192481,0.000940667
997,4.491843662,0.009799405,0.031226799,0.009680627,0.00031559,0.000784754,0.002766024
998,3.263893805,0.000227809,2.439939881,0.006127054,0.000392317,0.000726515,0.002822908
999,3.90369335,0.002046521,0.583101097,0.007066611,0.000739085,6.20195E-05,0.002389937
1000,3.405521371,0.003704616,0.476122739,2.03586E-05,0.000825642,0.000445994,0.001072694
1001,3.035187868,0.000432388,0.552787725,0.000277694,0.000105265,0.000909738,0.001290544
1002,3.95708189,0.000744506,2.699917969,0.006261891,0.000283577,0.000515243,0.002708651
1003,2.812847244,0.008132086,3.114877786,0.005726415,0.000184804,0.000672059,0.00296732
1004,3.570120692,0.005282321,3.013039289,0.006406684,0.000990146,0.000438494,0.002849227
1005,3.914232306,0.001897312,3.612959119,0.007893818,0.000787854,0.000353143,0.002367609
1006,3.738399699,0.007362398,2.934922538,0.005930883,0.000201783,0.000795968,0.001913056
1007,4.266939555,0.005054992,1.925386555,0.009054121,0.000242846,0.000579405,5.31616E-05
1008,4.371596301,0.004296345,2.619632946,0.002037067,0.000609413,0.000279138,0.000621752
1009,3.375458666,0.000788054,3.806056952,0.006080206,0.000954912,0.000676583,0.002787361
1010,4.977311999,0.009385089,1.490984502,0.00074061,0.000922984,0.000899667,0.002062044
1011,4.710661443,0.001115648,3.125835411,0.001248305,0.000875268,0.000736506,0.000389558
1012,4.031845055,0.002213508,2.584182259,0.00795281,0.000561993,0.000453634,0.002051335
1013,3.314667458,0.004473677,2.886210873,0.001753595,0.000303842,0.000664407,0.002072772
1014,4.86411911,0.006023341,3.224146248,0.000968195,0.000959174,0.00059909,0.00131264
1015,4.185885139,0.002881074,0.659811791,0.002329485,0.000871489,0.000503677,0.000638156
1016,4.284276652,0.005083289,3.128500311,0.003431201,0.000801908,0.000131252,0.001293731
1017,4.577822369,0.004314037,1.118682027,0.006952888,0.000886227,0.000707912,0.002719345
1018,2.910937435,0.006760056,1.148013313,0.006749409,0.000225464,3.06164E-05,0.001732305
1019,3.823951277,0.00927778,3.706688956,0.000528259,5.49935E-05,0.000996232,0.000654663
1020,3.179643239,0.002467761,0.565336085,0.003720985,0.000420467,0.000389535,0.001126421
1021,4.542674389,0.008541121,0.37874099,0.003448612,0.000851653,0.000300869,0.000520932
1022,4.788917258,0.003889126,0.755591269,0.002789023,0.000511542,0.000800411,0.000790051
1023,2.641034096,0.007357976,1.708217606,0.007965321,0.000208934,0.000831724,0.000599696
1024,3.937083635,0.003535067,1.123532947,0.006149475,9.88306E-05,0.00068414,0.001207546
1025,3.49113339,0.009570996,3.402131096,0.000907851,0.000593116,0.000866166,0.000518189
1026,4.598105455,0.009915421,1.70399624,0.009862882,0.000542136,0.000781401,8.91565E-05
1027,3.992975198,0.000776351,0.525100819,0.001958417,0.000390877,0.000391703,0.001691564
1028,3.829144012,0.005537904,1.258790824,0.00289365,0.000237765,0.000449148,0.002489341
1029,3.626310414,0.004665203,1.242049752,0.00339305,1.95465E-05,0.000703982,0.001755351
1030,4.509209395,0.007625282,3.415868325,0.006352239,9.28775E-06,0.000436501,0.000712444
1031,3.075779494,0.005628593,3.872764129,0.003117821,9.37465E-05,0.000845879,0.00220921
1032,2.788898926,0.002083773,2.95639874,0.00929994,0.000216402,0.000332987,0.000432987
1033,4.565411226,0.00157069,0.771343877,0.004826406,0.000872725,0.000126134,0.002696341
1034,2.865491173,0.006668427,2.127141498,0.001169427,0.000230227,0.000470519,0.002222031
1035,2.57822962,0.008450262,2.277243721,0.009330243,0.000311075,0.000366739,0.001343059
1036,4.614548401,0.007151263,0.31286647,0.001777775,0.000656476,0.000849883,0.002063001
1037,2.545625879,0.00033039,3.484904246,0.007753083,2.61753E-06,0.000936085,7.53277E-05
1038,4.546772592,0.002155745,1.711047292,0.006536505,0.000741567,0.000597167,0.000446725
1039,3.811124132,0.004242576,2.85700746,0.00042811,0.000593604,0.000590648,0.002203811
1040,4.569812627,0.007995548,0.645823801,0.005339304,0.000474213,0.000321527,0.001302463
1041,3.266393413,0.009605413,2.080646482,0.002363414,0.000884992,0.000708076,0.002890517
1042,3.963775604,0.00817318,2.536580635,0.006172324,0.000157395,0.000908,0.001974978
1043,2.856051527,8.69733E-06,0.206434283,0.009446098,0.000979725,0.000406169,0.001320747
1044,4.276775192,0.002457777,0.414446786,0.001251358,8.25529E-05,0.000568648,0.001533501
1045,2.551818025,0.004838983,1.24943061,0.004532474,0.000920951,0.000186135,0.001937343
1046,3.022080746,0.004503648,1.403389574,0.009419868,0.000736133,0.000445836,0.000667095
1047,4.419026287,0.005450985,0.262099684,8.78066E-05,0.000351606,0.000951991,0.001151302
1048,4.685244462,0.007913335,1.639332526,0.007386297,0.000666725,0.000208541,0.001422309
1049,4.413934915,0.007583714,3.568847938,0.002259628,0.000484179,0.000525456,0.002967406
1050,4.762985367,0.007140904,0.597104297,0.002091294,0.000237334,0.000260433,0.00074766
1051,4.202538697,0.006984447,2.844968836,0.004179901,0.000278095,0.000250499,0.000743621
1052,3.707226904,0.005633274,0.776542915,0.003188036,0.000855613,0.000117645,0.001775611
1053,3.396519865,0.001159154,0.110051512,0.001674615,0.000109426,0.000629783,0.001056555
1054,4.561459793,0.002290703,0.947672862,0.004566232,0.00044018,0.000742041,0.001865824
1055,4.961829186,0.003316641,3.718611988,0.009032152,0.000871149,0.000820096,0.000277803
1056,4.704683201,0.005865419,3.442802028,0.007876239,0.000871089,0.000535218,0.000211338
1057,2.7742901,0.00497037,2.100984584,0.004438016,0.000115325,0.000636974,0.00012706
1058,2.913139188,0.006190995,1.598444572,0.009209006,0.000892116,0.000158336,0.002669499
1059,4.768820988,0.003426303,3.646264763,0.005361473,0.000898847,0.000512468,0.001223216
1060,3.477620849,0.007880166,0.572932466,0.00898334,0.000354169,0.000471862,0.002447129
1061,2.644366646,0.005703908,2.190470948,0.000202223,0.000923002,0.000994209,0.002895173
1062,3.484107739,6.80247E-05,1.227869205,0.002199787,0.000706821,0.000305175,0.002029521
1063,4.76140507,0.005506957,1.257665122,0.008923149,0.000491698,0.000208719,0.002912336
1064,4.068033499,0.000521492,0.40422818,0.005275676,0.00018638,0.000235574,0.001759299
1065,3.514792775,0.000852502,1.510841803,0.007793327,0.00068345,0.000391972,0.001015411
1066,3.223504107,0.006260079,1.678363746,0.004731796,0.00019763,0.000342327,0.002504175
1067,3.191554162,0.006796853,0.462911283,0.006863962,0.000213758,0.000833335,0.000528949
1068,2.566274804,0.009944207,1.579530827,0.004846654,0.000716629,0.000554036,0.002393087
1069,4.969221743,0.007895613,3.870829075,0.005275351,0.000412134,2.42347E-05,0.002429921
1070,3.185250076,0.007227653,1.457863791,0.004373359,0.000716141,0.000477162,0.001999564
1071,4.727622227,0.008921328,3.597172174,0.009728955,0.00071064,0.000650611,0.002839552
1072,2.647555227,0.005215801,0.481165046,0.004965671,0.000478127,0.000336241,0.001544974
1073,2.902652458,0.001670915,3.663162814,0.007046518,0.000790577,0.00010934,0.000809902
1074,3.662301376,0.000687476,2.777906131,0.001299161,0.000681047,0.000406119,0.001294056
1075,4.208298208,0.009404856,3.695861053,0.005923549,0.000183645,0.000199056,0.002213244
1076,3.122501924,0.006379308,0.762208576,0.006104131,0.000406301,0.000715917,0.000641509
1077,3.42214882,0.007298007,1.622262468,0.001150594,0.00024487,0.000531175,0.002166841
1078,3.30475328,0.002651067,1.690876274,0.003956081,0.000899476,0.000909682,0.002520427
1079,4.650160658,0.00461758,1.692867503,0.007619524,0.000541744,0.000554295,0.002937713
1080,2.546465774,0.00528756,1.271054671,0.00858718,0.000143609,0.000359366,0.001123224
1081,4.234064975,0.007504141,3.467995732,0.004943513,6.70441E-05,0.000513493,0.002483626
1082,4.219828349,0.009741335,0.95673537,0.003417084,0.000154322,0.000660193,0.00037477
1083,4.139775556,0.001728167,3.657910929,0.003557288,0.000418638,6.76415E-05,0.002053523
1084,4.666624787,8.63318E-05,3.261815821,0.004679792,0.000154966,0.00034539,0.000957217
1085,4.877647831,0.005391177,2.429614644,0.009772251,0.000208726,0.000431901,0.001329164
1086,4.581138693,0.006662658,2.217062035,0.0029648,0.000295731,0.000880971,0.001712218
1087,3.182372302,0.007723102,1.579673062,0.003244084,0.000138645,0.000504292,0.000186747
1088,4.585541083,0.001259202,3.925828941,0.007546954,0.000486286,0.000477921,0.00134992
1089,2.928678693,0.002374552,2.459448125,0.009931165,0.000918984,0.000206656,0.000837715
1090,4.156315799,0.007893984,1.77721695,0.005401926,0.000900905,0.000536226,0.002873282
1091,2.833140668,0.001809489,2.610023488,0.005232836,0.000814733,0.000107349,0.002820423
1092,4.889580291,0.005155664,3.081242049,0.000742458,0.000465587,0.000265229,0.001582741
1093,2.98292735,0.000386612,2.28390641,0.006913157,0.000160299,0.000911277,0.002408945
1094,4.273565352,0.001516924,2.311681723,0.000992859,0.000515002,0.000546094,0.000730814
1095,3.232940996,0.004787476,1.636392833,0.003422015,0.000794002,0.000433113,0.000543585
1096,4.210465242,0.007956124,2.195954299,0.005609119,0.000672515,0.000224915,0.002030107
1097,4.292993331,0.005742202,1.726865413,0.008273549,0.000965173,4.4459E-05,0.000946777
1098,4.429731042,0.000233341,2.538871444,0.001090077,0.000122091,0.000741904,0.002599275
1099,3.950069497,0.007187899,0.51794439,0.004230313,0.000288083,0.000697577,0.000267886
1100,2.62107898,0.007904368,3.278442197,0.003136074,0.000355502,0.000705542,0.001137024
1101,4.621422594,0.001654256,1.243235942,0.008965897,0.000924338,6.69365E-05,0.00015679
1102,2.628224667,0.003904054,1.208618888,0.002849291,0.000446853,0.000439762,0.002560642
1103,3.486125247,0.004574391,0.580268515,0.003245517,0.000458834,0.000236686,0.001959617
1104,2.647458508,0.003325687,2.656802386,0.005247696,7.47241E-05,0.000821263,0.002274225
1105,4.404175729,0.006919702,3.081495099,0.009509117,0.000223385,7.07802E-05,0.000305602
1106,4.466825134,0.002265781,0.969866168,0.000492523,0.000357176,0.000235271,0.002762399
1107,3.725936841,0.002741539,1.99020337,0.006785561,0.000213694,0.000529395,0.000237208
1108,4.356902333,8.8893E-05,1.61198431,0.002923864,0.000729598,0.00089436,1.87279E-05
1109,3.822536205,0.001888211,1.830228217,0.004325066,0.000750259,0.00043171,0.002020852
1110,3.42014582,0.006126135,1.483555914,0.006920482,7.65086E-05,6.30674E-05,0.001553909
1111,3.669024834,0.004853386,0.498660325,0.008791214,6.55096E-05,0.000727563,0.00259397
1112,3.566222687,0.001120812,0.325201503,0.000676319,0.000176557,0.000410667,0.001704241
1113,3.836316573,0.008895493,3.032203918,0.003076913,0.000773944,0.00093054,0.000738642
1114,2.884569566,0.000472965,1.566732237,0.006645674,0.000884342,0.000748831,0.0028525
1115,3.787410238,0.006189298,3.033987489,0.006979774,0.000672001,0.000816384,0.001269543
1116,4.192000164,0.005161764,3.530215729,0.004658747,0.000723511,0.000970349,0.000958011
1117,4.082578519,0.007225973,1.870852563,0.002376068,0.000278258,0.000802954,0.000492484
1118,4.857817346,0.006505261,3.437183616,0.002117929,0.000374973,0.000187773,0.000197102
1119,2.799393483,0.005147597,3.861885955,0.008058664,0.000726346,0.000247898,0.001231991
1120,2.663791523,0.003126021,2.02432734,0.0007863,0.00043214,0.000899752,0.000146356
1121,3.217885749,0.004281877,1.626358532,0.008684283,0.000234112,0.000812161,0.002823076
1122,4.124543627,0.001927334,0.325793397,0.002577979,1.93182E-05,0.000503809,0.000333632
1123,4.638295453,0.007342681,0.918761573,0.00117366,0.000728517,0.000418989,0.001513226
1124,3.987826844,0.005453964,1.076197513,0.002989494,0.000312522,0.0002596,0.000143298
1125,3.680849878,0.000981559,2.274807719,0.008185606,0.000653407,0.000223698,0.000643393
1126,3.433432456,0.000819216,0.797888666,0.004994677,0.000444388,0.000966285,0.002588771
1127,3.533747042,0.008725089,3.257778011,0.002727754,0.000562918,0.000285172,0.000600156
1128,2.704825612,0.006768363,2.211825358,0.009133032,7.37608E-05,0.000820057,0.002571867
1129,3.240500561,0.005026718,0.213964818,0.006435958,0.000423815,0.000757058,0.002776906
1130,3.603616664,0.009340017,2.168652653,0.005740636,0.000212127,0.000331622,0.001301011
1131,2.745173747,0.000336218,0.142176407,0.007792948,0.000133548,9.44247E-05,0.002816001
1132,2.536641632,0.004930126,3.945687307,0.007929991,0.000162501,0.000345035,0.000349593
1133,3.665032135,0.008227672,1.413015158,0.006769628,0.00098684,0.000759611,0.001336227
1134,3.518892629,0.001163201,2.140442577,0.00640968,1.32041E-05,0.000127914,0.002968735
1135,3.528329224,0.007034439,2.839441544,0.008022605,0.000376611,0.000939954,0.00236754
1136,4.945382093,0.002430386,1.301722691,0.000806009,0.000596282,0.000131356,0.000750497
1137,4.03868102,0.001437437,2.500711263,0.008260221,6.80136E-05,0.000521058,0.001675009
1138,4.489635779,0.000329672,2.32472439,0.007223895,0.000619502,0.000578272,0.001455339
1139,3.95578521,0.006583277,1.27895771,0.000577528,0.000693036,0.000840201,0.000255133
1140,4.10393006,0.007326917,3.301568084,0.0016233,0.000301804,2.12494E-05,0.001821871
1141,3.221980984,0.00963348,0.021418272,0.00515007,0.000671534,0.000417906,0.002591225
1142,4.897976499,0.002852143,3.214908591,0.008731441,0.000819139,0.000640991,0.001125392
1143,3.305549096,0.008312817,1.387846812,0.0056484,0.000812522,0.000274168,0.001206789
1144,3.568951143,0.005560341,1.482543199,0.00472105,0.000899564,0.000480329,0.002244463
1145,4.854088101,0.004430261,1.088350171,0.004576886,0.000973595,0.00090164,0.002929761
1146,4.196903516,0.005757744,2.979767349,0.00016023,0.000348799,0.000209759,3.95064E-05
1147,3.404872983,0.00907665,2.996278767,4.41445E-05,0.000156454,0.000106372,0.000918049
1148,2.595183758,0.006230126,0.093280253,0.002428233,0.000712543,0.000159722,0.000895312
1149,2.9517651,0.001329467,0.843883571,0.003339881,0.000841588,0.000979586,0.002216819
1150,3.497991409,0.001923443,1.902065944,0.001126438,0.000371035,0.000234619,0.001024179
1151,2.579927319,0.003209878,3.408670681,0.002446082,0.000648701,0.00053361,0.000659233
1152,2.563500311,0.000241863,1.667763973,0.007345916,0.00093518,0.00095198,0.002415886
1153,2.663807942,0.001943958,0.179447377,0.006541381,0.000831356,0.000851826,0.001744968
1154,4.715800873,0.007412886,2.890858238,0.001324323,0.000402902,0.000340521,0.002557291
1155,3.061398284,0.002014655,0.008834981,0.004181594,0.0001701,0.000931735,0.002943342
1156,3.183910977,0.005869194,3.459800651,0.006167921,0.000890738,0.000234236,8.59708E-05
1157,4.6917797,0.005709439,1.154993725,0.004607783,0.000570482,0.000292038,0.001573407
1158,2.531262877,0.001930657,1.323315044,0.002378149,0.00097403,0.000216262,0.001441033
1159,4.098608634,4.68204E-05,1.848980363,0.008437976,8.9784E-05,0.000172772,0.001362495
1160,4.356617832,0.002614714,3.47235756,0.006399227,0.000716112,0.000793948,0.000525492
1161,4.000692357,0.006742281,0.127810166,0.006710141,0.000412945,0.000561566,0.00183269
1162,4.162923321,0.009156776,3.173454995,0.008563126,0.000211396,0.000667926,0.002896086
1163,4.454887238,0.003406855,1.884913184,0.006772801,0.000602436,0.000579553,0.001572341
1164,4.653751496,0.006326227,1.575364172,0.004831432,0.00061435,0.000503942,0.000151511
1165,4.210666237,0.003309288,0.999551782,0.006067911,0.000639705,0.000304297,0.00228302
1166,3.341266157,0.002871556,3.602490328,0.005372022,0.00075306,0.000369564,0.002829815
1167,4.567674399,0.003980244,3.756113916,0.009121747,3.289E-05,0.000736062,0.001164295
1168,4.933053525,0.003896836,1.910194148,0.000331549,0.000686346,0.000172064,0.002316283
1169,3.211804926,0.004169683,2.856230805,0.003476363,0.000873374,7.4657E-05,0.002790363
1170,3.425741846,0.001675237,2.818699403,0.005298308,0.000920962,0.000873036,0.000598136
1171,3.743118355,0.003836421,1.058711498,0.00170539,0.000973284,0.000100483,0.002551078
1172,4.670594802,0.002660207,2.823486439,0.007731892,0.000563028,0.000970211,0.002412264
1173,4.805101016,0.007041656,3.713523395,0.001571291,0.000649722,0.00051761,0.002286802
1174,2.860302132,0.008783185,0.280837598,0.007931885,0.00096399,0.000671693,1.18518E-05
1175,3.052458125,0.005692893,2.447619659,0.009732668,4.49671E-05,0.000763311,0.000946015
1176,3.581014707,0.009498605,3.980437508,0.009141112,9.97303E-05,6.05474E-06,0.001527629
1177,3.129232426,0.003838496,3.079863599,0.009256647,0.000997146,0.000620871,0.002437911
1178,2.950885958,0.005945555,1.913409403,0.009761348,0.000835032,0.000232021,0.000487667
1179,3.760285338,0.008432776,1.257297436,0.00931512,0.000123747,0.000918367,0.002135636
1180,4.874724802,0.000474775,1.033372787,0.000761459,0.000245536,0.000748836,0.000901572
1181,4.527593299,0.00831235,3.82632189,0.005827348,0.00029986,1.46674E-05,3.19813E-05
1182,3.333899071,0.008954795,2.050942015,0.005541024,6.00186E-05,0.00067816,0.00170672
1183,4.773762488,0.002198165,3.17588432,0.007352687,0.000934355,0.000265616,0.00031337
1184,2.725266505,0.004582985,3.963724111,0.004623551,0.000137676,0.000570868,0.002603
1185,4.077181142,0.005539066,1.487481673,0.003570465,0.000372351,0.000369713,0.00161455
1186,4.629433429,0.002794834,3.602263994,0.003070505,0.00017631,0.00099825,0.002794166
1187,4.832886785,0.008855056,0.000671944,0.00772752,0.000558781,0.000453032,0.001529873
1188,4.134007627,0.00557713,1.2975636,0.001659761,0.000487914,0.000607473,0.000405994
1189,4.986267364,0.000402383,3.269508067,0.002516434,0.000814752,0.000569281,0.00225208
1190,2.828630255,0.009810008,2.640568547,0.007216988,0.000261247,0.000352254,0.002432696
1191,3.224922938,0.006710446,3.24312807,0.003873363,0.000318913,0.000701523,0.002530428
1192,3.767239439,0.001192375,1.524810371,0.009732982,0.000172462,0.000653347,0.002881473
1193,3.211355183,0.007758408,3.577387609,0.002417371,0.000374701,0.00019614,0.002683168
1194,3.986145262,0.000609134,3.277402233,0.000852693,0.000406593,0.000969102,0.00192029
1195,3.816034587,0.00996015,1.404395654,0.008086005,0.000446761,0.000766068,0.001307994
1196,3.482438865,0.002056826,1.345748283,0.007771239,0.000915116,0.000984179,0.001539755
1197,4.27724046,0.006806744,1.345138189,0.005148499,0.00095161,0.000467675,0.000155951
1198,3.828523661,0.007832611,0.046355597,0.005886116,0.000461334,0.000396095,0.002335736
1199,3.257119974,0.003613249,1.458225126,0.009125933,0.000474265,0.000966425,0.002044513
1200,4.585333538,0.001034519,3.067847986,0.000224188,0.000557504,0.000510338,0.002073993
1201,3.949852878,0.006641598,2.26629745,0.002054333,5.54133E-05,0.000167774,0.000768678
1202,2.886598978,0.006413345,3.406517505,0.00796428,0.000892034,0.000131755,0.000985089
1203,3.893645488,0.003575851,3.029300902,0.000762081,0.000914281,0.00061881,0.002962668
1204,4.782810801,0.006934164,2.037244679,0.009266852,0.000202431,4.90509E-05,0.00150524
1205,3.966423168,0.006236613,0.193904222,0.002661643,0.000289824,0.000600453,0.002739633
1206,3.873625236,0.003019285,2.200763677,0.002712909,5.77154E-05,0.000519235,0.00091005
1207,3.817766763,0.003041333,3.200122205,0.004696353,0.000399075,0.000189066,0.002723567
1208,4.061619451,0.005281735,3.783829183,0.002834803,0.000394995,0.000428339,0.002979758
1209,3.419991567,0.007433194,2.428926069,0.008023668,0.000447842,0.000647581,0.002853873
1210,3.674020107,0.005691507,0.624845313,0.00782537,0.000982944,0.000296941,0.000434332
1211,4.596751804,0.001418888,2.027373832,0.00426181,0.000412691,0.000192683,0.002612812
1212,4.843366389,0.001703487,2.452043318,0.001007001,0.000960186,0.000807403,0.001006052
1213,3.316118343,0.007544757,2.0974607,0.003154692,0.000539243,0.000807283,0.000571462
1214,4.953715165,2.45251E-05,3.124843799,0.00690335,0.000702101,0.00036207,4.92034E-05
1215,3.053600776,0.006942099,1.451450665,0.002569023,0.000876671,0.000347102,0.000805347
1216,3.553169937,0.005777544,2.510552332,0.000712335,8.20217E-05,2.95473E-05,0.001876244
1217,2.824072649,0.006673939,0.629463484,0.002630023,0.000399957,7.09514E-05,0.000105438
1218,3.515945641,0.005412227,0.645001122,0.005312133,0.00071284,0.00017742,0.000198217
1219,3.470228512,0.003743892,2.01195765,0.004675919,0.000623426,3.05615E-05,0.001160474
1220,2.975660819,0.006750303,0.646866252,0.009763762,0.000654307,0.000715401,0.000152056
1221,2.91947122,0.002996338,3.731425494,0.005273799,0.000658687,0.000930239,0.000450032
1222,4.606233772,0.001713396,1.866131484,0.006687263,0.000295748,1.52659E-05,0.001918008
1223,4.027459705,0.001950522,3.172962885,0.007010345,1.92733E-05,0.000765879,0.000425863
1224,3.93433012,0.000478003,0.077282042,0.00717314,0.000949612,0.000361336,0.000305704
1225,3.430973186,0.009904933,0.331445758,0.0044183,0.000751995,0.000637256,0.000398491
1226,3.528382575,0.002395569,0.107066457,0.006873121,0.000362914,0.000637651,0.001987958
1227,2.616499653,0.006172472,0.787477969,0.008319751,0.000453062,0.000360182,0.001263248
1228,4.013121745,0.004750069,3.157977536,0.009569942,0.000977949,0.000792867,0.001167851
1229,4.980585295,0.002972707,2.847768871,0.007745673,0.000108775,0.000768552,0.000480545
1230,3.752651361,0.002435379,0.35353839,0.004180422,0.000516911,0.00093591,0.002897679
1231,3.846861352,0.005599409,2.9455528,0.003206678,0.000344099,0.000687335,0.001845333
1232,2.828551951,0.004506193,1.795069332,0.003200874,0.00045169,0.000935782,0.000808716
1233,4.204417062,0.003276799,1.246501458,0.005912778,0.000827633,0.000871521,0.000740018
1234,4.498451726,0.009221132,2.482382793,0.001586418,0.000176133,0.000504506,0.001524226
1235,3.52847458,6.5053E-05,1.941093667,0.004745737,0.000861405,0.000361312,0.000154623
1236,3.389155702,0.004666621,0.152587653,0.004419255,0.00075413,0.000384424,0.000779831
1237,3.210445939,0.008548732,0.353507619,0.001426331,0.000603487,0.000157856,0.000215636
1238,3.820008434,0.006130915,3.593084537,0.004693905,0.00039387,0.000969684,0.000872915
1239,3.775890282,0.000570749,3.637148353,0.007028687,0.000167064,0.000279905,0.001705273
1240,4.763126241,0.008320238,3.570308516,0.006480757,0.000127265,0.000857045,0.0008337
1241,2.813841745,0.002887322,3.755099873,0.002286513,0.000284726,0.000652571,0.000618594
1242,3.155734061,0.002612653,2.821457249,0.001504098,0.000486301,0.000289159,0.000704057
1243,3.494014653,0.00445947,0.197126126,0.006904636,0.000597364,0.000918333,0.002818349
1244,3.970602509,0.00946287,3.192399415,0.007211097,0.000666413,2.14922E-05,0.00238793
1245,4.307017032,0.007109551,1.886022195,0.00863383,0.000954528,0.000722599,0.001970882
1246,3.428022891,0.004876853,0.403454827,0.006474345,0.000926466,0.000175527,0.002012804
1247,3.518501421,0.00904879,0.925492134,0.007727402,0.000967693,0.000897143,0.002146333
1248,2.747502134,0.007457936,3.063418111,0.005431299,0.000376397,0.000630766,0.00047874
1249,4.790985063,0.003314334,0.267303369,0.008033658,0.00010389,0.000238922,0.000671444
1250,2.926997205,0.009732852,0.491222546,0.004345074,0.000953554,6.84054E-05,0.001325791
1251,4.609615305,0.003015435,2.349899658,0.000515243,4.8802E-05,0.000317085,0.000750203
1252,4.224753501,0.002933441,2.859888781,0.002885074,0.000625457,0.000717028,0.000308295
1253,4.201707944,0.007789363,1.272517124,0.009849966,0.000330537,0.00081236,0.002504577
1254,3.817343755,0.001581938,0.588936968,0.003495946,0.000581002,0.000430791,0.000576762
1255,4.931121503,0.009202541,1.649929055,0.005677815,0.000115131,0.000873102,0.002907081
1256,4.405590096,0.007132538,0.094240985,0.001874779,0.000837018,0.000778669,0.002523925
1257,2.530161396,0.009252309,1.473702774,0.003327153,0.000496483,0.000942535,0.002002728
1258,4.459180392,0.003246847,3.71197786,0.007081618,0.000665198,0.000291364,0.000755358
1259,4.956589226,0.005120732,2.342694737,0.007391043,0.000315957,0.000476579,0.000778413
1260,4.829258083,0.002316773,3.812819171,0.001678773,0.000325092,0.000847941,0.001590157
1261,4.428857987,0.006372208,0.89851892,0.008917445,0.000192566,0.000243006,0.000142472
1262,3.964049019,0.003503275,1.086379072,3.7085E-05,0.000760739,0.000428564,0.001568236
1263,2.638404555,0.001311709,1.618319884,0.004318276,0.000330215,0.00029861,0.001525468
1264,4.871060652,0.003932578,1.328720603,0.009944728,0.000700158,0.000759268,0.001239193
1265,3.047535243,0.000395358,3.179045761,0.00971012,0.000928474,0.000124664,0.002791122
1266,4.118168932,0.007746026,3.004182076,0.005035239,0.000928511,0.000300679,0.002900037
1267,2.649871508,0.00721651,1.541375541,0.007652665,6.22114E-05,0.00071973,0.002618055
1268,3.553029511,0.004048902,1.395733199,0.003161843,0.000506839,0.000315811,0.001847213
1269,4.739993215,0.007727705,1.122382554,0.007810289,0.000259358,0.000216535,0.000682724
1270,3.146020819,0.00134628,0.645621544,0.001077843,0.00011716,0.000370804,0.00098481
1271,2.705007065,0.006004957,3.330734438,0.000303772,0.00077178,0.000963189,0.00228454
1272,2.561564505,0.005217117,1.218345476,0.001040209,0.000947317,0.000666134,0.001459396
1273,4.877304801,0.001740395,0.924008814,0.005712775,1.11907E-05,0.000881653,0.001853086
1274,3.800957929,0.004699323,0.920338556,0.004494215,0.000409324,0.000843046,0.000705464
1275,4.615306974,0.000813918,1.448833943,0.004367562,0.000918628,0.000240701,0.001509372
1276,4.565521387,0.003343667,2.115117573,0.00365276,0.000537626,0.000431939,4.39366E-05
1277,3.907960223,0.001618367,0.579987948,0.004214601,0.000655257,0.000835753,0.000623119
1278,2.67314893,0.003973038,1.056737587,0.005838652,0.000831316,0.000662932,0.000619917
1279,3.146245764,0.002235846,3.964738465,0.000659956,0.000769059,0.000551687,0.001703125
1280,2.916440047,0.008558502,3.67165003,0.008274424,0.000703075,0.000763419,0.002896278
1281,4.621358135,0.008877446,0.710924833,0.000390175,0.000992194,0.000492881,0.0005769
1282,4.680495469,0.008111959,3.842006382,0.006056678,0.000191013,0.000674121,0.002578117
1283,4.039010885,0.003646934,0.161540936,0.006751354,0.000214362,0.000456589,0.002098023
1284,4.898444334,0.000673822,0.308877469,0.002967452,0.000529413,0.000144266,0.002801033
1285,3.071038018,0.001615022,1.565065617,0.00722988,9.58668E-05,0.000474556,0.000854867
1286,4.865460804,0.002434509,0.028089388,0.009198802,2.87132E-05,7.30468E-05,0.000110191
1287,4.644427312,0.002770431,1.422577568,0.006593674,6.65594E-05,0.000374231,0.002014181
1288,4.562216768,0.004009933,0.221634819,0.005393692,0.000824092,0.000815983,0.001946277
1289,4.385615897,0.008344831,3.309945186,0.006497416,0.000195735,0.000844633,0.000229534
1290,2.901468055,0.003345593,3.254316576,0.008038746,0.000785264,0.000634775,0.000900036
1291,4.056358058,0.00614844,1.299460822,0.007125929,0.000307915,0.00081784,0.002187935
1292,2.727750388,0.001900067,1.121648051,0.005929052,0.000692027,0.000344248,0.00106176
1293,4.2049916,0.001368189,2.141147385,0.000348565,0.000982818,6.22877E-05,0.001109124
1294,4.483051558,0.008241952,2.128080471,0.001502778,0.000437134,0.000967811,0.001569032
1295,3.583105705,0.0074286,0.478533354,0.009369801,0.000483813,0.0008794,0.002555279
1296,4.153105625,0.002050692,1.686536577,0.005496989,0.00064935,0.000410175,0.002457159
1297,4.244412185,0.008566116,3.403988512,0.004202964,0.000115255,0.000283203,0.002375395
1298,4.073281023,0.001016224,1.212118039,0.005185137,0.000204446,0.000628801,0.001921801
1299,3.068155702,0.005057925,0.777927643,0.007329615,6.05485E-05,0.000900055,0.002965556
1300,2.65704627,0.005700606,1.401389136,0.002983687,0.00031115,0.000400428,0.002946765
1301,4.329270698,0.000501509,0.676164456,0.00801727,0.000305356,6.76092E-05,6.98974E-05
1302,2.821684613,0.007569142,0.830869442,0.000128534,0.000631502,0.000551336,0.00106832
1303,4.306895247,0.006708126,3.959300467,0.005239208,0.000381649,0.000670498,0.001655116
1304,3.639065245,0.001365233,1.212572441,0.007021911,0.000171301,0.000121848,0.002407223
1305,3.282386229,0.003439389,1.310980075,0.003728497,0.000670884,0.000229151,0.001077325
1306,3.858240788,0.007082491,2.669884501,0.002151526,0.000263229,0.000595963,0.001653192
1307,2.655765363,0.005443726,2.055343902,0.008859561,0.000947616,0.000640306,0.000961727
1308,4.220806598,0.000929093,3.52392345,0.000958634,0.000145622,0.000656002,0.002604826
1309,3.866616691,0.002091106,0.834404024,0.009766488,3.74599E-05,0.000350808,0.001368218
1310,4.455995271,0.00394134,2.11206339,0.006140821,0.000448333,0.000912745,6.70142E-05
1311,3.165969581,0.002714507,0.656503212,0.000432683,0.000227808,8.07148E-05,0.000621559
1312,3.392264555,0.006091629,3.275372862,0.008210838,0.000688881,6.82177E-05,0.001798543
1313,3.094151298,0.003264444,0.967261865,0.003067083,0.000855006,0.000265274,0.001828575
1314,2.894540409,0.00559813,1.953194565,0.004869579,0.00041697,0.000220933,0.002311164
1315,3.993449064,0.009237164,1.578818681,0.008140986,8.66015E-05,0.000206731,0.002067546
1316,4.683376057,0.002470509,0.414319052,0.007478566,0.000491804,3.26574E-05,0.001252144
1317,4.013142445,0.006212512,1.922009912,0.001821282,3.45616E-05,0.000734866,0.000708481
1318,3.314485177,0.003300557,3.266513057,0.008894439,0.000521,0.000269001,0.002674267
1319,3.6486254,0.00993232,0.486262782,0.001670093,9.00884E-05,0.00011344,0.002088293
1320,3.385254731,0.000308346,2.782301585,0.005611655,0.000616816,0.000152383,0.000716733
1321,4.136172814,0.003936421,3.393423231,0.007619249,0.00048549,0.000543994,0.000986426
1322,4.537764554,0.004332658,3.900890027,0.007917709,0.000168392,0.000286649,0.001876784
1323,2.950344622,0.005642885,0.564805114,0.00822946,0.000994893,0.000152922,0.002936087
1324,3.396694023,0.008954182,3.372694311,0.005647921,0.000956165,0.000672391,0.002796364
1325,2.985115374,0.009184471,3.67231755,0.009465319,0.000848487,0.000272994,0.001873739
1326,3.637958663,0.006108236,2.612267404,0.00096023,0.000135721,0.000751492,0.00279698
1327,4.758097962,0.008959287,1.874521068,0.007280294,0.000366436,9.72849E-05,0.002643079
1328,3.202407174,0.009341598,0.245310795,0.003215995,0.000673354,0.00016319,0.001383955
1329,3.082154001,0.007312822,2.920292666,0.007631392,0.000321209,0.000458629,0.002588672
1330,3.955805066,0.003719176,2.507707548,0.007406831,0.000240414,0.000279101,0.000355925
1331,4.111732478,0.007336015,0.504275557,0.007628003,0.000364858,0.000410416,0.001161106
1332,3.689721088,2.23407E-05,3.734976901,0.002505188,0.000222023,0.000313611,0.000612867
1333,3.708040984,0.002734324,2.929798147,0.003368018,0.000159783,0.00074368,0.001698717
1334,4.691153461,0.003265785,3.029319098,0.000768071,7.78378E-05,0.000267136,0.001076634
1335,3.807240824,0.001171739,0.936741311,0.009591829,0.000961241,0.000127526,0.002509771
1336,2.76214989,0.004192881,3.977154782,0.001438504,0.000472696,0.000855136,0.001273564
1337,4.411568707,0.006839743,0.661922753,0.000807172,0.000923967,0.00035943,0.002210572
1338,4.212893448,0.009279246,3.841912697,0.002318912,0.00056395,1.74001E-05,0.00167402
1339,3.59458155,0.006090601,1.963984252,0.009633797,0.000362387,0.000664311,0.001138301
1340,4.211115858,0.009968859,1.777316705,0.009056733,0.000535442,1.69052E-05,2.92517E-05
1341,4.120832839,0.009870598,2.809592914,0.003713974,0.000888023,0.000255956,0.000495983
1342,4.115412232,0.000478759,0.975327983,0.001906981,0.000637401,0.00079923,0.000261838
1343,3.117444456,0.005438254,0.519210833,0.006846964,0.000669939,0.000776458,0.002612326
1344,3.925642404,0.009980479,0.495622866,0.003730945,0.000327122,0.000189135,0.00157721
1345,4.050441512,0.004705513,2.29022751,0.004252859,0.000187953,5.74779E-06,0.001315025
1346,4.834200415,0.009014724,1.479417819,0.008920222,0.000130976,0.000958334,0.001009571
1347,3.923123533,0.002255143,0.065217037,0.00884145,0.000874579,0.000194717,0.002562188
1348,4.74364697,0.002441836,0.220889588,0.001700618,0.000687937,0.000164968,0.002560317
1349,4.403263671,0.003091552,3.563703878,0.00271864,0.00038686,0.000332892,0.000812085
1350,4.617727905,0.002990761,3.278680969,0.009448744,0.000324021,0.000227925,0.001773697
1351,2.50473991,0.00790919,1.999830676,0.002620689,0.000882641,0.000529676,0.002936311
1352,2.517497971,0.009844835,0.475258545,0.006750004,0.00092245,4.33474E-05,0.002155752
1353,2.565907618,0.001956716,0.134622485,0.001073056,0.000174407,0.000892726,0.001087216
1354,4.927569459,0.008929867,1.90856058,0.009454289,0.000796326,0.000114222,0.002859786
1355,4.612072297,0.006474693,1.252116114,0.003342433,0.000704551,0.000595362,0.001958893
1356,3.715694417,0.00928087,1.07879372,0.004157518,0.000328468,0.000692568,0.001378331
1357,4.579746756,0.008198242,2.382081814,0.003546876,0.000799094,0.000868646,0.002063361
1358,3.943530222,0.007798884,2.788290139,0.002022581,0.000230803,0.000156807,0.000467143
1359,4.595006294,0.00216555,1.416313318,0.009090226,0.000350192,0.000366464,0.000873212
1360,3.998310339,0.004755792,1.776669855,0.007515448,0.000881767,0.000952096,0.000506465
1361,4.594950034,0.003993257,2.579604124,0.006877646,0.000506152,0.000853291,0.001594184
1362,3.234184528,0.001066634,0.325705686,0.009691064,0.000889433,0.000467284,0.00182877
1363,4.59232839,0.001951103,1.671998007,0.00537439,0.000848269,0.000997427,0.00269264
1364,3.870326396,0.006320146,1.691278501,0.00219448,0.000154581,0.000595429,0.002304065
1365,3.308705866,0.002242474,0.506587792,0.007224283,6.3355E-05,0.00055632,0.001825962
1366,4.023674094,0.007863057,3.317224839,0.002488401,0.000829899,0.000707346,0.002598015
1367,4.254472677,0.008530621,0.784274394,0.002918406,0.000384177,0.000883673,0.001773793
1368,3.97885148,0.004152822,1.926271588,0.005522259,0.000995245,0.000241809,0.001799776
1369,2.997071868,0.004680315,3.026222615,0.000332771,0.000978089,0.000242687,0.0027319
1370,2.772727118,0.001035469,3.485705593,0.006391234,0.000174389,0.000280025,0.000678148
1371,3.403405752,0.002101584,0.207027679,0.003090539,0.000161118,0.000802444,0.000362667
1372,3.554948519,0.004534647,1.662378826,0.005854332,0.000653282,0.00092404,0.000414202
1373,3.805498228,0.001183233,1.009371919,0.005237648,0.000408805,0.00058784,0.001057684
1374,4.10986402,0.000205809,2.448619584,0.008887011,0.000867133,0.000182562,0.00219879
1375,2.857630444,0.008957259,3.678679655,0.009450468,0.000742542,0.00086535,0.000403568
1376,3.705735638,0.004901176,0.978055148,0.007214217,0.000556319,0.000992888,0.000536708
1377,4.217589455,0.000431544,1.20070545,0.001489323,0.000768659,0.00024962,0.002301831
1378,3.992057164,0.003895481,1.039649165,0.007969645,0.00062793,0.000829576,0.002093419
1379,4.976614236,0.00380428,1.662341866,0.005056505,0.000410284,0.000731837,0.001835346
1380,4.242897139,0.001803403,3.954630097,0.003523231,0.000515422,0.000108425,0.001657638
1381,3.989559495,0.009962249,2.873124913,0.001234241,0.000126948,0.000653863,0.002922589
1382,3.212228866,0.002300066,1.863445249,0.009294237,0.000880608,0.000701531,0.000311788
1383,3.097718112,0.006776576,1.633121509,0.003434413,0.000143843,0.000183924,0.002021805
1384,2.679183984,0.007017886,0.573462195,0.003770584,0.000326049,0.000256953,7.41122E-05
1385,3.554767298,0.008130217,2.230381307,0.007934772,0.000297156,0.00063902,0.000543421
1386,3.70679409,0.001313675,2.865314362,0.007412341,0.000911128,0.000694589,0.000555455
1387,2.973357468,0.000500382,0.862890211,0.005382986,8.28382E-05,0.00042194,0.00124271
1388,3.862447262,0.00434888,0.189878937,0.004166005,0.000690201,0.000713751,0.000818586
1389,2.929622039,0.007750888,2.791772505,0.006465953,0.000212288,0.000680145,0.000908714
1390,2.821634397,0.001315253,2.506789398,0.006234005,0.000773661,0.000104906,0.000391707
1391,4.039837608,0.002860209,3.623150832,0.002592997,9.73016E-05,0.000901937,0.001624303
1392,3.696668208,2.3109E-05,3.402106588,0.00364135,0.000149694,0.000231247,0.001913268
1393,4.400171833,0.008901323,2.941047103,0.008052071,0.000408861,5.49017E-05,0.002356909
1394,4.577315594,0.009608168,1.486397942,0.005163991,0.000668216,0.000202046,0.000977223
1395,4.182019881,0.005206364,3.926096008,0.003459239,5.42109E-05,0.000762681,0.00162875
1396,3.449640828,0.001163573,0.998615008,0.001023082,2.46014E-05,0.000155036,0.001889484
1397,4.312519407,0.0036516,2.323212465,0.000583932,7.19409E-05,0.000942007,0.001631605
1398,3.851415495,0.004777806,1.658033028,0.008615178,0.000569784,0.000824955,0.002371485
1399,3.416351077,0.006307533,3.271761656,0.004819167,0.00029524,0.000705618,0.00110604
1400,3.679731067,0.005619896,3.71184071,0.007266411,0.000586862,0.000642536,0.002736063
1401,4.41706972,0.008837464,2.986005237,0.006693553,0.000414814,0.000558394,0.001901387
1402,2.506508615,0.000745852,1.180018953,0.006482607,0.000775032,0.000354554,0.002635835
1403,4.019890209,0.003266425,1.397910956,0.000237109,0.000302077,0.000188074,0.002883937
1404,4.0789545,0.001287059,0.907926677,0.004985087,0.000735496,0.000132944,0.002812428
1405,4.244651017,0.008456383,1.095395952,0.00412651,0.00080625,0.000949699,0.000154789
1406,3.635246366,0.007598062,3.434768399,0.007814111,0.000161604,0.000215887,0.000355974
1407,4.189294215,0.001641529,2.042270918,0.0056321,0.000830414,0.000128699,0.002974048
1408,2.830563288,0.000576305,0.247953354,0.003926414,0.000911387,0.000803265,0.001334511
1409,2.963981617,0.007944454,3.667822383,0.005552442,0.000719261,0.000518798,0.001425035
1410,3.519379403,0.005956497,1.114481318,0.007874468,3.8816E-05,0.000909687,0.002863331
1411,2.564437745,0.001693067,1.401292679,0.002336779,0.000798971,0.000340088,0.000301029
1412,3.340888589,0.001571891,3.655291147,0.005420554,0.000648315,0.000965111,0.00279011
1413,4.635924352,0.003336645,3.993543736,0.000625692,0.000621241,0.000281215,0.002372331
1414,3.157250378,0.005997664,1.720567523,0.00305875,0.000921804,0.000904523,0.002144383
1415,4.895843322,0.000874469,2.483959802,0.001506006,0.000720483,0.000424249,0.000280767
1416,3.301903227,0.003916858,1.228960523,0.009737146,0.000325961,0.000340036,0.001313366
1417,3.841670508,0.003652973,0.527666187,0.001101597,0.00057889,0.000409303,0.002782297
1418,4.646312531,0.006545566,0.127725937,0.000312143,8.21299E-05,6.92207E-05,0.002481916
1419,4.341154604,0.00014874,1.603429129,0.000371415,0.000754851,0.000261841,0.002673466
1420,2.558233035,0.003585802,1.643618788,0.004689472,0.000359508,0.000772597,0.000565234
1421,3.001949749,0.002434217,1.221397813,0.00686252,0.000968357,0.000887113,0.000441043
1422,3.640861659,0.007707039,1.452663198,0.000880721,0.000431196,0.00041314,0.000212731
1423,3.224196051,0.000334142,1.214749334,0.008031001,0.000481321,0.00056338,1.24029E-05
1424,4.488312757,0.002159443,2.089454849,0.005455783,0.000636951,0.000191877,0.000470895
1425,3.31583791,0.003747252,2.239100514,0.009556059,0.000947476,0.000880679,0.001008105
1426,3.367944649,0.004587128,2.822889627,0.003544418,0.000868702,0.000645015,0.001009632
1427,4.440287234,0.005722323,1.013417361,0.003799767,0.000245033,0.000775879,0.001373153
1428,3.713420464,0.005623984,2.630822205,0.007660359,0.000105239,0.000282591,0.000647492
1429,4.694430695,0.003398186,0.541088078,0.005538669,0.000956161,0.000498524,0.00248327
1430,2.53981867,0.006440592,1.910733721,0.00368931,0.000124472,0.000698001,0.001393851
1431,2.845066431,0.00972638,2.221520704,0.005095574,0.00064921,0.000801315,0.001788508
1432,4.661691958,0.008567044,1.231105985,0.00851933,0.000875254,0.000273913,0.002557617
1433,4.991578603,0.002155245,0.077300208,0.000837353,0.000832998,2.39652E-05,0.000617655
1434,3.137354218,0.001338615,0.090737572,0.001217027,0.000349989,0.00096213,0.000838663
1435,4.351340034,0.004937246,2.16400889,0.008518419,0.000971144,0.000911548,0.000574257
1436,2.618878976,0.00255177,1.5111064,0.009958688,0.000543725,0.000823121,0.002223764
1437,2.921465092,0.002243951,1.859623264,0.008110571,0.000963203,0.000959812,0.0015352
1438,4.883363032,0.008081535,3.857360749,0.00269301,0.000174678,0.00016109,0.001604685
1439,2.782195239,3.81028E-05,2.914563308,0.007678334,2.71546E-05,0.000286057,0.001433716
1440,3.313439984,0.000305316,2.916363178,1.13764E-05,0.000552944,0.000607944,0.002908043
1441,2.868150189,0.007932446,1.889875352,0.003405862,0.000637103,0.000243025,0.000870872
1442,3.264332572,0.005065698,3.529978348,0.009086405,0.000618201,0.000433556,0.000607813
1443,3.449966255,0.004482341,2.486026195,0.005071923,0.000834326,0.000605677,0.002876825
1444,4.296980055,0.006567264,1.030409388,0.00250944,0.000648615,0.000564676,0.001710427
1445,4.040194274,0.007002984,2.664265752,0.00701836,9.71309E-05,0.000696221,0.000884088
1446,4.206269474,0.001073459,1.056366532,0.000510941,1.45989E-06,0.000750785,0.00233971
1447,4.782988237,0.002177451,0.876845464,0.003071705,0.00061095,0.000595958,0.001384064
1448,3.943319129,0.002387147,3.151149675,0.00019173,0.000750073,0.000735131,0.000466919
1449,3.932663491,0.007005606,3.606135611,0.007204738,0.000159953,0.000739479,0.002840901
1450,4.627742423,0.001126111,1.779174696,0.00507234,0.000154644,0.000986267,0.001590082
1451,3.538274994,0.006182066,3.691708207,0.006271194,0.0008138,0.000439928,0.001531113
1452,4.560986325,0.006334663,0.133743386,0.00425551,0.000411407,0.000766924,0.002856062
1453,3.786365154,0.00262023,3.414877863,0.005276856,0.000474426,0.000325686,0.001768255
1454,3.062421151,0.007617461,0.186272964,0.003532695,0.000253739,0.000573217,0.000534949
1455,2.688194999,0.000887824,1.86077712,0.005403512,0.000399649,9.4065E-05,0.000821827
1456,3.413167255,0.009307168,2.770030017,0.00511597,0.000570331,0.000237138,0.002822011
1457,4.423672419,0.003849212,3.498801003,0.001712813,0.000178828,0.000288668,0.00084668
1458,4.231397547,0.002771731,3.951490423,0.001827703,0.000129375,0.000850208,0.000568403
1459,3.613557259,0.005854782,2.949966501,0.005954259,0.00083,0.000654201,0.000323024
1460,4.210784843,0.004187889,1.551583349,0.0060843,0.000255976,0.000636947,0.000173163
1461,2.926984998,0.004383773,3.060439983,0.008310376,0.000865438,0.000389784,0.002779533
1462,4.532299089,0.005647314,2.411012381,0.004333488,2.82026E-05,0.000578801,0.000915027
1463,4.262402193,0.000521227,2.30557617,0.000184205,0.000722606,0.000798416,0.001974213
1464,4.549333213,0.006359116,0.027326857,0.005088203,0.000959673,0.000258951,0.000699724
1465,3.339932036,0.002387739,3.08665765,0.007565299,0.000446457,0.000571007,0.00033319
1466,4.308865846,0.008345557,1.161743809,0.008524768,1.3921E-05,0.000486628,0.001779734
1467,2.544017192,0.002736712,3.257369182,0.0032403,7.85722E-05,0.000908667,0.002299793
1468,4.080558031,9.15002E-05,0.242478633,0.005065536,0.000195839,0.000665212,0.002958309
1469,4.596217951,0.003074223,0.634933094,0.0091455,0.000246787,0.000981106,0.000371035
1470,4.541590151,0.001701133,2.596725926,0.00239554,0.000431701,0.000502085,0.002003925
1471,4.975746403,0.001626606,2.773824604,0.002032194,0.000446926,0.000639288,0.002487932
1472,4.489121129,0.007543727,3.29351323,0.005757987,5.18037E-05,0.000853358,0.000473239
1473,4.216376377,0.006253801,2.272288274,0.00443524,0.000973572,0.000352094,0.000867701
1474,4.668099066,0.006862602,0.162040748,0.009078846,0.000191752,0.000404533,0.002737281
1475,4.109129403,0.005056945,2.85996176,0.008854779,0.000253765,0.000388244,0.000239547
1476,3.740694768,0.006545368,2.622821388,0.008159492,0.00016021,0.000990175,0.001060172
1477,3.399324841,0.00340455,1.906365653,0.004990314,0.000801174,0.000895801,0.002829392
1478,4.215244766,0.000545684,2.301237677,0.008435828,0.000310763,0.000360412,0.001682848
1479,3.151393499,0.001056045,1.867105938,0.001434403,0.000561911,0.000287601,0.001038881
1480,4.200580247,0.004892137,3.975670174,0.002631734,0.000602742,0.000869529,0.000580517
1481,3.095388364,0.000984386,2.920563479,0.009094216,0.000269713,0.000425607,0.00199124
1482,3.046777553,0.006700417,0.352261614,0.007125976,0.000964334,0.000173404,0.002868982
1483,3.904097448,0.007497553,3.414626042,0.005046255,0.000624568,0.00099893,0.002716305
1484,4.356965577,0.002139079,2.77391142,0.008548818,0.000713034,0.000460753,0.001894194
1485,3.898337149,0.003232634,1.321550738,0.004618071,0.000734387,0.000971702,0.000957824
1486,4.899719264,0.006984858,3.700606001,0.00587525,0.000274328,0.000293066,0.000420812
1487,2.663473092,0.003703466,0.460205621,0.006252333,0.000117536,0.000870988,0.001104737
1488,2.598946496,0.000807838,1.905110184,0.006151128,0.000275395,0.000878462,0.001961205
1489,2.604736029,0.007361976,3.163332855,0.007893513,3.71465E-05,0.000831341,0.000208328
1490,2.691015324,0.008205056,0.338026461,0.008437095,0.000337374,8.34722E-05,0.001100118
1491,4.582248133,0.004141769,1.296161,0.005607943,0.000592734,0.00090053,0.002315067
1492,4.049314114,0.00504669,3.576830406,0.005213838,0.000468513,0.000283641,0.002515737
1493,3.649199442,0.005523694,1.313588935,0.008116966,0.000682608,0.00017996,0.000652263
1494,3.020399591,0.007840933,3.314472002,0.005165505,0.000715534,0.000164751,0.000536214
1495,2.569535975,0.003388936,3.012774767,0.007858006,0.000999963,5.31261E-05,0.002653265
1496,3.328615204,0.008554748,3.34162284,0.001110222,0.000483151,0.000235726,0.002908498
1497,2.921386509,0.005858459,2.939786688,0.007386852,0.0008908,0.000763245,0.001364697
1498,4.224208236,0.007210135,2.195538077,0.006068671,0.000334192,0.000527076,0.000341017
1499,3.967795526,0.003878246,1.62388447,0.002439143,0.000419054,0.000118497,0.000556997
1500,4.362747041,0.000638755,0.479793034,0.007878772,6.51565E-05,0.000232037,0.001904165
1501,4.420001584,0.004202049,3.093811617,0.00668249,0.000942469,0.000706658,0.002896684
1502,4.613306493,0.009344286,0.634653744,0.007668162,0.000753696,0.000307692,0.001241425
1503,2.671426057,0.009883825,3.234709741,0.006084962,0.000642305,0.000266505,0.000202161
1504,3.356204129,0.001600761,0.069340073,0.002894392,0.000617041,0.000931273,0.001044145
1505,4.999263687,0.008175333,0.592839302,0.007612771,0.000283552,0.000714733,0.00096701
1506,3.180764286,0.000675917,0.842021976,0.001467798,0.000170098,0.000456574,0.001197093
1507,4.381785663,0.006996067,1.497899278,0.008182325,0.000341787,0.000256555,0.001651494
1508,4.810964424,0.003901534,1.696185465,0.003985583,0.00033854,0.000950864,0.001371437
1509,3.824137276,0.003889091,1.890233009,0.003454057,0.00017014,0.0003694,0.002658903
1510,3.420647211,0.005918767,0.892048846,0.000390207,0.000617646,0.000650976,0.000322462
1511,4.720311029,0.000988447,1.227638458,0.001721753,0.000400603,0.000207484,0.000627097
1512,3.557925267,0.002975938,0.585948029,0.001254029,0.00027123,0.000469084,7.15716E-05
1513,4.361412597,0.005097887,2.077843928,0.004773457,6.89974E-05,0.000481604,0.001988852
1514,2.771154267,0.009929562,1.152638586,0.001293358,0.000652713,0.000934076,0.000691254
1515,4.639900295,0.001614837,1.955711568,0.009602946,0.0008914,0.000589145,0.001005277
1516,4.452555062,0.005826225,0.602589127,0.003111804,5.20657E-05,0.000543084,0.001063662
1517,3.276757784,0.001707219,1.987691809,0.003992203,0.000748996,0.000131575,0.000281235
1518,2.785689413,0.009629148,3.838190571,0.006782378,0.000283584,0.000608558,0.002835477
1519,2.929502276,0.004116628,0.752790234,0.005903104,0.000449545,0.000928526,0.002692624
1520,2.749458152,0.002762702,2.4020515,0.008183267,0.000140119,0.000932345,0.000248186
1521,4.960174449,0.001468499,3.617712008,0.003565884,0.00033142,0.000972289,0.002130282
1522,4.276728013,0.004067523,2.672124147,0.000495383,0.000124431,0.00065011,0.001495175
1523,4.227769885,0.000685104,1.651724301,0.001313152,0.000120718,0.000808404,0.000883702
1524,3.417728067,0.007674927,0.504068513,0.002260557,0.000955315,0.000710215,0.00081107
1525,4.38229919,0.003094431,0.427232184,0.008289719,0.000974581,0.000991848,0.000125008
1526,4.485326662,0.000844717,1.33511014,0.00143737,1.02389E-05,0.000760416,0.002712006
1527,2.916232635,0.008775649,1.463015663,0.000182908,0.000286367,0.000732451,0.000757506
1528,3.748892624,0.006920431,2.663631777,0.00650874,0.000683499,0.000384966,0.000732757
1529,4.661325098,0.002836719,0.617685047,0.006619489,0.000566469,0.000591701,0.002556317
1530,4.734137283,0.007388816,1.224225266,0.001706171,0.000844443,0.000683125,0.001956572
1531,4.416750612,0.007851423,0.373038914,0.009479492,0.000286773,0.000497106,0.001590863
1532,2.635858514,0.008760524,0.853824351,0.005598774,0.000283257,0.00078054,4.62104E-05
1533,2.944291981,0.008772995,0.211000562,0.008302358,0.000783628,0.00063161,0.000578335
1534,4.73802189,0.00830658,2.467732148,0.00972705,0.00013599,0.000982279,0.00294288
1535,2.822545586,0.00142491,1.238240015,0.001488185,4.17919E-05,0.000407808,0.00096193
1536,4.757104261,0.002560535,0.763839983,0.002173784,0.000461403,0.000641758,0.000624949
1537,3.682777217,0.00290293,1.452976388,0.001995564,0.000182155,0.000657578,0.001043605
1538,4.662962302,0.006289788,2.734336058,0.008377044,0.000590675,0.000135927,0.002350367
1539,2.541685667,0.008162735,3.501390639,0.005830075,0.000922685,0.000957415,0.002432957
1540,4.804866337,0.008373224,0.996545909,0.002866035,0.000203279,0.000801197,0.00033494
1541,3.771173939,0.009939913,0.905954113,0.006367906,0.000125179,0.000277873,0.002767159
1542,3.397381614,0.00159054,2.303920535,0.008152141,0.000339494,0.000934219,0.000999808
1543,4.342023372,0.001680961,0.302196182,0.007260035,0.000331813,0.00054826,0.001389606
1544,4.967301424,0.0002365,3.060674134,0.003141596,0.000438231,0.000579023,0.001761515
1545,4.649448677,0.009204233,3.531449858,0.006257149,0.000322534,0.000570923,0.001296054
1546,4.809250986,0.003109446,0.32547932,0.001986532,0.000153327,0.000304861,0.002125756
1547,3.516394462,0.009317229,0.712269676,0.004454121,0.000909679,0.000903144,0.002558525
1548,4.966791459,0.005390678,3.378231398,0.008810228,0.000207874,0.000618206,0.000897182
1549,3.570812824,0.003271847,3.823769361,0.007468931,0.000575919,0.000383683,0.002410372
1550,3.033938942,0.007108643,2.454232946,0.003238806,0.000172654,0.000973294,0.001595351
1551,3.223460931,0.002823662,2.609026712,0.008732556,0.00066607,0.000354666,0.000608219
1552,2.699665739,0.008265173,1.006063724,0.009665321,0.000719276,0.000565602,0.000724886
1553,3.110999669,0.00033939,0.647609502,0.007735831,1.19968E-06,0.000650432,0.001445719
1554,4.891553612,0.005350336,2.081232138,0.00124367,0.00080276,0.000323266,0.001963123
1555,2.557527568,0.007842018,1.959908711,0.001016884,0.000883086,0.000969432,0.000845143
1556,4.09410367,0.00824812,2.190995731,0.003968653,0.000576202,0.0009671,0.000349786
1557,3.378418992,0.004948252,2.784493311,0.001873079,0.000780878,0.000293866,0.000686264
1558,4.014816106,0.005616491,1.951687074,0.007965623,0.000969101,0.000750273,0.002697358
1559,3.592099396,0.004214593,2.676890554,0.00174449,0.000342234,0.000245286,0.001703758
1560,4.479842885,0.005866597,0.812453134,0.002533896,0.000382729,2.66619E-05,0.002461835
1561,4.594605986,0.004774538,0.833907237,0.005237738,0.00046531,0.000614387,0.00299717
1562,4.476388465,0.008585304,1.993304314,0.006843907,0.000230981,0.000771066,0.000652911
1563,4.935193548,0.004528807,0.703301612,0.004773401,0.000891174,0.000774998,0.001178027
1564,3.340119091,0.00901915,0.136070988,0.002335516,0.000729442,0.000832109,0.000591509
1565,2.973519423,0.00299219,1.138061791,0.009649325,0.000817426,0.000767196,0.002216497
1566,4.225154553,0.008086807,2.120000762,0.003267654,0.000219673,0.000795943,0.000666951
1567,4.572215246,0.004732831,1.204324804,0.007049897,0.000419188,8.56314E-05,0.0004117
1568,3.893457567,0.000955559,2.439211569,0.007070449,0.000656458,5.29655E-05,0.000196011
1569,4.809161434,0.006521373,1.39678958,0.005487706,1.41261E-05,8.03447E-05,0.001250316
1570,3.412541879,0.009177981,2.302538304,0.005343884,0.00015222,5.76747E-05,0.000936119
1571,2.724322119,0.0036503,3.026125202,0.004356669,0.000396625,0.000752461,0.000892521
1572,4.203765464,0.003627432,0.643260549,0.009771309,0.000880192,0.000805281,0.000851903
1573,3.155333196,0.003192571,2.406022922,0.00106392,0.000611985,7.84277E-05,1.42807E-05
1574,2.942735304,0.003954172,2.175424459,0.008882298,0.000104794,5.97826E-05,0.002406855
1575,3.35245626,0.00859969,3.393622573,0.008167108,0.000984418,0.000601825,0.002084434
1576,3.325885276,0.002403057,2.789854078,0.008105249,0.000541519,0.000765202,0.001617805
1577,4.350196986,0.007439497,3.627243752,0.002691874,0.000248819,0.000684425,0.001890521
1578,4.816426929,0.002983786,1.253113261,0.004668925,0.000237144,0.000633015,0.002923463
1579,4.582227228,0.003485452,2.945417486,0.000659872,0.000367861,0.000557802,0.000245834
1580,4.75737527,0.008063632,0.148445984,0.009782264,0.000289601,0.000237351,0.001851467
1581,3.014601519,0.008558814,3.000607403,0.007130083,0.000578809,0.000919541,0.00294897
1582,2.752711303,0.006446477,1.50403058,0.00958235,0.000423875,0.000457726,0.000363888
1583,3.932093573,0.003416668,3.756472444,0.008010733,0.000560129,0.00034278,0.001109146
1584,2.828206919,0.008927529,2.588706733,0.001964314,0.000632395,0.000153635,0.002756462
1585,3.23450898,0.008641435,3.677868545,0.003229516,0.000602219,0.000342575,0.002360037
1586,3.914986895,0.009940766,0.176741606,0.0049368,7.9496E-05,0.000800033,0.001394944
1587,4.231639951,0.007229668,2.279682355,0.004343225,0.000339883,0.000266609,0.002435415
1588,3.800250751,0.005826849,3.913764123,0.005168783,0.000360703,0.000386639,0.001417983
1589,4.170364512,0.002555615,0.368795269,0.002321498,0.000190766,0.000664212,0.002920016
1590,4.584196907,0.002601906,0.706250696,0.00266821,0.000501297,0.000800896,0.001007315
1591,3.727272707,0.008570718,3.914757576,0.000606517,0.000424455,0.000998911,0.001706643
1592,3.679667603,0.008775253,1.616299293,0.006905301,0.000742336,0.0001916,0.000709695
1593,2.637112105,0.001122531,0.871156072,0.000765947,0.000470454,0.000126249,0.002941755
1594,4.380348756,0.002483337,1.076242583,0.00928977,0.000288247,0.000826138,0.001978331
1595,4.805676379,0.002461907,1.568328338,0.005767711,0.000226749,0.00083204,0.001993058
1596,4.660987328,0.000232016,2.459523589,0.007306476,0.000647861,0.000308081,0.000747621
1597,3.56682008,0.005883837,2.060169626,0.000237828,0.000176266,0.000831965,0.002491569
1598,4.450340069,0.008100505,2.520151872,0.003299425,0.000776115,8.32194E-05,0.002166527
1599,2.718071037,0.008420027,0.932030731,0.002887575,0.000337289,0.000141278,0.002814928
1600,3.834975403,0.007850591,3.838070329,0.008071621,0.000869964,0.000440028,0.001363627
1601,3.006692675,0.002341755,2.546348819,0.001294101,7.65865E-05,0.000839916,0.002317669
1602,4.528497904,0.002661365,3.056889665,0.000281917,0.000717887,0.000805829,0.001376449
1603,3.504244988,0.008886631,0.817324964,0.000395155,0.0003484,0.000911023,0.000825552
1604,3.25597563,0.003060973,0.594041942,0.00822136,0.000215619,0.00078382,0.000587931
1605,2.97002047,0.006111516,0.145402154,0.003290155,0.000322211,0.000706741,0.000822705
1606,4.468212585,0.00208799,0.041101018,0.002816247,0.000546853,0.000918157,0.002708652
1607,2.771555053,0.004794812,0.425404433,0.000985399,0.000810328,0.000375706,0.00035527
1608,3.61299931,0.002910124,0.120112376,0.00308122,0.000917505,0.000403507,0.002887974
1609,4.136452372,0.006587914,2.094614927,0.001405004,0.000930125,0.00025439,0.001018888
1610,3.956783447,0.009338938,3.250790969,0.008148135,0.000987573,0.000632868,0.001518173
1611,2.687955811,0.009478867,2.09651684,0.007074509,4.20962E-05,0.000102453,0.002450738
1612,4.871334897,0.003313234,1.480154949,0.007815125,0.000316485,0.000472612,0.002242301
1613,4.591840454,0.008143534,0.112172008,0.002240819,0.00052194,3.62876E-05,0.001672787
1614,4.494089951,0.006000268,0.584456674,0.001886189,0.000904482,0.00020346,0.000428299
1615,4.120308441,0.000424237,0.026506681,0.001802185,0.000447902,0.000738076,0.001333911
1616,4.581263927,0.004739902,2.70236279,0.005906651,0.000522389,0.000865499,0.001257302
1617,4.807317513,0.006995492,1.674285798,0.005590879,0.000464643,0.000488106,0.001088693
1618,4.003437192,0.002735359,0.298568693,0.009761986,0.000820486,9.28835E-05,0.000515823
1619,4.726390902,0.006366448,0.391592723,0.004092612,0.000450733,0.000773033,0.002343773
1620,3.265517706,0.002730403,0.95094391,0.00165588,0.000274845,0.000427749,0.002623391
1621,4.830588814,0.00461474,1.514423794,0.004018315,0.000676434,0.000308635,0.000397717
1622,3.754493683,0.004167486,2.286985155,0.00255499,0.000837907,0.000907914,0.000228227
1623,4.783725132,0.003068131,0.227991564,0.009498062,0.000387267,0.000865687,0.001545919
1624,4.547303455,0.003612549,0.703534511,0.000821362,0.00083706,0.000575256,0.001026679
1625,4.672471355,0.009885065,2.240172611,0.002000244,0.000511959,0.000383112,0.000712535
1626,3.218333657,0.000519071,1.949466925,0.004408194,0.000862119,0.000185682,0.000588229
1627,2.842597175,0.009684962,3.341218432,0.009118889,5.66692E-05,0.000971752,0.001838343
1628,3.76626987,0.001039304,1.714423092,0.002358147,0.000681174,0.000526707,0.001986059
1629,3.568540319,0.004689484,0.448247086,0.008600365,0.000182119,0.000465814,0.002753897
1630,4.095440565,0.003442765,2.644803396,0.004666273,0.000352282,0.000708606,0.00063388
1631,4.071396962,0.005555221,2.673867799,0.003496534,0.000174448,6.16551E-05,0.002617883
1632,4.204088787,0.004735216,3.820332441,0.00679202,0.000825321,0.000443988,0.002424501
1633,3.547528936,0.001035682,3.781436231,0.002650096,0.000777884,0.000228438,0.001865894
1634,4.181109315,0.007509081,0.203437644,0.005031486,0.000195361,0.000782359,0.00261972
1635,4.480563201,0.006870641,1.770489085,0.009020581,0.0008103,0.000702106,0.00055033
1636,4.932434686,0.007126495,0.431993119,0.005139828,0.000829641,0.000666637,0.00101461
1637,3.839371133,0.007248838,0.416882191,0.004343948,0.000744098,0.000490413,0.002017647
1638,2.786039339,0.007634525,1.828042373,0.003657169,0.000650419,0.000168648,2.18968E-06
1639,4.253605812,0.008884233,3.978093127,0.006104539,0.000772443,0.00099084,0.000281333
1640,4.733630122,0.004331309,2.369099458,0.004966313,0.000324659,0.00023458,0.001203507
1641,4.390304951,0.001125005,1.149293389,0.007046196,0.000932569,0.000101517,0.000450139
1642,4.744444055,0.000391475,3.151305137,0.005858362,0.000820464,0.000429049,0.002282014
1643,2.802166361,0.006968974,3.134255456,0.004512433,0.000909297,0.000480518,1.63996E-05
1644,3.395414611,0.009449237,1.774368865,0.003916422,0.000503389,0.000197023,0.002301456
1645,3.61921617,0.006956645,3.099545925,0.000133077,0.000292261,0.000283516,0.002881617
1646,3.446152933,0.006428001,3.709323236,0.008966374,0.00066149,0.00011811,0.002595368
1647,2.993361257,0.006674942,2.02262413,0.008333887,0.000386202,0.000806432,0.001384245
1648,3.565587015,0.00400927,1.460984543,0.008204559,0.000992054,0.000388464,0.002947799
1649,3.959181183,0.001327695,2.579073669,0.000642446,0.000706237,0.000992856,0.002428125
1650,3.520095254,0.004806939,0.391112704,0.005139161,0.00019681,0.000490724,0.000361533
1651,4.725875186,0.002654363,0.068684773,0.000342499,0.000677924,0.000329391,0.002484919
1652,3.345499036,0.007808011,0.344781304,0.000744881,0.000667341,0.00084525,0.001266495
1653,3.860089265,0.006780198,1.54907765,0.006676277,0.000874892,0.000913203,0.001802302
1654,4.623846108,0.009313925,0.792056252,0.009455733,0.000263303,0.000494421,0.001415238
1655,2.999307553,0.000661522,3.06610898,0.006467464,0.000747655,0.000652196,0.000511421
1656,4.403324595,0.006117508,1.523083466,0.009296726,0.000881656,0.000661353,0.001559368
1657,3.922944476,0.004866976,1.453707179,0.006103735,5.55272E-05,0.000247044,0.002190657
1658,4.857015347,0.007409412,1.511634844,0.001115704,0.000480953,0.000372876,0.002207817
1659,3.1187995,0.008155855,1.804749693,0.003893375,0.000681416,0.000579557,0.002404522
1660,4.156610338,0.005005183,2.214758351,0.006400783,0.000487066,0.000447259,0.00185856
1661,3.02206232,0.009259535,3.149112702,0.004282919,0.000874235,0.000231557,0.001191616
1662,2.801537361,0.007896195,3.925965835,0.006179337,0.000581913,0.000859443,0.000994208
1663,3.017347829,0.004170327,2.341648358,0.002913204,2.75367E-05,0.000387984,0.002965986
1664,3.067594317,0.002503202,2.084581495,0.004341233,0.00031899,0.00036373,0.001920235
1665,4.255000473,0.006788304,1.823568717,0.002584959,0.000150685,0.00052616,0.000681548
1666,4.743197089,0.000954023,1.09499696,0.00158669,0.00097271,0.000125079,0.001155526
1667,4.211201703,0.006965379,0.440312418,0.006808875,0.000207757,0.000894622,0.001286908
1668,4.349205176,0.002516949,0.740379308,0.001583886,0.000383871,0.000478827,0.000349188
1669,4.861103296,0.008168354,3.99245113,0.004319403,0.000356726,0.000959547,0.002349737
1670,3.688835614,0.003846945,3.626642967,0.002739977,0.000108156,0.000427615,0.00276454
1671,3.704956951,0.003847331,2.710066434,0.00216259,0.000311176,0.000986644,0.002317387
1672,4.132426147,0.002746911,2.573747044,0.005501398,0.000981618,0.000208656,0.00290286
1673,3.258177415,0.003571203,3.525656285,0.007039895,0.000249936,0.000519274,0.00076896
1674,2.66288074,0.006153022,0.307639988,0.006903109,0.000685234,0.000757275,8.82113E-05
1675,4.522680821,0.000710842,1.233608238,0.005907626,0.000228097,0.000698182,0.00047898
1676,2.59377571,0.001399617,0.448022886,0.007692567,0.00071047,0.000365862,0.000885388
1677,4.31904297,0.008186424,1.197250141,0.00231774,0.000738169,0.000376833,0.000621697
1678,4.601370347,0.006009182,0.205685454,0.004432735,0.000477967,0.000731502,0.001819578
1679,3.672616016,0.001604809,0.388844528,0.001269389,0.000198804,0.000904522,0.001799742
1680,4.347689745,0.001316425,3.63953722,0.004670846,0.000870569,0.00093072,0.0015308
1681,3.995585463,0.008972305,3.248842824,0.003485858,0.000136228,0.000299359,0.002258086
1682,4.815495412,0.001292766,1.816763353,0.008907825,0.000529877,0.000319473,0.001888303
1683,3.304020438,0.001671013,2.286784184,0.007853159,0.000192049,0.000719126,0.001843775
1684,4.473465475,2.24467E-05,3.331478296,0.005404801,0.000368349,0.000364953,0.001129103
1685,2.642082213,0.008491734,1.758286309,0.009011632,0.0006208,0.000992062,0.000534001
1686,4.333798492,0.000342052,3.712743636,0.00618653,0.000367183,0.000425313,0.000965417
1687,2.8441659,0.007755164,0.0532179,0.004395444,0.00015869,0.000875108,0.00289877
1688,2.957716621,0.002881149,0.325238962,0.007808124,0.000179235,0.000546308,0.001444403
1689,4.399016869,0.002347258,0.377659991,0.008015693,0.000191849,1.81885E-05,6.05512E-05
1690,2.705599539,0.009330221,0.396794377,0.007128402,0.000947289,0.000740313,0.000728954
1691,3.163587233,0.003615404,3.203039077,0.004163295,0.000907311,0.000627629,0.00153185
1692,2.558931056,0.008554189,1.431416196,0.005718175,0.000335004,0.00022385,0.001742206
1693,4.848305792,0.007573686,2.435668521,0.009433132,0.000399219,0.000235959,0.000255921
1694,4.5023774,0.007138945,3.119518093,0.00369179,0.000328442,0.00085705,8.36942E-05
1695,2.787849037,0.002416845,2.152585983,0.001779558,0.0007202,0.000807101,0.000731042
1696,3.729656072,0.009202209,2.510362617,0.005084333,0.000768427,0.000141268,0.001806378
1697,4.452651881,0.007418977,0.405689358,0.008936307,0.00046699,0.000426909,0.002945343
1698,2.552926005,0.004373477,2.021440406,0.006941887,0.000850254,0.000441047,0.002310503
1699,3.013755644,0.008434711,0.046132091,0.007619912,0.000204035,8.79184E-05,0.000172664
1700,3.411929122,0.00441959,1.563524271,0.006206998,0.000358068,0.00054972,0.001732121
1701,4.642437045,0.000397282,1.632802733,0.004996248,0.000361569,0.000613093,0.001497392
1702,4.983703634,0.005356158,2.983795959,0.009829559,0.000303048,0.000620484,0.002587556
1703,2.529016673,0.005757773,2.701644329,0.007518948,0.000659583,0.000133889,0.001972543
1704,3.479598088,0.002202243,1.337999316,0.0054186,0.000557499,5.77675E-05,0.001489269
1705,4.744380554,0.002403638,3.227124702,0.005395191,0.00069021,0.000223047,0.00190701
1706,3.81187285,0.000868634,2.460466534,0.009233129,0.00045373,0.000267361,0.001429747
1707,4.111701126,0.001161463,1.338901182,0.00231911,0.000387245,0.000736752,0.002964782
1708,3.677403895,0.0042992,3.745650597,0.003453636,0.00094581,0.00053115,0.000421816
1709,4.50294597,0.001996734,0.724396298,0.007270541,0.000282677,0.000303569,0.001598897
1710,4.23948721,0.007852789,0.765316767,0.00375746,2.36645E-05,0.000233309,0.000450023
1711,3.338315296,0.006351933,2.448968417,0.00698242,0.000989881,0.000385173,0.001917988
1712,4.230783899,0.000969064,0.744354811,0.002862025,0.000290068,0.000975297,0.002973554
1713,3.179388606,0.006226176,3.432829343,0.000473442,0.000280046,0.000963281,0.002924203
1714,3.267043198,0.007438566,1.82964387,0.000872974,0.000916742,0.000750793,0.000762157
1715,4.49304737,2.91341E-05,2.884146322,0.006498862,0.000696296,0.000206502,0.001933027
1716,4.1620033,0.008293572,1.380335239,0.003695003,0.000907057,0.000918711,0.000209542
1717,3.837801749,0.005342907,2.314674516,0.0004858,0.000797763,0.000776075,0.002115631
1718,3.737012642,0.002634996,2.911339271,0.005541778,0.000360316,0.000863897,0.000355457
1719,4.257294658,0.007017722,3.651727965,0.008198889,0.000492652,0.000624323,0.002435603
1720,4.96664793,0.008432331,2.731206996,0.006376731,0.00074565,0.000388686,0.000946368
1721,4.396482,0.007095893,1.864723731,0.004451596,0.000956619,0.000116712,0.001808617
1722,2.839617166,0.008505282,3.432849492,0.00587976,0.000794403,0.000884754,0.002562124
1723,4.310081136,0.007360352,0.332256012,0.008270594,0.000477883,0.00063144,0.000294554
1724,4.597091049,0.007891513,1.19163445,0.003747738,0.000447602,0.00090652,0.001134328
1725,4.951843509,0.002756448,3.101305981,0.009720034,0.00058454,0.000475489,0.001855055
1726,2.647581153,0.005811293,0.285567867,0.005430767,9.36449E-05,0.000486284,0.001382928
1727,3.795918864,0.006705218,3.052804521,0.002008174,0.000871633,0.000112329,0.000335353
1728,3.913984263,0.008752172,2.751920476,0.004637886,0.000929983,0.000208632,0.000840099
1729,3.338812846,0.002735998,0.477615001,0.009929683,0.000798778,0.000936128,0.000452303
1730,3.081968714,0.006748605,1.208624596,0.004035962,0.00084089,0.000662447,0.0019851
1731,4.640620414,0.000744688,0.243554349,0.000391479,0.000696412,0.000599009,0.002458036
1732,3.111179071,0.008214835,1.353153336,0.004470391,0.000150777,0.000144659,0.00143323
1733,2.596525575,0.001725621,0.224380501,0.005132249,0.000700989,0.000692787,0.002842749
1734,4.635865823,0.001167653,2.287178021,0.003731036,0.000143107,0.000182535,0.002830179
1735,3.252342358,0.001628111,0.357778452,0.003504417,0.000892213,0.000151036,0.001306919
1736,4.389263038,0.00489234,2.639124449,0.001330045,0.000975782,0.000396033,0.000406772
1737,4.679913866,0.000478043,3.710163364,0.003474471,0.000708635,0.000980544,0.000978614
1738,3.029227366,0.00389731,3.309856464,0.006820818,0.000751685,0.000613531,0.001089901
1739,3.759049379,0.009522718,3.744727392,0.004999109,0.000217711,0.000256426,0.001379013
1740,2.520370533,0.005283749,3.632409497,0.008669943,5.43917E-05,0.000323357,0.002555634
1741,2.551486998,0.007805829,0.696099987,0.009638856,0.000803073,0.000500831,0.002387219
1742,3.988433658,0.004171187,2.755973806,0.009357537,0.000321367,0.000229612,0.000556665
1743,3.169412901,0.009781027,0.955928411,0.000725932,0.00012729,0.000899669,0.002965783
1744,2.919390839,0.00342574,1.823777078,0.005483912,0.000293903,0.000409369,0.001758045
1745,4.113688213,0.009906149,1.820311439,0.008859507,0.000664723,0.000673062,0.001383331
1746,4.673197033,0.004643322,2.370445254,0.000197571,0.000828878,0.000345596,0.000169197
1747,4.493305751,0.000301227,3.377869874,0.002583171,0.000967404,0.000981969,0.001943407
1748,4.044449138,0.004319661,2.316076106,0.003642381,0.000190553,0.000451685,0.001874087
1749,3.584364816,0.007843947,0.511268814,0.006240306,0.000137096,0.000445756,0.002757947
1750,4.440840611,0.008574377,1.773472555,0.006116839,0.000152993,0.000397823,0.001482301
1751,3.950654153,0.003262979,2.322571431,0.001097961,0.000294365,0.00044494,0.001568097
1752,2.546930651,0.005475175,2.448090632,0.004354333,0.000760344,0.000134083,0.001912434
1753,4.905964669,0.006874864,2.936617791,0.007847513,0.00010506,0.000627474,0.000885942
1754,4.751416979,0.000321823,0.318726977,0.007569154,5.93066E-05,0.000170442,0.001865068
1755,3.405482189,0.002122014,0.853797747,0.00010612,0.000527449,0.000136231,0.000638304
1756,2.935698025,0.00856086,0.177488642,0.006027367,0.000816729,0.0005002,0.001667677
1757,2.717059523,0.00035903,1.247704074,0.006455282,0.000493742,0.000141007,0.000606122
1758,3.355915292,0.001953183,3.818808858,0.003932006,1.24153E-05,0.000757357,0.001470005
1759,2.732184965,0.004658341,2.159113045,0.002458435,0.000330359,0.000258188,0.000488927
1760,3.806138473,0.005609975,1.418645459,0.001702869,0.000449765,0.000934719,0.000264865
1761,4.367510442,0.007686442,3.062439574,0.003945085,0.000372153,0.000474929,0.000767108
1762,4.429285689,0.000328826,3.603824606,0.002467977,0.000304742,0.000986578,0.002107849
1763,3.727780734,0.007600313,0.716583388,0.007159094,0.000869477,0.000946734,0.002040422
1764,3.639898735,4.77551E-05,3.364554403,0.001925591,0.000904829,8.75027E-05,0.001631611
1765,4.172782136,0.009023196,0.959854146,0.009823651,0.000165286,0.000152225,0.001616967
1766,4.87215726,0.002190591,2.442036758,0.005621331,0.000369036,0.000972166,0.001689439
1767,4.998671145,0.00120459,2.720319546,0.00746472,0.000649809,0.000362609,0.002001374
1768,4.362582202,0.003349399,3.224350742,0.002871055,0.000248381,0.000599136,0.002916384
1769,3.235294465,0.006685322,0.700607148,0.003551791,0.00036286,1.15457E-05,0.001300127
1770,4.795060114,0.006291416,1.650921909,0.000531165,0.000917265,0.000246518,0.000695365
1771,4.567804317,0.000369819,2.887259167,0.00656937,0.000712001,0.000240009,0.001476852
1772,3.449084872,4.87731E-05,3.028055148,0.006288876,5.27087E-05,0.000654806,0.002993245
1773,4.993490944,0.006180812,2.051602397,0.002498184,0.000549169,0.000953693,0.000872603
1774,4.029382871,0.004646535,2.92614648,0.009128916,0.000581663,0.000823791,0.000988797
1775,4.469128959,0.007942091,2.558033462,0.001471801,0.000445709,0.000817019,0.000293943
1776,2.536420231,0.005048218,3.946901001,0.002275116,0.000923635,0.000411301,0.002320996
1777,3.828241305,0.000452215,0.032402425,0.00950248,0.00049916,0.000859626,0.002555746
1778,3.577516829,0.002821579,1.789256897,0.002530025,1.79406E-05,0.000251324,0.000415916
1779,4.536687194,0.004195823,0.528192039,0.001788558,0.000706182,0.000855598,0.002317746
1780,4.133840871,0.005732662,1.216089255,0.00422933,7.99293E-06,0.000721992,0.002860509
1781,2.621889082,0.002173918,1.503460547,0.001448589,0.000488454,5.26713E-05,0.002074216
1782,4.99890781,0.009273993,0.311592181,0.008742315,0.000402757,4.30474E-05,0.002231393
1783,4.653386002,0.008121072,0.058381633,0.004643818,6.36758E-05,0.000811016,0.002985532
1784,2.8463303,0.006756123,3.872124075,0.000615287,5.78E-05,5.86728E-05,0.00182646
1785,3.311962158,0.008138527,2.484765461,0.000532227,0.000547464,0.000585964,0.000868432
1786,4.456318815,0.009094149,1.397806999,0.001440494,0.00027223,0.000550548,5.75301E-05
1787,3.187075153,0.001495636,1.942496314,0.002641714,0.000253375,0.000138601,0.001298331
1788,2.771765684,0.008584492,1.665941772,0.009464444,0.000679241,0.000457595,0.000296474
1789,2.512414577,0.001011031,2.149286296,0.003266888,0.000334611,0.000362677,0.002278236
1790,4.010515522,0.009357716,0.697557682,0.007420435,0.000435521,0.000319954,0.000686625
1791,3.285934476,0.008442104,3.123675206,0.003767488,0.000251188,0.000483839,0.002787059
1792,4.380766971,0.009905594,2.559201401,0.003529872,0.000447075,0.000299557,0.002261984
1793,4.95235918,0.005355305,0.23402531,0.008668963,2.33235E-05,0.000918436,0.002060477
1794,4.884743666,0.001982017,1.829193629,0.002856807,0.000335966,0.000455311,0.002192274
1795,4.461368013,0.009594178,1.990005018,0.005301451,0.000174762,0.000697227,0.001354716
1796,2.781279357,0.00708407,3.776237973,0.000310906,0.000132742,0.000257618,0.001456605
1797,3.751811756,0.006349242,0.243516178,0.000605444,0.000662408,0.000446579,0.000644803
1798,4.62036466,0.008808237,0.923141822,0.009447086,2.08026E-06,0.000880687,0.001742194
1799,4.749194048,0.008729938,1.813578691,0.008226627,0.000411479,0.00069117,0.002644739
1800,4.611800077,0.004763948,1.481988848,0.006802073,1.63527E-05,0.000917314,0.000331438
1801,3.405425367,0.004536143,2.946336561,0.006731843,0.000809112,0.000171361,0.001735493
1802,3.127571965,0.000187032,2.309578307,0.000142935,0.000791321,0.000935459,0.002398055
1803,3.065296652,0.003047654,2.216093319,0.005109371,0.000424843,0.000675803,0.001064605
1804,3.226127648,0.006695822,0.28224045,0.003034215,0.000911868,0.000607235,0.001175878
1805,3.338661645,0.001843536,3.364490603,0.000265869,0.000105652,0.000493733,0.000539794
1806,3.221292207,0.00612295,1.252134958,0.007786586,0.000628756,0.000306646,0.001327021
1807,3.697339032,0.009138988,1.367124833,0.00180734,0.000711194,4.24497E-05,0.001059769
1808,4.271449401,0.000404747,3.015459917,0.003291257,0.000543036,0.00021632,0.001073575
1809,3.48146871,0.002489799,1.234096291,0.003058884,0.000286687,0.00026422,0.000139826
1810,3.361510657,0.005112247,3.08958411,0.003602996,0.000874331,0.00045603,0.000772257
1811,3.675242591,0.00680028,3.749412675,0.000105864,0.000832029,0.000490751,0.001371613
1812,3.930893062,0.007305933,3.361764393,0.00931853,0.000804118,0.000989987,0.001264327
1813,3.7868165,0.006019549,1.04269131,0.003920535,0.000740347,0.000313789,0.00134574
1814,3.157661211,0.003205829,0.902818918,0.008464818,0.000506993,0.000485963,0.001853916
1815,4.92431152,0.000657245,1.100699475,0.001395493,0.000932518,0.00041008,0.002767462
1816,4.788444567,0.007743906,3.153028679,0.009314922,0.000332963,0.000563702,0.001043654
1817,4.188587777,0.008000146,1.730834781,0.003366992,0.000682721,0.00076186,0.001760383
1818,2.729635062,0.007048656,3.899825758,0.003935603,0.000187951,0.00063459,3.66532E-05
1819,4.177730999,0.006580223,2.614898434,0.003663851,9.25669E-05,0.000788795,0.000331444
1820,4.303783144,0.000978907,1.400591702,0.007933814,0.000463209,0.000686057,0.000692184
1821,3.27557678,0.007376786,2.463794292,0.0005223,0.000159493,0.000287028,0.00266265
1822,2.882638855,0.002726548,3.280413476,0.008541384,8.02541E-05,0.000878432,0.001547455
1823,4.633626973,0.004844582,2.440251562,0.00360476,0.000697141,0.000574149,0.001866016
1824,3.221341871,0.000149948,3.39233416,0.005579455,0.00075413,0.000895508,0.001127128
1825,3.512646187,0.003569109,2.532832411,0.00398375,0.000326878,5.72268E-05,0.002581709
1826,2.507927457,0.002866555,3.321411816,0.004551459,0.000202995,0.000237,0.002555529
1827,2.767994697,0.006590047,3.978715893,0.002401309,0.000824747,0.000419294,0.001239141
1828,3.053599261,0.000249617,1.514517921,0.003283563,0.000972267,0.000364745,0.00185356
1829,2.678638773,0.004986947,2.90702844,0.003598751,0.00035643,0.000721544,0.000617143
1830,4.504073302,0.009055612,2.951189313,0.007278107,7.11298E-05,0.000301399,0.00034493
1831,3.643460216,0.000683144,2.504090862,0.002749826,0.000325498,0.000709145,0.002925156
1832,4.015157181,0.004065758,2.20283462,0.004400928,0.00051428,0.000872871,0.001943877
1833,4.226230613,0.004657776,3.247858686,0.007542005,0.000845961,0.000524477,0.000266935
1834,4.06372767,0.001901768,3.572024982,0.004729679,0.000456695,0.000227652,0.002536235
1835,2.590806356,0.006597384,3.773482133,0.006904385,0.000657654,0.00075023,0.002880011
1836,4.506398114,0.006844908,2.269917194,0.004786801,0.000799539,0.000371522,0.002928635
1837,4.490949622,0.001227995,0.429763338,0.006644463,0.000255926,0.00035019,0.002576344
1838,4.163172298,0.008451036,1.006754603,0.009004407,0.000781181,0.000619432,0.002189213
1839,4.622806539,0.007570932,2.634941718,0.000255069,0.000666634,0.000931,9.17082E-05
1840,4.751694478,0.000191987,3.346870611,0.001362537,0.000194317,0.000281258,0.001360753
1841,4.64947029,0.007675084,3.688848137,0.005990114,8.68209E-05,0.000380352,0.001556873
1842,4.736427112,0.004253777,2.75897455,0.002857343,0.000692145,0.000516647,0.001022551
1843,4.604426227,0.004135643,1.133680745,0.0058635,0.000374807,0.00060658,0.002702322
1844,4.463932877,0.003758162,1.929837854,0.006514676,0.000344852,0.000923977,0.000863063
1845,3.855835767,0.000541892,1.1997005,0.009750053,0.000375771,2.05804E-05,0.001743134
1846,3.943349783,0.00205253,2.67068695,0.001678348,0.000925606,0.00016545,0.000514695
1847,2.539401762,0.003703672,3.799329472,0.00444,2.14855E-05,0.000602984,0.000490245
1848,4.182051327,0.00375271,3.724574151,0.003111159,0.000763502,9.47231E-05,0.000528657
1849,4.720877923,0.004033326,0.045520495,0.008947851,0.000851842,0.000906928,0.002645211
1850,2.565723671,0.005924428,1.000500641,0.009387612,0.000432547,0.000523932,5.85216E-05
1851,4.338905755,0.00789107,3.69117563,0.005221594,0.000858099,0.000472597,0.002198881
1852,4.724495632,0.000688154,1.23346269,0.008709896,0.000357713,0.000528321,0.001202339
1853,4.166265987,0.00293516,2.545116944,0.009760235,0.000704454,2.31945E-05,0.000848551
1854,4.293316413,0.003376165,2.076221351,0.005292949,0.000798392,0.000358426,0.000662129
1855,2.669053377,0.007182244,3.698322349,0.00197219,0.0005198,0.000685565,0.002949643
1856,2.792812252,0.005621529,3.986075763,0.000667875,0.000690326,0.000899347,0.002053264
1857,3.247150234,0.003695028,1.024822339,0.007473129,0.000186097,0.000366525,0.001989398
1858,4.854421676,0.007227371,0.882933952,0.002999424,0.000205878,0.000140877,0.002650255
1859,2.560086356,0.002742105,1.383995029,0.008420698,0.00074744,0.000768574,0.001753785
1860,4.394778007,0.005252603,0.60009559,0.009861939,9.38066E-05,0.000874112,0.000513014
1861,3.735074583,0.004977241,2.201635488,0.009388344,1.12549E-05,0.00044042,0.000451254
1862,3.674636778,0.001995934,2.161129448,0.007640703,0.000197212,0.000864404,0.000148428
1863,4.82698748,0.007307471,3.742573281,0.006321344,0.000253622,0.00034928,0.000616903
1864,4.042292765,0.001540485,2.775469513,0.001477258,1.26757E-05,0.000122696,0.000145852
1865,4.379785495,0.006794576,2.238550999,0.006058054,0.000524677,0.000554535,0.002548258
1866,4.153926593,0.008919047,2.788477433,0.009499612,7.07873E-05,0.000786711,0.000609367
1867,3.844932504,0.007230685,1.005521572,0.003240896,0.000245509,0.000563496,0.002101829
1868,2.748471572,0.003721583,2.513681731,0.007095075,0.00055204,8.98154E-05,0.001074087
1869,4.281052583,0.003377704,0.243364436,0.006615424,0.00022027,0.00082671,0.000910435
1870,2.942217699,0.009309394,1.642107233,0.006269778,0.000808013,0.00018908,0.001087689
1871,4.537753378,0.007057408,3.391861471,0.005848807,0.000317741,0.000803734,0.000695284
1872,2.668112221,0.00057783,0.991418801,0.002856428,4.23508E-05,0.000134625,0.002328368
1873,2.911046376,0.00513187,0.197244825,0.005484814,0.000770548,0.000262647,0.002336492
1874,2.667006821,0.005718615,2.870119684,0.003890858,0.000755604,0.000618814,0.002654476
1875,3.400762343,0.007201283,0.12821688,0.002077041,0.000955519,0.000890102,0.00021356
1876,4.846202571,5.18818E-05,2.502632267,0.00267763,0.000240647,0.000715423,0.001045469
1877,2.586430733,0.003970591,0.104612364,0.007596177,0.000644557,0.000918835,0.002536725
1878,3.241914554,0.00099339,1.590263863,0.004692394,0.00087577,0.000234836,0.00083034
1879,3.957072952,0.005911613,0.383822399,0.008615551,0.000528512,0.000511074,0.002859556
1880,4.067075181,0.006975539,2.349861412,0.008447045,0.000592563,0.000504993,0.00288089
1881,4.701229813,0.005002366,0.892529911,0.002995161,6.87223E-05,0.000309634,0.000330919
1882,2.94225095,0.007849839,1.704674398,0.009514283,0.000300731,0.000164863,0.00107723
1883,2.792069504,0.005746981,1.754620251,0.003376209,0.000476851,0.000536309,0.001386175
1884,3.058668736,0.00095282,3.423053249,0.00789085,0.000390515,0.000608282,1.23621E-05
1885,4.232938858,0.001903524,0.228150376,0.009168467,0.000401307,4.3357E-05,0.000866593
1886,4.567482924,0.009816995,1.100628115,0.00843587,0.000555281,0.000209178,0.002565652
1887,3.376625536,0.000344522,2.612751484,0.005419704,6.91021E-06,0.000761372,0.002723828
1888,3.647603592,0.00620188,0.726745183,0.00420192,0.000120193,0.000518553,0.000414782
1889,4.65191806,0.006490782,2.807533842,0.002122575,0.000161567,0.000453092,0.002108406
1890,2.747780029,0.004970192,3.922873114,0.006447429,0.000603482,0.000526353,0.002931761
1891,4.697113897,0.000592219,1.925736993,0.005338523,0.000439778,0.000462526,0.002270565
1892,4.852479812,0.004493863,1.550786216,0.004571922,7.19847E-05,0.000281299,0.001586415
1893,3.717290313,0.007718103,1.602890798,0.008837908,0.000258949,0.000962934,0.001234574
1894,3.551147282,0.003732208,2.837284307,0.002316788,0.000425743,8.70404E-05,0.000746367
1895,3.11101288,0.005441037,1.588848001,0.00388147,0.000861627,0.000881623,0.001825413
1896,3.613056049,0.005174721,1.203637798,0.002630048,8.22097E-05,0.000878326,0.002654788
1897,2.742248258,0.008548506,3.196116312,0.001529877,0.000592225,0.000520142,0.001380271
1898,3.084984613,0.008022927,1.290172807,0.008731415,0.000247366,0.000818377,0.000204385
1899,2.644336263,0.001294031,0.35756156,0.007228101,0.000449424,0.000250347,0.002290552
1900,3.998383341,0.007629016,0.895974568,0.003124026,2.18857E-05,0.000626155,0.002508691
1901,3.247023748,0.006689133,3.532746304,0.004182075,0.000115035,0.000722523,0.001092515
1902,4.771351318,0.001935102,1.942913775,0.008868173,0.000942004,0.000129582,0.000197896
1903,2.534218459,0.002329805,2.456817381,0.007373468,0.000134042,0.00063695,0.001916658
1904,4.15311723,0.001165995,2.128954415,0.00533678,0.000845209,0.000945915,0.001291833
1905,3.380386714,0.004826989,2.369106637,0.008252634,0.000347663,0.000823178,0.002117188
1906,3.703042091,0.003833903,3.022638022,0.00954037,0.000732443,0.00080637,0.000952238
1907,2.969290445,0.005026627,0.088365814,0.002081565,0.000947295,0.000668405,0.000644381
1908,3.491905784,0.002519501,3.014222717,0.002452068,0.000291663,0.000589512,0.001236596
1909,4.821712872,0.003300945,1.048886858,0.006509673,0.000480027,0.000489645,0.001898599
1910,2.882987814,0.003396143,3.578459792,0.008844956,0.00039121,0.000785909,0.000675368
1911,3.767914381,0.001480461,2.583299171,0.009728816,0.000977316,0.000175065,0.001316869
1912,3.981730751,0.00964715,0.765766489,0.000965006,0.000768334,0.000459431,0.001268727
1913,3.45339534,0.005486971,1.103129712,0.004718634,0.000164433,0.000656533,0.00246248
1914,4.414594015,0.00945843,0.772652769,0.005457322,0.000674714,0.000990688,0.001431556
1915,3.910444836,0.004406963,1.030038301,0.008888375,0.000297405,0.000285873,0.001705127
1916,4.90131816,0.001596001,3.831702598,0.002258501,0.000340411,0.000578631,0.001305883
1917,4.168787035,0.007195316,2.586474789,0.005464251,0.000100828,0.000808895,4.0691E-05
1918,3.235571213,0.004190794,0.10770726,0.004312056,0.000609956,2.37234E-05,0.002500975
1919,4.247067655,0.003388893,1.246873671,0.003380987,0.000186441,0.000646432,0.00298798
1920,2.617750586,0.003407657,0.125882965,0.000560054,0.000381074,0.000404451,0.000291723
1921,4.89380958,0.006151652,0.737292912,0.004646294,0.000571227,0.000116621,0.001398965
1922,4.559649848,0.006254232,2.858851452,0.003561414,0.000134775,0.000983516,0.000560593
1923,4.791025926,0.004060932,1.405199196,0.007295004,0.00089819,6.15055E-05,0.000727017
1924,3.552846064,0.002266322,2.745132797,0.002734256,0.000760372,0.000301429,0.002220854
1925,3.581498845,0.006116265,3.852815745,0.004939835,9.48448E-05,0.000740539,0.001468028
1926,4.544290467,0.00483621,3.425517734,0.006797446,0.000853011,7.79171E-05,0.001161013
1927,3.372912642,0.003543103,1.450584758,0.003444742,0.000910026,0.000479694,0.002328306
1928,4.737488846,0.005027858,3.793688413,0.008191877,0.000722843,0.000887584,0.002525928
1929,4.242449775,0.00502405,0.283835283,0.001806914,0.000365021,0.000340805,0.0018354
1930,3.210096493,9.70403E-05,3.360659853,0.003107041,0.000600558,0.000724372,0.000657704
1931,3.994843499,0.006340267,0.164155399,0.003935326,2.68907E-05,0.000902949,0.001729392
1932,4.893267876,0.004571161,0.611792636,0.003013995,0.000576417,0.000307271,0.002024486
1933,3.341237451,0.000615913,0.853481588,0.006523697,0.000433701,0.000211267,0.000572295
1934,4.515154275,0.006592483,0.842170603,0.003874262,0.000426599,6.56259E-05,3.31888E-07
1935,4.424496701,0.005027976,0.945283731,0.00876949,0.000160103,0.000312006,0.000493752
1936,2.583138309,0.007258429,3.165665474,0.007774743,0.000404181,0.000779891,0.000895774
1937,3.938449897,0.001264356,1.954909088,0.009848975,0.000929575,8.88671E-05,0.002713746
1938,4.753482871,0.003794698,3.910256169,0.000454631,0.000282926,0.0008908,0.002186314
1939,4.969215953,0.005625814,2.195639906,0.000885502,0.000955725,0.000720711,0.001159886
1940,3.174675944,0.003525691,1.455367812,0.00380494,0.000709494,0.00043589,3.47488E-05
1941,2.846912736,0.001539872,0.263434636,2.14241E-05,2.48127E-05,0.000856032,0.001146225
1942,4.510608492,0.007664409,3.029998629,0.007396929,0.000203783,0.000336032,0.00218416
1943,2.5248755,0.007323131,1.70886784,0.007513926,0.000756819,0.000915793,0.001788538
1944,3.704336517,0.000634253,3.942268221,0.00467384,0.000417774,1.64005E-05,0.001215852
1945,3.134521439,0.004236923,1.979417177,0.009167402,0.000895101,0.000381314,0.000662643
1946,2.903721098,0.007213185,1.65847128,0.003491844,0.000748308,0.000609478,0.001115714
1947,4.744923013,0.006344926,2.4493079,0.006996592,0.00098284,2.50763E-05,0.001058176
1948,4.03384361,0.003875707,0.43780986,0.008547932,0.000979631,0.000815893,0.001947669
1949,3.354029457,0.006062212,3.829205884,0.004562969,0.000342522,0.000629707,0.000762384
1950,4.034529394,0.00555688,0.55613281,0.003445395,0.0002661,0.000750638,0.002414341
1951,2.547381778,0.00527516,0.468547939,0.000951742,0.00061574,0.00040055,0.002342781
1952,2.939095941,0.001330372,2.091486127,0.004177157,0.000579856,0.000347368,0.001668595
1953,4.808007051,0.002725584,1.764404753,0.004031699,0.000633941,0.000589485,0.001915043
1954,4.916378288,0.005852201,0.238843243,0.000742528,0.000462444,0.000624539,0.000316777
1955,3.875641254,0.006324733,3.769517823,0.001700918,0.00074229,0.000101607,0.000683806
1956,3.837008448,0.006710451,3.443757,0.001528127,0.000476969,0.000977863,0.00113099
1957,4.825141307,0.005814898,2.363744272,0.009913133,0.000814542,0.000186822,0.002261945
1958,3.317957374,0.009847557,1.155905112,0.006897929,0.000281278,0.00061019,0.000168418
1959,3.630444302,0.005222482,3.741415892,0.00824158,0.000603545,0.000970279,0.001587122
1960,2.92562737,0.007866712,1.627030553,0.006162225,0.000729651,0.000515236,0.000671421
1961,4.861778709,0.009275888,2.96760562,0.007102559,0.000457125,0.00072364,0.002958601
1962,3.988037858,0.004425784,3.818920696,0.007824461,0.000849155,0.000829194,0.000961375
1963,3.727341751,0.003756714,3.696570521,0.002770379,0.00046212,0.000215492,0.000377537
1964,4.96699487,0.0009364,0.523562801,0.005887113,0.000638789,0.000753533,0.001739047
1965,3.936227889,0.00498698,1.879027674,0.005721071,0.000881318,0.000274336,0.00252727
1966,3.085933568,0.001923118,3.24268408,0.008872873,0.000851295,0.000753498,0.001041219
1967,2.778377927,0.000622207,3.05727797,0.006699372,0.000263879,4.42167E-05,0.000508406
1968,2.983968051,0.005616935,0.874894023,0.003263918,0.000291961,0.000242697,0.000837388
1969,4.047756173,0.009127891,2.5042258,0.001623143,0.000706763,0.00050821,0.002370121
1970,3.19281831,0.000740013,0.677745082,0.007714807,0.000165721,0.000998393,0.002838694
1971,3.243035648,0.004621596,0.843726156,0.004821729,0.000884674,0.000709234,0.002035353
1972,2.504277908,0.009441616,0.016034807,0.003106076,0.00015166,0.000136954,0.002433605
1973,4.865985686,0.002457106,3.604124066,0.002532397,7.08925E-05,0.0003574,0.001932693
1974,2.696075262,0.009077367,2.516851605,0.009749302,0.000465534,0.000380047,0.000474202
1975,4.578673696,0.001173718,2.229937117,0.00259883,0.000741006,0.000231719,0.001414504
1976,3.227590569,0.000133757,1.546525681,0.003765686,6.37991E-05,0.000562374,0.001135008
1977,2.811871701,0.00602582,2.453781788,0.001947099,0.000976476,0.000569021,0.001158345
1978,4.084589298,0.003173821,0.66536235,0.001540728,0.000547569,0.000578111,0.001931636
1979,2.610514217,0.003909869,1.321167591,0.000580658,3.34863E-05,0.000229504,0.00056247
1980,3.972483978,0.00177734,1.780361572,0.007891827,0.000797584,0.000124428,0.002140606
1981,3.823050122,0.004467612,3.920907384,0.000524358,0.000839937,0.000186052,0.000924758
1982,3.816875435,0.007980674,2.366395631,0.008582083,0.000612561,0.000329441,0.002581729
1983,3.609647774,0.009153445,1.180688734,0.007770048,0.000544918,0.000216384,9.24028E-06
1984,4.33198995,0.002069416,0.026726922,0.000423355,0.000782008,0.000703947,0.001870353
1985,3.488388801,0.003824534,0.696400078,0.005840074,0.000526365,0.000235588,0.000372492
1986,4.974159416,0.000864455,2.3739598,0.009242538,0.000595649,0.000872916,0.002992573
1987,4.81618602,0.006850009,1.677892849,0.003991193,0.000299949,4.22025E-05,0.000818499
1988,3.834674904,0.009682862,3.271940825,0.006889903,0.000320795,0.000613704,0.000274257
1989,4.189513589,0.003953345,0.894368293,0.00825571,0.00015173,0.000713688,0.002212151
1990,3.962221351,0.008218873,0.287270006,0.009083597,1.40043E-05,0.000674807,0.001769013
1991,3.630992072,0.008706017,2.55570676,0.004200722,0.000180146,0.000716013,0.000442682
1992,4.034734632,0.004529617,2.104587779,0.002046236,0.000420928,0.000567518,0.001180288
1993,3.171743329,0.00767486,0.185407744,0.008722359,0.00066206,0.000803523,0.002455761
1994,3.23216437,0.00644366,3.476781274,0.003666651,0.000428237,0.000113094,0.000969855
1995,3.602610408,0.009119788,3.343688339,0.007741599,0.000653055,0.000434552,0.001294439
1996,2.859269571,0.001780261,0.423883606,0.007773922,0.000308826,0.000551899,0.001037749
1997,4.744455106,0.000484875,0.849222301,0.001100716,0.000121322,0.000568257,0.002990578
1998,4.954125698,0.001881029,0.072807173,0.007694203,0.000992799,0.000856805,0.001078121
1999,3.400886564,0.005153026,0.270197545,0.009034794,0.000715491,0.000324911,0.001907975
2000,2.893900767,0.001841272,3.772046514,0.003008532,0.000742684,0.00045386,0.000966638
2001,3.12452942,0.004088135,2.798539276,0.007328542,0.00041418,0.000590234,0.002444443
2002,4.854588899,0.007687634,0.005441003,0.005507921,0.000806813,0.000287863,0.001005615
2003,3.320713328,0.000981072,1.614640763,0.003600394,0.000609276,0.000649389,0.00020005
2004,3.333067133,0.009399119,3.198586917,0.000803426,0.000490165,0.000976114,0.000569738
2005,4.293917182,0.006053425,0.243694236,0.003929836,0.000507799,0.000909545,0.000914563
2006,3.005498129,0.001386055,1.998979365,0.002435787,2.15993E-05,0.000372213,0.00127554
2007,4.747140213,0.008570466,3.078313095,0.003589469,0.000244172,0.000311873,0.001361001
2008,4.501234997,0.004347482,0.419118521,0.003876557,0.000819999,0.000593269,0.000513734
2009,3.59184527,0.006441148,3.642710772,0.008322179,0.000155398,0.000585883,2.68977E-05
2010,4.642927465,0.00191265,1.504287329,0.006229505,8.98489E-05,0.000827209,0.002233434
2011,3.345753534,0.009574805,0.416037906,0.003469301,0.000956702,0.00015271,0.00168479
2012,2.690019806,0.002211821,3.682550075,0.000514577,0.000871789,0.000433892,0.001047971
2013,3.554949819,0.003148959,2.659506866,0.000266414,0.000982148,0.000490339,0.001911373
2014,4.712205026,0.000796224,2.515084902,0.008666679,3.24034E-05,0.000878508,0.000695963
2015,4.518604912,0.004597626,2.792862079,0.004115716,0.000403512,0.000464592,0.002401354
2016,4.182127151,0.003849279,2.092840932,0.003381686,0.000492564,0.000320261,0.001206167
2017,4.052202255,0.000123191,2.645488751,0.007217071,0.00084241,0.000519146,0.002483954
2018,3.312822495,0.001806857,1.134663353,0.006475847,0.000450393,7.82708E-05,9.23048E-05
2019,3.23764352,0.009370414,0.641064694,0.006303596,0.000276939,0.000772225,0.00104924
2020,4.353205899,0.002764227,3.80330462,0.008306495,0.000400214,0.000670636,0.002822505
2021,4.571354139,0.003420265,0.406676973,0.009410852,0.000694169,0.000196204,0.001182769
2022,4.087485911,0.00651063,1.47790195,0.005219422,0.000769848,0.000652507,0.001766209
2023,4.603335348,0.000292125,2.205243433,0.001268709,3.97031E-05,7.05513E-05,0.002073973
2024,4.499514559,0.001294063,0.725164121,0.001622352,0.000761436,0.000845623,0.002678461
2025,2.521809238,0.000332555,1.351685884,0.009838739,0.000499422,0.00028324,0.0022959
2026,3.555624045,0.002846329,3.754165701,0.008539932,0.000325896,0.000765304,0.002202403
2027,4.641615501,2.49694E-05,3.073888731,0.009418206,0.000883719,0.000568192,0.000872759
2028,2.811194918,0.006244064,1.044767863,0.002836382,0.000439927,0.000314125,0.002139548
2029,2.638203049,0.000421339,1.256605142,0.004968236,0.000771653,0.000799899,0.00184993
2030,3.202368965,0.000640598,1.751022295,0.008136296,0.000341748,8.87917E-05,4.37333E-05
2031,3.321115244,0.004875486,2.671673793,0.001036236,0.000566346,8.72236E-05,0.002830268
2032,3.614507438,0.006615853,2.71636465,0.009004465,0.000406756,0.000320831,0.001208846
2033,3.996354195,0.000146913,2.212298779,0.008632154,0.000885133,0.000811794,0.002931399
2034,2.549999047,0.007987891,3.365971412,0.009157909,0.000936322,0.000937625,0.002810862
2035,2.666116053,0.002055248,3.497674456,0.006705133,0.000393634,0.000250082,0.001619374
2036,2.764709074,0.007155759,1.539492659,0.000524084,0.000175983,0.000727679,0.000270568
2037,4.045967009,0.005773424,0.019855532,0.001221135,0.000302002,0.000298856,0.002232159
2038,4.751212867,0.007031621,3.822521301,0.003785464,0.000357038,0.000167452,0.000748479
2039,2.674598751,0.00664362,0.312257244,0.00335485,0.000536312,2.12727E-05,0.002345415
2040,3.18848162,0.000898621,2.541071534,0.009169634,2.88164E-05,8.00627E-05,0.00160708
2041,2.645351255,0.000546877,2.809103409,0.004047687,0.000894265,0.000744975,0.001231916
2042,2.831949813,0.001659241,1.569088308,0.001807926,1.73127E-05,0.000504742,0.001398481
2043,2.627263059,0.004243856,0.845514941,0.000628634,0.000207505,0.000562779,0.002984778
2044,2.716898965,0.003401256,0.344868903,0.005177273,0.000911631,1.00261E-05,0.001255685
2045,3.150772733,0.005007373,3.154357014,0.001194052,0.000308971,0.000818932,0.000701225
2046,4.97076608,0.007518891,0.522397639,0.000998978,0.000500577,0.000825534,0.001657963
2047,4.001487199,0.00034344,2.579122242,0.007077264,0.000904322,0.000476444,0.001818959
2048,2.642804246,5.82152E-05,2.868199175,0.005870618,0.000928018,0.000986723,0.000388512
2049,2.764729975,0.008376433,2.555906016,0.00914115,0.000372323,0.000608118,0.000976413
2050,3.197019186,0.004004411,3.814965361,0.008509696,0.00072602,0.000583015,2.03707E-05
2051,3.038891575,0.003454478,3.919387309,0.004547956,0.000511349,0.000570785,0.000480373
2052,2.88595804,0.005368125,1.309748189,0.002228499,0.000967134,0.000869601,0.002360684
2053,4.119348856,0.003904157,1.930619603,0.004298529,2.08994E-05,0.000525653,6.82926E-05
2054,4.714444635,0.000429972,1.470004325,0.000626453,0.000715481,0.000722796,0.002308868
2055,2.913445715,0.003283029,3.398868615,0.004815301,5.46781E-05,0.00075772,0.002776085
2056,2.864194568,0.001987959,3.699734528,0.001733571,0.000752969,0.000801776,0.00085976
2057,3.194489313,0.002900755,0.174745682,0.006957085,0.000122977,0.000793493,0.000197798
2058,4.624249156,0.008582307,0.965396796,0.008320052,0.000598076,0.000664985,0.001359505
2059,4.979155728,0.004158876,1.036031078,0.003500917,0.000267019,0.000713585,0.002139151
2060,2.972827917,0.0034082,2.884067134,0.005608611,0.000237981,0.000973674,0.000937008
2061,2.7672993,0.004370261,1.256395824,0.008583834,0.000224075,0.000287019,0.001651113
2062,4.787490595,0.002253558,0.663870854,0.009126272,0.000779242,6.34165E-05,0.00165568
2063,4.974086296,0.005869799,3.295753044,0.004944455,0.000943137,2.29208E-05,0.002674657
2064,3.094970461,0.00756806,2.39271773,0.009500375,0.000625059,0.000321401,0.001998378
2065,4.696912094,0.00079112,3.784902259,0.005197738,0.000592411,0.000760749,0.00172121
2066,4.548273773,0.002821851,1.369986451,0.001980863,0.000593623,0.000877767,0.001048745
2067,3.766895563,0.005484867,1.478332438,0.00273283,0.00078946,0.000352431,0.000476918
2068,4.105073074,0.005513772,3.981440662,0.007254538,0.000298451,0.000261652,0.001183546
2069,2.676483611,0.003062937,3.410076815,0.007243294,0.000705481,0.000401953,0.001617447
2070,2.693133568,0.00307302,3.46967544,0.006044113,0.000175872,0.000372518,5.89236E-05
2071,4.211230656,0.006969226,1.351003094,0.002031967,0.000709031,0.000941827,0.002255413
2072,2.605883105,0.003598942,2.325034945,0.001553005,0.000289927,0.000816217,0.00193606
2073,3.832495698,0.004219255,0.308796646,0.001812276,0.000461978,0.000588549,0.001653401
2074,3.744354025,0.005300347,1.239932401,0.003284261,2.19341E-05,0.000689664,0.001103676
2075,3.767254792,0.005844535,3.311340612,0.000665555,6.68125E-05,0.000811824,0.000700033
2076,3.07487654,0.001016691,2.078801079,0.00521859,0.000399736,0.000827575,0.002211463
2077,2.685666632,0.003849782,2.386028468,0.000790494,0.000491737,0.00054349,0.000737135
2078,3.53710358,0.000479651,2.994550427,0.003977635,0.000332349,0.000626615,0.001589272
2079,3.0350687,0.00694555,3.804662919,0.007861098,0.000279407,0.000155468,0.000119326
2080,3.148917432,0.003695719,1.571761325,0.007282376,8.30849E-05,0.000495915,0.002965919
2081,4.322418221,0.006620524,0.075752914,0.004720241,0.000186546,0.000632288,4.91927E-05
2082,4.335844132,0.006679785,2.950038542,0.008166131,0.000931336,0.000557162,0.001804037
2083,4.336985751,0.004100747,1.671894158,0.004838506,0.000300363,0.00052598,0.000196318
2084,3.720661763,0.005646896,3.202030294,0.00317639,0.000151247,0.000927957,0.00043974
2085,3.98400087,0.009528384,0.683980187,0.008835095,0.000966738,0.000690952,0.001701203
2086,4.308757794,0.003690361,2.451705565,0.008487616,0.000465196,0.000270066,0.002501217
2087,2.871010806,0.009353836,0.575830185,0.003218676,0.00089373,0.000705481,0.002324041
2088,3.440148003,0.003413229,0.700596211,0.005456969,0.000339685,0.000159812,0.001351803
2089,2.909915112,0.002482286,2.132233969,0.005315567,0.000449784,0.000424603,0.001156011
2090,4.028994,0.008273586,3.459937202,0.006133508,0.000282832,0.00057154,0.00270574
2091,4.846678819,0.007884076,1.009132807,0.003087859,0.000345129,0.000334409,0.00146698
2092,4.692942718,0.00076162,3.999083179,0.007566782,0.000485421,0.000655337,0.001772874
2093,3.487716634,0.006929858,3.560073598,0.004506491,0.00067545,0.000185332,0.001117087
2094,3.294894944,0.00330814,3.480875049,0.005735761,0.000527352,0.000287882,0.002397794
2095,4.069977931,0.009687958,0.381174164,0.009753351,0.000345622,0.000922865,0.002187785
2096,3.225010243,0.00692338,1.006701597,0.008548592,0.000268823,0.000697545,0.000156022
2097,4.989808703,0.004782454,0.733668314,0.001824551,0.000986791,0.000720088,0.000888581
2098,4.708300019,0.009883577,0.255775882,0.004762045,0.000742512,0.00067616,0.002572036
2099,3.888882556,4.15849E-05,2.731195102,0.000299922,0.000637805,0.000627293,0.000852971
2100,4.073817737,0.003480065,2.746923538,0.000938426,0.000738336,0.000699839,0.001640295
2101,4.414753365,0.006082907,1.162297424,0.002357473,0.000796265,0.000446286,0.002414273
2102,4.286083328,0.003269038,1.35263709,1.00214E-05,0.000422507,0.00075156,0.001370211
2103,3.27278707,0.00688091,1.954474594,0.002584343,0.000612308,0.000551915,0.000720444
2104,4.802741742,0.005756571,1.189973539,0.003155023,2.1908E-06,0.000955272,0.000793492
2105,3.033472959,0.00356707,1.682959315,0.003722457,0.000811203,0.000315508,0.001917094
2106,4.036030268,0.006840465,2.460277784,0.008876487,0.000243998,0.000920842,0.000627695
2107,3.153560159,0.00967897,3.416492123,0.009833679,0.000121671,0.00010334,0.000184063
2108,4.941841914,0.002135656,3.892540147,0.009123786,0.000592787,0.000222279,0.001768838
2109,4.057671574,0.002348566,2.945092628,0.006873318,4.40288E-05,0.000419488,0.00153675
2110,4.64133776,0.008706273,1.820193905,0.003623797,0.000550859,7.78207E-05,0.00124958
2111,4.189586906,0.009982636,3.443380004,0.003141511,0.000608882,0.000668807,0.00134318
2112,3.975303563,0.007496787,3.606724098,0.001786839,0.00052107,0.000254561,0.000619589
2113,4.83235611,0.002043073,1.532745646,0.007032687,0.000758874,0.000339311,0.000707626
2114,2.797402376,0.007033935,1.201749888,0.009703177,0.000896247,0.00058054,0.002365637
2115,2.840041385,0.000126016,1.574079741,0.007792196,0.000255897,0.000374718,0.002261508
2116,3.026282686,0.009842433,2.346992399,0.000985814,0.000183906,0.000180276,0.000265122
2117,3.431958075,0.007847574,0.972178307,0.005632869,0.000533486,0.000460281,0.00298735
2118,4.838195921,0.000492329,1.500462613,0.000887745,0.00067002,0.000788729,0.002019154
2119,3.011041492,0.002426482,3.836677641,0.002508465,1.9825E-05,0.000683582,0.0011151
2120,4.367766982,0.009438127,0.919119445,0.009868596,0.000519258,0.000712997,0.000762218
2121,4.424818979,0.001628233,3.658764671,0.006505761,0.00062962,0.000997323,0.002367672
2122,2.864133609,0.003783969,0.384483185,0.005990028,0.000722447,0.000165863,0.000991088
2123,3.75149709,0.00158306,2.030519406,5.72104E-05,0.000985847,0.000842922,0.002143016
2124,4.597312843,0.00621297,1.234061919,0.007598689,0.000762942,0.000868917,0.000246076
2125,3.755498531,0.002536343,1.859034157,0.005964453,0.000866169,0.000863489,0.001593618
2126,3.159464918,0.003995163,2.044745458,0.008126965,0.000237412,0.000483627,0.002866375
2127,2.579355267,0.009305157,1.248683579,0.000131208,0.000558397,3.43574E-05,0.002090791
2128,3.892671413,0.007470547,2.877625353,0.003419792,0.000844342,2.55939E-05,0.00167898
2129,3.004591099,0.006342168,3.874511068,0.007382696,0.000388461,0.000296012,6.97351E-05
2130,3.337750212,0.007023094,2.299926009,0.002636505,0.000750064,0.000906731,0.000731834
2131,4.485291953,0.003889175,0.456797272,0.008315779,0.00092139,0.000932293,0.001037725
2132,4.05276286,0.008221512,0.678928768,0.003174876,0.000945797,0.000728568,0.001807416
2133,2.917002691,0.006517348,2.300195811,0.009283122,0.000262255,0.000731062,0.002748311
2134,2.64594556,0.002205097,0.216371035,0.00849157,0.000717941,0.000910284,0.002570086
2135,3.209218939,0.008376122,1.775579801,0.00631998,0.000424419,7.05617E-05,0.001257077
2136,4.021638615,0.008669827,0.435795369,0.003573827,6.6256E-05,0.000610938,0.001511436
2137,4.592888556,0.002846149,3.374393838,0.003075101,0.00093652,6.19512E-05,0.001137371
2138,3.049321474,0.001945185,0.733803747,0.006677282,0.000538994,0.000849093,0.001869858
2139,4.015773864,0.009473982,2.896748249,0.002319855,0.000681621,6.14528E-05,0.002205691
2140,3.933713784,0.001934681,1.652741862,0.008817601,0.000134847,0.00069266,0.002344154
2141,4.366902955,0.008300895,3.356664255,0.006266426,0.000674788,0.00041946,0.001750848
2142,4.473018763,0.006430002,3.44774857,0.005051154,0.000149134,0.000272722,0.00183702
2143,4.462299737,0.008958737,2.319047473,0.004766499,0.000464911,0.000395959,0.000742716
2144,3.339208945,0.00724828,1.861131473,0.006796211,0.000661241,0.00038114,0.00045138
2145,4.909345492,0.009231637,1.365016548,0.009770816,0.000598364,3.5053E-05,0.001101956
2146,3.046286562,0.00581403,3.782583611,0.001222992,0.000123171,0.000730791,0.002540401
2147,3.771230233,0.002437937,1.471645501,0.000468392,0.000336124,0.000472329,0.001512436
2148,3.558783674,0.007535776,3.421441594,0.000290376,0.000973403,0.000912262,0.001621398
2149,3.380774695,0.007727599,0.376475858,0.006574438,0.000542947,0.000968892,0.000950447
2150,2.531445342,0.007597267,1.800721429,0.008246593,3.18548E-05,0.000363567,0.00043171
2151,4.336430614,0.00657603,0.607645401,0.00846063,0.000625404,0.00081695,0.000819299
2152,4.271051212,0.003702374,3.888214036,0.009396607,0.000818858,0.000107841,0.00247265
2153,3.882502591,0.006861504,0.595595164,0.008383892,0.000792595,0.000435773,0.001949977
2154,4.883856361,0.009769706,1.21619554,0.007944914,0.000812105,0.000295066,0.002827585
2155,4.513163419,0.003285383,1.08961717,0.003366181,0.000286883,9.13809E-05,0.0007318
2156,4.295553279,0.008643709,3.11061961,0.004100198,0.000193366,0.000271021,0.000663903
2157,3.121666659,0.00697663,2.869093584,0.005859198,6.29789E-05,0.000921703,0.000924933
2158,3.412856587,0.000525547,0.562927317,0.003678668,0.000904033,0.00090793,0.001008879
2159,3.279230967,0.003586104,2.568170373,0.003326162,0.000894135,0.000772851,0.000335085
2160,3.44280554,0.003337298,0.077687213,0.008560828,0.000720393,0.000809505,0.002054959
2161,3.268874331,0.008041671,3.217368965,0.00316109,0.000177796,0.000302643,0.002492903
2162,3.204758259,0.002784779,1.095763726,0.009886425,0.000925943,0.000615353,0.001947134
2163,3.819178965,0.009796441,0.316803957,0.005593228,0.000756907,0.000970986,0.000624785
2164,4.059675548,0.002719218,3.467511623,0.004207304,0.0002709,0.000381667,0.002185832
2165,3.402651407,0.007719713,1.196134192,0.00229248,0.000691784,0.00090495,0.000493326
2166,3.71741101,0.003866401,1.027187201,0.004874114,0.000282628,0.00087126,0.002606657
2167,3.549948072,0.003608061,0.195266486,0.007794791,2.27238E-05,0.000252152,0.002141284
2168,4.571848791,0.005022858,3.880657305,0.007254777,0.000878471,3.30953E-05,0.001093335
2169,4.164856819,3.63234E-06,3.610847896,0.003285717,0.000563308,0.000243613,0.000423858
2170,3.308953869,0.000657468,1.731612161,0.006351312,0.00067231,0.000334898,0.000709128
2171,4.282424145,0.000349914,3.133041999,0.006506774,0.000598432,0.000372921,0.001284477
2172,3.679234261,0.001275361,0.274936341,0.008727349,0.00076584,0.000281374,0.000756353
2173,3.201503733,0.003008925,2.210526885,0.000866506,0.000847618,0.000292808,0.000827234
2174,2.691654265,0.002998546,2.157653437,0.008331419,0.000215662,0.000769145,0.00153554
2175,3.289970249,0.004701099,2.149635969,0.004242955,0.000753644,0.000323477,0.00108201
2176,2.557446058,0.009708521,2.655474027,0.002916348,0.00017071,0.000183647,0.000235544
2177,3.204442863,0.000523102,0.930123397,0.000366633,0.000356841,0.000535571,0.000671373
2178,3.817955561,0.000836194,1.57418875,0.000663723,0.0006802,0.00021165,0.00256608
2179,4.675946814,0.003527536,0.676347581,0.000882912,2.40524E-05,0.00080926,0.0028298
2180,4.451495352,0.009373975,2.126240534,0.000564258,0.000990507,9.37348E-05,0.00147702
2181,4.382668267,0.005261011,2.579230259,0.00142286,0.000797464,0.000143502,0.002911846
2182,3.595178506,0.004537825,0.666846646,0.004903011,0.000986628,0.00070366,0.002193393
2183,3.088954663,0.00934958,2.603734872,0.002350177,0.000467092,0.000519666,0.002076558
2184,4.135446005,0.002481546,2.282091607,0.004884472,0.000523063,7.25415E-05,0.002888487
2185,3.42289389,0.000806592,3.639552696,0.008969997,0.000435086,0.000294926,0.0024265
2186,4.907285857,0.002928203,1.823268797,0.007725649,0.000558871,0.00017012,0.002244358
2187,3.574548461,0.001844377,0.936154163,0.00249339,0.000403094,0.000217097,0.001041422
2188,4.171312917,0.006134453,1.871997297,0.008078217,0.000408547,0.000632172,0.001668284
2189,3.749558215,0.006624414,1.409982977,0.003455935,0.000893538,0.00028305,0.002660369
2190,3.215571243,0.003806673,3.758373128,0.002357318,2.85837E-05,0.000856086,0.001634332
2191,3.492199162,0.006446557,3.870998212,0.008226786,0.000311452,0.000469603,0.002325461
2192,2.998079205,0.005612138,0.179243179,0.008190624,0.000871443,0.000561041,0.002137278
2193,3.209618452,0.004841865,2.787312317,0.008128789,0.000696341,0.000839149,0.002832619
2194,3.175676442,0.006294315,1.515786455,0.0063254,0.00022491,0.000854005,0.000335592
2195,4.547217666,0.00873907,2.072057604,0.000321709,0.000591553,0.000652953,0.000302665
2196,3.216669092,0.000978134,0.317885282,0.003593314,0.000804505,0.000648896,0.002642563
2197,3.362903689,0.008796334,3.795958384,0.00780286,0.000334233,0.000557799,0.00241313
2198,3.527884636,0.004936559,1.612104317,0.000378201,0.000639304,0.000518833,0.000628073
2199,4.002635689,0.00229802,3.374143281,0.002895491,0.000393774,0.000797573,0.001717008
2200,4.196479032,0.003257254,2.086013425,0.0062264,0.000152646,0.000166219,0.000485904
2201,4.527533943,0.004346581,3.24672912,0.000808802,0.000818628,2.79069E-05,0.001823368
2202,2.504756558,0.008043035,2.414884723,0.008666534,0.000846097,0.00099232,0.000796929
2203,2.575075177,0.001688046,3.972629088,0.009737114,0.000596034,0.000635892,0.002741781
2204,3.00178729,0.003437463,3.635786009,0.008523612,0.000874285,0.000473958,0.002869742
2205,4.878205031,0.001051063,0.901812393,0.0092942,0.000983686,0.000478756,0.001209016
2206,3.181782061,0.004420053,2.212854242,0.003990488,0.000135694,0.000766451,0.000927618
2207,4.936814196,0.006829269,1.025177203,0.003458786,0.000721073,0.000233503,0.000658944
2208,4.381502326,0.007158192,2.490599609,0.007142211,0.000565715,0.000567247,0.001870345
2209,3.332898545,0.008078529,0.36247468,0.007024573,0.000115116,0.000375976,0.001386088
2210,2.913532319,0.004813261,1.487198604,0.008660185,0.000750356,0.000252545,0.000120584
2211,3.371596703,0.004305565,0.89267606,0.005518258,0.000656904,0.000838991,0.001421967
2212,4.566559095,0.009024706,1.585993819,1.42956E-05,7.86554E-05,0.000586201,0.00246164
2213,4.448523051,0.004014814,3.631685808,0.00737146,0.00021139,0.000382677,0.00267307
2214,2.586684172,0.008731373,0.074624436,0.001631148,2.49671E-05,0.000919535,9.35975E-05
2215,3.593613534,0.007693784,0.058086375,0.003074048,0.00021606,3.2902E-05,0.002304636
2216,4.528348988,0.009915804,2.143914646,0.006325916,0.000317108,0.000550104,0.001942547
2217,3.546556574,0.000747069,3.888064602,0.006249809,0.000316012,0.000735083,0.001890063
2218,3.527624026,0.003761274,1.522322896,0.00439622,0.000627373,0.000569233,0.002159122
2219,4.293968305,0.00913592,2.070073931,0.003874024,0.000751952,2.27031E-05,0.002991719
2220,4.101513915,0.001080906,1.970523295,0.002051337,0.00043463,0.000828449,0.001151316
2221,3.369959906,0.000597929,1.134270185,0.000550747,0.000453046,0.00030412,0.000351782
2222,2.942271375,0.008632986,1.849764785,0.000460207,0.000240338,0.000601802,4.08222E-06
2223,3.290786701,0.007077206,2.003861179,0.001973054,0.000836721,0.000852385,0.001572772
2224,4.375731216,0.005479924,3.13662126,0.003018997,3.47596E-05,0.000301106,0.000413915
2225,4.296345672,0.005188857,2.460314925,0.00091368,0.000783731,0.000829944,0.002067727
2226,4.597188942,0.004551495,0.857246117,0.007902138,0.000799681,0.000841344,0.002385202
2227,3.258144105,0.001022556,1.600819231,0.000369109,0.000621521,0.00078628,0.000441332
2228,3.346362136,0.00167481,0.104612138,0.007977857,0.000803779,0.000736881,0.001147513
2229,4.508646354,0.009963492,0.720175888,0.003185726,0.000833441,0.000387719,0.00211528
2230,4.034236883,0.001714329,0.722325224,0.009638517,0.00098103,7.02947E-05,0.00282932
2231,3.396251478,0.0035905,3.660421625,0.00787303,0.000661883,0.00094435,0.001223427
2232,3.393851358,0.000181781,2.614731005,0.008814378,0.000517897,0.000969252,0.001153019
2233,3.912814784,0.000705817,3.77291677,0.006769164,0.000686377,0.000682473,0.002785986
2234,4.154259833,0.00518204,3.965070119,0.007978047,0.000526381,0.000988689,0.000333249
2235,4.105397034,0.005099749,3.555430495,0.000563648,0.000229326,0.000309606,0.000108442
2236,3.500744256,0.005710851,1.579093942,0.005270103,0.000679758,0.000852529,0.001550235
2237,3.97149397,0.005814358,0.996536123,0.005969134,2.75911E-05,0.000380149,0.000291388
2238,3.616411565,0.007029605,2.419041218,0.008136118,0.000564454,0.000749972,0.002082179
2239,3.153316695,0.007045459,1.255440079,0.000538158,0.000212728,0.000391506,0.000781769
2240,3.848453956,0.003728656,1.494823607,0.008512539,0.00090619,0.000966652,0.000380739
2241,3.914944273,0.00192684,3.32267372,0.008446379,0.000253408,0.000404114,0.002948282
2242,3.930539012,0.004884062,3.668507905,0.004302583,0.0003757,0.000266349,0.000839157
2243,4.494708922,0.002207396,0.850350997,0.005092866,0.000617627,0.000930575,0.000527879
2244,2.887056614,0.002037181,2.761287686,0.000832811,0.000605579,0.000755592,0.002392163
2245,4.177075663,0.001853385,2.392287969,0.000706499,0.000609693,0.000807139,0.001548863
2246,4.673143037,0.008460353,0.038277808,0.005851427,0.000525152,0.000733042,0.00287392
2247,3.385511195,0.004520709,0.039542021,0.005242774,0.000914352,0.000127162,0.000154013
2248,2.932337541,0.004815909,1.725353042,0.004483372,0.000543861,0.000134051,0.000803859
2249,4.913864744,0.005108834,1.090129404,0.003768697,0.000430325,0.000700615,0.001977015
2250,3.226161075,0.005745649,1.675563516,0.002507993,0.000856975,0.000681482,0.00236366
2251,2.72025087,0.003854021,3.487746017,0.006160626,0.000653904,0.000792343,0.001353045
2252,3.289956697,0.002400239,0.528399553,0.001300897,0.000159406,0.000357417,0.001312008
2253,3.149620177,0.000396859,1.516149606,0.000816992,1.23209E-05,0.000163352,0.001385243
2254,2.61372223,0.000710768,3.576197135,0.008224648,0.000263358,0.000773196,0.000799467
2255,4.165908663,0.002788474,1.189823793,0.005508602,0.000359835,0.000567615,0.002659587
2256,3.676785423,0.009193281,1.777353144,0.009599118,0.000213025,8.63597E-05,3.17762E-05
2257,4.422675178,0.004775588,3.908950122,0.003869688,0.000897489,0.000440849,0.001905276
2258,2.645772614,0.00214619,1.589299005,0.007046655,0.000392301,0.000605425,0.001030796
2259,3.986998601,0.002230151,1.186828509,0.003121051,0.000820393,0.000837982,0.000887244
2260,4.822949715,0.003517729,1.444184642,0.004685831,0.000910655,0.000802639,0.000544473
2261,2.502102043,0.001890589,1.828357704,0.002238187,7.30239E-05,0.000117892,0.001511039
2262,2.527685482,0.007343882,1.356007296,0.002390084,0.000920633,0.000913702,0.001723168
2263,4.77187944,0.00180183,3.232805003,0.009094524,0.000461124,0.000279354,0.001153812
2264,4.438635381,0.00052946,1.13095389,0.002925589,2.58396E-05,0.00084716,0.001260808
2265,4.223914723,0.004181196,2.207384956,0.005147542,0.000415343,0.000316243,0.000604979
2266,2.594892896,0.007115446,0.185114948,0.0054251,0.000271116,0.000272378,0.001657313
2267,4.568132449,0.004247691,0.543501623,0.005942298,7.78294E-05,0.00055732,0.001119297
2268,4.177180338,0.001656181,1.094260075,6.94979E-05,0.000254294,0.000498635,0.001195709
2269,3.393054898,0.004633903,0.391567325,0.007126402,0.000244432,4.63472E-05,0.000422149
2270,4.006347412,0.000323646,2.3274927,0.002973084,0.00083061,0.000924372,0.000357465
2271,2.993644391,0.007425643,1.074694523,0.009187754,0.000242178,0.000349112,0.000689775
2272,2.542170321,0.008979655,2.799158328,0.000582483,0.000985311,0.000672502,0.000486677
2273,3.768762214,0.003988994,3.569332695,0.007062215,0.000174576,0.000687317,0.001106047
2274,3.91327561,0.005576994,3.033264324,0.001331065,4.49694E-05,0.000894044,0.002597488
2275,3.359852473,0.00920013,3.248531504,0.004764186,9.1159E-05,0.000513891,0.002127559
2276,3.341880451,0.007238281,3.201455713,0.005181977,0.000596156,0.000931706,0.001235838
2277,2.747498118,0.004415854,1.672528976,0.002919411,0.00076856,0.000709388,0.002501242
2278,4.828820693,0.0091604,2.322408373,0.002367354,0.000586182,0.000295579,0.00257605
2279,4.073059326,0.006200126,0.157591328,0.001005994,0.000836929,8.79829E-05,0.001000999
2280,4.816968099,0.000327358,1.778601829,0.009526779,0.000951084,0.000147395,0.000821382
2281,2.987563103,0.006701626,2.349236979,0.000377515,0.000901563,0.000226553,0.001308594
2282,2.828618503,0.003223025,3.054881435,0.001203529,0.000296607,0.000694509,0.002470365
2283,3.673668384,0.005594495,3.666879017,0.007643276,0.000436306,0.000886476,0.002988085
2284,2.556596327,0.006764219,0.282252075,0.004889604,9.45121E-05,2.79073E-05,0.001180504
2285,3.402643306,0.004859687,3.945960711,0.006480406,0.000860593,0.00012612,0.001034042
2286,4.423040769,0.009856446,0.399080555,0.001108262,0.000727252,0.00035377,0.001104748
2287,2.900692094,0.007002468,1.342499756,0.007663018,0.00045622,0.000565982,0.000575369
2288,4.754567574,0.0013575,3.205004413,0.003130714,0.000661461,0.000319527,0.00040505
2289,4.066043255,0.000252151,2.856523748,0.007486625,0.000536454,0.000844335,0.002638399
2290,2.89865533,0.00296738,0.766573811,0.007973354,0.000729074,8.81001E-05,0.002080668
2291,2.712887711,0.003774214,2.801052316,0.003672893,0.000140271,0.000164128,0.002351586
2292,4.892987847,0.007778899,1.120291416,0.000436726,0.000517825,0.000413416,0.000172416
2293,3.955878126,0.004564907,3.797089504,0.005300626,0.000981296,0.00056761,0.000664855
2294,2.588675895,0.003799049,0.77285525,0.005491868,0.00057877,0.000343879,0.002150444
2295,3.345121774,0.000736425,3.779265977,0.00747037,0.000612174,0.000321668,0.001574768
2296,3.405366033,0.009020539,0.907243775,0.008317992,0.000538144,0.000284555,0.001814972
2297,4.358054416,2.04755E-05,0.537527288,0.00285805,0.000547272,0.000389936,0.002822481
2298,4.536069436,0.009607029,3.904664668,0.000865259,0.000853292,0.000412063,0.000783032
2299,2.80515347,0.008141722,3.584114315,0.00486069,0.000210384,0.000670057,0.002399387
2300,3.70774345,0.000655642,3.012098939,0.004254557,0.000814765,0.000640815,0.000289734
2301,4.173476817,0.003984924,0.645953975,0.000833526,0.000767519,0.000779438,0.00175666
2302,3.942258494,0.003895362,3.212626061,0.009890377,0.000529418,0.000410393,0.001440303
2303,3.982986886,0.00942773,3.287148433,0.000701512,0.00062091,0.000267649,0.001069062
2304,2.746262512,0.009623668,2.702897895,0.006566384,0.00080666,0.000380175,0.002920042
2305,3.449487977,0.009191204,3.234817674,0.000234196,0.00047789,0.000392141,0.002304014
2306,3.488512039,0.009879607,0.658971218,0.004410381,0.00063959,0.000466257,0.000709875
2307,2.736086099,0.001011574,0.495377648,0.007266592,0.000193594,0.000137416,0.001112194
2308,2.878381648,0.005461068,3.53113293,0.004775124,0.000489088,0.000907077,0.00253232
2309,2.585652256,0.009211809,1.132342884,0.002073426,7.26863E-05,0.000772506,0.002049434
2310,3.572902529,0.009093768,3.391421258,0.005169759,0.000775997,0.000139963,0.001440786
2311,4.036863313,0.00454758,0.517449742,0.007698293,0.000855377,0.00015955,1.01045E-05
2312,2.588978368,0.003570653,0.336166984,0.001534401,0.000105481,0.000193664,0.001109955
2313,3.763261753,0.005088874,0.840105126,0.001092449,0.000194546,0.000103269,0.000388753
2314,2.821286401,0.005521259,1.886471014,0.001372376,0.000223833,0.000104141,0.001742617
2315,3.209590647,0.003163416,0.603198563,0.009788874,0.00055073,0.000379607,0.002143861
2316,3.811433963,0.002436184,1.773043629,0.009960908,0.000518489,0.000891618,0.002056271
2317,3.311118732,0.007846484,1.120961452,0.007756192,2.96631E-05,0.000912115,0.0006999
2318,4.874779434,0.009022254,2.468356256,0.009853487,0.000744533,0.000631959,0.002618673
2319,3.890724515,0.000858429,3.566739298,0.00496887,0.000774306,0.000137524,0.002920272
2320,3.578637074,0.009007041,3.324455247,0.003071317,0.000590583,0.000301376,0.002012566
2321,3.083973787,0.003168898,1.282739033,0.003802327,0.000992916,0.000617203,0.000356744
2322,4.179838304,0.00832502,2.32097797,0.002586035,0.000668284,0.000289037,0.002849206
2323,4.195937432,0.0083405,3.197781191,0.007147713,0.000282729,0.000778247,0.002910055
2324,4.931482098,0.004171129,0.406627206,0.006389893,0.000180181,0.000622619,0.002051015
2325,2.651211622,0.002762143,3.60259322,0.001411755,0.000962048,0.000289574,0.002153145
2326,3.32673989,0.000240272,0.836330953,0.007024411,0.000329052,0.000799912,0.002260694
2327,3.368128021,0.007676026,3.579197815,0.000428469,0.000807892,0.00029506,0.001917296
2328,2.791436001,0.006574062,0.287372885,0.007878445,0.000350623,0.000734746,0.002629882
2329,2.603835534,0.004667963,1.69457322,0.009231025,0.000668491,0.000507574,0.001686229
2330,3.776035016,0.006304058,1.464032636,0.005923312,0.000345153,0.000139592,0.000480281
2331,2.992820317,0.000632725,1.565260222,0.007745214,0.000813633,7.22077E-05,0.002733691
2332,4.100939653,0.006438379,2.57877975,0.005055193,0.000977925,0.000749104,7.16687E-05
2333,3.827467613,0.000248018,1.31101046,0.007236633,0.00087257,0.000339426,0.001294206
2334,4.104982101,0.002037191,1.041568089,0.006380654,0.000801683,0.000923369,2.04709E-05
2335,3.028796377,0.006680224,0.949898831,0.00746644,2.50311E-05,0.000580158,0.000969522
2336,4.956372767,0.007251578,2.644768268,0.009640292,0.000355434,0.000893451,0.000150135
2337,2.779759783,0.001192197,2.173607465,0.007593019,5.55023E-05,0.000732405,0.000718176
2338,4.016724601,0.002394726,2.960298433,0.007232758,4.75888E-05,0.00092986,0.000925435
2339,4.269859851,0.008810998,1.227125686,0.000392985,0.000613044,6.06251E-07,9.15137E-05
2340,2.889358251,0.00083231,0.191766453,0.002421175,0.000248958,0.00096486,0.001654826
2341,3.406467634,0.004804102,1.896432288,0.000981107,0.000825283,0.000278131,0.00176253
2342,3.887144335,0.000110498,3.829577871,0.003726559,2.50575E-05,0.000177319,0.001545492
2343,2.91166739,0.009020067,0.128256941,0.008494864,0.000231427,0.000510533,0.002614154
2344,2.621955956,0.00190414,1.555104152,0.0064334,0.000825204,0.000654826,0.000615336
2345,3.569997951,0.001644703,3.377134509,0.001246294,0.000196074,0.000188773,0.001838377
2346,3.643026213,0.007790802,3.328910927,0.005839391,0.000349746,0.000838093,0.002182136
2347,2.545541097,0.002130161,2.334464577,0.006642338,8.0667E-05,9.69204E-05,0.002581227
2348,2.515606557,0.005584851,0.453045294,0.003815633,0.000119376,0.000600761,0.002689789
2349,2.851038513,0.002107765,2.225997452,0.009971188,0.00051777,0.000819392,0.001423449
2350,2.531246071,0.004363535,1.357953752,0.008687557,0.000808278,0.000512467,0.001431801
2351,3.233533003,0.009925142,2.954866604,0.00442063,0.000384603,0.000950632,0.000366762
2352,3.803525732,0.004550576,2.852025737,0.001291727,0.000593434,0.00026802,0.00271478
2353,2.967592363,0.006722311,3.83743758,0.006608075,0.000794848,0.000415817,0.00247901
2354,3.379235223,0.00446979,1.673225726,0.007791125,0.000584857,0.000494803,0.000250884
2355,3.305382309,0.004475155,0.388009832,0.008266681,8.23074E-05,0.000164289,0.000187419
2356,4.693146128,0.003334499,1.510097604,0.005388433,0.000654079,0.000903624,0.001614083
2357,4.896700747,0.000302295,3.075375191,0.000819061,0.000224854,0.000281879,0.001363553
2358,4.598136798,0.006018653,3.255831131,0.008968572,0.000289546,0.000379123,0.000447995
2359,3.08761654,0.002217835,1.891002105,0.007715597,0.000222368,0.000484677,0.000139594
2360,4.348952085,0.00854841,1.500986608,0.008361471,0.000339249,0.000533209,0.002794579
2361,3.427780731,0.001740296,0.121184208,0.004379734,0.000512285,2.5863E-06,0.000524402
2362,3.896988733,0.008261925,3.931778815,0.00371016,5.6151E-06,7.17017E-05,0.002929544
2363,3.929087223,0.001542702,3.12925352,0.008165291,0.000404014,0.000656661,0.001209986
2364,3.049540887,0.009816234,3.954181104,0.006995825,0.000701791,0.000147447,0.002698001
2365,4.773426137,0.00873477,2.052117114,0.008825395,0.000922455,0.000951239,0.000594993
2366,2.964530065,0.006921676,1.343016143,0.007188582,0.000657151,0.000795909,0.002786001
2367,2.785048202,0.001815317,3.631267008,0.002413807,0.000872478,0.000413797,0.000549792
2368,3.491547186,0.008013702,3.296616156,0.005923706,7.54833E-05,0.000952805,0.002002295
2369,4.090675029,0.00799649,0.228205086,0.001107382,0.000946404,0.000989388,0.000390538
2370,3.724140357,0.007204036,3.271536779,0.003014953,0.000586603,0.00028728,0.001653994
2371,2.644274564,0.008165876,0.723349291,0.004202955,0.000402952,0.000660388,0.002153603
2372,4.351284724,0.006584148,1.152935553,0.007143868,0.000143902,0.000236876,0.001736286
2373,3.512007969,0.004193698,3.866237177,0.002288065,0.000228774,0.000118215,0.001180821
2374,3.049862998,0.005333352,0.421409121,0.001589994,0.000736987,0.000801895,0.0011268
2375,2.815802601,0.002713449,1.418019856,0.003629584,0.000265073,0.00091128,0.002433929
2376,4.994374346,0.007601172,1.801353759,0.009573713,0.00011181,0.000681204,0.002088438
2377,2.783611976,0.002833889,2.611053603,0.008680791,0.000918026,0.00081681,0.002073694
2378,4.531967095,0.008731729,1.553719784,0.006521427,0.000565465,0.000623661,0.002285595
2379,4.796249036,0.006381645,3.249007403,0.009836822,0.000858371,0.000712424,0.002812238
2380,3.955989444,0.004143941,3.197936683,0.000181609,0.000326271,0.000537084,0.002532012
2381,3.726396984,0.008338139,0.270922063,0.000508747,0.000937521,0.000664994,0.002347795
2382,3.148463912,0.003637761,0.70889983,0.002575447,0.000542245,0.000817976,0.002233001
2383,3.267716789,0.007158068,2.324757495,0.007052481,5.17874E-05,0.000198899,0.002033264
2384,2.720284093,0.003409186,3.63581332,0.003045647,1.3952E-06,0.000594138,0.001336545
2385,4.767258417,0.005518121,2.0265845,0.001469772,0.000979321,0.000866132,0.001553005
2386,3.984444151,0.000146076,1.306732701,0.001839725,0.000673238,0.000421924,0.001062758
2387,4.944774023,0.009413344,2.88089382,0.003827423,0.000902202,8.44346E-05,0.002294193
2388,4.611807994,0.006494391,1.051708908,0.008573176,0.000775752,0.000200162,0.001495064
2389,4.721831903,0.006832431,1.658601964,0.00583749,0.000780664,0.000368605,0.000336596
2390,4.599977133,0.006167147,3.843862011,0.00108601,0.000132148,0.000180973,0.001130214
2391,3.569108012,0.00663217,1.233035091,0.007381499,5.85834E-05,1.00851E-05,0.000681121
2392,4.773783939,0.000490275,1.631772807,0.006979058,2.96128E-05,0.000588397,0.00042254
2393,3.085399112,0.006745202,0.170043978,0.005794363,0.000497801,0.000179504,0.001879608
2394,4.904675059,0.004209458,3.213756004,0.002062006,0.000324223,9.97195E-05,0.001646353
2395,2.934796916,0.007085648,1.227562803,0.008393562,0.000254978,0.000531072,0.000757709
2396,3.531565821,0.005852439,0.110434222,0.005152912,0.000891857,3.16897E-05,0.000232054
2397,3.283351412,0.009743036,3.640123501,0.001508029,0.000381723,0.00047049,0.001424457
2398,2.555367565,0.004148972,0.007785991,0.007276544,0.000177806,0.000564878,0.000892151
2399,2.511535249,0.000499906,2.989596823,0.003107226,0.000267536,8.24622E-06,0.00069702
2400,3.746569058,0.002011373,3.237585576,0.008603608,0.000306799,0.000266739,0.001039329
2401,4.703771182,0.004030795,3.101211455,0.005894006,0.000132133,0.000388934,0.001984337
2402,2.702417915,0.006988589,0.308838823,0.008665897,0.000260951,0.000930972,0.001035752
2403,3.292003311,0.002065161,1.91895494,0.002367771,0.000309515,0.000367069,0.000354374
2404,3.339861969,0.008456021,3.528128347,0.001049388,0.000988103,0.000105654,0.001843489
2405,2.876279023,0.005833055,0.258033702,0.004970659,0.000460845,2.73699E-05,0.002525502
2406,4.60757827,0.005541798,3.97291603,0.004520947,0.000586697,0.000609907,0.000254923
2407,3.689213975,0.009739766,1.909239046,0.007598187,0.000422139,2.65161E-05,0.001039281
2408,2.877184536,0.007611301,0.450773761,0.001751416,0.000179016,0.000433523,0.001018076
2409,4.09102156,0.001653663,3.742459423,0.003106327,0.000674243,0.000868031,0.002982326
2410,3.801735376,0.008081352,3.081282803,0.009736446,0.000641949,0.000710433,0.001370498
2411,4.388327458,0.005771267,3.959429267,0.001653577,0.000899105,0.00017211,9.42599E-05
2412,3.413968828,0.004443878,0.900523152,0.004051877,0.0001324,0.00068664,0.002932091
2413,4.317612535,0.009938926,3.615059013,0.00365324,2.13849E-05,0.000528073,0.002043059
2414,2.979823732,0.005739727,2.264759151,0.002215116,0.000567121,0.000655158,0.000770645
2415,2.807915086,0.002112102,1.459244572,0.003846011,8.72047E-05,0.00088292,0.000809633
2416,2.602914556,0.008647749,0.081245515,0.007663204,0.000541666,0.000893029,0.001445169
2417,3.943359235,0.002058764,3.200677656,0.001758447,0.00085409,0.00050448,0.002123728
2418,4.255282941,0.005813514,1.552771953,0.00177837,0.000158696,0.00013574,0.000899378
2419,3.8393832,0.008271551,1.325744236,0.001275188,0.000280556,0.000483033,0.001945865
2420,4.535118629,0.004453124,0.480005453,0.003449622,2.5387E-05,0.000446811,0.001347311
2421,3.985249745,0.006159031,2.038237588,0.006401536,0.00050681,0.000163694,0.000879278
2422,3.232396394,0.008868118,2.143750888,0.004692654,0.000438905,0.000602264,0.002078882
2423,3.086830047,0.008709214,2.830872646,0.009486116,0.000843801,0.000797851,0.002765061
2424,2.93013024,0.007516847,1.66741896,0.003246153,0.000285122,1.96923E-05,0.000359037
2425,4.265425821,0.007754904,0.106362728,0.007190254,0.000483173,0.000847468,0.002261691
2426,3.315199822,0.005078699,3.623849051,0.005249171,5.05035E-05,0.00086424,0.001654914
2427,4.262981028,0.000691332,1.659706452,0.004578921,0.00093841,0.000636989,0.002667955
2428,3.7729167,0.003477961,3.152333249,0.00780376,0.000290912,0.000938226,0.001544448
2429,3.672945106,0.009024183,1.009204518,3.2152E-05,0.000457606,0.000502385,0.000958065
2430,3.9056234,0.002939187,1.508598394,0.006108535,0.000574947,0.000953285,0.001913616
2431,4.975188658,0.002173379,2.382091278,0.003620827,0.000143044,0.000731179,0.000500549
2432,3.120227678,0.005389699,0.373944358,0.003223923,0.000164611,0.000374098,0.002150721
2433,3.367919797,0.00337223,0.463326014,0.004668705,9.28803E-05,0.000216277,0.000243571
2434,3.134898938,0.004087819,2.5516261,0.004949655,0.000786565,0.000784246,0.002339453
2435,3.892595012,0.009020956,1.705210673,0.004329732,0.000299858,0.000373989,0.0018695
2436,3.635865051,0.006497898,3.673266307,0.007429877,0.000388158,6.26944E-05,0.000171778
2437,4.134748675,0.000827252,3.392115079,0.000564693,1.2423E-05,0.000173476,0.002692606
2438,3.581904588,0.004505141,3.711669754,0.00733086,0.000779584,8.67843E-05,0.000447987
2439,2.666557193,0.005205162,1.73210902,0.00735224,0.000287472,0.000626957,0.002874403
2440,3.347112001,0.001272894,1.450082401,0.001896631,0.000209849,2.1431E-05,0.002257504
2441,4.572806384,0.001091329,3.660604467,0.002313544,0.000263187,6.19333E-05,0.000316739
2442,4.661527776,0.007061311,3.855819639,0.001888811,0.000932635,0.000864507,0.00084729
2443,4.04609175,0.007242798,2.882079151,0.008759717,0.000930036,0.000406044,0.002511389
2444,3.033041285,0.00239004,2.900196598,0.009689903,3.48259E-05,0.000647801,0.001681978
2445,3.412873545,0.004026952,0.381386162,0.001904744,5.17608E-05,0.000283414,0.000738852
2446,3.120291786,0.008197913,0.546131233,0.008860726,0.000142928,0.000969994,0.001330024
2447,2.805400418,0.008255105,0.231539057,0.009659958,0.000505616,8.36665E-05,0.002546686
2448,3.600685143,0.004168698,2.541161625,0.007694063,0.000652025,0.000499487,0.001065669
2449,3.519655247,0.008801035,2.882160392,0.006235381,0.000388332,3.39602E-05,7.04137E-06
2450,3.05472888,0.003317447,2.561037911,0.004485392,0.000650184,0.0008137,0.000669847
2451,4.409058401,0.003449132,2.223722614,0.008487751,0.0009452,0.00027425,0.001230883
2452,3.900733698,0.005291765,3.943633163,0.001525983,0.00032674,0.000398209,0.0023414
2453,3.530413475,0.003636056,1.525755542,0.009253519,0.000822969,0.00091023,0.000748117
2454,3.859406084,0.009387021,0.184208676,0.002438045,1.62086E-05,0.000519907,0.00203832
2455,3.244011059,0.008213217,0.825273075,0.004110128,0.000915641,0.000700742,0.002802034
2456,3.86880187,0.005702062,2.343831876,0.003998953,0.0008291,0.000331645,0.001571265
2457,3.703985295,0.00101716,0.957057739,0.004699903,0.000310093,0.000287227,0.000141608
2458,3.77320048,0.006746252,3.676801846,0.008347308,0.000375974,0.000729157,0.00074746
2459,4.654187123,0.007954493,2.205132327,0.004410522,0.000752814,0.000175977,0.001971747
2460,4.324300072,0.005612244,1.691228347,0.004428665,0.000527709,0.000114544,0.002529863
2461,2.936494222,0.004907584,2.964391926,0.005989674,0.000923947,0.00078823,0.002970234
2462,2.952093576,0.005112915,3.440584343,0.005283974,0.000466544,0.000732242,0.00151584
2463,3.75036703,0.007136716,1.645146862,0.002481564,0.00027487,0.000711541,0.000234867
2464,3.710531865,0.003069997,2.205007522,0.007146065,0.000658179,0.000167183,0.002685643
2465,4.700604733,0.001746683,3.189951364,0.008420554,0.000462116,0.000673443,0.002121992
2466,4.053763557,0.007463504,2.639796555,0.005592124,0.000431544,0.000157291,0.002018105
2467,4.682027386,0.008764041,0.43909192,0.008454699,0.000906466,0.000317004,0.000375038
2468,4.08184618,0.008266182,2.175005666,3.7355E-05,3.81619E-05,0.000529728,0.002205769
2469,3.762370595,0.0029357,3.253196518,0.000548544,0.000237052,0.000102781,0.002044187
2470,3.094125569,0.003387763,1.991016315,0.00826298,0.000539525,0.000915261,0.00123731
2471,4.848589043,0.004329094,0.663175266,0.005592253,0.000257222,0.00010496,0.001067951
2472,4.754157519,0.001574899,2.340448881,0.002493937,0.000670255,0.000566825,0.001822603
2473,3.473575209,0.000896666,1.48814809,0.005216771,0.000374712,0.000788533,0.001179986
2474,3.12572755,0.002367068,1.460090783,0.002205548,0.000622327,0.000708064,0.001391215
2475,3.513944115,0.001667419,1.642790943,0.009777183,0.000946213,0.000191231,0.002130573
2476,2.557197579,0.009907577,0.338745719,0.004380461,0.000886549,0.000963947,0.001235815
2477,3.884287163,0.003625432,0.497787732,0.002931722,0.000369207,0.000588279,0.000553941
2478,3.062954951,0.009190948,0.063668718,0.004424582,0.000281148,0.000123892,0.001044663
2479,4.729490497,0.006354383,2.102019609,0.008228684,0.000351312,0.000390929,0.000772662
2480,3.100309165,0.009672928,3.806698414,0.007240921,0.000390429,0.000238845,0.002052201
2481,2.91030045,0.004459412,0.159051104,0.004256211,0.000156663,0.00031984,0.000436178
2482,4.33167388,0.001308409,0.447407132,0.008729797,0.000877594,0.000421852,0.001338095
2483,3.071783938,0.008526636,0.934937291,0.008140402,0.000823563,7.68104E-05,0.001713861
2484,2.521000319,0.002651199,1.13895264,0.001061709,0.000917939,0.00066486,0.000964959
2485,4.596742071,0.004119617,1.89211503,0.008791306,0.000300435,0.000286119,0.001511299
2486,4.629604081,0.008908684,0.76918883,0.009747381,9.02581E-06,0.000944,0.000951256
2487,3.741840732,0.009404515,2.214651454,0.000628924,0.000185833,0.000924289,0.001664977
2488,3.599182296,0.002184546,2.777711074,0.001314566,0.000731475,0.000130653,2.33655E-05
2489,3.163245645,0.007577735,3.952209849,0.006761197,0.000976916,0.000972701,0.002025215
2490,3.956152008,0.006972514,3.240297914,0.004715849,0.000621794,0.000460663,0.002043518
2491,4.874776491,0.00058623,1.678631629,0.007606184,0.000845823,0.000432467,0.000853371
2492,2.811866292,0.008857034,3.045443053,4.21005E-05,0.000108446,0.000166108,0.002671893
2493,3.15650181,0.007897294,2.90350153,0.004410612,0.000503031,0.000435469,0.001740663
2494,4.650048227,0.009218223,2.30711317,0.002212137,0.000267207,0.000318538,0.002847022
2495,3.606085713,0.001218162,3.729295911,0.008604818,0.000707157,0.000888649,0.000372114
2496,4.57353619,0.009259937,3.684740541,0.009467014,7.57025E-06,0.000577589,0.001363465
2497,3.301729263,0.004019932,2.384605878,0.003253485,0.000951208,0.000779811,0.000762553
2498,2.629542343,0.001064485,0.08305712,0.002353911,0.000739228,0.000491891,0.000462563
2499,3.480873079,0.0016905,1.536127356,0.000823898,0.000572339,0.000109424,0.002671191
2500,3.923187331,0.001172416,3.851192991,0.004579204,0.000247507,0.000822646,0.002115242
2501,2.574905207,0.008099165,1.25223142,0.001590737,0.000189364,0.000559251,0.001262549
2502,4.309227512,0.001571799,0.037257958,0.007428288,0.000649397,0.000827519,0.000444242
2503,3.200272743,0.007659012,2.263283231,0.00264926,0.000413239,0.000883647,0.000391014
2504,3.248736675,0.009795199,3.056396741,0.000892697,0.000585882,1.09658E-05,0.000686728
2505,3.096149902,0.004309171,3.030914325,0.000547598,0.000284228,0.000778789,0.001323019
2506,3.04425594,0.004734421,1.150677212,0.005962809,0.000897228,0.000470121,0.001584368
2507,3.808958664,0.00213845,3.681603294,0.007260402,0.000614353,0.000832722,0.002106241
2508,4.761380015,0.006736999,0.922152027,0.001829428,0.000948258,0.000564726,0.00177165
2509,4.47192546,0.002535488,2.819224645,0.003322791,0.000125642,0.000387471,0.000383114
2510,2.912790046,0.001133153,1.534913985,0.000926134,0.00046997,3.4164E-05,0.000897343
2511,3.018669884,0.007093623,3.59807737,0.003075722,0.000303783,0.000679867,0.002187506
2512,4.714663466,0.006735334,3.791103109,0.002691887,0.000786761,0.000199609,0.002757458
2513,3.732010105,0.007093118,2.820160576,0.008435062,0.000603776,0.000349478,0.000144714
2514,3.813292175,0.007938747,3.388650618,0.003488286,0.000266993,0.000636322,0.002594277
2515,3.520907635,0.005253519,0.66964683,0.002950283,7.13529E-05,0.000669108,0.000180527
2516,3.556976157,0.004396267,3.516464056,0.005595821,3.41133E-05,0.000490887,0.001067863
2517,2.994045515,0.003146069,2.102208338,0.00951717,0.000810089,0.000719321,0.002644523
2518,4.192879324,0.004216313,1.109395619,0.001037421,0.000852891,0.000866731,0.001217358
2519,4.295130089,0.009199449,2.098762228,0.003663659,0.000444172,0.000458234,0.000773412
2520,3.728593486,0.003608584,2.261935106,0.009432177,0.000778281,0.000472308,0.00167869
2521,3.670214862,0.005458101,3.70272824,0.005072571,0.000523169,0.000899478,0.00188014
2522,4.244585925,0.00838511,0.766698409,0.005709334,2.31477E-05,0.000667061,0.002223615
2523,2.664248864,0.007561696,2.78161916,0.004809662,0.00079571,3.78341E-05,0.002270438
2524,2.849762145,0.002513405,0.449272277,0.001513001,0.000677434,0.00014115,0.000695236
2525,3.902651515,0.00245738,2.214552857,0.000481862,0.000746351,0.000905046,0.001226323
2526,3.765899467,0.003767442,2.84425072,0.006886149,0.000546457,0.000416851,0.002214939
2527,4.273242842,0.000307817,1.878711683,0.003193809,0.000734191,0.00016955,0.002413972
2528,4.04818114,0.005526213,2.273054316,0.003854056,0.000996025,0.000828667,0.001065142
2529,2.503036104,0.005202576,2.494302778,0.006840329,0.000655177,0.000638801,0.001523453
2530,3.059306227,0.0065261,0.117116647,3.45775E-06,0.000104923,0.000994395,0.000811822
2531,4.488048447,0.003630368,2.089165336,0.007974445,0.000737256,0.000665427,0.001507885
2532,4.767204256,0.003578082,1.823413391,0.009878308,0.000261172,0.000116057,0.00058284
2533,3.029179516,0.000142816,0.731282771,0.007211149,0.000453068,0.000759539,0.000971472
2534,3.665984728,0.00433788,1.932111491,0.002114002,2.07986E-05,0.000777292,0.002531767
2535,3.4174961,0.002439211,0.444052857,0.003857298,4.26207E-05,0.000139698,0.002442762
2536,4.871536304,0.006388116,0.65998785,0.001844711,0.000928214,0.000152839,0.002355325
2537,3.701521133,0.008672099,0.238272801,0.005150391,0.000268224,0.000550665,0.001978094
2538,2.794274071,0.006388232,0.94544898,0.00655666,0.000271246,0.000230728,0.001986186
2539,4.464525506,0.000570302,1.26119331,0.000341389,0.000641264,0.000840923,0.002409205
2540,3.859612074,0.006515155,1.402578755,0.001159966,0.000573115,0.000509837,0.002461521
2541,3.460075088,0.005985741,0.516261858,0.002314455,0.000321663,0.000944125,0.002425809
2542,4.5363286,0.002422552,2.280313155,0.005603886,0.000506986,0.000730257,8.76778E-05
2543,3.184282593,0.009280277,2.537769644,0.002155874,0.000208403,0.000230901,0.000833649
2544,3.715877647,0.002969835,3.969845058,0.007341097,0.000232765,7.46647E-06,0.00054295
2545,3.815406183,0.001453164,2.239728328,0.002292686,0.000544187,0.000156869,0.001622538
2546,4.007876572,0.001190689,0.994592129,0.009287785,0.000302285,0.000730348,0.000297033
2547,3.858264232,0.001786828,2.334298961,0.006039055,0.000849968,0.000426489,0.002673031
2548,3.529901224,0.005092322,3.488032304,0.002473492,0.000159086,0.00076378,0.000378899
2549,2.701725155,0.006996175,1.839255888,0.004696007,0.00099103,0.000613866,0.000113822
2550,3.5055217,0.001170059,3.89962373,0.005127475,0.000925396,0.000727969,0.002061459
2551,3.016036293,0.006274687,1.601754173,0.003156216,0.000419612,0.000582334,0.002824914
2552,4.907430455,0.000556662,0.067373256,0.007919194,4.53838E-05,2.08043E-05,0.002061411
2553,3.798421444,0.005717071,3.52701056,0.006890032,0.000642608,0.000569036,0.001582927
2554,4.627738726,0.005203183,1.766103278,0.007231854,0.000104829,0.000490894,0.002021029
2555,3.265924629,0.009972063,0.10860409,0.009811845,0.000187844,0.00031894,0.000321593
2556,3.268544686,0.003038977,1.546153339,0.000665368,0.000881342,0.000882156,0.000423274
2557,4.727366706,0.009064887,3.46675592,0.007333254,0.000772274,0.00092582,0.002863742
2558,4.163487148,0.003245161,0.471577465,0.006392182,0.000609385,0.000403509,0.000115055
2559,4.787365337,0.002328699,0.633714855,0.009264529,0.000669399,0.000907203,0.000874171
2560,4.610300415,0.004164623,0.89482228,0.008749883,0.00011197,1.72393E-05,0.002469421
2561,4.778783992,0.007450929,1.621213887,0.006623744,0.000447723,0.00054343,0.001437627
2562,2.726353238,0.008601493,1.124846669,0.00576415,0.000893866,0.000902411,0.002654231
2563,2.656576897,0.009596631,3.478557202,0.000789676,0.000546591,0.000589856,0.002364713
2564,3.281586348,0.00144233,3.015969234,0.006161033,0.000897154,0.000837281,0.000590338
2565,2.515764654,0.001697747,2.548630509,0.003277219,0.000167048,0.000995224,0.002694548
2566,4.432354141,0.00458572,1.834000988,0.000155623,2.95581E-05,0.000417975,0.002640203
2567,4.468068402,0.007430656,3.65294878,0.00947405,0.000130759,0.000554389,0.001689591
2568,4.545602546,0.008771941,3.590155823,0.004661438,0.000832582,0.000919861,0.000887967
2569,3.383508634,0.00906163,2.2894311,0.00349539,0.000778248,0.000644041,0.001611718
2570,4.751538487,0.00914437,1.120298326,0.000978796,5.9947E-05,0.000663099,0.002230672
2571,4.210935801,0.007765675,3.629461474,0.000224141,0.00098904,0.000758985,0.001288665
2572,4.066816831,0.000463251,3.475335673,0.004818583,0.000842081,0.000260652,0.000842145
2573,2.588757419,0.00149616,3.237115329,0.008169854,0.00024178,0.000971676,0.001862068
2574,2.66659535,0.006833926,3.455527948,0.002463872,0.000204195,0.00029024,0.001052647
2575,2.700235504,0.004150264,2.244913502,0.00146839,0.000454919,0.000644696,0.001790979
2576,4.153099589,0.001930091,3.565878063,0.002465685,4.236E-05,0.000492447,0.002770519
2577,3.754648437,0.001185998,2.3548926,0.007477082,0.000332224,1.9677E-05,0.002380804
2578,2.990408946,0.00708345,1.448183236,0.002291096,0.000106697,0.000601041,0.000158847
2579,2.878151838,0.006311251,0.832392659,0.00722113,0.000451987,0.000808364,0.000317909
2580,4.390029985,0.000113902,1.380072038,0.008823124,0.000734711,0.000974252,0.002022605
2581,3.965499282,0.009330769,0.821630558,0.002108314,1.64578E-05,0.000183849,0.002562758
2582,4.100805704,0.003992495,3.987755565,0.00412291,0.000488983,0.000703995,0.000316932
2583,4.494577352,0.001692238,2.261000731,0.008369251,0.000758185,0.000153292,0.002044123
2584,3.26175605,0.009080526,3.756692471,0.003998894,0.000667618,0.000867144,0.000924404
2585,3.603922102,0.004251148,0.579688223,0.004683979,0.00099484,0.000665599,0.002357782
2586,2.714428238,0.002209111,3.239796758,0.000478768,0.000263759,0.000626381,0.002918602
2587,4.120510289,0.009226326,0.509369909,0.001559806,0.000754203,0.000752187,0.001350605
2588,3.240233778,0.005623196,0.912191069,0.000193498,0.000400532,0.000605613,0.001159128
2589,2.885189342,0.00343435,2.549339921,0.007826893,0.000711543,0.000373412,0.000453255
2590,2.912660621,0.004503625,0.313247846,0.005194179,0.000404468,0.000336737,0.001966925
2591,2.824164423,0.002895936,3.316966015,0.001992135,0.000685912,0.000991379,0.00138319
2592,2.663414372,0.00625414,2.47656787,0.00632649,0.000120071,0.000999121,0.0021024
2593,3.088951084,0.007570166,2.882753323,0.000158826,0.000439412,0.00063066,0.001558914
2594,3.290129566,0.005030029,2.925268608,0.003448361,0.000745269,0.000821985,0.000439396
2595,4.263614608,0.005086952,2.678653602,0.007999378,0.000535067,0.000439493,0.001757108
2596,4.4621256,0.007461743,3.04394751,0.003103647,0.000633498,0.000817381,0.002397905
2597,2.68714982,0.005475027,2.068242401,0.00208474,0.000150315,0.000797047,0.000114256
2598,4.389533443,0.001786589,0.925940941,0.005540834,0.000739532,0.000453487,0.002576464
2599,3.234555023,0.001826717,2.874393389,0.00215719,0.0008015,0.000712464,0.001619265
2600,3.774776771,0.006661442,1.254310358,0.002467238,0.000782466,0.000120904,0.000489324
2601,3.435907285,0.008442653,0.076181395,0.006683882,0.000535429,0.000122569,0.001477064
2602,3.23694606,0.001243001,3.731229876,0.003078311,0.0007354,0.000924603,0.002918562
2603,2.985835354,0.007762686,0.271180816,0.00594647,0.00090162,7.99611E-05,0.001425463
2604,3.008925294,0.007464481,0.702595621,0.003736499,0.000557653,0.00082316,0.001690601
2605,2.86677132,0.008282927,1.853160306,0.008233816,0.000416491,0.000113686,0.002081633
2606,2.915670854,0.005229411,1.543753348,0.008026704,0.000928256,0.000579872,0.000585063
2607,2.641808562,0.000128176,2.879981912,0.008448159,0.000454188,0.000269699,0.001623457
2608,2.568118947,0.001220966,2.477738691,0.001331436,0.000670691,0.000776163,0.000165081
2609,3.912377311,0.004539025,2.605551999,0.006914577,0.000391983,0.000733437,0.0002447
2610,3.406710693,0.003679798,2.034776167,0.004856649,1.60069E-05,0.000500576,0.000326708
2611,3.572556306,0.008443476,0.221724177,0.009163087,0.000661268,0.0004093,0.000496094
2612,4.575604899,0.009817422,2.418344037,0.005433629,0.000412711,0.000924783,0.00248656
2613,3.461751668,0.000482722,3.836294727,0.003457431,0.000863046,0.000684532,0.001695277
2614,2.775367056,0.001986201,2.273837111,0.008817384,0.000935308,0.000842276,0.000761376
2615,3.518801146,0.003658843,1.221706186,0.004994856,0.000945491,0.000588151,0.001304274
2616,4.14971775,0.007518826,0.649175425,0.008155796,0.000198851,0.000363019,0.000421242
2617,3.783982477,0.003637654,2.602556616,0.00602155,0.000389308,0.00094294,0.00112341
2618,4.903846745,8.54325E-05,1.301842714,0.004121619,0.000975514,0.00050398,0.002231257
2619,4.903373142,0.005079327,0.189129443,0.008949803,3.25431E-05,0.000255265,0.002653824
2620,2.601301177,0.000336123,1.60096754,0.001796945,0.000796928,0.000897941,0.000492372
2621,4.267050824,0.008835769,0.026797022,0.007912885,0.000537629,0.00057639,0.001788845
2622,4.730557971,0.009222038,1.24381333,0.000642878,0.000460603,0.000694652,0.001573915
2623,4.359909736,0.005238702,3.327494597,0.005618851,0.000518353,0.000886949,0.001699489
2624,3.73245065,0.009013351,1.446699623,0.008409602,9.42811E-05,1.42948E-05,0.002789436
2625,3.887263369,0.009131093,3.264369677,0.001944872,0.000299091,0.000890904,0.00034259
2626,3.856891619,0.008935854,0.550896567,0.00721911,0.000519779,0.000942203,0.00264163
2627,3.336193377,0.007192703,0.601992273,0.006416831,0.000529386,0.000824458,0.002869764
2628,3.238105293,0.008939336,1.600898937,0.008751564,0.000665548,0.000611319,0.001211086
2629,4.533954091,0.003291357,3.824461833,0.009139923,0.000452314,0.000638597,0.002399802
2630,4.261518559,0.00459968,0.125321725,0.003254208,0.000291331,0.000738433,0.002943211
2631,4.229107176,0.00275817,0.78298769,0.002558534,0.000957165,0.000317807,0.00090478
2632,3.723048224,0.007347714,3.626137895,0.00090167,0.000481915,0.00044278,0.00091395
2633,3.671512693,0.000160278,0.511303674,0.005969999,0.000553308,0.000443674,0.002039759
2634,4.487095124,0.00955518,2.883304976,0.00986555,0.000495062,0.000588982,0.002944081
2635,2.676767056,0.007097315,2.594843057,0.007151583,0.000486108,0.000679683,0.002552522
2636,3.006661232,0.008929388,2.667499875,0.006446021,0.000245322,0.000192537,0.000426618
2637,4.652691807,0.003596447,2.711143727,0.008719669,0.000462781,3.75568E-05,0.002545673
2638,3.085938699,0.004113609,1.480044914,0.006093635,0.000788401,4.0419E-05,0.001315711
2639,3.997546972,0.003121529,0.837554413,0.002879801,0.000134735,0.000861312,0.002783246
2640,2.874899802,0.00510939,0.144173036,0.006744267,0.000849219,0.000432264,0.001244367
2641,3.876686025,0.005318502,0.269895196,0.003159735,0.000773061,0.000683293,0.001034154
2642,3.8790427,0.008285969,0.255237088,0.00327977,0.000638316,0.000743238,0.001246384
2643,4.015638903,0.006375036,3.642362634,0.00621046,0.000960385,3.46661E-05,0.00070602
2644,4.951793025,0.005618281,1.294111887,0.003968682,0.000908293,0.000735419,0.002052157
2645,3.161668093,0.009304784,3.472055173,0.006193146,0.000990139,0.000456664,0.001605399
2646,3.788431667,0.005709678,2.560231582,0.006395277,0.000507465,0.000839874,0.001100949
2647,3.276376188,0.008881003,1.640922304,0.001641262,4.28456E-05,0.000276834,0.002952649
2648,3.81766236,0.008800609,0.576234881,0.008481526,0.000984898,2.12798E-05,0.002691137
2649,4.466982272,0.009572487,2.178807179,0.006906421,0.000372915,0.000854155,0.000659738
2650,2.831636638,0.003793916,2.912504334,0.009303095,0.000669746,0.000192986,0.002491741
2651,3.654258237,0.002710393,1.332361294,0.002402439,0.000787515,0.000305606,0.002735967
2652,4.269650189,0.001840535,3.636757515,0.007270489,0.000428689,0.000217282,0.000889105
2653,2.775031644,0.000127564,1.547832445,0.002148323,0.000392615,6.83809E-05,0.000716906
2654,2.555342026,0.009815737,0.160904675,0.009959041,0.000502251,0.000505539,0.002079222
2655,3.848189143,0.005983812,0.146860137,0.004052428,6.38927E-05,0.000421478,0.002991721
2656,2.760975718,0.003511153,1.027402383,0.004890977,0.000225183,0.000835183,0.002147371
2657,4.21785979,0.001459178,1.433675852,0.008427413,0.000375842,0.000817394,0.000862592
2658,4.350877706,0.001852315,0.32488866,0.000707116,0.000767221,0.000431083,2.71099E-05
2659,3.285040474,0.008403439,0.341491702,0.006268687,0.000976245,0.000734948,0.000137213
2660,3.864601533,0.000409259,0.028379671,0.009625148,0.000996417,0.000609636,0.002829658
2661,4.767352222,0.005259887,3.853060183,0.005381763,0.000250598,0.000425171,0.000280251
2662,4.628732863,0.008438734,2.449109572,0.000262556,0.000683881,0.000529934,0.000108016
2663,3.816029424,0.006331078,0.86966122,0.007782909,0.000739458,0.00044625,0.002989265
2664,2.626625769,0.001296255,0.807758586,0.007180205,0.000665271,0.000287074,0.001241395
2665,3.284889638,0.004817853,3.922099557,0.006753228,0.000320263,0.000946176,0.001363412
2666,3.053005391,0.00195526,1.441615568,0.009002632,0.000530936,7.38262E-06,0.001019602
2667,4.372269325,0.00103871,3.977206353,0.004550376,0.000540205,0.000578921,0.002479033
2668,2.790458492,0.001689108,0.021443962,0.00038331,0.000891503,0.000495094,0.002913886
2669,3.386995711,0.009974623,0.693621214,0.006060909,0.000955525,0.00021876,0.00037737
2670,4.297806636,0.007214327,3.702155427,0.005936726,0.000936127,0.000506018,0.000583055
2671,2.932631223,0.001612556,2.198157097,0.006385209,9.44413E-05,0.000673113,7.60349E-05
2672,4.378225598,0.009878033,0.552473631,0.000507516,7.58964E-05,0.000863567,0.000697643
2673,3.128800511,0.009283521,0.143091359,0.004203148,0.000601875,0.000422218,0.002423506
2674,4.136018047,0.008512453,0.911663854,0.008579997,0.000392038,0.000182336,0.001063323
2675,2.621251729,0.005198831,3.370699971,0.004337707,0.000586352,0.000907015,0.000230015
2676,3.085253819,0.003806648,2.683295041,0.002588004,0.000902314,0.000360516,0.001832504
2677,3.056189559,0.003814394,1.508432832,0.003013052,0.000715067,0.000790229,0.000523523
2678,4.700124819,0.001962057,1.651705276,0.007593104,0.000184078,0.000981662,0.000957936
2679,4.299390797,0.004937272,2.834598169,0.005666719,0.000383257,0.000169301,0.001571774
2680,3.049451043,0.00184229,2.36130081,0.009731215,0.000116383,0.000111625,0.001038539
2681,4.318864244,0.005109648,2.732302021,0.004955454,0.00070841,0.00014939,0.000709237
2682,2.639723831,0.009492393,2.625471895,0.008320249,4.08889E-05,0.000111136,0.001526255
2683,2.893332564,0.000800752,3.011221449,0.009837447,0.000650619,0.00068732,0.001383313
2684,3.374021759,0.000807391,2.075008595,0.009594539,0.000338005,0.000647957,0.002954886
2685,3.003080979,0.00125329,2.653222886,0.008256801,0.000860645,0.000571137,0.001710858
2686,3.654813765,0.001185633,0.495137282,0.004262327,0.000741299,0.000660467,0.002906643
2687,2.982916535,0.002683188,3.089571264,0.003612772,0.000880095,0.000476878,0.001786094
2688,4.167331699,0.007752931,0.942736894,0.00644699,4.49548E-05,0.00032921,0.00266923
2689,4.981875976,0.00458465,1.712403864,0.001458794,0.000259857,0.000970122,0.00035932
2690,4.305410809,0.002164192,3.222091221,0.004092631,6.25487E-05,0.00039042,0.002857794
2691,2.543414047,0.004388083,0.437153691,0.000427837,0.000557499,0.000809903,0.000116129
2692,4.050628802,0.007885608,1.793445679,0.006866752,0.000602969,0.000765039,0.002133203
2693,2.664100534,0.008219,3.329934347,0.000277058,0.000964835,0.000328986,0.001393259
2694,4.432033284,0.001907093,3.864239773,0.0064687,0.000899885,0.000491863,0.000879061
2695,4.200083629,0.00116341,1.775984152,0.005132667,4.58826E-05,5.53053E-05,0.000836275
2696,3.018605872,0.009921516,2.888567475,0.002796751,0.000912523,0.000303865,0.001441111
2697,3.242846457,0.004624779,3.562426971,0.006183999,0.000883192,0.000997659,0.002967536
2698,4.385800032,0.00223015,2.904811838,0.000911089,0.000363745,0.000970346,0.001965025
2699,4.013198249,0.001933073,0.870054338,7.76752E-05,4.12649E-05,0.000697226,0.000504721
2700,3.253381213,0.008041022,0.837525029,0.002399882,0.000623448,0.000858649,0.001629114
2701,3.827774702,0.004744036,1.573730058,0.004357558,0.000415763,0.000946388,0.002676376
2702,3.90836964,0.007498394,1.929514698,0.0051406,0.00051275,0.0003294,0.002902855
2703,4.047522753,0.004249617,0.975302828,0.007092036,0.000158689,0.00063895,0.00097639
2704,2.615995653,0.003315552,1.223938167,0.003759339,0.000190267,0.000475619,5.31988E-05
2705,3.05828003,0.00939719,2.659740078,0.005814552,0.000124912,6.50412E-05,0.002345711
2706,3.220692582,0.004022252,2.314728898,0.008139874,0.000394045,0.000102293,0.001896622
2707,4.747045157,0.003663791,3.141086685,0.001397037,0.000835487,0.000695286,0.002105204
2708,2.672933943,0.000266251,3.230700238,0.008467421,0.00065822,0.000637715,0.002233474
2709,2.998036174,0.005227214,3.829965585,0.007252253,0.0008009,0.000663233,0.001860448
2710,3.505058303,0.000322895,1.24598734,0.001737658,0.000554381,0.00053757,2.04476E-05
2711,3.805386625,0.003810087,0.213221355,0.005802222,0.000141825,0.000785613,0.002254446
2712,4.995177977,0.005939405,1.636215135,0.000297848,0.00015174,0.000953699,0.002868651
2713,3.999301025,0.005603835,3.713955036,0.003136905,0.000178408,9.07562E-05,0.000399212
2714,3.575542448,0.002332531,2.964406562,0.003245268,0.000686856,0.00057554,0.001427959
2715,2.746633407,0.006197227,0.839990627,0.001807134,0.000229079,0.000375564,0.001547023
2716,2.625832807,0.005579237,1.286322345,0.003998368,0.000942976,7.9526E-05,0.002133683
2717,4.93027979,0.001185484,0.30017141,0.004548687,0.000712264,0.000103868,0.001453596
2718,3.679027712,0.00390332,0.417232396,0.000521773,0.000353142,0.000435812,0.000677579
2719,4.199780794,0.003778688,2.968313548,0.001993747,0.000140464,0.000658402,0.002487542
2720,3.06153357,0.004713599,0.856334465,0.00339948,0.000195327,0.00078372,0.000113085
2721,4.096682363,0.00282755,2.308761016,0.005845969,0.000922189,0.000438145,0.002338821
2722,2.938727198,0.005749308,3.146027578,0.005209385,0.000453175,0.000400895,0.000455566
2723,4.429101622,1.92949E-05,3.090331409,0.009623297,0.000987766,0.000400915,0.000211198
2724,3.287175177,0.006744449,3.161339916,0.005294344,0.000371371,0.000493388,0.001122507
2725,3.27674292,0.009282812,3.378541174,0.001888958,0.000611201,0.000966292,0.000573428
2726,4.848715577,0.008790667,2.078518891,0.0081778,0.00047958,0.000677825,0.000103849
2727,4.554674135,0.006741375,3.985432664,0.00350241,0.000301374,0.000111107,0.00292379
2728,4.127014556,0.000441168,2.582807727,0.005846521,0.000912361,0.000376851,0.002617789
2729,2.715933045,0.003091332,0.488965448,0.000566361,6.05924E-05,0.00020515,0.002581569
2730,3.76321376,0.009408565,0.822372882,0.009344919,0.00092575,5.30707E-05,0.000308182
2731,4.974792793,0.006436036,2.582098745,0.006330873,0.000948409,0.000448625,0.001557143
2732,4.254075397,0.008601132,3.934729716,0.008092498,5.70677E-05,0.000164215,0.002457151
2733,2.68925015,0.005016471,0.697249272,0.002762659,0.00093288,0.000422234,0.002963463
2734,3.663585417,0.001665774,3.661488911,0.007029085,0.000774322,6.99517E-05,0.002056119
2735,3.945869948,0.00481866,0.88907861,0.00834978,0.000307782,0.000348683,0.001648731
2736,3.115028229,0.004334189,3.159235253,0.000423075,0.000991457,0.000498986,0.001997437
2737,3.509400628,0.002925517,2.383754896,0.005172891,9.73568E-05,0.000901935,0.002591801
2738,4.577078146,0.00765578,2.196045162,0.008763227,0.000514637,0.000211428,0.001541677
2739,3.313061353,0.007751094,2.465146853,0.00919822,0.000856876,0.000894995,0.002835857
2740,3.929273836,0.000450333,3.396277442,0.004133715,0.00062786,0.000889003,0.00022328
2741,4.711306039,0.007196334,0.114241466,0.003160595,3.633E-05,8.22453E-05,0.001311418
2742,3.945968486,0.005195855,0.765789653,0.009323035,0.000189107,0.000805554,0.001909748
2743,3.516047732,0.002821008,1.935590728,0.003633304,0.000586293,0.000672013,0.002993061
2744,3.796095735,0.002185544,0.557636554,0.004178892,0.000237319,0.000932583,0.001231202
2745,2.719899935,0.005591071,1.068062039,0.001851352,0.000432974,0.000518026,0.000240457
2746,3.310066622,0.006305805,2.219214364,0.008779587,0.00022144,0.000986304,0.002781071
2747,2.700948846,0.002885243,0.32303107,5.96041E-05,0.000670717,0.000915346,0.00222627
2748,4.775693557,0.005645897,3.800381298,0.006091006,0.000968751,0.000658763,0.000670717
2749,2.996700869,0.000676089,0.700295448,0.001989456,0.000390488,0.000685058,0.000841122
2750,3.300766684,0.000205482,2.560710297,0.006466991,0.000923756,2.12021E-05,0.000608786
2751,3.276754426,0.005767683,2.220097358,0.009194812,0.000846116,0.000609941,0.002358372
2752,2.921249547,0.002961665,0.363024737,0.003447276,0.000974505,0.000113675,0.000543343
2753,4.459286896,0.005281759,2.420600135,0.005664068,3.74137E-06,0.000128662,0.001863747
2754,4.960494023,0.004352584,0.966445065,0.000680618,0.000246987,0.000740932,0.000499405
2755,3.041638973,0.006523947,2.790081786,0.009197688,0.000892304,0.000661882,0.001577884
2756,3.987781537,0.006890934,0.356050199,0.00914567,0.000297271,0.000197379,0.001336553
2757,4.081399012,0.000497577,2.016142582,0.005181978,0.000109151,0.000455944,0.000267574
2758,2.841026805,0.004708067,1.66910058,0.008341183,0.000575441,0.000512027,0.000601257
2759,3.611872048,0.006312011,3.039383528,0.004678196,0.00057217,0.000560431,0.000610154
2760,3.714742786,0.00027248,3.099596235,0.007256813,0.000141109,0.000124909,0.000179344
2761,4.823899224,0.006661087,0.832902078,0.002513534,0.000634387,0.000401592,0.000386617
2762,4.992465273,0.005672426,0.437371544,0.001495114,0.000779769,0.000117853,0.002840918
2763,3.655372149,0.004060106,0.543771539,0.003241625,0.00037516,0.000368825,0.002286375
2764,4.347889303,0.005644966,2.905129929,0.005235129,4.04371E-05,0.000902691,0.002304397
2765,4.397796179,0.004836706,3.734684372,0.003469872,0.000245782,0.0008972,0.001823904
2766,3.959105271,0.001344094,1.882214276,0.009667489,0.000188383,0.000455495,0.00253503
2767,3.119457058,0.002479314,1.509185839,0.004062272,0.000160617,0.000945221,0.00063196
2768,3.709446246,0.0064843,3.980803212,0.003054502,2.06169E-05,0.00015895,4.59707E-05
2769,4.24951236,0.001563587,1.832063783,0.006297813,0.000829898,0.000174103,0.001980443
2770,4.079252164,0.00157033,1.098300575,0.004697803,0.000346362,0.000992834,0.001951402
2771,3.888238715,0.00782927,2.431699118,0.000844155,0.000859053,0.000988415,4.85259E-05
2772,4.519385407,0.008858875,2.201723891,0.006692226,5.07359E-05,0.000444253,0.002459817
2773,4.890236892,0.003268187,2.628549421,0.005517273,0.000157457,0.000671133,0.001255551
2774,4.732339497,0.004165422,1.699432308,0.009251095,0.000284188,0.000274029,0.001670319
2775,3.293377689,0.008322997,3.970424831,0.002857965,0.000814952,0.000182358,0.001388109
2776,3.047757812,0.00550626,2.900535057,0.005191608,0.000964662,5.53112E-05,0.002869126
2777,2.807332441,0.001184993,1.273586215,0.001746834,0.00091129,0.000575509,0.000658822
2778,3.67070171,0.00979607,2.892735891,0.000241579,7.03372E-06,0.000662813,0.002905148
2779,3.98404853,0.00213539,2.154631988,0.000175596,0.0008606,0.000648011,0.000892865
2780,3.759826886,0.001111616,3.704479009,0.004477262,5.31154E-05,0.0001032,0.002373419
2781,2.721778862,0.004575651,1.794297686,0.00666268,0.000366682,0.000340843,0.002676062
2782,4.800076383,0.005209801,2.423185672,0.003144442,0.000873354,0.000713111,0.001971433
2783,2.870903075,0.008598941,1.80041025,0.006982953,0.000634257,0.000507217,0.000609465
2784,2.670501199,0.001323756,0.642983049,0.004694343,0.000421716,0.000946342,0.001428417
2785,4.07608313,0.002255477,0.059513864,0.001124916,0.000866909,0.000591596,0.001235046
2786,3.902006811,0.003041739,2.396584289,0.00200069,0.000451306,0.000309584,0.0010523
2787,4.057620323,0.000643683,0.218796676,0.003724238,0.000656946,0.00052546,0.00222499
2788,4.003594878,0.009631248,2.550732383,0.003930335,0.000661844,0.000486988,0.001860969
2789,3.243444826,0.002680741,0.787621612,0.00811573,0.000294628,3.72466E-05,0.002146786
2790,2.798986679,0.009196632,2.241305767,0.00932577,0.000231477,0.00029825,0.000637116
2791,2.747906429,0.009103644,2.679675836,0.006257006,0.000474193,0.000969584,0.002249254
2792,4.143099382,0.001040657,1.518134849,0.000613884,0.000361582,0.00076739,0.002945627
2793,4.822613576,0.001509054,1.521570728,0.002166774,0.000695057,0.00026127,0.000369539
2794,3.202136889,0.001318793,1.882900407,0.004865145,0.000290009,0.000737128,0.002937228
2795,2.731900625,0.009137271,1.616019122,0.006815471,0.000533949,0.000607176,0.001111258
2796,3.100831076,0.008254376,1.65678481,0.004907367,0.000455497,0.000150188,0.001782319
2797,3.983545689,0.004115788,0.504595966,0.007160613,0.000534498,0.000811885,0.000649217
2798,4.145544218,0.007558503,1.878250914,0.002912897,2.89927E-05,0.000468724,1.66878E-05
2799,4.197255863,0.00016114,1.028244115,0.001667181,0.000614334,0.000316339,0.000973664
2800,2.51333124,0.007936738,1.78557426,0.00510857,0.000435183,0.000457045,0.002250594
2801,3.127115424,0.0044581,1.922164796,0.000422691,0.000655723,0.000748957,0.00284568
2802,3.430180743,0.004067373,3.441334935,0.000679675,5.9191E-06,6.34488E-05,0.001554229
2803,3.390026606,0.009194559,1.769409264,0.009615952,0.000773999,0.000326213,0.002059731
2804,3.619203749,0.009337125,3.069996878,0.001426972,0.00037136,0.000772033,0.000114368
2805,4.341278373,0.002952046,3.099725155,0.000646487,0.000692857,0.000140704,0.002121145
2806,4.125220704,0.009387662,0.410271426,0.004617443,0.000616774,0.000460844,0.00207259
2807,2.552854905,0.00885205,3.424041283,0.005446525,0.000363342,0.000663401,0.002227833
2808,2.663241453,0.008086002,1.271855563,0.005731491,0.000116375,0.000145088,0.000315315
2809,2.738990004,0.00453363,2.153632178,0.000283671,0.000781916,0.00027672,0.001895814
2810,4.101536826,0.000573105,3.594784864,0.00088629,0.000774281,0.0005476,0.001003576
2811,4.402873129,0.005414263,0.546059095,0.006674963,0.000672241,7.41096E-05,8.21483E-05
2812,2.822747097,0.00704111,0.153698129,0.007605498,0.000869631,0.000436251,0.000334101
2813,2.69339307,0.008363613,3.7986512,0.005881497,0.000571709,0.000639082,0.002872163
2814,3.597507969,0.002162,1.101262712,0.005014268,0.00097991,0.000209067,0.000734388
2815,4.470593647,0.007621188,3.901020348,0.009479421,0.000529369,8.61084E-05,0.000292922
2816,4.278889715,0.001342628,2.193959307,0.008435107,0.000719674,0.000618042,0.000269256
2817,3.613552189,0.006787156,0.105026927,0.007152265,0.000668318,0.000651788,0.000416253
2818,2.526252972,0.004591887,2.771975814,0.005317969,0.000638421,6.04643E-05,0.00050556
2819,4.566316154,0.008475602,0.608058863,0.002338398,0.000652807,0.000490709,0.002081183
2820,4.149866716,0.001181621,0.204124216,0.004254503,0.000942844,0.000814144,0.002785701
2821,4.239482126,0.003584006,2.764146036,0.000515334,0.000349141,0.000623863,0.002644588
2822,3.211699567,0.007680768,1.882570384,0.000889785,2.95564E-05,0.000983053,0.000270865
2823,4.581746109,0.00474358,1.611234725,0.008972255,0.000210584,0.000344527,0.00015906
2824,2.615954558,1.51755E-05,1.064330368,0.006308335,0.00048202,4.66976E-06,0.001661509
2825,3.86438574,0.008059646,2.047497639,0.005752666,0.000800721,0.000493574,0.0024226
2826,4.637396633,0.00215436,2.31640854,0.001467235,0.000824657,0.000236149,0.001732189
2827,2.769538617,0.002800713,2.859372617,0.007034815,0.000297001,0.000208782,0.000106711
2828,3.769610988,0.007973083,1.64409801,0.005980434,0.000108197,0.000306531,0.000975099
2829,4.079973065,0.008116616,2.064376489,0.007553259,0.000101078,9.01375E-05,0.002439879
2830,4.399887538,0.001766025,3.156603146,0.002778453,0.000535187,0.000868293,0.001517705
2831,3.851983948,0.007774593,0.731398515,0.00355079,0.000933655,0.000426459,0.002098255
2832,3.277651324,0.004541368,2.014930676,0.000404209,0.00067798,0.000969635,0.001736167
2833,3.201689563,0.004254917,1.764770533,0.007952936,0.000634795,0.000154415,0.00037395
2834,4.069462333,0.001330059,1.215244735,0.007124943,0.000102474,0.000112889,0.001668138
2835,4.840958254,0.005382361,0.626680729,0.005596126,0.000586914,0.000209719,0.001332569
2836,3.454302326,0.004854775,0.806757765,0.005530649,0.000620918,0.000635269,0.000993249
2837,4.980906678,0.000848818,3.756796648,0.003817663,0.000776401,0.000162031,0.002675096
2838,3.455745535,0.000125651,2.760062169,0.002085025,0.000149645,0.000255441,0.002629305
2839,4.520186403,0.006209206,0.157948031,0.007149916,0.000581039,0.000111466,0.001564853
2840,2.753941171,0.008158195,1.162276505,0.009711289,0.000272406,0.000667474,0.001749982
2841,4.809214723,0.007783678,2.198970206,0.007205381,0.000772055,0.000699664,0.002514363
2842,3.857535899,0.004435414,2.189993395,0.004481568,7.59981E-05,0.00090332,0.001323895
2843,2.82227842,0.001438548,3.531811107,0.003647217,0.000793341,0.000633157,0.000982206
2844,4.475123724,0.002132316,1.060118658,0.008475326,0.000563173,0.000758603,0.001468083
2845,3.033998861,0.009714533,3.553798185,0.009778692,0.000435066,0.000683736,0.00030903
2846,4.164177743,0.004533601,2.241757769,0.007895284,0.000561722,8.88769E-05,0.00111214
2847,3.808507198,0.005042435,0.487496662,0.00769253,0.000399587,0.000306206,0.002499329
2848,4.15875441,0.003333099,3.037811592,0.00378388,0.000359795,0.000529767,0.000218623
2849,4.514737563,0.005678086,2.999788812,0.003763526,0.000417487,0.000532767,0.001677228
2850,4.429112726,0.000950297,0.817370957,0.003054773,0.000794884,0.000196054,0.001492266
2851,4.589860151,0.002588982,0.719325791,0.001444479,0.000562202,0.000161649,0.001361669
2852,4.0989943,0.004676492,3.80346635,0.004127234,0.000328345,0.000150417,0.001524306
2853,4.390976528,0.004744604,1.492964058,0.008191289,0.000337547,0.000240272,0.000754919
2854,4.759232669,0.008656807,1.717478727,0.001680345,0.000980502,0.000182521,0.000216281
2855,2.913385816,0.007276898,1.650111982,0.002903604,0.000798215,0.00041685,0.0025399
2856,2.560670452,0.006331459,0.054953354,0.003183392,0.000582949,0.000126721,1.07462E-05
2857,4.861612076,0.007243498,2.526544488,0.001725628,0.000427529,0.000325006,0.000241035
2858,2.830406422,0.004947175,3.613007514,0.000186857,4.29771E-05,0.000638575,0.002857998
2859,2.82244101,0.004702278,3.191097259,0.00583344,0.000602744,0.000977803,0.000260895
2860,2.723862163,0.007730844,1.669557079,0.006292193,0.000868378,4.87841E-05,0.002198313
2861,3.703809603,0.006760065,3.828092006,0.001829188,0.000193954,0.000659972,0.000694344
2862,4.261415518,0.005512983,3.087226979,0.009106577,0.00069462,0.000745656,0.00052185
2863,3.978005241,0.007553983,2.588731757,0.002825841,0.000685003,0.000740773,0.002000696
2864,3.408076606,0.002300468,3.364186641,0.00999996,4.54088E-05,0.000598914,0.001281546
2865,3.225964002,0.009771871,2.432335635,0.002380968,0.000531329,0.000291879,0.001941086
2866,4.058040106,0.007599678,0.550129993,0.008128455,0.000918878,0.000250245,0.00177829
2867,2.57408243,0.001033512,3.802843846,0.005366883,0.000888127,0.000395045,0.001031258
2868,3.699847099,0.004560111,3.4204129,0.005481664,0.000762904,9.88876E-05,0.000514943
2869,2.725672457,0.000499777,0.409023368,0.004318225,0.000435876,0.000444333,0.002171746
2870,4.759560835,0.004708022,1.155520719,0.001569176,0.000457658,0.000985272,0.002367757
2871,2.861716802,0.000212328,2.700091775,0.006196516,0.000738778,0.000286158,0.002274101
2872,2.733731939,0.003222,3.491969572,0.003472856,0.000414701,0.00033113,0.000624643
2873,3.110432066,0.002696872,1.521303966,0.003747792,0.00056572,0.000629024,0.002202878
2874,3.219785019,0.005065843,0.692619624,0.001745746,0.000537924,0.000779633,0.001817584
2875,4.812112601,0.00426705,3.279861963,0.007474638,0.00071259,0.000890375,0.000523928
2876,2.680016468,0.001443739,3.18646782,0.000394778,0.000931391,0.000235551,0.00191869
2877,3.924205122,0.009236419,3.726555499,0.00102725,0.000788153,0.000982301,0.001233815
2878,4.031979034,0.004123648,3.176242779,0.002201892,0.000635436,0.000864878,0.001637305
2879,3.265741897,0.00857636,2.658689778,0.000766476,0.00082691,0.000335243,0.000578445
2880,4.337892659,0.006026602,3.833258445,0.000446644,0.000694574,0.00023494,0.000199294
2881,4.43703672,0.001253704,3.544955736,0.008625819,0.000624169,0.000545576,0.001220732
2882,4.698477961,0.006571974,2.996617006,0.002317654,0.000883637,0.000273166,0.000571752
2883,3.846343899,0.002543639,3.179781856,0.003088682,0.000548994,0.000755378,0.000679743
2884,4.296237966,0.005893621,3.107792591,0.005388395,0.000996871,0.000685584,0.002954609
2885,3.214450656,0.009657745,3.898477396,0.009044711,0.00074571,0.000950373,0.001537041
2886,2.894586301,0.006104612,3.132077759,0.006383508,0.000301582,9.62832E-05,0.001107085
2887,3.679094404,0.002468253,0.158836351,0.000493833,0.000858576,0.000140427,0.001043135
2888,4.790911899,0.009164523,0.463008794,0.008599296,0.000171379,0.000382427,0.002734281
2889,3.734926883,0.004304868,3.326641596,0.006909132,0.000629235,0.00031346,0.002594889
2890,3.158185718,0.007240465,0.975501971,0.009777363,0.000788888,0.000679236,5.33672E-05
2891,2.769071044,0.001727729,3.902540959,0.005138158,0.000536106,0.00078857,0.001171363
2892,4.554526519,0.004780305,2.551615605,0.007489266,0.000765714,0.000139544,0.00073449
2893,4.291865033,0.002537116,2.812815524,0.009306402,0.000941641,0.000953979,0.002220289
2894,3.460459976,0.001271818,0.352860957,0.006089318,0.000926714,0.000206339,0.00262569
2895,4.512641046,0.009304123,3.877989992,0.009154852,0.00089193,0.000278375,0.000179724
2896,3.889854696,0.007345906,1.231395636,0.009574473,0.000835868,0.000228168,0.00170701
2897,3.880144203,0.006608489,0.689328034,0.000490726,0.000526615,0.0008113,0.002718726
2898,4.187661456,0.008978754,1.422804989,0.000585711,0.000694965,5.40288E-05,0.000871072
2899,3.837838192,0.006991709,3.804691543,0.009425697,0.000319727,0.000997615,0.002277795
2900,3.637771266,0.009911009,1.439852778,0.003914199,0.000402454,0.000510523,0.000839928
2901,3.21247037,0.00261685,3.231425122,0.002335865,0.000405358,0.000640541,0.001680834
2902,4.742715633,0.004824223,0.157024603,0.006623457,0.00019694,0.000665895,0.002282131
2903,3.114119312,0.004245354,0.86954706,0.00142893,0.000746402,0.000127524,0.000175903
2904,3.504994811,0.009243036,2.045291017,0.008651062,4.11757E-05,0.000538561,0.001955554
2905,4.094985318,0.006567792,0.207634811,0.004220289,0.000111506,0.000731469,0.000682152
2906,3.961644104,0.008946434,2.569483502,0.000721126,0.000369772,0.000108276,0.002685203
2907,2.827682417,0.00997019,2.885598014,0.002642685,0.000867906,0.000752526,0.000372034
2908,3.250322637,0.005256833,0.422951381,0.008098492,0.000900423,0.000629439,0.001613956
2909,3.50623526,0.001867064,2.758393964,0.008265167,0.000587682,0.00086771,0.001416266
2910,2.733786538,0.000201775,0.07547954,0.002840851,0.000741204,0.000967662,0.002365657
2911,4.342257205,0.007492307,3.075753912,0.005682927,4.51231E-05,0.000628397,0.000359472
2912,4.758857273,0.005527921,0.475813152,0.00876538,0.000656548,0.000552846,0.00241897
2913,4.497030768,0.00730132,2.183382892,0.003014937,0.000593777,0.000130489,0.001060243
2914,4.410604696,0.009010225,2.168517332,0.008492104,0.000513483,0.000264913,0.001362954
2915,3.949805529,0.003419389,1.038136907,0.00038671,0.000355446,0.000963958,0.001664976
2916,2.621686571,0.001381126,2.070739168,0.002293828,0.000220694,0.000514915,0.000712662
2917,3.212579254,0.000680364,1.224598968,0.009020501,7.51067E-05,0.000166083,0.00281968
2918,2.600596033,0.006703615,1.756407988,0.004037317,0.000528218,4.79611E-05,0.001149343
2919,4.144919856,0.000152187,0.846795348,0.001736915,0.000666022,0.000957631,0.000535682
2920,4.891060949,0.009115781,1.402685379,0.000199204,0.000871383,6.58344E-05,0.002347783
2921,4.673320221,0.00242686,3.403778919,0.004830562,0.000877397,0.000766856,0.000286689
2922,2.853184793,0.004957306,2.719460508,0.001676673,4.85533E-05,2.0033E-05,0.000804507
2923,3.630865868,0.001908135,3.660914116,0.000250074,0.000688362,0.000275093,0.002382483
2924,2.809451835,0.008582828,3.568964178,0.000903856,0.000564662,0.000580281,0.001257205
2925,4.880901621,0.009980959,3.629288909,0.006693074,0.000287733,0.000538554,0.000756586
2926,3.509764425,0.003012437,1.167084861,0.002430087,0.000455568,0.000514077,0.001820271
2927,4.905015644,0.004773396,0.100677169,0.008792958,0.000431565,0.000122149,0.001669356
2928,3.939139953,0.00392464,0.291291204,0.00598396,0.000498667,0.000229228,0.00270652
2929,3.509095711,0.007181329,0.540206137,0.001891273,0.000935384,0.000794398,0.00172102
2930,4.956585076,0.005285858,3.847636076,0.005856895,0.000227241,0.00042496,0.000126819
2931,3.889815726,0.001434073,1.292298096,0.009787386,0.000736698,0.000781181,0.002916804
2932,4.469482974,0.003277471,3.684697192,0.008551617,0.000662579,0.000456764,0.001851874
2933,4.470515559,0.003394674,2.359845721,0.00031774,0.000481997,0.000339886,0.002207335
2934,3.382187276,0.007636173,3.708753693,0.004964432,0.000129389,0.00089072,0.002377963
2935,4.311579668,0.002517554,0.35298623,0.003045901,0.000612815,0.000709577,0.002340928
2936,4.136987113,0.001280847,1.708436271,0.00824483,0.000639927,0.000130493,0.002571171
2937,2.987542162,0.006616073,3.975477396,0.00521046,0.000958517,0.000192935,0.002644435
2938,2.645835794,0.004391484,2.967703161,0.007583452,0.000957461,0.000887983,0.000988863
2939,4.367142203,0.004467723,3.442619737,0.007372853,7.71299E-06,0.000297343,0.002268156
2940,2.786417967,0.009127245,0.187295984,0.008468385,2.18495E-05,0.000593707,0.001861947
2941,2.716179352,0.003516005,0.710894363,0.005035432,0.000290788,0.000677756,0.002115752
2942,3.147510053,0.007161631,2.097861447,0.009712366,0.00064293,0.000253218,1.61804E-06
2943,3.33848846,0.002832568,2.989641362,0.007480518,0.000161444,0.00019124,0.000195648
2944,3.640501391,0.004722488,2.04680516,0.007738569,0.000765384,0.00068369,0.00028641
2945,3.015878091,0.008632114,2.678152218,0.009166674,2.60626E-05,0.000534446,0.000335923
2946,4.480467342,0.009460812,0.385328747,0.000538285,0.000151235,0.000606194,0.002360398
2947,3.249693849,0.002527312,1.500910673,0.009855877,0.000132743,0.000474877,0.000751781
2948,3.853152029,0.002229374,2.780886321,0.009709383,0.000978425,0.000151371,0.002711079
2949,4.086948872,0.005305959,1.677251171,0.000554709,0.000396323,0.000394723,0.000167247
2950,4.312623083,0.00088781,2.771143919,0.002407416,0.000876818,4.51556E-05,0.000715728
2951,4.492689834,0.004252765,0.964827019,0.008958874,0.000295396,0.000602761,0.000837155
2952,2.519887734,0.002477341,3.215203484,0.007074834,0.000285672,0.000557375,0.00082441
2953,3.151847074,0.000161215,3.864997768,0.001257898,0.000308871,0.000757117,0.000558827
2954,2.508463705,0.008277142,1.778860016,0.007006509,0.000843227,0.000132587,0.000786224
2955,4.691284163,0.006811932,2.034789154,0.006977185,0.000563361,0.000310692,0.002631599
2956,3.422893261,0.005034796,0.039496042,0.002413279,0.000619987,0.000488403,0.002382612
2957,2.78241236,0.009063727,1.593910938,0.006632616,0.00022565,0.00043375,0.002949288
2958,2.737406355,0.004370226,0.423367866,0.005056386,0.000575366,0.000658475,0.001552785
2959,4.259453327,0.003810986,1.99944929,0.005665994,0.000223449,2.01006E-05,0.002885195
2960,4.832557161,0.006111168,3.223435929,0.002660349,0.000962388,0.000264315,0.001984763
2961,4.788110513,0.00387426,1.169554661,0.008869868,0.000262912,0.000559531,0.002690362
2962,3.020136454,0.004053993,0.690269904,0.007604877,0.000667586,0.000598519,0.002762794
2963,4.940944405,0.005154097,2.19551692,0.005882868,0.000183427,0.000528697,0.001097897
2964,3.865241568,0.008976585,1.935664797,0.005007821,0.000592873,0.000184962,0.002286356
2965,3.098853782,0.007105533,2.993697078,0.002156014,0.000215766,0.000874323,0.000154615
2966,3.116533246,0.001227915,1.747407533,0.008094784,0.000145935,0.000427607,0.00253082
2967,2.623559505,0.008831437,3.726520233,0.00871539,0.00064111,2.86418E-05,0.001270797
2968,2.950616507,0.009304031,0.12086972,0.000977019,0.000147589,0.000763297,0.002963461
2969,3.770995079,0.007169651,2.053109921,0.007827959,0.000282496,0.000765567,0.002224245
2970,4.47909739,0.008104199,2.550758894,0.007847098,0.000795002,0.000775898,0.002411788
2971,3.397754772,0.004415901,1.938246732,0.00532679,0.000126771,0.000873756,0.00267249
2972,3.059167825,0.008254104,1.048911454,0.002973552,0.000443788,0.00068622,0.000958539
2973,4.361320973,0.002046281,0.469730003,0.009110577,0.000378941,0.00038681,0.002925687
2974,4.810138016,0.000627604,0.769063589,0.00579846,0.000868296,0.000667599,0.002669364
2975,4.292149781,0.004982394,3.874210397,0.001689146,0.000481454,0.000281413,0.000839171
2976,3.084117207,0.000518172,2.238257928,0.005112658,5.14545E-06,0.00086218,0.001877834
2977,4.454507756,0.007212346,2.438087323,0.005717552,0.000675086,0.000709417,0.001226262
2978,3.776022467,0.001334508,0.400014651,0.00092221,0.000350147,0.000881802,0.002362154
2979,2.989740802,0.004358375,2.458857611,0.00072284,0.000780813,0.000887286,0.001975968
2980,3.715301402,0.00465878,1.342840524,0.008812706,0.000455667,0.000811001,0.001388478
2981,4.701282583,0.003179423,0.044645244,0.007908682,0.000774996,0.000256182,0.002569298
2982,2.81630681,0.002229323,3.114261421,0.007908816,2.80607E-05,0.000270051,0.000560102
2983,4.861553982,0.003710484,3.316057343,0.008718175,0.000389241,0.000271942,0.002368662
2984,3.075998216,0.007619679,2.066057292,0.006845519,0.000519536,1.79148E-05,0.001151482
2985,4.499963078,0.009913187,2.330802159,0.007083011,0.000196803,0.00087624,9.79678E-06
2986,3.992983606,0.003660123,3.193882702,0.007894099,0.000425757,0.000804389,4.942E-05
2987,3.328815305,0.009155074,0.88815663,0.006731765,0.000568174,0.000913534,0.001810127
2988,3.427110368,0.009051585,2.850311363,0.00598343,0.000631215,0.000205106,0.000483751
2989,2.539485727,0.004397804,3.463351011,0.005602967,0.000426089,0.00021542,0.00017093
2990,2.637746142,0.001099041,2.637098417,0.000629719,0.000393659,0.000536045,0.000170817
2991,2.980218144,0.001155667,2.782971005,0.003693509,0.000782843,0.000248094,0.000873037
2992,4.920631591,0.005905799,0.012253715,0.006876119,0.000822285,0.000482184,0.002107203
2993,3.257312905,0.00577449,0.492439114,0.007247976,0.000760296,0.000808016,0.002585613
2994,3.859174955,0.003934675,2.323079301,0.000232706,0.000370979,0.000986832,0.001077855
2995,3.76846571,0.009617897,1.026886181,0.006050502,0.00065802,0.000189151,0.001670145
2996,2.719752791,0.006900968,1.133983087,0.009986997,0.000109858,0.000397667,7.57516E-05
2997,4.56458234,0.000497524,0.442097469,0.003063681,0.000914379,0.000568523,0.00200398
2998,4.791237151,0.00246725,1.670035239,0.005866359,0.000509947,0.000259791,0.000354365
2999,3.353153872,0.009248389,3.109140381,0.004285659,0.000407348,0.000659524,0.002928552
3000,3.293239198,0.005430366,3.593847938,0.008437073,1.0343E-05,0.000713692,0.001739569
3001,4.963547328,0.003969195,0.092580989,0.000225274,0.000528707,0.000336318,0.002749889
3002,2.950729412,0.003449588,0.897680778,0.005664723,0.000599193,0.000620004,0.000834035
3003,4.922208137,0.000571877,0.753519112,0.001031184,0.000308033,0.000474652,0.001950098
3004,4.079752513,0.005602559,2.703002964,0.003178042,0.000934167,0.000327375,0.001441894
3005,2.699083792,0.001100499,3.517828726,0.008461602,0.000511953,0.000276579,0.002026458
3006,4.80093378,0.00296356,3.97549239,0.004474166,0.000660257,0.000416235,0.002252738
3007,4.588954233,0.001837463,2.145084415,0.006533067,0.000454606,0.000990165,0.002871937
3008,2.797470317,0.00397478,1.739040148,0.006564733,0.000179914,0.000605842,0.000348161
3009,3.991560569,0.005048559,3.798719626,0.00400446,0.000515622,0.000469229,0.002805199
3010,3.202960092,0.009663469,0.575725947,0.005447664,0.000611215,0.000929647,0.001576031
3011,2.798170618,0.009292617,2.659076993,0.00261655,0.000718294,0.000346157,0.001629951
3012,2.774175594,0.0081187,2.025998221,0.006835834,0.00093395,0.000561455,1.86924E-05
3013,2.569979615,0.008891772,1.714017102,0.001964047,0.000839057,0.000610261,0.002253965
3014,3.533619737,0.006531199,3.342540691,0.000544054,8.12515E-05,0.000806317,0.002556797
3015,3.774931502,0.001259301,1.991023797,0.006331316,0.000622355,0.000223661,0.001932897
3016,3.523308558,0.009451808,2.858275057,0.003807447,0.000686958,0.000978336,0.000607911
3017,4.095876451,0.004347169,1.398003186,0.0074378,2.88472E-05,7.33081E-05,0.001218345
3018,2.952921052,0.009959553,1.627212335,0.004440956,0.00027436,0.00020248,0.001104579
3019,4.822014437,0.000115946,2.521456565,0.001438227,0.000961219,0.000171368,0.00105435
3020,3.983570986,0.000170069,2.262038393,0.003769495,0.000431897,0.000617829,0.001736192
3021,3.490811115,0.006484997,0.846518564,0.006710504,0.000260203,0.000681185,0.001292763
3022,3.582449837,0.003905969,3.763612209,0.005645413,0.000883365,0.00095197,0.002659824
3023,3.74785945,0.00223116,0.158035065,0.000462585,0.000234513,0.000102211,0.00187708
3024,3.463413058,0.006247741,3.316377782,0.00506235,0.000556261,0.000879164,0.001960301
3025,2.518374345,0.005469439,3.518384585,0.002194679,0.000243956,6.76947E-05,0.002943234
3026,4.278135557,0.0046993,2.895451802,0.001952569,0.000876892,0.000482281,0.002100328
3027,3.813680929,0.002121613,3.37358819,0.006238376,0.000171441,0.000332174,0.001961032
3028,2.981611739,0.002641237,2.897454501,0.000248426,0.000964555,0.000977594,0.002059156
3029,4.994058674,0.006470286,1.707722122,0.008756971,4.25771E-05,0.00053318,0.001450385
3030,4.724154432,0.00309987,2.004050374,0.00754323,0.000181951,0.000704612,0.001182443
3031,4.288047877,0.00089006,1.724495325,0.002035057,0.000493936,0.00062471,0.002990254
3032,4.869305104,0.004987742,1.966150573,0.005968643,0.000235027,0.00070794,0.001418086
3033,4.286333462,0.004132168,0.96795607,0.007002939,0.000682944,0.000793375,0.000223939
3034,3.793136539,0.008504641,0.560962317,0.005425365,0.000801215,0.000541389,0.000694301
3035,3.515043501,0.004721163,2.049858266,0.004549807,1.79641E-05,0.000513487,0.002927915
3036,3.186471511,0.00786924,0.835343506,0.005951267,0.00068846,0.000269236,0.002634369
3037,2.681741527,0.004476422,1.598925261,0.0014091,0.000547298,0.000898571,0.000871959
3038,4.079058449,0.007144931,1.995744103,0.008964356,0.000444049,0.000915023,0.000605231
3039,4.883865879,0.006887589,0.592243013,0.005550415,0.000399796,0.000525028,0.000279582
3040,3.566100906,0.005095212,0.635848412,0.009750785,8.88348E-05,0.000540119,0.001483478
3041,3.455733005,0.004848988,0.930307122,0.004318815,0.000583094,0.000675822,0.002022193
3042,4.303794965,0.003578297,3.15652053,0.009966512,0.000901239,0.000252507,0.001853172
3043,3.041742597,0.008670899,3.199830408,0.000901978,0.000267558,0.000530781,0.002074234
3044,3.941787316,0.007540912,1.761062216,0.003042501,0.000398026,0.000134415,0.001371996
3045,2.896163325,0.001646031,0.77250209,0.006484725,0.000210027,0.000226858,0.002479542
3046,2.818266059,0.000185975,1.956199189,0.004948645,0.000575647,0.000207537,0.002787711
3047,2.530825647,0.006513324,1.248547584,0.008154888,8.65284E-05,0.000328532,0.002619358
3048,3.30531566,0.003054426,3.556638303,0.006285009,0.000723649,0.000931125,0.002408007
3049,4.176425035,0.004331923,2.897623502,0.002436473,0.00080122,0.000660337,9.61431E-05
3050,2.5905407,0.008393391,2.691364981,0.007376056,3.62591E-05,0.000756953,0.001592647
3051,4.273960842,0.007508839,3.127210703,0.005927081,0.000334132,0.000673757,0.002297212
3052,3.072584465,0.002489714,3.839096263,0.001812587,0.00078516,0.000295817,0.001377403
3053,3.939280641,0.002532538,1.246778348,0.006563875,0.000824009,0.000472944,0.001911234
3054,3.130237393,0.006944703,0.392343014,0.005316553,0.000196775,0.000137629,0.000703228
3055,3.870043557,0.00477078,1.655748782,0.009162574,0.000526161,0.00057768,0.001284086
3056,3.488076042,0.002055525,0.732489628,5.82894E-05,0.000284612,0.000590057,0.002935535
3057,2.929719249,0.009929791,2.308481158,0.003776369,9.24698E-05,0.000276776,0.001267776
3058,3.994855913,0.002894665,0.508609436,0.006970042,0.000481507,0.000832905,0.001087481
3059,2.892930584,0.005192198,0.825594998,0.009564304,0.000278094,0.000913835,0.00171795
3060,2.919297843,0.001380446,2.711769717,0.006159063,0.000380631,0.000420213,0.001781713
3061,3.176444878,0.005797224,0.349503175,0.004279214,0.000260091,0.000789927,0.000321477
3062,4.664533167,0.008225823,2.456293999,0.004037001,0.000959915,0.000654718,0.001759943
3063,2.778554319,0.006411628,0.324468675,0.004873586,0.000381328,0.000798366,0.000802735
3064,2.735036746,0.00944169,2.810507803,0.00042069,0.000780202,0.000159459,0.001105058
3065,4.058503182,0.006048696,3.66271578,0.002997308,0.000738513,0.000918721,0.001900683
3066,3.368443693,0.001091706,0.968837816,0.005840834,0.000554533,0.000619746,0.00084205
3067,3.513455413,0.00572306,3.147630987,0.006024267,0.000108327,0.000326658,0.002549432
3068,3.045084439,0.002352822,0.172903301,0.00321745,0.0001446,0.00060506,0.002967887
3069,4.17019147,0.008238803,2.376226788,0.000149043,0.000915326,0.000407047,0.000149398
3070,2.638982745,0.005388203,1.700836378,0.007705496,2.77706E-06,0.000610843,0.001240316
3071,3.209918553,0.003723718,3.13236194,0.003487599,2.78345E-05,0.000621291,0.002722783
3072,3.821661317,0.00341657,0.532847674,0.002385389,0.00042448,0.000531954,0.000556611
3073,3.905861925,0.005113995,1.652138413,0.009539761,0.000587689,0.00059472,0.001499537
3074,3.561863878,0.008530371,0.371894069,0.005942818,0.000148782,0.000688341,0.002457665
3075,4.870854448,0.001439512,0.370273201,0.003189313,3.49477E-06,0.00059362,0.00089539
3076,2.531309569,0.007245982,2.437764947,0.009781278,0.000500154,0.000238758,0.000146806
3077,3.912105456,0.006099608,2.908400757,0.003664116,0.000801815,0.000334421,0.002974552
3078,4.015543266,0.004954369,0.187947505,0.001259384,0.000802755,0.000600112,0.002823965
3079,3.057906873,0.004389365,1.82642268,0.007623296,0.000792468,0.000725493,0.000240706
3080,2.73810043,0.008471054,3.7511449,0.005735322,0.000443086,0.000790478,0.001130868
3081,2.65308753,0.002010099,3.512915187,0.001750328,0.000298309,0.000761283,0.000462998
3082,4.552612976,0.00424288,0.285815927,0.003707767,0.000499297,0.00078564,0.001514381
3083,4.710496497,0.002499242,1.066531241,0.008820175,0.000675512,0.00068518,0.001383475
3084,4.788185652,0.001881952,1.776961274,0.008110993,0.000871701,0.000695099,0.000453924
3085,4.690631756,0.001029672,1.343084031,0.00771062,0.000779886,0.000950882,0.002726848
3086,3.632094057,0.003268592,2.7118534,0.007539679,0.000878396,0.000674312,0.000286269
3087,3.558336907,0.006028515,1.562371246,0.000438903,8.60027E-05,8.28253E-05,0.000224888
3088,3.971748606,0.000146831,3.589591706,0.007688706,0.000835893,0.000438098,0.000650285
3089,4.650863519,0.005883927,1.941458209,0.001408687,0.0009185,0.000433145,0.002576595
3090,3.275060807,0.000769755,1.481009222,0.001047551,0.000536981,0.000758116,0.002901087
3091,3.380059362,0.006588617,1.672783106,0.004438017,0.000248942,0.00022718,0.002632412
3092,4.345996093,0.004343779,0.55733729,0.001469474,0.000924478,0.000934798,0.000405744
3093,4.457208936,0.004650876,2.402524961,0.003173333,0.000476023,0.000679932,0.001041708
3094,4.727266899,0.005165803,1.55277571,0.008538546,0.000762361,0.000614038,0.000141606
3095,2.703304582,0.001139327,3.015800299,0.002778546,0.000673246,0.00046429,0.002115666
3096,2.75950141,0.003557449,2.44961574,0.006360147,0.000644045,0.000464321,0.001677891
3097,3.594938851,0.00925967,2.030184699,0.006581287,0.000548843,0.000825218,0.000303853
3098,4.292653995,0.008111448,0.025803266,0.009591603,0.000741305,0.000143336,0.001465476
3099,4.947475894,0.00046867,3.888165333,0.009237402,0.000829865,9.21473E-05,0.00299942
3100,3.797584807,0.006069135,1.35622037,0.009715855,0.000327638,4.74992E-05,0.000829196
3101,4.206240913,0.003257578,1.503198256,0.004375777,0.000479981,0.00072732,0.001691963
3102,4.880383983,0.001175974,0.491444275,0.005164485,0.000537294,0.000703706,0.002514035
3103,2.813878878,0.002583777,3.781986619,0.004246368,0.00031315,0.000368714,0.001809633
3104,2.869779001,0.002651094,1.902480957,0.002384926,0.00061069,0.00075861,0.002580991
3105,2.867580951,0.003851443,0.633133585,0.00639948,0.000456987,0.000409627,0.002187052
3106,3.470294,0.000252456,3.395948141,0.00664518,0.000766852,0.000599171,0.00260616
3107,3.436589492,0.001804113,1.391929744,0.007465947,0.000558213,0.000628909,0.001962372
3108,4.669369857,0.008754676,1.477622024,0.004965357,0.000158614,3.62539E-05,0.00110788
3109,4.345180949,0.003689109,2.531673181,0.009999908,0.000342645,0.000224989,0.00227057
3110,3.761200995,0.004993157,3.644349188,0.000837838,0.000791607,0.000305025,0.00253995
3111,3.957879882,0.003368698,3.077344425,0.000948179,0.000235316,0.000742446,0.001783357
3112,3.469667839,0.001434184,1.682927809,0.000479267,2.48861E-05,0.000723175,0.002779459
3113,4.325615034,0.000753446,1.665356637,0.004999556,0.000855111,0.000242169,0.002105202
3114,4.605217144,0.008058336,0.027157336,0.008063842,0.000916271,0.000300606,0.002322739
3115,4.368403683,0.008898267,2.541313854,0.003331188,0.000722334,0.000437718,0.000486745
3116,4.276787703,0.007593195,3.161640385,0.002644555,0.000151789,0.000683111,0.002997807
3117,4.514023159,0.006229657,2.87888771,0.002250977,0.000885046,0.000859684,0.002692902
3118,2.821580694,0.000478634,0.525142972,0.008137198,0.000813569,9.65947E-05,0.002138421
3119,4.506052517,0.000745568,3.241760254,0.003694988,0.000268241,0.000512122,0.00087779
3120,4.873317632,0.002704278,1.212159737,0.00672055,0.000293573,0.00050639,0.000209041
3121,3.304025762,0.000316577,3.606808639,0.009665049,0.000612395,0.000125592,0.00232449
3122,3.313574473,0.009957971,3.632291388,0.000887961,0.000598342,0.00044417,0.000151186
3123,3.316273888,0.006053758,3.386061404,0.0050553,0.000348154,0.000592748,0.001828322
3124,2.997206985,0.00329989,2.246365517,0.002949251,0.000257606,0.000863746,0.000178049
3125,3.13060699,0.001945921,2.635521131,0.002670673,0.000963259,6.60133E-05,5.64586E-05
3126,4.174492833,0.003362575,2.020650375,0.006084756,0.000908896,0.000202798,0.000249416
3127,3.200244004,0.000983929,1.113080575,0.004860213,0.000889365,0.000188283,0.000119143
3128,4.436559594,0.001584766,2.491703118,0.005957883,0.000316613,0.000117917,0.001852768
3129,3.588211286,0.003602704,3.806714989,0.006438682,0.000749023,0.00081719,0.001356349
3130,3.713724872,0.007783006,2.366223426,0.008182101,0.000648233,0.000269993,0.002949104
3131,2.716142027,0.004862547,2.008518822,0.003883073,0.000299755,0.000151796,0.001133151
3132,2.656302512,0.005316187,3.580608991,0.007285497,0.000790795,0.000441951,0.002236641
3133,3.330093612,0.004853848,3.334657348,0.002207095,4.77434E-05,0.000779069,0.002983738
3134,3.218412068,0.00983963,3.111186368,2.49513E-05,0.000531145,0.000595008,0.002397381
3135,4.038520369,0.000644519,1.284929514,0.007287897,3.93655E-05,0.000216568,0.00080968
3136,4.22243342,0.003734303,1.914236122,0.004629236,0.000671294,0.000229789,0.001148808
3137,3.126283783,0.004836338,2.851684498,0.003076503,0.000339373,0.000821557,0.000628313
3138,3.638977471,0.001522231,2.640293171,0.007079853,0.000622464,0.000342591,0.002200743
3139,4.117905611,0.006966323,0.769479529,0.008044927,0.00082848,0.000598048,0.000866406
3140,4.276296298,0.007206996,0.591550225,0.006931215,7.3755E-05,0.000443488,0.001921673
3141,3.713741478,0.008090025,2.42176532,0.001528496,0.00071049,0.000141335,0.002245551
3142,4.159709282,0.00575034,2.22490401,0.002061503,0.00010318,0.000653701,0.00080049
3143,4.903586128,0.001406927,0.41149312,0.008996168,0.000521402,0.000195081,0.001318659
3144,3.9786336,0.009498787,1.455101296,0.001795783,0.000193667,0.000871494,0.001756647
3145,4.762942254,0.002124027,2.915285906,0.004520404,0.000365035,0.000131963,0.002833864
3146,2.823321055,0.003104839,3.850290463,0.002889626,0.00029583,0.000842269,0.001987378
3147,2.609864317,0.000429855,1.431200748,0.006522982,0.000735336,0.000239415,6.23719E-05
3148,3.850089118,0.000856153,3.064530267,0.001537635,0.00071489,0.000120839,0.002617851
3149,3.924658681,0.002532976,3.615762112,0.008133637,0.000915337,0.000754674,0.002900769
3150,4.07756229,0.003744768,1.166092907,0.009818265,0.000170336,0.000123671,0.000916633
3151,4.229772825,0.001099644,1.234077408,0.001681126,0.000542489,0.000818947,0.001141909
3152,3.703458902,0.008950068,1.284431328,0.001368945,0.000574596,0.00090485,0.001310168
3153,2.80167729,0.00607486,2.648181389,0.002426481,0.000529,0.000575743,0.001361934
3154,3.161258302,0.006416547,3.13646646,0.006485655,0.000306566,0.000733722,0.00174568
3155,4.828684396,0.002550962,1.483820445,0.006783604,0.00074479,0.000575847,0.000611911
3156,4.464730764,0.000596239,0.971300723,0.001158478,0.000337223,0.000137026,0.001377578
3157,4.775497246,0.006722307,3.17502652,0.000747908,0.000403979,0.000885425,0.002892163
3158,4.059576988,0.002720957,0.203780368,0.006823076,0.000309101,0.000357768,0.00164743
3159,3.64026622,0.007537217,2.118486222,0.004897577,0.00092583,0.00037144,0.000944133
3160,4.927133453,0.00670777,0.390762182,0.005018007,0.000196322,0.000418606,0.00215725
3161,4.037096185,0.006030957,2.497736738,0.009234104,4.97712E-05,0.000287132,0.001045558
3162,4.041928448,0.006840385,1.174867639,0.001562361,0.000974028,7.28931E-05,0.001102926
3163,4.551286183,0.003635501,2.813128439,0.001233142,0.000571294,0.000535332,0.002138808
3164,4.506256828,0.005467194,3.423899746,0.00975121,0.000961352,0.000171434,0.002211494
3165,3.790768405,0.002202435,1.382369091,0.002557126,7.85909E-05,8.21813E-06,0.002379135
3166,3.390424541,0.001592797,0.270970028,0.001579659,0.000154314,0.000738885,0.000966134
3167,3.416803637,0.006013214,0.076441364,0.007373978,0.000839707,0.000455658,0.000233826
3168,4.553949759,0.005246858,3.938204233,0.009438635,0.000901304,0.00041152,0.000484795
3169,4.981416447,0.006205821,0.852472638,0.005361753,0.000969685,3.72219E-05,0.00219178
3170,3.101350217,0.003199901,2.72028564,0.009839389,0.000757785,0.000511406,0.001857853
3171,4.905231933,0.004719609,2.771019269,0.009191837,0.000748402,0.000949497,0.000859199
3172,4.042249756,0.001848752,3.104297301,0.007222431,0.000480968,0.000228587,0.000594208
3173,3.662344808,0.001547377,0.769060589,0.002645009,0.000206437,0.000759531,0.002754574
3174,4.943263468,0.009019527,2.205737364,0.008810986,0.000136653,0.000512365,0.000640781
3175,4.30486844,0.009725524,2.268441508,0.006816797,0.000870273,0.000319166,0.002402158
3176,3.277017293,0.002329738,2.240591536,0.004691833,0.00049459,0.000561993,0.002798243
3177,3.863591936,0.004965132,3.89167592,0.000815764,5.73577E-05,0.000925417,0.002798268
3178,4.021102769,0.004104639,1.187838213,0.000704071,1.43629E-05,0.000908605,0.00018686
3179,2.771505992,0.008428266,2.034124503,0.004199698,0.000833437,0.000101758,0.002133274
3180,4.16404259,0.004766376,0.569073563,0.001906161,6.92792E-05,0.00038143,0.002983172
3181,4.061045647,0.004389452,3.623817165,0.007493365,0.000194439,0.000809793,0.001763585
3182,3.061411343,0.003586982,0.593016529,0.006246459,0.000825599,0.000307041,0.000695505
3183,3.515709066,0.008721832,1.787681246,0.009239505,0.00091929,0.000611065,0.001491433
3184,4.371417164,0.009398296,2.269277441,0.008619335,0.000977582,0.000381647,0.000760037
3185,4.842590688,0.004122392,0.595672903,0.009764611,0.000417583,0.000571336,0.001836356
3186,4.663371015,0.003044769,3.875089907,0.009691943,0.000937332,0.000672074,0.000504147
3187,2.735752834,0.005359592,0.35407885,0.004965068,3.69357E-05,0.000860793,0.001730275
3188,4.384813997,0.006787279,3.149646698,0.008409029,0.000508233,0.000896215,0.001327221
3189,3.51019194,0.007171555,0.110475536,0.009387102,0.00069145,0.000498297,0.000940213
3190,3.432268514,0.007231787,2.131758636,0.008017807,0.00088336,0.000267248,0.000662849
3191,2.718315924,0.002861346,1.325436742,0.003764835,5.7459E-05,0.000376953,0.001167448
3192,3.600908606,0.008018635,0.258609152,0.00562368,0.000516518,0.000692031,0.001739151
3193,2.911967573,0.006140382,1.564905358,0.006758286,0.000418553,0.000324831,0.001481998
3194,4.170937862,0.004003112,3.499047462,0.006885832,0.000319822,0.000894846,0.002301539
3195,3.27463925,0.008877936,3.616742109,0.00698116,0.00086939,0.000243209,0.000630768
3196,2.963363809,0.00926006,0.537980643,0.001921026,0.000821747,0.000452422,0.002226419
3197,3.690736734,0.009261525,2.009718276,0.007603056,0.000713641,0.000680478,0.001043258
3198,2.712058794,0.007938987,1.166178185,0.002653083,0.000220513,0.000783567,0.000591439
3199,2.633104166,0.006205442,1.451935759,0.004537321,0.000118078,0.000196882,0.001080151
3200,2.50102137,0.006544988,2.336998435,0.000594053,0.000203338,0.000353253,0.000250655
3201,4.670305398,0.001087261,0.182969571,0.000423898,0.000746275,0.00072284,0.001934397
3202,4.128559137,0.00746195,2.913203571,0.006460708,0.000293973,0.000279109,0.002364033
3203,4.839172555,0.004528719,0.112362707,0.007282554,0.00032415,0.000895626,0.000987832
3204,4.349444438,0.003457938,2.827829017,0.005562654,0.000544942,0.000153547,0.001976104
3205,2.916156992,0.002581217,1.713916847,0.007135324,0.000861609,0.000503729,0.000988294
3206,4.231732087,0.00556882,1.338627464,0.001232802,0.000471692,0.000483416,0.002813374
3207,3.565999386,0.005827264,1.962663054,0.007414602,0.000136561,5.64945E-05,0.000353229
3208,2.860729016,0.004138996,0.333945391,0.000391555,0.00045418,8.91388E-05,0.002144056
3209,4.94768125,0.003130156,2.677005955,0.008695929,0.000729465,0.000666818,0.002666586
3210,3.99760325,0.003852597,1.347830321,0.002178705,0.000601052,0.000156408,0.002189396
3211,3.350536759,0.006044026,0.627698482,0.005691267,0.00032425,0.00026005,0.001048202
3212,3.500457506,0.004943967,2.895781111,0.002568982,0.000751717,0.000834429,0.000621629
3213,4.074248741,0.00018808,3.274766045,0.008027731,0.000888652,0.000904786,0.001332726
3214,3.173443932,0.006644558,3.110730057,0.00706604,0.000876668,0.000656594,0.002446169
3215,3.231485505,0.002334769,0.547858145,0.004078268,0.000734339,0.000831912,0.000837786
3216,3.679971369,0.001941695,2.165319377,0.009361623,0.000509738,9.86504E-05,0.001965264
3217,2.753911513,0.004857916,0.774516332,0.002094188,0.000784253,0.000348672,0.000178926
3218,4.0888016,0.008032984,3.509436875,0.008906443,0.000578875,0.000743825,0.002770059
3219,2.966611475,0.004775152,0.049958596,0.007392816,0.000580071,0.000750576,0.002020865
3220,4.797723496,0.003851104,0.09688933,0.003705012,0.000389691,0.000738041,0.00140342
3221,3.56801684,0.006963532,0.913684692,0.001724427,0.000112395,0.000270458,0.002533055
3222,4.461601908,0.008653299,0.231056805,0.006187065,0.000403286,0.000582296,0.002864047
3223,3.192658456,0.00192067,0.286131653,0.004253581,0.000169708,1.13555E-05,0.001608008
3224,4.42884869,0.009862709,3.869411361,0.004738656,0.000484891,0.000523808,0.001514588
3225,3.955252016,0.008049251,1.783013653,0.001577322,0.000936859,0.000843978,0.002890193
3226,3.244555767,0.008375394,3.066879988,0.007071914,0.000565769,0.000395724,0.000419803
3227,4.302406153,0.00729259,1.326796035,0.003598669,0.000673966,0.000700677,0.000211607
3228,2.69591565,0.002499112,0.493742288,0.003948837,0.000424523,0.000739148,0.001393856
3229,3.751704285,0.009735909,1.867940415,0.002693081,9.38289E-06,0.000227087,0.000520724
3230,3.495040793,0.004219189,2.056896268,0.000374795,2.75036E-05,0.000463035,0.001432245
3231,3.33068501,0.002431148,3.636252004,0.003023768,0.000990397,0.000572054,0.001073608
3232,4.137055367,0.008676935,2.95026149,0.003937566,0.000332766,0.000307576,0.002046787
3233,4.864763737,0.006235465,1.72536877,0.009112247,0.000521243,9.23353E-05,0.000897221
3234,2.849298174,0.001248109,3.604234193,0.004538395,0.000280209,0.000226355,0.001343237
3235,2.814756222,0.004789441,3.766563078,0.005356346,0.000212186,0.000107103,0.000790615
3236,4.084888838,0.008667725,3.939118666,0.006363872,3.92746E-05,0.000386831,0.000867047
3237,4.288068333,0.009038858,0.455658732,0.009106974,0.00098095,0.000313073,0.001737598
3238,4.308136029,0.002835798,0.164627509,0.00834006,0.00022517,0.000530524,3.58428E-06
3239,2.711242929,0.003516531,1.752174785,0.003647875,0.000839142,0.000620373,0.001297277
3240,2.951370604,0.001114048,1.489533381,0.001490872,0.000959912,0.000524373,0.000961332
3241,4.768539099,0.009094726,0.567093755,0.000149495,0.000947041,0.000176378,0.001775937
3242,3.940736505,0.009854214,3.865550088,0.005936229,0.000161782,6.17281E-05,0.002101207
3243,3.8490581,0.002175209,0.252477583,0.005648949,0.000281019,0.000808063,0.001645901
3244,4.844232558,0.005850672,2.232248364,9.70046E-05,0.000998556,0.000329179,0.000356504
3245,2.516388749,0.008936879,3.578501635,0.00543399,0.000234808,7.65288E-05,0.001698703
3246,2.927303293,0.001449205,0.895719289,0.006527109,0.000723097,0.000170217,0.001498889
3247,2.752295761,0.007516164,3.789265801,0.008591022,0.000259276,0.000693117,0.000287107
3248,4.020486666,0.002339846,0.079127892,0.001642036,0.000211707,0.000415999,0.001948081
3249,2.933238416,0.00781855,0.75824712,0.00683946,0.00060102,0.000949965,0.002732282
3250,4.699280833,0.00767584,2.871035451,0.006145197,0.00056266,0.000443736,0.002156488
3251,2.524258525,0.001769435,1.942600989,0.00567049,0.000273365,0.000513213,0.002540718
3252,4.604799967,0.004254964,2.453516169,0.007052271,0.000173254,0.000316847,0.002378534
3253,4.765227748,0.000100085,2.556874672,0.00210127,0.000802643,0.000465966,0.002204111
3254,2.853421098,0.006830925,3.973006743,0.009554682,0.000437595,0.000725922,0.002335469
3255,4.467480926,0.00790696,3.963669905,0.008135361,0.000964474,0.000435767,0.002615547
3256,3.611366199,0.004301992,1.823105062,0.00507596,0.000601237,3.56008E-05,0.001243296
3257,4.259662544,0.009405129,1.439785023,0.006769666,0.000442057,0.000917705,0.001433728
3258,3.868318269,0.004649809,3.785694298,0.001401188,0.000179832,0.000725908,0.001961819
3259,3.483511762,0.002254308,1.891311057,0.008096906,0.000716266,0.000963771,0.002972043
3260,3.938775335,0.001760104,3.610092911,0.00610083,0.000667381,0.000282539,0.001647419
3261,4.444203468,0.00224007,3.646754495,0.000213856,0.000205012,0.000548657,0.002530564
3262,3.759752381,0.004917987,2.481704702,0.00617178,0.000337603,0.000239901,0.002489485
3263,2.707255061,0.007747709,3.615306946,0.006305048,0.00068698,0.000834466,0.00068502
3264,2.613776094,0.001064052,2.662492385,0.005523191,0.000181343,0.000306137,2.59188E-05
3265,3.924398706,0.006878675,0.610331804,0.002704909,0.00063164,0.00063942,0.000970115
3266,2.50421379,0.009291546,1.363260132,3.02433E-05,0.000618585,9.58752E-05,0.000670218
3267,3.139989881,0.001337915,3.691503637,0.005564257,0.00052202,0.000466228,0.000445721
3268,4.935175099,0.001162071,3.400191901,0.00413389,0.000630314,0.000248194,0.00266237
3269,4.495011232,0.002603878,0.275649788,0.000788866,1.09592E-05,0.000865888,0.002912065
3270,3.307366319,0.005125347,1.944471137,0.000972304,0.00084198,0.000663875,0.000722645
3271,4.897797764,0.009002613,2.816860389,0.002800411,0.000834254,0.000435663,0.002553052
3272,3.907349304,0.005380888,2.290631227,0.006054121,0.000672405,0.000119201,0.001102434
3273,4.633414783,0.006066901,0.842013183,0.006049197,0.000746044,0.000868203,0.001774091
3274,3.889667346,0.005324991,0.715707707,0.00810059,5.58459E-05,0.000622628,0.001518773
3275,3.79362689,0.005575212,0.641958944,0.004832843,0.000391761,0.000645849,0.002845016
3276,4.109086412,0.005211708,1.070396229,0.006009649,0.000714422,0.000711296,0.000748712
3277,4.087024411,0.005217645,2.098288374,0.006589356,0.000492316,0.000417399,0.001630972
3278,3.161523955,0.004682036,1.655426422,0.007578362,0.000266726,0.000329945,0.000306536
3279,3.779747456,0.000967651,3.781036749,6.58202E-05,0.000233884,0.000309211,0.000795654
3280,3.209671908,0.000975956,0.789123117,0.004467012,0.000152236,0.000498662,0.000386956
3281,4.971135436,0.004218592,0.086848751,0.009491441,0.000600466,0.000257804,0.000829706
3282,3.128220348,0.005234284,2.871677292,0.007357459,0.000341058,3.13427E-05,0.001353689
3283,4.505001786,0.001626848,2.477632174,0.005807951,0.000891474,0.000324938,0.001350466
3284,4.360852873,0.000536432,1.377874027,0.008939568,0.000402508,0.000428204,0.000428431
3285,4.603466735,0.002004223,1.855713711,0.00756202,7.21543E-05,0.000750253,0.001599089
3286,3.369542524,0.006096641,3.199495703,0.001395561,0.000965794,0.000648334,0.001677631
3287,3.113110708,0.009298294,2.159649331,0.006551065,0.000597375,0.000583201,0.000727536
3288,2.772071886,0.009823957,3.019440415,0.005237618,0.00025348,0.000172573,0.00060872
3289,4.918282386,0.003314501,0.937830242,0.007851915,0.00053498,0.000663534,0.001480208
3290,4.892648694,0.00854354,3.668210813,0.009898439,0.000369714,0.000223395,0.000326966
3291,3.338972307,0.005259143,3.450674662,0.007081695,0.000250085,0.000166651,0.002287411
3292,3.426090209,0.007141126,2.222724846,0.00116516,0.000770147,6.77559E-05,0.000377731
3293,2.922432828,0.001764492,0.281131994,0.000833066,0.000934809,0.000394066,0.001586888
3294,3.02243478,0.005682751,2.646087516,0.007399436,0.000734865,0.000174185,0.002757739
3295,3.055790779,0.006899061,2.446273759,0.009981859,0.000378811,0.000984699,0.001382381
3296,4.001059198,0.004751812,2.738460004,0.007009759,0.000147932,9.24257E-05,0.001845414
3297,4.208690624,0.007361972,2.378080386,0.003338805,5.76469E-05,0.000852981,0.000996296
3298,4.591535423,0.009523372,2.382829519,0.009152487,0.000280576,0.000930257,0.001672016
3299,2.659819454,0.00608309,2.192023203,0.005951836,0.00096112,0.000285005,0.001872903
3300,4.22723232,0.004207631,1.878317966,0.008361966,6.33043E-05,0.00055106,0.001538877
3301,4.887450776,0.000673048,0.246198484,0.004922309,0.000336264,0.000105795,0.001783402
3302,3.138586977,0.008627482,0.305826804,0.005839858,0.000150588,0.000857004,0.001373621
3303,4.779567845,0.008985445,0.74370431,0.000587659,0.000207787,1.2042E-05,0.002374374
3304,4.39048629,0.002436739,0.318313334,0.002739761,0.000404114,0.000278828,0.00082385
3305,4.995091057,0.008317762,1.983107605,0.002474117,0.000289632,0.000245468,0.000775927
3306,2.565809883,0.001427203,0.423691634,0.002695596,0.00034043,0.000534097,0.00216478
3307,3.663127912,0.004108107,0.698258265,0.000996856,0.000494881,0.000389738,0.002759164
3308,4.311408748,0.007955935,3.144400962,0.000682684,0.000500535,1.82386E-05,0.001687387
3309,2.862109797,0.001402125,3.102676465,0.003226813,2.34151E-05,0.000735742,5.84489E-05
3310,4.181505465,0.001610155,2.324252053,0.007579134,0.000590849,0.000762911,0.001711
3311,4.641200517,0.005358436,3.209335691,0.005708626,0.000861528,4.5337E-05,0.002697347
3312,3.93758442,0.002083386,0.445086875,0.00330641,0.000801318,0.000362681,0.002295853
3313,4.788925766,0.001986908,1.042193117,0.006840198,0.000636637,0.000373538,0.002715755
3314,3.976319466,0.005474734,1.410849674,0.009415225,0.00072068,0.000574579,0.000620963
3315,4.284995615,0.002928142,1.491241103,0.004110741,0.000879946,0.000851764,0.002595874
3316,4.473017014,0.002927372,0.381408373,0.008561446,0.000238821,0.000138953,0.000313578
3317,2.734276185,0.001090144,0.612057138,0.009778549,0.00029446,7.72177E-05,0.002188891
3318,4.068248601,0.007575154,1.265286068,0.007348064,0.000356511,0.000698727,0.002877584
3319,4.286227118,0.003651139,0.223234864,0.00692919,0.00020285,0.000907942,0.002675482
3320,3.939070303,0.009063153,3.430723371,0.000456678,0.000974952,0.00050157,0.000479272
3321,4.471250967,0.009370154,3.339590936,0.005308186,0.000773965,0.000783615,0.001696244
3322,4.082931244,0.001594948,2.415353293,0.007089281,0.000803173,0.000773696,0.002543773
3323,2.870575124,0.005574094,3.076809572,0.00812294,0.000433606,0.000447401,0.000652698
3324,3.940269346,0.00860507,1.532534367,0.003675769,2.00806E-05,0.0009401,0.001451317
3325,4.188164413,0.001746842,1.485855337,0.005045418,0.00039954,0.000601284,0.002441649
3326,2.914472789,0.003173248,0.906132245,0.005117223,0.000769367,0.000653559,0.001757065
3327,4.332480412,0.000630685,2.878868525,0.006580758,0.000388997,0.000870619,0.002726667
3328,2.504400763,0.002593012,3.483574089,0.001712446,0.000710237,0.000551447,0.002633366
3329,4.983187848,0.009810572,3.221405144,0.004285485,0.000808491,0.000112148,0.001960606
3330,2.537698997,0.007104278,3.389914477,0.00784127,0.00074922,4.07597E-05,0.000907782
3331,3.965125679,0.008964509,0.565900997,0.000678506,0.000908623,0.000953546,0.00194931
3332,2.748457721,0.003854507,0.198771348,0.002282001,0.000880034,0.000685624,0.002585803
3333,4.837683175,0.002398684,0.736460905,0.004905321,0.000919028,0.000938818,0.000467229
3334,2.864188255,0.004797512,3.281182111,0.004097019,0.000420098,0.000607574,0.002410867
3335,4.501944006,0.002808749,1.883782652,0.005768349,0.000495616,9.96181E-05,0.002909698
3336,4.346825563,0.009107679,0.716207263,0.005584714,0.000487874,0.000778197,0.000971871
3337,3.217442261,0.000869898,0.519234407,0.006118478,0.000135147,0.000930071,0.00087681
3338,2.563986008,0.00269527,2.594061655,0.003764236,0.000950478,0.000581178,0.002742753
3339,3.398109971,0.004973216,1.343836123,0.003291418,3.09797E-05,0.000870939,0.002389825
3340,4.856444018,0.000209647,1.722649388,0.009621558,0.000193338,0.000815889,0.001204689
3341,4.414950703,0.004311026,0.682401064,4.31855E-06,0.000121549,0.000630035,0.002304671
3342,4.907885857,0.008244711,1.851409829,0.009451857,0.000334356,0.00050389,0.001910074
3343,3.201327743,0.000799132,0.228387309,0.009209144,9.25902E-05,0.000727316,0.00238807
3344,4.916443955,0.006745442,3.086468601,0.007400182,0.000297804,0.000835867,0.001335892
3345,3.261176499,0.004128825,0.876135115,0.00256663,0.000380426,0.000574885,0.002670279
3346,4.403573194,0.008064686,1.952969802,0.008511756,0.000993389,0.000754737,0.002456553
3347,2.602904118,0.005600972,2.556883524,0.003291378,0.000795081,0.000692636,0.000457679
3348,4.676391603,0.005701367,1.247248971,0.005535514,0.000932936,0.000448308,0.000157057
3349,3.841368937,0.00552958,0.632318495,0.007345372,0.000429809,0.000439353,0.000806951
3350,2.554127999,0.004324717,3.903716817,7.14357E-05,0.000862207,0.000477925,0.001090553
3351,2.789074853,0.00212398,3.038099882,5.75099E-05,0.000658075,0.000918175,0.000434621
3352,2.81735863,0.006314445,0.673304896,0.008375232,8.98244E-05,0.000950735,0.00036708
3353,4.933886111,0.002917799,1.69101948,0.00616161,0.000292332,0.000759629,0.00246738
3354,2.567070577,0.004280074,0.770332715,0.000771284,0.00072344,0.000407664,0.001956675
3355,4.492144976,0.004665786,2.095777023,0.003375862,0.000863463,0.000763136,0.002548211
3356,4.987235184,0.003768756,2.630958996,0.005557877,0.000170023,0.000993952,0.000858415
3357,4.346260322,0.001852408,3.096409395,0.003955113,0.000649438,0.000887858,0.001239739
3358,4.278376745,0.005902904,3.039386538,0.008720934,0.000161473,0.000258405,0.002077967
3359,2.584336767,0.005494705,1.582169055,0.009376143,0.000387319,0.000839002,0.002243483
3360,2.581732049,0.00603082,1.031024624,0.008679054,0.000316749,0.000183271,0.000821019
3361,2.886263728,0.000681224,3.541321559,0.007413872,7.09978E-05,0.000972563,0.002024496
3362,4.990058775,0.006835153,0.962952277,0.000274022,0.000839971,0.000987879,0.000669923
3363,3.836385721,0.003477151,3.876931099,0.005425563,0.000107989,0.000122254,0.001494909
3364,3.671685524,0.005410177,2.464233971,0.007657048,0.000824869,0.000928923,0.00078261
3365,2.73828874,0.009884942,0.456777974,0.008934878,0.000439446,0.000267466,0.002585655
3366,3.681837553,0.009698746,0.786732885,0.005198249,0.000459635,0.000552729,0.002902059
3367,4.962378439,0.006549693,1.003876373,0.000104203,0.000426373,0.00074838,0.000536827
3368,3.034743362,0.002297653,1.299957093,0.005348844,9.96311E-05,0.000457427,4.80147E-05
3369,3.737203744,0.002377911,0.009069961,0.005646235,0.000767192,0.000664755,0.001164905
3370,4.285860245,0.003752783,3.875338581,0.007573282,0.000888876,0.000727654,0.001310194
3371,4.604224733,0.00497609,1.243077849,0.007937433,0.000105442,0.000858716,0.000147499
3372,3.048378152,0.005558981,1.181056761,0.007604786,0.000899522,0.00073179,0.000771588
3373,3.477507769,0.002522757,1.093162165,0.001560978,0.000588967,6.24697E-05,0.000865343
3374,4.954613339,0.007628663,1.757231234,0.003743404,0.00014197,0.000299322,0.002523908
3375,3.6525784,0.001638612,0.28028777,0.003720211,0.000111677,0.000462875,0.001148168
3376,2.568769826,0.009562159,2.816019996,0.000129137,0.000964373,0.000824816,0.00066558
3377,4.777806465,0.005866905,2.082517372,0.008330202,0.000209584,0.000467946,0.000608123
3378,2.879535997,0.00675761,0.618080185,0.004499102,0.000933148,5.91171E-05,0.002850861
3379,2.60194688,0.005420797,2.83990676,0.004218091,4.77679E-05,0.00073698,9.52088E-05
3380,3.505676234,0.004242012,1.565909033,0.005315145,0.000482273,0.000552801,0.001613358
3381,3.863345367,0.002616745,3.134091151,0.002670731,0.000594498,0.000674053,0.000890722
3382,4.398907793,0.004465746,0.195701099,0.001824115,0.000926834,0.00061701,0.002923969
3383,3.113414638,0.005237925,0.320134526,0.000188697,0.000949989,0.000474624,0.000687138
3384,2.96769728,0.000560363,3.085804708,0.00279255,0.000838273,2.27334E-05,0.000359113
3385,4.898354696,0.000927552,0.087125501,0.009784371,0.000845984,0.000291155,0.001793929
3386,3.771551143,0.009784159,2.167037718,0.009136938,0.000549845,0.00054244,0.000559254
3387,4.347414881,0.004746246,0.642148692,0.004533104,0.000388315,0.000595211,0.002072422
3388,2.981931412,0.006030287,0.099131671,0.005166944,0.000635047,0.000211474,0.00111626
3389,3.945239165,0.009238895,0.496220637,0.005794702,0.000828191,0.000130352,0.002543816
3390,2.965560186,0.003764041,1.885097731,0.00965178,0.000671388,0.000156142,0.002396377
3391,4.228394604,0.004049084,1.053866498,0.001715143,6.73649E-06,0.000814346,0.001436618
3392,4.482259183,0.005856181,0.282385644,0.008879036,0.000937909,0.000952121,0.00145701
3393,4.640530636,0.007959185,3.838352405,0.008551239,0.000513864,0.000740022,0.000772881
3394,3.014757166,0.003812737,0.454056617,0.002888785,0.000996696,0.000811727,0.000288646
3395,3.479648509,0.002405621,0.25334593,0.003678089,0.000923877,0.00089967,0.001081721
3396,2.733808092,0.003171913,0.794902304,0.008437583,0.000374387,0.000622219,0.002408196
3397,3.942076866,0.00080601,3.59057988,0.000471966,0.000413369,0.000905818,0.001053018
3398,3.365355053,0.001732148,3.795757322,0.00926011,0.000494456,0.000219541,0.000826247
3399,3.851106389,0.006676015,0.218897892,0.005143012,0.000153221,0.000706706,0.001393627
3400,3.556688947,0.00654053,1.361747609,0.004380384,0.000214423,0.000423945,0.000396683
3401,4.953481235,0.001235657,1.196462832,0.008304518,1.81009E-05,0.000189524,0.000622524
3402,3.857308776,0.006335413,3.354296187,0.003532195,0.000991478,0.000662109,0.001234024
3403,2.548329486,0.003739021,0.630992989,0.004327378,0.000391826,0.00022527,0.001543597
3404,4.010819264,0.006842846,3.255903121,0.002593191,0.000343218,0.000729197,0.000221064
3405,2.785494733,0.003591832,1.212177066,0.003107087,0.000779453,0.000122742,0.000866448
3406,3.810848977,0.003065872,3.024588917,0.009957046,0.000384876,0.00032111,0.002081745
3407,4.256178218,0.005833463,0.643408208,0.006906316,0.000827545,0.000485754,0.001089563
3408,2.852822025,0.008418739,0.842582607,0.002045481,0.000418632,0.00035982,0.002994825
3409,2.635346489,0.001951289,2.609869274,0.00195997,0.000820943,0.000927904,0.002608717
3410,2.819674612,0.001496178,3.042993041,0.001413332,0.000754,5.85164E-05,0.000766982
3411,3.910740567,0.006067049,1.101014824,0.008307397,0.000710387,0.000233712,0.002304707
3412,2.822474281,0.003826404,2.773040803,0.006935994,0.000567776,0.000398133,0.000561333
3413,4.114155385,0.000426194,2.17119072,0.000570406,0.000653995,0.000100064,0.002024842
3414,3.945648011,0.003323116,0.92406887,0.006205514,0.000970578,0.00038821,0.000782254
3415,3.779189053,0.001004843,1.419419118,0.006449929,0.000503039,0.000184786,0.00152681
3416,3.320213119,0.007810094,2.299728404,0.009786009,0.00084026,0.000429573,0.000237369
3417,4.053125817,0.0053687,3.053121284,0.008817835,0.000529044,0.000267498,0.001561062
3418,3.992169234,0.007727173,3.454466038,0.009961468,0.000700314,0.000883842,0.001511343
3419,4.371770298,0.009995138,1.826988741,0.001490412,0.000694761,0.000249145,0.00129985
3420,4.746503267,0.006188269,1.261404883,0.007285537,0.000608686,0.000960995,0.001640072
3421,4.941945992,0.004830833,1.611224389,0.004903467,0.000978258,0.00018197,0.000372753
3422,4.863413461,0.008120814,3.192756609,0.007502843,0.000681506,0.000958723,0.001333437
3423,4.486405385,0.004546007,3.011426963,0.007818643,0.000254709,0.000947689,0.000329707
3424,4.124532511,0.000206572,3.720913978,0.005800955,0.000738786,3.22841E-05,0.00012061
3425,4.60189358,0.004848629,3.612571203,0.009423359,0.000771217,0.000477152,0.000867962
3426,4.543354363,0.009280662,2.288610749,0.001614595,0.000695431,0.000231147,0.00098753
3427,2.635874695,0.004305472,3.24826868,0.008681549,0.000776901,0.000226619,0.001025283
3428,4.244673952,0.000987643,3.666742609,0.004748628,0.000231173,0.000143286,0.002568639
3429,4.591644202,0.008252384,1.28627602,0.003541684,0.000298203,0.000201989,0.002242126
3430,3.853425634,0.00349965,3.582119467,0.003822063,0.000268733,0.000615017,0.002767703
3431,3.810776547,0.009074966,3.705743403,0.004486227,0.000749511,0.000242116,0.001780575
3432,4.485003724,0.006789065,2.243519637,0.008939133,0.00037417,0.000413687,0.001074405
3433,2.640551873,0.000951648,2.276542163,0.001676779,0.000379213,0.000508789,0.000904342
3434,3.36698653,0.002818712,1.647727307,0.006131202,0.000682738,0.00059757,0.002222465
3435,4.598688039,0.00489078,2.932994816,0.005567732,0.000596255,0.000261804,0.002506832
3436,2.956086479,0.00039359,3.653142071,0.006319391,0.00074449,0.000628602,0.000734575
3437,4.570082185,0.009827728,3.740800012,0.00587566,0.000398467,0.000483281,0.000364666
3438,4.927682888,0.004851007,3.279403242,0.008987735,0.000572488,0.000349473,0.000659063
3439,3.935840756,0.001404194,1.667066866,0.006752733,0.000298904,7.29538E-05,0.00028037
3440,3.551784942,0.008891313,3.985868541,0.001135861,0.000682979,0.000983103,0.002730209
3441,3.461656838,0.007473163,1.556947011,0.001588122,0.000474317,0.000975075,0.002170903
3442,2.967131331,0.001322015,1.327694715,0.00482957,3.71709E-05,0.000291595,0.000580746
3443,3.369778154,0.005821563,1.164811846,0.002797543,0.000906083,0.000692102,0.000953624
3444,4.950990376,0.00300817,2.675873693,0.006998825,0.000317811,0.00082268,4.21834E-05
3445,4.438496257,0.000377578,0.860260648,0.006129095,0.000167643,0.000975556,0.000707477
3446,4.187859988,0.006062889,1.841256294,0.001480643,0.000384385,0.000634213,0.000483053
3447,3.460923344,0.00126943,2.554503908,0.000612569,0.000244163,0.000760057,0.000230916
3448,3.974767865,0.005201656,1.722459115,0.005538185,0.000108891,0.000186195,0.002421725
3449,3.36339818,0.001020852,0.728531518,0.004344913,0.000280022,0.000487298,0.001736746
3450,3.943091893,0.000854663,2.495134407,0.006234707,0.000682748,0.000223575,0.000467413
3451,3.646382602,0.002739824,2.848649588,0.003773988,0.000359251,0.000864953,0.002257969
3452,3.891183947,0.002541654,0.730640919,0.008199677,0.00050781,0.000586786,0.002957145
3453,4.538921381,0.002684296,1.133035431,0.002986248,0.000310362,0.000247463,0.002374556
3454,4.219367769,0.009570192,3.843004688,0.004631074,0.00018765,0.000986309,0.001152651
3455,4.467157029,0.004917474,1.823093753,0.009878874,0.000679287,0.000754056,0.001433758
3456,4.280866724,0.008471723,1.687510986,0.007427965,0.00015146,0.000942981,0.000768633
3457,3.513369191,0.00889043,0.468592967,0.008234443,0.000533038,0.000725713,0.000521024
3458,4.302795821,0.008901012,1.990816873,0.005557574,0.000109773,0.000754762,0.000907285
3459,3.451734217,0.003198955,3.639788764,0.009164977,0.000710067,0.000427772,0.002517044
3460,3.464796189,0.001568645,2.929694073,0.005279676,0.000697207,0.000160319,0.001820595
3461,3.761049962,0.003847064,2.904784379,0.002840822,0.000642212,0.000895945,0.002180999
3462,3.176892542,0.00288806,3.351248796,0.002252287,0.000251837,0.00053693,0.000513025
3463,4.659211486,0.006947918,1.997809447,0.004884717,0.00010856,0.000381036,0.001871807
3464,2.998455203,0.000603159,2.420093868,0.009401631,0.000608589,0.000656661,0.000716516
3465,3.586182556,0.008506795,1.232765134,0.002004918,0.000760859,0.0006549,0.002719572
3466,2.829599265,0.005348298,0.280400325,0.003232714,0.00087553,0.000956144,0.00277835
3467,2.668630079,0.001626274,2.045744823,0.007962216,0.000107729,0.000157156,0.0021144
3468,4.530624785,0.004486154,1.885585792,0.000759517,0.000180899,0.000298124,0.000173698
3469,3.39319178,0.003148899,2.802374385,0.005533606,0.000883455,2.29247E-05,0.000285808
3470,4.567619218,0.008640551,3.784280608,0.002208727,0.000923903,0.000618317,0.002998912
3471,4.464204971,0.004963604,3.335303536,0.001099268,0.00086495,0.00083096,0.001564512
3472,2.890668895,0.00299123,1.785634283,0.005347127,7.09508E-05,0.000865384,0.001516711
3473,3.674003747,0.006537349,0.619287737,0.005294075,0.000107345,0.000222155,0.002356888
3474,4.570518862,0.004594179,1.756674736,0.006565555,0.000802048,0.000776521,0.002296739
3475,4.847220272,0.009756215,1.618149516,0.004100289,0.000268759,0.000646842,0.000216552
3476,2.522401851,0.007734849,1.741604309,0.009437891,0.000963253,0.000164683,0.00206877
3477,4.013344692,0.009214279,1.734037343,0.002550918,6.61644E-05,0.000105273,0.001975912
3478,2.754725982,0.004638319,2.521204171,0.007730957,0.000290589,0.000402607,0.000141069
3479,3.920665462,6.01192E-05,2.20645208,0.004084753,0.000461823,0.000961703,0.000200004
3480,2.827298948,0.003210097,2.309555824,0.001101164,1.35457E-05,0.000379461,0.001514898
3481,2.653853377,0.006504017,2.631999075,0.008545692,0.000794825,0.000932555,0.000274497
3482,2.710764722,0.000407654,3.398376635,0.005579019,0.000892115,0.000107506,0.001856487
3483,3.429599385,0.008964246,1.142798572,0.00763949,0.000196111,0.000994479,0.000687864
3484,4.833005866,0.006391357,1.478703341,0.001269329,0.000635955,0.000648739,0.002184001
3485,2.628917919,0.00744401,3.294072986,0.008304413,0.000827279,0.000674808,0.001608889
3486,3.570190752,0.004054193,3.266291854,0.001878356,0.000382509,0.000680762,0.001419604
3487,4.740913677,0.007617695,2.56231479,0.002146247,0.000218139,0.000395012,0.002707528
3488,3.00444143,0.00020518,0.520439355,0.00886622,9.24196E-05,0.000104642,0.002714521
3489,4.517117901,0.004567805,2.179020443,0.004367399,0.000911337,0.000329601,0.002445555
3490,3.201180965,0.00676371,3.417775125,0.002606384,0.000307072,0.000543901,0.000508427
3491,4.362239257,0.009075423,2.748605341,0.000925208,0.000597385,0.000427415,0.000842963
3492,3.360274768,0.007861166,2.713544627,0.006238242,9.86368E-05,0.000416777,8.53065E-05
3493,2.866373022,0.006981364,0.98059884,0.007493309,0.000966295,0.000173838,0.002231822
3494,3.090822974,0.000753112,1.973278379,0.006840203,5.21703E-05,0.000323612,0.002496259
3495,3.720812876,0.003470619,1.364459715,0.008817373,0.000968139,0.000131284,0.000125171
3496,3.720082583,0.003852773,3.450206919,1.83819E-05,0.000217723,0.00066627,0.000927475
3497,3.89192352,0.003237375,2.684143859,0.007018513,0.000979138,0.000731469,0.001045476
3498,2.73134271,0.007143119,2.993070434,0.007512203,0.000527686,0.000832314,0.00016116
3499,2.710556609,0.003049474,2.399585109,0.009640174,0.000607021,0.000923027,0.0027015
3500,4.901690147,0.004983937,0.769475463,0.006315497,5.3052E-05,0.000243889,0.000106315
3501,4.150942852,0.009410663,3.007196339,0.002182215,0.000496508,0.000433656,0.001345864
3502,4.634812054,0.003299928,0.003872096,0.007639461,0.000607849,0.000366637,0.002511052
3503,3.017349061,0.006951495,0.450640343,0.002268127,0.000632508,0.000248881,0.002066116
3504,4.822758636,5.41541E-05,0.074327069,0.006648271,0.000421802,0.000381882,0.000223068
3505,2.925754604,0.005537054,1.3374811,0.006194139,0.000158187,0.000908651,0.00253396
3506,4.815396026,0.004683525,3.227696048,0.000485536,0.000929184,0.000837026,0.000466966
3507,3.505207528,0.004286528,1.947851796,0.009624437,0.000538559,0.000429986,0.00181574
3508,4.239587649,0.009985216,3.663522896,0.009569033,0.000600426,0.000671578,0.001772391
3509,2.51304679,0.007601913,2.093246445,0.001315612,0.000690498,0.000580093,0.002620432
3510,4.243185701,0.008234996,0.422450294,0.003717034,0.000902208,0.00049476,7.78099E-05
3511,3.91981929,0.006988435,1.46738465,0.008456611,0.000211473,0.000977595,0.000176155
3512,4.102778873,0.000468698,2.239712614,0.001561952,0.000502024,0.000824543,0.000965273
3513,3.67393034,0.009734162,1.171389375,0.005303177,0.000561358,0.000220091,0.001786918
3514,4.374418726,0.007064218,3.021101362,0.000595692,5.75202E-05,0.000976185,0.000210179
3515,4.309296629,0.007849304,1.194717736,0.004569349,0.000981891,0.000741214,0.00096417
3516,4.176315428,0.003876722,0.957634754,0.009365034,0.000107194,0.000246565,0.002573289
3517,4.361789231,0.006328124,0.542672306,0.002705937,0.000763734,0.000893039,0.002886651
3518,4.786616883,0.009826488,1.332997396,0.009175998,0.000494934,8.87834E-05,0.002569101
3519,2.872848657,0.006303961,1.417192439,0.008003724,0.000593103,0.000952159,0.001198209
3520,4.097031666,0.007320874,2.952263774,0.003218695,9.18196E-05,0.000590072,0.00160405
3521,2.54762691,0.00184982,2.456662184,0.002515529,0.00025923,0.000768874,0.002684247
3522,3.805055585,0.005724196,2.696870058,0.000754896,0.000792362,0.000942887,0.001846687
3523,4.205829762,0.007775934,0.421268576,0.007247918,0.000228607,0.000519074,0.000699556
3524,2.791811269,0.008033487,1.700738907,0.008277252,0.000685784,0.000105444,0.002893167
3525,4.156124741,0.004425167,1.936276165,0.008886098,0.000452563,0.000832625,0.002673999
3526,4.397287459,0.007569513,0.26466522,0.004000306,0.000218371,0.000915147,0.001847401
3527,2.851780384,0.007182763,3.960391016,0.001931717,0.000447843,0.000400886,0.002039232
3528,4.733330756,0.00250577,2.886820287,0.002372535,0.000727042,0.000132103,0.002913195
3529,3.723044934,0.005428897,0.03626758,0.000335536,0.000897675,0.000497872,0.002978349
3530,4.856826733,0.002350809,0.118443314,0.009751915,0.000195746,0.000193191,0.002953851
3531,2.617138743,0.001326215,1.473050384,0.005036457,0.000203792,1.33821E-05,0.002488722
3532,2.795060567,5.27893E-05,1.227251789,0.00909021,0.000166351,0.000223328,0.000217565
3533,4.019891129,0.001535747,2.596480114,0.001590021,0.000589307,0.000622056,0.000512982
3534,3.394644793,0.002055742,1.018607616,0.008638644,0.000181757,0.000751877,0.00212274
3535,4.37656361,0.006646999,0.318554917,0.009738222,4.59326E-05,0.000930945,0.001593632
3536,4.615464891,0.00404232,0.600885095,0.008935448,0.000786948,0.00059131,0.00184496
3537,4.720633199,0.006024881,2.419711747,0.004889548,0.000957198,0.000322658,0.001491288
3538,4.491598044,0.001922719,1.142347128,0.00301705,6.77223E-05,0.000236243,0.001750455
3539,4.003785656,0.009833342,2.405583525,0.003118985,0.000369636,0.00024171,0.002199258
3540,3.030560244,0.008183859,3.379160327,0.000757838,0.000895295,0.000914418,0.000652827
3541,4.199081653,0.005332769,3.656506167,0.009774288,0.00032916,0.000116857,0.002373304
3542,3.532544445,0.003805653,0.53446331,0.006101805,0.000950689,0.000736791,0.002166076
3543,3.330725523,0.001667861,1.346624206,0.004559104,0.000864265,0.000692158,0.002275019
3544,3.35497214,0.006877991,3.58134892,0.009288199,2.25325E-05,0.000506811,0.001537426
3545,3.916183108,0.003578405,2.195326147,0.000786157,0.000394131,1.84575E-05,0.001070303
3546,2.572699342,0.007630276,0.156066145,0.004233579,0.000886659,0.000726893,0.000560687
3547,4.412861891,0.009697337,2.5171474,0.00189663,0.000139294,0.000790242,0.002099729
3548,3.867122271,0.001680254,3.713922495,0.004221615,0.000353438,0.000776571,0.001901162
3549,4.934012891,0.004221268,2.651827392,0.00656995,0.000861714,0.000115018,0.000442035
3550,4.404107925,0.009850053,2.393837763,0.006435075,0.000514564,0.000145439,0.000569285
3551,3.593851381,0.008452831,0.424398776,0.000709531,0.000934819,0.000220506,0.000167141
3552,2.925602523,0.008460975,2.542866528,0.005363838,0.000478931,0.000146463,0.002386499
3553,4.204706661,0.007871634,1.717070305,0.005427721,5.1776E-05,0.000690953,0.001063836
3554,4.185721068,0.001224231,0.336217465,0.001331219,0.000329885,7.69781E-05,0.002498159
3555,4.873041404,0.005073547,3.380325149,0.00052342,0.000810624,0.000602984,0.000969907
3556,4.001881803,0.004729455,1.798833775,0.002958459,0.000963278,0.000571896,0.001972839
3557,3.687090149,0.004338756,0.826108965,0.002786521,0.000844575,0.000415173,0.001051973
3558,4.033607583,0.000794491,3.614276247,0.009409917,0.000709138,5.41333E-05,0.002022132
3559,4.041991756,0.000804332,3.72046843,0.007998756,0.000426605,0.000908258,0.002531813
3560,3.33109694,0.001839535,1.887223663,0.001309417,0.000237969,0.000850058,0.00115812
3561,2.925206742,0.00335047,3.668563836,0.001957988,0.000245497,0.000540743,0.001814524
3562,3.317190505,0.000493155,0.783897467,0.00322923,0.000209062,0.000667245,0.002432966
3563,4.465914543,0.00826984,0.523183603,0.00942386,7.96173E-05,0.000852164,0.000961265
3564,4.270136095,0.007663945,3.950548118,0.009045254,0.000873509,0.000882391,0.001683698
3565,3.583899186,0.004698547,2.59683295,0.004137504,0.000785056,0.000682903,0.001390827
3566,4.472385762,0.005782561,3.611536719,0.002258889,0.000923775,0.00091205,0.002795617
3567,2.677249299,0.00301758,2.998774427,0.006941679,4.41468E-05,0.000712235,0.00140222
3568,3.701698593,0.00936723,3.479128049,0.006028346,0.000407868,0.000659899,0.002657219
3569,4.879771979,0.006858613,1.479883686,0.002387166,0.000360201,0.000878283,0.001253904
3570,3.376057406,0.003992481,2.768121876,0.005938918,0.000871234,0.000133094,0.001261468
3571,2.527237304,0.001340279,1.905466457,0.000337996,0.00076824,6.74773E-05,0.000355604
3572,2.636204886,0.009122636,2.182672178,0.003439434,0.000212031,0.000616881,0.001153634
3573,4.076137492,0.005600905,3.114585126,0.009087178,0.00087121,0.000313417,0.001300059
3574,4.647466482,0.009001514,2.329933456,0.008062757,0.000701658,0.000330843,0.002909343
3575,3.156605375,0.006097569,3.177350632,0.005465284,0.000184921,0.000224848,0.002760166
3576,4.019371627,0.005599328,3.912557167,0.009908252,0.000283532,0.000325417,0.002276402
3577,4.360778559,0.003752401,0.71766629,0.002980312,0.000669355,0.000644242,0.002696521
3578,3.856659304,0.001864438,1.674671456,0.001936609,0.000239167,0.000999042,0.0003924
3579,4.008911605,0.000252578,0.89696162,0.004994507,0.000816162,6.46594E-05,0.001915401
3580,4.614126957,0.0091344,3.193051579,0.002491462,0.000941694,0.000538143,0.002208316
3581,4.633097245,0.00107714,1.363214488,0.003017856,0.000429973,5.94099E-07,0.002021634
3582,4.552892439,0.005270207,1.100215899,0.00208816,7.40814E-06,0.000611204,0.001735951
3583,4.632070678,0.00197948,0.616728547,0.007989829,0.000222567,0.000333525,0.001150193
3584,3.807508321,0.002984978,2.762801692,0.009937064,0.000945714,0.000534567,0.000147357
3585,4.200509534,0.00554798,0.002773785,0.005383443,0.000249145,0.000470526,0.002975795
3586,2.919030539,0.004431303,3.771571431,0.007397637,0.000332576,0.00038445,0.001100533
3587,4.010692558,4.73304E-05,1.665694462,0.008214725,0.00057222,0.000417913,0.002693109
3588,2.565189579,0.004892274,1.296650818,0.004210152,0.000542058,0.000431283,0.000805935
3589,2.808954207,0.003577974,3.552150998,0.009840947,0.000345693,3.34424E-06,0.002628308
3590,2.875853223,0.002304231,3.081194569,0.009948323,0.000629044,0.000195479,0.001688517
3591,3.409259492,0.006072596,0.402849336,0.000117037,0.000368994,0.000731237,0.002288914
3592,4.692240454,0.008959099,0.344275437,0.009910807,0.000902465,0.000211196,0.002296772
3593,4.395289334,0.005734225,2.256355576,0.000742542,0.00038596,0.000126727,0.002027901
3594,4.09916857,0.005676049,3.905366322,0.009241731,0.000418041,0.000513999,0.001014469
3595,2.671201216,0.004540148,0.465727366,0.00998584,0.000847587,0.000645776,0.000911064
3596,3.096046799,0.009461557,0.049133368,0.007755526,0.000353974,0.000567153,3.53472E-05
3597,3.618064373,0.001115117,3.489367329,0.005055705,0.0004732,0.000699,0.001313423
3598,2.551034342,0.007376615,0.361342534,0.008679028,0.000174071,0.000549341,0.000325065
3599,4.701969179,0.009931218,1.118621366,0.00480087,0.000521967,0.000382194,0.001507301
3600,3.49359201,0.004111528,2.842529827,0.003551976,0.000132353,0.000145036,0.001249227
3601,4.097391781,0.00032645,1.986650778,0.005620562,0.000720153,0.000714295,0.002340811
3602,4.768353934,0.001620965,1.087237745,0.00783279,0.000249798,0.000166463,0.000467639
3603,3.251371348,0.005488948,2.541954657,0.009853664,0.000587203,7.14583E-05,0.000873208
3604,3.866827964,0.009452683,1.417797081,0.009253309,0.000344878,0.000375461,0.001428018
3605,3.057147695,0.009931274,1.763704424,0.008589999,0.000104894,0.000849419,3.06133E-05
3606,4.222652721,0.0057196,0.422650901,0.003660107,0.000659193,0.000397888,0.002636138
3607,3.483912338,0.00230901,2.284027986,0.00429256,0.000570215,0.000635219,0.002064541
3608,4.226549256,0.001827021,2.65658514,0.001019007,0.000697808,0.000276521,0.002165631
3609,2.871047043,0.00702867,1.772605517,0.000757565,0.000818496,0.000778724,0.002564571
3610,3.83692096,0.003800034,3.165540889,0.001946125,0.00026091,0.000529946,0.001275247
3611,3.012011444,0.0033476,3.704143232,0.008878194,0.000250707,0.000539306,0.000471196
3612,4.657418881,0.004438066,3.004328358,0.004331157,0.00062798,0.000307096,0.00222652
3613,3.737245894,0.000546871,0.178098185,0.009516084,2.13372E-06,0.000954669,0.001301197
3614,4.638261518,0.000190679,3.135259798,0.009846395,0.00045959,0.000924821,0.001991127
3615,2.961678144,0.003339124,1.794779375,0.004999296,0.000898233,0.000100151,0.001866853
3616,4.983280331,0.000711403,2.778337702,0.007338309,0.000204305,0.00073983,0.001274471
3617,2.697936132,0.007670641,1.480735916,0.000491519,0.00076405,0.000162682,0.000467352
3618,4.731291364,0.004522255,1.810371688,0.001120659,0.00052209,0.000652919,0.001327808
3619,3.84237939,0.001217769,1.604551032,0.00040533,0.000640333,0.000699745,3.96154E-05
3620,4.295036815,0.007176664,1.02235947,0.00630974,0.000821637,0.000207307,0.002926574
3621,4.198013688,0.009039568,1.100136665,0.000757694,0.000802102,0.000141037,0.002207801
3622,2.91398384,0.008056964,2.088454439,0.009455368,0.000568231,0.000713246,0.001820897
3623,4.503499575,0.001273246,0.045239669,0.004504535,0.000872305,0.00022446,0.002252563
3624,2.91754441,0.005153115,0.867359823,0.005065867,0.000530175,0.000349031,0.001664632
3625,3.083882154,0.006320973,1.00488986,0.009453199,0.000598627,0.000962092,0.001882871
3626,3.217077069,0.00751755,3.048062267,0.009914306,0.000272134,0.000820513,0.001011925
3627,2.84787408,0.002782258,1.995063398,0.002955102,0.000949871,0.000800188,0.001897765
3628,3.549469862,0.000928845,2.568270089,0.005547364,0.000112428,0.000219688,0.001683319
3629,3.91538509,0.008608598,0.343650891,0.008932395,0.000113573,0.000118943,0.000287542
3630,2.975215531,0.001556668,3.213960086,0.001441119,0.000485369,7.43507E-05,0.002001907
3631,3.383307431,0.009830498,1.502706746,0.002727751,0.000529969,0.000716911,0.00163708
3632,4.788814794,0.005784472,2.926832663,0.003356289,0.000981118,0.000443735,0.002961466
3633,4.908112213,0.006302756,1.144467884,0.002131002,0.000925441,0.000376766,0.002064508
3634,3.228694512,0.007217163,2.348662263,0.006709649,0.000962983,0.000846802,0.002614277
3635,4.210291016,0.0094204,1.73679658,0.007357611,0.000520366,0.000825063,0.001919191
3636,2.623781929,0.003609321,2.374414837,0.001703425,4.62161E-05,0.000103069,0.002209683
3637,2.697531727,0.006180393,3.477907711,0.002331445,0.00070469,0.000366258,0.002844554
3638,2.797004535,0.001665973,2.204509997,0.003982665,8.87241E-05,0.000999434,0.000381215
3639,2.580543876,0.000595083,3.927337745,0.007769409,0.000533946,0.000954,0.000486936
3640,2.53955492,0.004125701,3.294166987,0.003466607,0.000633229,8.88975E-05,0.002858154
3641,3.203916463,0.002785155,1.669074462,0.000754167,0.000497065,0.000320879,0.001696125
3642,3.311181688,0.00258554,0.966958664,0.004098888,0.000680705,6.95638E-05,0.002945181
3643,2.925020804,0.009556297,1.01537302,0.009346438,0.000817489,0.000434341,0.002592168
3644,4.731432666,0.009984126,1.702722472,0.009639048,0.000113431,0.000599842,0.002499489
3645,4.6077751,0.008571938,0.505262104,0.008196375,0.000476536,0.000975984,0.001796509
3646,4.233228625,0.004359444,1.15055608,0.002178662,0.000505451,0.000239183,0.002864575
3647,4.722962648,0.007440231,1.800485638,0.004105537,0.000797693,0.000538041,0.001496323
3648,4.735510902,0.00186101,3.995383141,0.003890568,1.4208E-05,2.20109E-05,0.000952284
3649,4.120201888,0.008635192,0.358796653,0.00055401,9.46851E-05,0.000631248,0.001650302
3650,4.073721678,0.009562029,1.964848419,0.001294672,0.000737607,6.17158E-05,0.001670758
3651,4.160812958,0.009021157,1.025838239,0.006455585,5.57141E-05,0.000803601,0.002193355
3652,4.329708086,0.006493566,2.940983767,0.007557978,0.00016296,0.000457121,0.002605512
3653,2.624902327,0.005489251,2.393192737,0.003741506,0.000635525,0.000287334,0.001038227
3654,4.001297576,0.005509848,1.295887447,0.008635255,0.000520385,0.000154985,0.002553151
3655,4.055477106,0.003032844,0.255624732,0.001198528,0.000845898,0.000639404,0.000898295
3656,3.475764732,0.002615012,2.43240368,0.002603154,0.000216651,0.000988852,0.000159887
3657,3.330450543,0.004709869,2.002171594,0.009187352,0.000115513,0.00047672,0.001518071
3658,3.712526181,0.008618175,3.461775783,0.004387589,0.000653789,0.000436066,0.000236732
3659,4.445896534,0.008683251,3.345032951,0.007768816,0.000721743,0.000496733,0.002629409
3660,3.749386354,0.000457077,3.512920975,0.001521451,0.00033522,0.000738892,0.000608831
3661,3.713040951,0.001627303,2.062905033,0.005270079,0.000510142,0.000252737,0.00205541
3662,4.624955922,0.004061611,3.301371517,0.004872353,0.00058533,0.000242756,0.00073416
3663,4.929511411,0.007665566,1.137273329,0.005491988,0.000684018,0.000610298,0.002153215
3664,3.860188546,0.001328553,1.458659198,0.00402619,0.000307223,0.000171935,0.000106738
3665,3.248883082,0.003699077,3.737392002,0.007515719,0.000778229,0.000391667,0.002790398
3666,4.107163396,0.008516401,3.096238553,0.005332917,0.000879516,0.00087411,0.002675832
3667,3.884872415,8.26916E-06,3.6481352,0.00322382,0.000941357,0.0005427,0.002130711
3668,4.06923853,0.006383317,0.144994984,0.000326553,0.000999988,0.000688388,0.002278033
3669,3.234039618,0.009762453,3.791622251,0.009857017,0.000230137,0.000590283,0.000196105
3670,4.130905567,0.006587355,0.990121848,0.006382352,0.000152506,0.000647116,0.001417942
3671,3.730646063,0.004356976,1.677583946,0.00439826,0.000463053,0.000379511,0.001775952
3672,2.663468991,0.007441049,2.834619609,0.009605739,6.71572E-05,0.000632902,0.002515654
3673,4.099882844,0.003118639,3.249298614,0.004172948,0.000687396,0.000905959,0.002119391
3674,3.23898919,0.002419514,2.150035288,0.006640055,0.000878639,0.000980934,0.001597589
3675,2.985294536,0.005644859,3.605407834,0.009659731,0.000827125,0.000337791,0.002894912
3676,3.335560482,0.008015024,2.04900303,0.006581024,0.000618227,0.000923862,0.001620467
3677,4.798353361,0.008756809,3.567263659,0.00042603,0.00059207,0.00076925,0.000320893
3678,4.523768568,0.00497287,0.576150651,0.000902017,4.30421E-05,0.000136686,0.000248351
3679,4.818377614,0.007937102,0.438896314,0.005406394,0.000497072,0.000531399,0.000415197
3680,3.382689138,0.004133747,3.112049034,0.005198228,0.000492419,5.51417E-05,0.001628291
3681,4.658753016,0.000367121,0.131159399,2.73232E-05,0.000428973,3.21951E-05,0.000796865
3682,3.627737444,0.009930725,0.447434527,0.000545852,0.000841135,0.000416548,0.001469372
3683,2.71519235,0.005331965,3.976534956,1.25598E-05,0.000895909,0.000500204,0.002563194
3684,2.736597234,0.007208372,2.608445606,0.005651062,0.000324453,0.000360449,0.002670588
3685,3.006723747,0.003872605,2.975300838,0.002471626,0.000269052,0.00081174,6.77519E-05
3686,2.759534933,0.007479651,2.486269861,0.009795881,0.000409057,0.000434297,0.000378747
3687,2.646950181,0.006851856,1.789980859,0.006817049,4.92193E-05,0.000884785,0.001401454
3688,2.871771219,0.006251731,2.324872237,0.003366764,0.000182418,0.000840591,0.00018222
3689,4.709405171,0.002939596,2.839450512,0.001172577,0.000513939,0.000228748,0.002994869
3690,2.747023556,0.003028565,0.687439659,0.003073513,1.7673E-05,0.000427222,0.001266108
3691,3.313485902,0.009766953,3.782355655,0.005345245,0.000507471,0.000633229,0.000763491
3692,3.124110916,0.003387659,0.631330418,0.002401851,0.000865925,0.000217321,1.15991E-05
3693,4.9608771,0.009380257,1.69342407,0.009795295,0.000616673,0.000605867,0.000666161
3694,3.399072318,0.002153247,0.99509495,0.004746139,9.96232E-05,4.51432E-05,0.002373536
3695,2.920057832,0.0066919,0.260826559,0.006304213,0.000445173,0.000297735,0.002575691
3696,4.031472849,0.004209468,2.525630578,0.00667271,0.000402072,4.5842E-05,0.00277861
3697,3.94910103,0.001533041,3.32160504,0.003222617,0.00087151,0.000710794,0.001240038
3698,4.998733614,0.005744634,0.215467706,0.007885223,0.000505541,0.000441601,0.000895735
3699,3.986890307,0.003854804,3.63568893,0.008343034,0.000969439,7.96984E-05,0.002070997
3700,4.730571709,0.003999912,1.237808645,0.002397853,0.000561068,0.000328855,0.00280887
3701,4.814088404,0.008995707,3.793429116,0.008528022,0.000989912,0.000546984,0.001922739
3702,4.529231427,0.003226476,1.232624661,0.004214711,0.000400469,0.000731851,0.002990603
3703,3.398332481,0.00228569,3.025672281,0.009480729,0.000400583,0.000400348,0.002841099
3704,3.612814964,0.002294631,0.995002437,0.002039793,0.000575213,0.000381026,0.000659117
3705,3.098434381,0.0026344,0.022911959,0.001499656,0.000724028,0.000974589,0.002718343
3706,3.018600757,0.005251108,0.03449433,0.002246406,0.000602721,0.000631095,0.002983288
3707,4.173108169,0.007171627,0.522977892,0.000950243,0.000628131,0.00048053,0.00057042
3708,2.552263215,0.002629858,3.556046881,0.002263489,0.000532438,0.000623848,0.002113498
3709,3.476010871,0.001240723,3.682548828,0.002941382,0.000121152,0.000314561,0.001015378
3710,4.509618149,0.001427191,0.336809184,0.008674218,0.000107056,0.000368801,0.000764412
3711,3.12485911,0.006714478,2.040125753,0.005371411,3.3484E-05,0.00059822,0.002037176
3712,2.767501479,0.005129037,0.095957567,0.004452111,0.000757584,0.000410331,0.000991213
3713,3.955587934,0.008361312,0.743240036,0.005028291,0.000278002,0.000375959,0.000934998
3714,3.748286973,0.002757418,0.121444462,0.008293819,0.000556752,0.000484709,0.001129715
3715,3.767092079,0.007509646,1.047679433,0.001180437,0.00039532,0.000914567,0.001963075
3716,4.067102265,0.003102089,0.399265825,0.003144661,0.00050807,0.000719134,0.002504512
3717,2.962840979,0.002349714,1.160888518,0.004553181,0.000137001,0.000983315,0.000470389
3718,4.429925866,0.007435108,3.220195172,0.003346635,0.000824247,0.000425591,0.002705986
3719,3.547032431,0.003739248,1.88466205,0.001044999,0.000249073,0.000947621,0.00202119
3720,3.803711185,0.001563077,2.837828036,0.003157322,0.00046999,0.000991767,0.000817902
3721,3.581365192,0.003274339,2.927090387,0.005100474,0.000681859,0.000148521,0.00173988
3722,4.88271294,0.000493881,0.315665952,0.005446809,0.000369532,0.000534941,0.000873453
3723,3.397012103,0.005395379,0.85466934,0.002940537,0.000314166,0.000877069,0.001986219
3724,4.091216963,0.003724872,3.65014973,0.006741023,8.09396E-05,0.000273344,0.002996524
3725,3.69346144,0.008955555,0.859287157,0.005202603,0.000351416,0.000452228,0.002200922
3726,4.560032774,0.005682275,1.657931896,0.002163029,0.000385552,0.000254087,0.001546695
3727,2.721066264,0.008295672,1.280591686,0.005294352,0.000320134,0.00058968,0.002921268
3728,4.622637537,0.004996293,3.525569812,0.009741405,0.000814224,0.000464249,0.00065386
3729,4.857100766,0.005008261,1.962825749,0.000279723,0.000595087,0.000257301,0.001635051
3730,3.73311006,0.002848401,3.161862927,0.005806769,0.000247208,0.000667771,0.001023421
3731,3.183823468,0.009883637,0.693063857,0.002883366,0.00099995,0.000320325,0.002921099
3732,4.212812808,0.00079883,1.379866381,0.005472703,0.000461057,0.00040549,0.002681343
3733,4.921475726,0.00900662,0.535790524,0.002501913,0.000839915,0.000184137,0.001941706
3734,2.958372893,0.000884626,2.977383404,0.009205385,0.000450133,0.00090596,0.001128055
3735,3.482396825,0.003987277,2.018447092,0.005487545,0.000460503,0.00014979,0.002436085
3736,3.875287115,0.008928993,0.690908338,0.003774017,0.00020096,0.000435828,0.000575407
3737,2.572250648,0.005593141,1.346577152,0.003644318,0.000224567,0.00072959,0.002414325
3738,4.444927712,0.008730326,3.438772143,0.006057885,0.000527259,0.000308076,0.001887508
3739,4.063940555,0.009873045,3.95930628,0.006788727,0.000155648,0.000291869,0.00074598
3740,3.642977815,0.002258575,1.762186358,0.008343871,0.000204196,0.000782465,0.002129324
3741,3.349263257,0.004559427,1.116540613,0.009203234,3.23834E-06,0.000836968,5.03119E-05
3742,3.450616769,0.005182425,0.341390687,0.004215156,0.000470458,0.000159805,0.002372655
3743,3.63740997,0.004540596,1.078241487,0.008786565,1.47284E-05,0.000857035,0.000956298
3744,3.907335925,0.002317257,0.350340788,0.007827606,0.000237266,0.000107983,0.001067145
3745,3.013645045,0.004772032,0.897283932,0.002876299,0.000765006,0.000914489,0.002443359
3746,4.727376754,0.005221642,2.608089131,0.004231658,0.000275758,0.000797856,0.002895873
3747,3.214775942,0.005801925,3.205794977,0.003676448,0.000754035,0.000816889,0.002306713
3748,4.754612848,0.005456599,1.138934637,0.009016363,0.000970542,0.000482267,0.001484346
3749,4.164383663,0.003267703,3.750805954,0.003377735,0.000105574,0.000199279,0.002321766
3750,3.728478753,0.005949467,3.12241499,0.008551859,4.03041E-06,0.000432205,0.000449369
3751,4.654761454,0.006250395,0.779463538,0.00313492,0.000186044,8.52264E-05,7.32148E-05
3752,2.590093814,0.000909008,2.258110958,0.003928688,0.000208586,0.000714134,0.002567928
3753,4.484336375,0.003165914,1.404816486,0.007545446,0.000803423,0.00077882,0.00028901
3754,3.075145937,0.003241019,3.111473125,0.00156221,0.000672522,0.00091681,0.000612064
3755,2.951272507,0.005027274,3.252537483,0.003909526,0.000592463,0.000304665,0.002197503
3756,4.331754601,0.005901037,1.463660662,0.008510478,1.09337E-05,0.000256687,0.000714303
3757,2.850079862,0.006415014,1.386203809,0.001953629,0.000359092,0.000293888,0.002647973
3758,2.508141911,0.009672492,1.222975991,0.001068941,0.000610095,0.000436748,0.00163282
3759,3.578927197,0.005164905,0.757944747,0.004491834,0.000741265,0.000186141,0.002826845
3760,3.787727292,0.007971226,0.980382874,0.007502665,0.000927549,0.00097509,0.000267091
3761,3.233977826,0.006986417,2.387567395,0.005074895,0.000521108,0.00027987,0.002596774
3762,3.075412542,0.00370659,2.3678692,0.003508716,0.000488637,0.000777083,0.00266453
3763,3.343393065,1.19454E-05,1.533014478,0.004954935,0.000647322,0.000730324,8.26039E-05
3764,4.150640378,0.000311333,2.972086942,0.007703652,0.000197843,0.000212556,0.001108665
3765,3.401600047,0.000205575,1.741656268,0.007204118,0.000770333,0.000992901,0.000873189
3766,4.507480688,0.003612078,2.81596913,0.00016527,0.000243179,0.000887466,0.001864064
3767,4.057041993,0.007881228,2.722305835,0.009353385,0.00042332,0.000752888,0.00166248
3768,3.569470102,0.005091626,3.802269597,0.006145962,0.000569097,0.00059654,0.000175973
3769,2.808946151,0.006599271,0.433008815,0.005828241,0.00094074,0.000426441,0.00128238
3770,3.980682403,0.001269271,3.169295356,6.77466E-05,0.000508315,0.00032836,0.000441341
3771,2.932610107,0.003362511,1.789469169,0.000765896,0.000228121,0.000292183,0.000195839
3772,2.561030756,0.009688271,0.03156521,0.001670243,0.000529878,0.000978276,8.77077E-05
3773,4.711570966,0.006200484,1.165446973,0.00401459,0.000680557,0.000955374,0.002894393
3774,3.3610054,0.002775015,0.189237695,0.002825277,0.000500587,0.000616111,0.000555943
3775,3.556871459,0.008513051,1.647390358,0.000318565,0.00065451,0.000883023,7.68389E-05
3776,4.440557772,0.003127643,1.322440022,0.005274603,0.000745524,0.000968143,0.000158207
3777,3.921418677,0.002122019,3.728029342,0.000507221,0.000669036,0.000440476,0.000750145
3778,3.044381671,0.000865723,1.599176993,0.005827191,0.000902832,0.000962764,0.000136796
3779,4.125122305,0.002217464,1.810151664,0.001770235,0.000965267,0.000988682,0.002779872
3780,4.113416658,0.007842382,1.858866159,0.006601147,0.000951766,0.00034852,0.00070149
3781,3.075219425,0.001170686,2.59624426,0.002910021,0.000738105,0.000477764,0.001329804
3782,4.031193824,0.009331067,3.746327209,0.006951634,0.000272783,0.000829062,0.002337273
3783,4.629127949,0.001601218,0.689958559,0.001715703,0.000400843,0.000188918,0.001314046
3784,3.185765074,0.009201264,2.948329099,0.000922524,0.00086991,0.000184018,0.001693898
3785,4.931108407,0.007751145,1.169367465,0.005138345,0.000737422,0.000309233,0.000593318
3786,3.235648168,0.009701576,3.831300055,0.002306597,0.000441143,0.000727845,0.000558432
3787,4.25057453,0.0056947,3.893440003,0.001114711,0.000804979,0.000750781,0.001720014
3788,4.744220249,0.000704068,2.561231651,0.000431878,0.000142992,0.000364747,0.002017087
3789,3.858243316,0.008674897,0.113765844,0.007346102,0.00076468,0.000318473,6.51011E-05
3790,4.564878343,0.004917384,1.119262932,0.003032924,0.000317198,0.000839517,0.000649815
3791,4.185419712,0.00591926,2.654895384,0.000354406,0.000589477,0.00044615,0.000584474
3792,3.006107429,0.002137588,2.820882526,0.008673997,0.000808539,0.000869218,0.00073437
3793,4.407399442,0.005105122,2.337346739,0.000180068,0.000741318,0.000101844,0.002980179
3794,4.415736841,0.002345504,2.370743152,0.000902923,0.000277897,0.000709688,0.002956905
3795,3.127116089,0.008765034,0.362735978,0.006098578,0.000786248,0.000230923,0.000486105
3796,3.560392107,0.003430173,1.303757831,0.002511986,0.000681312,0.000632403,0.000253038
3797,3.832290715,0.004098148,2.439703884,0.009390286,0.000672623,0.000887634,0.000192072
3798,2.783965722,0.004463702,0.934598693,0.006484685,0.000180768,0.000447831,0.001710033
3799,2.956546208,0.005577395,3.762016029,0.002699221,0.000904918,0.000861636,0.001877537
3800,2.991306807,0.006172604,1.788580704,0.009054457,7.81986E-05,0.00072363,0.001066865
3801,3.713847918,0.009089024,0.011784143,0.009039168,0.000302459,0.000736367,0.002438819
3802,3.166716254,0.00397316,0.971559408,0.002016077,0.000648377,0.000852861,0.001765577
3803,4.4131423,0.00143895,1.199319556,0.002635227,0.000600568,0.000649588,0.000347802
3804,2.725421733,0.001555226,3.043919526,0.009187877,0.000369884,0.000395512,0.001567364
3805,3.757223234,0.00135575,1.485914787,0.00401966,0.00073737,0.000184226,0.002638738
3806,2.701565927,0.001447037,2.569636108,0.006586096,0.000492668,0.000260039,0.002137857
3807,4.62857875,0.006939747,2.649122362,9.78759E-05,0.000929036,0.000570138,0.00275642
3808,2.795265643,0.009413031,1.979866326,0.005134202,0.00018532,0.000542509,0.001960361
3809,3.35769594,0.001086289,2.012110658,0.005792326,0.000345646,0.000602276,0.000821581
3810,3.059902555,0.009995261,3.613939847,0.008445275,0.000140371,0.000672276,0.002516611
3811,3.087780507,0.009586562,2.949014901,0.003851467,4.50307E-07,0.000387621,0.000290077
3812,3.102539032,0.005112104,0.43911096,0.008232547,0.00024444,0.000788317,0.00223154
3813,3.216441157,0.001548025,2.256586059,0.008839189,0.000950254,0.000180378,0.002767121
3814,3.172573968,0.003802114,1.717032709,0.001575587,0.00065444,0.000133313,0.002471365
3815,2.985856024,0.004787847,0.982209236,0.007539028,0.000503712,0.000512506,0.002287065
3816,3.86385832,0.004944974,2.70355532,0.006035133,0.000313782,0.000739049,0.001501501
3817,4.514255357,0.000865264,1.419219431,0.004770776,2.20095E-05,0.000853466,0.000183587
3818,4.428885442,0.000553237,0.415929908,0.005798149,0.000934781,0.00024098,0.001768726
3819,3.911144725,0.006227004,0.435960979,0.009798398,0.0002831,0.000787671,0.000568458
3820,4.085828427,0.001326537,0.071409307,0.009085526,0.000220909,0.000594652,0.001094636
3821,3.151625928,0.002934958,3.309267735,0.009101201,0.000551245,0.000401546,0.002833273
3822,3.34948992,0.003338588,2.759450156,0.003999009,0.000946241,0.000809571,0.002940123
3823,3.605125144,0.00917874,1.61805458,0.007154601,0.000437411,0.000194399,0.000250973
3824,2.869507875,0.007131217,2.165183626,0.005547462,4.40672E-06,0.000769559,0.002023627
3825,4.788090078,0.008792328,2.580624331,0.004206347,0.000224282,0.000710157,0.002805264
3826,3.986146868,0.002733152,1.613193903,1.09401E-06,0.000720627,4.08913E-05,0.000170627
3827,2.746810047,0.005842997,1.964818831,0.004064359,0.000171597,0.000331832,0.000581533
3828,3.100338439,0.005938144,0.942641723,0.009701771,0.000508108,0.000151727,0.002808861
3829,3.20434001,0.006888628,1.384568573,4.17542E-05,0.000298029,5.59465E-05,0.002119591
3830,3.346588548,0.005336306,2.962994049,0.001628015,0.000289823,0.000561867,0.001285395
3831,4.437624224,0.004145564,0.195585497,0.003914322,0.000966406,0.000909077,0.001015463
3832,3.556128291,0.001896808,2.626507113,0.008544053,0.00019496,0.000226803,0.002179694
3833,2.622001929,0.001076576,1.551522996,0.003792349,0.000470298,0.000501103,0.001976551
3834,3.461551353,0.008370549,3.952355296,0.006087847,7.91539E-05,0.000741896,0.002298943
3835,4.389444042,0.007303159,2.444187037,0.002065827,0.000867989,0.000210452,0.001978499
3836,4.856796439,0.009338878,1.83624779,0.007869817,0.00020602,9.88934E-05,0.00236618
3837,3.801454649,0.003164019,2.83103944,0.008031549,0.00073219,0.000139672,0.001842179
3838,2.54066773,0.009794342,3.65647991,0.008813313,3.67009E-05,0.000355833,0.000540032
3839,3.709002137,0.000506942,1.896734646,0.006756855,0.000275436,0.000283419,0.002128494
3840,3.935300226,0.009098274,1.189644601,0.004975285,0.000732456,0.000805357,0.002736666
3841,3.488310206,0.007536745,3.95997646,0.008303164,0.000446404,0.000824475,0.00173208
3842,4.686148402,0.008004858,3.311082809,0.001644212,0.000532128,0.000148716,0.000457867
3843,3.178459028,0.004729316,2.806312793,0.004229305,0.000542025,0.000704397,0.002567842
3844,4.180891949,0.005054279,1.4863426,0.005843591,0.000840615,0.000231994,0.002299148
3845,3.872973434,0.009250047,2.788596809,0.001297146,0.00060692,0.000716022,0.001970771
3846,3.281354651,0.008828823,0.52221344,0.000868084,0.000342922,9.29084E-05,0.000340882
3847,2.669609218,5.85476E-05,2.299629015,0.004854143,0.000895328,0.000600109,0.002453341
3848,3.095252777,0.004033337,3.075516149,0.001729661,0.000525398,0.000399841,0.000628478
3849,3.727447374,0.000405146,2.683602845,0.00428143,0.000213797,0.00030197,0.000772855
3850,3.662594144,0.006632633,3.385660341,0.004629529,0.000113301,0.000893083,0.002453856
3851,2.596375824,0.005180485,0.941819485,0.002005067,0.000521572,0.000759347,8.88045E-05
3852,4.636421594,0.000252856,1.04036265,0.004034466,0.000748787,0.000952954,0.000834163
3853,3.304095578,0.009631356,1.961174988,0.002189633,7.8751E-05,0.000672658,0.002898571
3854,3.200640855,0.005842836,1.036713645,0.007706767,0.000958564,4.43529E-07,0.001612259
3855,2.928318689,0.001069828,1.531039662,0.002208626,0.000378024,0.000235214,0.000491144
3856,2.882184595,0.001998631,0.793017732,0.006588405,0.00096047,0.000218316,0.000879075
3857,4.215274013,0.004278451,0.645122124,0.006124936,5.61353E-05,0.00029581,0.002913109
3858,2.972695316,0.006635086,0.613951228,0.009435152,0.000615361,0.000711568,0.000223855
3859,3.706083436,0.007038078,1.071574576,0.004630668,0.000621851,0.000609678,0.001989768
3860,2.726407378,0.00426387,2.115451794,0.009429465,0.000230065,0.000612099,0.002791103
3861,3.185940536,0.0022782,2.010732476,0.005756635,0.000791657,0.000930514,0.000518992
3862,3.545997391,0.007229536,0.868579651,0.004465022,0.000925406,0.000937175,0.002117336
3863,4.704018223,0.000698366,1.294560484,0.005358277,0.000957406,0.000688666,0.002103607
3864,3.51264176,0.002769896,2.086209037,0.00685901,0.000410263,0.000354242,0.00296633
3865,3.243246585,0.003638094,0.350014926,0.005236051,0.000622014,0.00070876,0.000482034
3866,3.918684065,0.00289482,3.738996013,0.007683393,7.50114E-05,0.000643905,0.001870622
3867,4.898683356,0.00069189,2.634063214,0.004243711,0.000786631,9.59474E-05,0.001995176
3868,4.667677157,0.002428663,2.478871789,0.003828977,0.000222888,2.58567E-05,0.002503743
3869,4.329513916,0.002703428,0.428033347,0.003483138,0.000372404,0.000678731,0.00182414
3870,4.975298276,0.006941306,3.042627354,0.00895627,0.000228399,0.000647493,0.000654871
3871,4.81829321,0.007870898,2.691742807,0.00472604,0.00031512,0.000406093,0.001394105
3872,3.409416391,0.00353738,1.216618745,0.000131206,0.000455094,0.000514853,0.001584942
3873,3.999708098,0.003048343,2.155422656,0.003516758,0.000241141,0.000194261,0.001961161
3874,4.394904823,0.008410646,2.581112749,0.006992068,0.000534644,0.000540827,0.002572318
3875,4.817074355,0.000607686,0.940024796,0.005213142,9.78194E-05,0.000611452,0.001622828
3876,2.964826844,0.00460556,2.781708524,0.000375138,0.000731431,0.000978315,0.002973989
3877,4.219603173,0.009350673,2.174049625,0.001667371,0.000442054,0.000765113,0.002192613
3878,3.55449241,0.006827893,1.270173559,0.001590273,0.00049181,0.000252071,7.86441E-05
3879,4.800489438,0.009466976,3.28117413,0.007557097,0.000102225,0.000808955,0.000297334
3880,2.906793888,0.003865979,1.667625864,0.007677994,0.000982125,1.02459E-05,0.000476811
3881,3.149604622,0.007920127,0.450734419,0.000866934,0.000737479,8.09327E-05,0.002531575
3882,3.287997399,0.000389241,3.816084391,7.47765E-05,0.000843609,0.000740956,0.002367275
3883,4.320738798,0.004174556,3.326529106,0.007122096,6.97592E-05,0.000791326,0.001914311
3884,4.835683799,0.007097645,0.302430447,0.00216712,0.000490154,0.000240617,0.002479272
3885,3.62458779,0.007338514,2.925380547,0.005012519,0.000417552,0.000537766,0.00269259
3886,4.515007491,0.008033495,3.630964366,0.006190728,0.000470024,0.000829231,0.000762602
3887,4.341036555,0.002226102,3.65636751,0.009496906,0.000267076,0.000657643,0.00178808
3888,4.672283836,0.009867466,2.193331099,0.004719623,1.43734E-05,5.90385E-05,0.000772934
3889,3.678608069,0.001863112,3.652991121,0.008435271,0.000623103,0.000138189,0.002075405
3890,3.92188689,0.002208135,3.726407033,0.009382368,2.6552E-05,0.000263153,0.002316176
3891,4.986339174,0.005191911,3.018257864,0.007284125,0.000478665,0.000112182,0.002050999
3892,3.538398034,0.00991583,1.151780631,0.005522288,0.000328879,0.000350803,0.001882518
3893,2.527893192,0.001181089,1.805241528,0.004664307,0.000636136,0.000392523,0.001335654
3894,4.113053199,0.003189608,1.299719262,0.000292315,0.00081623,0.000333379,0.001580859
3895,3.943729958,0.002949193,3.378866612,0.001873917,0.000981143,0.000615873,0.000430372
3896,4.421421328,0.004152521,2.65663975,0.003433133,0.0008428,0.0002716,0.001171329
3897,3.46111966,0.0091386,0.044479828,0.008664485,0.000688052,0.000520108,0.000283977
3898,4.770143422,0.008979108,2.944922411,0.007353558,0.000776723,0.000146064,0.001394525
3899,2.675731668,0.000695692,1.757219103,0.009269623,0.00056931,9.28611E-05,0.002937694
3900,4.068987264,0.009408093,3.508605011,0.002540044,0.000725509,0.000487912,0.001234497
3901,2.710808082,0.003961524,2.363292046,0.004902882,0.000355732,0.000153323,0.000449448
3902,3.971671253,0.00971085,1.214766926,0.000886634,0.000299614,0.000935086,0.001218538
3903,3.028395447,0.006186098,2.279845285,0.003285512,0.000196378,0.000366333,0.000963001
3904,3.259143275,0.001238814,3.796378389,0.008500561,0.000836969,0.000349825,0.002513717
3905,4.149162379,0.001705728,3.530355706,0.00751894,4.86447E-05,0.000245845,0.001418446
3906,4.559328076,0.000868393,1.169025544,0.006802894,0.000582789,3.6622E-06,0.002230808
3907,3.92177844,0.001950967,0.846829788,0.003566964,0.000968795,0.000559851,0.000515939
3908,3.53204525,0.000558504,0.394425771,0.008197454,0.000284461,0.000791831,0.000902395
3909,4.665736872,0.007920304,0.181197526,0.005369348,0.000446774,0.000330801,0.001729088
3910,3.689724796,0.007847027,1.04862382,0.009261294,0.000511977,0.000305084,0.000711306
3911,4.763726698,0.001956054,2.006213766,0.004936193,0.000810185,2.99415E-05,0.00279259
3912,3.656316028,0.005860404,0.902023641,0.004459526,0.000229575,0.000988359,0.001968374
3913,4.657591052,0.002656968,1.671508497,0.003512886,0.000468153,0.000870701,0.000915615
3914,4.742266012,0.005540083,0.634251332,0.003947228,0.00057784,0.00028706,0.002439406
3915,3.293508521,0.009966633,2.356109517,0.00315629,0.00061313,0.000460112,0.001183612
3916,3.314640565,0.006313462,2.685847193,0.006745019,0.000128901,0.000663039,0.002481305
3917,2.94374908,0.007291378,1.743456495,0.00801333,0.000736281,2.25597E-05,0.002807811
3918,4.222333826,0.008698473,0.505767434,0.00176235,0.000167657,0.000776558,0.002244849
3919,3.452095971,0.003797384,1.469317682,0.004673947,0.000580875,0.000257732,0.000548166
3920,3.233016183,0.009883588,3.098086743,0.004258731,0.000283851,0.000713531,0.000805861
3921,4.341625902,0.001091945,1.561753725,0.001074208,0.000473749,0.00087375,0.002672682
3922,2.719073247,0.004532205,2.923328295,0.000656064,2.8841E-05,0.000475933,0.002803013
3923,4.14784866,0.003676699,1.065454379,0.009750492,0.00096137,8.85115E-06,0.002148071
3924,2.551727651,0.00224805,2.417168557,0.001285354,0.000743732,0.000168926,0.000400887
3925,3.478937007,0.001422492,3.848426348,0.00743763,0.00027565,0.000778652,0.001957028
3926,4.179134708,0.003780794,2.547769186,0.009503681,0.000248778,0.000735242,6.27895E-05
3927,2.571377765,0.002599798,0.58561367,0.007094304,0.000400435,0.000207738,0.002786613
3928,4.879282141,0.007647585,3.119666825,0.002835351,4.40458E-05,0.000635158,0.002415174
3929,2.918152337,0.000706061,2.660720108,0.005310392,0.00032902,0.000962756,0.001831223
3930,4.613577704,0.000485916,3.63224658,0.008582288,0.000473398,0.000850971,0.00186574
3931,4.079409137,0.000807375,2.637186689,0.000767948,0.000783946,0.00091103,0.000364725
3932,4.824425386,0.006783362,1.452960727,0.007067861,0.000612127,9.86006E-05,0.001225079
3933,4.961435295,0.008499929,1.138071963,0.000670859,0.000509034,0.000821726,0.000502516
3934,2.522915052,0.003418768,1.783110655,7.28966E-05,0.000334135,0.000507849,0.001630359
3935,4.60143269,0.009337057,2.39753028,0.005912026,0.000441569,0.0003485,0.001968414
3936,4.106560686,0.007745422,0.550203888,0.002479516,0.000352751,0.000894744,0.000996052
3937,2.961186597,0.002182981,1.289450365,0.008531964,0.000671616,3.68802E-05,0.000984643
3938,2.825804839,0.009598355,3.809039158,0.003471453,0.000912854,0.00025684,0.000353274
3939,3.120194871,0.007431411,0.59547836,0.003159514,0.000230696,0.000425963,0.001555247
3940,2.678589635,0.008180295,0.437638759,0.001961517,0.000689726,0.000558702,0.002132526
3941,3.215317986,0.007640458,1.799569084,0.006358847,0.000514976,0.000645941,0.001524102
3942,4.918073929,0.003606693,0.189581914,0.009306267,0.00077105,0.000953368,0.002293556
3943,4.682079656,0.001768256,2.385948426,0.00904527,0.000526177,0.000738856,0.000712336
3944,3.453718898,0.008870998,0.243948966,0.001005084,0.00037163,0.000325544,0.002735368
3945,4.497004208,0.00772451,0.47195081,0.005171228,0.000553611,0.000521332,0.000931846
3946,2.892776413,0.005691386,1.55604984,0.006320157,0.000226929,0.000830831,0.001811669
3947,4.799881471,0.002037756,3.854376505,0.009115835,0.000665836,0.00061018,0.000234906
3948,2.704107337,0.004318655,2.204824691,0.003768621,0.000838118,0.000322313,0.000717353
3949,4.782758321,0.008783085,2.508318956,0.0035593,0.000621422,0.000283019,0.0003011
3950,3.598975345,0.002826556,3.651273902,0.009986942,0.000412774,0.000965221,0.002109623
3951,4.788975387,0.008343318,1.443186867,0.002196205,0.000900966,0.000333208,7.77658E-05
3952,3.056117157,0.003387439,2.546607721,0.00200875,0.000483837,0.000711838,0.001144126
3953,3.688604776,0.005799758,2.06802128,0.005773612,0.000325929,0.000837728,0.000153631
3954,3.119290508,0.008948367,0.862817745,0.004790481,0.000162879,0.000681936,0.000538957
3955,3.992646288,0.000821707,2.383462241,0.004007205,0.000497976,0.000807866,0.000165409
3956,3.768564787,0.005124183,3.55710062,0.0078742,0.000339775,0.000304124,0.000213274
3957,4.212360982,0.003930661,3.965095723,0.00853495,0.000104516,0.000637356,0.001034944
3958,4.727352016,0.008136126,2.043638646,0.000727411,0.000251905,0.000153777,0.002253022
3959,2.796414764,0.006688466,0.248298717,0.007083045,0.000211417,0.000614075,0.001088252
3960,2.716934384,0.008981476,2.909241294,0.0030441,0.000721106,0.000444471,0.002292374
3961,3.614838629,0.009305321,2.137839367,0.004502981,0.000636338,0.000849607,0.001106163
3962,4.384267804,0.005145212,0.407740035,0.003286698,0.000246583,0.00095088,0.00209599
3963,3.960897161,0.00406791,1.595436372,0.003171107,0.000346251,0.000462449,0.001380247
3964,4.469424731,0.007252909,2.1613728,0.00526937,8.81097E-05,0.000706272,6.69637E-05
3965,3.545850293,0.004210044,2.546413957,0.004149825,0.000260742,0.000739438,0.002324471
3966,4.762010778,0.005855701,2.262174634,0.004952475,0.000471088,0.000494903,0.000284902
3967,3.380389223,0.004029975,3.714609454,0.003235062,0.000827626,0.000375691,0.000137503
3968,2.630246962,0.00769247,3.699280781,0.004570688,0.000767962,0.000179486,0.002957984
3969,4.371516213,0.000678992,2.278173709,0.001308343,0.000180745,6.80413E-05,0.00170164
3970,2.630305735,0.001959002,0.820126875,0.003987113,0.000123293,0.000506484,0.000175118
3971,3.591742901,0.00122441,2.997182901,0.009568248,0.000420739,0.000536159,0.001388681
3972,2.580739843,0.004931381,2.67082492,0.002803735,0.000115566,0.000250501,0.001024642
3973,4.301263418,0.001437491,1.100533541,0.002108156,0.000788308,7.22322E-05,0.001992396
3974,3.660555406,0.006424642,0.474597932,0.001242781,0.000563021,4.25445E-05,0.002209283
3975,3.920472025,0.005585207,0.11814819,0.004186566,0.000784419,0.000111016,0.002550187
3976,3.065381249,0.005849106,1.819748277,0.009793259,0.000641271,0.00072643,0.002268997
3977,4.404817067,0.005409624,2.111370757,0.008264826,0.000305459,0.000154151,0.000845528
3978,4.58550344,0.003019071,1.772492351,0.008298836,0.000253271,0.000612997,0.002938889
3979,4.039504577,0.000160965,0.125670007,0.00247724,0.000876529,0.00021426,0.002643882
3980,2.793402181,0.003308889,2.575866213,0.001523391,0.000193027,0.000268511,1.87597E-05
3981,4.017609831,0.00407749,2.517078108,0.007727374,0.000986188,0.000129883,0.001730061
3982,4.408436602,0.001487724,0.825046048,0.007945008,0.000666731,0.000782943,0.001112143
3983,3.815764191,0.003444429,3.316593607,0.008933915,0.000609325,0.000511135,0.00258503
3984,2.806444037,0.004178018,1.107616898,0.008793177,0.000667614,0.000898265,0.000506138
3985,4.08786148,0.009586101,3.142021466,0.005361535,0.000865033,0.000496568,0.000416224
3986,4.527125987,0.004934641,1.618649323,0.002805036,0.000384779,0.00018673,0.000578635
3987,3.003345608,0.005099734,0.607029334,0.009275943,6.73176E-05,0.000109291,0.002114138
3988,4.672753509,0.003877623,2.146554312,0.005873867,0.000521592,0.000433614,0.002101095
3989,2.875237451,0.006730633,0.052892001,0.003370093,0.000974793,0.000542822,0.000587698
3990,2.934197125,0.002683234,2.89942479,0.004852706,0.000176978,0.000108346,0.002656089
3991,2.99196839,0.003476929,3.286874343,0.003445646,0.000152785,0.000893088,0.001913458
3992,3.222253765,0.003163577,1.083086651,0.005587632,9.99132E-05,0.000476552,0.000827411
3993,4.592787743,0.009635648,1.535931119,0.000173348,0.000726732,0.000852128,0.002923558
3994,4.889112454,0.0020764,2.192160206,0.008339209,0.000592366,0.000374143,0.002448857
3995,3.391111351,0.008578662,2.774953965,0.007800733,5.08308E-05,0.000167792,0.000996346
3996,3.203871861,0.000943436,2.221124199,0.002702528,8.19232E-06,0.000315179,0.001452176
3997,3.126677853,0.001377162,0.597656925,0.009098286,0.000262939,0.000357695,0.000837138
3998,3.552616186,0.005418324,1.684562113,0.008390696,0.000222537,0.000592109,0.001168507
3999,3.499373125,0.006840167,3.125401637,0.005709436,0.000851445,0.000693622,0.001886974
4000,4.885468787,0.007609786,2.159584262,0.000372541,0.00059353,0.000871625,0.002675534
4001,4.503904678,0.002920012,2.46563019,0.007949409,0.000789164,0.000988337,0.000479515
4002,3.512947876,6.61986E-05,0.426097817,0.009620182,0.000219746,0.00058969,0.002608955
4003,4.554495617,0.002658222,0.424090148,0.006654922,0.000956579,0.000996174,0.001150412
4004,3.599422833,0.006597412,3.781386717,0.006567865,0.000935217,0.00097204,0.00286942
4005,3.762613374,0.004161447,0.374008383,0.007418794,0.000305534,0.000243967,0.000569098
4006,4.828189373,0.008382058,3.567540194,0.006012852,0.000940768,0.000863509,0.002343341
4007,3.651946321,0.00110264,1.51472843,0.005834116,0.000932554,0.00091229,0.000739083
4008,4.180999863,0.002816336,0.227137412,0.00438017,0.000252623,0.000456235,0.000842887
4009,3.512529304,0.008588813,2.162096691,0.009145103,0.000907573,0.000160041,0.001717777
4010,2.847701378,0.009198113,3.663639386,0.005597971,2.61428E-05,5.76662E-05,0.000364704
4011,3.90355276,0.001020251,0.302374555,0.002394815,0.000668299,0.000869439,0.002502651
4012,2.703504805,0.009899374,2.325787221,0.00910253,0.000903663,3.07944E-05,0.000997972
4013,2.838158712,0.003763866,1.417911826,0.007739059,0.000826545,9.11934E-05,0.001453205
4014,3.456582229,0.008512858,1.885205141,0.004938717,0.000702333,3.81506E-06,0.002122966
4015,4.924849248,0.008086285,1.09735892,0.000762154,0.000756785,0.000848913,0.001385198
4016,4.857345135,0.005664551,2.799320904,0.003879529,0.000508759,0.000822073,0.001830216
4017,4.936352667,0.00067904,2.765240062,0.000771928,0.000796776,0.000879392,0.002499533
4018,4.278945031,0.000559552,1.292714745,0.002263587,0.000683574,0.000127865,0.002911215
4019,4.404995295,0.005783156,1.434142991,0.000402368,0.000158846,1.8018E-05,0.001629182
4020,3.853956248,0.003609234,2.245568038,0.004562309,0.000863263,0.000872119,0.000421015
4021,3.40958308,0.008880455,2.210639887,0.003805375,2.95132E-05,0.000111374,0.001616652
4022,3.922440875,0.004341244,2.691687023,0.006196776,0.000716529,5.63161E-05,0.000841558
4023,3.692991081,0.009636642,2.630986082,0.007735216,7.65194E-05,0.00021585,0.001656673
4024,4.339523785,0.000774908,3.296073885,0.007894204,6.82803E-05,0.000495365,0.001183441
4025,3.018178711,0.007076846,2.254081677,0.004003167,0.000148192,0.00011107,1.24299E-07
4026,4.492239742,0.002842586,3.437153377,0.006043684,0.000414763,0.000346812,0.002134264
4027,3.787496398,0.002010063,1.25006057,0.001007215,0.000609355,0.000674492,0.001616669
4028,3.057483669,0.002036251,2.785340074,0.004960806,0.000682184,0.000456964,0.002438638
4029,3.311839827,0.005168271,3.456860909,0.009865458,0.000452457,0.000755686,0.002787364
4030,4.026397536,0.00862096,3.394084917,0.003693343,0.000182441,0.000969409,0.001724185
4031,2.859945328,0.007642559,0.43105238,0.00690473,0.000847077,0.00035112,0.002795356
4032,4.875085549,0.009053063,0.33013208,0.00532125,0.00055602,0.000828552,0.001422123
4033,3.918220021,0.005398179,0.530443711,0.003884153,0.000711579,0.000177768,0.000173669
4034,2.715893424,0.00997811,1.188426824,0.002418042,0.000676821,0.000591842,0.000622725
4035,3.380616174,0.004733361,3.928067271,0.000610885,0.000119711,0.000215413,0.000121338
4036,3.087382742,0.000782661,2.531990502,0.005064178,0.000225473,0.000539387,0.002399613
4037,3.001491,0.002461303,0.482335987,0.004115512,0.000867864,0.000131515,0.002855134
4038,3.839921599,0.007582273,0.542531739,0.001845937,0.000789101,0.000661969,0.002669505
4039,3.653416561,0.001947249,2.164034652,0.007922447,0.000809126,1.38053E-05,0.00075796
4040,2.556102435,0.009198916,1.384796735,0.005177379,0.000188411,0.000635726,0.001121715
4041,2.548919635,0.005401972,2.926886751,0.002359778,0.000653281,6.88985E-05,0.001965368
4042,2.875979964,0.008051044,3.537875662,0.004431572,0.000965559,0.000893093,0.000878109
4043,3.073939659,0.000287589,2.713444659,0.009187293,0.000539029,0.000830283,0.001943993
4044,3.131837535,0.006183808,1.98602788,0.009408974,0.000436902,0.000858119,0.002987061
4045,4.212696403,0.005414719,3.873580973,0.006914328,0.000909981,0.000902755,0.000969972
4046,3.149419687,0.009751932,2.513551809,0.004240449,0.000868139,0.000348589,0.002593036
4047,3.201534929,0.000787325,0.438314952,0.008097497,0.000484506,0.000894077,0.001746757
4048,4.352658343,0.006095385,1.607166103,0.006452113,0.000139872,0.00074663,0.000472441
4049,4.707169428,0.003970913,0.172162147,0.00978507,0.000487602,0.000826654,0.001298719
4050,3.362743164,0.008103969,0.461934302,0.006930028,0.000155804,0.000215973,0.001342847
4051,4.018310226,0.008094851,3.326306684,0.009018996,0.00093422,0.000866408,0.002632223
4052,4.132634059,0.00665438,2.606333128,0.009920963,0.000198269,0.000222352,0.000326327
4053,3.506062018,0.00663468,2.387889046,0.001379575,0.000705421,0.000551334,0.000724362
4054,2.981822444,0.008538213,0.586603061,0.003661165,0.000717527,0.000419611,0.002125543
4055,4.606840094,0.005409867,0.311755562,0.009071327,0.000736174,0.000873746,0.001316559
4056,3.655802484,0.009933224,0.144757065,0.005888671,8.62325E-05,0.000484147,0.00145533
4057,4.037326706,0.000191478,3.85060326,0.00633134,0.000350047,5.61042E-06,0.001438418
4058,3.226904914,0.002039794,3.766848508,0.003650393,0.000618868,0.000987352,0.000894998
4059,3.423035402,0.009243207,0.127002588,0.003674125,0.00033702,0.000167579,0.001833552
4060,3.77303476,0.006885416,1.964523453,0.009421874,0.000428098,5.86291E-05,0.000123243
4061,4.94829108,0.007961393,3.330678668,0.007514998,0.000961922,0.000510108,0.000859932
4062,3.313494678,0.009478248,2.656968175,0.008614296,0.000883537,0.000321692,0.001203824
4063,4.361419067,0.003771533,0.249994219,0.007636063,0.000474135,0.000563053,0.001227266
4064,3.34755923,0.008164094,2.331908127,0.001605838,0.000243294,0.000241862,9.43601E-05
4065,3.971639496,0.008673087,0.636753335,0.003171792,0.00054531,0.000795969,0.001436967
4066,2.709612951,0.008579549,0.574448312,0.007816333,0.000301557,0.000998975,0.002690236
4067,4.360471109,0.001688299,2.369513896,0.004748544,0.000575258,0.000277011,0.001962271
4068,3.360437701,0.00768121,1.538202739,0.001722137,0.000309558,0.000909717,0.00243031
4069,2.680553651,0.007595434,0.013859635,0.004574854,0.0001297,0.000850177,0.001397778
4070,4.975946685,0.000766397,1.249541771,0.008870796,0.000215565,0.000617768,0.001531568
4071,3.218951142,0.003472146,3.772308235,0.001764206,0.000975926,0.00084401,0.000653557
4072,2.516663032,0.002920843,1.704241689,0.004025685,0.000399353,0.000818215,0.000585959
4073,4.481656229,0.007460621,1.514571854,0.002354712,0.000897362,0.000112525,0.00146386
4074,3.882793814,0.003706409,3.393241524,0.006614517,0.000907521,0.000949548,0.000850791
4075,2.729896083,0.009267039,0.16031518,0.009686733,0.000367248,0.000869809,0.000661345
4076,3.121357013,0.001869198,2.875973,0.004353878,0.000460445,0.000408425,0.000740018
4077,4.281028608,0.006812694,2.057130476,0.006685448,0.000737942,0.000795582,0.000368002
4078,2.573818216,0.009250274,2.914973075,0.007502912,0.000796565,0.000357693,0.001171732
4079,3.815410388,0.007936464,2.03440562,0.006629219,0.000409098,0.000561939,0.002396518
4080,2.833990447,0.005845226,3.613946562,0.003062473,0.000836807,0.000830541,0.000558714
4081,3.058378802,0.001471044,0.111316909,0.00615942,0.000760862,0.000111236,0.001988523
4082,3.731462601,0.005199359,2.497927385,0.001793629,0.000546252,0.000236113,0.001912477
4083,3.649837615,0.006372682,3.80866731,0.000629495,0.000687051,0.000989631,0.001807055
4084,4.49621206,0.004040589,1.683873407,0.002272157,0.000918201,0.000881289,0.002239276
4085,4.046965403,0.000210347,3.194939276,0.007384401,0.00051979,0.000160316,0.000773139
4086,3.79745737,0.000994128,3.582327221,0.002310512,0.000514792,0.000842317,0.0010598
4087,4.35621228,0.00562353,2.645364033,0.009775182,0.000976254,1.5456E-05,0.001045228
4088,2.679631695,0.004324031,1.512359193,0.003008375,0.00077734,3.52082E-05,0.001170882
4089,2.991377641,0.004155511,2.604721269,0.002077783,0.000748068,0.000371599,0.001046791
4090,2.966573661,0.003443248,2.450151817,0.006398724,0.000635006,0.000458027,0.000673889
4091,4.026479571,0.001025259,2.641427021,0.001194504,0.000371031,9.81285E-05,0.000910213
4092,2.815766242,0.003006617,2.856483856,0.001913352,0.000972478,0.000227496,0.000767855
4093,3.682105075,0.003154242,2.944727397,4.99392E-05,0.000213248,0.000122927,0.000321721
4094,3.762697187,0.001165075,2.965251911,0.008902174,0.000850134,4.72719E-05,0.002196413
4095,4.716021638,0.004676408,2.718565817,0.008667723,0.000462119,0.000972458,0.00189369
4096,2.991163701,0.001294709,2.634052902,0.00214533,5.79001E-05,4.24235E-05,0.002664162
4097,3.015349914,0.001739802,2.184131565,0.00657227,0.000267023,0.000707088,0.002444193
4098,4.008014457,0.004939877,0.520938704,0.002791389,0.000514323,0.000928213,0.001612662
4099,2.874886272,0.005188697,2.383329452,0.006660468,0.000779163,4.55713E-06,0.000660165
4100,2.507500203,0.004983754,1.756060084,0.008921589,0.000350669,0.000635608,0.00212276
4101,4.199819697,0.005808175,2.580755484,0.003401628,0.00040791,0.000957581,0.002518822
4102,3.408479625,0.00201939,0.139568545,0.001809392,0.000192038,0.000584666,0.001244017
4103,3.252934542,0.009636391,2.257926838,0.001110435,0.000891035,0.000307291,0.00034
4104,3.164831077,0.009734658,0.793734229,0.006545619,0.000796719,0.000562532,0.00032946
4105,4.665144039,0.002857596,2.963275955,0.001234337,0.000925842,0.000774534,0.002315351
4106,3.728048331,0.007934722,2.769135507,0.003526032,0.000110069,0.000818306,0.001293351
4107,2.758756572,0.00113844,2.115681338,0.001630122,0.000297192,0.00044302,0.002904241
4108,4.80135851,0.008033402,3.621284519,0.006331421,6.4469E-05,0.000829022,0.002098308
4109,3.104423426,0.007322934,2.458145139,0.004853203,0.000855739,0.000182702,0.001034253
4110,2.742401928,0.003807214,0.902344992,0.006834053,0.000934517,0.000511275,0.000615221
4111,2.547194946,0.008789783,0.212534057,0.001696986,0.00016457,0.000557571,0.002143378
4112,2.937219443,0.003053947,3.79307584,0.005989526,0.000931861,0.000638072,0.000737871
4113,2.590197386,0.008972789,1.913540902,0.009798129,0.000170185,0.000684986,0.00045049
4114,2.875662563,0.009457488,2.123602157,0.004798411,0.000903348,0.000642202,0.000313323
4115,3.008177787,0.005487958,3.78274228,0.009821775,6.10982E-05,0.000942379,0.000167819
4116,4.632227093,0.005339491,0.209983647,0.009545,0.000597197,0.000667043,0.000176826
4117,4.40403143,0.003736528,1.446073863,9.43783E-05,0.000871202,0.000974715,0.000583914
4118,4.799471028,0.008484138,2.199820074,0.007293253,0.000681468,3.38213E-05,0.00123524
4119,4.833992459,0.006467278,3.121195315,0.007131471,0.000790824,0.000317067,0.002474798
4120,3.590670908,0.001811718,3.390508622,0.001709381,0.000489823,2.44398E-05,0.002925993
4121,3.287897886,0.00562461,2.849397215,0.001270379,0.000411581,0.000825526,0.000692639
4122,4.976235369,0.002045184,0.67451012,0.003711929,0.000687858,0.000492849,0.001069254
4123,3.474301123,0.006475467,0.75147199,0.009813471,0.000717265,8.2834E-05,0.002860108
4124,4.193628589,0.007000291,3.452308319,0.006386847,0.000344739,0.00031537,0.002293503
4125,3.811875518,0.002464321,2.126434754,0.004202378,0.000739866,0.000516658,0.002582984
4126,3.042987472,0.009547382,1.790078407,0.006851418,0.000524457,0.000558243,0.002169016
4127,4.879186774,0.002037953,2.608394771,0.0016436,0.000627385,0.000149271,0.001589989
4128,4.107220673,0.003110873,3.589394584,0.001556268,0.000285562,4.95529E-05,0.002749884
4129,4.727196284,0.002064721,3.572727841,0.007053015,0.000924086,0.000455045,0.002086027
4130,4.212425043,0.002863513,2.088505541,0.004570979,0.000698213,0.000513727,0.002706818
4131,2.841848775,0.00347347,1.885928045,0.002906736,0.000420132,0.000155549,0.002293531
4132,4.579870325,0.003114201,0.286326998,0.002155248,0.000755571,0.000175987,0.000438558
4133,3.259558808,0.0007802,2.791362299,0.00835793,0.000879383,0.000757358,0.001289628
4134,4.059871094,0.009110104,3.960110818,0.0034564,0.000272899,0.000199611,0.002136182
4135,2.949839339,0.003336485,2.552739384,0.002052094,0.000426748,0.000894396,0.000759015
4136,4.650354964,0.003069646,2.583356553,0.004475407,4.93433E-05,0.000690014,0.001056304
4137,4.833487828,0.002769927,1.550482795,0.000410546,0.00032148,0.000318975,0.000751522
4138,2.604602745,0.006670578,3.655343867,0.000478711,0.000762047,0.000322142,0.001616007
4139,3.104113496,0.007088244,3.208388558,0.007936094,0.000230809,0.000347391,0.00124245
4140,4.604901109,0.000945052,3.709424016,0.00988611,0.000686839,0.000486745,0.001200537
4141,4.333705301,0.009052265,2.392721384,0.00772656,0.00038487,0.000569604,0.00244908
4142,4.919694615,0.001125575,1.325722743,0.004913334,0.000422041,0.000321019,0.001186676
4143,3.216423759,0.000533455,3.324782219,0.008373399,0.000451949,0.000274567,4.44699E-06
4144,4.606035531,0.004434062,0.084245873,0.000581039,0.000774281,0.000314997,0.000155294
4145,4.200320258,0.002883947,0.043059985,0.008985113,0.000447625,0.000908252,0.000411056
4146,4.4463251,0.003233091,3.566513969,0.007293625,0.000289467,0.000829863,0.002171357
4147,2.601208442,0.008845304,1.212184082,0.008363482,0.00047688,0.00037095,0.001535135
4148,2.591009454,0.004134124,3.828801047,0.002610647,0.000669771,0.000443294,0.001177853
4149,3.71004158,0.003718328,3.185272693,0.004663606,0.000533468,0.000308788,0.00219448
4150,2.957395787,0.004604725,0.021192528,0.007757478,0.000768303,0.000710792,0.001426572
4151,4.810845561,7.01895E-05,1.262907473,0.004322067,0.000952165,0.000852889,0.002930872
4152,4.831320985,0.006999828,3.549574085,0.007343206,0.00091268,0.000766802,0.002464222
4153,3.460652485,0.008638283,2.104316624,0.008243377,0.000495185,0.000342596,0.002867319
4154,3.151476535,0.003410207,2.268579382,0.009767082,0.000787579,0.000640473,0.000974642
4155,4.934792394,0.002414575,2.669078591,0.004757542,0.000477879,0.000596947,0.002724128
4156,3.514254699,0.0096249,3.204404175,0.000484473,0.000555792,0.000298103,0.000543746
4157,3.279890554,0.009678417,2.534550088,0.003520494,0.000985894,0.000376778,0.002094226
4158,4.177731467,0.001970325,3.536385089,0.003885692,0.00015219,0.000807816,0.002173614
4159,4.279934352,0.001142495,0.00532288,0.003732465,0.000229312,0.000611986,0.000648248
4160,2.908681975,0.008375074,1.907439897,0.001035747,6.06788E-05,0.000179034,0.000152003
4161,3.949438826,0.001413353,1.054581157,0.007119394,0.000851544,0.000167053,0.001815367
4162,3.63118907,0.0086911,0.811414991,0.008012213,0.000461534,0.000831819,0.000572499
4163,4.555157101,0.008763451,3.624696862,0.001555926,0.000122765,3.1052E-05,0.000387607
4164,2.695799166,0.004251043,1.855109931,0.000239669,0.000859903,0.000204875,0.001286
4165,3.610917967,0.004433018,0.915063155,0.000791117,0.000305628,0.000318629,0.000919174
4166,4.710736701,0.000274125,2.334095724,0.008285761,0.000113699,0.000941893,0.00094261
4167,4.069137168,0.000493675,0.340224334,0.00042727,0.000653325,0.000837476,0.002133758
4168,3.865163142,0.003659508,1.440675434,0.001770934,0.000698473,7.93696E-05,0.002869443
4169,4.650484547,0.00736831,1.506659504,0.004294642,0.000586848,0.000777722,0.002668058
4170,3.614802384,0.006729876,3.860803717,0.008972703,0.000209696,0.000161011,2.62909E-05
4171,3.025265543,0.007923639,3.469070524,0.003829137,0.000937296,9.06166E-05,0.00210493
4172,3.062949408,0.006895217,2.379581479,0.008633132,0.000187194,0.000933724,0.001926302
4173,4.834258517,0.003422021,2.285292596,0.00373126,4.01532E-05,0.000750397,8.25758E-05
4174,4.715836907,0.004938889,1.907948165,0.009286758,0.000344395,0.000318858,0.002891131
4175,4.511893154,0.006947716,2.668860334,0.001275198,0.000710534,0.000211154,0.002274879
4176,3.496812125,0.000820189,1.971691405,0.000945438,0.000965677,0.000416492,0.000261642
4177,3.213709806,0.009043394,1.806848445,0.005117726,0.000808759,0.000837036,0.000322931
4178,4.582936469,0.006708869,2.819743323,0.002744414,0.000745837,0.000212874,0.001492913
4179,4.42132444,0.002001358,0.494311148,0.006039625,0.000954172,2.69122E-05,0.000187577
4180,4.80691103,0.008417644,1.750099069,0.00566677,0.00068486,0.00098873,0.002227573
4181,4.763481709,0.007685644,1.367426049,0.001844545,0.000897288,0.000978549,0.001808638
4182,3.986761321,0.006635225,2.263412966,0.000247856,0.000427896,3.38409E-05,0.001884446
4183,4.132824759,0.005963112,0.827126019,0.001102123,0.000478031,0.000250968,0.002229766
4184,4.695044144,0.00819563,3.5433909,0.005166629,0.000393026,0.000679921,0.001786758
4185,4.9022894,0.000391339,0.146962541,0.001379031,0.000467958,0.000339453,0.000233632
4186,4.045738383,0.006394235,3.137069872,0.008801129,0.000469872,0.000195165,0.001597528
4187,4.335440986,0.009253919,3.058575232,0.007142176,0.000504297,0.000289193,0.001180501
4188,3.464331456,0.003107901,2.397946104,0.000343165,0.000906522,0.000389531,0.002469291
4189,4.265357862,0.008984195,3.58892204,0.006540328,0.000749815,0.000472482,0.000321687
4190,4.018685254,0.000866012,3.325237783,0.00526955,0.000694152,0.000979549,0.000429976
4191,4.384104827,0.002027067,3.18244732,0.008665966,0.00070781,0.000159482,0.000305351
4192,3.916822794,0.000598251,0.856349442,0.00471247,2.90925E-05,0.000129769,0.002231098
4193,4.665565657,0.0080844,1.337930626,0.001021916,0.000337712,0.000291045,0.001787249
4194,4.028211821,0.009811424,2.254888018,0.007005907,0.000754222,0.000179989,0.001764819
4195,3.226996416,0.006414352,1.347437201,0.007133596,0.000253393,0.000434872,0.002083031
4196,2.977387131,0.003199824,2.896740819,0.000745788,0.000951128,7.40414E-05,0.002206458
4197,3.615654516,0.00729368,1.879535774,0.002655352,0.000149724,0.000863267,0.002955466
4198,4.978411347,0.000142675,2.791244755,0.003729531,0.00067209,0.000840044,0.000134327
4199,2.906463899,0.000353499,2.652302565,0.004672763,0.000583249,0.000274387,0.002777121
4200,3.961996341,0.001122223,1.685980744,0.007048514,0.000659117,0.000525829,0.00101841
4201,2.849045719,0.006037109,3.673733216,0.007251532,0.000986333,1.86023E-05,0.002455775
4202,3.271541835,0.003234401,3.60539642,0.007536044,0.000527005,0.000406376,0.000953853
4203,4.640457339,0.000856707,3.825351023,0.006118031,0.000124939,0.000105061,0.002846682
4204,3.889113273,0.005302547,0.096881844,0.003709405,0.00044432,0.000886659,0.000568526
4205,3.019922353,0.009431923,0.876930436,0.00602402,5.85163E-06,0.00010483,0.00100633
4206,3.622644817,0.004568704,0.075482246,0.003333007,0.000327304,0.0004831,0.002127843
4207,3.047979525,0.004752897,0.362731959,0.009401826,0.00013688,0.000912302,0.00122642
4208,4.995231108,0.000115504,2.867063602,0.004427257,0.000714724,0.00063291,0.000661124
4209,2.85019591,0.001092097,2.381721779,0.00609818,0.00073656,0.000762042,0.001580306
4210,3.205350357,0.000572212,0.865711741,0.006260535,8.31969E-05,0.000784316,0.002840148
4211,3.726104401,0.005254703,2.62129934,0.001504004,0.000123732,5.01021E-05,0.002289081
4212,3.180268662,0.000163507,3.319088565,0.009530056,0.000920448,0.000212623,0.002928616
4213,3.60657676,0.008726044,3.040023196,0.001107921,0.000392684,0.000725792,0.001780287
4214,4.312820115,0.009123052,3.043842886,0.002742165,0.000546315,0.000182077,0.000656399
4215,4.013424447,0.006437131,3.523656619,0.004826599,0.000213907,4.88653E-05,0.000999798
4216,3.139908794,0.00566152,1.606883606,0.007318542,0.000661057,0.00076224,0.000249123
4217,3.672894385,0.001200203,3.680121248,0.008648559,0.000912821,6.79421E-05,0.001803968
4218,4.979164602,0.008802994,0.584310587,0.002743655,0.000909474,0.000820426,0.000654592
4219,4.435148426,0.005124384,0.719946075,0.008632946,0.000345704,0.000909052,0.001917695
4220,4.135819915,0.007910115,0.892968249,0.000847122,0.00038911,0.000678083,0.001618892
4221,4.30035252,0.008936171,3.98192334,0.005824433,0.000162491,0.000984409,0.000710504
4222,2.871189808,0.005291019,1.360089655,0.007661098,0.000848456,0.000660289,0.001821334
4223,4.543122866,0.000714083,1.411241032,0.005024403,0.000574951,0.000233551,0.002340853
4224,3.640053233,0.006672131,1.151331838,0.000239776,0.000342672,0.000654127,0.001361691
4225,4.264177355,0.005200887,3.123196047,0.006514692,0.000501188,0.000431511,0.002997157
4226,4.222391634,0.004774485,0.818480226,0.004054427,0.000213968,0.000773866,0.001866016
4227,4.394008081,0.008747888,3.721143689,0.006020947,0.000114124,0.000738472,0.000640134
4228,4.333418628,0.004687936,3.927496788,0.005625565,0.000928371,0.000823484,0.00178084
4229,4.607381804,0.007921932,3.579445551,0.004582037,0.000577615,0.000576253,0.000371015
4230,2.520758639,0.008770037,0.423670399,0.006563726,0.000726378,0.00076123,0.001112492
4231,4.535576876,0.006552104,2.471595659,0.002144085,0.000915513,0.00036057,0.002039836
4232,4.981842914,0.002336907,3.898947255,0.007234436,0.000490856,0.000465946,0.001753752
4233,4.419291745,0.00580872,1.38575813,0.005629459,0.000573379,0.000324876,0.002473564
4234,4.680146878,0.001869822,2.667230776,0.009302562,0.000578792,0.000470343,0.000998524
4235,4.160895249,0.002183339,0.866536463,0.006315576,0.000304448,0.000402928,0.00269148
4236,3.275199787,0.009044333,1.133745166,0.003875974,0.000806622,0.000660184,0.001429976
4237,3.12865777,0.001470851,3.089845631,0.001480656,0.000435404,0.000917514,9.28931E-06
4238,4.078578864,0.00843371,1.505892418,0.00419923,0.00029879,0.000666352,0.002635999
4239,4.986093169,0.004178503,3.840961129,0.007005673,4.14957E-05,0.0008646,0.002580677
4240,4.172960459,0.009667782,0.907175347,0.007698795,0.000466224,9.51148E-05,0.002745856
4241,3.622889891,0.002663957,0.286084425,0.002079916,0.000286805,0.000853497,9.17048E-05
4242,3.25926952,0.00898548,0.347421092,0.001143103,0.000295645,0.000482816,0.002236741
4243,3.945894692,0.007704245,3.862664485,0.002823364,0.000539605,0.000379301,0.002639712
4244,4.69007811,0.000148664,1.343332537,0.00260251,0.000302857,0.000826376,0.000967062
4245,2.708696824,0.006391912,2.784227006,0.00302818,0.000340941,0.000445292,0.002346939
4246,4.807249524,0.000942406,3.962854266,0.000508481,0.000501738,0.000715553,0.00059569
4247,3.106468855,0.005070444,0.215232149,0.003168405,0.000104853,0.000830134,0.002235257
4248,2.874000512,0.00235217,0.358030914,0.005707317,0.00027775,0.00013294,0.001692939
4249,2.850217694,0.008276964,2.069127879,0.001833276,0.00043457,0.000525602,0.001986871
4250,4.379858735,0.004353341,0.51444473,0.007829806,0.000587331,0.000694029,4.23978E-05
4251,4.949265104,0.005651252,2.199275591,0.003138554,0.000112562,0.000639912,0.002690248
4252,3.305601266,0.000411603,0.627147637,0.00374476,0.000907592,0.000266114,0.002066254
4253,4.104354593,0.001990349,3.488255514,0.005332243,0.000473635,0.0008896,0.001459315
4254,4.330114478,0.00961803,2.344055985,0.00489135,0.000622084,0.00032027,0.001846627
4255,3.232085481,0.005819448,2.114203229,0.002594978,0.000779989,0.000735194,0.002394258
4256,2.795369973,0.007146436,3.469298293,0.000800215,0.00056117,0.0005305,0.001275353
4257,2.742087325,0.002133658,1.44443046,0.005598112,0.00036885,0.000142044,0.000607207
4258,4.082263043,0.002271374,2.740648916,0.006235209,0.00069821,0.000536544,4.77735E-05
4259,3.245510592,0.007777196,3.922750552,0.000137031,0.00041397,0.000935825,0.00081283
4260,4.539057361,0.00438548,1.882909219,0.000166893,0.000179,0.000579086,0.000972885
4261,2.783119319,0.005124979,1.488112552,0.002374701,0.000771588,0.000603292,0.001997745
4262,3.139580418,0.005199577,0.03607135,0.001246788,0.000364789,0.000377922,0.001430074
4263,3.604965987,0.005180369,0.314712401,0.003910266,0.000116678,0.00065108,0.002448674
4264,4.04605366,0.00274925,2.144861493,0.007462991,0.000997604,0.000163309,0.000440761
4265,4.561102083,0.000958429,3.707797914,0.009727653,0.000454196,0.000802525,0.000160058
4266,3.610010187,0.008858195,0.421382956,0.00496148,0.000697205,7.27186E-05,0.002236091
4267,2.503510859,0.001486512,2.500143808,0.005747871,0.000770283,0.000644172,0.002836705
4268,4.645896861,0.009385407,1.832758519,0.002432121,0.000984106,2.31527E-05,0.002746671
4269,3.514976137,0.007609261,0.686124954,0.000706132,0.000582852,7.55042E-05,0.001979615
4270,4.148208485,0.002162924,2.483367263,0.000609126,0.000130822,5.80401E-05,0.000481498
4271,3.420552243,0.006858775,1.450699669,0.007507944,0.000719118,3.81588E-05,0.002064977
4272,4.441480903,0.001501009,0.280549974,0.003288408,0.000408524,0.000544607,0.002971017
4273,3.094480113,0.001690138,2.511018223,0.004817349,0.000401221,0.000246128,0.001004254
4274,4.824108494,0.006181707,2.469426872,0.005475846,0.000374945,0.000890311,0.002406387
4275,3.276663832,0.009061769,3.194817654,0.002581669,0.000542702,0.000974537,0.002313899
4276,2.820354571,0.006053513,1.423335517,0.004759754,0.000344347,0.000934682,0.002108583
4277,2.600601747,0.005419544,3.450338306,0.004624047,0.000397997,0.000715889,0.001833383
4278,4.301197501,0.007256096,2.577629297,0.004653923,0.000266828,0.00038491,0.002340162
4279,4.121816478,0.007303465,1.468237824,0.001835853,0.000322243,0.000714591,0.00220296
4280,4.426206036,0.003952022,1.623980285,0.009718237,7.36181E-05,8.8444E-06,0.001257395
4281,4.29919128,0.006704385,2.525600011,0.009208217,0.000776669,0.000424929,0.001806697
4282,4.186195274,0.007093546,2.638367912,0.008651212,0.000641449,0.000556863,0.001102846
4283,4.460407337,0.006639032,1.925391825,0.00702114,0.00089649,0.000370763,0.000932626
4284,4.903976387,0.004616461,0.70448161,0.002285489,0.000369106,7.73668E-05,0.000212759
4285,3.79120317,0.003989249,1.537352068,0.007665582,0.000547277,0.000674497,0.001731193
4286,3.471867453,0.003630102,1.428665054,0.007544353,0.000616878,0.000985094,0.000811513
4287,3.157202481,0.004337356,1.229962219,0.001141631,0.000683635,0.000898759,0.000925663
4288,3.161004466,0.005767594,3.09101712,0.001656014,9.08788E-06,0.000755983,0.002761679
4289,3.601216604,0.002024635,1.543567934,0.004842297,0.000149593,0.000680658,0.002255241
4290,4.327239822,0.001347644,1.048929475,0.000191064,0.000564642,0.000637559,0.001945193
4291,3.504521069,0.007461768,0.737689676,0.006001678,2.91262E-05,0.000993369,0.001648072
4292,3.771715407,0.009210306,3.659422391,0.00097027,0.000468627,0.000559161,0.002619129
4293,4.481799209,0.002222448,3.302042914,0.00224015,0.000894477,5.83483E-07,0.000429867
4294,2.641367233,0.007653079,0.344846699,0.00068732,0.000955524,0.000380451,0.001720348
4295,3.635065529,0.003949641,0.048592952,0.00636728,0.000379097,3.26915E-05,0.000410252
4296,3.894618183,0.007313088,3.912105683,0.006979641,4.06744E-05,0.00035255,0.000281852
4297,3.255653101,0.003955268,2.002073282,0.009693878,0.000226804,0.000742969,0.001610496
4298,3.334676459,0.005369764,2.774349323,0.004964754,0.000850632,0.000220821,0.002149254
4299,4.504621004,0.002095452,3.417245122,0.003915445,0.000730087,7.92209E-05,0.002901168
4300,4.828299595,0.000193628,1.214860561,0.003572405,0.000432976,0.000499335,0.002928942
4301,4.077512616,0.001776467,1.655940385,0.000273523,0.000367253,0.000733286,0.000365945
4302,4.70320005,0.004056619,0.525503573,0.006712848,0.00049423,0.000534411,0.000942084
4303,3.112063957,0.001824676,0.456954132,0.009231952,0.000155468,0.000837275,0.001628819
4304,3.098069095,0.001964937,2.833007591,0.003985953,0.000349249,0.000622032,0.002541591
4305,3.738772564,0.001637381,0.03604975,0.004962976,0.000561342,0.000516541,0.001844523
4306,4.81847003,0.002253513,3.453013385,0.000971137,0.000418299,0.000260069,0.001320276
4307,2.744450165,0.002561344,0.557133954,0.001433538,0.000572915,0.00063042,0.000328442
4308,4.840565601,0.000834454,2.987040999,0.00570115,0.000741188,0.000236296,0.002331289
4309,3.356377796,0.008174825,1.430284986,0.006845682,7.68711E-05,0.000537351,0.000894057
4310,4.055113974,0.003927293,2.628020021,0.006137441,0.000320199,0.000189025,0.000287766
4311,3.851873967,0.001228053,3.164235209,0.004855449,0.000713116,0.000106535,0.00265987
4312,3.982206968,0.009922254,3.875021311,0.001931768,0.000327753,0.000163323,0.001296074
4313,3.339977153,0.009550267,1.718137308,0.003117398,0.000692041,0.000237216,0.00068263
4314,4.141179234,0.008978535,1.085229735,0.00879,9.03432E-06,0.000959765,0.0010107
4315,2.898880243,0.00613163,0.398610931,0.00597824,0.000685762,0.000622875,0.001251697
4316,3.08144817,0.001598408,3.199553856,0.006204552,0.000801874,0.000289619,0.001244218
4317,3.633988161,0.005331733,3.764206589,0.005473741,0.000179524,5.82214E-05,0.001980427
4318,3.657229683,0.001149152,0.894831717,0.007702587,0.000475999,9.74726E-05,0.002491683
4319,4.634731782,0.001152772,3.040982335,0.007345224,0.000609025,0.000126161,0.00071292
4320,4.697159875,0.005585112,1.548114792,0.001548876,0.000647139,0.000115733,0.002183882
4321,2.911320288,0.002629489,3.624497222,0.001679325,0.000781545,0.000448184,3.34282E-05
4322,3.646274962,0.00404534,1.89119357,0.002727792,0.000595199,0.000192082,0.002650122
4323,3.045402252,0.005971964,0.867696938,0.001431745,0.000869075,0.000857158,0.001706255
4324,4.475153468,0.004983602,2.391544004,0.004858972,0.000173356,8.83833E-05,0.001777059
4325,3.315146876,0.008243735,0.755123815,0.004644087,0.000744354,1.34619E-05,0.001836633
4326,2.592479917,0.001792465,2.141671541,0.004134953,0.00090535,0.00057923,0.002696019
4327,4.087496534,0.004968888,0.014450853,0.003319297,0.000783553,0.000922718,0.001901106
4328,2.696760855,0.001584954,3.592475329,0.009975776,0.000484836,0.000195407,0.000912688
4329,2.967559096,7.17465E-05,1.677427987,0.005001494,0.000256994,0.000509397,0.000959229
4330,4.977640033,0.008620061,2.568934019,0.007049179,0.000706293,0.000648251,0.001003866
4331,3.348686225,0.005395347,3.404620279,0.007948991,2.4479E-05,0.000627856,0.002907071
4332,2.866262216,0.001711204,0.945480847,0.001678229,7.75913E-05,0.000588626,0.001436497
4333,4.824894719,0.007449806,0.16489468,0.008529051,2.22749E-05,0.00028679,0.000947458
4334,4.227855936,0.002070963,2.56560583,0.003814522,0.000177896,0.000777572,0.002781393
4335,3.966384383,0.008126278,3.172627697,8.95389E-05,0.000937699,0.000358427,0.001096967
4336,4.596424428,0.001521157,1.784643351,0.003049988,0.000776556,0.000797692,0.002435283
4337,2.980967376,0.007370351,1.563947238,0.005403334,0.000865465,0.000920012,0.002912278
4338,4.339743633,0.006378267,3.789461533,0.002331348,0.000784277,6.1987E-05,0.000224159
4339,4.09750913,0.00598438,3.179696336,0.001571159,0.00060261,0.000499485,0.002629049
4340,4.773605504,0.002274404,0.185490452,0.005957227,0.000484906,0.000129624,0.001054632
4341,3.382088114,0.001223569,2.945320204,0.007165801,0.000244612,0.000315884,0.000731779
4342,2.685323707,0.001524696,1.941792959,0.006962779,0.000874914,0.000104819,0.001968379
4343,4.685707129,0.006250157,1.095908121,0.009026988,0.000266418,8.93926E-05,0.000904521
4344,4.076469385,0.001317957,1.80626149,0.0084491,0.000782347,0.000603233,0.000545492
4345,3.716191491,0.001237216,2.451813046,0.00362735,0.000805839,0.000113637,0.002746096
4346,2.942980173,0.004830683,3.558520704,0.005008932,0.000506059,0.000353576,0.00291361
4347,3.872662408,0.008822178,3.160117718,0.003682042,0.000861897,0.000806375,0.002316974
4348,4.350026061,0.00625037,2.880743393,0.007215269,0.000455785,2.16649E-05,0.000944821
4349,3.218197051,0.009141183,0.031753313,0.004608418,0.000327539,0.000588775,0.001732938
4350,4.780355747,0.009538623,1.401931622,0.007737514,0.00070155,0.000990838,0.00054076
4351,4.051498309,0.00809475,2.200517621,0.005352407,0.000745363,0.000369222,0.001143234
4352,3.090294012,0.009413777,1.74237963,0.005044705,0.000113844,0.00036054,0.002144363
4353,4.246389778,0.00722151,1.528862148,9.39636E-05,0.000652896,0.00046645,0.001279798
4354,2.654790651,0.009002184,3.091945055,0.000866388,0.0005838,0.000880432,0.002220808
4355,2.508655686,0.004077636,3.592070757,0.001686881,0.000786635,0.000667818,0.002739407
4356,4.682946489,0.004513557,1.017955131,0.003500057,0.000362347,0.000657786,0.000617481
4357,3.569328625,0.004750371,1.380331686,0.007445367,0.000364651,0.000622886,0.002093867
4358,3.108674881,0.008599071,3.951135673,0.00164752,0.000100441,0.000315626,0.001029493
4359,4.008761948,0.004599623,3.65643319,0.000488228,0.000162986,0.000826265,0.001897727
4360,3.826141298,0.001435683,1.749475711,0.00819991,0.000852763,0.000816203,0.00192795
4361,2.944723947,0.008478424,3.115657875,0.009243771,0.000652178,0.000925165,9.50427E-05
4362,4.200495193,0.004225662,0.276775253,0.005412587,0.000398758,0.000795241,0.001960993
4363,3.916671896,0.002266258,1.016432505,0.007642062,0.000156467,0.00046127,0.0011518
4364,4.830631763,0.007677044,0.054888563,0.00526759,0.000263618,0.000354011,0.000909981
4365,4.849515352,0.001090036,1.177353556,0.003848569,0.000914029,0.000613899,0.000969389
4366,3.392748799,0.001471652,3.843318162,0.000183899,0.000609728,0.000578703,8.63969E-05
4367,3.493793187,0.007369442,2.557259174,0.00146077,0.000979078,0.000310026,0.001113641
4368,4.132516848,0.00262253,0.130690068,0.005969715,0.000564727,0.000803636,0.000305879
4369,3.827954438,0.002183285,2.828026781,0.000718926,2.1958E-05,2.61994E-05,0.001774475
4370,2.82525883,0.009369022,1.204992234,0.005741093,0.000505736,0.000349117,0.001146624
4371,3.982935064,0.0072688,3.12855051,0.000264525,0.000385328,0.000939765,0.002543482
4372,3.101178002,0.006259187,2.911304454,0.001376302,0.000266576,0.000286236,0.002336244
4373,2.857707645,0.007220402,3.567558351,0.004825559,0.000618148,0.000314814,0.000942496
4374,4.532880933,0.00621019,1.349513944,0.001344213,0.000568085,5.38924E-05,0.00026158
4375,2.897974944,0.005826903,3.852914209,0.007557828,1.64411E-05,1.477E-05,0.002501772
4376,4.041957751,0.004412286,1.123824605,0.003726631,0.000733431,0.000537481,0.000411968
4377,2.904254433,0.004647515,1.730940034,0.003218081,0.000222194,4.74785E-05,0.002617662
4378,3.150419458,0.004784763,3.263965948,0.002767405,0.000686922,0.0004178,0.002328738
4379,3.384490817,0.00726791,1.708426458,0.002412074,0.000393275,3.9431E-05,0.002328553
4380,3.711058122,0.003121286,2.407731674,0.006965819,0.00043461,0.000869055,0.000800653
4381,4.884351054,0.008760066,1.353436099,0.007817319,0.000586764,0.000193429,0.000501398
4382,3.310893896,0.008528963,3.650355044,0.007737719,0.000757334,0.000756118,0.000555463
4383,4.6498363,0.009937037,1.599239943,0.000814226,0.000375786,0.000523014,0.001194776
4384,3.447101644,0.000432694,3.630184699,0.004871444,0.000392075,0.000238987,0.002373971
4385,3.079500205,0.006694649,3.474424323,0.0041367,0.000277855,0.000136145,0.00251481
4386,3.550881929,0.004655428,2.568511153,0.003421237,0.000669345,0.00069725,0.000441092
4387,4.241577946,0.006982209,2.171454847,0.004094805,0.000763535,0.000353416,0.000830925
4388,3.10601247,0.006320736,0.095412108,0.001266096,0.000267316,0.000419098,0.002795439
4389,2.658490536,0.007152156,3.904591957,0.009393033,7.75249E-05,0.000176687,0.000958495
4390,3.278046604,0.001476256,3.577038934,0.000311523,0.000422067,0.000206055,0.001610306
4391,4.19410574,0.001909678,2.004087535,0.001458267,0.000278291,0.000864115,0.002682878
4392,3.358482157,0.00831709,0.13483681,0.000953825,0.000844474,0.000122896,0.002160686
4393,2.704976454,0.00026956,0.108127096,0.009286295,0.000751503,0.000822798,0.000303248
4394,2.616361165,0.008240781,0.468793592,0.004756806,0.000731573,4.44662E-06,0.000531071
4395,4.191065853,0.004290034,3.032098363,0.004285138,0.000363933,0.000405437,0.002253173
4396,3.435475666,0.003673636,3.35087189,0.009034233,0.000754704,0.000291268,0.002649409
4397,4.978017921,0.001329652,3.71017338,0.001632468,0.000657118,0.000544383,0.002612635
4398,4.48715182,0.00394124,0.478078991,0.007369281,0.000301963,0.000475612,0.000926317
4399,3.354380503,0.003369924,1.131270058,0.00427315,0.000394066,0.000223603,0.002768502
4400,3.609977666,0.007954468,2.996837797,0.009090515,0.000462687,0.00045824,0.001779368
4401,3.425437896,3.69227E-05,0.844604101,0.008817766,0.000658378,0.000327464,2.69426E-05
4402,4.073626819,0.002279065,1.517584425,0.00387086,0.000848764,0.000871658,0.002154637
4403,4.784419593,0.007024587,3.930462968,0.005309542,7.97186E-05,0.000293733,0.000331605
4404,2.516808716,0.00110188,1.259168122,0.009908122,0.000458688,0.0009131,0.000448476
4405,2.982915794,0.00616912,1.012319622,0.000805948,0.000321121,0.000317481,0.000616305
4406,4.905800598,0.001743797,0.862121534,0.003743638,0.000988497,0.000605253,0.002750878
4407,3.463565751,0.003653112,1.295929091,0.004617058,0.000505266,0.000780424,0.002048997
4408,4.754095124,0.0067525,1.481141834,0.004227941,0.000350908,0.000188809,0.001449138
4409,4.983960977,0.004297101,2.715378781,0.008333343,0.000888929,0.000822302,0.001647155
4410,4.25610301,0.002052586,2.489842578,0.007277764,0.000955319,0.000338735,0.000529658
4411,4.093713542,0.008108094,1.507230012,0.002483584,0.000437206,0.000568174,0.001257541
4412,3.160343866,0.001632724,1.707482981,0.006998816,0.000474913,2.40364E-05,0.000216547
4413,3.925200063,0.006989918,3.58180294,0.008130661,0.000480521,0.000293781,0.00250316
4414,2.691904252,0.003282565,2.672416623,0.00981729,0.000642594,0.000493397,0.002567272
4415,4.812708566,0.003130824,2.107237473,0.003776487,0.000342944,0.000703172,0.002372635
4416,4.550466125,0.001592013,3.917210634,0.003782318,8.6473E-05,0.000852533,7.61392E-06
4417,2.559258837,0.001935858,3.353155252,9.23416E-05,0.000340669,0.000893621,0.000200964
4418,3.928086962,0.001705385,0.100534603,0.005623472,0.000439787,0.00017691,0.001466582
4419,4.996665842,0.00036618,2.137729278,0.001286441,0.00089184,8.41151E-05,0.001838997
4420,4.286202183,0.008160384,3.70923518,0.008868602,0.000157853,0.000865539,0.00107869
4421,3.78767922,0.001002579,1.826248361,0.002773813,0.000198977,0.000753949,0.00099334
4422,3.328272785,0.006308496,3.162190949,0.009218335,0.00016915,0.000667614,0.00099101
4423,4.545113186,0.003614644,1.585625129,0.008479742,0.000356186,0.000671666,0.002812614
4424,4.482038004,0.00675183,0.248084969,0.001591158,0.000955146,0.000307971,0.002509814
4425,3.002514484,0.008513229,1.439447934,0.001367441,5.7303E-06,0.000948706,0.001200634
4426,4.499993154,0.004019612,0.155319383,0.002567395,0.000829291,0.000256776,0.000835672
4427,4.109786821,0.003725544,1.716763482,0.005858179,0.000359098,0.000900888,3.76166E-05
4428,4.634264287,0.005341885,2.718575919,0.008256872,0.000471036,0.000825396,0.002971064
4429,2.775465007,0.000811831,2.093279725,0.001832509,0.000668822,0.000959882,0.002218678
4430,4.464310631,0.008154235,2.915000681,0.000762647,0.000846657,0.000583856,0.001800996
4431,3.578335543,0.007857066,3.814364968,0.00437431,0.000650208,0.000295788,0.002583286
4432,2.823347202,0.00101821,3.391952168,0.005119068,0.000458298,0.000486949,0.002075894
4433,3.384875886,0.00598069,1.000244828,0.006425453,0.00063033,0.000137335,0.002167139
4434,2.556668763,0.000907964,3.578810051,0.001366912,0.000419123,0.000874344,0.001208919
4435,3.513098701,0.003144703,0.082672474,0.002172785,0.000790531,0.000401144,0.000350286
4436,3.351996412,0.004383913,3.642799528,0.003942746,0.000554844,0.000902153,0.001685499
4437,3.202092703,0.002737192,0.174775304,0.002980428,0.000785743,0.000690149,0.002811534
4438,4.488652315,0.007579896,3.438827666,0.002962703,0.000643207,0.000493368,0.000860233
4439,3.171975373,0.009189997,2.554063083,0.003093175,0.000656354,0.000616703,0.000971494
4440,4.625843771,0.006049995,2.009066193,0.005301313,0.000653398,0.000229708,0.002081539
4441,3.739755119,0.005316911,1.792863112,0.00168983,0.000136831,0.000521222,0.000435806
4442,4.521533735,0.008184878,2.54217145,0.001914287,0.000975605,0.00069913,0.00275155
4443,4.217115763,0.007627541,0.536273058,0.002954957,0.000892662,0.000795351,0.000680561
4444,4.832674522,0.008348593,3.201852176,0.007585631,0.000453753,8.84515E-05,0.001823026
4445,4.006120264,0.002481192,3.844745965,0.006399243,7.83714E-05,0.000868044,0.001133633
4446,2.989782565,0.002239126,1.599671656,0.00830528,0.000226229,0.000556536,0.000200599
4447,2.863823132,0.008387011,2.284343595,0.002588889,0.000494538,0.000623105,0.002972803
4448,3.897673411,0.009001675,3.112175842,0.005726833,0.000783265,0.000736831,0.001654003
4449,3.511651693,0.008343646,2.007232552,0.00078668,0.00037278,0.000392735,0.001898773
4450,3.917635867,0.006095507,0.452591791,0.002738169,0.00047666,0.000399552,0.00289537
4451,4.185370541,0.007094155,0.636919416,0.006373142,0.000184117,0.000750861,0.002083269
4452,3.555832268,0.000445503,0.768093378,0.009087616,0.000974695,0.000268599,0.000827117
4453,2.76518573,0.007088209,1.86952723,0.000725018,0.000197977,0.000664085,0.002563351
4454,3.584633246,0.007636487,0.196494979,0.009469873,0.000903944,0.000361417,0.000927019
4455,3.392468544,0.001543585,1.948907347,0.002734989,0.000593602,0.000628277,0.000186373
4456,3.952961133,0.006084479,0.165150972,0.008768318,0.00033227,0.000709097,0.002723129
4457,3.43322523,0.004079225,2.961711121,0.009074443,0.000680936,0.000584323,0.000184295
4458,3.892256834,0.009056866,2.917245355,0.00863042,0.000506352,0.000718372,0.000610315
4459,3.707186773,0.007377322,3.876857912,0.007058518,0.000156808,0.000921294,0.00255851
4460,4.066106964,0.001315237,1.893889002,0.0078706,0.000450051,0.000235525,0.000953276
4461,2.835891556,0.008584781,2.62197131,0.00534991,5.96944E-05,4.51954E-05,0.000105145
4462,4.113771441,0.000165837,1.013681058,0.009321366,0.00030279,5.25331E-05,0.00259882
4463,4.611992237,0.004855056,1.063844354,0.007041907,0.000300743,0.000798335,0.002730136
4464,3.828226976,0.003285623,0.096612002,0.001403393,9.23421E-05,0.000785462,0.002442053
4465,2.854139547,0.006247972,2.981161635,0.002948029,0.000403545,0.000380975,0.001918802
4466,2.853717216,0.008253977,0.361238333,0.004278218,0.000319809,0.000390029,0.002690867
4467,4.11844235,0.009005029,3.084679547,0.009409615,0.000252108,0.000730728,0.000447575
4468,3.62195522,0.009280497,1.314556682,0.001515098,0.000658089,0.000911742,0.002837273
4469,4.121178017,0.002394675,2.038215426,0.001936578,0.000692388,0.000948302,0.000822308
4470,4.431294308,0.000740534,1.828424036,0.002209275,0.000234669,0.000540928,0.000882477
4471,4.036013169,0.004129322,3.316780735,0.007018147,4.48574E-05,0.000566129,0.002961618
4472,4.913841264,0.008928195,1.73820637,0.002787264,3.2089E-05,7.62426E-05,0.002892213
4473,2.587246491,0.007572418,2.622755743,0.000400134,0.000391902,0.000102886,0.001356896
4474,4.672068193,0.003927083,1.028340685,0.006829431,0.000957886,0.000533114,0.002685379
4475,3.098404914,0.004045915,3.711035968,2.15528E-05,0.000958787,0.000600233,0.002445079
4476,4.008596563,0.001724399,2.773360133,0.005332791,0.000688598,0.000285339,0.002323496
4477,3.514872529,0.002653273,0.527284433,0.001518921,0.000196064,0.000820735,0.001429111
4478,4.913053883,0.003166222,0.847986426,0.003921632,0.000187559,0.000676627,0.000150805
4479,3.724110822,0.005286834,2.856408687,0.00727471,0.000439438,0.000504404,0.00288935
4480,4.463014019,0.009607523,3.049064207,0.007331357,0.000431705,0.000374587,0.000267349
4481,2.972618422,0.002525079,3.336232565,0.004242372,0.000846716,0.000565236,0.00123742
4482,2.763077876,0.003530038,0.873485713,0.003184049,0.000930697,0.000348953,0.000610852
4483,4.665272694,0.001482197,3.818862663,0.000314073,0.000605691,0.000238672,0.001945668
4484,3.905993531,0.005723146,0.56539533,0.009029727,6.865E-05,0.000730705,0.000269595
4485,3.736026643,0.0039473,1.070348532,0.005024839,5.02146E-05,6.73345E-05,0.00117482
4486,3.145156452,0.002527671,1.299655724,0.005595862,0.000356824,0.000782737,0.002087742
4487,4.518987078,0.008286895,3.350211167,0.000658169,0.00036092,0.000320029,0.000863945
4488,2.848892351,0.005441867,0.429537376,0.007427906,0.00066127,0.000682416,0.001162965
4489,3.871651299,0.004454203,3.288347355,0.009692328,0.000382366,3.98791E-06,9.46131E-05
4490,4.812095575,0.002545942,3.290650193,0.005012388,0.000236606,0.00061582,0.001622182
4491,3.320159433,0.000958482,1.632288093,0.004801501,0.000398488,0.000344412,0.002659186
4492,4.675811536,0.005954573,3.687589511,0.00153235,0.000117977,0.000566556,0.002750283
4493,3.543088043,0.00835823,3.407988048,0.003182772,0.000627242,0.000296527,0.001735644
4494,4.912729182,0.002516601,2.696573798,0.008063456,0.000513963,0.00044464,0.001580133
4495,4.854336369,0.002976679,3.079798568,0.006475968,0.00086314,0.000563379,0.001308204
4496,2.642770944,0.000308965,0.707236692,0.005785859,0.000991794,0.000543462,9.35378E-05
4497,4.904326252,0.005373464,1.532815778,0.001439101,0.000994826,0.00017015,0.000780764
4498,2.993992713,0.000807557,1.567678928,0.002656697,0.000652066,0.000417053,0.001340287
4499,4.848357927,0.004763923,2.842967416,0.009173776,0.000524881,0.000562714,0.001195593
4500,3.008819035,0.002898335,3.908041062,0.000353642,1.38782E-05,0.000333217,0.000467797
4501,3.351740424,0.006952386,2.586002354,0.002931981,0.000115728,0.000288883,0.000107706
4502,3.696982878,0.00207884,1.044478367,0.007362061,9.18234E-05,8.14056E-05,0.000252971
4503,3.709836175,0.006651206,0.736922754,0.005194921,0.0008947,0.000550294,0.000986083
4504,3.931670717,0.008013208,3.165397362,0.008732227,1.49053E-07,0.000691805,0.001014095
4505,2.727045697,0.009312665,1.153580721,0.001692369,0.000300891,6.64546E-05,0.002003981
4506,4.070673632,0.002760409,3.981138491,0.001200448,0.000152695,0.00079394,0.001712089
4507,3.666408432,0.009230257,1.215091991,0.008398345,6.94455E-05,0.000187365,0.002143498
4508,3.246000641,0.000260595,0.37796386,0.006023319,0.000570954,0.000594753,0.001788572
4509,4.566817653,0.00884072,1.848638864,0.000540735,0.000369257,0.000810004,0.001335379
4510,4.746526116,0.001724521,2.082535184,0.008937302,0.000731832,0.000243859,0.000324112
4511,3.975433997,0.001163585,0.840837688,0.005929252,0.000116308,0.000165708,0.000183246
4512,2.605251381,0.002196936,0.772299289,0.002299667,0.000470249,3.82171E-05,0.0015373
4513,4.853955228,0.007803645,1.118779418,0.002495735,7.76377E-05,0.000137153,0.00176616
4514,3.015697475,0.003982286,0.158479129,0.000160461,0.000915632,0.000642087,0.002460578
4515,4.0343484,0.008794003,2.962993243,0.009359455,0.000290711,0.000511908,0.001180443
4516,4.755833082,0.009601532,0.029974526,0.009187586,0.000344368,0.000397406,0.000540099
4517,2.784290009,0.007409404,1.592604359,0.005298242,0.00091426,0.000394309,0.001255389
4518,2.730404716,0.007700462,0.750289529,0.003386929,0.000997939,0.000897423,0.002778973
4519,4.04328764,0.007746579,2.588491694,0.001708143,0.000667053,0.000723749,0.00233536
4520,4.166558349,0.006208766,0.565383002,0.00686682,0.000753001,0.000108793,0.000743563
4521,2.707521459,0.003221828,0.81307417,0.009716144,0.00017842,0.000591191,0.00041276
4522,4.160733483,0.004523477,0.856580909,0.000619649,0.000274522,0.000949165,0.000463602
4523,4.192953203,0.000726083,3.689348865,0.000331671,0.00089584,0.000486739,0.001868641
4524,2.92812374,0.007519115,0.539019423,1.94121E-07,0.000173462,0.000100707,0.002252614
4525,3.833978918,5.98806E-06,0.036172527,0.005834078,0.000984821,0.00071317,0.00032963
4526,4.766019655,0.007446786,1.27991469,0.007207479,0.000587229,0.000310242,0.001635857
4527,2.571803093,0.001433625,0.989871501,0.005177348,0.000228551,0.000358527,0.000200375
4528,4.66189766,0.006438904,2.756069323,0.007120959,0.000257061,0.000632015,0.001516756
4529,2.669666964,0.000433754,3.237651927,0.009876776,0.000784272,0.000335964,0.002650038
4530,4.21612759,0.007233607,1.008281104,0.009738098,9.77342E-05,0.000418062,0.002705326
4531,3.646567987,0.001904368,3.55259803,0.00682183,0.000241527,0.000797097,0.000257903
4532,4.958097937,0.006555457,3.987893983,0.008017317,0.000420275,0.000146458,0.00161098
4533,3.346632676,0.000689509,3.100950736,0.002372869,0.000654109,8.63475E-06,0.002826879
4534,2.657280505,0.009516238,0.716334263,0.00624947,0.000347099,0.000852418,0.001839199
4535,3.833328397,0.009036229,0.844240505,0.006287715,0.000753928,0.000260858,0.000209304
4536,2.806974401,0.009357751,0.255726283,0.009866946,2.45608E-05,9.37586E-05,0.001664644
4537,3.874053115,0.006144276,1.048726941,0.001260101,0.000917676,0.00062016,0.002625252
4538,4.332261548,0.001629293,0.036335771,0.000242052,2.29156E-06,0.000903449,0.001900143
4539,3.22924321,0.006793663,2.786248194,0.009327765,0.000454944,0.000756717,0.002689243
4540,4.946074406,0.005643469,2.760072181,0.005242632,0.000889037,0.000826196,0.000427218
4541,3.055525523,0.004860243,3.527674425,0.006840509,9.33556E-05,0.000148866,0.001409688
4542,4.079995559,0.00032063,2.572693395,0.007456946,0.000999486,0.000612796,0.000968708
4543,4.766128048,0.009455452,2.66978521,0.000836236,0.000521956,0.000236912,0.002997516
4544,2.585416277,0.0097166,3.605946825,0.005126571,0.00077671,0.000966061,0.002777979
4545,4.702614359,0.002169784,3.346158512,0.006466272,0.000436373,0.00023267,0.002784639
4546,4.17487505,0.003417335,1.295155742,0.009836636,0.000884545,0.000852981,0.001226764
4547,3.938965874,0.003662007,0.431176318,0.001740712,0.000330993,1.3964E-05,0.002356942
4548,3.897750853,0.007523799,2.042772119,0.006978361,0.000227181,0.000323291,0.000888684
4549,3.230764678,0.001677385,0.462003616,0.000598241,0.000307637,0.000301076,0.000606089
4550,2.674251991,0.006910021,0.177858912,0.005518705,0.000523256,0.000431507,0.000822373
4551,4.706299773,0.005548782,2.536232839,0.004753433,0.000714464,0.000795154,0.002579344
4552,3.610861919,0.009979905,3.656516615,0.00522503,3.28213E-06,0.000713397,0.002524049
4553,4.838230541,0.009575963,2.557564704,0.003424603,0.000220008,0.000311578,0.002210439
4554,3.956019748,0.009557234,1.864210681,0.001309299,0.000189187,0.000985733,0.001699693
4555,4.646715504,0.000460329,0.947948512,0.0014758,0.000931232,0.000523853,7.46809E-05
4556,3.544499773,0.001005224,0.038660187,0.002846956,0.000256801,0.000398251,0.001585477
4557,3.776859991,0.000460796,2.461591002,0.009301559,0.000797645,0.000724207,0.002125166
4558,3.210926138,0.003226851,3.728573096,0.006372739,0.000602165,0.000832419,0.002643675
4559,2.734961363,0.000993462,0.548785923,0.004129212,0.000625488,0.000595596,0.001168171
4560,2.870410196,0.003533545,0.660471703,0.005394931,0.000398726,0.000778763,0.001593089
4561,4.148379142,0.004315895,3.855423129,0.006157431,0.000614223,0.000799057,0.002423521
4562,3.336293461,0.008005426,2.34601939,0.006644366,0.000684787,0.000793377,0.002707458
4563,4.205690496,0.003101213,3.53882798,0.006604761,0.000898591,0.000881727,0.002674027
4564,2.916481587,0.005188288,1.704835636,0.008506826,0.00040223,0.00056932,0.000215312
4565,3.081204992,0.000416882,1.111483247,0.006037956,0.000775279,0.000729201,0.000994677
4566,2.613828244,0.004924614,3.832374657,0.002836605,0.000244567,0.000717497,0.001068346
4567,3.684957453,0.004927113,2.139956457,0.009487005,0.000228672,0.000903308,0.00045799
4568,3.62688142,0.002276775,3.302150432,0.001996694,0.000719125,0.000158768,0.00277154
4569,2.752774668,0.00322677,3.186117736,0.006713268,0.000553248,0.00063223,0.002873746
4570,3.940798513,0.005378525,2.319018229,0.00503029,7.22186E-05,0.000940771,0.00156478
4571,4.671536247,0.003351741,0.60643932,0.009299196,0.000177058,0.000116964,0.00175257
4572,4.580821128,1.02361E-05,1.21280323,0.005238605,0.000874699,0.00079341,0.000323583
4573,4.178124958,0.008434198,1.528296222,0.00951233,0.000802625,0.000275327,0.002807941
4574,4.957023152,0.002540427,3.300931626,0.002816725,0.000247633,0.000861979,0.00132847
4575,2.625511755,0.004820644,1.853467601,0.006324492,0.000678618,0.000403837,0.00159425
4576,2.625071842,0.004137609,0.495278484,0.000271525,0.000189271,8.36835E-05,0.002077392
4577,3.758179346,0.000497989,3.094539861,0.008246563,0.00046209,0.000900767,0.001433141
4578,3.942598918,0.000368646,3.277833684,0.007536561,0.00037132,0.000554416,0.001257183
4579,4.179914337,0.00592911,2.057474517,0.008403535,0.00038079,0.000727402,0.00073776
4580,2.843464187,0.005241194,2.229750378,0.007995568,0.00096879,0.00062407,0.002824906
4581,4.868038443,0.005556279,3.193164414,0.009905798,0.000894888,0.000536512,0.00177785
4582,3.406972356,0.006906749,3.854210935,0.005464267,0.000260385,0.000768754,0.001580989
4583,2.663859784,0.002214471,2.710106698,0.001399605,0.000825458,0.00076653,0.001916736
4584,2.96973947,0.004853071,0.251409906,0.006624347,0.000477881,0.000553251,0.000485496
4585,3.674770194,0.002254817,2.866400998,0.006666181,0.000392887,4.35879E-05,0.00296925
4586,4.765690727,0.001220074,1.934020696,0.003056343,0.000898346,0.000305348,0.00148447
4587,3.942098586,0.003884535,1.299230482,0.003204168,2.83179E-05,0.0002576,0.00064408
4588,3.265156567,0.006639426,0.662393755,0.006035598,7.72649E-05,0.00085137,0.00081797
4589,2.727701863,0.008862389,3.97776277,0.000248202,7.92131E-05,0.000606112,0.00070839
4590,2.642413297,0.007182421,0.585736475,0.009898189,0.000662922,0.000988328,0.002829629
4591,3.991662042,0.009104637,2.216580615,0.007783444,0.000567819,0.000277622,0.000301039
4592,4.536876423,0.008066025,3.869060378,0.000830074,0.000188498,0.000248194,0.001424049
4593,4.650661496,0.004552215,0.396642965,0.002700247,0.00066699,0.000316962,0.000327372
4594,2.870916983,0.001916443,0.921030593,0.002423357,0.000142817,0.00054623,0.00125101
4595,4.274299869,0.002475634,3.862031256,0.00457716,0.000618884,0.000669874,0.002989703
4596,3.88721721,0.004884328,0.754770569,0.001462187,0.000629861,0.000323315,0.001066698
4597,2.678444239,0.002923131,0.744247361,0.004042839,0.000423442,0.000186678,0.001863296
4598,4.410653206,0.000272963,3.2855454,0.009597494,0.00011704,0.000114841,0.000437514
4599,3.647053592,0.005336469,0.932762198,0.008025183,0.000753248,0.000879376,0.002484664
4600,4.285776708,0.003692876,2.007906197,0.007807839,0.000137668,0.000205535,0.002146813
4601,4.533240962,0.004121785,1.71710086,0.003486592,0.000789359,0.000434659,0.002673173
4602,2.9155138,0.001471048,1.613687101,0.008211567,0.000654171,0.000883353,0.002104989
4603,2.584972433,0.0081693,3.017657607,0.004318755,0.000798807,0.00096403,0.001041389
4604,3.837239106,0.003739105,0.317206182,0.006313383,0.000322203,0.000468813,0.002966719
4605,4.558791253,0.004972085,1.158896394,0.00866648,7.00249E-05,0.00057874,0.001554778
4606,3.98735959,0.008289384,1.475641908,0.001728963,0.000874111,0.000920994,0.000192205
4607,4.103608652,0.003895911,0.150712708,0.00470044,0.000974326,0.000325581,0.001028829
4608,3.580691092,0.005977588,1.21550623,0.000174934,0.000539243,0.000860365,0.000493858
4609,3.676261382,0.002148725,1.938162266,0.001244589,0.000993999,0.000397905,0.002273385
4610,2.729602277,0.005704409,1.001591339,0.002342709,0.00014242,0.000567058,0.001477182
4611,4.987578941,0.003334743,0.642027532,0.006376152,0.000277414,0.000316306,0.00090218
4612,2.586564422,0.009849646,0.461411997,0.003042081,0.000767098,0.000964378,0.00219366
4613,2.698987715,0.003700978,3.38781189,0.00094699,0.000186944,0.000950728,0.001917848
4614,4.587451267,0.008070202,3.548519955,0.009129689,7.81495E-05,0.000347266,0.001273008
4615,3.405131787,0.002569821,2.887614004,0.009304299,7.61781E-05,0.000465119,0.000673768
4616,3.626214464,0.00625988,1.818203474,0.00878022,0.00022806,0.000306963,0.002291808
4617,3.600335823,0.008757014,0.21086399,0.000532425,0.000968131,0.000618331,0.002044117
4618,4.766341104,0.008704751,2.350924014,0.00556406,0.000225448,0.000584084,0.00059858
4619,3.391476167,0.005856145,2.376080058,0.00724067,7.76276E-05,0.000327079,0.002567591
4620,3.964965314,0.009509319,3.216829448,0.005434236,0.000809385,5.86657E-05,0.000941053
4621,2.984689838,0.007410414,1.32952774,0.004447251,0.00076663,0.000846535,0.001101122
4622,3.835158836,0.00919043,0.586320993,0.005871926,0.000619518,0.000592603,0.002381749
4623,2.51640509,0.000952249,3.12493465,0.006768717,0.000694217,0.00075052,0.001435706
4624,3.255241608,0.003042542,3.287265683,0.000757863,0.000854777,0.000332747,2.86541E-05
4625,4.515664307,0.005796258,0.688662911,0.003737548,0.000183792,0.000135126,0.001393087
4626,4.975239324,0.002371316,0.874195319,0.007229258,0.000333672,0.000989113,0.002980012
4627,4.722318995,0.002075849,3.247197834,0.006639054,0.0004491,0.00014044,0.001012126
4628,4.994577595,0.009261905,3.036564516,0.006919801,0.000344274,4.04207E-05,0.000840724
4629,3.127559472,0.003444158,1.043061075,0.000648905,0.000434348,0.000131143,0.001701691
4630,3.379096416,0.005418017,2.073076245,0.004151946,0.000844123,0.000330067,0.00105583
4631,4.799732466,0.00397049,0.770589275,0.00559469,0.000827022,0.000316155,0.001597486
4632,3.610033497,0.003963509,2.654998715,0.000198899,0.00029349,0.000920267,0.000375247
4633,3.455469,0.006843727,2.950050283,0.001520761,0.000438007,0.000639358,0.001308447
4634,2.663096648,0.003950243,3.011420463,0.002278009,0.000970596,0.000311696,0.002289042
4635,4.27751244,0.007378494,2.399567661,0.007645105,4.56728E-06,0.000485931,0.002330599
4636,4.574462636,0.007077774,1.920122881,0.009677147,0.000486765,7.88547E-05,0.000735893
4637,3.103705457,0.007663358,1.406261566,0.000332875,0.00018625,0.000402288,0.002503281
4638,4.04290273,0.007849643,1.647360304,0.001149072,0.000958665,0.000597953,0.001896942
4639,3.545452005,0.007112718,2.58723174,0.009847516,0.000355834,0.000281462,0.002707613
4640,2.682533562,0.002422842,3.873422057,0.002256597,0.000743807,0.00013309,0.001086464
4641,4.598750841,0.005647555,2.625858816,0.009621775,0.000429815,0.000570991,0.000740901
4642,3.902247343,0.00357526,3.733218371,0.007090216,0.000193054,0.000381084,0.002891289
4643,4.395861654,0.008771554,3.567271216,0.005717847,0.000914553,0.000931228,0.000528477
4644,3.721266344,0.002683107,1.398236198,0.002464392,0.000561228,0.000522359,0.000733733
4645,4.079678491,0.008899895,2.406899639,0.002852845,0.000921322,0.000792027,0.002936871
4646,4.470354184,0.005307055,0.962287884,0.007162081,0.000826335,0.000145419,0.00075698
4647,4.82724919,0.00453592,2.11807271,0.002449701,0.00055828,0.000725129,0.000695932
4648,4.530714131,0.003009544,2.559915922,0.009031108,0.000911974,0.000255833,0.001896592
4649,3.565926468,0.003774727,3.775050177,0.005940192,0.000420612,0.000758017,0.00117145
4650,3.901928249,0.008234044,0.87406824,0.004609229,0.000721515,0.00014082,0.000682591
4651,4.886672371,0.002872356,1.774847293,0.001524499,0.000264026,0.00064819,0.001860601
4652,4.308521529,0.0034181,0.438718429,0.004377057,0.000488075,0.000966404,0.000861864
4653,2.843287519,0.009729704,2.847455379,0.009692062,0.000334309,0.000227533,0.002888414
4654,4.087908615,0.003052931,1.459034283,0.009866274,0.000966113,0.00032463,0.001894837
4655,2.905731266,0.000277088,3.888106088,0.003335726,0.000507207,6.8794E-05,0.000505696
4656,4.412168458,0.002993443,3.29884309,0.007170008,0.000309196,0.000675869,0.000734346
4657,4.493441706,0.002653699,1.145188983,0.001183947,0.000244335,0.000890303,0.001736957
4658,2.691746953,0.003723105,0.547135054,0.005908222,0.000246105,0.000484569,0.002888052
4659,2.732169429,0.001509552,2.200842569,0.007035201,0.000113821,0.000618797,0.000774222
4660,3.049311556,0.007269932,2.701229454,0.005017415,0.000859355,0.000553364,0.000730124
4661,3.38181046,0.005833979,2.763656332,0.001969103,8.21563E-05,0.000797281,0.000816814
4662,3.323601958,0.002184338,0.280986358,0.008170901,0.000331705,0.000281717,0.000930271
4663,4.114042375,0.002348901,1.047626246,0.005799855,0.000321667,0.000990375,0.001406611
4664,3.921208488,0.007178841,2.388074463,0.008803149,0.000425758,0.000792644,0.000617891
4665,3.880618328,0.006082224,0.479343692,0.001999094,0.000631334,0.000962584,0.002585264
4666,2.711433748,0.006399268,0.917349525,0.008398469,0.000689581,0.000710385,0.002215047
4667,4.837424427,0.00744641,1.788898946,0.008748003,0.000872898,0.000513157,0.002405924
4668,3.982621208,0.001224788,2.344103587,0.00277711,0.000349766,0.000859562,0.000109831
4669,3.835037427,0.000616764,0.436630714,0.004809864,9.04518E-05,0.000538129,0.001410538
4670,3.108626185,0.000436761,0.262303562,0.006294928,5.91659E-06,0.000673204,0.001736223
4671,3.932482859,0.003496999,0.491605043,0.006405463,0.000946485,0.00026302,0.001503921
4672,4.860514208,0.003174016,1.439927628,0.005065332,0.000444816,0.000430742,0.001230565
4673,3.89711956,0.008520457,2.806783001,0.004116772,0.000907487,0.000763586,0.002357207
4674,3.794030582,0.007204097,0.050425491,0.007804373,0.000822787,0.000779515,0.002235793
4675,2.91725013,0.005032849,1.230118265,0.006361711,0.000456912,0.000841352,0.002896894
4676,4.588486694,0.002563703,2.687233945,0.000586161,0.000914889,0.000228909,0.00022869
4677,3.246231229,0.008222082,1.175431707,0.002244833,0.000686887,0.000519717,0.001245382
4678,4.423977031,0.005070752,3.220814903,0.007486803,0.000665748,0.00088426,0.001396605
4679,2.894624687,0.002614084,3.147393235,0.001398994,0.000384242,8.79004E-05,0.002492801
4680,3.460827262,0.003298248,2.654356122,0.007384616,0.000111879,0.00036169,0.00061574
4681,3.297045835,0.004182965,2.629102662,0.001548222,0.000298137,4.98354E-05,0.000150636
4682,3.080344292,0.005155123,2.551254125,0.005872322,0.000838112,0.000332357,0.001157494
4683,3.620471843,0.004091191,2.940401767,0.009737348,0.000476281,0.000402224,0.002240707
4684,4.75193969,0.009425293,1.438746941,0.000313525,0.000685713,0.000230603,0.001774353
4685,4.97529827,0.004489209,1.604655101,0.007088348,0.000818996,0.000984778,0.001658062
4686,2.615662522,0.003348004,0.838147715,0.009147475,0.000382975,0.000483304,0.002189453
4687,3.567226664,0.000556086,2.825132528,0.007809158,0.000330586,7.61321E-06,0.001120492
4688,3.426345162,0.001406052,2.139952031,0.004939709,0.000542718,0.000832771,0.002517672
4689,2.540243415,0.001841111,2.278651202,0.003038979,0.000255637,0.000880323,0.00234693
4690,4.874008308,0.009772375,1.204335627,0.001190316,0.000379684,0.000753573,0.00200609
4691,2.978101069,0.003690384,3.421029855,0.005019052,0.000136937,0.000105447,0.001777533
4692,3.449245288,0.008865498,2.028937044,0.00021658,0.000856916,0.00075326,0.002896763
4693,4.653657849,0.003675224,1.533655037,0.006944639,0.000745229,0.000213345,0.001402809
4694,2.869582526,0.004452343,2.070130171,0.002384838,0.000485582,0.000811638,0.000863359
4695,3.564711935,0.000190665,1.881945559,0.00419614,0.000516391,0.000167202,0.002369763
4696,3.089374191,0.000243655,1.170304716,0.006611639,0.000868815,0.000212917,0.001538623
4697,2.985048189,0.001451367,2.672673608,0.000649798,0.000638431,0.000440498,0.002162631
4698,4.685792528,0.007734923,3.643334711,0.009514266,0.000447489,0.000253736,5.28953E-05
4699,3.311129907,0.001041959,2.308151715,0.004596065,0.000880386,0.000822729,0.002651389
4700,3.371243441,0.006048922,3.884947132,0.002940015,0.000642554,0.000155927,0.001073827
4701,2.644115211,0.005467898,3.221492376,0.008186436,0.000121874,0.0005959,0.001665416
4702,3.787763987,0.001213904,0.896404843,0.003886717,0.00018071,0.000461288,0.001010581
4703,2.606463637,0.000799333,1.383046218,0.008195853,0.000837549,0.000399546,0.000845894
4704,4.490446724,0.001243216,3.660167384,0.004489214,0.000632203,0.000746972,0.001684855
4705,4.801067045,0.004318956,2.964072922,0.006392818,0.000788152,0.000665824,0.002690403
4706,3.244947866,0.002469678,2.004327697,0.001596119,0.000951619,0.000312389,0.001419815
4707,4.23373049,0.00452927,1.849729827,0.00794904,0.000471971,0.000664615,0.002366207
4708,2.679105537,0.005740763,2.600928509,0.001804293,0.00018499,0.000815409,0.001779298
4709,4.511345239,1.74643E-05,3.878747038,0.000656541,0.000350189,0.00037491,0.000547693
4710,3.591996069,0.009300016,0.390387603,0.00234167,0.000913811,0.00098582,0.001107478
4711,4.736252242,0.00918087,0.713996809,0.006104209,0.000756256,0.00055395,0.000562956
4712,2.773110663,0.000743552,3.740892223,0.002016253,0.000787922,0.000432274,0.002537933
4713,4.690219116,0.00335771,2.353690218,0.009836567,0.000255531,0.00053271,0.002422296
4714,4.356375115,0.006647942,1.038424952,0.006413637,0.000434622,0.000223318,0.00191846
4715,3.675539142,0.00534502,0.649216858,0.002659884,0.000116401,0.000846072,0.001454757
4716,4.980540512,0.009306098,2.189740836,0.008591205,0.000159835,0.000473835,0.002145035
4717,2.601268384,0.008266004,0.716505079,0.003562957,0.000702413,0.000932335,0.000830797
4718,4.807337086,0.002028837,0.168612826,0.005752839,0.000545627,0.000608695,0.002095579
4719,3.506859113,0.003988065,0.086301798,0.001047775,1.05396E-05,0.000804646,0.00048069
4720,4.665461461,0.001641722,1.972127498,0.004451737,0.000785846,0.000837414,0.00186475
4721,2.826683802,0.008383161,1.416783954,0.002190861,0.000596911,3.08573E-05,0.002982517
4722,2.822714862,0.005760402,2.938571011,0.00229693,0.000490008,0.000797095,0.002569408
4723,4.36965087,0.002241611,2.217440925,0.000414506,0.00015639,0.000981178,0.001793282
4724,4.935775058,0.009166949,2.363062197,6.2823E-05,0.00034357,0.00076842,0.001988662
4725,3.310280226,0.006838778,1.206980242,0.00283123,0.000267973,0.000892629,0.000749935
4726,2.935785997,0.00535006,2.573548969,0.005412402,0.000999138,0.000451331,0.001602894
4727,3.534123066,0.008435669,0.245718777,0.007590106,0.000650528,2.63536E-05,0.002748083
4728,4.183045164,0.005107065,1.57362455,0.000437247,0.000207628,0.000829537,0.001064232
4729,4.992532081,0.009218753,0.699272884,0.007279339,0.000850202,4.81326E-06,0.001976975
4730,2.912810816,0.004036223,3.273399718,0.001495339,0.000157579,0.000838649,0.002023075
4731,4.320694523,0.008607455,3.235762164,0.006083531,0.000264917,0.000141061,0.000973719
4732,4.422207199,0.004081826,2.291765551,0.003082031,0.000569679,0.00016398,0.002306407
4733,4.47890658,0.005463716,3.291574703,0.004366498,0.000936972,0.000304665,0.001533544
4734,4.905945186,0.001893941,1.805859924,0.008593738,0.000687061,0.000729486,0.002225776
4735,4.038654439,0.008660403,3.384669516,0.009878988,0.00025184,0.000384882,0.001083844
4736,4.605777743,0.006559021,0.381211599,0.009805078,0.000233608,0.000829761,0.002251971
4737,4.49194258,0.006077379,0.838725099,0.0020155,0.00079343,0.000124527,0.002091744
4738,3.754834319,0.005095014,1.487614211,0.009638093,0.000264221,0.000755249,0.001578133
4739,3.696576579,0.000320635,3.617613236,0.007799297,0.000746188,0.00034428,0.000322256
4740,2.949720875,0.005397154,1.921077739,0.000917048,0.000913722,0.000898796,0.000486871
4741,3.235356637,0.001835701,3.191259466,0.002153895,0.000144617,0.000400672,0.002853041
4742,4.921845128,0.008397769,0.454296101,0.008864914,0.000872415,0.000438472,0.000125725
4743,3.388420818,0.005209478,2.595652912,0.003201979,0.000443658,0.000773775,0.00241793
4744,4.406315462,0.003531945,1.243797224,0.007272035,0.000254815,0.000198497,3.88609E-05
4745,3.566605757,0.004388551,1.59426902,0.006949848,0.000747861,0.000854976,0.000227909
4746,3.775093638,0.005577719,3.907585368,0.005244014,0.000126853,0.000484931,0.001172802
4747,2.587189511,0.007811488,1.103248315,0.005103591,0.000529681,0.000466614,0.00235643
4748,2.752496111,0.005883909,3.233695439,0.004363769,0.000142107,0.00069871,0.000126646
4749,3.101722743,0.00449378,2.392111167,0.001069927,0.000835558,0.000184499,0.001093252
4750,4.499775359,0.00401536,1.124835011,0.006235476,0.000304893,0.00019789,0.001224737
4751,3.517026014,0.008535152,0.007812212,0.001466797,0.000290078,0.000264477,0.000125012
4752,3.932790234,0.003217299,0.772094596,0.004272667,0.000147433,2.75698E-05,0.000368128
4753,3.089819947,0.006515189,0.203083942,0.001573792,0.00047229,0.000592479,0.002614705
4754,4.772165513,0.003732888,1.642038422,0.005603052,0.000779124,0.000815596,0.000935641
4755,2.635225916,0.008963843,3.610247879,0.003635959,7.80059E-05,9.68993E-05,0.000113167
4756,3.389893789,0.005299074,1.812150986,0.001146663,0.000986639,0.000634638,0.000256524
4757,2.747132164,0.000577364,3.220271943,0.00589834,0.000279751,0.00040202,0.001509383
4758,4.654447975,0.003537902,0.167313385,0.005672343,0.000851782,0.000811303,0.000858195
4759,2.577647097,0.008327482,2.28580344,0.001619622,0.000843445,0.000116153,0.002752151
4760,3.113265113,0.007214291,0.333723404,0.009250896,0.000145171,0.0005738,0.001499351
4761,4.736765064,0.008443499,0.557980618,0.003267468,0.000298765,0.000376361,0.002117906
4762,4.954644108,0.000147611,3.640508153,0.009294089,0.000363644,0.00016158,0.001452392
4763,2.988726168,0.003166872,3.865397156,0.00517201,0.000834753,0.000238845,0.001843804
4764,4.785185645,0.00601183,3.722041925,0.008008153,0.000759432,0.000285306,0.002639853
4765,2.63200523,0.004107891,1.003352932,0.004745218,0.000356932,0.000591248,0.001358796
4766,3.448513588,0.005866097,3.998343655,0.003878806,0.000654355,0.000171929,0.000800909
4767,3.330678026,0.005607164,0.438782456,0.001654677,1.39771E-05,0.000921611,0.002520977
4768,4.238019426,0.002687979,1.316617073,0.007492358,0.000898369,0.000197874,0.00111287
4769,4.293655124,0.008096343,1.491400555,0.006914306,0.000546279,0.000652966,0.002019764
4770,2.677961093,0.005975162,1.083613146,0.007039693,0.000935742,0.000104505,0.000365748
4771,4.845518226,0.000883001,3.960363998,0.000775311,0.000418816,0.000772941,6.05968E-05
4772,3.150683958,0.004612009,0.648747019,0.008445744,0.000114321,9.58848E-06,0.001286046
4773,4.744458698,0.008511791,3.945741193,0.007499475,0.000125407,0.000425102,0.001656983
4774,2.959557986,0.009181846,0.854512687,0.003013981,0.000862963,0.00013899,0.00273081
4775,4.219213086,0.004754553,1.986711301,0.001745736,0.000880254,0.000306336,0.001242665
4776,3.097148462,0.002286419,2.274283767,0.009274152,0.000497587,0.000501494,0.002860616
4777,3.473295556,0.003293373,0.739668413,0.000323088,0.000239384,0.000794416,3.96008E-05
4778,4.600779088,0.00039453,0.798315891,0.007121421,0.000648461,2.79303E-05,0.000104244
4779,3.370697776,0.001154173,0.636242846,0.00995622,0.000962322,0.000270413,0.000337224
4780,4.541968703,0.004260638,0.766316065,0.006424481,4.81503E-05,0.000630702,0.001970567
4781,4.803519111,0.000704289,1.482674272,0.00252176,0.000155605,0.000905444,0.00163627
4782,2.839208703,0.000759977,0.346466177,0.00640879,0.000661535,0.000710122,0.00182221
4783,2.738304951,0.008114134,2.342810869,0.008699774,0.000315906,0.000339293,0.001893874
4784,4.252280368,0.00718717,3.546425403,0.005802004,0.000397374,0.000323757,0.001954746
4785,3.232153902,0.009532446,0.220336018,0.004793232,0.000548584,0.00066929,0.002749733
4786,4.196649101,0.00920503,0.76893064,0.007698862,0.000380297,0.00084858,0.001947007
4787,3.98399735,0.008416347,0.760866658,0.004089636,0.000209382,0.000123482,0.000361374
4788,3.837606795,0.003242605,0.868446916,0.003474885,0.000661925,0.000347751,0.00056035
4789,3.897475837,0.000346045,2.572108243,0.002242595,0.000409833,0.000397004,0.001545854
4790,3.113163237,0.006594518,2.318441759,0.009317774,0.000470784,0.000622051,0.001957499
4791,3.048294207,0.00160358,1.485833711,0.002185475,0.00010434,0.00043416,0.001021536
4792,3.247912487,0.002315945,0.095698683,0.005816887,0.000112352,0.000492261,0.001182998
4793,2.8808793,0.008036322,2.687714301,0.009157424,0.000119131,0.000812927,0.0005601
4794,3.593303916,0.006554276,2.170657148,0.003006182,0.000364367,0.000503171,0.001504754
4795,3.410010573,0.005915772,1.491639247,0.007981384,8.83283E-05,8.45271E-05,0.000488139
4796,3.35460407,0.006025494,0.372276152,0.006566293,0.000801928,0.000326872,0.001893457
4797,4.250107972,0.008513007,3.994276982,0.006888774,0.000182777,0.000183275,0.002239049
4798,3.713885682,0.005447407,3.239897268,0.00104315,4.75041E-05,0.000136783,0.001459277
4799,2.830812748,0.009216346,1.524864689,0.007966172,7.23404E-05,0.000636639,0.002483616
4800,3.707009786,0.004755002,1.891015628,0.007294941,0.000899315,2.70934E-05,0.000643372
4801,3.313372263,0.002573308,0.603847917,0.002826963,0.000693427,0.000146799,0.001549911
4802,4.176261751,7.65192E-05,2.1440979,0.009794279,0.000133152,0.000296859,0.002559513
4803,4.308292334,0.003370287,2.062197857,0.007789747,0.000380072,0.000595014,0.001276101
4804,4.283637736,0.000881051,0.513468948,0.006101561,0.000741212,0.000863332,0.000323437
4805,3.567597818,0.002065212,1.996123901,0.007253864,8.85911E-05,1.12346E-05,0.000398646
4806,3.376049965,0.004496845,1.329391083,0.001254431,0.00016174,0.000854554,0.00042905
4807,3.889213614,0.008507948,1.187444145,0.001919778,0.000627951,0.000159365,0.002182614
4808,3.511679578,0.004474954,1.791903576,0.009491516,0.000701114,0.000204144,0.002642264
4809,2.88754635,0.008716917,3.970587023,0.00441341,6.33392E-05,0.000609387,0.002732382
4810,2.847489766,0.00600946,2.768213243,0.008672451,0.000565614,2.8295E-05,0.000588087
4811,4.855116975,0.004766498,0.929110506,0.006766206,0.000546977,0.000152558,0.001966141
4812,3.168794808,0.005068194,1.61907152,0.006702553,0.000770525,0.000213108,0.002974551
4813,3.562464175,0.001571357,3.168824535,0.003896587,0.000738111,0.000445536,0.002510774
4814,4.87400559,0.005978255,3.471102794,0.001213339,0.000231372,0.000456157,0.002603808
4815,2.606409743,0.001104667,1.464899098,0.007930505,0.00076651,0.000876329,0.001648973
4816,4.100641107,0.004646745,1.490771809,0.006705305,0.00089417,0.000289356,0.001090907
4817,3.381131995,0.004371337,0.88644303,0.00189875,0.000598821,0.000637187,0.001095501
4818,4.016777652,0.008169648,1.01868614,0.007193421,3.43768E-06,0.000845324,0.001742717
4819,4.385633443,0.001451908,3.286773178,0.006883148,0.000933184,3.92124E-05,0.002631781
4820,4.993423378,0.007486305,1.692518947,0.002494944,0.000283271,0.000453644,0.001512912
4821,2.96685492,0.001175923,1.86239014,0.006981881,0.000481318,2.40045E-06,0.001126625
4822,3.376017028,0.006650543,3.060724725,0.007449533,0.000618616,0.000122459,0.002094981
4823,3.509161017,0.000867145,3.715884337,1.19761E-05,0.000520687,0.000778115,0.001806062
4824,3.722890956,0.003536119,2.539390046,0.007179417,0.000181464,0.000150628,0.000500467
4825,2.653884849,0.00702983,3.919337041,0.009672093,7.46516E-05,0.000444791,0.002623873
4826,4.799636523,0.002605624,0.389146021,0.007936635,0.000811166,0.000220638,0.001540632
4827,3.530522822,0.003431522,0.510378094,0.003905019,0.000526714,0.000653821,0.001933078
4828,3.519544626,0.00813653,2.007399262,0.004648439,0.000736677,0.000310498,0.001805292
4829,3.628053723,0.005478593,2.455897389,0.005122823,0.000790495,0.000481142,0.002732963
4830,2.888578068,0.008145304,0.295959917,0.007606496,0.000772691,0.000946903,0.002597988
4831,3.530704051,0.00465979,3.158590349,0.004737716,0.000495738,0.000966642,0.000397556
4832,4.700079121,0.000318358,3.589400662,0.008742513,0.000346227,0.000734361,0.002054671
4833,4.398102949,0.005611295,0.417778015,0.008608448,0.000955591,0.000359309,0.001960005
4834,4.662952356,5.89415E-05,1.923768773,0.008184818,0.000132398,0.000111465,0.002292981
4835,3.984527537,0.002692206,1.807344074,0.000509934,0.00040928,0.000599197,0.001115034
4836,4.047553373,0.003328521,2.073822216,0.000669618,0.000466534,0.000316817,0.002828673
4837,4.949605157,0.007618876,3.745081564,0.006677333,0.000857842,0.000149019,0.002575312
4838,3.837723829,0.004849531,3.041648104,0.005790141,0.000219747,0.00075277,0.000605601
4839,3.581967025,0.003693775,2.01110445,0.000915291,0.00066208,0.00022866,0.000636454
4840,3.337551627,0.000950319,2.748529681,0.001341968,0.000452472,0.000335358,0.001671326
4841,4.90282397,0.00797967,1.812045314,0.007893619,0.000242664,0.000967215,0.001552157
4842,3.522781405,0.008140077,3.621409071,0.007776458,0.000603115,0.000812961,0.000150252
4843,4.570382008,0.009510446,0.954638127,0.00122168,0.000874062,0.000900067,0.000256486
4844,4.262055295,0.009247609,0.776509949,0.003428539,0.000213414,0.000426127,0.00113093
4845,2.64542309,0.001044571,2.42897624,0.003908672,0.000620518,0.000797444,0.001444348
4846,3.272459035,0.005235074,1.980921158,0.009630173,0.00081045,0.000847912,0.002203385
4847,4.107628022,0.006853557,0.777584919,0.008134932,5.91141E-05,0.000757416,0.000637204
4848,3.703397685,0.003882844,1.335771448,0.009000172,0.000534781,0.000122092,0.002724917
4849,3.709850743,0.009102951,2.129578585,0.005796435,0.000890693,0.000765669,0.000799863
4850,4.355203574,0.007813061,2.342998046,0.008976188,0.000215659,0.000948606,0.001173132
4851,4.858725561,0.001792555,3.932309969,0.007149252,0.000168607,3.61951E-05,0.002095776
4852,3.536427455,0.0019226,1.366507405,0.000904681,0.000927642,0.000758353,0.000131233
4853,4.669356865,0.006221638,0.905614497,0.006378032,0.000926193,5.49539E-05,0.000555545
4854,3.711231256,0.003452173,1.418663794,0.001974366,0.000167054,0.000538043,0.00204792
4855,2.556195234,0.006731399,2.940084032,0.001047986,0.000688097,5.62611E-05,0.000922969
4856,4.770113596,0.000181084,3.15546328,0.009457389,0.000533687,0.000370969,0.001969024
4857,3.037286452,0.009908127,1.667127133,0.004909498,0.000197263,0.000521771,0.00259456
4858,3.347076104,0.007638888,1.458047949,0.00446926,0.000707566,0.000286906,0.002521225
4859,3.127819665,0.008453384,2.511307418,0.008073332,0.000414119,0.000745556,0.000886527
4860,4.617481375,0.009359465,2.132664416,0.005242908,0.000465877,0.000516992,0.001033676
4861,2.967134577,0.009054506,1.51515042,0.006211714,0.00024163,0.000389578,0.002600757
4862,4.648770127,0.003753649,3.188652061,0.005859232,0.000936996,9.7387E-05,0.001469908
4863,3.044012483,0.003492536,3.191371797,0.001101669,0.00032942,5.01789E-05,0.001087601
4864,3.483200374,0.008307854,3.513321493,0.007721326,0.000236936,6.89494E-05,0.002893976
4865,3.664621197,0.003623497,1.269430039,0.006689972,0.00025449,0.00054392,0.00227621
4866,2.830387979,0.009027184,2.448021709,0.007562135,0.000284015,0.00050845,0.000127374
4867,3.463336737,0.008640884,3.256353516,0.008952082,0.000248088,0.000867425,0.001909029
4868,2.914226205,0.004739691,3.229305454,0.004737004,0.000260069,0.000835496,4.46889E-06
4869,3.012936679,0.004051883,1.488859828,0.003138516,0.000301309,0.000800691,0.002373136
4870,2.63125956,0.007153099,3.921892965,0.001758193,0.000241436,0.000434223,0.002749932
4871,4.267214366,0.007195494,1.801599265,0.005229198,0.000916478,0.000109825,0.000998925
4872,4.290397529,0.003296517,2.642213669,0.00769667,0.000279087,0.000141083,0.002888816
4873,2.502500596,0.007359641,0.651807283,0.002293298,0.000929517,0.00054731,0.000990872
4874,4.243018666,0.008619149,1.391613543,0.005740823,0.000160713,0.000152358,0.000669292
4875,2.518345325,0.003334374,1.09411235,0.007294134,0.000905358,0.000620841,0.000577077
4876,3.096943691,0.006837254,1.657303628,0.009994981,0.000570733,0.000794604,0.000572631
4877,4.788743712,0.005926647,1.646749584,0.003661707,0.000482225,0.000734085,0.000787765
4878,3.074050683,0.002027788,0.507484418,0.002816746,0.000466513,0.000757294,0.002363596
4879,4.267432046,0.003640259,0.332490532,0.003457378,1.35916E-05,0.000192704,0.002838402
4880,2.933909139,0.000158898,3.544783086,0.003024134,0.000330391,0.000983815,0.000548343
4881,4.664285559,0.002853288,0.840073861,0.003716413,0.000937238,0.000365865,0.00274887
4882,3.844359455,0.008943705,0.163137936,0.002404743,8.77538E-05,0.000974372,0.001864729
4883,4.072644458,0.006566701,3.475574865,0.008444674,0.00098959,0.000569626,0.00222593
4884,3.110339924,0.005605095,3.273077149,0.009027569,0.000990321,0.000448735,0.000557824
4885,3.198561036,0.004967439,1.500052089,0.004089977,0.000693648,2.69414E-05,0.001424825
4886,3.482348666,0.009816961,3.968639042,0.009406799,0.000498247,0.000649527,0.001860375
4887,3.066138606,0.009484029,1.679185496,0.002675655,0.000347066,0.000273879,0.002328094
4888,2.669298159,0.009935612,1.016471361,0.002506874,0.000198838,0.000903771,0.002146235
4889,4.058180198,0.009093245,1.694456611,0.002831591,0.00072836,0.000756112,7.73913E-05
4890,4.195868849,0.001237119,0.433355854,0.00426697,0.000813281,7.41618E-05,0.002639932
4891,4.304545389,0.005202091,3.969455896,0.001107854,0.000481889,0.000932248,0.001029962
4892,3.426691892,0.004379028,2.835082317,0.006142178,0.000975975,0.000545376,0.001691589
4893,3.918676528,0.002377644,2.751606631,0.005927816,0.000973903,0.000737418,0.001758095
4894,3.392266399,0.00398897,3.820025109,0.003976582,0.000484106,3.41789E-06,0.00159912
4895,4.811956158,0.001753388,3.90819758,0.001254094,0.00069576,0.000599067,0.00113889
4896,4.752388353,0.0049308,0.443749908,0.000263137,0.000474493,0.000307817,0.002893422
4897,3.042063602,0.004843179,0.377616443,0.008870884,0.000675218,0.000607264,0.000542161
4898,4.30499452,0.001790716,1.39636797,0.001675559,7.96637E-05,0.000733936,0.000413447
4899,4.095058045,0.008428683,2.7493899,0.007673488,2.37753E-05,0.000785697,0.000542221
4900,4.207339753,0.007109199,3.563839079,0.009164896,0.000560314,0.000798108,0.000500044
4901,4.852447576,0.007994327,3.992662228,0.006688508,0.000767089,0.000254091,0.001596954
4902,4.009210282,0.002132117,0.568246321,0.00398798,3.87819E-05,0.000686468,0.002818793
4903,4.874209095,0.005787225,3.38247583,0.008775583,0.000177764,0.000260414,0.002080532
4904,4.124749034,0.00723697,3.386730916,0.000564473,5.38626E-05,0.0007287,0.000658735
4905,4.17072945,0.005786897,1.133070733,0.00131196,0.000938816,0.000882676,0.002338526
4906,2.751405666,0.001111901,1.969561552,0.002737576,0.000131165,0.000901333,0.002238025
4907,4.82240617,0.007824449,1.324452584,0.002035583,0.000339915,0.000384751,0.00092332
4908,4.350820087,0.001663589,2.221079693,0.006975772,0.000732422,0.000609771,0.001318902
4909,2.888094512,0.003276631,0.055193902,0.005779133,0.00015783,0.000525066,0.002447347
4910,4.691310229,0.009983985,2.249979624,0.002681056,0.000715905,0.000372018,0.00114822
4911,3.685379232,0.006320461,3.029930253,0.008968098,0.000272636,0.00065841,0.002387532
4912,3.570451265,0.002418931,3.495974416,0.001288135,0.000955543,0.000323683,0.001457495
4913,3.961089736,0.006942247,2.070263917,0.000868793,0.000585702,0.000727278,0.00048887
4914,4.335399954,0.000590785,2.855212694,5.61599E-05,0.000154171,0.000472063,0.002849855
4915,2.634125998,0.009881991,0.593805131,0.003349349,0.000726996,0.000693342,0.002486495
4916,3.463467239,0.00695454,3.37435175,0.000215616,0.000798339,0.00030081,0.000163603
4917,4.182596111,0.008147271,1.089774632,0.006558077,0.000324499,0.000393085,0.000235597
4918,2.884177209,0.007332085,3.128157369,0.00319262,0.000734121,0.000277581,0.001545992
4919,4.579483438,0.009162357,2.874436129,0.004162229,0.000596997,0.000693538,0.002778373
4920,4.646232715,0.006680499,1.82985651,0.006716279,0.000260512,0.000908254,0.001613378
4921,4.912329459,0.003911409,0.098214418,0.00809548,0.00059826,0.000817167,0.001314044
4922,4.258645983,0.00067906,3.376667073,0.007980893,0.000183447,0.000168758,0.001473743
4923,2.74140822,0.000855937,1.584043679,0.006095508,0.000233501,0.000503728,0.00096295
4924,3.591943738,0.00969563,0.971326355,0.000724516,0.000340516,0.000522958,0.001316051
4925,3.326082481,0.006956144,0.237019825,0.003289193,0.000726038,7.69226E-05,0.000862774
4926,2.775849429,0.007959869,1.966636534,0.009007324,0.000201327,0.000623016,0.001750448
4927,4.522915817,0.007845255,2.634803234,0.009995247,0.000856028,6.83919E-05,0.002984986
4928,3.942296937,0.008599111,3.018393021,0.008829867,0.000651003,0.000113163,0.001733366
4929,4.017363127,0.003736244,2.67994658,0.002751123,0.00059406,0.00053825,0.002882717
4930,4.040113367,0.005558468,1.562988308,0.007151133,0.000710771,0.000802794,0.000153639
4931,4.809504181,0.007312498,1.631912816,0.008356708,0.00065921,0.000761258,0.002575862
4932,4.911594954,0.006668087,3.220413515,0.007862852,0.000178088,7.38946E-06,0.002025326
4933,3.78077315,0.000757225,2.541486199,0.004565138,0.000296961,0.000794038,0.002924265
4934,3.644248808,0.007911781,1.606468502,0.003318728,0.000981463,0.000538489,0.002338438
4935,3.473605914,0.001699458,3.540211602,0.007755348,0.000833714,0.000318044,6.34145E-05
4936,3.028336281,0.005345372,1.837821256,0.002436571,0.000953696,0.000368963,0.001695487
4937,4.644880306,0.004668678,0.551799333,0.006610936,0.00055072,0.000903242,0.002420556
4938,3.402286706,0.006400398,2.623927881,0.003290453,0.000229487,0.00029046,0.001931014
4939,3.8699132,0.005579918,3.713607078,0.004983407,0.000284557,0.000260811,0.001550947
4940,4.055516854,0.009533784,2.479446211,0.001626429,0.00056224,0.000376469,0.001098014
4941,2.905386329,0.003490306,2.429939343,0.000260207,0.000264901,0.000240015,0.000263096
4942,3.526503742,0.009991257,0.330613322,0.001912328,0.000975587,0.000573921,0.000287883
4943,2.799580814,0.000517561,0.559187189,0.001638555,0.000872629,0.000238416,0.001484329
4944,3.529007863,0.003354549,3.081584599,0.003385976,0.000657057,0.000171682,0.000184889
4945,2.705041267,0.005836652,3.899742308,0.009654818,0.000171031,0.000400616,0.002534076
4946,2.81367636,0.008419605,0.164069187,0.001718922,0.000304572,0.000480258,0.00015253
4947,4.617264301,0.008317072,0.757465098,0.003299477,0.000842821,0.000940169,0.002002317
4948,4.944107138,0.001232997,1.320991447,0.005183186,0.000690204,0.00080342,0.002770781
4949,4.006345561,0.009554311,0.400270685,0.004082193,0.000159585,0.00023314,0.00189171
4950,4.303605401,0.000364568,1.657950932,0.006660419,0.000920352,0.000291866,0.000826914
4951,4.91422849,0.004105635,0.890189439,0.002987919,0.000932247,0.00058443,0.001964116
4952,4.027815803,0.005041701,0.436117184,0.003902146,0.000853789,0.000490598,0.002309438
4953,3.827166263,0.006065588,1.229177935,0.008434978,0.000810375,0.000412856,0.002289668
4954,2.932142781,0.007790578,3.784052062,0.006924185,9.07911E-05,0.000388652,0.002270676
4955,4.759834088,0.006071717,1.162452164,0.006323479,0.000183152,0.000509568,0.001544
4956,4.426213248,0.002755595,3.247233864,0.006912374,0.000660635,0.000649667,0.000542965
4957,4.125587682,0.007624724,3.810949144,0.007220414,0.000762351,0.000909964,0.002687328
4958,4.647564083,0.006896091,0.613093431,0.009233355,0.000259372,0.000527534,0.002252426
4959,4.219741716,0.00836499,2.298835305,0.002287351,0.00035926,0.000256632,0.001252646
4960,4.53494317,0.005269064,1.308867278,0.008429022,0.000191562,0.000388161,0.000612235
4961,4.48095408,0.004725433,3.35655321,0.003028412,2.7502E-05,0.000380365,0.001779061
4962,4.551872934,0.006343333,0.331975665,0.005844633,0.000230193,0.000950937,0.001467733
4963,3.482968554,0.003541707,3.202288606,0.005019602,0.000793995,0.000596835,0.002024966
4964,4.779585439,0.004761288,2.248663891,0.001838772,0.000973652,0.000357927,0.001068068
4965,2.652113141,0.002490244,1.840483744,0.006633327,0.000769704,0.000823193,0.000985971
4966,2.977206203,0.009365281,0.274875424,0.007296158,0.000389648,9.40231E-05,0.001067588
4967,3.452511843,0.000827879,0.700035196,0.007951118,2.59502E-06,0.000703892,0.002550199
4968,3.406471469,0.003772567,2.016819143,0.008112052,0.000436239,0.00068697,0.001588548
4969,4.860724301,0.007675825,3.032458149,0.007208621,0.000715532,0.000976907,0.001950119
4970,3.195537467,0.004161872,0.617950341,0.006445583,0.000491653,0.000900343,8.58381E-05
4971,3.034481378,0.001949057,1.249700488,0.009962432,0.000155562,0.000940261,0.002108119
4972,3.526031953,0.001812892,1.082444311,0.002304341,0.000373718,0.000553738,0.00130005
4973,3.785084957,0.003249941,1.538400726,0.008045514,0.000845752,0.000423819,0.000709256
4974,4.742719846,0.005810506,3.657510373,0.008440621,0.000850835,0.000107908,0.001288912
4975,2.74773552,0.005146192,1.680622931,0.008567306,0.000276816,0.00063878,0.002474947
4976,3.876763877,0.007326097,3.511476948,0.009803459,0.00066163,0.000288409,0.000624075
4977,4.208072448,0.002334078,0.298578803,0.008880496,0.000885238,0.000342862,0.002997726
4978,2.781755771,0.002835598,1.782599387,0.009414055,0.000166865,0.000666315,1.10919E-05
4979,3.996918145,0.007285053,1.015508232,0.000846338,0.000347693,0.00030241,0.001703925
4980,2.960638098,0.004626632,0.885551133,0.008368887,0.000326272,5.31983E-05,0.001194697
4981,4.655018472,0.003685257,2.71728767,0.009444847,0.000465038,0.000692849,0.002391662
4982,4.139481515,0.009133426,2.616823729,0.009312755,4.76499E-05,6.4612E-05,0.000182407
4983,4.665472498,0.002030159,0.700236796,0.001637023,0.000437405,7.73474E-05,0.000875171
4984,4.150907242,0.003502335,1.808619575,0.005012058,0.000944474,0.00093692,0.000732923
4985,3.669400452,0.00718581,1.498500146,0.004798955,0.000492869,0.000698762,0.001596161
4986,4.905644048,0.00336018,2.087597202,0.001159222,0.000641255,0.000767221,0.001262376
4987,2.634326339,0.006982372,2.253924485,0.000848762,8.87781E-06,0.000763221,0.001878813
4988,3.319215724,0.003545969,1.493814871,0.008607728,0.000992913,6.08965E-05,0.002096907
4989,4.834342758,0.005534442,2.20895967,0.008473994,0.000646367,0.000950564,0.002349053
4990,4.80691161,0.006549183,1.390395969,0.007064847,3.597E-05,0.000219103,0.002980884
4991,3.344533019,0.000836875,2.795007249,0.002323066,5.68364E-05,0.000721337,0.002205367
4992,4.866163637,0.00889278,0.170813174,0.005204974,0.000538958,0.000146327,0.001989332
4993,3.712180514,0.003199953,3.064990624,0.004405729,0.000440417,0.000898639,0.000848686
4994,4.079897224,0.001105896,2.552338129,0.008240894,0.000677362,0.000394843,0.001126513
4995,2.968080205,0.004723573,0.356507465,0.007071275,0.000461183,0.000456373,0.00173791
4996,4.949467399,0.00771155,1.745435695,0.004766362,0.000990539,0.000907533,0.001278763
4997,4.423943467,0.004276746,3.90320122,0.003670223,0.000784705,0.000830232,0.002846872
4998,3.344317683,0.002982617,0.518481869,0.001657054,0.00049722,0.000243014,0.000964817
4999,2.831546704,0.009364645,1.471609185,0.006667312,0.000209382,0.000965209,0.000586883
5000,3.135127498,0.001869218,0.993476618,0.003556625,0.000205592,0.000279611,0.000905193
5001,3.816887237,0.001328435,1.729404095,0.008794933,0.00056374,0.000785867,0.000456281
5002,4.815973674,0.004334355,0.235384564,0.007369411,4.36588E-05,0.00086832,0.001961168
5003,4.875559985,0.003358921,1.150122151,0.001544891,0.000214019,0.000729379,0.001624611
5004,4.711237474,0.001491392,3.084543839,0.005194788,5.33883E-05,0.000441424,0.000239829
5005,3.137664519,0.001232623,0.655663124,0.007454292,2.7693E-05,0.00080171,0.000880014
5006,4.488833717,0.006354128,0.508772743,0.009995741,0.000924965,0.000995598,0.000324215
5007,4.586284706,0.002568999,1.187760219,0.006526962,0.000545532,0.000197355,0.00232182
5008,3.538767862,0.005462163,2.91598271,0.009551026,0.00043997,0.000589667,0.00268259
5009,4.904876414,0.004344261,3.716089467,0.007294618,0.000644791,5.38694E-05,0.000436993
5010,3.370184601,0.005398677,2.710819254,0.002810531,0.000635586,0.000619292,0.000547555
5011,4.573518379,0.008303816,2.243803635,0.006443828,9.11383E-05,5.97668E-05,0.0021585
5012,4.355696658,0.00481122,0.204922312,0.00128632,8.41709E-05,0.000276704,0.001791895
5013,4.124410053,0.007347337,3.357818761,0.000818534,4.28691E-05,0.000190621,0.001798628
5014,3.956695235,0.009470393,1.267867946,0.003398832,0.000959509,0.000664619,0.002890555
5015,3.49152837,0.005166382,1.397066491,0.001553033,0.000803658,0.000132873,0.00123787
5016,3.975852211,0.000221004,2.722049787,0.006964053,0.000703712,0.000731659,0.001047581
5017,3.764154251,0.000940538,3.172388739,0.00871249,0.000736626,0.000767118,0.0025045
5018,4.876305955,0.005003282,2.246028107,0.004146608,0.000695284,0.000343206,0.002008863
5019,3.837599078,0.001380197,2.582997185,0.005845938,0.000622548,0.000112753,0.00151033
5020,4.280597352,0.003898166,3.483634579,0.001392106,0.000137745,0.000573846,0.001771836
5021,4.179636728,0.003359993,1.523851739,0.004917967,0.000838901,0.000714473,0.002543729
5022,3.460703239,0.000546649,1.037261772,0.000190691,0.000492037,0.000980012,0.001649943
5023,4.376178902,0.000994088,2.234183607,0.005718913,0.000571996,0.000889584,0.00173393
5024,3.644877778,0.004450728,2.824453677,0.004995871,0.000486539,0.000580206,0.001282422
5025,2.76034468,0.000713276,3.345716974,0.008018445,1.96203E-05,0.0001203,0.00201513
5026,4.321576208,0.002497698,0.567202409,0.006912406,0.00020245,0.000879961,0.000783402
5027,3.493517786,0.001865386,0.876372731,0.006358891,0.000303882,0.000379188,0.002064511
5028,4.917811065,0.007158515,3.074492796,0.006736674,0.000328244,0.000182989,0.001181332
5029,4.158551716,0.00569563,1.760647621,0.006302219,0.000568072,0.000778343,0.000269382
5030,4.452075105,0.008943323,2.254754243,0.008928659,0.000632046,0.000898174,0.002004957
5031,4.913032198,0.004328567,1.845186487,0.006193134,0.000217269,4.80451E-05,0.001931
5032,3.945543785,0.005560299,0.395709094,0.003115397,0.000933716,0.000213222,4.09923E-05
5033,2.710956668,0.003943624,2.760268382,0.00438987,0.00024634,0.000162463,0.002801014
5034,2.986760439,0.007728065,0.079363653,0.000825784,0.000711771,0.000490974,0.00237089
5035,2.827486529,0.003148929,2.203594666,0.003792153,0.000906955,0.000838206,0.00115929
5036,4.875197848,0.000617299,1.787613635,0.004082489,0.000187035,0.000720458,0.002287761
5037,2.625794606,0.007340538,3.396120608,0.006295723,0.000450333,0.000786068,0.002125705
5038,2.582738056,0.004557599,3.941729832,0.000212189,0.00097724,0.000284691,0.001451491
5039,2.758453035,0.000577653,1.449299604,0.009394995,0.000602417,0.00022298,0.001972146
5040,4.403868482,0.006152439,0.207919584,0.006652128,0.000118784,0.000119003,0.001342834
5041,2.641623262,0.00206848,2.097340272,0.000347089,0.000141705,0.000673873,0.00129322
5042,3.127270978,0.002748219,1.401866927,0.003126815,0.000819698,0.000568709,5.45344E-05
5043,4.806423358,0.000762093,0.03701975,0.006790029,0.000524217,0.000395132,0.001897508
5044,4.961580883,0.001884338,2.331199131,0.003310319,0.000301754,0.000773659,0.001988915
5045,3.339864794,0.0092221,3.27296024,0.008412365,0.000775046,0.000519243,0.002305299
5046,3.04767168,0.002230074,0.301088334,0.000970916,0.000486055,8.29281E-06,0.001123095
5047,3.25332414,0.003167152,3.731342404,0.006113142,0.000591281,0.000262243,0.001619541
5048,4.831527798,0.008564298,0.787445954,0.004719963,0.000696818,0.000635715,0.000828686
5049,2.957200708,0.003771656,1.557657329,0.004041334,8.08537E-05,0.000150708,0.001060376
5050,2.680420659,0.005614293,3.797378024,0.007538626,0.00062671,0.000743777,0.001192173
5051,2.679179273,0.000512563,2.12659719,0.009922147,6.93588E-07,0.00092126,0.001946787
5052,2.634780778,0.003882412,0.912694553,0.00588075,0.000627723,0.000705997,0.000188619
5053,4.96220409,0.002753072,1.663468295,0.007073524,0.000866726,0.000957881,0.00127918
5054,4.068581868,0.003916063,0.923697991,0.006646963,0.000739904,7.03524E-05,7.35872E-05
5055,4.559014742,0.002426562,1.213748829,0.005058858,0.000270284,0.000316836,0.000644441
5056,4.149440043,0.00577818,2.362454609,0.008511788,0.00049802,0.000753772,0.000995669
5057,4.073436216,0.00510296,3.687065824,0.00158332,0.00058078,0.000917049,0.000811331
5058,3.261838932,0.001395616,1.422510595,0.007188852,0.000533115,0.000601417,0.002287583
5059,3.812024716,0.005270768,2.495677332,0.000536173,0.000156324,0.00046067,0.001762974
5060,3.427178152,0.008668346,2.674121346,0.001574357,0.000828171,0.000533157,0.000537944
5061,4.931043251,0.007860622,0.668354458,0.004595464,0.000350738,0.000991032,0.001610331
5062,3.9193189,0.003560509,3.073719187,0.005521528,0.000994267,0.000215457,0.001259867
5063,4.867179268,0.001907222,3.329320001,9.2603E-05,0.000399657,0.00095896,0.000118024
5064,3.976213409,0.009493896,3.289994145,0.009383672,7.23805E-05,0.000234234,0.00102197
5065,3.782296752,0.006028925,0.58253289,0.007067095,0.000388897,6.49682E-05,0.00228697
5066,3.040922234,0.009726688,3.772251919,0.004946634,0.000261172,0.000302245,0.001645903
5067,3.74551981,0.009880845,1.36630897,0.00560682,0.000624332,0.000293095,0.001897784
5068,4.658691198,0.00026109,2.656495473,0.000989022,0.000335139,0.000123278,0.002762504
5069,3.214188405,0.006337926,3.575956896,0.004032757,4.78806E-05,0.00061003,0.001759921
5070,4.002718155,0.007629725,1.896944173,0.002358427,0.000294704,0.000315728,0.000558742
5071,3.327309231,0.005199968,0.862122919,0.008645552,0.000876915,0.000108645,0.002158357
5072,2.974922684,0.000262979,2.067187025,0.004034002,0.000591312,0.000565571,0.002388565
5073,3.058676988,0.003899678,2.723331723,0.005666309,0.000710358,0.000692204,0.000216444
5074,4.926185161,0.009409858,2.556840625,0.004724528,0.000844533,6.63728E-05,0.00127232
5075,4.667488598,0.00340867,0.189491412,0.000841344,0.000561428,0.000712143,0.001897242
5076,2.753009059,0.009608206,1.874714379,0.005627449,0.00010118,0.000661276,0.002569627
5077,3.933957178,0.007484963,3.134992514,0.002390037,4.87463E-05,0.000310401,0.000652602
5078,4.1905949,0.008124537,3.831421003,0.002258873,0.000582897,0.000646079,0.001992298
5079,3.169153182,0.00395057,2.83740909,0.000435648,0.000899056,0.000204186,0.000247181
5080,2.958723825,0.004989023,3.532153986,0.005397046,0.000587278,0.00014591,0.002047042
5081,4.839336088,0.006355897,3.60106904,0.007080528,0.000875528,0.000164341,0.001970028
5082,2.718806387,0.009167646,0.564925795,0.007483155,0.000844368,0.000163887,0.002566862
5083,3.744384143,0.005344671,1.156190468,0.00400116,0.000520573,0.000882986,0.002300029
5084,4.348373677,0.000426627,1.836914712,0.001402908,0.000446778,0.000163397,0.002696879
5085,3.391987513,0.005130798,2.817190618,0.003332096,0.00021679,0.00085895,0.002349126
5086,2.545387603,0.003655011,2.200349867,0.008137966,0.00021521,0.000770237,0.000584578
5087,3.339163428,0.008862167,1.61075484,0.001211056,0.000505852,0.000330111,0.001955202
5088,4.543637139,0.008964054,2.564801441,0.004144725,0.000876448,0.000416482,0.00190321
5089,4.826530544,0.006120401,1.618445577,0.002864019,0.000739236,0.000999966,0.001690839
5090,3.170337255,0.007294655,3.728864182,0.004727373,0.000458101,0.000788685,0.000466354
5091,3.923436159,0.009528037,3.030546456,0.008990379,6.11706E-05,0.000962371,0.001755627
5092,3.455488354,0.002961497,3.058696465,0.007242175,0.000797948,5.22584E-05,0.001463828
5093,4.809592765,0.008728012,2.280287633,0.00735768,0.000252783,0.000867081,0.002746522
5094,3.222876301,0.005329658,1.180258577,0.003966328,0.000828503,0.000326912,0.002452281
5095,4.276201647,0.005122233,0.79875552,0.00777369,0.000832134,0.000308491,0.002773853
5096,4.608933772,0.001696234,2.26586813,0.002595118,0.000154966,9.159E-05,0.001795366
5097,4.991738896,0.007430793,3.933945295,2.7955E-05,0.000346777,0.000152051,0.001524363
5098,2.87240721,0.005770898,3.165164888,0.007552692,8.53239E-05,0.000915281,0.000240134
5099,3.700840262,0.002002448,3.781966685,0.004610762,0.000302205,0.000653332,0.000448913
5100,4.904339531,0.00088244,3.008786092,0.009528809,0.000175441,0.000582328,0.000533994
5101,4.304816066,0.003269546,2.206483275,0.001067123,0.000406713,0.00085832,0.00051738
5102,4.875294529,0.009969855,1.059809178,0.002304527,0.000345169,0.000969351,0.002064879
5103,3.322066785,0.000963298,1.858610152,0.001935105,0.000351501,0.000968569,0.0009904
5104,2.731811957,0.000383744,2.716544607,0.005816498,0.000494692,0.000425395,0.001921652
5105,4.281919809,0.002222362,3.711054506,0.007197493,0.000441395,0.000898562,0.002970297
5106,4.519943085,0.005414344,3.18031694,0.002509172,0.000489651,0.000119412,0.002040512
5107,3.153055419,0.00962538,2.817899654,0.006012929,0.00028172,0.000671816,0.001737532
5108,4.249463526,0.001362074,3.504757451,0.009065326,0.000642297,0.000726406,0.000117939
5109,4.088827005,0.00594369,2.183880561,0.004495196,0.000241112,0.000383522,0.000640896
5110,2.864186895,0.000772646,0.804755163,0.002510413,0.00099264,0.000708297,0.001399173
5111,3.229868611,0.000190708,1.10422344,0.00312147,0.000556823,0.000212147,0.002101108
5112,4.540685782,0.001101259,2.669729848,0.000924665,0.000744834,5.62667E-05,0.001582804
5113,4.423491281,0.00574321,1.830888327,0.008030436,0.000850868,0.000866946,0.002728393
5114,3.504282345,0.00243043,0.495650571,0.004883649,0.000256151,0.000178941,0.002412616
5115,3.013931946,4.20423E-05,2.686378861,0.004326186,6.4802E-05,0.000445303,0.000692166
5116,4.413216875,0.001341819,1.47518514,0.003499109,3.9976E-05,0.000935607,0.000748351
5117,2.558557014,0.002494519,3.209870667,0.007662728,0.00070056,0.000595372,0.001331438
5118,3.944352305,7.99736E-05,3.121711203,0.001139507,0.000897949,0.000123809,0.001017278
5119,2.924783042,0.008053691,3.175203848,0.000178434,0.000435737,0.000318437,0.002686331
5120,2.950781794,0.004688663,0.409210058,0.001128576,0.000699699,0.000142975,0.001223553
5121,4.525042108,0.006737764,0.969170141,0.005503617,0.000768059,0.000802209,0.000132056
5122,2.918579819,0.006072708,0.69908072,0.002128223,0.000405797,0.00017699,0.001779831
5123,2.554154631,0.002334304,3.106623912,0.009243752,0.000637606,0.000880287,0.000370053
5124,3.00591272,0.009699317,1.577696703,0.007564,0.000794087,0.000519056,0.001148146
5125,2.530536878,0.001773187,3.326317121,0.005571561,5.93228E-05,0.000820012,0.001143967
5126,4.747319582,0.000667929,2.033566287,0.007219242,5.32536E-05,0.000221953,0.000185377
5127,3.025608145,0.00372178,0.773936815,0.008303603,9.90927E-05,0.000468263,0.002005834
5128,2.721728489,0.001803476,2.077494267,0.000676522,0.000765731,0.000142635,0.000517341
5129,4.776374705,0.003726101,3.078826163,0.008004504,4.57163E-05,0.000101868,0.002624772
5130,4.631492314,0.006117856,0.505933525,0.005831047,7.73757E-05,0.000934767,0.001611648
5131,2.544049713,0.008012701,1.181437863,0.007790922,0.000729088,0.000248011,0.001872183
5132,2.605849362,0.0006316,1.122796404,0.007027907,0.000680441,0.000165767,0.002612448
5133,4.95146366,0.007513099,3.629755205,0.005765771,0.000329217,0.000506361,0.001124476
5134,4.034809797,0.003428525,3.413605681,0.004538398,0.00086067,0.000103781,0.00083063
5135,2.639153746,0.006573997,0.281295715,0.000294664,0.000799079,0.000945297,0.00243526
5136,4.663984919,0.0029168,3.95200349,0.008668694,1.31157E-05,0.000510892,0.00144476
5137,3.25754405,0.007096947,3.534552866,0.009831448,0.000514894,0.00015358,9.74329E-05
5138,4.289388114,0.000741784,1.24052883,0.002047755,0.000224449,0.000366615,0.001060972
5139,2.526275171,0.008387346,2.748819954,0.004307302,0.000373469,0.00073047,0.001446638
5140,3.391394622,0.001891685,1.088541371,0.002086817,0.000353143,0.00090376,0.000736215
5141,3.647200271,0.009477986,2.825702975,0.009712788,0.000789519,0.000400072,0.001775878
5142,4.841984709,0.007041554,3.580239409,0.001986851,1.99782E-05,0.000197168,0.002429247
5143,3.991784847,0.002189191,2.284262259,0.005108598,0.000394041,0.000118624,0.001467807
5144,4.734080594,0.009417709,2.201301435,0.005407925,0.000691567,0.000981432,0.002580369
5145,4.455260779,0.007364409,1.250002917,0.000111139,0.000151992,0.000102928,0.000207256
5146,4.375344289,0.00627321,2.944933816,0.004266245,0.000121784,0.000428656,0.000557119
5147,4.218494872,0.000672467,2.219065011,0.002181771,0.000503833,0.000600994,0.000910702
5148,2.914915454,0.009268338,3.224575742,0.004273508,0.000646195,0.00098658,0.002602996
5149,3.964754764,0.006646291,1.900040307,0.00629713,0.000255486,0.000527657,0.001226186
5150,3.825815581,0.008250554,0.779867461,0.008928765,0.000880842,0.000811092,0.000288327
5151,2.502973875,0.006923923,0.97620521,0.003699734,0.000215217,0.000315562,0.001927165
5152,3.510588427,0.000660158,1.317549375,0.007149332,0.000859428,0.000692477,0.001198636
5153,3.463011853,0.005242069,3.443350405,0.004443388,6.01382E-06,0.000307292,0.00041162
5154,2.85650374,0.004081409,3.721836479,0.00744743,0.000695922,0.000695487,0.001453924
5155,4.986318746,0.004905571,3.292487516,0.009435073,0.000221945,0.000313433,0.001177946
5156,3.414129989,0.007214769,2.742323378,0.002452124,0.000133364,0.000178815,0.001022757
5157,3.633941374,0.002867684,2.964106465,0.008812939,0.000206378,0.00043473,0.002968058
5158,2.567926311,0.000395281,3.598091521,0.002186716,3.48553E-05,4.94078E-05,0.001086667
5159,3.404854824,0.001805292,3.591050801,0.002780296,0.000985428,4.13471E-05,4.90193E-05
5160,2.927050203,0.009345821,3.271997919,0.002387028,0.000389054,0.000162587,0.000267139
5161,4.976158286,0.003476868,0.758894606,0.004118536,0.000928167,0.000511773,0.002060956
5162,3.080404369,0.003629411,2.210214061,0.000902006,0.000817532,0.000808628,0.001501273
5163,4.779178963,0.009648258,0.28539168,0.009535234,8.13297E-05,0.000900392,0.000236713
5164,4.933908041,0.00789917,0.393649831,0.002479637,3.98386E-05,0.000123271,0.001296457
5165,3.328646826,0.003393277,2.703844139,0.001963978,2.86961E-05,0.000290129,0.001422384
5166,3.818104564,0.006371869,1.331975165,0.006463115,0.000523519,0.000112954,0.001268164
5167,3.220193303,0.004900501,0.322608065,0.001289332,0.000690237,0.000701309,0.000418463
5168,2.897884381,0.001355717,1.185595644,0.005925988,0.000392664,0.000180463,0.002297726
5169,3.476294777,0.007727137,1.684088854,0.006181892,0.000672408,0.000734031,0.002440262
5170,4.577311557,0.008086709,0.358221508,0.003781807,0.000537055,0.000367303,0.002578256
5171,2.680004869,0.006028567,0.549635179,0.009387927,0.00095973,0.000101322,0.00115328
5172,3.650626407,0.001745001,1.502968393,0.007574488,0.00063546,0.000500636,0.002787626
5173,4.812896854,0.005304043,1.047307603,0.00194226,0.00012045,0.000875313,0.002274403
5174,2.503325274,0.003018512,0.168016443,0.004041464,0.000805718,0.000758635,0.000660353
5175,4.450866904,0.005692181,2.902634953,0.006701466,0.000191994,0.000105684,0.001710457
5176,3.19359884,0.008589624,1.399645147,0.002051524,0.000149386,0.000649474,0.002805013
5177,3.851860733,0.007503419,2.295512505,0.003246729,5.36337E-05,0.000289268,0.000842593
5178,3.2046258,0.005006377,2.857294301,0.009854309,0.000818946,0.00011476,0.001334644
5179,4.985018873,0.001017636,1.264458486,9.52E-05,0.000163039,0.000848015,0.002694233
5180,4.490376534,0.004553081,2.458584371,0.001916682,0.000619145,0.000869413,0.001387142
5181,3.703936069,0.002819497,3.720856041,0.002748795,0.000181576,0.000996779,0.000266552
5182,3.333884465,0.007721869,3.260530957,0.002744068,0.00073567,0.000735425,0.002307671
5183,4.666363185,0.00526056,1.892353096,0.002225041,5.18599E-05,0.000896334,0.00201755
5184,4.160799534,0.005347244,1.866183689,0.003974547,0.000174677,0.000221462,0.002617604
5185,3.929427082,0.000387285,3.907657944,0.004577149,0.00048548,0.000143651,0.001739077
5186,2.775455738,0.008156087,1.978134102,0.00345082,0.000759506,0.000776902,0.000408122
5187,3.021695317,2.87181E-05,3.725133805,0.009557251,0.000654545,1.18899E-05,0.00190595
5188,2.819934607,0.009242483,1.488674505,0.007705778,0.000190575,0.000683282,0.001717574
5189,2.554719366,0.001251556,1.195939564,0.001278234,0.000501247,0.000225182,0.000851925
5190,4.822122273,0.004376393,2.666534582,0.000607589,0.000580054,0.000380804,0.002460996
5191,4.295577443,0.00817904,1.205759737,0.006982825,0.000170647,0.000659075,0.000842598
5192,3.351154546,0.003793559,0.128987486,0.004286717,0.000198662,0.000126386,0.000892541
5193,2.609800472,0.003696812,0.841526055,0.003227185,0.000350789,0.000729292,0.000909863
5194,4.313921202,0.006099929,2.262264065,0.004026944,0.000623426,0.000473034,0.000364939
5195,3.206397508,0.009131918,1.097544632,0.007925963,0.000111275,0.000352031,0.000373213
5196,3.63454506,0.008454496,2.285848892,0.007209091,0.00092895,0.000906503,0.001047168
5197,4.608799263,0.005965134,2.729388211,0.008652449,0.00086405,0.000223217,0.001644299
5198,4.894052711,0.005399292,3.455557033,0.005114384,0.00090763,0.000740604,0.002460279
5199,2.814855179,0.009977516,3.061697802,0.009267309,0.000341028,2.6981E-05,0.000525429
5200,2.98809822,0.008614352,0.743062523,0.004684526,0.000594425,0.00086365,0.000728405
5201,2.997873919,0.008909553,2.259518609,0.004286984,0.000980218,0.000568943,0.001098986
5202,3.07387614,0.008625524,3.803407549,0.008915212,0.000142425,0.000786096,0.002934147
5203,3.749024236,0.002234965,1.038166859,0.001927503,0.000518074,6.45256E-05,6.32823E-05
5204,3.132052669,0.008964631,2.731438238,0.009601959,0.000592684,0.000290108,0.002969413
5205,2.650127128,0.00470928,3.268174918,0.005548851,0.000766421,0.000451195,0.001495258
5206,3.829718466,0.002211281,0.571329998,0.005928974,0.000246891,0.000811986,0.001542705
5207,3.116089234,0.009951417,1.62912539,0.005008157,0.000232892,6.66484E-06,0.002534527
5208,4.611263045,0.006056756,1.494893453,0.002473854,0.00032719,0.000242074,0.001745419
5209,4.059307204,0.008387862,3.985672299,0.005041351,0.000193476,0.000347956,0.002228824
5210,4.505358501,0.005328616,2.847007954,0.001863176,0.000327894,0.000351081,0.002865293
5211,4.256448593,0.009707626,3.678226445,0.00666552,0.000233973,2.99717E-05,0.000705025
5212,3.652110374,0.007018891,3.077305563,0.006206003,0.000800605,0.000464658,0.001388851
5213,4.104182978,0.006216689,2.346327605,0.002336472,0.000608488,0.000738204,0.002791746
5214,4.382054424,0.004103186,0.108733301,0.009617037,0.000517818,0.000892194,0.002181455
5215,4.179643759,0.005901911,1.506919703,0.005389683,0.000377688,0.000752421,0.00172312
5216,4.25327313,0.006637608,2.986016028,0.001087553,0.000626375,0.0002568,0.000405361
5217,4.276808837,0.003653394,0.410092658,0.004685099,7.33503E-05,0.000190532,0.000166579
5218,4.76601015,0.004241864,3.576587657,0.004690049,0.000481107,0.000130088,0.000552568
5219,3.100850143,0.001863597,1.577190153,0.008507706,0.000256788,0.000433778,0.001596259
5220,3.757205805,0.001929163,1.855283794,0.008924707,0.000577134,0.00017447,0.002923062
5221,4.546318729,0.000740613,2.981230353,0.009291743,0.000965826,0.000370776,0.001847319
5222,4.096987073,0.004333746,0.518008516,0.007129384,0.000860832,0.000776592,0.002822077
5223,4.655738527,0.000556284,2.599317495,0.00192221,0.000821166,0.000169537,0.000552997
5224,3.053855189,0.005962456,2.192717087,0.005128793,0.000313214,9.68042E-05,0.002870287
5225,3.260134315,0.008791497,1.478706401,0.000489166,1.63035E-07,0.000275398,0.002487833
5226,4.07275157,0.002561312,1.260188084,0.003111827,0.000309527,9.78396E-05,0.001264123
5227,3.724980533,0.009907656,3.732896411,0.001009751,0.000986006,9.77064E-05,0.001651841
5228,2.708433515,0.006655149,3.621924329,0.004950636,9.37034E-06,0.00080036,0.002679472
5229,4.876048635,0.002793419,3.359715539,0.009327767,0.000693396,0.00098495,0.002625233
5230,3.011732986,0.005566501,3.661963158,0.006965435,0.000812923,0.000745509,0.001989849
5231,2.865493101,0.008475626,2.428855971,0.002693695,0.000193261,0.000740184,0.002257053
5232,4.217376709,0.00298612,3.258310468,0.003686149,0.000359929,0.000372779,0.001494374
5233,2.607782021,0.006380281,1.58563761,0.000563649,0.000959003,0.000117034,0.00138754
5234,4.55626335,0.006982008,1.477331582,0.003378721,0.000891948,0.000356673,0.000208295
5235,3.152395686,0.001414656,1.710448437,0.007208003,0.000846976,0.000465516,0.000852474
5236,2.907858741,0.003682943,1.980894808,0.003490806,0.000410619,0.000538702,0.000480984
5237,4.654956328,0.001082858,2.03172271,0.004455538,0.000542233,0.000758409,0.002252292
5238,3.143180763,0.006361273,3.815236989,0.008067689,0.000161685,0.000871977,0.002778217
5239,4.444305221,0.005907286,0.737185944,0.007082224,0.000477867,0.000206204,0.000388499
5240,4.669910623,0.008341811,3.308696987,0.009572185,7.35033E-05,0.000160111,0.001253991
5241,2.674668195,0.002072628,0.467856486,0.000725885,0.000967118,0.000452658,0.000934833
5242,3.13480425,0.006657995,3.91291804,0.004257215,0.00088548,0.000968177,0.000114482
5243,4.617051847,0.006561674,3.005430357,0.002881363,0.000269759,0.000141114,0.002717395
5244,3.41441435,0.007279314,1.59890344,0.007393064,0.000727064,7.90608E-05,0.000671193
5245,3.317864289,0.009875713,2.885585826,0.007075584,9.81959E-05,0.000492143,0.001350867
5246,3.747050633,0.00681054,1.940386022,0.008179629,0.000382064,8.67693E-05,0.001751234
5247,3.200854361,0.00868866,0.070121785,0.009830031,0.000568691,0.000442468,0.000798306
5248,4.11003259,0.002220797,0.364849552,0.003132558,0.000701704,0.000204153,0.001097928
5249,4.505291693,0.003749291,3.355642008,0.005672934,2.75263E-05,0.000622728,0.002112582
5250,3.725941603,0.006999143,1.659194136,0.003813785,9.74376E-06,0.000503223,0.002147776
5251,4.716502865,0.000547085,0.104006899,0.000189117,0.000441825,0.00016879,0.001350162
5252,3.073191062,0.00468075,2.986704927,0.00485908,0.00081393,8.15515E-05,0.000659391
5253,3.614851464,0.001830208,3.586358264,0.006207734,0.000287992,0.000523931,0.002279826
5254,3.423633642,0.000829831,0.779329084,0.003070304,0.000528852,0.00023349,0.000730634
5255,4.614715712,0.000910019,0.528375535,0.004078616,0.000221722,0.000446116,4.38947E-05
5256,3.85938626,0.00211362,1.393022293,0.008200788,0.000515953,0.000894164,0.002440225
5257,4.399067969,0.008807802,3.945762616,0.00511079,0.000999094,0.000998364,0.00144807
5258,3.638397272,0.004839878,1.334823006,0.008189598,0.000902678,0.000230674,0.000925752
5259,3.202502524,0.003537896,2.444141498,0.005831149,0.000460282,0.000579763,0.000936386
5260,3.600549034,0.008923098,2.253158202,0.002269214,0.00062271,0.000554374,0.001155337
5261,4.154986015,0.002530698,0.592640911,0.006477466,0.000218799,0.00050274,0.002584579
5262,3.402784101,0.007969595,2.325325015,0.002713807,0.000960396,0.000634099,8.06689E-05
5263,4.755060444,0.007156234,1.037479901,0.007268265,2.03056E-05,0.000843849,0.001695937
5264,3.23530488,0.000927957,2.192402608,0.001570299,0.000510045,0.000677212,2.92379E-05
5265,3.811691208,0.007926482,0.452663981,0.006573885,0.000832475,0.00091127,0.001630005
5266,4.678378403,0.009794846,3.251767086,0.008831669,0.000919467,0.000333536,0.000540607
5267,2.592131573,0.008507599,3.533920721,0.000824057,0.000681134,0.000936819,0.001364654
5268,4.559192445,0.004321849,1.931606023,0.005567475,0.000619241,0.000633204,0.002748576
5269,3.656617129,0.00126104,0.098183272,0.001630247,0.000585446,0.000857816,0.00039888
5270,3.337898909,0.004895715,3.058757275,0.001221976,2.00638E-05,0.000454041,0.000567293
5271,4.354095388,0.001774141,1.928325232,0.008840945,0.000879994,0.000528856,0.00247399
5272,4.323073297,0.003618848,3.464866599,0.008099925,0.000731632,0.00041157,0.002100982
5273,3.553763677,0.003912148,2.224481111,0.001223636,0.000666335,0.000781504,0.000559633
5274,4.641275803,0.001671374,1.882406873,0.002482789,0.000143027,0.000151062,0.000971079
5275,3.916725901,0.004426086,2.354996084,0.008285464,0.000557361,0.000962537,0.002878756
5276,2.935326552,0.005584903,0.589957101,0.009666587,0.000855371,0.000283422,0.001155434
5277,4.812352945,0.002641863,1.45613978,0.001749465,0.000294778,0.000991892,0.001897059
5278,4.755006756,0.007718448,3.027123656,0.005235877,7.08858E-05,1.34925E-05,0.000834091
5279,4.078213885,0.006376883,0.819764606,0.005690756,0.000865865,0.000144587,0.000695252
5280,4.07188623,0.003311137,3.508966745,0.009627161,0.000512202,0.000779474,0.002200184
5281,2.755237377,0.002605435,2.618365476,0.002174382,0.000665372,0.000643943,0.001639778
5282,4.832906731,0.006194569,3.291382302,0.005743993,0.000800829,0.000635726,0.000932873
5283,3.699912986,0.002230188,0.12711757,0.000525445,0.000156214,0.000525128,0.000699978
5284,3.360516812,0.004093103,1.202995575,0.007857832,0.00065263,0.00043388,0.001391632
5285,2.585166753,0.002715935,1.305505193,0.009582118,0.000424453,0.000531615,0.001936219
5286,3.192772771,0.000754417,0.646979937,0.000810005,0.000806205,0.00099029,0.000348087
5287,4.959660675,0.00722768,0.745546123,0.000289971,0.000317287,0.000355263,0.000619795
5288,4.265580382,0.005589144,3.616780021,0.000405123,0.000821489,0.00025399,0.000426527
5289,4.233714908,0.005388756,2.537760297,0.002477966,0.000163614,0.000367783,0.002439476
5290,4.867487154,0.005046878,0.791728049,0.003415021,0.000919014,0.00070883,0.002910426
5291,3.173526554,0.001235765,3.576048428,0.006276613,0.000445426,0.00071944,0.000348618
5292,4.013961624,0.007869341,2.744711469,0.009855567,0.000877265,9.64857E-05,0.002621981
5293,4.838779229,0.004094046,3.330022329,0.008297309,0.000639581,0.00062829,0.002484894
5294,4.173944526,0.004304353,0.48824301,0.006557602,0.000509149,0.00019202,0.002369336
5295,2.823552361,0.002261628,0.300304337,0.009970579,0.000371388,0.000825229,0.000872181
5296,4.670592067,0.005962276,3.836815717,0.004022402,0.000492083,0.00026437,0.000538154
5297,4.915510335,0.007584116,2.291264082,0.001961973,0.000139985,0.000682887,0.002035513
5298,4.331756284,0.00108343,0.541043908,0.003357369,0.000283496,0.000353195,0.001695742
5299,4.761560458,6.56368E-05,0.066431214,0.002129583,3.31437E-05,0.000890392,0.000278504
5300,4.019818791,0.009568773,3.616547381,0.003300266,0.000835987,0.00064255,0.000297411
5301,3.768938704,0.009391225,2.083820434,0.008482307,0.000723139,0.000551178,0.002708261
5302,2.771771776,0.003964366,1.901521993,0.008935019,0.000482793,0.000804715,0.000348545
5303,4.192937041,0.000953651,2.800237814,0.001359781,0.000611671,0.000733972,0.000135102
5304,3.762626545,0.00343878,1.881171025,0.00363429,0.00037085,0.000794235,0.002827851
5305,4.133338248,0.008437037,2.919926531,0.004758683,0.000942583,0.000219034,0.001914205
5306,4.150316613,0.009862375,3.406307734,0.001089848,0.000240022,0.000190131,0.000150556
5307,3.202131464,0.002583901,3.355050836,0.005951574,0.000161976,0.000195922,0.002007049
5308,3.627706587,0.00529317,0.252717637,0.004684036,0.000817223,0.000908367,0.000219964
5309,2.596825269,0.005314245,2.295164564,0.001659026,0.000615093,0.00040838,0.002790569
5310,2.827402863,0.004691888,2.014127992,0.004625267,0.000853152,0.000121566,0.001123751
5311,3.23670611,0.002558279,1.485510789,0.003116029,0.000460555,0.000281646,0.001819723
5312,3.12751521,0.006061835,3.216198457,0.004209501,0.000726078,0.000975924,0.00050188
5313,3.718475952,0.003301649,3.655724472,0.006185676,0.000198678,0.000292971,0.002645733
5314,4.817684604,0.002622328,1.048769394,0.00316873,0.000619513,0.000346789,0.000374871
5315,4.594982877,0.005187675,2.995331482,0.002660183,0.000724961,0.000764522,0.001654193
5316,4.477699072,0.002439046,2.407220625,0.009806095,6.19154E-05,0.000203824,0.000355124
5317,4.89551247,0.009678261,1.266916229,0.004169812,0.000579048,0.000239974,0.001966445
5318,3.385744587,0.009053082,1.809783777,0.00503337,0.000233574,0.000828202,0.002500707
5319,3.42245661,0.007616837,3.727037191,0.007652388,0.000471983,0.000547452,0.001083623
5320,3.099758332,0.009891648,1.615358508,0.00324431,0.000434853,0.000506165,0.000803261
5321,3.499328808,0.001691981,1.433714241,0.004570146,0.000615107,0.000753457,1.1766E-05
5322,2.716337976,0.007752509,3.239726615,0.003250821,0.000812345,7.85895E-05,0.000763909
5323,3.408546598,0.006333093,2.376579074,0.009594503,8.15955E-05,0.000838081,0.000932773
5324,4.33486597,0.00084233,0.11652392,0.002637784,0.000283078,0.000262732,0.000910585
5325,2.569938822,0.009007731,3.631803061,0.00273861,0.000590021,0.000829243,0.000725201
5326,4.049694374,0.004200774,0.159220783,0.006138149,0.000956069,0.000658233,0.002906264
5327,4.407251578,0.000814783,3.033544635,0.0085687,0.000789536,7.25318E-06,0.002734419
5328,3.178523974,0.007007736,2.81504563,0.008534257,0.000127152,0.000278801,0.002437678
5329,2.92797193,0.00125262,3.982940344,0.002032968,0.000976478,0.000310735,0.001229922
5330,2.649371028,0.003599888,0.420041808,0.006459993,0.000603869,0.000131893,0.001119367
5331,4.365620484,0.003852837,1.480013736,0.008284233,0.000725031,0.00062915,0.00299164
5332,3.424826808,0.000503555,3.246745382,0.003146083,0.00082887,0.000686939,0.000625121
5333,3.461586942,0.005433889,0.269249157,0.007565517,8.07684E-05,0.000342324,0.000808288
5334,4.345087759,0.005282218,3.197532111,0.002106394,0.000727977,7.04248E-05,0.002201127
5335,2.604555763,0.00944801,3.886577633,0.003607595,0.000605309,9.74798E-05,0.002589933
5336,3.551107709,0.000784632,0.725786014,0.000628706,0.000200925,0.000415596,0.002081601
5337,4.433593659,0.002423955,1.249267309,0.002051047,5.51247E-05,0.000138428,0.000137599
5338,4.526011437,0.007353845,1.771252152,0.003371024,0.000523994,0.000354084,0.002686431
5339,2.658414782,0.004364528,1.922407843,0.007511596,0.000712291,0.000237912,0.002361684
5340,3.210615528,0.008698083,1.249474635,0.000277269,0.00097696,0.000991243,0.001725548
5341,4.227270826,0.007262001,0.600022981,0.006762087,0.000766244,0.000798591,0.002241803
5342,3.341925877,0.004803178,0.313836974,0.007118105,0.000149958,0.000187106,0.001741959
5343,4.013421672,0.009857399,1.339837614,0.002632,0.000103342,0.000580896,0.002873517
5344,3.884661341,0.00519283,3.672343546,0.000639392,8.55821E-05,4.71519E-05,0.000540918
5345,2.660130881,0.004339522,3.444777578,0.000435913,0.000294795,0.000557597,7.58799E-06
5346,3.295838529,0.000161959,1.51805905,0.005114427,0.000792042,0.000862519,0.002251059
5347,4.689388152,0.005152579,2.717722667,0.002016689,0.000164593,0.000254673,0.002574823
5348,4.314927054,0.002746693,1.778318263,0.000453451,0.000442145,0.000772392,0.002319725
5349,4.915009614,0.007325502,1.542440245,0.005733053,0.000196877,0.000870407,0.00036572
5350,3.978732442,0.007460855,2.411970025,0.00558554,0.000810369,0.000678612,0.000191454
5351,2.513611793,0.000586028,3.711079573,0.008676265,0.000667113,0.000541024,0.002298247
5352,2.539903958,0.003325186,0.281137549,0.009222216,0.000347287,0.000914359,0.002486388
5353,3.754018284,0.003072239,2.98046876,0.003500017,0.000255754,0.000704725,0.000885499
5354,3.88380388,0.003339479,0.596473067,0.007552606,0.000395425,0.000507201,0.001288461
5355,4.484793539,0.002100543,1.800289264,0.000838123,2.35029E-05,0.000741679,0.001044243
5356,2.604236774,0.000777125,2.578802719,0.005442248,0.000617876,0.000731948,0.001230871
5357,4.665785469,0.00467072,0.844830213,0.000744738,0.000106795,0.000578745,0.002214481
5358,4.057603133,0.004813525,3.096428137,0.000376138,0.00040091,0.000321253,0.001826971
5359,2.815368813,0.004378154,3.147850606,0.008705837,0.000108396,0.000206204,0.002288395
5360,3.329512694,0.007774472,0.63241474,0.004875741,0.000988632,0.000972295,0.000308382
5361,4.955156901,0.002462771,2.245460882,0.002318931,0.000711538,0.000534986,0.002433239
5362,4.752694681,0.007942488,0.116478017,0.003764963,0.000702164,0.000326259,0.002577378
5363,3.389428999,0.000200614,3.840781275,0.004368433,0.000653823,0.000569567,0.001774567
5364,4.149698227,0.003592984,2.872237973,0.008180335,0.000611612,0.000785894,0.001899928
5365,4.76473515,0.00336708,2.239161878,0.0085972,0.000452396,0.000363843,0.000957984
5366,4.374412135,0.006174232,0.28976221,0.007641407,0.000752673,0.000749802,0.000177669
5367,4.459896082,0.00062597,2.511625164,0.004166342,0.000610425,0.000809622,0.002267085
5368,3.595906972,0.007973806,1.653295687,0.004124903,0.000750081,0.000398186,0.002405867
5369,4.632938506,0.008309253,1.592518555,0.009240159,0.000470853,0.000361156,0.000175697
5370,3.789768682,0.006658855,2.965636414,0.00286568,0.000150859,1.01898E-05,0.000174696
5371,2.75990472,3.69777E-05,1.888866984,0.004059357,0.000494802,0.000996488,0.002582314
5372,2.91859736,0.001401566,2.664997444,0.004657642,6.4044E-05,0.00090772,0.00245129
5373,3.188346171,0.00172189,0.10068894,0.002035402,0.000408558,0.00063558,0.002725083
5374,2.81929317,0.004540959,3.062801534,0.003455272,0.000369054,0.000561154,1.5374E-06
5375,3.253779757,0.001770117,2.259404455,0.006545,0.000163489,0.00099925,0.002243661
5376,2.825273101,0.000664474,3.174746632,0.007150184,0.000587161,0.000278635,0.001690687
5377,3.729795563,0.005913573,0.768128939,0.008976837,0.000773914,0.00082492,0.002267033
5378,4.744012606,0.001880984,1.852455227,0.009845252,0.000135804,0.000201372,0.000394311
5379,4.045158659,0.004656456,2.986174813,0.009699684,0.000366193,3.5315E-05,0.000821484
5380,4.158571745,8.81882E-05,3.939271605,0.006790698,0.000290829,0.000351855,0.002194714
5381,4.067168531,0.003438053,0.528859717,0.007797148,0.000549785,0.000260574,0.00226897
5382,4.769381387,0.005759572,2.022045435,0.002087057,0.00050094,0.000450076,0.001015213
5383,4.997574437,0.004223281,1.888188547,0.006363777,0.00057189,0.000381644,0.001231046
5384,4.13924961,0.006842267,0.43359385,0.008724085,0.000642472,0.000544723,0.000735361
5385,3.723751708,0.007750526,3.116676605,0.001323383,0.00063902,0.000210476,0.001263043
5386,3.792275146,0.008677487,0.888698849,0.002022756,0.000777167,0.000311596,9.60976E-05
5387,4.886842222,0.005561151,3.061149122,0.004975771,0.00011413,0.000719181,0.002647326
5388,3.327645784,0.008258173,0.210434547,0.005754123,0.000954004,4.94448E-06,0.00171033
5389,3.064667833,0.002465532,1.055082886,0.006760886,0.000252363,0.000731968,0.000281069
5390,2.519378716,0.006920661,2.392173173,0.008827075,0.000303898,0.000581602,0.001408997
5391,2.791963649,0.009704175,2.234276792,0.005718026,0.000884347,0.000208788,0.001103524
5392,4.560231426,0.001623309,2.372727704,0.0045849,0.0004539,0.000190721,0.000196836
5393,3.995948902,0.008907599,0.499223786,0.004600124,9.63433E-05,0.000618655,0.001685352
5394,4.300716954,0.003140424,0.990607181,0.00067065,0.000784361,0.000710846,0.001093978
5395,2.866149944,0.003366751,3.501129211,0.007349646,0.000971562,0.000366643,0.000172166
5396,3.394177748,9.02853E-05,0.342418889,0.00518916,0.000497158,0.000647391,0.002126557
5397,3.656444501,0.000970997,2.952209598,0.001103034,0.000702157,0.000520805,0.000280719
5398,3.496675845,0.009163788,2.807481547,0.001408464,0.000620485,0.000338295,0.001667168
5399,2.726853129,0.007135546,3.371422037,0.005606038,0.000344331,0.000562566,0.000954169
5400,3.129068677,0.005677322,2.369367856,0.001732741,2.49909E-05,0.000587373,0.000830731
5401,2.66675918,0.000507909,0.229001556,0.009227631,0.000612614,0.000391995,0.000941926
5402,4.935575211,0.002335197,2.407915233,7.31045E-05,0.000776588,0.000482024,0.002754049
5403,4.024795892,0.004378846,2.601135578,0.000627624,0.000124054,0.000983435,0.002336119
5404,4.308362663,0.00501782,2.67851346,0.00728915,0.000439142,0.000309594,5.25096E-05
5405,4.20642327,0.005587028,3.979098704,0.00786857,0.00083273,0.000650168,0.001888234
5406,3.255887223,0.008139263,0.844551976,0.003934038,0.000475652,0.000325846,0.001215039
5407,3.065628241,0.000930091,0.11109178,0.004268058,0.000478912,0.000806772,0.000418708
5408,3.179386405,0.00338756,1.238795338,0.001109729,0.000965471,0.000764661,8.97616E-05
5409,3.738252978,0.009366205,2.222036398,0.007430251,0.000504667,1.8018E-07,0.001106073
5410,4.095263514,0.007954977,3.113242593,0.009621101,0.000144384,0.000807403,0.000854694
5411,3.202322276,0.00313173,2.946034151,0.001106785,5.0598E-05,0.000445462,0.000333698
5412,4.12548056,0.002485259,2.217714533,0.005366756,0.000975246,9.59398E-05,0.002273288
5413,4.350079189,0.009066584,1.353366531,0.007551239,0.000941638,0.0003023,0.001150487
5414,2.709000377,0.00769114,1.02951394,0.001941938,0.000221971,0.000268396,0.000812311
5415,4.185670312,0.006729461,2.032481963,0.004073191,0.000175351,0.000459162,0.001865618
5416,3.304050923,0.004834662,2.194559073,0.004017666,0.000628209,6.08511E-05,0.001529208
5417,4.693185998,0.002628136,0.006675441,0.002275514,0.000658085,0.00047999,0.002432542
5418,4.05984035,0.005808925,1.11307777,0.005604394,0.00056367,0.00098549,0.001817692
5419,2.702140019,0.004754655,2.979088427,0.006196377,5.65305E-05,0.00060439,0.002512489
5420,3.928767396,0.009247637,0.519524908,0.00771197,0.000159733,0.00018591,0.002307457
5421,3.947861794,0.00100881,3.45187745,0.007349266,0.000724415,2.71965E-05,0.001854736
5422,3.365946052,0.003357376,1.214460828,0.003196579,0.00063,0.000116942,0.000719848
5423,4.67289237,0.00346754,2.750207236,0.001374851,0.00090139,0.0003195,0.001720629
5424,3.912313316,0.002051432,2.320388199,0.001451889,0.000301713,0.000635546,0.002663904
5425,2.984281659,0.007905445,3.984631226,0.008646607,0.000594761,0.000635762,0.00037086
5426,4.748137989,0.003475882,1.622267651,0.003640371,0.00070162,0.000912646,0.002014847
5427,4.144770296,0.003661121,1.710885072,0.008819192,0.000409836,0.000140931,0.000431538
5428,4.168037438,0.000936129,3.445630101,0.008074077,0.000615012,0.000816698,0.000638235
5429,4.726435126,0.009863636,2.609331771,0.008020573,4.08835E-05,0.000643166,0.00087766
5430,3.67484825,0.005609307,2.805588611,0.008974699,0.000269428,0.000915188,0.002579331
5431,4.975406978,0.005055249,3.388719881,0.002811348,0.00068245,0.000718282,0.000501748
5432,4.367001315,0.001612931,2.31503669,0.004733726,0.00029355,0.000172839,0.002076335
5433,3.822144799,0.006728761,3.33702191,0.002859612,0.000419936,0.000991817,0.000555788
5434,4.896335882,0.000469514,0.995979443,0.000806528,0.000798465,0.000622303,1.25344E-05
5435,3.03998347,0.005910533,3.032359479,0.009879671,0.000810326,0.000360556,0.002640666
5436,4.437527174,0.000902775,1.072847714,0.003983029,7.4393E-05,0.000815882,0.000148523
5437,4.633143427,0.00332487,2.021364055,0.007401671,0.000285955,8.65717E-05,0.002175082
5438,2.609882993,0.007216591,1.819810387,0.00815626,0.000834652,0.00072446,0.000903717
5439,4.7361705,0.005613561,2.988392579,0.000302307,0.000925559,0.000152573,0.001045432
5440,4.943346012,0.000650272,0.980584986,0.005986065,0.000903597,0.000387389,0.00174984
5441,2.524916126,0.004852385,0.054274692,0.007798979,0.000386595,0.000188176,0.002482827
5442,4.010037563,0.00915642,2.573089689,0.009056553,0.000142671,0.000517204,0.002630183
5443,3.858266946,0.003570432,3.5119226,0.007042682,0.000476297,0.000771196,0.002658042
5444,4.295883627,0.006645274,3.527737767,0.005556853,0.000523374,0.000395302,0.000284309
5445,4.597599674,0.00451821,2.047782005,0.003514975,0.000759919,0.000281225,0.002792559
5446,4.165126112,0.000686147,1.313980147,0.002523239,0.000442932,0.000699049,0.002812093
5447,3.435848227,0.004951346,0.979971698,0.008551201,0.000569358,6.30305E-05,0.001263364
5448,2.819583395,0.008246344,1.631731941,0.0030314,0.000338714,9.69976E-05,0.001951774
5449,4.176094561,0.003708143,2.486518222,0.007267483,0.000877107,0.000223325,8.81805E-05
5450,2.529010932,0.006344926,3.054742459,0.004449812,0.000344421,0.000399289,0.001578855
5451,3.015429925,0.003991106,2.426841942,0.001158252,0.000156609,0.000642558,0.00278182
5452,3.745816187,0.009672505,0.918381937,0.002818827,0.000434239,0.000401744,0.001228339
5453,3.57078596,0.008329814,2.227279165,0.001522173,0.000416472,8.25207E-05,0.002906195
5454,3.837044386,2.29273E-05,2.755304214,0.001977271,0.000172624,0.000312049,0.000198034
5455,3.110345829,0.007005773,3.78514782,0.000592066,0.000367546,6.2489E-05,0.002904461
5456,4.053810569,0.006201274,1.015549672,0.00907917,0.000789721,0.00056821,0.001321363
5457,4.317179327,0.009564102,2.337078235,0.000403218,0.000246265,0.000303628,0.000682619
5458,4.588573133,0.001823248,2.452410944,0.003797477,0.000926225,0.000480593,0.000342047
5459,4.720516234,0.003861649,2.652379783,0.004576398,0.000819089,0.000375087,0.000501907
5460,4.119312768,0.008039999,1.039825976,0.002960945,0.000728921,0.000353737,0.001288578
5461,3.429944018,0.003686619,2.668347614,0.007364679,0.000924261,0.000172118,0.002270432
5462,3.156321626,0.004652162,0.89769846,0.009040746,0.000481913,0.00059338,0.000317464
5463,4.549996703,0.001738299,2.810951171,0.000346755,0.000668316,0.000989807,0.002010627
5464,4.544964257,0.003064124,1.31041747,0.006206597,7.40082E-05,0.000574726,0.002003937
5465,3.474840839,0.002476067,3.433039192,0.007026244,0.000171844,0.000921987,0.00214737
5466,3.623454577,0.008714364,0.77402838,0.007946603,0.000811495,0.000128055,0.002968125
5467,3.152328746,0.009702864,2.992685944,0.003163041,0.000266565,0.000825277,0.00108857
5468,3.47914945,0.000976031,3.778791134,0.001490213,0.000874448,0.000497928,0.00292452
5469,4.345155302,0.007025532,3.142504251,0.001359108,0.000793151,0.00099108,0.000379538
5470,3.534312528,0.002090466,3.279908504,0.00553423,7.27022E-05,0.00041116,0.001810666
5471,3.80288002,0.004021528,2.203167756,0.008033338,5.31401E-05,0.00093679,0.000667828
5472,4.692829663,0.005642099,0.704240861,0.007644924,0.000731469,0.000464369,0.002158013
5473,3.706007413,0.002097104,0.379921233,0.001100768,0.000345279,0.000865839,0.001549107
5474,3.67020453,2.01016E-05,0.051781854,0.007432924,6.65311E-06,0.000313848,0.002412253
5475,3.538483696,0.008006485,0.628118237,0.0081629,0.000265323,0.000503067,0.002747246
5476,2.627278573,0.004642775,3.133027897,0.008527187,0.000571819,0.000844331,0.000993745
5477,4.681720713,0.005979019,3.09229383,0.000922959,0.000124013,0.000440978,0.001319596
5478,3.893918014,0.002049954,0.506088691,0.000860812,0.000914216,0.000426068,0.001348858
5479,4.433952066,0.006304984,2.093358316,0.001117918,0.000346669,0.000396952,0.001552221
5480,4.641069107,0.002076037,0.962049568,0.007306445,0.000710579,0.000512403,0.002093179
5481,3.275474288,0.003848541,0.381415394,0.003689841,0.000629283,0.000139575,0.001590982
5482,3.692233038,0.0081162,1.065999448,0.004294387,0.0009648,0.000525196,0.002557983
5483,4.572940888,0.000176283,2.294795368,0.005472932,0.000863959,6.79115E-05,0.001173805
5484,3.204401134,0.006196957,3.463047726,0.005759943,0.00034745,0.00015779,0.000989418
5485,4.944979296,0.003948914,3.277141593,0.003512723,1.97208E-05,0.000122419,0.000540985
5486,4.766852756,0.001828868,0.948696978,0.007956013,0.000619372,0.00024312,0.000731302
5487,4.533453367,0.001078045,3.717770217,0.002005022,0.000847173,0.000364515,0.001786456
5488,3.102262295,0.001533509,3.448644481,0.008391687,0.000556779,9.10773E-05,0.001966365
5489,3.684550194,0.006872211,2.508125205,0.007210993,0.000165895,0.000138772,0.001529391
5490,3.057484082,0.004344065,0.336151171,0.009158159,0.000614334,0.000687451,0.001205047
5491,4.293254691,0.003216657,0.560472733,0.005706962,0.000649666,0.000758699,0.00101159
5492,4.461779813,0.006912768,0.896390103,0.007912688,2.12648E-05,4.2206E-05,0.002658695
5493,3.391453371,0.005297928,2.569585598,0.004596375,0.000753882,0.000173082,0.00085907
5494,4.170113754,0.002878457,1.818944255,0.008996482,0.000996986,0.000164779,0.001819264
5495,4.937199904,0.002006236,1.261639897,0.000149308,0.000902181,0.000704274,0.000723228
5496,4.290587197,0.00899328,2.644584314,0.00370339,0.000336322,0.000383413,0.001274166
5497,2.549713502,0.006167855,1.638207081,0.006691738,0.00088443,0.000379094,0.001954992
5498,2.849323294,0.008413336,0.224937891,0.006055575,0.000901989,0.000693179,0.001980242
5499,4.843649738,0.001852821,3.23374768,0.008423602,0.000679289,0.000437319,0.001217676
5500,4.906734021,0.004409679,0.199290889,0.003610151,0.000378407,0.000575555,0.000374352
5501,3.744265711,0.000507808,2.165466065,0.006094316,0.00074838,0.00080186,0.001583415
5502,3.2684403,0.006291404,2.344513861,0.008602278,0.000656534,0.00046741,0.000417739
5503,2.836286202,0.006429228,1.479846193,0.004218074,0.000134846,0.000305193,0.002036771
5504,2.931096913,0.003700595,1.748358866,0.000363082,9.24094E-05,0.000211382,0.000194825
5505,4.144958708,0.007748821,0.603132,0.009789266,0.000937401,0.000318344,0.002983804
5506,4.955956315,0.001751028,3.634608436,0.007896558,0.000185706,0.000152713,0.000921741
5507,3.149749322,0.007579597,1.09050611,0.007396775,0.000928269,0.000845423,0.00288738
5508,4.520941471,0.008114265,3.229227326,0.003658244,6.18307E-05,0.000956834,0.001127781
5509,2.630838484,0.005822471,3.548081434,0.009200353,0.000908048,0.0006265,0.001033156
5510,4.987086496,0.001359866,2.467563006,0.000647554,0.000917828,0.000886525,0.001557503
5511,3.307215979,0.006192769,3.751572277,0.009543277,0.000435121,0.000653864,0.00107366
5512,4.906652014,0.008702961,0.39111712,0.000200295,0.000208669,0.000766863,0.001878796
5513,4.30887543,0.00951738,1.911363706,0.002050429,0.000432905,0.000502003,0.00236405
5514,2.727502251,0.002257269,2.496510087,0.009201846,0.000922268,0.000851982,0.000245305
5515,3.458896464,0.006116586,0.033840906,0.003060829,0.000790611,0.000512637,0.000919896
5516,2.737854898,0.009478646,0.009102037,0.001354498,0.00061709,0.00090678,0.001725822
5517,3.164775827,0.000583597,2.178746711,0.009381535,0.000400246,0.000499157,0.002796948
5518,3.76032606,0.001113318,1.127685015,0.006556098,0.000593366,0.000600585,0.002382751
5519,4.105095721,0.009087637,3.289564897,0.005125974,0.000707341,0.000406382,0.002874305
5520,4.541590277,0.003668784,2.070323895,0.005460269,0.000358252,7.64352E-05,0.001512148
5521,4.407231294,0.005414823,0.730723303,0.004951473,0.000371364,0.000729216,0.002590893
5522,4.474137696,0.004200446,2.907901242,0.000682833,0.000901486,0.000295412,0.0026534
5523,3.117860574,0.004184246,3.170066994,0.004358324,0.000542383,0.000869087,0.001922121
5524,4.449802263,0.002262273,1.234945695,0.002134066,0.000835927,0.000355005,0.001010751
5525,2.881025653,0.000846058,1.223096569,0.008668053,0.000901053,0.000991253,0.00064896
5526,4.985332423,0.005782636,0.675196559,0.002296873,0.00070172,0.000474081,0.00185264
5527,4.656060792,0.004874406,0.065477206,0.007385903,8.16876E-05,0.000885136,0.001202155
5528,4.189873562,0.005391749,2.611540192,0.001594257,0.00044725,0.000415353,0.002324411
5529,2.9252658,0.00357625,2.589587217,0.009456668,0.000862276,0.000606488,0.002526675
5530,2.989349967,0.003311572,0.721837989,0.000924794,0.000429152,0.00033875,0.001006677
5531,3.949393174,0.006440539,0.13677945,0.000549629,0.000902312,0.00016826,0.002393581
5532,3.833703286,0.00481426,1.350114966,0.001935367,0.000624185,0.000811403,0.002872478
5533,3.595548537,0.008930792,1.688191892,0.000958419,0.000665101,0.000834958,1.21471E-05
5534,3.085343553,0.003499455,0.303313981,0.002060559,0.000344032,0.000456806,0.002997042
5535,4.662879736,0.000601821,2.59684326,0.005862319,0.000941532,0.000311544,0.000407093
5536,2.60090647,0.007779049,0.009263088,0.007032388,0.000917379,0.000196022,0.002216882
5537,4.779912559,0.003794701,1.178166752,0.00376029,0.000747374,0.000784309,0.002532859
5538,4.165037061,0.003500294,1.452578107,0.00825366,0.000122579,0.00068561,0.002802145
5539,2.805629679,0.000612417,0.820000401,0.000141335,0.000162369,1.22126E-05,0.000110194
5540,4.361788026,0.000428287,1.136218216,0.007427444,0.000497975,0.000918352,0.000791234
5541,2.932995827,0.00811965,1.922113483,0.003150663,0.000384563,0.000818051,0.002445836
5542,3.24914392,0.003020913,3.176443864,0.008511719,0.000859634,8.8914E-06,0.002079532
5543,3.931178666,0.008980611,3.160242759,0.001190844,4.59883E-08,0.000195016,0.000482998
5544,4.478582736,0.006188346,3.170390749,0.006110411,0.000884633,0.000225775,3.26806E-05
5545,3.94108395,0.005845919,3.656054956,0.004859507,0.00075923,0.00069112,0.001091243
5546,3.636458031,0.003180207,0.931194161,0.00138408,0.000354219,0.000996445,0.002858373
5547,2.649157047,0.008503234,3.22317266,0.001663487,2.69919E-05,0.000361103,0.002459827
5548,2.747266348,0.008617734,2.938439554,0.009171746,4.82619E-05,0.000788201,0.002102278
5549,3.971150769,0.006505004,1.515677724,0.005702583,7.46853E-05,0.000477243,0.001423221
5550,3.414987976,0.009931699,1.614028245,0.002441732,0.00095985,0.000272386,0.001911473
5551,4.620783868,0.003653965,1.587560558,0.00050069,0.00021947,0.000771555,0.002262208
5552,3.263134693,0.009182027,0.809031362,0.002818198,0.000867627,0.000607793,0.00245177
5553,4.123458503,0.009649795,0.415322396,0.005328593,0.000142061,0.00087156,0.0014126
5554,4.284352721,0.006916493,2.71404682,0.001647856,0.000188612,0.000239766,0.001450375
5555,4.870816464,0.008406593,0.07050166,0.004970295,0.000389158,0.000686654,0.002458013
5556,2.827881941,0.001656626,0.793285029,0.007797205,0.000266411,0.000978894,0.001143162
5557,3.843287451,0.002516243,2.547523693,0.009744227,0.00017207,0.000525203,0.001256398
5558,2.858604217,0.0051424,3.878075919,0.001800755,0.000334896,0.000659523,0.001116894
5559,4.075484174,0.006017275,2.527363468,0.009812422,8.39152E-05,0.000179616,0.002465229
5560,3.895891915,0.009375786,0.072660598,0.005040772,0.000126563,0.000408974,0.00116017
5561,2.881474083,0.001113036,2.554980394,0.00066419,0.000511561,0.00077213,0.002884705
5562,4.559524712,0.006749243,3.457734626,0.001291304,0.000127471,0.000911567,0.001844169
5563,4.973030153,0.009454415,0.604244824,0.004691505,0.000822128,0.000444524,0.001357048
5564,3.565171073,0.003754643,0.647084643,0.001536831,8.48383E-05,0.000476915,0.000376915
5565,4.656808778,0.005333305,2.466215557,0.006372292,0.000591427,0.000597878,0.001563371
5566,4.259779345,0.003684581,1.920405194,0.005732916,0.000117239,0.000780674,0.002837579
5567,3.257208507,0.009957192,3.504634401,0.009538656,0.00045353,2.34729E-05,0.001622553
5568,4.932125914,0.001946618,1.703815564,0.004949808,0.000505182,4.26843E-05,0.000558842
5569,4.289176423,0.002246649,0.004455078,0.009540655,0.000903885,0.000481832,0.001611364
5570,3.406716646,0.004657951,1.042577406,0.001442529,0.000934401,0.000606702,0.002346205
5571,2.641292647,0.008405354,1.729939488,0.009103502,0.000980208,1.27694E-05,0.002921084
5572,3.465348124,0.003001441,2.555779008,0.000468041,0.000708787,0.000450692,0.000145603
5573,2.718845862,0.006601549,0.497437643,0.005829348,0.000492158,9.2793E-05,0.001598246
5574,2.571689623,0.003697416,3.664323761,0.007613236,0.000951605,0.000557082,0.001170414
5575,3.147830099,0.00716262,1.961336759,0.000765321,0.000721687,0.000216141,0.001880908
5576,3.635704965,0.008535685,3.649127153,0.002347494,0.000662143,0.000251212,0.000482486
5577,4.125117829,0.005573714,2.080065315,0.006069549,0.000584582,0.000916675,0.001037383
5578,3.490062459,0.009906612,0.879279313,0.007392583,0.000798323,0.000351877,0.000320209
5579,2.860390581,0.002330806,0.762692679,0.007251579,0.000150213,0.000985151,0.000447056
5580,4.07346773,0.006686169,0.039509589,0.004978339,0.00095353,0.000366626,0.002922167
5581,3.41386551,0.006728903,3.28317685,0.000232743,0.000702146,0.000725076,0.000730692
5582,4.773017014,0.004131198,0.196834145,0.004335674,0.000931189,0.000879134,0.002814096
5583,4.188679424,0.009484472,2.499155814,0.007269282,0.000978856,0.000927022,0.000875344
5584,4.541416439,0.004754081,2.243564565,0.008050974,0.000193681,0.00043669,0.00107592
5585,3.46679896,0.009314224,3.002788371,0.005671714,0.000445971,0.000237936,0.000823849
5586,3.430934798,0.008953515,0.735718571,0.000147556,0.000512253,0.000141067,0.000816594
5587,4.742783508,0.004759509,0.322355754,0.004538214,9.05932E-05,0.000825813,0.000785765
5588,3.86880803,0.004650725,1.617228799,0.007279481,0.000455785,0.000300819,0.000118629
5589,4.893977542,0.008362759,1.452300805,0.000665576,0.00099635,0.000659581,0.002725765
5590,4.469095673,0.009662814,2.760746001,0.007560372,0.000967737,0.000615865,0.000405867
5591,4.230257452,0.000197666,3.16439754,0.008413827,0.000649688,0.000147634,0.002418521
5592,4.584675073,0.002296084,1.524027285,0.007047464,0.000358259,0.000427851,0.001112674
5593,3.756267777,0.007153738,2.822371405,0.001856382,0.000187788,9.74483E-05,0.000457131
5594,3.21259097,0.009246249,0.17530829,0.002249212,0.000252801,0.000179455,0.001477432
5595,3.736658221,0.008578233,2.926746389,0.004418652,0.000896035,0.000973708,0.000851777
5596,3.881007174,0.001539435,3.857976509,0.00927218,0.000617341,8.81013E-05,0.002663536
5597,3.410420711,0.004282368,1.949277162,0.00869566,0.000448932,0.000711735,0.001546083
5598,4.505399748,0.003006203,1.213557639,0.006502023,0.000471273,0.000749907,0.002264965
5599,4.761331854,0.002902235,0.03097802,0.000554857,0.000670092,0.000585803,0.002332806
5600,3.41194199,0.002513151,0.549318509,0.000887325,0.000825866,0.000754576,0.000803146
5601,3.355214097,0.003615653,3.675374257,0.000324572,0.000643566,0.000370886,0.001082174
5602,3.942064315,0.009162704,2.474947951,0.002801318,0.000124657,0.000227053,0.000618875
5603,4.964812463,0.000488054,3.541338374,0.001882957,0.000991633,0.000135056,0.000736975
5604,2.861710319,0.002126485,0.275537098,0.002781823,0.00022049,0.000384693,0.001474937
5605,3.611768324,0.00850573,3.922509164,0.00401164,0.000998364,0.000263862,0.002290708
5606,3.140251692,0.009576654,1.718717656,0.009053221,0.000234551,0.000467148,0.001128951
5607,4.698735099,0.001234586,2.446969561,0.00658828,0.000633817,0.000753,0.000911115
5608,4.109935204,0.005121569,3.289383998,0.000677681,0.000718625,0.000614795,7.38701E-05
5609,4.45253864,0.003390908,2.002431206,0.002399954,0.000687912,0.00062676,0.00219034
5610,4.430993269,0.004720123,0.049528609,0.003907664,0.000442777,0.000894967,0.00080462
5611,4.605013967,0.007856248,3.037231158,0.009685214,0.000313811,0.000894922,0.001156838
5612,4.776611569,0.004206212,3.898624875,0.007011742,0.000758533,0.000138397,0.000333936
5613,4.244622235,0.004624154,0.206566989,0.003738523,0.000736181,0.000644032,0.00050483
5614,3.921433043,0.009775837,0.206878244,0.003678724,0.000198414,0.000705126,0.001348322
5615,4.648238235,0.005782082,0.363147727,0.00975914,0.000744602,0.000236784,0.002519857
5616,3.350842938,0.003691997,3.701549815,0.009230631,0.000673364,0.000863403,0.001298654
5617,2.947025869,0.006630668,2.962329884,0.003711182,0.000225996,0.0003205,0.002777118
5618,4.222647544,0.003095513,0.736346918,0.00224795,0.00026321,0.000358773,0.001262213
5619,3.366654515,0.005488133,2.911578377,0.003421843,0.000662208,0.000932575,0.002038217
5620,4.479057079,0.005978432,1.103339706,0.00409664,0.000541843,0.000675439,0.000820984
5621,3.709660603,0.002637652,0.808321004,0.002646038,0.000921596,0.00073761,0.002537219
5622,3.903029355,0.00620092,0.084653712,0.008821919,0.000839763,6.46103E-05,0.001928021
5623,3.198203615,0.004994889,0.618172074,0.003871832,0.000336982,0.000880443,0.002474741
5624,4.327569224,0.008987873,2.180214198,0.005643254,0.000278758,0.000632389,0.000781099
5625,2.859963142,0.009862752,0.254211623,0.005590993,0.00049002,0.000433683,0.001505996
5626,3.573297407,0.00922285,2.572941024,0.008874479,0.000316314,0.000559681,0.001830117
5627,4.739861926,0.004875504,3.876494834,0.003174465,0.000516541,0.000321551,0.00110244
5628,4.061335605,0.007894967,1.937466223,0.009499481,0.000843014,0.000660318,0.001476311
5629,4.046312364,0.0085555,1.819305792,0.009348282,0.000491184,0.000410596,0.00016929
5630,3.137298798,0.007145589,0.881126606,0.008125672,0.000663451,0.00057289,0.001216477
5631,3.11908543,0.008398653,0.579937851,0.006448069,0.000524165,0.00067826,0.000862052
5632,3.041490977,0.008185128,2.394581387,0.005774573,0.000507196,0.000185491,0.002863554
5633,4.180342209,0.006101088,2.494469339,9.35374E-05,0.000869527,0.000562445,0.002420675
5634,4.850418462,0.005918235,3.292740319,0.004151108,9.23484E-05,3.35034E-06,0.000707408
5635,4.515285533,0.000847837,1.228123789,0.003461758,0.000635809,0.000238203,0.00158448
5636,3.762476757,0.004992053,2.482881948,0.005162543,0.000122365,9.79929E-05,0.000443389
5637,2.78386742,0.001869249,2.956501991,0.003166509,0.000159948,0.000310613,0.000885081
5638,3.056291933,0.005645878,3.681109378,0.00896891,0.000300018,0.000749632,0.002342476
5639,2.620909601,0.00178386,0.800178218,0.002671464,0.000342762,0.00030361,0.00016323
5640,4.035983311,0.005073369,2.512288861,0.002446505,0.000308024,0.000766499,0.000280048
5641,2.767331251,0.00819884,2.542239097,0.006187602,0.000424071,0.000758804,0.001699419
5642,4.924516126,0.003385249,0.042101476,0.009875558,0.000157979,0.000193817,0.001098295
5643,3.015706771,0.0046481,0.95120174,0.00955948,0.00088535,0.000717413,0.002078564
5644,4.503420072,0.000889141,3.04262048,0.005991587,0.000128437,0.000618098,0.000835197
5645,3.724339355,0.00941395,2.915971435,0.008990038,9.68853E-05,0.000583298,0.001275784
5646,4.862626721,0.007429398,3.37710134,0.009482439,0.000934081,0.000813174,1.66995E-05
5647,2.577744354,0.00450422,3.447007038,0.007136056,0.000480473,0.000372952,0.001504144
5648,2.715231283,0.00727035,0.292652403,0.001945232,0.000762782,0.000300604,0.002991364
5649,4.866022331,0.005247716,1.060785525,0.001102707,0.000635831,0.000657848,0.002620567
5650,3.136472508,0.004328734,0.641316374,0.006639132,6.38229E-05,3.73899E-05,0.001179689
5651,3.526546268,0.001300878,3.437472727,0.003133755,0.000286731,0.000546855,0.001347177
5652,3.948842777,0.004512187,0.301561501,0.003723564,0.000921261,0.000590787,0.002613444
5653,3.981512112,0.007758473,3.446514131,0.009385811,0.000893725,2.54356E-05,0.002427333
5654,3.119407927,0.006801743,1.518828831,0.004426207,0.000412055,0.000703435,0.001972471
5655,3.606554438,0.003860533,2.848041182,0.001734587,0.00014439,0.00015975,0.002802004
5656,3.66118232,0.002476341,2.219019054,0.001424766,0.000651134,0.000943397,0.002106375
5657,4.31240811,0.009090474,3.195450467,0.00185172,0.000775909,0.000751908,0.000285516
5658,2.788985438,0.00137457,3.194848098,0.001871671,0.000530764,0.000566068,0.002255057
5659,4.928347365,0.008076198,3.720171803,0.008035606,0.000215642,0.000553094,0.002036016
5660,3.651919921,0.001206749,1.104258186,0.006874816,0.000638684,2.67299E-05,0.002077315
5661,3.650052114,2.44298E-05,1.508414423,0.007768236,0.00092987,6.86939E-05,0.001747536
5662,4.556141897,0.004712916,0.954596447,0.009991039,0.000692044,5.24278E-05,0.001138998
5663,3.767667841,0.00387009,0.532330049,0.000259501,0.000820417,0.000539212,0.000370274
5664,4.466918929,0.006961221,2.028004218,0.004802485,0.00020249,0.000378528,0.002797725
5665,4.054784403,0.009954712,3.317918188,0.00717933,0.000785507,0.000679185,0.00087461
5666,3.531418718,0.000606483,0.510539142,0.003400117,4.9716E-05,0.000622774,0.002936418
5667,3.523404519,0.002119832,0.44820099,0.006662554,0.000933997,0.000408491,0.000687432
5668,4.862379988,0.003719834,0.584067167,0.006125575,0.0006703,0.000843275,0.001349056
5669,4.776250886,0.002713695,0.715504887,0.000608846,0.000283897,0.000189317,0.002602565
5670,3.209546664,0.004587194,3.583066655,0.009750849,0.000626384,0.000693277,0.00162834
5671,2.973489823,0.002592627,3.578581628,0.00879613,0.000791499,5.65169E-05,0.001810467
5672,2.768770139,0.00104983,1.146708218,0.000728049,0.000322476,7.26426E-05,0.00291659
5673,2.801800086,0.001170565,0.150089369,0.001165316,0.000510369,0.000252919,0.00055983
5674,4.087551273,0.002124389,2.924414223,0.006663587,0.000635629,0.000926261,0.002458824
5675,4.43967135,0.005796261,0.900932128,0.007570552,0.000642169,0.000691659,0.001776345
5676,3.956579556,0.003019087,3.664019331,0.004300225,0.000670681,7.30802E-05,0.000610363
5677,3.108784919,0.006825775,3.357743495,0.007840983,0.000770092,0.000923364,0.002252109
5678,4.471972133,0.006160123,2.006892924,0.007109008,0.000424983,0.00051129,0.001600691
5679,4.816658834,0.006753437,1.09795592,0.00787678,0.000484605,0.00041552,0.001355386
5680,4.407775254,0.002960261,3.611809532,0.003488133,0.00091962,0.000284019,0.000173442
5681,3.509393269,0.000230087,0.989826475,0.002653504,0.000640925,0.000340113,0.001283488
5682,4.449602055,0.003587019,3.477294122,0.005880735,0.000733035,0.000778119,0.001592171
5683,2.721810999,0.009988365,2.716155226,0.001068752,0.000990932,0.000758545,0.000192015
5684,4.264635358,0.00177639,0.693467609,0.004851459,0.000889163,0.000345055,0.000244604
5685,3.130422421,0.001010679,3.437036593,0.009986585,0.00073777,0.000613338,0.001828242
5686,4.072669816,0.009873565,2.661398984,0.00760424,0.000882359,0.000477419,0.001902706
5687,4.040853367,0.004131755,3.113425689,0.007996999,0.000778272,0.000420808,0.002418567
5688,4.05962069,0.009295001,2.981430362,0.009812377,0.000433606,0.000492864,0.000608015
5689,4.963908016,0.004646588,0.791681324,0.008237543,0.000420485,0.000906901,0.0010154
5690,3.786404003,0.00451448,0.107582088,0.009121764,0.0005352,0.000224503,0.00137649
5691,4.280716788,0.001826765,3.336179949,0.001097015,2.27151E-05,0.000398014,0.001691494
5692,2.961691988,0.002923963,1.875944471,0.004947183,0.000181493,0.00028925,0.002553728
5693,3.923363023,0.009231041,2.08127529,0.006406501,0.000803792,0.000490741,0.002345471
5694,3.078452592,0.008790577,1.855009179,0.005933132,0.000418912,0.000141543,0.00128871
5695,2.612563495,0.004306877,2.535282542,0.004000798,0.000477715,0.000854784,0.000318453
5696,3.791919684,0.001858014,2.363179275,0.002188945,0.000930544,0.000384792,0.002887543
5697,3.918260007,0.002811363,2.710300672,0.004661483,0.000786958,0.000779466,0.002730066
5698,3.688643517,0.005126949,0.531323406,0.008570216,0.000857278,0.000484161,0.001165393
5699,3.106416365,0.008356057,0.244532424,0.00101392,0.000219424,9.6655E-05,0.002835064
5700,4.823929924,0.003210333,2.466371097,0.002073545,0.000112394,0.000303574,0.000258966
5701,4.496130125,0.001698368,1.527277019,0.009809478,1.28368E-05,0.000312803,0.002025411
5702,3.100964821,0.008222417,3.834852851,0.006522873,4.56771E-05,0.000917903,0.002241818
5703,4.8885432,0.004718794,1.664281554,0.008864632,0.000530834,5.9474E-06,0.001432025
5704,4.40737534,0.008979888,2.518615728,0.008784669,0.000547698,0.00067836,0.002897298
5705,3.864883669,0.00896274,0.224624125,0.004934404,0.000842234,0.000881685,0.00116058
5706,3.983830581,0.008053715,1.73661454,0.005145243,0.000533483,0.000207848,0.00118639
5707,2.609199293,0.009742777,1.495282185,0.008766434,0.000165607,0.000723971,0.001362744
5708,3.322332844,0.005573623,2.027938326,0.00566553,0.000550129,4.89386E-05,0.000122658
5709,2.720280266,0.003156084,1.266856559,0.005749465,0.00090822,0.00065249,0.002111603
5710,3.268515036,0.002668166,1.68471044,0.007299804,0.000330471,0.000772432,0.001775183
5711,4.696524056,0.00574937,3.375568465,0.007066268,0.000159171,0.00070732,0.000652063
5712,4.232623708,0.006709168,2.745343574,0.000568541,0.00080785,0.000895721,0.001885413
5713,4.775155478,0.006884925,0.482162208,0.00738735,0.000573783,0.000102491,0.000102398
5714,4.298953109,0.007554159,0.046510855,0.001919797,0.000871765,0.000229162,0.000811447
5715,2.972399238,0.003450311,3.196961863,0.002122067,0.00071193,0.000459425,0.000402998
5716,3.586067226,0.006234268,3.870421459,0.006495058,0.000672697,0.000383319,0.000653435
5717,3.498521165,0.007437439,3.32642932,0.009155005,0.000126604,0.000933467,0.001764759
5718,3.971776118,0.007361719,0.290749679,0.001736621,0.000258556,0.000274686,0.00224142
5719,3.465535428,0.003914084,1.090582507,0.00126099,0.000461572,0.000807595,0.001880486
5720,2.617343331,0.005924399,0.347309341,0.005263823,0.000693074,0.000421216,0.00262822
5721,3.411651972,0.000942327,3.712560943,0.000966613,0.000142011,0.00028233,0.001903135
5722,4.540795305,0.00526807,0.786612099,0.009187667,0.000510156,0.000647788,0.002130191
5723,3.450222432,0.009814301,2.154980472,0.009789562,0.000350091,0.00044283,0.002995064
5724,3.337254742,0.008237401,0.540611931,0.00212565,0.000448828,7.77869E-05,0.000638544
5725,4.818031146,0.007584349,3.774689982,0.0055041,0.000545303,0.000968381,0.002053614
5726,3.77542297,0.001852716,2.109353819,0.009641659,0.000956946,0.000166035,0.001065214
5727,4.61806283,0.000553496,3.72530731,0.003552761,0.000998328,0.000629536,0.000715132
5728,4.34562005,0.006444229,1.123441166,0.004693707,0.00061315,7.02907E-05,0.000593393
5729,2.984809561,0.002631239,0.553313277,0.000902387,0.000240534,0.000883699,0.000984106
5730,2.922908109,0.001404804,2.470278212,0.00894355,0.000923648,0.000212157,0.002276942
5731,2.549684004,0.00894351,0.58091396,0.004973869,0.000410095,0.000349102,0.00087709
5732,4.577572836,0.004871403,2.468274712,0.002327952,0.000600877,2.12873E-05,0.00128135
5733,4.671185244,0.008810692,2.303298978,0.007249454,0.000800551,1.8793E-06,0.002928189
5734,4.302872465,0.005146637,0.502467529,0.009949432,8.53818E-05,0.000236067,0.001244629
5735,3.844053545,0.008119327,0.436972496,0.007473891,0.000295892,7.59341E-05,0.001834439
5736,3.467321817,0.004672635,1.800697537,0.003418172,0.000331119,0.000856768,0.002506245
5737,3.991317369,0.005744994,3.71794249,0.003156414,0.000829122,0.000981103,9.85666E-05
5738,3.384273454,0.004965626,2.964205392,0.006723168,0.00022573,0.000203017,0.002230656
5739,3.937003125,0.00309273,2.32024968,0.003360201,0.000502289,0.000475813,0.000316481
5740,2.630655697,0.004929661,3.257756439,0.005770708,0.000102397,2.67834E-05,0.002293901
5741,3.47185654,0.008837197,0.208091147,0.005991401,0.000319559,0.00050415,0.002441211
5742,4.299012364,0.003389663,0.544151143,8.07378E-05,0.000778701,0.0004672,0.000899565
5743,3.14882903,0.002136128,0.901604718,0.007022228,0.000494018,0.000357769,0.00156402
5744,3.031657784,0.007529817,2.270246315,0.009021375,0.000639289,0.00063919,0.001410435
5745,4.386897981,0.003122437,2.376807305,0.003236878,0.000363769,0.000880143,0.000965352
5746,3.438395387,0.008575747,3.025666164,0.001364822,0.000842663,0.000222612,0.000650764
5747,2.645773998,0.009855618,0.001369676,0.003092964,0.00019647,0.00024773,0.000324228
5748,3.662597342,0.006788622,1.431662897,0.005646468,0.000237416,0.000664836,0.001161611
5749,3.799882033,0.007324504,0.939656537,0.005084506,0.000565038,0.000488328,0.000439821
5750,2.519734317,0.006544411,3.61506649,0.007021048,0.000661443,0.000457994,0.000197848
5751,3.870228155,0.000502718,1.016438312,0.005237956,0.000319257,0.000750093,0.001241177
5752,4.742048656,0.005184365,2.633854808,0.007512994,0.000112311,0.000751177,0.000671419
5753,2.798186234,0.009704501,3.818272084,0.000397577,2.22609E-05,0.000540682,0.002175602
5754,4.564591309,0.008121646,3.384090908,0.002752883,0.000121655,0.000388393,0.001534392
5755,4.809759883,0.002477472,1.713415729,0.000221095,0.000991239,0.00028257,0.000282331
5756,3.084100252,0.009280356,3.142583901,0.000777566,0.000446565,0.000833515,0.000473213
5757,4.717849097,0.003494184,3.208992899,0.005895038,0.000202235,0.000972214,0.001079303
5758,4.145436583,0.009463293,0.711893687,0.005897907,0.00081055,0.000615235,0.002347505
5759,4.563893263,0.003173906,1.636734223,0.002723963,0.000210582,0.000951526,0.00274313
5760,3.508312207,0.003894963,0.463789702,0.004883824,0.000544317,0.000727233,0.000772333
5761,4.812383217,0.005255983,0.423338383,0.008196019,0.000213268,8.61084E-05,0.000185264
5762,4.971282988,0.005109482,1.932219639,0.005575143,0.000658217,0.000426567,0.000194803
5763,2.504965035,0.008190422,2.400907542,0.001500511,0.000940258,0.000236758,0.002181771
5764,4.378502725,0.005921791,0.971557677,0.000873405,6.28365E-05,0.000549995,0.002475051
5765,3.613443415,0.004982078,0.326493036,0.004668482,0.000408966,4.09619E-05,0.001337419
5766,3.044349846,0.007472833,0.861702553,0.005013392,0.000260872,7.22165E-05,0.001830793
5767,3.717846973,0.001716883,2.17267329,0.00369229,0.000638462,0.000621695,0.00121008
5768,2.696970488,0.004690332,0.773110795,0.007183468,0.000224823,0.00036105,0.000818176
5769,3.689207896,0.000729398,1.797499416,0.006821348,0.000881888,0.000456631,0.002587528
5770,3.738415293,0.009619225,0.95260112,0.004547018,0.000799751,0.000601497,0.002584763
5771,4.019710875,0.007957974,0.75842683,0.000980911,0.000733056,0.000484689,5.82459E-05
5772,3.617303035,0.007194298,0.631119388,0.006765596,0.000772607,0.000559324,0.002874431
5773,4.87883253,0.007187323,0.751395415,0.004623566,0.000304995,0.000740368,0.002208207
5774,4.635620826,0.000586189,1.767858505,0.006390461,5.15026E-05,0.000158723,0.00131053
5775,2.783481629,0.005035249,3.105935423,0.006729802,0.000582218,0.000689412,0.002025611
5776,3.952089393,0.009735809,2.375637926,0.006187792,0.000309144,3.25671E-05,0.002259888
5777,3.172097296,0.003170698,3.224048145,0.002222941,0.000245589,0.000843967,0.002211115
5778,4.674367775,0.006908923,1.389634033,0.009611278,0.000322712,0.000244219,0.000519503
5779,2.546367766,0.001244114,3.986007325,0.008883579,5.63741E-05,0.000881207,0.001064399
5780,4.713306257,0.004512574,0.046289971,0.007575906,0.000859508,0.000851185,0.002434782
5781,3.768493015,0.004756814,1.157389925,0.000538561,0.000227255,0.000200359,0.001157143
5782,2.61860741,0.00218513,2.991975753,0.003276754,0.000111779,0.000200005,0.001080925
5783,3.420208332,0.002903006,3.612794066,0.000158017,0.000563367,0.000387842,0.002655732
5784,4.566643118,0.005912561,0.739988839,0.007998269,0.000797176,0.000456596,0.001825077
5785,2.552442394,0.004369996,2.631973978,0.001369834,0.000652895,0.000257924,0.002265382
5786,4.738947723,0.005501557,1.298914133,0.001413026,0.000965868,0.000520941,0.002998515
5787,3.697978877,0.001967327,0.755911604,0.006908081,0.000291577,0.000982194,0.001148253
5788,4.667633857,0.007201276,0.850357645,0.009923426,6.47594E-05,0.000300936,0.001795866
5789,4.949836624,0.007744398,1.544116902,0.002427216,0.000852419,0.000414697,0.002307393
5790,2.675328182,0.000746223,0.567786105,0.007100625,0.000586378,0.000448437,0.002201005
5791,3.14329213,0.006488697,1.989958308,0.000695745,0.000787915,0.000611041,0.000431913
5792,4.482272278,0.003493526,3.048782664,0.000622297,0.000161929,0.000491204,0.001071067
5793,2.555450064,0.001873795,2.798583976,0.000496989,0.000366897,0.000851319,0.00114079
5794,4.045521632,0.009314913,0.756118416,0.007501267,0.000411564,0.000557072,0.002571417
5795,2.548086759,0.003049399,1.950056146,0.005158863,0.000499719,3.15673E-05,0.002082973
5796,4.706988663,0.00797874,1.217527175,0.006999149,0.000129888,0.000541979,0.001249263
5797,3.140405484,0.009873886,1.063560243,0.000241398,0.000380182,2.55825E-06,0.002858964
5798,3.419422864,0.009971998,0.223884507,0.005133321,0.000254616,0.000195817,0.001781249
5799,4.442614926,0.009725365,0.126693236,0.00128412,0.000400587,0.000213692,0.001915918
5800,4.682534993,0.009940585,2.390614582,0.00893275,0.000486614,0.000895233,0.002929717
5801,4.644577355,0.005537265,0.448763696,0.005208345,0.000583227,0.00027077,0.002014604
5802,3.740192214,0.000899038,1.972606973,0.008058809,6.3679E-05,0.000390634,0.000826735
5803,3.134644951,0.009727666,2.326209981,0.00170642,0.000671439,7.82558E-05,0.0009631
5804,3.646317887,0.008175467,2.359944048,0.001525663,0.000815074,0.000153765,0.001740313
5805,4.67803837,0.008466261,0.291723417,0.001349751,0.000821883,0.000883037,0.000225838
5806,2.833650614,0.003038936,0.521023511,0.009729366,0.000346594,0.000808657,0.00219941
5807,3.148290134,0.004886318,0.062176066,0.007774283,7.82176E-05,0.000891063,0.000724348
5808,3.605180848,0.004897662,2.099041104,0.002478727,0.00040322,0.000258774,0.001014589
5809,2.871317886,0.002969605,3.567007342,0.007441709,0.000367412,3.62624E-05,0.001894353
5810,4.284604835,0.009748126,1.292697068,0.007680237,0.000910149,0.000121043,0.000108231
5811,4.716863733,0.009381628,2.178343982,0.005799049,0.000207707,0.000412602,0.002994937
5812,4.428848002,0.009594189,3.03384724,0.000234934,0.000198898,0.000426413,0.001698943
5813,4.20638224,0.000863095,2.800167712,0.003141417,0.000945224,0.000348102,0.000900923
5814,4.833267926,0.00325192,0.851361857,0.000518799,4.87682E-05,0.000328541,0.000966242
5815,4.846016235,0.002562225,2.096616805,0.002879803,6.42383E-06,0.000721398,0.000561956
5816,4.194806182,0.00225047,2.105785568,0.004246644,0.000482756,7.30825E-05,0.002360134
5817,3.463697673,9.35853E-05,2.056983366,0.001225478,0.000815688,0.000568427,0.000523014
5818,3.497499112,0.007594179,0.877674465,0.004148284,0.000824615,0.000159619,0.002030155
5819,2.526630211,0.000817706,2.575340182,0.001189872,4.1017E-05,0.00086054,0.002405236
5820,3.091276414,6.16907E-07,3.858144138,0.002340409,0.000576014,0.000289431,0.001557502
5821,2.513377177,0.007586717,2.08479117,0.000186717,0.000658629,0.000416095,0.002238911
5822,4.622097777,0.000766259,1.231977424,0.003350378,0.000765538,0.000708104,0.000641545
5823,2.81286021,0.000197252,0.158767677,0.00194898,0.000160678,3.53597E-05,0.00141186
5824,2.799671916,0.006353656,1.423794251,0.0029413,0.000879826,0.000178083,0.001335266
5825,4.045228816,0.007613132,2.89517279,0.001324555,0.000874679,0.00044215,0.000957003
5826,4.43050862,0.003092883,2.977591483,0.008828871,0.000588244,0.000290911,0.000256176
5827,4.030618715,0.009934714,0.961527009,0.00621895,0.000675797,0.000205444,0.001517877
5828,3.419820882,0.006502593,0.087342043,0.007628404,0.000793403,0.000946437,0.000277088
5829,4.532355589,0.005409899,2.859006491,0.003513807,0.000382771,0.000559705,0.002710182
5830,3.679413634,0.0062895,2.686649501,0.009225053,0.000273326,0.000887086,0.002152768
5831,4.624139299,0.004177807,2.585346603,0.001549293,0.00048737,0.000376667,0.001039018
5832,3.423339884,0.006107541,0.493315681,0.004638679,0.000291106,0.000238921,3.63155E-05
5833,3.262255271,0.003901452,0.334056767,0.008526041,0.000239607,0.000185519,0.001483857
5834,3.23457535,0.008465996,2.734110545,0.00308727,0.000165596,0.000115683,0.002072459
5835,3.905847464,0.003487035,0.895490722,0.006753428,0.000978043,0.000736576,4.31315E-05
5836,3.631002754,0.008648588,3.194582152,0.000445155,5.55039E-05,6.77243E-05,0.000308301
5837,4.934920478,0.00059802,3.447212645,0.004152669,0.0006493,0.000610756,0.002009143
5838,4.484856494,0.008260125,0.260246789,0.007179231,0.000971138,0.000957454,0.000812478
5839,3.072344321,0.00322881,2.345193807,0.000605426,0.000861628,0.000764652,0.000989327
5840,3.344968714,0.004599216,1.481532009,0.002744473,0.000428808,0.000645568,0.002729522
5841,3.855477274,0.005808637,1.120121864,0.007327923,0.00032846,0.00069871,0.000148025
5842,3.761048838,0.000883316,3.295375759,0.008705782,0.00073809,0.00050412,0.001522995
5843,4.895734479,0.002470587,1.068111792,0.001177566,0.000728024,0.000123315,0.002136591
5844,4.286741523,0.005430146,1.557696002,0.007363272,0.000159674,0.000969966,0.000857447
5845,4.35908664,0.00282193,2.487348616,0.008418221,0.000583035,0.000944978,0.001822916
5846,2.815036392,0.009951335,3.350562026,5.97366E-06,0.000492657,0.000311833,0.000981389
5847,4.851432259,0.005965746,0.233126328,0.007504168,0.00079439,0.000952509,0.001228067
5848,3.193666192,0.003469801,1.166200017,0.006781377,0.000490809,0.000400884,0.00064612
5849,3.637179594,0.002971503,0.259000564,0.0092065,0.000640412,0.000515785,0.001193736
5850,2.99499965,0.003548906,2.738178853,0.00347293,0.000569816,0.000706947,0.002865488
5851,3.898917877,0.007271118,0.426204365,0.00023935,0.000535731,0.000845673,0.002693849
5852,3.205845044,0.00939106,0.602180553,0.005881818,0.00011077,0.000749545,0.001969772
5853,4.818870976,0.00947203,2.933916732,0.000338159,0.00066271,0.000664238,0.002482384
5854,3.967582121,0.002975534,1.597493045,0.008653145,0.000278615,7.54682E-05,0.001743194
5855,2.672271949,0.000464496,3.538120638,0.003938836,0.000135503,0.000700406,0.000779757
5856,4.07793225,0.006553173,0.250697668,0.00343562,0.000788746,0.000699558,2.34147E-05
5857,3.221153701,0.002512653,2.334592371,0.004202326,5.08052E-05,0.000523339,0.000655361
5858,2.6230281,0.009607433,1.951226989,0.009483078,0.000757944,0.000308495,0.002341092
5859,2.839444923,0.003967231,3.306785858,0.006647992,0.000644569,0.000788365,0.001157977
5860,4.898169489,0.00053554,0.943581468,0.001160927,0.000384522,0.000516175,0.002558847
5861,2.741515709,0.008248716,0.992622893,0.004564883,3.41164E-07,0.000702618,0.000872973
5862,2.879350337,0.00576766,1.934411051,0.007153961,0.000433054,0.00021665,0.001644129
5863,3.06053248,0.008312978,2.395418618,0.001407905,0.000619288,0.00052072,0.001404756
5864,2.857139859,0.00396394,0.648743319,0.005703159,0.000888918,0.000365401,0.000496067
5865,3.213795572,0.00694984,1.122387457,0.006281822,0.000623881,0.000194239,0.000991329
5866,2.582115792,0.008669059,1.334598848,0.004272753,2.30401E-05,4.67133E-05,0.000421446
5867,3.60754932,0.003833101,1.575454338,0.001076203,0.000820802,0.000517101,9.19419E-05
5868,3.782782055,0.000952456,2.315335748,0.00727176,0.000662924,5.53644E-05,8.55667E-05
5869,3.819119971,0.000561854,3.299045561,0.002331154,0.000124105,0.000245765,0.0011474
5870,3.006475254,0.003991862,1.403013412,0.003812748,0.000219175,0.000877953,0.002153993
5871,4.011234055,0.003025453,3.297012854,0.001931361,0.000472986,0.000869281,0.00133907
5872,4.296707793,0.004807235,2.216455797,0.009014993,0.000987504,0.000146559,0.000443294
5873,2.606499078,0.008408902,1.494781302,0.007578353,0.00061175,0.000733365,0.000923139
5874,3.388545244,0.004600403,2.459237108,0.006019932,0.000147716,0.000723511,0.002126543
5875,4.463442767,0.000468669,2.793469326,0.001554727,0.000482089,0.000499389,0.000277578
5876,3.281365984,0.005192842,3.593415731,0.009471966,0.000559142,4.57148E-05,0.000544945
5877,3.12459114,0.008260534,0.818361617,0.009630356,0.000134173,0.000403069,0.000857169
5878,4.757441239,0.000739951,1.535610288,0.006069486,0.000347776,0.000297447,0.00071158
5879,3.874248841,0.001477633,3.261833863,0.002433745,0.000929531,2.36008E-05,0.001389974
5880,4.590165055,0.003539754,3.750789903,0.004963063,0.000278599,0.000940204,0.000323993
5881,3.290262679,0.00027972,1.164345469,0.009512091,0.000881038,0.00063012,0.002855739
5882,2.726115949,0.001795312,1.059563878,0.009105816,0.000179471,0.000137982,0.001385836
5883,3.018803385,0.009771803,1.152286729,0.002068511,0.000367893,0.000229049,0.00144369
5884,3.672171439,0.005454838,2.84059107,0.001191805,0.000379213,0.000593912,0.000159541
5885,4.805315287,0.006916257,1.672638852,0.000996774,0.000959258,0.000838215,0.000919135
5886,3.674100992,0.003809005,1.367345087,0.006090621,0.000483735,6.10449E-05,0.000676454
5887,4.879899034,0.008904385,2.388683951,0.001456364,0.000491771,0.000683335,0.000195708
5888,3.500475019,0.005101729,0.41682338,0.008743152,0.000144038,0.000912891,0.002316117
5889,2.526906658,0.00691009,1.905115439,0.007039336,0.000462373,0.000647703,0.001680713
5890,2.738812279,0.008734246,2.989718369,0.005582118,0.000457796,0.000151917,0.002918631
5891,4.21254288,0.007649482,3.244611791,0.007878815,0.000482993,0.000190059,0.001117275
5892,2.912038459,0.008928182,0.614675887,0.004121145,0.000219226,0.000871133,0.00091763
5893,3.786101572,0.001983573,1.54009553,0.009846926,0.000422513,0.000360977,0.000119397
5894,4.901959011,0.007562669,1.063851572,0.007644522,4.70759E-05,0.000361931,0.002468522
5895,3.447348379,0.000889142,0.61820028,0.004806499,0.000948167,0.000685186,0.002906064
5896,2.759448932,0.006856141,2.832529165,0.000332263,0.000780604,0.00093511,0.002322678
5897,3.986713299,0.004766508,3.815608559,0.007616524,0.00015905,0.000750921,0.002300205
5898,3.737705175,0.002003252,3.021353215,0.008866568,0.000482079,0.000508871,0.000332677
5899,3.137478291,0.004565906,1.86406779,0.002386469,8.41195E-06,0.000782828,0.000779244
5900,2.915514875,0.005779964,2.817752261,0.008317471,0.000632849,0.000813243,0.000113635
5901,4.846132175,0.006335199,1.204847492,0.006535226,0.000783406,0.000101539,0.001203913
5902,3.610887958,0.006787489,0.713766738,0.007931517,0.00041065,0.000704092,0.001512209
5903,3.160635975,0.005809829,3.158831814,0.007747435,0.000429632,0.000396677,0.000161131
5904,4.707068822,0.000570525,1.936085038,0.007272271,0.000944415,0.000237538,0.000127514
5905,4.828600359,0.00829348,3.809654777,0.009787869,0.000735833,0.000270919,0.001263921
5906,4.745859432,0.006761559,1.444302149,0.001118509,0.000380691,8.46807E-05,0.002948803
5907,4.51224794,0.007429356,1.425348828,0.007664242,9.68049E-06,0.000803458,0.001707182
5908,3.201823925,0.004847572,2.306759731,0.006992988,0.000972496,0.000542315,0.002907577
5909,2.829044836,0.00315106,3.69943639,0.004162515,0.000173107,0.000868695,0.002920031
5910,2.889399478,0.001514221,3.461874248,0.004254162,0.00072259,0.000294632,0.002678592
5911,3.469647909,0.004107508,2.067086224,0.008984164,0.000692128,0.000588893,0.002105293
5912,4.976500003,0.00527599,2.308692004,0.009858573,0.000424622,0.000426159,0.002311492
5913,3.533117848,0.008221843,3.549689053,0.009033612,0.000366141,0.000648205,0.002406424
5914,3.158136688,0.009137671,1.695862644,0.000725739,0.000538679,5.00028E-05,0.002765368
5915,3.341018024,0.005318752,2.162745962,0.000964853,0.000249683,0.000329999,0.002842563
5916,3.335735297,0.004148023,2.382751724,0.009046121,0.000724692,0.000761114,0.002255045
5917,4.086284858,0.008961202,0.347544124,0.000290177,0.00060244,0.000979969,0.002372921
5918,3.445798252,0.008956487,0.09979049,0.004591877,0.000216197,0.000158084,0.000867905
5919,3.390488842,0.009473534,0.075829137,0.008108447,0.000845558,0.000696569,0.002398672
5920,3.665185656,0.00658168,0.77003408,0.009644143,0.00072404,0.000654371,0.001282368
5921,3.77358149,0.005036069,1.716723802,0.002457337,0.000576553,0.000430401,0.001328065
5922,4.800418208,0.00508267,2.508737997,0.003458002,0.000387931,0.000914281,0.001948247
5923,4.296481361,0.001808557,3.017632482,0.002585598,0.000550164,0.000651174,0.002980077
5924,4.777943143,0.005846518,1.041349441,0.006506276,0.000686815,0.000295517,0.002951947
5925,4.21518947,0.003851003,1.400147909,0.000103278,0.000302798,0.000821507,0.000676598
5926,3.253928262,0.000304625,0.0303985,0.000431719,0.000109018,0.000704659,0.001677797
5927,3.333983542,0.009101885,3.274000038,0.003425645,0.000118283,0.000505744,0.000808703
5928,4.067905298,0.00139189,3.082059356,0.002556907,0.000644492,0.000281966,0.00211533
5929,3.382419174,0.003474259,1.596807481,0.009313404,0.000230918,0.000920355,0.000618136
5930,3.269304644,0.003234148,1.983585175,0.006147216,0.000602985,9.62153E-05,0.001990239
5931,4.961106382,0.005523981,1.374660714,0.009476888,0.000309112,0.000827839,8.78833E-05
5932,3.851809978,0.000199291,2.253923119,0.00755812,0.00012858,0.000211698,0.001008598
5933,4.615642399,0.000322615,1.880670009,0.006256155,0.000870861,0.000606513,0.000191108
5934,3.530032114,0.001458879,3.458185999,0.007075133,5.46722E-05,0.000289071,0.001997646
5935,3.864856496,0.009706093,1.615996472,0.007588299,0.000957054,0.000190008,0.001482219
5936,2.779982951,0.007493381,1.129429982,0.004282445,0.000683025,0.000490821,0.002347376
5937,3.63247027,0.008884797,1.055106543,0.008240317,0.000301091,0.000144877,0.000730728
5938,4.404325605,0.005082923,1.349465852,0.009901025,0.000152408,0.000134128,5.61375E-05
5939,3.099551633,0.004214224,2.698947612,0.003333941,0.000374938,0.000396193,0.00163517
5940,3.019110706,0.008866836,1.250713368,0.007344975,0.000882792,0.000830739,0.002329643
5941,3.272701251,0.006551784,3.929424574,0.004592556,0.000793049,0.000348526,0.00043581
5942,3.167125285,0.002681251,1.854599601,0.001549796,0.000642987,0.000794593,0.001882458
5943,3.418392554,0.000728213,2.87632595,0.000456264,0.000201774,3.40706E-05,0.000627957
5944,4.831647276,0.004201743,2.918506773,0.005917012,0.000203504,0.000931795,0.000606438
5945,4.964434544,0.002620595,0.15195648,0.002995394,0.000496616,0.000471683,0.002856435
5946,2.87558911,0.004807824,3.443316748,0.002998643,0.000538478,0.000945925,0.002731073
5947,2.807940637,0.003091896,2.706125751,0.008925938,0.000687034,0.000665352,0.000286947
5948,4.571736272,0.00397337,1.4733636,0.000175244,0.000645679,0.000554167,0.002467445
5949,4.896647795,0.008115449,0.500478396,0.006443468,0.000774722,0.000591475,0.002456983
5950,4.019084266,0.007613132,3.354904316,0.008170417,0.00047688,2.19999E-05,0.001491561
5951,2.501270921,0.006140423,2.642332054,0.001264311,0.000329041,0.000452986,0.001007227
5952,4.637239449,0.002741421,1.686215565,0.005537227,0.0006536,0.000535915,0.000162739
5953,3.270290984,0.00219389,2.436569784,0.007630176,0.000211009,0.000360228,0.001198712
5954,3.439491589,0.00383703,0.458205404,0.001797478,0.000777413,0.000303413,0.002911275
5955,3.825353024,0.00295899,0.698194341,0.00070814,0.000444691,0.000553692,0.001863948
5956,3.246756291,0.005371233,2.862780313,0.006700004,0.000126599,0.000677388,0.000839153
5957,4.220265832,0.000763693,0.182965564,0.007716854,0.000309762,0.000867922,0.001658283
5958,4.045239264,0.001258859,1.090532458,0.007064109,7.45548E-05,0.000375325,0.00055928
5959,3.964645663,0.003535982,1.676494631,0.007513772,0.000840588,0.000936495,0.00119771
5960,4.524984553,0.002855819,1.161994762,0.003884055,0.000801823,0.000661263,0.00030075
5961,3.880702738,0.008811473,3.806444315,0.009466594,0.000484272,0.000491883,0.001620048
5962,2.897070936,0.007776322,3.261662972,0.007254751,0.000200751,0.000307451,0.000273839
5963,4.351646507,0.008335185,1.77112891,9.78231E-05,0.000198639,0.000422576,0.002068937
5964,4.921635409,0.005740105,0.981525388,0.004065051,0.000447351,0.000864163,0.001010301
5965,2.891908949,0.007073907,3.851172913,0.007841469,0.000377591,0.000527047,0.000865758
5966,2.613853265,0.009290648,2.765382144,0.007378103,0.00059211,0.000514428,0.00189805
5967,3.19048872,0.004298593,2.963596911,0.003668564,0.000271568,0.000759044,0.00188167
5968,4.793055902,0.007393489,2.902214369,0.002156552,4.10886E-05,0.000455652,0.001247038
5969,3.677521555,0.005926595,0.224328027,0.004887274,0.000417416,0.000847232,0.000956094
5970,3.584135899,0.002358202,0.444217387,0.002789824,0.000611024,0.000671536,0.001816737
5971,4.991745773,0.001205188,1.156114817,0.008922394,0.000963277,4.60409E-05,0.000572542
5972,3.45750446,0.009470555,3.129400334,0.00029798,0.000144662,0.000751028,6.3632E-05
5973,3.132415656,0.00880853,2.858719533,0.001469747,6.40358E-05,0.000798481,0.001283987
5974,2.94339069,0.008285437,3.510570268,0.003587461,0.000368133,0.000270138,0.000240365
5975,4.521585256,0.005721278,2.409128147,0.009293841,0.00049811,0.000626649,0.00074575
5976,4.028968744,0.001396811,3.77467622,0.007990371,0.000291151,0.00043802,0.002305134
5977,3.591795301,0.004555977,1.16837703,0.00482737,0.000880874,0.000846403,0.001225698
5978,4.300724956,0.004695316,3.805623229,0.00656976,0.000542294,0.000164982,0.002310823
5979,2.601355823,0.007046836,2.799780087,0.005757001,0.000330823,0.000823917,0.002747106
5980,3.562926387,0.004921474,2.639038342,0.001590785,0.000136203,0.000641046,0.001119913
5981,4.026357928,0.004260959,0.986526303,0.006954842,0.000485876,0.000773641,0.00060333
5982,4.724400724,0.001244066,1.863574081,0.007489027,6.77261E-05,0.000867797,0.001431158
5983,3.812654007,0.00135148,3.56215084,0.001191989,0.000544678,1.93261E-05,0.001145644
5984,3.281785509,0.007350142,1.548144976,0.002110185,0.00094559,0.000308649,0.000247462
5985,2.558342773,0.00145958,1.958197673,0.009118006,0.000191412,0.000759707,0.001683335
5986,4.025629891,0.003310452,3.01227323,0.002759465,0.000496833,0.000205757,0.001538174
5987,4.377455794,0.003365699,0.383599275,0.00360613,7.15125E-06,0.000721308,8.02E-05
5988,3.214801675,0.004546571,1.996245622,0.006762248,5.02541E-05,0.000562052,0.002793359
5989,4.090970731,0.002807554,1.03330861,0.001962827,0.000620291,0.000865551,0.002318302
5990,3.918102854,0.004586537,3.740679198,0.005260947,0.000294083,0.000381435,0.000613357
5991,2.512695086,0.003241724,2.863073067,0.004240829,0.00029518,0.000901176,0.001917663
5992,4.24275853,0.009140813,0.404323572,0.004932315,0.000538011,0.000729707,0.00130643
5993,3.869503003,0.00773651,1.999049949,0.003207843,0.000544303,0.000705534,0.002675759
5994,3.417536111,0.000414011,2.309237941,0.009327488,0.000238471,0.000392747,0.001903723
5995,4.331332307,0.003905784,1.595316421,0.001965565,0.000314162,0.000661056,0.001050499
5996,2.969426933,0.001403953,0.818139103,0.000688418,0.000398004,6.45501E-05,0.001648366
5997,3.856109541,0.007948286,2.878500238,0.000763655,0.0006617,0.000656176,0.002442884
5998,2.934122438,0.006228612,0.65429,0.005205684,2.65261E-05,0.000706921,0.001972703
5999,4.023131262,0.007674782,2.51756296,0.000613835,0.000832541,0.000613069,0.002850845
6000,3.614293827,0.008240738,0.208840523,0.001041568,0.000677588,0.000771929,0.001296236
6001,4.989122892,0.002359123,1.137397289,0.007444174,0.000904246,7.69825E-05,0.001337556
6002,4.716833687,0.000265917,0.831720188,0.003673647,0.000186321,0.0001936,0.002534436
6003,2.851848998,0.000637704,3.145501145,0.00107818,0.000770394,0.000699967,0.001710102
6004,4.119614019,0.000145929,2.663987173,0.002299746,0.000961998,0.000213031,0.001107344
6005,3.831112664,0.006797565,1.155332458,0.004411446,0.000466918,0.000527677,0.002113601
6006,4.398076682,0.008345632,1.369926495,0.008659613,0.000239357,0.000614875,0.001447278
6007,4.540874303,0.001735327,2.253103633,0.007955921,0.000960173,8.91786E-05,0.00288706
6008,2.540032134,0.004443734,1.920331746,0.00225366,0.000342654,7.70274E-05,0.002870184
6009,2.957997068,0.006131544,0.361244823,0.004726607,0.000762893,0.000341289,0.000118298
6010,3.369115344,0.008293802,0.243309545,0.001447565,0.000942523,0.000661427,0.000391797
6011,3.079193687,0.007641497,0.251660573,0.008727663,0.000373495,0.000961306,0.002628939
6012,4.016313142,0.008135091,1.378124238,2.15226E-05,6.43846E-06,7.15476E-05,0.000360947
6013,2.511609252,0.006641945,3.926763384,0.00621735,0.000197753,0.000307081,0.002636764
6014,4.443429951,0.003778936,2.142696388,0.002913263,0.000420382,0.000684368,0.002560485
6015,3.291366175,0.00757857,2.889104582,0.009219213,0.000550123,1.86884E-05,0.001057467
6016,2.705698881,0.003617603,0.795981356,0.008832132,0.000165825,1.80214E-05,0.001032515
6017,2.589378634,0.005719496,2.136393531,0.007576276,0.00056372,0.000818915,0.001650973
6018,4.351546014,0.009214147,3.52450573,0.007588691,0.000510795,0.000263209,0.001870051
6019,2.804733924,0.009943392,3.787156882,0.003335411,0.000965623,8.48072E-05,0.001035798
6020,4.771061173,0.008815755,1.156115034,0.003755815,0.000429425,0.000341613,0.002094412
6021,4.331056397,0.006499314,2.766807614,0.007531041,0.000160216,0.000484515,0.000646929
6022,4.398629431,0.000362393,3.851881494,0.002753435,0.000452746,0.000705837,0.001433519
6023,4.886268704,0.001799601,2.495053121,0.009314993,0.000566564,0.00018679,0.002283826
6024,4.027662649,0.003300089,2.307751793,0.001680076,0.000282095,0.000284592,0.001927504
6025,2.584230544,0.002601556,0.213033711,0.00085104,0.000689458,0.000108704,0.001482478
6026,3.713512943,0.004514911,0.859891779,0.004815715,0.000745601,0.000671937,0.001943218
6027,4.073361608,0.006993366,3.968089936,0.007920256,0.00042333,4.64761E-05,0.002569353
6028,3.135450576,0.006010226,2.493101535,0.004340594,0.000429726,0.000627298,0.00239244
6029,3.610183829,0.007104091,0.618237152,0.004188423,0.000216006,3.67524E-05,0.001476423
6030,4.529412849,0.00706061,3.925929268,0.002234232,0.000380521,0.000539971,0.001432288
6031,4.554782299,0.009462847,1.663229955,0.000647516,0.000276493,0.000528582,0.001816355
6032,3.49542441,0.008753746,0.827074966,0.001063593,0.000549268,0.000491348,0.00077985
6033,4.373035341,0.00479819,0.805877408,0.001604288,0.000882922,0.00083424,0.00144205
6034,2.940783725,0.008014135,2.679186376,0.003361379,0.000447583,0.000758686,0.000729145
6035,3.12446421,0.009246251,3.080005475,0.002321305,0.000515075,0.000835666,0.000804581
6036,2.65833219,0.002285362,1.983853383,0.000279949,0.000702985,6.81533E-05,0.002754101
6037,4.042105495,0.008350526,3.821244966,0.004336118,0.00068129,0.00023626,0.001466169
6038,2.975617751,0.000986689,3.810565996,0.001322236,0.000998053,0.000416766,0.002653676
6039,2.923958447,6.75061E-05,2.023069419,0.001188126,0.000811191,0.000340522,0.002224163
6040,3.754316586,0.008295104,2.272593085,0.001052571,0.000454884,9.3118E-05,0.001572472
6041,4.105977173,0.006874947,1.5649463,0.002558203,0.000128907,0.000638339,0.002263519
6042,2.549467094,0.009702888,3.999645291,0.005815053,0.000821669,0.000154494,0.002554003
6043,3.753352708,0.003314607,1.84050691,0.00184666,0.000206953,0.000402581,0.002300505
6044,2.958846231,0.007797794,0.964660356,0.007192641,0.000470549,0.000606792,0.002425629
6045,4.997251438,0.00192124,2.227730876,0.005927352,0.000180772,0.000910985,0.001093255
6046,4.260525899,0.009519705,2.633541377,0.006640943,0.000104356,0.000956107,4.37256E-07
6047,4.511535505,0.005248548,0.167798456,0.000865842,0.000334183,0.000393093,0.002395895
6048,4.452061963,0.00035756,2.068494283,0.002545052,9.86671E-05,0.000931289,0.000221898
6049,3.288789017,0.007263522,1.712896456,0.007009469,0.000534076,0.000136046,0.002972601
6050,3.852898095,0.003640697,2.189032683,0.000624315,0.000628868,0.000166304,0.002053724
6051,3.417280509,0.00542859,0.714229306,0.009026036,8.89649E-05,0.000267425,0.002743567
6052,3.127747864,0.003611823,0.82056336,0.005798415,0.000883946,1.58059E-05,0.001049355
6053,4.845345972,0.003307346,3.828845227,0.005738965,0.000202942,0.000479072,0.002921344
6054,3.927083796,0.006920312,0.040109533,0.006880484,0.000909692,0.000640141,0.000969221
6055,4.523981972,0.009610893,3.345232147,0.004451514,0.000384301,0.000781929,0.00044232
6056,4.449019265,0.005319688,1.20487787,0.003077908,1.45522E-05,0.000533449,0.002528452
6057,2.72258212,0.00409524,0.810628195,0.006576775,0.000591761,0.000857901,0.000197655
6058,4.548280343,0.002606477,3.482773872,0.004505079,0.000672845,0.0005685,0.000220084
6059,3.578381733,0.009742142,0.924144276,0.003600878,0.000390725,0.000815939,0.000273555
6060,4.54314379,0.000722176,1.62838912,0.009681527,0.000822272,0.000682194,0.002560967
6061,4.796563682,0.004101012,0.300712071,0.002691474,0.000512916,0.000156898,0.001034311
6062,3.063651885,0.005470673,0.062429968,0.007517114,0.00050867,0.000805761,0.001266273
6063,3.6223613,0.002546235,2.568644078,0.009708478,0.000716147,0.000974352,0.002189032
6064,3.232545828,0.008683044,0.085544898,0.006898482,0.000804675,1.09803E-05,0.000509606
6065,4.499997823,0.003901793,3.28259859,0.006568968,0.000996833,0.000815276,0.001295174
6066,4.211022439,0.006590645,1.22082039,0.006415793,0.000640089,0.00085479,0.001403051
6067,3.87897982,0.004820938,2.16356238,0.006588309,0.000535709,0.00029819,0.002512143
6068,2.547454152,0.008891204,1.711681208,0.001535023,0.000299459,0.000602049,0.000677674
6069,4.742163998,0.009125216,1.553991263,0.004360836,0.000296131,0.000997498,0.001595686
6070,3.077750596,0.007312941,0.582222721,0.004327271,0.000377639,0.000100277,0.000561243
6071,3.415277822,0.008170155,3.754291877,0.001817432,0.000218984,0.000246649,0.001041812
6072,4.518563549,0.006251088,2.332878968,0.003873172,0.000206532,0.000664295,7.27159E-05
6073,4.636975664,0.001358827,0.188399269,0.004154626,0.00066781,0.000527721,0.002166447
6074,2.617286276,0.00028949,1.296498259,0.007288568,0.000531431,0.000776706,0.001662708
6075,3.475330897,0.008996953,2.880756647,0.001914991,0.000874472,0.000141626,0.000542302
6076,3.413984168,0.004155713,0.893178546,0.008532381,0.000899128,0.000736176,0.000787804
6077,4.064550028,0.00422449,0.914736585,7.01756E-05,0.000685459,0.000506456,0.001866683
6078,3.998556639,0.006316329,0.494606253,0.005249712,0.000419275,4.34536E-05,0.002615052
6079,3.052798186,0.00724944,3.044020799,0.000355996,0.000282485,6.18169E-05,0.002608239
6080,3.841484394,0.009670377,2.591820188,0.005242116,0.000281982,0.000453831,0.002069455
6081,3.647054883,0.000519165,0.830631265,0.00675924,0.000524346,0.000285866,0.002649972
6082,2.635403094,0.006827362,0.513065275,0.004332732,0.000423778,5.57202E-05,0.00120452
6083,4.674186555,0.000850274,1.625186159,0.002034859,0.000655074,4.94102E-05,0.001026199
6084,3.712773014,0.004994126,1.983816646,0.006019116,0.000597707,0.000268388,0.00207385
6085,3.791162501,1.40773E-05,2.903699744,0.008365672,0.000200413,0.000253286,0.002738206
6086,2.870727017,0.009785738,3.793682458,0.003327403,8.3665E-05,0.000682766,0.000550041
6087,4.728027627,0.008437931,3.934695563,0.009766727,0.00056303,0.00070616,0.001308189
6088,4.905541211,0.000862639,2.898569009,0.009407859,0.000553146,0.000815501,0.001634863
6089,4.466675781,0.005317914,3.271316287,0.009557652,0.000103265,0.000293411,0.002291045
6090,4.698305145,0.002003564,3.849078126,0.009978709,0.000419646,0.000811606,0.000910539
6091,3.380654541,0.008295834,0.941217343,0.00653723,0.000169001,0.000162011,0.002116092
6092,2.586281977,0.003025765,1.56760114,0.004492168,8.68506E-05,0.00097681,0.001456718
6093,4.87921664,0.003880722,1.361624112,0.000477229,0.000263276,0.000464994,0.001472142
6094,3.4993816,0.006669259,2.347951799,0.008163143,0.00094066,0.000451503,0.001628703
6095,2.763828788,0.001391017,2.836216264,0.007032471,0.000531987,0.000924,0.002656559
6096,2.50083271,0.006955078,1.44159598,0.007521604,0.000512973,0.000375192,0.002031495
6097,4.213417164,0.008124508,1.321115998,0.000127503,0.000640746,0.000425042,0.00107577
6098,3.072074422,0.007887292,2.36753329,0.000143012,0.000499285,0.000175826,0.000929676
6099,3.702125158,0.007496537,0.3040604,0.009069379,0.000779296,0.000147898,0.002052527
6100,2.741431119,0.000184946,1.471239326,0.002495917,0.000206861,0.000531172,0.000371938
6101,3.767623089,0.007413986,3.731720659,0.00151547,0.000767797,0.000825369,8.14627E-05
6102,2.868996201,0.008256043,3.730889199,0.007578023,0.000100471,0.000324171,0.001877925
6103,2.877634782,0.005008816,1.302041667,0.006071716,0.000906733,0.000423231,0.00252439
6104,3.386933699,0.003019511,2.73253519,0.007226246,0.000998795,0.000906863,0.000998047
6105,4.411912187,0.006719711,0.184146929,0.00099558,0.000968953,8.3112E-05,0.002677937
6106,4.627924587,0.002999262,2.289193375,0.001245231,0.000760379,0.000304122,0.000136699
6107,4.858849978,0.001290527,1.844529912,0.003791565,0.000800527,0.000980792,0.000699475
6108,3.82200614,0.004568831,2.97594959,0.006877117,0.000475069,0.000807409,0.001047604
6109,4.159979621,0.003600397,2.136806624,0.006601507,0.000949941,0.000365636,0.000788671
6110,4.550509424,0.003369015,1.454334093,0.008098354,0.000924674,0.00089927,0.000894808
6111,4.246275423,0.006829752,2.686439288,0.002718696,0.000978498,0.000828163,0.002424715
6112,4.403172645,0.002076646,1.923292307,0.002809044,0.000960882,0.00063105,0.00249752
6113,3.580404114,0.008924452,3.085772556,0.004082448,0.000842969,0.000353421,0.002188335
6114,2.972313845,0.003140165,3.022137705,0.00526181,0.000478668,0.000158874,0.002063531
6115,4.563898169,7.36197E-06,1.677077356,0.008419066,0.000176583,0.000563621,0.001106251
6116,3.173277906,0.004838714,1.721824185,0.005220768,0.000333572,0.000340877,0.002221487
6117,4.708365488,0.003684558,1.375352804,0.003508787,0.000755117,0.000925508,0.000754146
6118,2.62757576,0.000963923,2.213201267,0.000895885,0.000667378,0.000664144,0.00133817
6119,4.638437999,0.002231923,3.759058882,0.00672423,0.000375061,0.000769212,0.001602195
6120,4.204707915,0.000555913,0.597506594,0.005228756,0.000428137,0.000213654,0.002860321
6121,4.792667674,0.006360541,1.896202509,0.002300558,1.43108E-05,0.000710362,0.000148793
6122,4.881123368,0.005128424,3.156521165,0.007812369,0.000294843,0.000247361,0.001977815
6123,4.30670504,0.009751058,1.016004972,0.002608269,0.00025762,0.000408345,0.002484398
6124,4.875943961,0.001458195,1.916085943,0.000828832,0.000320675,0.000927837,0.001011773
6125,3.359618309,0.005090175,2.304292663,0.004374794,9.96337E-05,0.000974867,0.002577112
6126,4.92229402,0.004229757,1.817618409,0.001603358,0.000399903,0.000769433,0.001353603
6127,3.73035237,0.002859805,1.569593342,0.000922202,0.000924126,0.000263105,0.001681903
6128,2.937409739,8.42088E-05,2.671448576,0.007672692,0.000849659,7.09365E-05,0.000307403
6129,2.969230037,0.004242727,2.237388954,0.00720943,0.000461007,0.0001976,0.001691806
6130,4.501096666,0.001700864,3.819842136,0.002011226,0.000535249,0.000418287,0.001016379
6131,3.65417968,0.00246202,2.803692008,0.00469809,0.000259069,0.00076455,0.00170659
6132,3.644466022,0.008643921,0.299160534,0.00723866,0.000494634,0.00022684,0.002463552
6133,3.015638843,0.002311388,3.697204314,0.006854287,0.000569058,0.000356172,0.001634793
6134,3.205865177,0.000504403,3.313981685,0.001429944,6.18659E-05,0.000651168,0.001085798
6135,3.511967308,0.006230736,0.911445087,0.004129691,0.000412885,0.000962638,0.001113465
6136,2.689054839,0.000561761,0.553288085,0.007735917,0.000258081,0.000953604,0.002765335
6137,4.92613353,0.007651432,2.721904857,0.00012305,0.000204822,0.000873619,0.001098611
6138,3.517595801,0.00527215,0.738624163,0.00876583,0.000751106,0.000471443,0.000311707
6139,3.277878926,0.00230471,2.08327162,0.000944546,0.000195429,0.000193418,0.002566216
6140,4.122901067,0.009570672,1.943511756,0.003957271,0.000422389,0.000261556,0.000723271
6141,3.14272211,0.005140305,1.606661829,0.009565368,4.35423E-05,0.000366185,0.002029737
6142,4.916397661,0.008095924,1.986553861,0.008132406,0.000175786,0.000176742,0.00064122
6143,3.299501061,0.004372815,3.757723172,0.007998553,7.5574E-05,0.000946931,0.000635401
6144,3.93981075,7.68701E-05,1.669303326,0.000617346,0.000840812,0.0004868,0.000419696
6145,4.247770263,0.003509788,0.801177297,0.009938835,0.000794389,4.38724E-05,0.002376958
6146,4.145057989,0.006556009,1.913558564,0.006576459,0.00027572,0.000838866,0.000348634
6147,3.382061727,0.007569452,2.347488216,0.009505092,0.000721517,0.000590953,0.001714298
6148,2.573070432,0.005935816,3.838875017,0.008023577,2.09282E-05,0.000984009,0.002686101
6149,3.065838108,0.002286251,0.322354267,0.008373554,0.000641714,0.000854995,0.000724504
6150,4.709910279,0.008213972,2.255278708,0.000904738,0.000405464,5.62202E-05,0.000870562
6151,3.18715665,0.003865328,0.823783038,0.00372656,0.000567281,0.000929781,0.001932372
6152,2.907372535,0.009212099,3.77162072,0.005641784,0.000176966,0.000460016,0.001850521
6153,3.622257204,0.005341773,1.067749357,0.002714283,0.000450179,0.000994418,0.001369888
6154,4.362625737,0.009260225,1.975397744,0.004954108,1.45271E-05,0.000876714,6.65947E-05
6155,3.575038067,0.009304141,3.769570913,0.001170671,0.000563503,0.000472468,0.000872452
6156,4.244123103,0.005480999,0.309026646,0.003639212,0.000234947,0.000937201,0.00290086
6157,3.124713359,0.006807209,3.565472232,0.002145022,0.000686874,0.000328445,0.000294034
6158,3.483092587,0.007643433,2.393276359,0.004397422,0.000137639,0.000102588,0.00281488
6159,4.007760621,0.007149481,0.858356179,0.008493351,0.000651839,0.000802335,0.002526255
6160,2.5040552,0.000595632,3.760288878,0.008524497,0.000354946,0.000149087,0.002662806
6161,3.023642287,0.005170066,0.040100189,0.004124436,0.000496723,0.000690913,0.000863804
6162,4.931186575,0.004668298,0.791522603,0.004481347,0.000794978,0.000632169,0.000168017
6163,3.475228724,0.007237813,2.646600811,0.003154497,0.000942368,0.000125436,0.002268366
6164,4.978737517,0.00556478,3.444417907,0.006076509,0.000792381,0.000747752,0.001297952
6165,3.406431209,0.005506838,3.499152216,0.00822722,0.000263794,0.000694592,9.33867E-05
6166,2.821174908,0.00952582,3.66977304,0.005287237,2.93064E-05,0.000486909,0.000686677
6167,4.722395544,0.006453869,3.329414481,0.006549154,0.00057847,0.000602698,0.001043989
6168,2.766433863,0.000427181,1.365241491,0.001199832,0.000227052,0.000592853,0.001276761
6169,4.545850928,0.006809896,0.71139607,0.002671822,0.000611258,0.000312844,0.000619303
6170,2.7690885,0.006145402,3.824435849,0.003797816,0.000364593,5.9821E-05,0.000513636
6171,2.982807031,0.001838798,1.812952948,0.000315043,0.0005756,0.0009554,0.000864827
6172,3.390538262,0.001600736,3.45759035,0.007991017,0.000779653,3.28608E-06,0.000956209
6173,3.301611601,0.003945601,3.645634305,0.006375077,0.000796915,0.000838777,0.000697232
6174,2.93246501,0.007646971,2.350287797,0.006586847,0.000569073,0.000249128,0.000578341
6175,4.539226359,0.000733649,0.303280481,0.002458281,0.000320059,0.000557975,0.001678463
6176,2.530900133,0.000463478,1.812995793,0.007057176,0.000152995,0.000842449,0.001038133
6177,4.746685272,0.00874058,3.4307959,0.003340474,0.000559425,0.000546086,0.000726095
6178,3.942893177,0.00064651,1.375646124,0.008190854,0.000172845,4.35339E-05,0.00064853
6179,3.326078193,1.10814E-05,1.668912446,0.008937599,0.000300447,0.000801575,0.000991414
6180,4.747752624,0.007528904,0.801424332,0.000376935,0.000541142,0.00097906,0.001760236
6181,2.692299694,0.006894404,2.070358154,0.002236578,0.000873395,0.000433029,0.002784077
6182,2.906894125,0.002236957,1.823311151,0.006086975,0.000440626,8.2576E-05,0.000346834
6183,2.66359627,0.00134995,1.674634502,6.20943E-05,0.000212778,6.53428E-05,0.000513348
6184,3.780094245,0.001646723,1.889996579,0.005059497,0.000812146,0.00090552,0.00087986
6185,3.860977154,0.007067704,1.371491679,0.000440963,0.000180641,0.000797163,0.002375518
6186,2.51158652,0.009588136,2.498940856,0.006117909,0.000661204,0.000743651,0.000133215
6187,3.584274139,0.003332534,2.238976074,0.000615682,0.000979308,0.00067101,0.002740404
6188,2.895609387,0.004402074,0.579835369,0.000803015,5.44584E-05,0.000256494,0.000596716
6189,4.238027138,0.001585945,0.810205238,0.004049817,0.000668399,0.000587725,0.000880545
6190,3.209266002,0.00184203,1.491125157,0.000611097,0.000795265,0.000352817,0.001711907
6191,3.658330931,0.001940111,0.086254398,0.001400216,0.000160955,3.99623E-05,0.002191322
6192,3.382965916,0.001423595,0.556296101,0.00766269,0.000998884,0.000889805,0.000369471
6193,3.58596718,0.003465694,1.427152264,0.004458723,0.000133316,0.000523199,0.002813721
6194,4.210250958,0.006178178,2.349338391,0.000209556,0.000747431,4.42176E-05,0.000277114
6195,3.944628789,0.005136889,3.246171413,0.005891484,0.000522875,0.000386314,0.002697483
6196,4.017814972,0.003419124,2.749654925,0.00651381,0.00038818,0.000172413,0.001634573
6197,4.744691495,0.008525676,0.248231275,0.004165549,0.000384241,0.000731268,0.001938924
6198,4.679780746,0.00069838,0.091265386,0.00622373,0.000879084,0.000366491,0.002098337
6199,4.44001347,0.001804082,2.705263037,0.007103397,0.000944532,0.000550832,0.000311771
6200,3.794449761,0.002860106,2.642461874,0.002360866,0.000325325,0.000123228,0.0021884
6201,4.024362007,0.008826557,1.050717914,0.002978699,0.000823546,4.5724E-05,0.000982199
6202,2.705689474,0.001735429,3.024243872,0.005626097,0.000672106,0.000648627,0.001642036
6203,4.508471905,0.008808094,3.574853219,0.006757583,0.000418129,0.000139455,0.001563131
6204,2.784643026,0.008095937,0.294494433,0.009674753,0.000326541,0.00084685,0.001669662
6205,4.813589595,0.008671233,0.771266438,0.007048956,0.000604467,2.14375E-05,0.002429147
6206,3.475203248,0.002701716,3.526926448,0.006009689,8.53749E-05,4.82332E-05,0.0005957
6207,2.632727014,2.35032E-05,3.308072757,0.001015349,0.000778047,0.000836286,0.002411063
6208,3.849982121,0.005355969,0.189257717,0.006629828,0.000905193,0.000539462,2.98224E-06
6209,3.782721896,0.003693542,3.453276202,0.003512082,0.000247736,0.000533353,0.000923317
6210,3.389732869,0.003128188,3.198162888,0.002370498,0.000315917,0.000629862,0.000880572
6211,2.767583282,0.005441443,1.25769119,0.003271697,0.000586011,0.000422293,0.00205339
6212,4.573954732,0.001942297,3.61650449,0.008273202,0.000858546,0.000672266,5.89751E-05
6213,4.251406086,0.001897971,2.069995607,0.006475875,0.000698452,0.000368757,0.001350489
6214,3.825667265,0.00052447,0.750156025,0.002148362,0.00051879,0.000888913,0.001191033
6215,4.309621914,0.001268224,0.336070059,0.004108585,0.000180657,0.000447445,6.25102E-05
6216,3.160224192,0.00739924,0.684888618,0.009634984,0.000629703,0.000916293,0.002710919
6217,4.519683766,4.64583E-05,0.294171272,0.001311002,0.000402726,0.00070746,0.0028757
6218,3.64010288,0.008498939,2.163527878,0.007123685,0.000417497,0.000874053,0.000552757
6219,4.327623266,0.003700603,2.865208118,0.000541379,8.73036E-06,0.000968964,0.001182871
6220,4.854190884,0.009168199,1.391136628,0.006506038,0.000431984,0.000942004,0.000788786
6221,4.60555562,0.002083919,3.549289261,0.000897945,0.000730951,0.000580647,0.000214623
6222,4.434059094,0.00437965,3.796231195,0.00589241,0.000441584,0.000321172,0.001473501
6223,2.712875602,0.001499524,0.659455341,0.000229831,0.000382877,0.000197276,4.19728E-06
6224,4.933731669,0.008633537,0.026608432,0.006350115,0.000933818,0.00063326,0.001412538
6225,2.651555423,0.002922816,2.166643173,0.008373966,0.000123212,8.0365E-05,0.002088175
6226,4.88658789,0.005817442,3.809387109,0.002403149,0.000239567,0.00046516,0.001537883
6227,4.431228402,0.004914028,1.565298795,0.003479045,0.00076555,0.000156655,0.001409856
6228,3.722355157,0.003020047,3.807137678,0.006263378,0.000831009,0.00052706,0.002805135
6229,2.686200579,0.005281546,1.519550714,0.001777784,0.000713,0.000769043,0.001226013
6230,4.551098515,0.000969277,1.979420115,0.00071886,0.000616403,0.000503309,0.001014104
6231,2.976975192,0.002778257,2.87632759,0.002087639,0.000460703,0.00046318,0.002657655
6232,2.997435124,0.000166039,0.775711172,0.008674451,6.4695E-05,0.00092225,7.85614E-05
6233,2.766277293,0.005194981,3.892279093,0.00293411,0.00082792,0.0004852,0.000998084
6234,4.823523125,0.005969833,1.134745849,0.005925503,0.000359302,0.00094758,0.002632167
6235,4.197925231,0.003886235,1.438475563,0.000855004,0.000747551,0.000803157,0.002467393
6236,2.967151772,0.00233363,2.633052363,0.003653994,0.000246804,0.000965107,0.002695964
6237,4.341166188,0.001093336,3.029826619,0.00331437,0.000692561,0.000758939,6.57219E-05
6238,3.613494994,0.002558555,3.620415918,0.004396751,0.000881369,0.000473127,0.002581967
6239,4.37519423,0.007571657,0.749033525,0.00857394,0.00014427,9.46971E-05,0.002813362
6240,2.781913991,0.002296954,1.209122081,0.006717412,0.000739598,0.000809207,0.002627057
6241,2.582677824,0.004658596,3.885741457,0.001844831,0.000883768,0.000180292,0.001162865
6242,3.601119746,0.001590114,0.701160516,0.004916153,0.000150352,0.000900677,0.00277883
6243,4.084988508,0.003168673,0.710255133,0.007417918,0.000169593,0.000548909,1.94088E-05
6244,4.347547439,0.008410359,3.675767128,0.002076726,0.000616716,0.00024089,0.000355346
6245,4.814493811,0.007010325,1.062972764,0.004951496,0.000722203,0.000771818,0.000531476
6246,4.161942475,0.007894183,2.365950681,0.008645661,0.000608584,0.000491265,0.002384531
6247,4.65747803,0.001480944,2.986229221,0.000501742,0.000334808,0.000597922,0.001405197
6248,4.126768679,0.008405221,1.816143498,0.00743623,0.000814117,0.00054974,0.002919071
6249,3.919414286,0.009681942,3.732207948,0.003901014,0.000554336,0.000822861,0.001175685
6250,4.79346413,0.008447672,1.331881045,0.007225012,0.000350853,0.000595309,0.002750419
6251,2.978954894,0.003453405,3.072341121,0.0034636,0.000877103,0.000594733,0.001125916
6252,2.648624109,0.003441773,1.365952616,0.002115871,0.000707719,0.000936877,0.002632289
6253,3.699134582,0.001408199,2.202382267,0.000917505,0.000796034,0.000823165,0.001093653
6254,4.506270774,0.002036336,2.070274329,0.0086635,0.000720351,0.000747438,0.002676709
6255,4.471870661,0.009640128,0.014135134,0.002247501,0.000268769,0.000962383,0.000447931
6256,4.38591378,0.004263339,2.960451471,0.00772475,2.65448E-05,0.000956166,0.00173249
6257,3.644027707,0.004207523,3.048747675,0.001512894,0.000348303,0.000850867,0.002529507
6258,3.516689698,0.007292951,0.113640453,0.004800683,0.000359466,0.000312889,0.000744492
6259,4.405382329,0.001377781,1.835227552,0.007312704,0.00013389,0.000689782,0.000144973
6260,4.325722898,0.001234199,1.598638195,0.003745851,0.000698616,0.00015405,0.002028559
6261,3.093704314,0.002002393,1.098969147,0.005878317,0.000210854,0.000110992,0.002520032
6262,4.541637345,0.009549149,2.95536165,0.002354573,0.000810304,0.000586404,5.87306E-05
6263,4.918451739,0.008998099,1.007099582,0.000121876,0.000831202,0.000460485,0.002212592
6264,3.662296353,0.003534881,2.274518701,0.001960356,0.000846104,0.00013377,0.001797013
6265,3.280783815,0.001019383,2.481561222,0.001260359,0.000553216,0.000143829,0.002428578
6266,4.018676651,0.000220806,3.080432086,0.0005199,0.000379004,0.000100488,0.000466766
6267,2.863704758,0.001342479,3.256395489,0.008779655,0.000148069,0.000160634,0.001203018
6268,3.894628015,0.004456249,2.258473212,0.007003752,0.000287233,2.0785E-05,0.000301542
6269,2.965867486,0.008960325,0.517136431,0.004993321,0.000559589,5.22692E-06,9.20588E-05
6270,2.716382221,0.007884828,2.728145686,0.002203081,0.000533545,0.000720766,0.002507086
6271,4.236558839,0.000971453,3.574496372,0.004062869,0.000274098,0.000405645,0.000118279
6272,2.849589969,0.007726977,2.274658056,0.00426625,0.000160142,0.000817047,0.00219345
6273,3.573220433,0.005065589,2.676020325,0.006555602,0.000654059,0.000481087,0.001330594
6274,3.542763836,0.008436389,2.146975937,0.000716879,0.000797117,0.000322393,0.002276932
6275,4.987979511,0.009787728,2.043489778,0.004573323,0.000542272,0.000855745,0.001948774
6276,3.569585909,0.005850206,1.2009253,0.002652283,0.000100724,0.00040778,0.001590912
6277,4.127371813,0.005749525,0.424369687,0.006607753,0.00092747,4.28405E-05,0.001364792
6278,2.941554136,0.007152208,2.262864906,0.00697599,0.000500747,0.000221202,0.001700265
6279,4.598553705,0.00875929,2.049852435,0.000711746,0.000465712,0.000992651,0.000275911
6280,2.947842946,0.00510588,2.254993515,0.003438333,0.000718789,5.29928E-05,0.000317832
6281,3.059208203,0.003378265,0.84559869,0.000922053,0.000869752,0.000378291,0.000820075
6282,4.202056444,0.004801431,2.738395633,0.008010468,0.000950644,0.000407959,0.002400263
6283,2.754900633,0.003024405,0.326037598,0.000619923,0.00042001,0.000686367,0.000672216
6284,3.983330725,0.008814982,2.641551502,0.002319558,0.000465802,0.000771148,0.001012764
6285,4.075054524,0.007171046,2.762278164,0.005575619,0.000597841,0.000201705,0.000934655
6286,4.689940686,0.001476179,3.961219421,0.006446192,0.000328515,0.000501527,0.002112436
6287,3.002739696,0.000981655,2.823038453,0.002062579,0.000748404,0.000457609,0.001070418
6288,3.617186685,0.000182067,0.270564146,0.002060788,0.00044261,3.54724E-05,0.001383324
6289,4.481744746,0.008837282,1.151456592,0.00625561,0.000869054,0.000719852,0.000131878
6290,3.713227276,0.003113948,2.539947608,0.006343925,0.000130028,3.30078E-06,0.000801217
6291,4.42305588,0.007950841,0.984540235,0.007029437,0.000694319,0.000264878,0.001954887
6292,3.842079764,0.003225684,3.444722844,0.000834527,0.000545456,5.92572E-05,0.002203209
6293,4.97332909,0.003943848,0.255472896,0.006928017,0.000291912,0.000391152,0.001964724
6294,3.394980406,0.002237047,0.13298648,0.006568414,0.000166462,0.000293663,0.001191272
6295,4.960992363,0.008692106,2.573523406,0.009080083,0.000868018,0.000920375,0.001906639
6296,2.798037186,0.00981439,0.886164189,0.007596158,0.000732662,0.000680096,0.00292766
6297,4.71315613,0.004174515,2.502071789,0.007679474,0.000266612,0.000750585,0.001736673
6298,4.959155331,0.004396907,1.142364999,0.008001247,0.000861218,0.000246074,0.001530801
6299,3.680310317,0.009039948,0.70687499,0.000453265,0.000761426,8.69441E-05,0.0021721
6300,3.782685873,0.007486327,2.840786224,0.001859862,0.000598456,8.47982E-05,0.001484615
6301,3.766582751,0.001177722,2.215627286,0.007018149,0.000441427,0.000102496,0.000451126
6302,3.037457635,0.00408427,3.274997536,0.008607136,0.000183683,0.000624708,0.002628107
6303,3.271011472,0.003370362,2.107199249,0.001071682,2.98223E-06,0.000338869,0.000472503
6304,3.823095934,0.003163753,3.680718467,0.000739716,0.000820063,0.000222661,0.002751413
6305,3.761110479,0.001850468,1.932814736,0.008705834,0.000835477,0.000297157,0.002469369
6306,3.125427304,0.001053714,3.008689739,0.000220685,0.000792078,0.000700446,0.000307381
6307,4.965794013,0.002229681,3.663181124,0.006567436,0.000357738,0.000290903,0.002301201
6308,4.903541143,0.003451592,3.129980155,0.008991889,0.000880038,3.82421E-05,0.002904333
6309,2.75618496,0.002243173,2.651938592,0.007291686,0.00032399,0.000961338,0.001569591
6310,3.633430607,0.009170537,0.055536451,0.00254588,0.000737372,0.000594388,0.00068678
6311,3.130296331,0.00814765,3.278223227,0.007293244,0.000274452,0.000382421,0.000360895
6312,2.822527397,0.003687587,0.911206994,0.005940652,0.000246566,3.21952E-05,0.002390218
6313,4.272841465,0.008710346,2.703400027,0.00032708,2.41262E-05,8.32446E-05,0.000281785
6314,4.271389142,0.00854494,0.551041491,0.003956975,0.000147728,0.000344371,0.002861789
6315,4.037333687,0.004303613,2.587166998,0.005122596,0.000824814,0.000992634,0.002806831
6316,4.77230988,0.004860182,1.069498462,0.002634459,0.000610815,0.000604849,0.001938918
6317,4.285150783,0.007756937,2.324520872,0.001418536,0.000631605,4.0054E-05,0.00237207
6318,2.950659559,0.001214724,0.816297105,0.002897536,0.000551502,0.000830601,0.001906536
6319,3.802795581,0.009891802,1.438139957,0.006498321,9.80733E-05,0.000874191,0.002691863
6320,3.040110028,0.004111549,2.618038837,0.0013398,4.83703E-05,0.000465073,0.000618586
6321,3.690639566,0.004598494,2.116483039,0.009248753,0.000466825,0.000868263,1.1534E-05
6322,3.95171497,0.007351392,2.365974966,0.006913011,0.000389058,0.00034543,0.00203856
6323,3.157961887,0.003980979,3.631447991,0.006088913,0.00081692,0.000868609,0.002485857
6324,3.220403139,0.001210822,1.246724218,0.003021398,0.000615537,0.000730557,0.001554143
6325,2.579546025,0.006742718,1.521711784,0.002133844,0.000772492,0.000216011,0.000878573
6326,2.709591981,0.002456804,1.039078594,0.000972315,0.000429851,0.000461932,0.000535876
6327,3.437649068,0.009057063,3.079197658,0.00915707,0.00022528,0.000999701,0.001298986
6328,4.545134697,0.007247058,2.17148262,0.003776903,0.000531907,0.000797536,0.002885418
6329,4.177906816,0.003302315,3.793737481,0.00472469,0.000834948,0.000583833,0.000152952
6330,3.637227161,0.004057191,2.501695581,0.003166911,0.000552501,0.000136324,0.000830162
6331,3.698021249,0.009657608,2.941168275,0.00740385,0.000203639,0.000918634,0.000158428
6332,3.674975803,0.002285658,3.65995809,0.008685435,0.00016799,0.000587422,0.000426626
6333,2.756699253,0.003596562,3.363626651,0.004754579,3.16812E-05,0.000158238,0.002690148
6334,2.502160895,0.008299927,1.483485,0.001327519,4.95802E-05,0.000361528,0.002445969
6335,4.749405253,0.000802544,0.232546143,0.003409681,0.000187874,0.000375398,0.002093431
6336,4.139752573,0.004753961,0.108217657,0.009592645,0.000296918,0.000220319,0.000130043
6337,4.197672812,0.004679513,3.051907049,0.000269175,0.000306284,0.000148832,0.002977013
6338,4.312235135,0.006640872,2.287497293,0.005557776,0.000528093,0.00051904,0.002588745
6339,4.337245383,0.002883324,0.019052794,0.004907721,0.000954052,0.000120945,0.001445165
6340,2.703976159,0.005086325,2.514537567,0.000378314,0.000862951,0.000953713,0.002728839
6341,2.952592288,0.006130801,3.877973618,0.000217726,0.000242607,0.000550524,0.000626299
6342,2.57947294,0.004109376,0.666096864,0.001111073,0.000911187,0.000344138,0.000936857
6343,3.621266245,0.000199615,0.635027874,0.00687788,0.000768067,0.000116314,0.001052753
6344,4.250784525,0.000137725,3.770833282,0.002420784,0.000208748,9.07021E-05,0.002514968
6345,2.572221599,0.001543689,0.191555694,0.004025115,0.000945117,0.000190199,0.002526822
6346,4.46985734,0.005083953,3.271757804,0.003953888,0.000628324,0.000452468,0.002269298
6347,3.886026039,0.007745169,0.705487325,0.000166605,2.7657E-05,0.000280162,0.002466226
6348,3.426013025,0.004755614,3.556332503,0.000247569,0.000836842,0.000860109,0.002855722
6349,3.523477515,0.002620612,2.563243812,0.001688486,0.0004331,0.000556972,0.000646419
6350,3.547999667,0.00601126,0.41522773,0.009625591,6.70762E-06,0.000716177,0.001345591
6351,3.061343255,0.004031633,3.832067944,0.008146901,0.000591931,0.000586911,0.00251625
6352,2.818664452,0.002864589,2.503072937,0.008634919,0.000294774,0.000889841,0.00037772
6353,4.831097833,0.002415734,1.656884751,0.000687907,5.64324E-05,0.000406576,0.002753998
6354,3.727616588,0.00632301,2.282012888,0.006144708,0.000341461,0.00039313,0.001591536
6355,2.713032173,0.005399361,0.161552007,0.00021957,0.000387854,0.000418259,0.001789396
6356,2.968801142,0.008749419,3.389574357,0.004640731,0.000872312,0.000484813,0.002743333
6357,3.33317979,0.00983225,1.778254011,0.003428427,0.000399673,0.00026436,0.001413017
6358,4.911138783,0.003585827,3.45234062,0.001352739,0.000860475,5.60067E-05,0.002329881
6359,4.762623893,0.003265432,2.804225214,0.007663144,0.000761606,7.67717E-05,0.000739154
6360,3.481914709,0.002420201,3.660331079,0.003494153,0.000571323,0.000526988,0.000462171
6361,4.377344689,0.003183439,2.790851273,0.009345419,0.000930696,6.50684E-06,0.001414624
6362,4.010249137,0.005999248,3.008793515,0.007535208,0.00079613,0.000538181,0.002866197
6363,2.763890381,0.001702958,3.379515719,0.002046726,0.000465351,0.00069,0.000282932
6364,2.918232597,0.003986694,0.984562357,0.005725618,0.000631471,8.40225E-05,0.002001433
6365,3.726922734,0.00281248,0.708656431,0.005610847,0.000839965,0.000239073,0.000405741
6366,4.815898147,0.002573702,0.668766274,0.000450382,0.000926352,0.000747175,0.002691409
6367,2.553695548,0.002209184,0.369931957,0.004686433,0.000863517,0.000581603,0.000744552
6368,4.543655521,0.006615797,2.384704706,0.001385704,0.000563871,0.000219525,0.002058024
6369,4.404927252,0.006218908,1.541702733,0.009453136,0.000937744,0.000217487,0.000889087
6370,3.45452321,0.004543038,0.224645698,0.00827379,0.000616882,0.000529789,0.001217707
6371,3.854015583,0.008120002,0.239014765,0.008886506,0.000315403,0.000979804,0.000446286
6372,2.874977075,0.003325225,3.035539095,0.000780036,0.000449965,0.00030007,0.002345872
6373,4.256570884,0.00333009,2.015964433,0.003329549,0.00045968,0.000741936,0.000745976
6374,3.847773497,0.007727332,1.580118432,0.008429576,0.000439659,4.46579E-05,0.00025803
6375,3.900100021,0.003870051,1.496156958,0.006110797,0.000875674,0.000916568,0.000622034
6376,4.477730244,0.009345272,3.514528708,0.006614752,0.000251242,8.08469E-05,0.001723402
6377,4.812199586,0.008705128,2.120326066,0.008567167,0.000945798,0.000641786,0.002726973
6378,2.504122132,0.003873037,0.078316093,0.009081441,0.000624784,0.000372433,0.001289217
6379,4.721308027,0.001992314,2.848542411,0.005173394,0.00061767,0.000790565,0.000934951
6380,3.443883877,0.000452698,1.610906248,0.006546685,0.000147309,9.81427E-05,0.001502925
6381,3.373726906,0.006158008,1.330946682,0.009789622,0.000289088,0.000855794,0.002265839
6382,2.749898216,0.00013187,2.286478668,0.004335171,0.000701555,0.000157954,0.002523895
6383,4.763705953,0.003297004,0.035556324,0.002512024,0.00050513,0.000897517,0.002831707
6384,3.671764122,0.007901625,2.046744852,0.007533894,0.000879837,0.000476052,0.002080823
6385,4.79865671,0.009890768,3.879583379,0.00838204,0.000830497,5.85489E-05,0.000810881
6386,3.297322637,0.008856527,2.3569692,0.006026069,0.00033561,0.000794815,0.001927377
6387,4.960923752,0.005558359,3.029956775,0.009229467,0.000205019,0.000490612,0.000812221
6388,2.981839139,0.006106365,1.617877921,0.004437729,0.000308042,0.000340908,0.001434772
6389,2.843565415,0.008652636,3.340276044,0.001345628,0.000981543,0.000856007,0.00285733
6390,3.575481209,0.001184831,3.467060508,0.002085204,0.000694985,0.000758381,0.00011804
6391,3.298292882,0.001168333,2.286141451,0.000316465,0.000518618,0.000605383,0.000741802
6392,3.383485038,0.00716814,1.301896475,0.007792649,0.000388858,0.000681168,0.001161234
6393,4.782628771,0.00629299,1.849377139,0.007719164,0.000293713,0.000517558,0.001609
6394,2.734189874,0.002426625,3.419357762,0.005099385,0.000630553,0.000309421,3.52498E-05
6395,3.040176339,0.008606796,1.22446916,0.004442065,0.000767514,0.000988512,0.000905294
6396,3.495024192,0.003914952,0.380196323,0.001651046,0.000453239,5.90486E-05,0.000667203
6397,4.86950786,0.004224709,3.780481443,0.007736993,0.000799606,0.000143449,0.001132163
6398,3.1425706,0.007431765,3.439256455,0.007337898,0.000387245,0.000990853,0.001649524
6399,4.607196998,0.002524436,1.757794844,0.001108152,0.000697142,0.000990289,8.92212E-05
6400,4.476906321,0.003259201,1.387497765,0.006861235,0.000871479,0.000655251,0.000525449
6401,2.949849034,0.000105205,3.596315976,0.000513526,0.000223033,0.000248269,0.000477554
6402,3.689001106,0.005910489,3.847401952,0.004683049,0.000567887,0.000147849,0.00136151
6403,3.997909523,0.002943967,0.950595314,0.004880169,8.96619E-05,0.000533106,0.001667993
6404,4.710674879,0.00338705,2.817455507,0.004099868,0.000281034,9.49543E-05,0.000500599
6405,4.627180941,0.009964847,2.272495931,0.004317411,0.000955041,0.000727922,0.001133806
6406,3.190826046,0.006104067,2.510079925,0.001311262,0.000918752,0.000332042,0.00123262
6407,3.726226629,0.002921504,3.440753792,0.005544974,0.000630538,0.000342599,0.00051358
6408,4.174567128,0.004321602,1.83195792,0.000674316,0.000991911,0.000949844,0.001863556
6409,3.307177357,0.002842938,1.146840819,0.006590014,0.000397514,0.000968215,0.000544937
6410,4.639853052,0.005709325,1.392344219,0.009898865,0.00048931,0.00032238,0.000121935
6411,2.996082267,4.71876E-05,2.922594858,0.001558696,0.000879773,0.000685185,0.001905495
6412,3.069018827,0.003384735,1.319864465,0.004977057,0.000213922,0.000600217,4.47493E-05
6413,3.421133413,0.004919868,3.288921615,0.003152999,0.00012156,0.000846684,0.002171204
6414,2.80933088,0.005301741,2.528133964,0.006672322,0.00033033,0.00046217,4.69523E-06
6415,3.305879066,0.004860748,1.746938364,0.003361543,0.000375378,0.000912601,0.002850895
6416,3.586690217,0.009493829,3.505426669,0.007881106,0.000446054,0.000960966,0.001588479
6417,3.687832054,0.00867691,1.860366569,0.000174121,0.000101779,0.000786904,0.000846157
6418,4.790842689,0.001616025,1.079084144,0.008313879,0.000653098,0.000987636,0.002780471
6419,2.563537665,0.005307144,2.75641705,0.003683586,0.000340766,0.000556263,0.000388858
6420,2.676310398,0.001801433,1.802664509,0.002194908,0.000494735,8.41564E-05,0.002102847
6421,4.591646026,0.006590022,1.814665304,0.005616606,0.000215474,0.000140128,0.002477938
6422,4.299329617,0.009290197,1.393608969,0.003743642,0.000806518,8.66699E-05,6.51281E-05
6423,2.550329933,0.002714499,1.764292843,0.007896273,0.000227918,3.89401E-05,0.000164976
6424,4.767209809,0.000384573,3.805087359,0.00980255,0.000964432,0.000764108,0.000321485
6425,4.198020523,0.002096417,0.981446495,0.006150091,0.000770829,7.52114E-05,0.000177569
6426,2.767370352,0.006637707,1.229025396,0.006782159,0.000273221,0.000871412,0.002793111
6427,4.176485879,0.007682946,2.451097796,0.000453929,3.28892E-05,0.000482626,0.001314317
6428,2.62752269,0.000430681,3.774241377,0.009628271,0.000173239,0.000671242,0.002984333
6429,4.20626371,3.63587E-05,1.230041458,0.000742822,0.000946575,0.000891516,0.002835773
6430,4.088021122,0.003439403,1.536692611,0.00619124,0.000900884,0.000578007,0.002401089
6431,2.838949899,0.002761598,0.79288677,0.009848292,0.000728282,0.000834344,0.000892999
6432,3.474659432,0.000808898,0.919202935,0.006317473,9.31561E-06,0.00025869,0.000569207
6433,4.112778107,0.000450337,0.812664857,0.007486971,0.000345706,0.000562955,0.002979249
6434,3.82284773,0.006010824,3.890419249,0.007503499,0.000559602,0.000567353,0.000964826
6435,4.422494653,0.005901668,0.886520691,0.001770398,0.000598113,3.49396E-05,0.002190054
6436,3.40409026,0.007153461,0.208264882,0.005438395,0.000932613,0.000991225,0.002442359
6437,3.667221787,0.009257365,1.592647306,0.008424934,0.000952053,0.000904719,0.000859999
6438,3.064496675,0.008110508,0.109656745,0.009700652,0.000901438,0.00043816,0.001097751
6439,4.391323894,0.001654554,3.982582527,0.008457982,0.000329229,0.000277986,0.0006737
6440,3.830309578,0.0071764,3.77834209,0.00855832,0.000518932,0.000629059,0.001324933
6441,2.64731645,0.007918481,0.114651584,0.00462981,0.000217581,0.00057749,0.001492845
6442,3.829271972,0.002601456,3.045774764,0.002354882,0.000243745,0.000504716,0.000773578
6443,4.920156479,0.007191549,3.12607101,0.008509768,0.000220857,0.000415464,0.001347175
6444,4.324384561,0.000373774,2.497888947,0.001500283,0.000479738,0.000680729,0.002610948
6445,2.906484209,0.007857519,2.748029827,0.001672295,6.18694E-05,0.000986822,0.00191551
6446,3.399197611,0.004157479,3.101338054,0.009164698,0.000483611,0.000782876,0.002603532
6447,4.650363942,0.002868572,1.18045068,0.001845664,0.000318185,0.000600698,0.001319113
6448,4.437475534,0.002627271,2.798491832,0.00778457,2.29214E-07,0.000538095,0.001871825
6449,4.772299621,0.000997712,3.85401726,0.002885404,0.000109527,0.000718369,0.001097316
6450,4.860587151,0.002379338,0.303096903,0.001908983,0.000330395,0.000858309,0.001911375
6451,4.042318117,0.002368507,3.243229202,0.009114275,0.000421191,0.000630281,0.002077358
6452,4.071533477,0.009524751,3.372450171,0.001653744,4.98468E-05,0.00094018,0.001709022
6453,3.002056296,0.001573072,0.682832617,0.008102492,0.000776221,0.000500281,0.002851268
6454,4.857008009,0.004783244,2.338948849,0.008674085,0.000998848,0.000301115,0.002683553
6455,3.032655917,0.004695871,1.029140923,0.001575943,0.000242945,0.000670276,0.002239839
6456,3.334606643,0.006944005,2.181803598,0.000913442,0.000599616,0.000512699,0.001386065
6457,3.364195735,0.007379785,2.15653031,0.001159236,0.000800824,0.000152211,0.000115299
6458,3.76224754,0.006469726,1.242608456,0.008921268,5.59156E-05,6.70623E-05,0.002973896
6459,2.999173659,0.008866508,1.264418985,0.002321016,0.000510656,0.000736275,0.000518345
6460,3.001691005,0.001402759,3.474200274,0.00105762,0.000883785,0.00044798,0.001798376
6461,4.181087733,0.002693783,2.658049814,0.007922339,0.00089563,0.000287723,0.001719085
6462,2.596484119,0.003121852,1.405127787,0.008539305,0.000636509,0.000294413,0.002609732
6463,4.050546223,0.006919047,1.419552749,0.001571492,0.000817588,8.4361E-05,0.000157528
6464,2.638795637,0.00164829,3.584309566,0.005687263,0.000398508,0.000781561,0.001108467
6465,4.645547808,0.003741952,2.968078177,0.002965321,0.000217933,0.000637366,0.002313627
6466,4.859052841,0.007862893,2.644490877,0.007596919,0.000855664,0.000819575,0.002560491
6467,3.778672974,0.001497192,2.358128683,0.006005404,0.000932662,0.00054786,0.002787558
6468,3.863978312,0.003754066,0.320930475,0.006540651,0.000723127,0.000794703,0.002121795
6469,3.722745578,0.002420487,3.969641802,0.005170856,0.000750058,0.000125788,0.00174865
6470,4.755386727,0.003604823,0.91803643,0.00265705,0.000536051,0.000219783,0.00038859
6471,4.874507322,0.006234276,0.63371939,0.004549323,9.16492E-05,0.000796638,0.001116158
6472,3.101183652,0.003855055,2.17416521,0.003529789,0.000453021,0.000222536,0.002826738
6473,4.089567886,0.00399198,2.623253284,8.85045E-05,0.000993345,0.000890127,0.001055882
6474,4.123343078,0.007330235,0.011176626,0.009529229,0.000244222,0.000936471,0.000270372
6475,4.388195957,0.004832213,0.281598788,0.004908722,0.000230191,0.000572723,0.001519244
6476,4.929833895,0.006432872,3.361917091,0.009512045,0.000897721,0.000261722,0.002078156
6477,3.698075906,0.006815349,1.640840422,6.32281E-05,0.000826985,0.00026158,0.001455186
6478,4.528918676,0.002133112,1.324452542,0.008985815,0.000221401,0.000689504,0.002594038
6479,4.926142321,0.008622442,2.24863391,0.002692726,0.00095344,7.70178E-05,0.001237533
6480,3.329883505,0.006764703,1.083457212,7.86251E-05,0.000759008,0.000285429,0.000631351
6481,3.546648294,0.009203968,3.449754232,0.00058069,0.000992064,0.000522657,0.002790931
6482,3.394908743,0.009178014,2.16148869,0.004273397,0.000992573,0.000451751,0.002941409
6483,3.609030217,0.004941713,3.621672869,0.000458496,0.000636605,3.39212E-05,0.001922352
6484,4.276009814,0.009021658,2.78072169,0.004556607,0.000661715,0.00095701,0.001435078
6485,4.52383161,0.005640614,1.359857288,0.006770352,0.000702798,0.000190936,0.00177669
6486,2.879742904,0.002905413,0.616479619,0.009085748,0.00040968,0.000265882,0.002839652
6487,4.861132908,0.008520301,3.42769601,0.002570427,0.000635392,0.000231302,0.001975654
6488,4.652998567,0.007786153,3.427239436,0.008017087,0.000940663,0.000721396,0.000696311
6489,3.567615205,0.003796495,0.417740452,0.003090182,0.000981609,0.000461588,0.001807953
6490,3.239315677,0.009239855,1.860044533,0.001526168,0.000135925,0.000205685,0.00214085
6491,4.630399842,0.004047295,3.910186423,0.001622948,0.000934409,0.000663615,0.000108651
6492,4.737692987,0.007101495,3.850722521,0.002554634,3.25274E-05,0.000637902,0.001158298
6493,4.56975956,0.008958448,3.960668671,0.004886413,0.000385212,0.000895155,0.000753578
6494,3.357583875,0.009831606,0.267430724,0.008466662,0.000446708,0.000990694,0.000280686
6495,4.752202406,0.008170468,1.165562738,0.004158787,0.000566268,0.000908396,0.00212525
6496,4.608822513,0.002038203,2.488479576,0.004339532,0.000256117,0.000437675,0.000310347
6497,3.703523759,0.008946562,2.047479032,0.006027256,0.000695134,0.000128033,0.000196458
6498,3.30746749,0.009024182,0.064708344,0.000194089,0.000887637,0.00047945,0.001116073
6499,3.98307618,0.000646456,0.283257953,0.006317614,1.87146E-06,0.000732422,0.002347064
6500,3.762606768,0.001894148,0.475499857,0.004755204,6.57401E-05,0.00040141,0.002755155
6501,4.375657332,0.007322303,2.96244051,0.003979326,0.000853571,0.000108219,0.001489935
6502,4.02068378,0.008313935,0.118713393,0.001196449,0.00026839,0.000866825,0.00284779
6503,3.719283282,0.003922857,1.269359661,0.003159943,8.45949E-05,2.541E-05,0.002954838
6504,3.025137743,0.001268938,3.40588819,0.005968207,0.00099095,0.000612477,0.000163825
6505,4.417292238,0.008491411,2.299323371,0.001408602,0.000575681,0.000728939,0.001267316
6506,3.575343632,0.001749912,0.762562781,0.002516952,0.000812146,0.000256379,0.000460088
6507,3.133121566,0.005848852,1.227840628,0.000171978,7.6025E-05,0.000354928,0.00082299
6508,2.590598392,0.001340647,3.839569476,0.002890791,0.000403474,0.000971001,0.002570782
6509,4.432626453,0.008151788,1.189455125,0.004256719,0.000925193,0.000787201,0.002933659
6510,3.110472613,0.005002238,2.717785487,0.001717139,0.000880812,0.000851397,0.002171586
6511,4.799445261,0.000298611,1.075816911,0.000483529,2.02345E-05,0.000509908,0.002735883
6512,2.602115689,0.009101389,1.678819093,0.004538981,0.000692432,0.000945735,0.002078224
6513,4.036609511,0.0081988,2.968967268,0.008379138,0.000636282,0.000167871,0.000590297
6514,3.353605968,0.003525624,1.516993751,0.008928505,0.000936303,4.09875E-05,0.001882352
6515,3.721724466,0.006441852,3.249304356,0.007209898,0.000253937,8.16375E-05,0.002500529
6516,2.942193454,0.00170656,0.018986065,0.007552654,0.000660967,0.000353116,0.001599412
6517,2.967377623,0.000281615,1.952368839,0.009872527,0.00073621,0.00020551,0.000967939
6518,3.861900859,0.003754235,3.940006295,0.001305446,0.000220563,0.000619308,0.002651856
6519,3.962815187,0.000589983,1.170569137,0.00422477,0.000472125,9.41801E-05,0.001981911
6520,3.310213081,0.002781072,0.741912823,0.008113609,5.55936E-05,0.00059886,0.001168046
6521,3.78920106,0.005856634,2.952390115,0.002198983,0.000150177,0.000156426,0.002613939
6522,2.500911188,0.007778018,1.463462497,0.005273517,2.95814E-05,4.32123E-06,0.002123284
6523,3.817783714,0.002972107,3.046591499,0.004761271,0.000126398,0.000609062,0.000454043
6524,4.486000979,0.004603542,1.034708382,0.000672162,0.000173978,0.00099868,0.002683455
6525,2.86960555,0.000960083,0.786598572,0.009124862,0.000315166,0.00030258,0.00057174
6526,4.393283302,0.001339439,1.525775709,0.001605813,1.14955E-05,0.000725611,0.002574435
6527,3.228993911,0.0079376,0.88296517,0.004750637,0.000932837,0.000385703,0.002549789
6528,2.556052532,0.009586795,3.566586212,0.00431477,0.000950138,0.000677367,0.002084691
6529,2.931980748,0.00087812,3.213198295,0.002648672,5.40135E-05,0.000117053,0.002541925
6530,4.789479261,0.004476237,1.86847421,0.002251883,0.000394097,0.000652216,0.001069692
6531,4.443731242,0.007570835,1.61541273,0.009561179,0.000628703,0.00078932,0.002182149
6532,3.037075023,0.00114507,0.407272236,0.000595273,0.000108342,2.06772E-05,0.001028452
6533,3.200966145,0.008839292,1.77793288,0.002682996,0.000221877,0.000806226,0.001167065
6534,3.411790597,0.009429911,2.221798167,0.007992447,0.00028065,0.000601549,0.000940406
6535,4.994180971,0.005175008,2.934044773,0.00638319,0.000283596,0.000958303,0.001087613
6536,2.797689215,0.003121361,0.404393033,0.008444302,0.000533502,0.000202957,0.001973131
6537,2.70205993,0.005309347,0.612080488,0.001442567,0.000487381,0.000545472,0.002136881
6538,4.118955726,0.00731687,3.29453834,0.004401706,0.000438571,9.66618E-06,0.000244688
6539,3.768474718,0.002598884,2.960055286,0.009624537,7.62671E-05,0.000400164,0.001365545
6540,4.082557995,0.005520331,1.442080519,0.008114106,0.000328571,0.000241158,0.001411673
6541,3.04967828,0.004441741,1.425909876,0.002242488,0.00018775,0.000697411,0.000432167
6542,3.129912741,0.002722132,0.268479248,0.00073062,0.000750221,6.45333E-05,0.002058099
6543,4.040971222,0.001445882,3.954501304,0.00394521,0.000400813,0.000981539,0.000726329
6544,3.803232203,0.001132155,1.723958405,0.006960539,0.000182885,0.00099327,0.00018537
6545,3.298289838,0.006857576,0.009797153,0.006161563,0.000366771,0.000730438,0.002571147
6546,3.538468791,0.009694414,2.080273083,0.005990068,0.000705683,0.000220605,0.001389869
6547,3.237127103,0.005061171,3.018124599,0.002380308,0.000220946,0.00010659,0.002288025
6548,3.213844549,0.004456221,3.076487481,0.003098499,0.00053136,0.000204399,0.001291503
6549,4.733665173,0.005988603,0.478673368,0.009429953,0.000673895,0.000530866,0.00239166
6550,3.534650517,0.002781557,2.986080322,0.00732286,0.000207175,0.000698233,0.001149022
6551,4.193983917,0.00105436,1.398098122,0.00236859,0.000310565,2.82534E-05,0.002543484
6552,2.508543116,0.008600945,1.705562562,0.001913382,0.000832742,0.000435815,0.000367908
6553,4.611822455,0.00678815,1.450762277,0.009388419,0.00070761,0.000253323,0.002572492
6554,3.365759645,0.008313035,1.023369428,0.001837589,8.70632E-05,0.000717338,0.000570204
6555,3.90063853,0.000523277,3.588170653,0.000309906,0.000987619,0.000832545,0.001630446
6556,3.789128509,0.006413589,3.528810704,0.003207721,0.000663394,0.000164215,0.000804793
6557,3.342148154,0.003507309,0.648070524,0.007552937,0.000244857,0.000203506,0.002422161
6558,3.106458824,0.001917689,1.857800409,0.00647267,0.000556889,0.000661883,0.000934404
6559,4.455419874,0.004375558,2.239506935,0.003122439,0.00093339,0.00046279,0.001901345
6560,2.758022875,0.008295465,1.97865298,0.001604596,0.000560799,0.000284847,0.002031194
6561,4.48795945,0.007775985,2.203762987,0.002003964,0.000162329,0.000536046,0.000952676
6562,4.785721522,0.001304766,3.965667844,0.006064009,0.000901745,5.2682E-05,0.002935522
6563,2.767943177,0.007021673,2.722490512,0.009809645,0.000340787,0.000499133,0.0015409
6564,4.429289033,0.006680351,0.74917247,0.004135375,0.000531929,0.00096035,0.000290214
6565,2.834299109,0.000864788,1.851427232,0.001524314,0.000964407,0.000675928,0.002822308
6566,2.845860571,0.000577379,1.850434626,0.00345726,0.000734895,0.000699967,0.002804704
6567,3.00923748,0.003740023,0.736726446,0.008647302,1.46223E-05,0.000402606,0.000598303
6568,2.639112664,0.000673255,2.981396783,0.000454747,0.000188328,0.000901924,0.002747261
6569,4.253959767,0.005615492,3.513595542,0.002313822,0.000773957,0.000915538,0.000268797
6570,2.540870882,0.007698548,2.659356416,0.005972626,0.000696299,0.000187607,0.002083889
6571,3.177091564,0.001686208,1.82412674,0.000500196,0.000101433,0.000502031,0.002133832
6572,4.043132919,0.002820699,2.293581755,0.008581277,0.000206468,0.000246003,0.001865739
6573,4.968593804,7.91749E-05,2.840373435,0.001282028,0.000753281,0.000319568,0.001779344
6574,3.92339671,0.005776337,0.96238544,0.000155463,0.000946139,0.00099691,0.002913537
6575,4.416465786,0.005559535,2.490100495,0.002582997,0.000429919,0.000740215,0.001116503
6576,3.625678877,0.000532411,1.473787119,0.008489871,0.000514406,0.000884594,0.001203686
6577,4.355727407,0.00583697,3.280676139,0.004054339,0.000756138,0.000460262,0.00298222
6578,2.832705297,0.002963997,1.578048835,0.006641096,0.000660875,0.000784109,0.002227731
6579,3.565087817,0.00999455,2.801280756,0.005492331,0.000607393,0.000314701,0.002474686
6580,3.299878936,0.00740338,0.32798725,0.006589218,0.000822727,0.000628168,0.001288973
6581,3.738133051,0.003063858,3.404893528,0.006524355,0.000515209,3.31468E-05,0.00148244
6582,4.185941433,0.004538931,2.004574109,0.002417904,0.00062359,0.000389937,0.002460442
6583,3.667074959,7.42938E-05,3.120032354,0.006048094,0.000903195,0.000574473,0.000619916
6584,2.946050836,0.002079559,0.873911525,0.006291956,0.000918554,0.000408435,0.00166997
6585,4.871043321,0.005626631,3.455948806,5.90687E-05,0.000213184,0.000757132,0.002606422
6586,3.076736321,0.003890899,1.753607174,0.000746896,0.000558933,0.000686987,0.000350225
6587,4.666363067,0.009775124,3.57341778,0.006947958,0.00086936,0.000650193,0.000351695
6588,3.012293881,0.004749904,3.448671965,0.00275669,0.000393175,0.000306411,0.001186829
6589,3.622939621,0.003364789,2.179122221,0.009670659,0.000959094,0.000477165,0.002594087
6590,2.738094829,0.009180877,0.881616279,0.008695696,0.00053911,0.000102381,0.000806686
6591,4.337952138,0.003952241,0.979368474,0.006233981,0.000788361,0.000213335,0.000604608
6592,3.111486176,0.002456006,3.007869243,0.007352084,0.000729489,0.000456962,0.001620496
6593,3.175545009,0.006136037,0.464368682,0.009210777,0.000728724,0.000808454,0.002767503
6594,3.54091238,0.003352022,1.431598954,0.003823794,0.000488474,8.32103E-05,0.000658863
6595,3.662547588,0.00704107,0.283414706,0.000857754,0.000413261,0.000238463,0.002366243
6596,3.185104969,0.006703453,1.627715231,0.001253935,0.00072785,0.000268727,0.00253049
6597,3.885502397,0.005862972,3.914254898,0.005544931,3.08367E-05,0.000443251,0.000412235
6598,3.578473393,0.002298415,3.619323376,0.008244409,0.00067789,0.000381586,6.64947E-05
6599,4.964044828,0.009909576,1.755726856,0.007432293,4.57619E-05,5.53108E-05,0.001331552
6600,2.536873727,0.00729759,1.386322776,0.005234797,0.000356676,0.000926894,0.000134163
6601,2.970496852,0.003018954,2.75921379,0.006151055,0.000767564,0.000434126,0.001265704
6602,3.570578393,0.007922856,0.132534519,0.008063397,0.000249182,0.000339305,0.001893932
6603,2.698369607,0.007677116,0.914745094,0.007589437,0.000841409,0.000898706,0.000765445
6604,4.288795007,0.002534493,0.787011077,0.005281484,0.000335166,0.000757915,0.002054441
6605,3.393903107,0.001837515,1.290540499,0.002183492,0.000422644,0.000276393,1.36232E-05
6606,4.458103917,0.003647375,0.19674454,0.001962949,0.00093734,0.000404831,0.00093658
6607,3.005907932,0.005608218,2.221693784,0.008918245,0.000311881,0.000406979,0.001026311
6608,3.8725886,0.008397117,2.713393977,0.001528129,0.00085334,0.000127396,0.002060151
6609,3.831498706,0.007612648,2.127415382,0.001837509,0.000607883,0.000447624,7.75407E-05
6610,4.720250545,0.001668956,3.730533662,0.005355912,0.000742174,8.99661E-05,0.001554262
6611,3.570860566,0.002446429,0.825162345,0.005593027,0.0003236,0.000742147,0.001688161
6612,3.359395436,0.004391421,2.830790321,0.007214233,0.000832714,0.000141439,0.002220299
6613,3.382353731,0.002126613,1.224010803,0.000606216,0.000723321,0.000994968,0.002404607
6614,4.20582137,0.007669059,2.933791272,0.000467589,0.00011827,0.00060036,0.000805354
6615,4.088926273,0.007817235,0.813772121,0.0036009,0.000530217,0.000734113,0.002432875
6616,3.997421399,0.003271477,3.458890688,0.008403261,0.000925006,7.38447E-05,0.001809042
6617,2.818138312,0.008267467,1.789517632,0.0040215,0.00017533,0.000824459,0.001482024
6618,3.457085445,0.00914204,2.323712757,0.000301264,0.000611268,0.00070869,0.002640216
6619,2.558996254,0.00624888,2.34411496,0.005037223,0.000528467,5.25065E-05,0.000657163
6620,2.659583244,0.007163961,3.056022511,0.007443371,7.91461E-06,0.000584071,0.001897403
6621,2.66637092,0.008918274,3.014909298,0.005588611,0.000167801,0.000519041,0.001600888
6622,4.465446285,0.007651967,0.500644766,0.002291274,0.000801166,0.000614005,0.000490144
6623,3.445277303,0.003073319,3.754603624,0.001926569,0.000443593,0.000568298,0.001299822
6624,2.562896038,0.000869101,0.879882449,0.008047304,0.000677368,0.000640325,0.002625568
6625,4.645494985,0.000178349,3.832296632,0.005962443,0.000995911,0.000964367,0.002448409
6626,3.077733004,0.009755511,0.482847293,0.007483874,0.000815176,0.000663167,0.001667541
6627,4.972850062,0.002428531,1.868668921,6.93668E-05,0.000299363,0.000893875,0.001357059
6628,2.527405736,0.0029856,3.656354243,0.004995759,0.000556425,1.0647E-05,0.001950225
6629,4.848951196,0.007974944,2.935035093,0.003453403,0.000136559,0.000247113,0.001975339
6630,4.162370849,0.00865006,3.79465376,0.000994754,0.000518072,0.000773308,0.000648545
6631,4.816726247,0.001938524,3.358551241,0.002441676,0.000524767,0.000407894,0.001719377
6632,3.983210055,0.009743811,0.085080038,0.001658053,1.44133E-05,0.000406624,0.002109879
6633,4.358464642,0.000794225,0.132891902,0.007340352,0.000906983,0.000878892,0.002362151
6634,4.609785838,0.006353024,0.05368804,0.008145974,9.83141E-05,4.67746E-06,0.001096867
6635,4.609023095,0.006471722,0.943514224,0.001103704,0.000799238,0.00033346,0.001202759
6636,3.355310513,0.007178575,3.13742113,0.009356506,0.000769288,0.000674092,0.001153562
6637,3.834546071,0.009052108,3.410422797,0.003170147,0.000428447,7.95005E-06,0.001953466
6638,2.969341477,0.007954849,1.006464122,0.007278944,0.000186523,0.000438562,0.000285259
6639,3.10201816,0.002387857,0.469682415,0.002801406,0.000183286,0.000993225,0.001987215
6640,2.511825016,0.001461081,3.885376303,0.009142125,0.000288425,0.00084261,0.002776306
6641,3.328723976,0.003805939,3.476025107,0.005411573,0.000668544,0.000661096,0.001784029
6642,4.356508659,0.008318191,0.048606176,0.007536947,0.000599072,6.7015E-05,0.001299781
6643,2.690805155,0.009917752,1.456140327,0.006398722,0.000706743,0.000352226,0.001639489
6644,2.712382405,0.006980349,0.365990447,0.009745478,0.000288341,0.000321974,0.002310447
6645,3.765849152,0.004988016,0.000581888,0.003654314,0.000478582,0.000875256,0.00250689
6646,2.744156496,0.008715891,2.18242793,0.00716228,0.0008214,0.000871679,0.002831878
6647,4.894747384,0.00162844,1.543194461,0.00202233,0.000897342,0.000752708,0.002456701
6648,4.547628075,0.008134003,1.218248062,0.006816077,0.000955996,0.000311265,0.001267625
6649,4.69766554,0.001212784,0.08139503,0.008143003,0.000823056,0.000669445,0.002218327
6650,4.340293082,0.00198941,0.012930765,0.007757749,0.000109753,9.65344E-05,0.002160341
6651,2.758668447,0.008729868,1.911278706,0.007008603,0.000861007,0.000831564,0.00227529
6652,4.813238213,0.003717344,0.972464325,0.002966705,0.000815087,0.000164374,0.001392952
6653,4.749398271,0.005585837,1.772837442,0.005665863,0.000990958,0.00018928,0.001551756
6654,3.695352905,0.008783928,0.877665907,0.008101156,0.000265654,0.000566518,0.000537291
6655,4.244256047,0.004869966,1.96977228,0.002392523,0.000617722,0.000768152,0.000862984
6656,3.425370229,0.001253991,2.231062837,0.006405799,6.28407E-05,0.00095519,0.001347279
6657,3.396844058,0.006060623,3.633583459,0.001263745,0.000861758,0.000658987,0.001718684
6658,2.793057598,0.008620312,0.553378947,0.005772355,0.000756512,0.000687733,0.001397344
6659,4.954981242,0.004476761,3.75363792,0.002954506,0.000896978,0.000891658,0.000448404
6660,3.126154995,8.88451E-06,1.625571261,0.005613752,0.000913826,0.000257711,0.000697778
6661,2.804589811,0.007143912,1.925396905,0.009861698,0.000367957,0.000141967,0.000293492
6662,3.017170198,0.00563716,0.267167628,0.001961428,0.000979696,0.000394141,0.00141619
6663,4.562061242,0.009910463,0.241074661,0.005338001,0.000172303,0.000406716,0.002812315
6664,4.378201889,0.008924101,1.380034444,0.008258132,0.000840465,0.000588846,0.00021269
6665,4.693652929,0.000788693,3.376460435,0.000668987,0.000412098,0.000752581,0.001172867
6666,2.779526093,0.002139517,1.260895139,0.003284054,0.000445501,0.000617394,0.002750391
6667,3.970132277,0.005998511,2.712390209,0.008705195,8.57345E-05,2.25448E-05,0.001593287
6668,4.569094837,0.005215857,2.289613073,0.006357217,0.00075984,0.000816486,0.000834997
6669,2.744573779,0.00121557,0.561568627,0.001623432,0.000338381,0.000409968,0.000938652
6670,2.813389493,0.009626232,0.915725023,0.003210785,0.000901598,0.000673851,0.002623062
6671,2.514624743,0.009705414,0.59044417,0.004511331,0.000394354,0.000987673,0.000554088
6672,4.018916134,0.005428128,2.294325151,0.007645451,0.000535775,0.000603185,0.00248142
6673,2.650418938,0.008478082,0.009429207,3.35515E-06,0.0002495,0.000822452,0.001990526
6674,3.725430289,0.007546029,1.342229318,0.007682791,0.000727473,0.000357163,6.99195E-05
6675,4.090954773,0.007407911,0.846746055,0.000915247,0.000173637,0.000601563,0.000863967
6676,3.541093433,0.003682719,2.604748464,0.005182477,0.000521106,0.000887489,0.002975121
6677,3.842145209,0.006526514,0.379116553,0.007774489,0.000772118,0.000126742,0.000690346
6678,4.424325708,0.000572593,0.265948022,0.001221257,0.000469779,0.00045503,0.000747391
6679,4.228039558,0.009477304,2.043004693,0.004724577,0.000813687,0.000342577,0.002457148
6680,3.830942783,0.008309212,3.506923033,0.002766427,0.00093421,0.000582665,0.000269084
6681,2.714484063,0.00754886,3.498553265,0.001833459,0.000110508,0.000674279,0.00080792
6682,3.853691204,0.006391816,3.3212299,0.00047222,7.08193E-05,0.0003876,0.001466313
6683,3.210409489,0.00138335,1.784294034,0.005580472,0.000164573,7.02265E-05,0.000367642
6684,4.613334637,0.009654483,3.728240797,0.004415784,0.000607685,0.000372116,0.001336209
6685,4.960797947,0.005568856,1.119938865,0.000749476,0.000754649,0.000409233,0.000791171
6686,4.837428957,0.007175904,1.710364961,0.00278915,0.000801024,4.97469E-05,0.000424313
6687,4.612081114,0.005710596,1.843332349,0.008069175,3.38316E-05,0.000859859,0.000593312
6688,3.981774602,0.006248136,0.346714925,0.006795528,0.000127742,0.000387547,0.001689675
6689,4.566609983,0.008408529,1.355359611,0.004249815,0.000150366,0.000417476,0.002418842
6690,3.733751259,0.002511368,2.417776449,0.005861793,0.000939169,2.07316E-05,0.00030774
6691,3.005091582,0.008999033,0.794462021,0.009473445,0.000844975,0.000388601,0.002654451
6692,2.560618985,0.003213114,1.346417403,0.004217036,0.000760767,0.000786267,0.001096239
6693,4.35448789,0.009527141,1.088826844,0.002810028,0.000881966,0.000781096,0.001447629
6694,2.87660307,0.004637355,3.298005244,0.001295799,0.000997034,0.00056096,0.001476278
6695,2.807404467,0.009116341,0.99425935,0.004132234,0.000492015,0.000710509,0.000115905
6696,4.980368248,0.007219566,1.883513005,0.000168732,1.57062E-05,0.000794998,0.000668657
6697,4.695662178,0.000893703,3.212400569,0.009335863,0.000206108,0.000744145,3.10597E-05
6698,3.431883666,0.006837805,1.517163943,0.008503577,0.00064253,0.000577171,0.001805969
6699,4.099752913,0.006418039,1.147691083,0.000657162,0.000382999,0.000342081,0.000754487
6700,3.144764528,0.003857337,0.736733748,0.007181298,0.000363162,9.152E-05,0.001610485
6701,2.979740023,0.001770759,0.238484609,0.006909478,0.000340224,0.000780736,0.001937655
6702,4.773461826,0.002402219,2.956464651,0.007857723,0.000317446,0.000731592,0.001955831
6703,4.283929088,0.004427688,1.446223703,0.004891477,2.22988E-05,0.000163313,0.000647933
6704,3.981047971,0.001279759,2.647080078,0.000673041,0.000150268,0.000367367,0.001294984
6705,4.762421717,0.000690074,1.519169411,0.008691786,0.000323311,0.000112815,6.78849E-05
6706,4.196329546,0.003406708,2.748311289,0.00931458,0.000373101,0.000601178,0.002821042
6707,3.090871784,0.009931304,3.129832301,0.009519778,0.000856004,0.000149962,0.002751449
6708,4.477145747,0.008968233,0.154897755,0.004455356,0.000787895,0.000282815,0.001229983
6709,4.424627883,0.005906711,2.799436827,0.007114691,0.000237379,0.000732288,0.002822572
6710,4.798800222,0.00528726,2.917975139,0.003639471,0.000326178,0.000581158,0.000328313
6711,3.460612307,0.003203787,2.300700312,0.003879775,0.000215016,0.000279029,0.000398525
6712,3.229982166,0.007778239,0.141076034,0.000985312,0.000524205,0.00064944,0.000778386
6713,4.361480404,0.006367489,0.286398425,0.001322688,0.000972556,0.000337109,0.000775878
6714,3.025148584,0.003039792,2.449786382,0.004224331,0.000147558,0.000284268,0.002535285
6715,4.040511706,0.002266895,1.413752102,0.005512513,0.000795693,0.00056349,0.000928963
6716,2.722136294,0.004158533,3.223895778,0.006488379,0.000613073,0.000432147,0.002954662
6717,2.921616556,0.008064476,2.261608729,0.000799381,0.000264243,0.000344131,0.001401101
6718,4.252667026,0.001885966,2.704821347,0.002330236,0.000519523,0.000512996,1.45761E-05
6719,3.20916291,0.004001092,0.81402434,0.005901423,0.000499786,0.00034351,0.000920176
6720,3.904542674,0.000557764,1.711185788,0.002396244,0.000280928,0.000565045,0.002122362
6721,4.894436779,0.008137861,3.413011855,0.001845739,0.000943054,0.000251843,0.002432105
6722,4.240603517,0.003351969,2.352323999,0.007000855,0.000822708,0.000553471,0.001356743
6723,4.736269327,0.008144541,2.719057335,0.005652086,0.000733766,0.000399194,0.000258759
6724,2.786512035,0.00652891,0.758643746,0.002065898,0.000107811,0.00010926,0.002047013
6725,4.255895698,0.003165456,0.448569045,0.009845511,0.000167746,0.000453424,0.002787888
6726,4.890143456,0.008719775,1.654428994,0.004815742,0.000448912,0.000452569,0.002472978
6727,4.574225031,0.005361426,0.72266823,0.004464285,0.000820595,0.000510335,0.000580541
6728,3.415813714,0.000292005,2.357446722,0.000575939,0.000573898,0.000468536,0.002029616
6729,2.911564238,0.008820693,1.660714323,0.007699139,0.000242853,4.44154E-07,0.001677359
6730,3.712237565,0.000470414,1.922610011,0.009482471,0.000177039,0.000848464,0.000143954
6731,4.712602414,0.001928604,2.773133165,0.004277215,0.000373044,0.000356229,0.002172077
6732,3.809308514,0.006299967,3.798658207,0.005454418,0.000427494,0.000352587,0.00106669
6733,4.919360635,0.005583545,3.698092594,0.006582146,0.000491756,0.000588769,0.000919801
6734,4.529638178,0.007657111,1.480271066,0.006296559,0.000949649,0.000470923,0.002407199
6735,3.527458938,0.004596387,2.987207054,0.003690298,0.000219486,0.00033126,0.002802123
6736,3.736178461,0.002551059,0.821025032,0.008056693,0.000887377,0.000508946,0.001162017
6737,2.988482371,0.002810759,0.362940103,0.008303758,0.000708907,5.26738E-05,0.001743856
6738,2.520314382,0.009486948,3.274936705,0.007470379,0.000237965,4.34928E-05,0.001132655
6739,3.911837206,0.007990286,3.74856014,0.000433289,0.000715638,0.000106913,0.002290708
6740,2.60301358,0.005947849,2.410336145,0.00972282,0.000382553,0.000398161,0.000942814
6741,4.586170191,0.001376108,3.855653768,0.00296939,0.000776809,0.0009084,0.000513217
6742,3.78441888,0.008130931,0.596343594,0.00655806,0.00015808,0.000953677,0.002755834
6743,3.576244815,0.009362203,1.758829661,0.000624655,0.000219928,0.000585463,0.000559724
6744,3.319704153,0.009422887,0.114402875,0.006669694,0.000598457,0.000536521,0.002807054
6745,3.50474862,0.000531029,0.566589501,0.006964782,0.000939918,0.000542273,0.000349279
6746,4.810748675,0.000734389,1.73290902,0.005544137,0.000552916,0.000116183,0.002623973
6747,2.901507821,0.008261787,3.966830391,0.003175528,0.000841233,0.000406426,0.002063933
6748,3.400907509,0.006959351,1.620536029,0.003922981,0.000794348,0.000509919,0.001245018
6749,2.60114889,0.009937996,3.518996524,0.006865762,0.000801031,0.000927171,0.000191088
6750,4.061630102,0.001862949,0.46326519,0.009485982,0.000216734,0.000479583,0.002683114
6751,3.648013616,0.001386772,1.210577525,0.000592051,0.000323138,4.4182E-06,0.002890794
6752,4.401932795,0.001019116,3.77839549,0.000623789,0.000361701,1.72662E-05,0.000671807
6753,3.242771991,0.003444135,2.912387513,0.009348023,0.000787143,0.000684865,0.002665484
6754,4.919389054,0.009708572,2.268438945,0.005708391,0.000565083,0.000521487,0.002266524
6755,2.556160531,0.003890179,1.441173839,0.008423473,0.000655115,0.000579442,0.00120179
6756,4.765664184,0.002911762,1.222720914,0.002909905,0.000907205,0.000604599,0.002892073
6757,3.135697752,0.008703494,1.989318538,0.007945144,0.000829435,0.000792723,0.001440865
6758,3.998523774,0.002138353,2.591038326,0.007842413,0.000315363,0.000735516,0.002501888
6759,3.445569784,0.002552085,0.14502396,0.0061212,4.31703E-05,0.000360496,0.001001438
6760,2.667111299,0.009789669,3.116597706,0.002979925,0.000598562,0.000555915,0.002774314
6761,4.568603856,0.003572455,1.96037653,0.001270673,0.000210966,0.000805151,0.001656678
6762,4.961144536,0.004618967,1.607181661,0.001383053,3.22847E-05,0.000291225,0.00293886
6763,4.833024008,0.009576529,0.819288216,0.004724587,0.000361706,0.000846724,0.000386505
6764,3.221309312,0.009354077,3.10902492,0.006200465,0.000774772,0.00059052,0.002092451
6765,4.920943992,0.00143892,1.17666355,0.003071891,0.000746999,0.000594933,0.000298023
6766,2.936763977,0.005796808,1.898235451,0.005741775,0.000639149,0.000781626,0.002936303
6767,3.070047775,0.002798904,0.0818518,0.000720232,0.000421574,0.000221827,0.002046427
6768,4.313244277,0.000169879,2.256971541,0.002491866,0.000849018,0.000307964,0.00210372
6769,3.139816265,0.000433763,0.812685147,0.008563472,0.000108441,0.000414294,0.002960839
6770,4.922861068,0.009300969,1.093511919,0.001113794,0.000230455,0.000231955,0.001957362
6771,4.431621659,0.006699146,3.747873154,0.001335061,0.00090618,0.00047714,0.000636266
6772,4.561952609,0.009007581,0.943673743,0.005682163,0.000311862,0.000679233,0.000555474
6773,2.873030381,0.003613197,0.673357347,0.000543707,0.000216119,9.13879E-05,0.001112459
6774,4.341149489,0.006238001,2.82841056,0.008204299,0.000570967,4.01761E-05,0.000279368
6775,4.80136734,0.006674259,2.49229089,0.003262834,0.000227616,0.000116469,0.0018635
6776,2.742717855,0.007460636,0.326134746,0.004676273,0.000533527,0.000956326,0.002923686
6777,3.168648623,0.008619304,2.969791078,0.002622277,0.000519483,0.000250975,0.00252242
6778,3.266620937,0.009782134,2.135057922,0.004209718,0.000222156,8.17287E-05,0.001603185
6779,4.054801094,0.005876344,2.911339279,0.000844457,0.000140351,0.000925578,0.002492204
6780,3.367653303,0.008497178,3.279323572,0.002519922,0.000921084,0.000850975,0.001138239
6781,4.193423959,0.009839467,2.15505894,0.002480959,0.000339333,0.000263557,0.00029209
6782,4.027795955,0.003490018,1.610191834,0.004209603,0.000449851,0.000626175,0.002247057
6783,4.678974589,0.009739511,3.837340633,0.007179782,0.000344934,6.22737E-05,4.24171E-05
6784,4.766241485,0.005842048,1.335826276,0.00530475,0.000536985,0.000326298,0.000104016
6785,4.913797095,0.00764076,0.384036023,0.000773299,0.000821055,0.000386112,0.002648103
6786,3.226442915,0.006616246,0.667044465,0.008111289,0.000342478,0.000628495,0.001990323
6787,3.915572873,0.005708386,2.279726618,0.002787185,0.000376017,9.47822E-06,0.002254246
6788,3.66392421,0.00596158,3.942744079,0.001426205,1.07122E-05,0.000929158,0.000514308
6789,4.456372109,0.004349827,1.787017935,0.000536147,0.000939872,5.30298E-05,0.001823618
6790,4.27942749,0.002271605,1.750204322,0.004987484,0.000605243,0.000514491,0.000793837
6791,3.473667235,0.002087485,2.502384866,0.001921612,0.000763165,0.000414241,0.002378949
6792,3.93613503,0.008707986,0.383507624,0.009914673,0.000392606,1.59825E-05,0.001704662
6793,4.40578593,0.008790671,3.242911484,0.00389983,0.000813835,0.000967402,0.002200759
6794,4.557693717,0.000483761,2.923276812,0.005527135,0.000873283,0.000400636,0.00288063
6795,3.399723173,0.006207528,3.912667106,0.000892653,0.00067343,0.000410791,0.001888147
6796,3.54069781,0.006472931,1.863458302,0.004706826,0.000275456,0.000273365,0.001057088
6797,3.684400931,0.007920819,1.293243583,0.005574176,0.00094812,0.000764419,0.000385961
6798,4.010883922,0.007146732,1.738654954,0.004339114,0.000976594,0.000873834,0.000988897
6799,4.143675025,0.008793207,1.051231669,0.005572608,0.000238289,0.000245478,0.001328372
6800,4.275245405,0.001274019,2.035220615,0.005367384,0.000874401,0.00042942,0.000504867
6801,4.978178979,0.006076604,1.561340704,0.009717987,0.000577341,0.000640697,0.000520124
6802,2.691058265,0.00601718,2.567927317,0.001787446,0.000774316,3.67167E-05,0.001342794
6803,3.474825234,0.003576447,3.425741984,0.002376934,0.000353537,0.000884779,0.000668601
6804,4.415352094,0.009212605,3.350653426,0.009328785,2.16514E-05,0.000269168,0.002787295
6805,3.603402345,0.000908014,1.671794086,0.002819267,0.000420502,0.000115334,0.002328321
6806,4.004722203,0.009838663,0.601087566,0.004245454,0.000589697,0.000507242,0.001368388
6807,3.151832143,0.000320691,2.999824966,0.003473396,0.000694118,0.000962067,0.000580106
6808,4.893087427,0.001739444,3.841550502,0.003598771,0.000545836,0.000266934,0.000779483
6809,2.934663731,0.000899267,1.277508135,0.001871245,0.000833694,0.000293144,0.002105391
6810,3.765405753,0.002997515,3.995732817,0.005475136,0.000235379,0.00073207,0.001818694
6811,2.75651812,0.008037793,2.184348078,0.003855909,0.000473387,0.000710089,0.001615098
6812,4.415008058,0.008726028,0.449932503,0.008814347,0.000953124,0.000711123,0.0002252
6813,3.26967293,0.003510065,3.222659293,0.000489464,0.000142547,0.000320596,0.000651631
6814,2.865940237,0.009564859,0.120951899,0.000574064,0.000201082,0.000866296,0.002359007
6815,2.813542763,0.006395191,0.29002173,0.004672382,0.000445751,0.000480008,0.001435354
6816,2.579995037,0.009477502,0.016645722,0.002621029,0.000528219,0.00034382,0.001702669
6817,4.8457217,0.003709402,0.277745823,0.004411196,0.000895623,0.000375571,0.000753663
6818,4.570238308,0.006606541,2.264630259,0.001826798,0.000755361,0.000171394,0.000732707
6819,3.114537314,0.006742378,2.868487147,0.009661247,0.00076142,0.000495338,0.002405547
6820,4.290948751,0.003654782,0.950720648,0.007114208,0.000605331,0.000629968,0.000425701
6821,4.518963422,0.003695825,0.777314576,0.004290304,0.000235529,0.000446741,0.000731759
6822,4.638486888,0.006310935,0.059986113,0.003985015,0.000932069,0.000565857,0.001835049
6823,4.240997952,0.001113109,1.669138188,0.007080186,0.000322131,0.000219358,0.002830202
6824,3.623650234,0.008055834,3.929084997,0.004331848,0.000240031,0.000799686,0.00044174
6825,4.646486654,0.003156347,1.176095475,0.002307465,0.000404932,0.000107819,0.002468981
6826,2.656560634,0.003334157,0.918911354,0.006649936,0.000125067,0.000600279,0.0012502
6827,3.422308124,0.00669241,3.061942406,0.003070474,9.54383E-05,0.000256068,0.002751934
6828,3.376615141,0.008940262,2.008179499,0.000928559,0.000311232,0.000724868,0.001175731
6829,3.224021943,0.007615504,0.061605257,0.001781431,0.000396812,0.000313349,0.000882913
6830,3.252039546,0.006081338,1.432247528,0.007888047,0.000362153,0.000347707,0.002090972
6831,4.775102272,0.000507843,3.617615885,0.00885808,0.000191356,0.000371945,0.002161698
6832,4.002530054,0.002524256,3.108999776,0.00235861,0.000842785,0.000401565,0.000997818
6833,4.138278997,0.002101433,0.430113746,0.008390272,0.000515216,8.60586E-05,0.000192934
6834,3.752032544,0.003547473,3.385344213,0.009708621,0.000350977,0.000676036,0.002709218
6835,3.935059599,0.000594334,2.079651981,0.007246322,0.000680456,0.000587892,0.001838751
6836,3.580153797,0.000356728,0.043374285,0.006461798,0.000606277,0.000456017,0.001257921
6837,3.580816612,0.000335843,0.667421797,0.002543249,0.000625908,0.000581269,0.00239537
6838,3.329344859,0.005596047,0.7154417,0.006707918,0.000237893,1.31311E-05,0.001698194
6839,2.921474903,0.003432081,0.32113715,0.004279489,0.000934817,0.000648685,0.000542423
6840,2.776592875,0.000555385,1.453136255,0.007780101,0.000317864,0.00082341,0.000250196
6841,3.000712606,0.005654749,3.997824811,0.001019925,0.000395374,0.000304223,0.000399069
6842,4.183655754,0.002119436,3.559728616,0.005697845,0.000159936,0.000492322,0.000621096
6843,3.487438593,0.001055885,2.206970061,0.00721892,0.000316772,0.000166879,0.00169869
6844,3.078512494,0.002160195,2.124987071,0.006543789,0.000345762,0.000279758,9.77061E-05
6845,4.532325329,0.000461953,1.480075477,0.008936039,0.0001603,8.83882E-05,0.002614824
6846,4.122421031,0.005610547,1.204303007,0.001046081,0.00011619,0.000100118,0.001532069
6847,4.294087564,0.000132459,3.009763064,0.006063622,0.000684792,0.000766147,0.000131252
6848,4.765394676,0.006996828,0.788828133,0.008145478,5.53263E-05,0.000436999,0.001977484
6849,3.812986418,0.001005725,0.946158903,0.000170296,0.000495041,0.00099219,0.002444702
6850,2.966729597,0.009739129,3.569047519,0.000471862,0.000255619,0.00087917,0.000809489
6851,4.606310098,0.000230145,3.110993305,0.007963216,0.000135198,0.000568892,0.002284288
6852,4.558475898,0.000550154,1.35120889,0.000794063,0.000220406,0.000107964,0.002913578
6853,4.439444353,0.004819316,1.56248034,0.000960003,0.000950662,0.00048786,0.001175089
6854,3.890793016,0.007585645,0.004830083,0.003781051,0.000556259,0.000764396,0.000809642
6855,3.401063711,0.000331119,3.525324319,0.004674973,0.000348713,0.000333523,0.001660787
6856,3.311434274,0.007832599,2.830703164,0.00493313,7.4897E-06,0.000357779,0.002176242
6857,4.166054172,0.006701858,2.523236509,0.007191452,0.000996245,0.00080396,0.002664934
6858,3.824566193,0.003919748,0.28169605,0.003818943,0.000549103,0.00053203,0.001117731
6859,2.709194562,0.00744878,2.056507772,0.001949942,0.000391514,0.000428475,0.002019979
6860,4.974968686,0.001261783,0.955433757,0.004888371,0.000790708,0.000252105,0.001931402
6861,4.75142687,0.007879635,1.674308871,0.001461533,0.000805709,0.00037304,0.001092234
6862,4.762488957,0.000963572,2.688819393,0.00628638,0.000245795,0.000571099,0.001948262
6863,2.774789813,0.008369925,1.391038089,0.004176048,0.000230663,0.000870196,0.002046073
6864,4.370093169,0.000749308,1.889378493,0.00193204,0.000657246,0.000995839,0.002829002
6865,4.957629339,0.008338145,2.585481816,0.004399238,0.000753693,0.000472444,8.08486E-05
6866,3.097211577,0.007194904,2.822370975,0.004709393,5.84791E-05,0.000260333,0.001618695
6867,4.840735268,0.000554456,1.924653022,0.004224498,0.000454457,0.000585538,0.000534355
6868,4.182357555,0.006045226,3.341373617,0.002177536,0.00041839,0.000312463,0.000992488
6869,3.489026773,0.008603061,1.143060613,0.008785769,0.000757574,0.000474322,0.000947741
6870,3.595458964,0.004135151,2.458076188,0.003843391,0.000932476,0.000789538,0.002346274
6871,4.740255304,0.003531751,0.128127882,0.008348436,0.000328227,0.000870429,4.77487E-05
6872,3.743505143,0.002119258,1.451761621,0.008330218,0.000223662,0.000225931,0.002084104
6873,4.27767798,0.00537941,0.526973992,0.002796081,0.000942995,0.000935436,0.001937221
6874,4.695544665,0.000844568,0.660703035,0.007064027,0.000521806,0.00012048,0.000925277
6875,3.734730257,0.009829518,2.565613956,0.001321286,0.000932076,0.000981212,0.002502424
6876,4.133907307,0.009478697,1.755302854,6.85807E-05,4.59575E-05,0.000129854,0.001472081
6877,4.89371733,0.003116483,1.428023793,0.002372901,0.000156285,0.000851411,0.000504515
6878,4.316169263,0.0046573,2.388311774,0.004616772,0.00065779,7.55637E-05,0.001510099
6879,2.615134178,0.000389695,3.36690481,0.00482276,0.000985037,0.000245127,0.002549626
6880,3.410872726,0.005133013,3.074104988,0.002769158,0.000909415,0.000611226,0.000229843
6881,3.544772508,0.00043907,3.526944259,0.00259576,0.000296337,0.000357512,0.001419926
6882,3.716396667,0.001261802,2.600481951,0.007712291,0.000791504,0.000211335,0.002009128
6883,4.451500883,0.000537502,1.495872067,0.002983322,0.000438128,0.000823896,0.002031999
6884,3.308048068,0.00580888,0.299206887,0.008787948,0.000597908,0.000133594,0.00196761
6885,4.427641017,0.007572271,0.824729401,0.007185477,4.297E-05,0.000308455,0.002219053
6886,2.933534655,0.002303953,0.472768055,6.52711E-05,0.000362891,0.000154476,0.001387125
6887,4.079759139,0.009573406,3.245774032,0.004774465,3.78699E-05,0.000832264,0.000468117
6888,4.010648696,0.005483675,2.391852905,0.000617785,0.000440693,0.000110353,0.00176001
6889,4.396041648,0.002947037,0.407163378,0.003521327,9.42783E-05,0.000552033,0.002475275
6890,4.454132184,0.006745203,3.312611729,0.004504383,0.000514131,0.000154799,0.002178656
6891,3.050341788,0.009229562,2.639756488,0.006385121,0.000169918,0.000202486,0.001122544
6892,2.984891765,0.002313629,3.230584102,0.00916203,0.000779908,0.000686387,0.002411304
6893,3.108040655,0.002645363,0.833377574,0.001493857,0.000903515,0.000955665,0.001340287
6894,4.88753317,0.002835574,2.425642878,0.008573648,0.000427254,0.000252305,0.001323106
6895,3.064360267,0.002327721,1.572652444,0.008803781,6.32013E-05,0.000886536,0.002197603
6896,4.223519794,0.000230441,3.206999073,0.000101648,0.000560562,0.000888764,0.002946389
6897,4.643412124,0.001090508,1.362943727,0.003159075,0.000459367,0.000902219,0.002384798
6898,4.38523205,0.001276878,0.811906125,0.005042212,7.7009E-05,0.000407989,0.002507683
6899,3.200733398,0.001251474,2.886142107,0.009755715,0.000949159,0.00090923,0.002774254
6900,3.445984708,0.008153145,1.849755405,0.001774323,0.000444237,5.95063E-05,9.89874E-05
6901,3.263332554,1.54677E-05,3.687278618,0.005613425,0.000631459,0.000169991,0.000339442
6902,3.216561006,0.003430944,0.692046781,0.005952182,0.000878024,0.000808086,0.001102528
6903,4.657478818,0.00981727,3.847070198,0.004948081,3.34297E-05,0.000121103,0.001136289
6904,3.92615361,0.006000915,2.803537522,0.005878936,0.000339993,0.000916599,0.002605614
6905,4.48259743,0.006348534,1.968868931,0.001952323,0.000787632,0.000904667,0.0025203
6906,4.380917564,0.006629597,1.888274827,0.005420641,0.00029483,0.000851829,0.000634133
6907,3.925660474,0.008551227,0.648873852,0.006849419,0.000535349,0.00032886,0.000728483
6908,3.056601181,0.000605893,1.620122472,0.00758548,0.000848885,0.000486328,8.05095E-05
6909,3.213513229,0.003037544,3.657530237,0.000872973,0.000342216,0.000472054,0.000550263
6910,4.152060551,0.003041729,1.16499675,0.00813536,8.60758E-05,0.000916201,0.000471856
6911,4.759910295,0.004966164,0.883867938,0.000982032,0.000130875,0.000443062,0.000967729
6912,2.741145753,0.006556218,2.826509584,0.005475577,0.000552015,0.000988901,0.000214362
6913,4.134137405,0.004641694,2.756923563,0.008422892,0.000860911,2.72591E-05,0.002259016
6914,3.290341061,0.009242714,3.118185346,0.004292181,0.000992912,0.000234093,0.001461171
6915,2.988844778,0.003976576,2.463264425,0.001271511,2.75613E-06,0.00070817,0.002446465
6916,2.825738915,0.007041268,3.32053637,2.59841E-05,0.000997028,0.000703206,0.001073568
6917,4.020339686,0.006074446,2.073470482,0.006789388,0.000479666,0.000348318,0.001201676
6918,4.893587315,0.004998698,0.746036916,0.003095269,0.000621255,0.000137871,0.000935776
6919,2.856326703,0.005150898,0.61133196,0.006742904,0.000433157,0.000552985,0.002609654
6920,4.280299447,0.007252867,1.472852818,0.006607527,9.34095E-05,0.000722523,0.002624674
6921,3.144831777,0.006421719,2.113913982,0.001888075,6.17091E-05,0.000974802,0.000999415
6922,3.73100552,0.00283499,0.506289129,0.002508708,0.000723668,0.000765336,0.001251899
6923,3.239224043,0.001458686,3.399749155,0.009542959,0.00060729,0.000684935,0.00095758
6924,4.876097071,0.002082286,0.797441124,0.005743368,0.000682981,0.000399545,0.002673366
6925,4.644885127,0.007719606,0.168440261,0.009954295,0.000809529,0.000829541,0.002345268
6926,4.938828285,0.00519709,2.20780152,0.00825884,0.000569018,0.000890526,0.00010443
6927,2.513047921,0.007461654,1.683754896,0.007928234,0.000232669,0.000665417,0.002146626
6928,3.810518792,0.007073537,1.032315192,0.003308967,0.000317997,0.000131817,0.000897257
6929,3.66361149,0.000694093,1.831000012,0.006701043,0.000281573,8.8494E-05,0.00246557
6930,4.786990362,0.005791328,3.893481159,0.007225655,0.00035815,0.000738552,0.002459908
6931,3.01549118,0.006831389,0.801891882,0.000453234,0.000766214,0.000776238,0.001915628
6932,3.885056005,0.008409067,3.322384582,0.00638206,0.000802912,0.000920582,0.001087554
6933,3.899865594,0.002351691,0.488948693,0.002280289,0.000594862,0.000771193,0.000772314
6934,3.984779097,0.005117608,1.261697885,0.002443183,0.000884485,0.000802284,0.001213678
6935,4.304693926,0.004404553,0.553599211,0.006332445,0.000229917,0.000127523,0.00148558
6936,3.420476239,0.004980501,1.05882969,0.006751066,0.000492604,4.00936E-06,0.000355824
6937,2.657849964,0.009471522,0.864651717,0.006647298,0.00081673,0.000514928,0.000341745
6938,3.388523128,0.008111675,0.855154606,0.00347208,0.000854369,0.00019284,0.001887372
6939,2.908622777,0.000497775,2.894378726,0.00077809,0.000650633,0.000418909,0.002420321
6940,3.44023366,0.002901265,1.578829816,0.009106071,0.000975612,0.000507682,0.000899877
6941,3.509850684,0.00991312,3.583629249,0.001701508,7.38924E-05,0.000199636,0.002640793
6942,4.022899759,0.00664051,2.119016395,0.009824597,0.000188773,0.000180693,0.002292288
6943,3.310813256,0.004994673,3.726185864,0.008184311,0.000672662,0.000706172,0.002531083
6944,3.847815164,0.004024037,2.652889292,0.006476061,0.000314252,0.000209055,0.000794517
6945,2.729602841,0.004585024,2.996419729,0.008893462,7.1915E-05,3.78489E-05,0.00042661
6946,3.974243832,0.007690426,1.299109636,0.001662197,0.000417885,0.000514159,0.000455335
6947,3.914928511,0.00088622,0.125164624,0.007846519,0.00053217,0.000370658,0.001375747
6948,4.486828562,0.009068037,2.331032927,0.001958586,0.000290621,0.000766811,0.000702727
6949,4.143581544,0.000369076,0.095576815,0.007606115,0.000256242,0.000961987,0.001037019
6950,3.559467588,0.005709799,3.241503758,0.003874007,0.000242753,0.000783338,0.001011282
6951,4.71524975,0.006986961,1.691471889,0.006882008,0.000645278,0.000871703,0.001302476
6952,3.429524307,0.006518899,1.41542348,0.004137923,0.000651374,0.000948718,0.000496354
6953,3.329337355,0.003967472,2.595689872,0.002345739,0.000228358,0.00032575,0.001584923
6954,2.769894865,0.009819535,3.740029947,0.007168358,0.000129602,0.000114908,0.001795838
6955,4.035050706,0.005666212,3.251075476,0.003897709,0.000508101,2.37783E-05,0.002941415
6956,3.427967043,0.008988007,0.400740362,0.002978806,1.53099E-06,0.000212379,0.002115347
6957,3.313825328,0.002186123,0.53112256,0.002807934,0.000515152,0.000965268,0.002880712
6958,4.148725478,0.004025402,3.773261174,0.003202364,0.000794449,0.000559173,0.002749234
6959,4.753253497,0.003230714,3.909419439,0.009563435,0.000199464,0.000711636,0.000644859
6960,4.271553912,0.007862393,2.013007602,0.002561234,0.000131727,0.000971821,0.001257011
6961,4.399389053,0.007519878,0.450765898,0.005545519,0.000814594,0.000923296,0.001204932
6962,3.177267226,0.002890186,0.618933978,0.005432,0.000695673,0.000230629,0.001163779
6963,3.254833227,0.005824575,2.512987105,0.005638247,0.000704045,0.000887084,0.00229523
6964,3.268755918,0.009334591,3.772807508,0.008810441,0.000475675,0.000558257,0.001478359
6965,2.896213868,0.005790685,1.673867467,0.003717597,0.000198894,0.000591564,0.000624062
6966,4.075681818,0.007588844,2.941604653,0.001255546,0.000456574,0.000985574,0.002936037
6967,4.303791395,0.002565109,1.494513678,0.006099512,0.000885756,0.000826744,0.002176637
6968,3.149887504,0.003907062,3.282215171,0.004022254,0.000105375,0.000120158,0.001101366
6969,4.888555479,0.007654674,2.861410961,0.009065483,0.000417213,0.000922433,0.000686029
6970,3.811610292,0.006446472,0.793557921,0.009349887,1.89785E-05,0.000364442,0.000266162
6971,4.460435571,0.007152227,2.214295223,0.00876184,0.000788915,0.000894751,4.44013E-05
6972,3.578729876,0.000484522,0.47703509,0.008825623,0.000745742,0.000471983,0.000504156
6973,4.712603989,0.001445067,1.593286001,0.003112165,0.000283774,0.000504353,0.002613148
6974,3.369043396,0.000384686,3.862189699,0.009515844,0.000751004,0.000118734,0.001363981
6975,2.952766955,0.006620682,0.410425413,0.006292151,0.000129029,0.000763844,0.002502829
6976,4.055487367,0.005271342,3.050622787,0.006410978,0.000624866,0.000834404,0.00131206
6977,3.364247246,0.00245646,3.828380774,0.004592707,0.000760559,0.000591486,0.001284723
6978,2.998434274,0.004685471,0.758903879,0.000691934,0.00026376,0.000187012,0.001593043
6979,2.64519284,0.006147729,3.902379468,0.000472759,4.96242E-05,0.000334277,0.002890014
6980,3.230503599,0.000126393,2.674543828,0.008913147,5.28069E-05,9.00609E-05,0.000776463
6981,3.56142767,0.007176076,2.475730215,0.000381786,0.000279122,0.000353297,0.002495394
6982,4.654306206,0.009188967,0.040271622,0.009414102,0.000235159,0.000436816,0.001425781
6983,4.011662159,8.79353E-05,0.34725028,0.009311384,0.000705788,0.000743562,0.002289486
6984,3.405468865,0.002080047,0.371079409,0.009852809,7.78716E-05,0.000925571,0.000493863
6985,4.435055379,0.009811426,2.859480139,0.005179871,0.000404948,0.000873022,0.002871806
6986,4.501925337,0.00389582,2.857313996,0.009349065,0.000851115,0.000361439,0.002195861
6987,4.363218185,0.007036266,0.472495015,0.00645395,0.000156492,0.000979978,0.001944161
6988,3.748032666,0.003906493,1.877800513,0.001245897,0.000407652,0.000502804,0.00280453
6989,4.075492794,0.006762013,1.095115766,0.00954425,0.000882641,0.000578785,0.001033921
6990,4.702858298,0.001960841,1.066345828,0.008970215,0.000864343,0.000860928,0.002166269
6991,4.575899255,0.000309561,2.875099827,0.000597456,0.000384867,0.000224584,0.000999476
6992,4.248084124,0.000998015,1.946318547,0.003564277,0.000183051,0.000215566,0.002887608
6993,3.771703297,0.004266433,2.662002372,0.001387418,0.000143091,0.00077481,0.002145028
6994,4.551062189,0.009267913,1.306290364,0.005271433,0.000377438,0.000485207,0.000306153
6995,3.615347368,0.00152054,0.220381937,0.00543158,0.000237244,0.00077924,0.002886501
6996,3.966612181,0.008324584,0.23430228,0.004656033,0.000971603,0.000234848,0.000251279
6997,3.966411503,0.009150912,2.203026037,0.006983451,0.000479277,0.000215553,0.002590543
6998,4.500545986,0.004796657,3.85542889,0.002744985,0.000592347,0.00097844,0.001934651
6999,4.030821883,0.006057023,1.952946123,0.000214899,0.000221288,0.000349587,0.002510792
7000,4.544431406,0.007492201,0.158582824,0.002882463,0.000356811,0.00022853,0.001736234
7001,4.719395647,0.002088892,2.698756749,0.004912328,0.000943602,0.000527503,0.0012609
7002,3.247403969,0.006954018,0.978544872,0.002531723,0.000508829,0.000487428,0.000457515
7003,4.198544395,0.009347934,2.414791146,0.001471379,0.000273842,0.000571969,0.001155285
7004,4.213192021,0.000206599,1.630050976,0.005757518,0.000160101,0.000282079,0.001144119
7005,3.733666663,0.008652298,2.066892382,0.000987526,0.000385989,0.000328681,0.002332151
7006,3.318601645,0.00153623,1.97481963,0.008977169,0.000822869,0.000482096,0.002854682
7007,4.009768925,0.001517177,3.678996337,0.009495818,0.000572737,0.000539381,0.001395725
7008,3.094570351,0.000367658,2.867276279,0.006214722,0.000821208,0.000608381,0.002774999
7009,3.898680587,0.009835774,1.936614041,0.003658058,0.000121616,0.000274542,0.001379918
7010,3.557986643,0.000512782,2.343732754,0.000383699,7.19781E-05,0.000244712,0.000441732
7011,4.987961065,0.007471506,1.702838694,0.007025965,9.29014E-05,0.000747948,0.000745893
7012,3.850917751,0.008870703,0.611465398,0.007558393,0.000734877,0.000713722,0.002493345
7013,4.218172998,0.003698708,2.742123653,0.007693341,0.000538459,0.000585261,0.001294067
7014,4.003666762,0.001153839,0.828531686,0.001540882,0.000690417,0.00043557,0.001821089
7015,3.399612099,0.005100377,0.295742213,0.009789831,0.000931891,0.000278039,0.000491371
7016,2.711006179,0.002875406,1.147241366,0.009881511,0.000914499,4.51205E-06,0.001894943
7017,3.697181927,0.008355894,2.744016508,0.00575263,0.000485761,0.000296078,0.000728901
7018,2.507013675,0.009359503,0.971831986,0.001278641,0.000395124,0.000233287,0.002915701
7019,4.067583623,0.007688211,2.326907294,0.002233997,0.000210068,0.000529665,0.002396225
7020,3.550101867,0.001153801,3.939661151,0.009502336,0.000971341,0.000910697,0.001404994
7021,4.008577448,0.002404782,3.01295669,0.005018391,0.000593138,0.000394936,0.002271624
7022,3.396744001,0.004400136,3.282064282,0.000346293,0.000216804,0.000714067,0.002266597
7023,3.387740253,0.007658732,1.005636524,0.004893643,0.000900339,0.000262926,0.001397738
7024,3.918404957,0.002494452,2.664840614,0.003237362,0.000534753,1.73527E-06,0.001454848
7025,3.189221248,0.005735319,0.128704564,0.003625416,0.000456026,0.000366532,0.002313674
7026,4.682412756,0.001588148,1.163755823,0.001874407,0.000690012,0.000312868,0.002682978
7027,3.747075664,0.000419917,0.899707601,0.00170255,0.000777995,0.000464532,0.001281857
7028,2.755021052,0.00266542,1.039998039,0.004449926,0.000664322,0.000115777,0.001928132
7029,4.654022153,0.004859442,3.393168032,0.000116316,0.000251409,0.000190743,0.000563012
7030,2.88429811,0.008482168,1.47956221,0.008523113,0.000422052,2.78104E-05,0.000372131
7031,2.709720171,0.003766133,3.660221698,0.008288306,0.000948203,0.000958267,0.000867194
7032,3.848645542,0.0012787,3.516301584,0.006580653,0.000577683,0.000105532,0.000444959
7033,3.018800352,0.006166459,3.629590465,0.002951714,0.000721126,0.000242448,0.00153107
7034,2.591973002,0.006312815,3.31545349,0.004317065,0.000393036,0.000509526,0.002603868
7035,3.934540182,0.002595168,2.4367832,0.004955257,0.000399811,0.000262137,0.000696869
7036,4.056351268,0.004159506,2.180326441,0.006734495,0.000145174,0.000490543,0.002637615
7037,4.421836335,0.005612243,1.30956083,0.005287219,0.000213045,0.000868151,0.000399618
7038,3.486178325,0.004061956,3.209110515,0.009406372,0.000213858,0.00024664,0.000132929
7039,4.509972247,0.005759758,0.590901377,0.002646492,0.000440993,1.38003E-05,0.001733024
7040,3.764756926,0.003108283,0.984981228,0.008569876,0.000401815,0.000175793,0.00280367
7041,4.874372452,0.003559528,3.668273233,0.002118243,0.000622213,0.000706362,0.000425875
7042,4.434144713,0.006281847,1.916384587,0.006911116,0.000660325,0.000121615,0.00183349
7043,2.559982593,0.000113126,0.916796391,0.005151411,0.000835176,0.000753685,0.002825782
7044,4.600112448,0.001167027,2.197947851,0.007149274,0.000398384,0.000208355,0.002271953
7045,3.1468974,0.004614169,1.986614283,0.000162151,0.00035359,6.47784E-05,0.001563417
7046,2.554812601,0.008867921,2.720462797,0.009589393,0.000226007,0.000379588,0.000901881
7047,4.549757592,0.006811814,2.642297901,0.000440567,0.000253618,0.000353053,0.000701372
7048,3.482820984,0.001726374,2.069582353,0.005758701,0.00039609,0.00084343,0.000388957
7049,3.37769663,9.3421E-05,1.741589601,0.007435683,0.000791414,0.000625046,0.002162162
7050,3.681005756,0.006238839,0.791796603,0.003354309,0.000758636,0.000401179,0.000117392
7051,4.711362147,0.003447076,2.849463498,0.001032006,0.000314816,0.000645968,0.002499649
7052,4.108372528,0.000261617,3.974413506,0.003471336,9.6927E-05,0.000433923,0.000690358
7053,4.040994894,0.006194574,0.679382092,0.008918754,5.31839E-05,0.000349996,0.000652316
7054,4.349199967,0.008101504,2.169329001,0.00056322,0.000888735,0.000184192,0.001482939
7055,2.545562816,0.000894712,0.090917306,0.002427536,8.40841E-07,0.000112624,0.000206145
7056,4.975623901,0.004629513,2.49826442,0.000741646,0.000813137,4.53439E-05,0.001188063
7057,4.677004867,0.007310166,0.815736376,0.003368361,0.000829558,0.000854728,0.000351279
7058,2.950652141,0.00392012,0.008909859,0.008291948,0.000680398,0.000583727,0.000136124
7059,3.715168682,0.008382188,1.401639554,0.004617915,0.000432111,0.000620038,0.002825804
7060,2.837257885,0.007786941,0.844382943,0.005364125,0.000156257,0.000730701,0.000814609
7061,4.032281016,0.005611673,3.753824177,0.001707634,0.000640591,0.000536275,0.001590086
7062,4.568639256,0.004863591,1.814992619,0.000847987,0.000490199,0.000213057,0.00157112
7063,2.812323304,0.002859941,3.618151462,0.003613584,0.000831739,0.000286715,0.002846771
7064,4.654569796,0.002769805,3.963673725,0.004120734,0.00083848,0.000260192,0.001802369
7065,2.519704944,0.004237914,1.887124708,0.003822449,0.0002847,0.000565172,0.001414577
7066,4.971199705,0.003835649,3.693040799,0.006395641,2.53738E-05,0.000816034,0.001407791
7067,2.870827773,0.008517529,3.198811811,0.00904266,0.000598614,0.000911591,0.002478042
7068,3.330873118,0.002621664,2.854346927,0.003103535,0.000857074,0.000138646,0.001898844
7069,4.820913242,0.004603913,1.821752827,0.002235949,0.000316347,0.000423551,0.000300417
7070,4.424416895,0.004592092,3.360719395,0.004763433,0.000754099,9.53011E-06,0.001369954
7071,3.058178969,0.001918994,0.754046258,0.00454927,0.000658172,0.000503509,0.002216629
7072,3.024262509,0.003336549,1.105117113,0.006571604,0.000750138,0.000570193,0.001613507
7073,3.657713852,0.009389329,2.938100923,0.006521672,0.000906913,0.000982528,0.000607774
7074,2.560017771,0.00519115,1.213268424,0.003963034,0.000254678,0.000548906,0.000126698
7075,2.64926987,0.006256879,1.78121875,0.009423203,0.000275516,0.000628894,0.000522203
7076,2.919947513,0.008482937,2.813243821,0.007197798,0.000428825,0.000975951,0.000313194
7077,3.281437521,0.007968941,0.241306553,0.003492403,0.000967691,0.000284907,0.001951381
7078,3.563039448,0.005397536,3.717279606,0.005755996,0.000509668,0.000630978,0.001603823
7079,4.967937456,0.004744013,0.647756589,0.005255138,0.000876962,0.000796884,0.002896309
7080,2.776448786,0.002081358,3.862094338,0.009154346,0.000854632,0.000482055,0.000141655
7081,3.345637779,0.000651213,1.294649642,0.007303998,0.000376821,9.51305E-05,0.001547543
7082,3.661042467,0.005663376,1.741709115,0.002279663,0.000358567,0.000728739,0.000600804
7083,2.775627125,0.00772911,0.807164728,0.007800263,0.000267083,0.000628262,0.002247143
7084,3.656776621,0.007030492,3.494675806,0.002149685,0.000321225,0.000104036,0.001237736
7085,2.904847539,0.006583797,2.831170713,0.006350414,0.000388389,0.000681014,0.000978508
7086,3.089019762,0.009660394,1.982068893,0.008516323,0.00034933,0.000293041,0.000757619
7087,2.780379603,0.002984753,1.087163087,0.003883383,0.000313087,0.000845978,0.000835464
7088,3.958221144,0.00988452,0.862189607,2.92077E-05,5.97295E-05,2.62976E-05,0.002327448
7089,4.283832653,0.008455615,2.710206194,0.009760849,9.42086E-05,0.000577333,0.000911118
7090,3.012187893,0.004327339,1.149384995,0.009388552,0.000495656,0.000326287,0.002848225
7091,4.935806634,0.002484562,2.691768452,6.37592E-05,0.000377442,0.000793824,0.002619814
7092,2.969908874,0.008992336,3.980060564,0.006312109,0.000166333,0.000626101,0.00251893
7093,4.111877097,0.00040075,3.834121822,0.004344811,0.000572721,9.24757E-05,0.000589649
7094,3.484467787,0.007178348,3.042776224,0.007768925,0.000868318,5.1929E-05,0.001840941
7095,2.863408095,0.003038436,2.854269292,0.008381247,0.000199638,0.000967084,0.00221548
7096,4.239842743,0.00913776,3.779397542,0.007247776,0.000125529,0.000908208,0.000483406
7097,3.40114372,0.007913883,3.765351306,0.008612449,0.000207109,0.000259645,0.001107291
7098,4.317491236,0.009594613,2.193657687,0.008866825,0.000376169,0.000742597,0.000435539
7099,3.801688273,0.005815182,0.671651006,0.002217626,0.000159023,0.000288096,0.002596062
7100,4.850685352,0.005851613,1.611275082,0.002126908,0.000481323,0.000808861,0.000294659
7101,4.713063868,0.000784793,3.776104415,0.005430552,0.000344243,0.000954142,0.001590455
7102,3.898490357,0.001631397,2.012300298,0.008137728,0.000436508,0.00091007,0.000654219
7103,4.166781481,0.00529499,3.43856575,0.001086563,0.000369788,0.000949606,0.002463726
7104,4.978369088,0.002736306,2.328332218,0.005811804,2.36672E-05,0.000920876,0.002419908
7105,2.548466168,0.002602011,3.801369527,0.009290342,0.000210074,0.000897494,0.000249017
7106,3.608006629,0.003448626,1.077979947,0.006798384,0.00064395,0.000880674,0.002398934
7107,4.329207406,0.00608212,2.277104363,0.00688597,0.000140177,0.000343157,0.000915159
7108,3.163630878,0.003209814,3.868652161,0.008821805,0.000395934,7.78474E-05,0.001492594
7109,3.26965098,0.008462093,1.426556258,0.00474662,0.00012352,5.58711E-05,0.001018199
7110,3.695010544,0.005683871,2.693817406,0.009014164,9.277E-05,0.000962106,0.002134683
7111,4.581603445,0.007993041,0.125865071,0.007610305,9.04698E-05,0.000947737,0.000704124
7112,4.476904467,0.009837635,1.178568591,9.87991E-05,0.000998252,0.000761647,0.001904057
7113,3.420542815,0.004618082,3.963411912,0.001972784,0.000816871,3.56962E-05,0.001703237
7114,3.491285594,0.000629932,0.213530208,1.10462E-05,0.00061547,0.000896165,0.00292175
7115,3.388771205,0.004173049,0.568989692,0.003209526,0.000564295,0.000980199,0.002021859
7116,2.875169456,0.006540955,0.407166547,0.002879895,0.000340496,0.000372402,0.001799857
7117,3.301315389,0.009694879,0.063102526,0.006141852,0.00054543,0.000693995,0.002352769
7118,4.211743596,0.007628958,0.597388515,0.000661689,0.000275351,0.00076617,0.000934357
7119,2.749213136,0.003449704,1.655408967,0.001725714,0.000199751,0.000751106,0.001018694
7120,4.962325269,0.001539879,0.532699964,0.008687909,0.000804319,0.000839581,0.002183406
7121,3.765521102,0.005128158,2.925870444,0.007260372,0.000353382,0.000609651,0.002956627
7122,3.339183055,0.004431981,3.469393488,0.000842554,0.000894717,0.000658235,0.002187515
7123,4.167098848,0.008039448,2.530010414,0.000186349,0.000452993,0.00048828,0.002061543
7124,4.400859539,0.008152892,3.159548704,0.004923091,0.000243829,0.000366879,0.002324859
7125,4.773438276,0.000468173,0.728944607,0.00159086,0.000847673,0.000375112,0.002526417
7126,3.935326759,0.002915899,0.784520814,0.007534007,0.00034947,0.000448287,0.001555987
7127,2.950028307,0.002314036,3.936325093,0.00115991,0.000275733,0.000319462,0.001134478
7128,4.931632196,0.00983523,1.913845709,0.003136253,0.000868656,0.000885857,0.00240121
7129,4.921389823,0.005979697,3.051273781,0.002766091,0.00075502,0.000999137,0.001890271
7130,4.018987907,0.007989825,1.600970311,0.003741482,0.000641621,0.000328377,0.001156095
7131,3.555206984,0.006730663,3.046896986,0.006291781,0.000380412,2.00229E-05,0.001590222
7132,4.768752317,0.001658341,2.865645494,0.000332099,0.000477789,0.000795092,0.002771796
7133,4.161063782,0.003774717,1.848067301,0.009450542,0.000793198,0.000501445,0.002678912
7134,3.53126731,0.005859021,0.697219993,0.009547011,0.000385805,0.000794939,0.002136591
7135,3.867848388,0.001380024,2.863894547,0.000401417,0.000887716,0.000731102,0.00251088
7136,4.95713121,0.002029356,2.309323833,0.008029188,8.30438E-05,0.000250394,0.000180029
7137,4.692424488,0.002982413,2.709337444,0.009416521,0.00083319,0.000938651,9.64848E-05
7138,3.645901646,0.008595089,1.087837366,3.8215E-05,0.000591578,1.08718E-05,0.002823137
7139,4.30661988,0.006989202,0.923215705,0.001071393,0.000455595,0.000660644,0.002778812
7140,4.164166307,0.006850596,3.493342645,0.005868369,6.27902E-05,0.000562188,0.002561305
7141,4.929554453,0.008401722,1.109277693,0.003753633,0.000125805,0.000634394,0.002495366
7142,3.741104433,0.005652148,1.0583468,0.009788593,0.000927788,0.000851164,0.000147536
7143,3.17445397,0.005412652,1.194915854,0.004240481,0.00096861,0.000888112,0.001035005
7144,4.815166126,0.005044598,0.390376552,0.005777439,0.000739295,0.000540921,0.000579522
7145,2.579138385,0.007256521,2.035057645,0.006546429,0.000682362,0.000903654,0.000296067
7146,4.034684681,0.008387557,1.468045584,0.006869994,0.000375082,0.000318459,0.000326167
7147,3.523234611,0.00379217,1.69601726,0.003349179,0.000868052,0.00067386,0.002497879
7148,4.15095304,0.005511499,2.275730553,0.00636061,0.00029512,0.000457286,0.001333774
7149,3.343778358,0.007497767,1.685464518,0.005011401,0.000808682,0.000597055,0.00110877
7150,4.544830763,0.000895693,3.000856166,0.001411333,3.41527E-05,0.000756373,0.002270847
7151,2.832293395,0.001807848,0.649251318,0.008940531,0.000877962,0.000248254,0.002821533
7152,2.708314817,0.008218227,1.913396004,0.002921373,9.21241E-05,0.000506167,0.002157616
7153,3.098322427,0.004450275,3.916808927,0.009864639,0.000796518,0.000443967,0.002764151
7154,4.942811591,0.005081358,2.404731457,0.008883581,0.000774497,0.000658988,8.68781E-05
7155,2.947735246,0.007244633,0.729490157,0.00679025,0.000921311,0.00069393,0.000392429
7156,4.126137626,0.000706819,3.654278028,0.006371207,0.000415955,0.000716999,0.00238493
7157,4.320597299,0.009697046,3.148713376,0.001220705,0.000655506,0.000106085,0.000689262
7158,4.711300254,0.005206116,2.2153736,0.007784209,0.00085743,0.000923268,0.002887535
7159,4.966248842,0.000900915,0.013920124,0.00652441,0.000467887,0.000613727,0.001214573
7160,3.075629983,0.000881207,3.968318655,0.000219045,0.000229034,0.000249138,0.002169411
7161,4.98786505,0.002931417,1.893808925,0.003973182,0.000658197,0.000629228,0.002907252
7162,3.547119982,0.007140534,2.966683319,0.000292266,0.000496076,0.000846111,0.000805932
7163,4.604343485,0.004735798,3.675971409,0.00644426,0.000980214,0.000706716,0.001470446
7164,3.875925184,0.00849874,2.070383732,0.000854465,0.000567667,0.000475945,0.00143832
7165,4.701710453,0.002804297,0.439219967,0.006256092,0.000358535,0.000687966,3.66693E-05
7166,4.178948189,0.00153486,3.674169726,0.001196074,0.000378884,0.000620631,0.001140921
7167,3.005119528,0.001566698,3.124005048,0.004803451,0.000834515,0.000695957,0.001804134
7168,3.510123696,0.009856343,2.978135887,0.004055835,0.000637109,0.000500251,0.002179425
7169,4.709067325,0.008222968,3.506724147,0.003502073,0.0008862,0.000159241,0.00055562
7170,4.029061036,0.005555498,1.123439325,0.009751192,0.000546897,0.000488272,0.002333696
7171,4.247314455,0.009729389,1.578086557,0.007070605,0.000285302,0.000518012,0.000719816
7172,4.10844508,0.004681414,3.504131913,0.001687725,0.000432795,0.00064178,0.00109922
7173,4.721800084,0.000588023,2.444332105,0.009513068,0.000774657,0.000724771,0.001887558
7174,4.794038086,0.007386177,1.076642842,0.002319946,0.0002425,0.000343756,0.000968994
7175,4.300812441,0.004860242,2.373715636,0.000201259,0.00071515,0.000791276,0.001056295
7176,4.647940118,0.000672019,1.703840662,0.003880829,0.000652124,0.00027336,0.001569843
7177,4.939524887,0.009535126,3.791962618,0.007337188,9.44387E-05,0.000459377,0.000171924
7178,4.913623527,0.005918673,1.795757665,0.007927439,0.000968096,0.000542679,0.000427282
7179,3.777040496,0.003993288,1.781611487,0.009569337,0.000666008,5.72845E-06,0.002002551
7180,3.763828067,0.000877199,2.230530107,0.008649821,0.000622279,0.000909229,0.000273983
7181,4.84784924,0.005375575,1.475275907,0.008693363,0.000473873,0.00011333,0.001997093
7182,3.888150011,0.00527515,1.018054362,0.002823387,0.000215499,0.000224204,0.000780276
7183,4.137116086,0.005099589,0.929477582,0.000578372,0.000248523,0.000263814,0.001658587
7184,4.827782263,0.007029555,3.224543317,0.006186142,0.000361591,0.000355129,0.002099208
7185,4.466644903,0.007060387,1.796708923,0.004753494,6.78188E-05,0.000797229,0.00298568
7186,4.310946109,0.008274084,2.033308528,0.003261827,1.05782E-05,0.000465983,0.001286781
7187,3.036013127,0.009546274,3.453398494,0.001149225,7.54266E-05,5.64898E-05,0.002139883
7188,4.75815279,0.000132099,2.708280945,0.003061355,0.000227897,0.000780574,0.001236069
7189,3.555643374,0.003938745,1.345951948,0.00065545,0.000636897,7.9356E-05,0.001929296
7190,2.588371214,0.003207024,0.369502544,0.006484736,0.000615893,0.000356169,0.001013395
7191,4.837618462,0.004377292,1.031522023,0.008189208,7.23413E-05,0.000371476,0.002012132
7192,2.610630168,0.002967467,3.632318762,0.002134866,6.49867E-05,3.41331E-05,0.000759626
7193,2.760779735,0.007709402,0.833200491,0.002981024,0.000358927,0.000600537,0.002798097
7194,3.082525854,0.006770584,0.600308784,0.006486929,0.000809819,0.000306771,0.001961018
7195,3.720677581,0.001784499,2.018235658,0.00485859,7.83729E-05,0.00077723,0.000890032
7196,2.546289014,0.006354515,1.388906106,0.001587349,0.00087271,0.000742434,0.00062839
7197,4.225399271,0.00947956,3.281828085,0.006860974,0.000593153,0.000142427,0.002786549
7198,3.736875295,0.000615455,2.219298023,0.000242112,0.000886414,0.00021283,0.000660536
7199,2.70802376,0.007377268,1.38971289,0.005917537,0.00017555,0.000396635,0.001665593
7200,4.363239591,0.006724191,3.4161314,0.005227417,0.000852623,0.000600622,0.002679631
7201,3.900564381,0.004301317,3.419681756,0.001179647,0.00093897,0.000346558,0.000873481
7202,4.703928723,0.006641621,1.960250243,0.006394263,0.000664847,0.000145999,0.00099296
7203,2.6206904,0.0078719,2.320335294,0.00883349,0.000616675,0.000838279,0.000223598
7204,4.907975429,0.00692602,0.477408027,0.002045204,0.00089601,0.000436364,0.002576087
7205,3.919111467,0.008620196,0.073725862,0.008067365,7.99405E-05,0.000917526,0.00285735
7206,2.785890895,0.000446293,2.056668907,0.009312339,0.000618664,0.000956921,0.001947728
7207,3.367575716,0.007315227,1.182916457,0.000393235,0.000397521,0.000327124,0.002822652
7208,4.905697992,0.003489076,0.565884217,0.004201139,0.000166259,0.000749108,0.000271191
7209,3.757450134,0.002340461,2.990044163,0.000383444,0.000587831,4.20218E-05,0.000513645
7210,3.581023525,0.00327353,3.855433973,0.002720878,0.000819085,0.000330084,0.001867204
7211,4.381187255,0.009652544,0.813011673,0.008926702,0.000550612,0.000881995,5.07276E-06
7212,3.239569752,0.005000521,1.048824377,0.004491286,0.000452616,0.000712897,0.000826804
7213,3.679439343,0.004244415,1.345188932,0.008324036,0.000966678,0.000151512,0.000153103
7214,3.89104817,0.009878848,2.073969577,0.008175153,0.000815331,0.000122171,5.40289E-05
7215,3.856721096,0.007969567,1.845626978,0.000125144,0.000581687,0.000884557,0.000638545
7216,3.415660457,0.008594502,2.844960582,0.004221589,0.000527364,0.000205432,0.002350295
7217,3.115820428,0.006046894,0.400376626,0.009416651,0.000168794,0.00056582,0.001530522
7218,3.018565442,0.005028288,0.359451014,0.003548836,0.000525575,3.15178E-05,0.001353294
7219,2.76365326,0.004774747,0.031515011,0.008291458,0.000566663,5.02954E-05,0.000194664
7220,4.215496954,0.009232797,2.818947507,0.007209042,0.000844772,0.00010795,0.002476923
7221,2.732153911,0.00012162,0.295700746,0.008543076,0.000643842,8.60546E-05,0.000825496
7222,2.509975428,0.006759105,1.229270361,0.006167276,0.000863413,0.000169776,0.00128174
7223,3.17940715,0.002627961,3.607344114,0.002648051,0.000934848,0.000579415,0.001933097
7224,4.712676732,0.005007234,2.485686212,0.007192088,0.000446439,0.000273899,0.002881701
7225,2.619129419,0.006298748,2.920811902,0.002691892,0.000715895,0.000615627,0.000934485
7226,4.302984491,0.002219131,0.702583304,0.00758857,0.00091238,0.000155234,0.002706104
7227,3.656382193,0.004303412,3.9031962,0.002414212,6.01186E-05,0.0003748,0.001349211
7228,4.722225536,0.000743155,2.58347956,0.006636165,0.000766159,0.000903896,0.002115178
7229,4.473132562,0.001441215,2.569185325,0.003203488,0.000261546,0.000606755,0.002666765
7230,4.183132488,0.009347954,1.91742352,0.002279281,0.000394876,0.000763638,0.000818054
7231,2.624472999,0.00159696,2.418432509,0.003556773,0.000343052,9.31343E-05,0.00159694
7232,3.355129327,0.007712538,0.471534774,0.008432272,9.2314E-05,4.10053E-05,0.002864031
7233,4.39530162,0.002915551,1.377047983,0.004004122,7.80945E-05,0.000869438,0.00078958
7234,4.003377082,0.007960149,0.974738091,0.006608401,0.00072217,0.00098995,0.002067733
7235,3.494552712,0.008633235,2.564206974,0.000139914,0.000238318,0.000597558,8.56476E-06
7236,3.966663302,0.00143587,3.838803879,0.006111052,0.000981141,0.00066104,0.002849773
7237,2.877971019,0.005926501,2.583797278,0.007380712,0.000734698,0.000723692,0.002581979
7238,3.644970057,0.003085003,1.147696489,0.006212882,4.93551E-06,0.000544265,0.002039536
7239,2.581216222,0.009609668,1.099045187,0.003100108,4.17445E-05,0.000578909,0.000991466
7240,3.950937998,0.005360677,1.209412699,0.000240751,0.000935278,0.000141945,0.001195786
7241,3.371067402,0.007078437,0.448030964,0.007826027,0.000719804,0.000197784,0.00163198
7242,3.590992334,0.002055842,2.156763244,0.003533743,0.000483701,0.000323494,0.001637822
7243,4.864532658,0.001466879,3.502899039,0.000283239,0.000392869,8.6067E-05,0.002279093
7244,3.078712236,0.00974001,3.278932233,0.005541055,0.00013016,0.000729578,0.002885401
7245,4.578974065,0.005427836,0.794553971,0.003776079,0.000891519,0.0003559,6.00823E-05
7246,3.844714563,0.006022352,1.66089386,0.00399818,1.86138E-05,0.000833413,0.000496675
7247,4.670329809,0.005576972,1.27581002,0.009642115,0.000898913,0.000832205,0.000527036
7248,3.563609909,0.000379942,1.165895276,0.00990708,0.000661376,0.00086019,0.002213486
7249,4.763507294,0.006765905,3.033469508,0.006446079,0.000304724,0.000191438,0.002222848
7250,4.695974037,0.001832137,1.467508054,0.004448518,0.000163442,0.00020835,0.000152779
7251,3.079719882,0.008391662,2.775599254,0.003727508,0.000790879,0.000528021,0.001080778
7252,2.716634679,0.00335539,2.72375067,0.000631558,0.000602419,0.000952781,0.000800907
7253,2.554525295,0.005389038,2.28125355,0.005361057,0.000632171,5.82828E-05,0.00232929
7254,3.888707773,0.005739405,1.298687196,0.000547632,0.000971035,0.000911936,0.000629099
7255,4.117218053,0.006228472,0.082128428,0.008382877,0.000960892,0.000199187,0.000319751
7256,4.093569232,3.50624E-05,0.960778637,0.005540302,0.000460745,0.00035972,0.001739898
7257,3.506126301,0.002093272,1.529662437,0.008269785,0.000195053,0.00014242,0.001657481
7258,3.080197379,0.006414517,2.808001902,0.003064263,0.000113314,1.90034E-05,0.000273851
7259,4.95156968,0.00704573,1.910472094,0.001424518,0.000447797,0.000920059,0.002800215
7260,3.262732313,0.00703862,2.811265437,0.009675056,4.55536E-05,0.000909214,5.26235E-05
7261,3.44311105,0.003854016,1.135244117,0.002330711,0.000813951,0.00071308,0.001213112
7262,2.677643018,0.006924918,3.639010749,0.001557268,0.0007964,0.000850851,0.002316885
7263,3.646562229,0.008922606,3.974948557,0.00159036,0.000509562,0.00029269,0.002588271
7264,4.152479131,0.004948969,1.03836374,0.005759814,0.000316658,0.000436466,0.001623884
7265,2.848126236,0.009872087,2.640275389,0.004091016,0.0009446,0.000892163,3.03338E-05
7266,4.241554688,0.009796211,0.938987407,0.008762414,0.000763615,0.000261163,0.001839703
7267,3.650137327,0.001408377,3.856907929,0.002158814,8.76385E-05,0.000531541,0.000839506
7268,4.018973314,0.002722766,2.975088155,0.008198715,0.000976781,7.97181E-05,0.000286095
7269,2.525279536,0.004008996,1.219364878,0.001721654,0.000383019,0.000773506,0.000332164
7270,4.64494277,0.009262383,1.290550247,0.008296315,0.000700478,0.000531064,0.00171683
7271,4.767311854,0.006779567,0.339207089,0.002565183,0.000636264,0.00096651,0.000809647
7272,3.934323111,0.007533551,1.163793861,0.006601411,0.000727919,0.000530958,0.001295633
7273,2.579841536,0.002901415,0.93293059,0.009165276,0.000716911,0.000967931,0.001597008
7274,3.377366605,0.007911938,0.96212376,0.007223866,0.000797086,0.000439686,0.002191955
7275,3.263271936,0.003916103,1.834171978,0.008513567,1.92469E-05,1.93169E-05,0.001582801
7276,2.644382351,0.006198564,1.939166619,0.002973185,0.000354703,0.000856318,0.000826085
7277,4.294382926,0.008217195,3.515678102,0.006893567,0.000478688,0.000747649,0.00106856
7278,4.742078436,0.006418769,0.81041722,0.008342258,0.000217524,0.000879345,0.001443687
7279,4.219034545,0.008000751,2.42568105,0.008295044,0.000550048,0.000843925,0.001259221
7280,4.896013999,0.002587909,3.71312108,0.006951666,0.000338159,0.000546247,0.002758012
7281,3.192447582,0.002606405,3.671173357,0.009580512,0.000749088,0.000447527,0.000265712
7282,4.353541715,0.009371773,3.931125771,0.001935941,0.000360644,0.000557565,0.000486892
7283,2.739192137,0.007531681,0.869683822,0.00822969,0.000351171,0.000707905,0.002099192
7284,4.700853428,0.00903564,2.737647132,0.005918673,0.000805314,0.000402035,0.000313347
7285,3.23583034,0.001254265,3.1904741,0.002467971,0.000390889,0.000631373,0.001147873
7286,3.811817645,0.001346771,1.67226714,0.002158298,0.00093765,7.62521E-05,5.77214E-05
7287,3.390538237,0.009540453,1.175754792,0.000706886,0.000782022,0.000919959,0.001251613
7288,2.802306579,0.002338812,0.258876421,0.002720909,0.000636991,0.000459958,0.000722201
7289,4.425610946,0.006761707,0.463033508,0.002645236,0.000238952,0.000294581,0.002168298
7290,3.801337662,0.004405486,3.598383103,0.002363485,0.000251082,0.00064922,0.000223003
7291,4.764129495,0.000509,1.341991426,0.005838705,0.000764939,0.000439882,0.00242901
7292,3.890395056,0.006883024,0.316207008,0.007876798,0.000653985,0.000884086,0.000752894
7293,3.008200231,0.005507509,2.784968377,0.003417175,0.000916377,0.000383587,0.002265326
7294,4.667672109,0.002827448,0.027656237,0.006642794,0.000874411,0.0005846,0.002184047
7295,3.927230969,0.008967516,0.496914043,0.00859893,0.000399075,0.000739397,0.001246455
7296,3.945061446,0.006784537,0.628653146,0.002634262,0.000515123,0.00027926,0.000591655
7297,4.02273563,0.006330045,2.588985602,0.009239211,0.000252652,0.00015287,0.001849411
7298,4.405970788,0.00909858,0.596678218,0.005169803,0.000948058,0.000669002,6.97394E-05
7299,4.828573754,0.006239432,2.216074801,0.001441644,0.000142137,8.54899E-05,0.00048572
7300,2.873936691,0.001184164,0.317723219,0.006704162,0.000547477,0.000357666,0.000606251
7301,2.576850093,0.003832489,3.999820378,0.000235307,0.000528592,0.000516488,0.001974261
7302,3.033607729,0.003206809,0.326225783,0.003489836,0.000309196,0.000533623,0.000320053
7303,3.955103998,0.004123225,2.280455671,0.002058819,0.000615619,0.000853829,0.000882675
7304,2.673972252,0.009655311,2.799991174,0.004276411,0.000825279,0.000661657,0.000717993
7305,4.543587804,0.000960811,2.944834198,0.006040934,0.000554229,0.000852449,0.001253673
7306,3.986921506,0.002567934,1.650011878,0.00829085,0.000319819,0.000291683,0.000327861
7307,4.208311292,0.007567299,3.075299445,0.000537786,0.000680103,0.000922302,0.000938142
7308,3.601715651,0.007771034,1.443816423,0.005513917,0.000891631,0.000497125,0.002029844
7309,4.228030482,0.005146492,1.675212487,0.002632694,0.000334625,0.000556681,0.000581242
7310,3.024871995,0.009479486,2.547350889,0.006692653,0.00020295,7.57399E-05,0.000801168
7311,2.708166571,0.001850525,0.949610275,0.004745917,0.000295556,0.000406875,0.000415375
7312,2.877886839,0.006407547,1.743834327,0.002804984,0.000293169,0.000744133,0.001442989
7313,2.962759465,0.007026081,0.892269046,0.004166923,9.44892E-05,5.00379E-05,0.000443368
7314,4.125274004,0.002161921,2.180550064,0.002938837,0.000636261,0.00071319,0.002808413
7315,3.896338364,0.00061081,0.328859634,0.000930429,0.000468856,0.000907417,0.001420659
7316,4.874768238,0.00834899,3.838860534,0.002405789,0.000313305,0.000258106,0.002000766
7317,4.604677816,0.002590945,3.746672988,0.006001806,2.61187E-05,0.000487646,0.002927303
7318,2.550836482,0.009055738,1.970649315,0.003374033,0.000858258,0.000102712,0.000731197
7319,3.308712536,0.003818519,3.791305033,0.008738059,0.000877947,0.000522485,0.001717639
7320,3.004817055,0.000796996,2.349339324,0.000174515,0.000960816,0.000738342,0.000824214
7321,3.547193528,0.000770678,2.350112344,0.007685682,0.00011259,0.000176597,0.001228746
7322,4.510329395,0.008103084,0.51731023,0.001761935,3.77978E-05,0.000725931,0.002196816
7323,4.01225375,0.006424623,1.286822841,0.005512151,0.000100159,0.000223059,0.001636901
7324,3.458495275,0.002480039,3.799374975,0.000391484,0.000405228,0.000439926,2.78034E-05
7325,4.212700957,0.007249884,3.014000692,0.00276529,0.000984621,0.000666567,0.001788246
7326,3.322594084,0.00912542,1.773005255,0.003531318,0.000548086,0.000927513,0.0020395
7327,2.816081385,0.005692163,0.293614544,0.000342118,0.000845805,0.000839424,0.001517942
7328,3.899630276,0.007611375,2.476190011,0.00661691,1.46261E-05,0.000906821,0.000484565
7329,3.89601753,0.004364336,1.465731908,0.002821141,0.000497514,0.000235126,0.000954228
7330,3.168139134,0.00602442,2.761619553,0.005151317,0.000810672,0.000824334,0.002164274
7331,3.20470763,0.005373497,2.246539408,0.002676248,0.000420938,1.26745E-05,6.35971E-05
7332,3.731758905,0.007385835,2.675576291,0.003846158,8.05243E-05,0.000269934,0.001147836
7333,4.982248829,0.005128428,0.835680381,0.002953586,0.000523439,0.000527618,0.000753353
7334,3.527292963,0.006520035,2.608737151,0.002174306,0.00080863,0.000744276,0.002476616
7335,2.586639026,0.007948598,3.372261154,0.004267161,0.000907515,0.000796365,0.002601227
7336,3.560513421,0.005914247,3.354597458,0.009763391,0.000619887,0.000603063,0.002139314
7337,3.218262332,0.001945203,2.629655394,0.007874146,0.000665588,0.000988338,0.00115908
7338,3.753967847,0.004509468,0.192519912,0.005335037,7.48134E-05,0.000482771,0.00214769
7339,4.557031259,0.00509544,2.82098255,0.000690458,9.59786E-05,0.000903495,0.002978388
7340,4.873419618,0.008029298,1.974019225,0.004051703,0.000804872,0.000776257,0.001336217
7341,3.369401271,0.007800575,2.674036429,0.008659867,0.000670864,0.000532659,0.000415249
7342,3.569230157,0.008348277,1.763592687,0.007986073,8.92047E-05,0.000407706,0.002338795
7343,4.70288934,0.003455664,0.33157356,0.007940906,0.000604526,0.000196702,0.001796196
7344,4.277882615,0.00555086,2.583614178,0.003771656,0.000436238,0.000484799,0.002447882
7345,4.627918665,0.007958097,0.736962244,0.002607098,4.80198E-05,0.000316975,0.001885788
7346,2.739879746,0.007632616,0.095594833,0.008734515,0.000876417,0.000197187,0.002581498
7347,3.274604124,0.009513549,2.02478282,0.001177004,5.09887E-05,0.000396727,2.61418E-06
7348,4.504636419,0.00042667,0.096574667,0.004413186,0.000590044,0.000766554,0.001687622
7349,3.308899108,0.005191241,0.883594018,0.007670227,0.000792367,0.000534132,0.000909618
7350,2.962654986,0.001867643,3.933880895,0.006741128,0.000219148,0.00019409,0.001570983
7351,3.932676304,0.00946562,2.020882853,0.005282508,0.000113335,0.000921227,0.000334946
7352,3.310469171,0.001007615,1.962431873,0.005526069,0.000773556,0.000936837,0.001492122
7353,4.042187665,0.002957448,2.312477478,0.004635786,0.000718152,7.65919E-05,0.002417585
7354,3.216432622,0.006450041,2.199868717,0.001061764,0.000694627,0.000593665,0.002566513
7355,3.099124645,0.004237578,2.463210828,0.007157128,0.000385344,0.000815516,0.00090531
7356,4.287040325,0.002364284,3.133328403,0.000740276,0.000776677,0.000214145,0.002821063
7357,3.065523644,0.005639284,3.192739797,0.001868369,0.000710565,0.000304218,0.001535588
7358,4.52793791,0.009014179,2.601086542,0.009758389,0.000393246,0.000853457,0.000441285
7359,2.541773146,0.003285429,1.540853029,0.000833493,0.000817005,0.000679094,0.000113194
7360,4.242356055,0.006170757,3.759076514,0.00448985,0.000488304,0.000312998,0.00167577
7361,3.840894465,0.007136623,0.964831416,0.003052746,0.000328305,0.000529661,0.001045631
7362,3.946678393,0.008823894,1.839416353,0.000330256,0.000890448,0.000471649,0.000407764
7363,4.870329118,0.000662353,0.598757905,0.004529475,0.000669022,0.000685313,0.002613897
7364,3.956800658,0.005646857,3.345694178,0.007297168,0.000687735,0.000648228,0.002351118
7365,3.976504829,0.008647292,2.065842794,0.002372699,8.50239E-05,0.000863121,5.15972E-05
7366,2.687961716,0.005650703,1.313182072,0.000104576,0.000579515,0.000401154,0.000883786
7367,2.827953238,0.001749806,0.214280431,0.00217521,0.000159754,6.63285E-05,0.002830776
7368,3.868679867,0.008944617,1.546530398,0.000871565,0.000706857,2.11209E-05,0.001795801
7369,2.980500199,0.002201795,1.750056423,0.003877409,0.000244627,0.000665322,0.002133002
7370,3.171016377,0.005365743,0.708366133,0.006005728,0.000652395,0.000607337,8.29112E-05
7371,4.773527149,0.002552705,3.015914418,0.00030235,0.0005251,0.000402024,0.001392035
7372,3.44399918,0.001556501,1.801208178,0.008116677,8.73084E-05,0.000544477,0.00049551
7373,2.581504139,0.007399608,0.095418358,0.002247748,0.000925285,0.00096416,0.000248573
7374,3.018412563,0.007556612,1.348386005,0.00328236,0.000803327,0.000500544,0.002252301
7375,2.584656437,0.004243446,0.548851534,0.005023331,0.000452924,0.000637223,0.002895435
7376,4.623644585,0.007674168,3.063924195,0.002008025,0.000323399,0.000577227,0.000387355
7377,4.663749588,0.006372024,0.22399745,0.001026922,0.000594488,0.000525148,0.001294616
7378,4.890387863,0.00829179,1.760100747,0.007079116,0.000838775,0.000780778,0.000383612
7379,2.817103158,0.005734792,0.50519687,0.002831205,0.000246677,0.000503634,0.000653916
7380,3.715715532,0.00959921,0.367344157,0.004568517,0.000230333,0.000125891,0.001446186
7381,3.675458512,0.003410553,1.003976226,0.003369591,0.000488184,7.66262E-05,0.002329249
7382,4.128826721,0.005732997,2.738258486,0.003617657,0.000399301,0.000696728,0.002560298
7383,4.131931193,0.00352719,1.554246838,0.002198522,0.000504903,0.000907172,0.001068599
7384,3.288234032,0.000795369,2.837341538,0.006470087,0.000501092,0.000274579,0.002210889
7385,4.152418814,0.005361793,3.58460772,0.003717381,0.000607467,0.000844535,0.002920473
7386,4.154821248,0.008108436,0.253410826,0.002820737,0.000685493,0.000757982,0.000199512
7387,3.029969296,0.005998125,0.238651842,0.008337561,0.00070951,0.000712086,0.00283543
7388,4.379717362,0.002667471,0.058830375,0.004926938,0.000454679,0.000810726,0.000264819
7389,4.242994715,0.006072587,1.303725837,0.004020002,0.000415345,0.000710529,0.00273412
7390,4.738261679,0.003573609,0.521508968,0.006713781,7.39448E-05,0.00062528,0.000740221
7391,2.615236714,0.002026792,1.422026518,0.000434559,0.000864392,0.000580241,0.001766661
7392,3.360296457,0.005036864,2.85455552,0.009009595,0.000580199,0.000112406,0.001348865
7393,2.975857731,0.00413239,3.823920578,0.006953651,0.000333917,0.000898148,0.001936768
7394,3.855195238,0.005279275,3.731930067,0.009973023,0.000255006,0.00051534,0.000830835
7395,4.238030406,0.008784405,3.652119172,0.001557073,0.00015189,0.000755085,0.002638223
7396,4.717267287,0.004457725,3.735523827,0.004510558,0.00021494,0.000268046,0.001823548
7397,3.261726248,0.000998015,1.405161258,0.001702228,5.20662E-05,0.000916519,0.002891245
7398,3.257814379,0.007123969,2.190526893,0.001244541,3.54497E-07,0.000848884,0.001577983
7399,4.293442469,0.001758516,0.572095666,0.001308617,0.000137423,0.000786537,4.27791E-05
7400,4.369554028,0.004325275,2.105772464,7.77008E-05,0.000455169,0.00069228,0.002703387
7401,2.631084052,0.009731814,3.754713161,0.0074886,0.000986923,0.000666916,0.000834033
7402,3.612865965,0.003577729,0.232052793,0.004342401,0.000715429,0.000880892,8.3677E-05
7403,3.163574943,0.005728267,1.313194569,0.009065525,0.000188189,0.000518668,0.000935329
7404,3.994284706,0.008880309,2.699481732,0.003629209,0.000607763,0.000622407,0.00221956
7405,3.753457216,0.006983579,3.033851589,0.005727204,0.00017652,1.81864E-05,0.000413905
7406,3.374566628,0.005143133,3.087969898,0.007815183,0.000628164,0.000339217,0.001145493
7407,4.459836038,0.0078758,1.756236396,0.006374367,0.000738209,0.000211479,0.000547787
7408,4.990346768,0.004264749,2.329034049,0.003946043,0.000963071,7.28229E-05,0.001954892
7409,3.493626084,0.008952435,0.52254514,0.00515296,0.000630941,0.000840472,0.002931135
7410,3.052106424,0.008692738,2.349275782,0.003966127,0.000525315,0.000770229,0.000655984
7411,3.602253194,0.009166579,0.554386884,0.005254539,0.0004555,0.000422853,0.00234253
7412,4.320678653,0.007635462,2.316064027,0.000106957,0.000641866,0.000646145,0.000178649
7413,4.369508595,0.006672981,3.038943083,0.004209017,0.000706983,0.000232227,0.001391075
7414,4.06257909,0.005562737,0.528746119,0.007540529,0.000909499,0.000970497,0.001678955
7415,3.537579846,0.002362937,0.532666786,0.004150752,0.000151892,0.000160272,0.000849027
7416,3.888282653,0.007492044,1.184681608,0.000972256,0.000217715,0.000358137,0.000362213
7417,2.911613794,0.009059653,1.714441499,0.00313035,0.000529489,0.000315396,0.001284017
7418,3.980608059,0.005327059,1.315331174,0.005300418,0.000913942,0.000531684,0.001911644
7419,4.325670222,0.001633903,3.951644642,0.003545663,0.000904643,9.62595E-05,0.002408559
7420,4.32748021,0.002480721,2.483342856,0.007783397,1.56277E-05,9.38512E-07,0.000710274
7421,3.006281313,0.008211123,3.731774323,0.00764597,0.000745316,5.31219E-05,0.001812916
7422,4.12760951,0.006586034,3.758586246,0.009601744,0.000339459,0.000887042,0.001268566
7423,4.579717524,0.002852046,2.330648577,4.856E-05,0.000114308,0.000760871,0.000236308
7424,2.812520205,0.007116186,0.899528762,0.009771052,0.000966866,0.000456328,0.000346849
7425,2.846259344,0.003961075,3.531000245,0.005961089,0.000220777,8.50478E-05,0.000808642
7426,3.390057069,0.009543654,1.756078328,0.009234761,0.000740377,0.000816625,0.000398703
7427,3.364588427,1.43754E-06,3.951875887,0.004409051,0.000574353,0.00097854,0.001179942
7428,4.626156046,0.0016839,2.58402259,0.000161598,0.000623933,0.000661772,0.000102521
7429,3.650261352,0.006835897,3.12322361,0.005931164,0.000853507,0.00057786,0.002859826
7430,4.95386245,0.009979854,2.680615581,0.008945026,0.000676645,0.00051541,0.002872688
7431,4.013437294,0.007077692,3.354349206,0.009764998,0.000317015,0.000697602,0.000314372
7432,4.137362535,0.005750523,0.140757005,0.008582239,0.000810996,0.000459555,0.001343789
7433,3.096305415,0.005463062,0.902429708,0.006427871,0.000777362,0.000171081,0.000116539
7434,2.565763713,0.00780871,2.401049315,0.000321541,0.000290734,0.000799753,0.00171862
7435,3.654357493,0.004878199,3.219665356,0.006482066,0.000832794,4.25123E-05,0.000977948
7436,4.783297023,0.001824573,0.736878552,0.009907196,0.000536942,0.000587841,0.002320865
7437,4.207502619,0.003612785,0.98977131,0.008996938,3.11217E-05,0.000197755,0.000535662
7438,3.009051346,0.00086671,3.3157778,0.009189727,0.000629062,0.000642769,0.002569294
7439,2.645794884,5.02718E-05,0.196533019,0.00066936,0.000179956,0.000592947,0.00076927
7440,2.856658058,0.009393705,1.340077285,0.002431468,0.000474885,0.000747877,0.001111119
7441,3.521581302,0.008121041,1.05570502,0.007875182,0.000878314,0.000586009,0.000936864
7442,4.484219271,0.003246524,1.306251115,0.000768435,8.70693E-05,0.000533355,0.000513116
7443,3.7721095,0.005459055,3.149343678,0.002655243,0.000619435,7.79289E-05,0.000867105
7444,4.351606896,0.009255078,2.705086301,0.006240437,0.000946232,0.000417709,5.88644E-05
7445,3.991039667,0.004238817,3.166581689,0.001009253,0.000904676,0.000245542,0.000485967
7446,2.5532662,0.008110559,0.268527177,0.005121286,8.53698E-06,0.000948381,0.002994258
7447,3.746340534,0.007075524,3.261855559,0.003205551,0.000489505,0.000251478,0.001586772
7448,2.913484124,0.006488143,2.040641517,0.001992808,0.000907967,0.000652093,0.00230447
7449,2.833221966,0.0010131,3.120596977,0.009263753,0.000885348,0.000587859,0.002947843
7450,4.128023516,0.006212455,0.192655863,0.006669683,0.000359187,0.000192947,0.001966493
7451,4.863686536,0.008386671,1.911898669,0.000893974,0.000382045,0.000547558,0.002827429
7452,4.483427987,0.006807374,0.639495013,0.005955039,0.000648633,0.00084941,0.001709259
7453,3.349827172,0.008892542,3.698861472,0.006986616,0.000864913,0.000362953,0.001788319
7454,3.281322696,0.003041028,1.902462526,0.001424293,0.000392767,0.00015857,0.002097431
7455,4.339786156,0.009854619,0.100838797,0.000548345,0.00081211,0.000449119,0.001535055
7456,3.645538284,0.002952719,0.670220038,0.001678754,0.000260523,0.000441606,0.001829887
7457,3.454554503,0.006394177,2.264793352,0.009205252,0.000395766,0.000346727,0.000125594
7458,3.230908882,0.004244117,3.163172548,0.007163756,0.000457301,0.000303244,4.69991E-05
7459,2.68461698,0.005152714,2.899098693,0.001939227,0.000870956,0.000639651,0.001911584
7460,3.702393616,0.006353477,2.38053092,0.009057044,0.000820326,0.000916233,0.000799979
7461,4.74802497,0.000738024,3.415262911,0.002202464,0.000240978,0.0006929,0.001302161
7462,3.945125165,0.000954767,1.357585437,0.001396799,0.000629095,0.000798017,0.00186863
7463,3.187436237,0.004976169,0.01487615,0.008501073,0.000267824,0.000682992,0.002233376
7464,4.503364672,0.00120164,1.803253489,0.006859609,7.27286E-07,0.000764899,0.002573419
7465,3.966244187,0.009928749,3.659215106,0.000663918,0.000174668,0.00053212,0.002822289
7466,4.04560165,0.001134237,3.363136664,0.005872631,0.000293858,0.000490359,0.001997899
7467,3.277082454,0.003364322,2.733705629,0.009995714,0.000669876,0.000499636,0.002495046
7468,4.797755664,0.002748525,2.119601327,0.001025094,0.000715135,0.000280265,0.002568302
7469,2.590387085,0.003292207,3.190507815,0.008959296,0.000521625,6.83922E-05,0.001720104
7470,3.428043144,0.009054425,2.102511044,0.008233888,0.000622199,0.000460908,0.001501905
7471,4.968772926,0.003245123,0.822990172,0.001206778,0.000822286,5.25408E-05,0.001195361
7472,4.56480574,0.006710342,3.429651119,0.007056443,0.000699793,9.1417E-05,0.001861019
7473,4.420544793,0.001633211,1.85342643,0.005889935,0.000981884,0.000623096,0.001294952
7474,4.897004563,0.00331714,2.815391199,0.009298518,0.000502378,0.00096364,0.001347542
7475,4.762746274,0.008615405,1.811443383,0.005213084,0.000427344,0.000618192,0.002391
7476,2.516263011,0.009313381,3.993580566,0.001802927,0.000882384,0.000962739,0.002488514
7477,4.08251515,0.008816645,0.821343157,0.005020538,0.000805815,0.000878409,0.001191948
7478,4.699525049,0.000964556,3.452226759,0.007683443,0.000813446,0.000249105,0.001059709
7479,3.655163237,0.000462562,2.927262474,5.93593E-05,0.000366271,0.000209634,0.000401624
7480,3.623394335,0.006347878,2.027015579,0.009996626,6.87815E-05,0.000173131,0.000145136
7481,4.909099507,0.001598452,2.873034303,0.006169384,0.000983615,0.000726846,0.000126658
7482,4.318805671,5.33099E-07,1.164779054,0.003500813,0.000891813,0.000426512,0.002155366
7483,2.771043805,0.008478963,0.07086645,0.009946774,0.000868445,0.000473039,0.00125394
7484,2.727471246,0.007693225,0.769523754,0.005688505,4.2105E-05,0.000275004,0.00288935
7485,4.176775421,0.000252246,3.729236898,0.008398549,0.000852764,0.000504239,0.000502272
7486,2.741540056,0.000188808,3.933345475,0.002031656,0.000776343,0.000425634,0.002327352
7487,4.187245717,0.0073843,0.633010005,0.003694494,0.000873748,0.000337839,3.08912E-05
7488,2.909062458,0.006050868,3.22393555,0.007282421,0.000275277,0.000515728,0.000243975
7489,2.72307104,0.009990868,0.396849541,0.003990591,0.000321019,0.000116666,0.001843132
7490,3.222698973,0.003454754,3.805876066,0.002017612,0.000850058,0.00087729,2.42637E-05
7491,3.05274338,0.000671821,0.293016984,0.002153798,8.39336E-05,0.000201601,0.001095628
7492,3.129012759,0.001206341,2.190462598,0.003480694,0.000663979,0.000929964,0.001112646
7493,4.295709095,0.001557369,0.142144622,0.000688872,0.00093681,0.00046882,0.001581963
7494,4.205021497,0.007512763,3.097155053,0.005694685,0.000972352,0.000814873,0.000735365
7495,4.543587664,0.000850755,3.233450785,0.005597454,0.000668627,0.0004602,0.002494358
7496,3.103997202,0.006980262,1.715353679,0.00482374,0.00034736,0.000631062,0.001243748
7497,3.598175302,0.004316529,3.430593198,0.000949154,0.000732746,0.000787058,0.002857042
7498,3.665384444,0.008915962,0.756868049,0.005351941,0.000164061,0.0001614,0.001243223
7499,4.936909778,0.009086875,3.444645107,0.002500284,0.000623921,0.000813861,0.000880983
7500,3.395193261,0.006095289,0.615312994,0.000209989,0.000615133,0.000319332,0.000957216
7501,4.384500993,0.00221949,2.375162386,0.008733934,0.000603687,0.000489992,0.002488863
7502,4.605614089,0.001718062,2.805646285,0.006778288,0.000365861,0.000304481,0.000476101
7503,2.958738035,0.009756643,0.792613704,0.001792001,0.000992505,0.000999523,0.001005338
7504,4.684519459,0.005028652,0.468862378,0.006176889,0.000559951,0.000289743,0.001378248
7505,3.235619951,0.006584105,1.395782495,0.003038299,0.000269634,0.000486076,0.000103803
7506,3.770161505,0.006622432,1.185574634,0.001428689,0.000170506,0.000457822,0.00047437
7507,4.330289373,0.000339545,1.216944772,0.008990855,0.000342927,0.000117229,0.001030195
7508,4.08415755,0.000616453,0.026441847,0.002445024,0.000460605,0.00032915,0.001280988
7509,3.244573944,0.00616601,3.01800963,0.008252958,5.1978E-05,0.000409167,0.001377861
7510,3.7123037,0.009404505,3.517284905,0.002936339,0.000984272,0.000627069,0.002464747
7511,3.429475034,0.002277088,3.112775897,0.005022025,0.000920731,0.000914657,0.001856575
7512,4.778285807,0.002486031,1.842937759,0.005760753,0.000424748,0.000319527,0.001658275
7513,3.775668061,0.007937154,0.833286877,0.005953202,0.000337618,0.000739297,5.43279E-05
7514,4.638112124,0.002283369,3.091728215,0.006349964,0.000955585,8.74344E-05,0.001681034
7515,3.104005543,4.94163E-05,2.957004952,0.008622707,0.000470815,0.000916075,0.001088176
7516,3.800147243,0.000662601,2.709107327,0.004527507,0.000469284,0.000186509,0.002778365
7517,3.298980868,0.008841041,1.987053254,0.009300242,0.00036968,0.000673214,0.001886676
7518,3.050805943,2.58231E-05,1.896812709,6.39522E-05,0.000575888,0.000373124,0.002435739
7519,4.214994508,0.004237893,0.799045102,0.006449732,0.000458442,7.11772E-05,0.00139104
7520,4.438242749,0.005922313,2.796824561,0.002662511,0.000383622,0.000549866,0.002866914
7521,2.749589903,0.006470029,0.562968416,0.001124595,3.81614E-05,0.000205693,0.002825606
7522,3.295894535,0.009126449,0.739225876,0.002199203,0.000520427,0.000961824,0.00260125
7523,4.229196143,0.005844737,3.918535748,0.008310254,0.000491681,0.000753459,0.002918083
7524,3.236644965,0.002821388,3.758583266,0.002871934,0.000848575,0.000179913,0.001323348
7525,3.26364421,0.003944663,2.676265648,0.00420675,2.00538E-05,4.97608E-05,0.002363566
7526,3.838708745,0.000969703,1.674875464,0.004855375,0.000222987,0.000517363,0.002998942
7527,3.036375222,0.002302778,0.640231877,0.005381711,0.000739451,0.000156375,0.000813183
7528,2.807637718,0.006037721,0.219874821,3.96828E-05,0.000892997,0.00092007,0.002254495
7529,4.993789467,0.006166538,3.138305064,0.008955351,0.000854652,5.27514E-05,0.001101084
7530,3.027603718,0.005129432,3.650899198,0.001274946,0.000300608,0.000870861,0.000796574
7531,3.242918297,0.006767461,0.880158519,0.004566771,0.000747873,0.000526138,0.001345023
7532,4.007301311,0.001364027,0.273312754,0.006220681,0.000372358,0.000289067,0.000400899
7533,4.8088006,0.009369597,1.44281112,0.008675559,0.000584159,0.000874565,0.002790789
7534,2.920941656,0.004152964,3.325920256,0.007012349,0.000546723,0.000160482,0.001988321
7535,2.520170912,0.005462895,1.895672986,0.000973129,4.78534E-05,0.00010638,0.001837595
7536,3.420556749,0.000826014,3.352918432,0.004577199,9.45613E-05,0.000769556,3.94998E-05
7537,4.926387906,0.00092871,3.617743353,0.006776149,0.000212518,0.000487456,0.00155072
7538,3.086937207,0.009287916,1.493565412,0.008930047,0.000350394,0.000609222,0.002066557
7539,3.143434103,0.007436981,2.025457405,0.001806262,0.000178576,0.000219266,0.001995126
7540,2.593698515,0.007163838,2.703723052,0.007591951,0.000989909,0.000175608,0.001309857
7541,4.337434527,0.003459914,1.150038668,0.001100733,0.00075824,0.000426007,0.002815963
7542,3.922648791,0.008932007,3.432100558,0.002313792,1.62023E-05,0.000118685,0.002062611
7543,3.645296223,0.005055839,2.530031744,0.004367206,0.000522639,0.000322414,0.000236489
7544,4.943476853,0.000269918,1.952057019,0.000436893,1.09559E-05,0.000906874,0.000731475
7545,2.934932494,0.003459088,0.950755128,0.007884353,0.000194491,0.000711814,0.000817284
7546,3.262763618,0.008802084,2.357101199,0.002872775,0.000676328,0.000925521,0.001420095
7547,3.624326767,0.009611252,1.981976421,0.007250522,0.000927288,0.000266664,0.002000972
7548,2.935214215,0.005745787,0.203920071,0.002770352,0.000764222,3.54224E-05,0.002406757
7549,4.745456838,0.009268437,2.315906821,0.004564514,0.000115214,0.000898445,0.001527876
7550,2.536092242,0.000795773,0.342188651,0.008866555,0.000475829,0.000323275,0.002725722
7551,2.956003897,0.00214133,0.904619691,0.000828394,0.000590021,0.000396404,0.001051013
7552,3.400790857,0.004579532,2.107649684,0.006936701,0.000937129,0.000511295,0.00159693
7553,4.486576959,0.005034501,3.26534434,0.001148607,0.000949347,0.000132198,0.00235618
7554,4.681940142,0.006213771,3.943570713,0.002508335,0.000963526,5.06559E-05,0.001028121
7555,3.256593279,0.001461777,2.876091008,0.003036623,0.000713533,0.000568026,0.00295098
7556,3.795024291,0.007742539,1.999204474,0.00946179,0.000940992,0.000640894,0.002811592
7557,4.376090519,0.005678716,2.475462908,0.009647175,0.000820776,0.000724311,0.002607098
7558,4.847684076,0.006190331,2.487701926,0.003264626,0.000607532,0.000650268,0.000170083
7559,3.159954774,0.001657753,3.832782742,0.008752875,0.000833765,0.000181411,0.002032514
7560,3.73901641,0.005737521,0.797401996,0.003699314,0.000636087,0.000244313,0.002211807
7561,4.335114828,0.007272804,1.248059866,0.000218778,0.000969396,1.10102E-05,0.00180988
7562,2.636982715,0.00551194,1.008334372,0.001520726,0.000653969,0.000863811,0.002905813
7563,4.428947184,0.002420172,2.282777992,0.00665801,0.000716685,0.000966965,0.000785359
7564,3.667874388,0.007025388,1.142854417,0.009723957,0.000126367,0.00014861,0.000716615
7565,2.718641609,0.008506322,3.076540219,0.006085671,0.000536768,0.000221637,0.001966852
7566,4.872793041,0.00792935,0.711080592,6.39471E-05,0.000904589,0.000734054,0.001635611
7567,4.463938729,0.001190998,2.027434236,0.008894168,0.000605585,0.000122866,0.002276065
7568,3.529451415,0.001772969,3.481081187,0.00867728,0.000194021,0.000412453,0.001674932
7569,3.61574806,0.005253682,1.945103151,0.002974563,1.62901E-05,0.000623105,0.001451061
7570,2.616047506,0.00569216,3.290883694,0.007255046,0.00062795,0.000278629,0.001787722
7571,2.650197492,4.31713E-05,2.093712592,0.007464664,0.000579521,0.000413869,0.000394951
7572,2.705416623,0.000298154,2.437051944,0.005046114,0.000804709,0.000425153,0.00039707
7573,3.829323066,0.005962226,3.784837277,0.007633233,0.000371326,0.000684792,0.002189792
7574,4.264841066,0.001901383,1.703068209,0.009715932,0.000834246,0.000345728,0.001516454
7575,4.005311102,0.000994508,0.851054149,0.006978497,0.000138725,0.000864373,0.000966814
7576,4.32165055,0.002903471,1.560974472,0.005274572,0.000441812,8.32708E-05,0.000796901
7577,3.249554342,0.008114126,3.002197093,0.001727717,0.000197253,0.000633086,0.002934917
7578,3.155977514,0.005354857,1.952045004,0.001319716,4.30713E-05,0.000180067,0.002828223
7579,4.501013365,0.00972763,0.410900183,0.002304279,0.00079908,0.000752233,0.002471364
7580,2.637905438,0.003746094,2.815864241,0.00223573,0.000360606,0.000235288,0.000224531
7581,4.168255637,0.00427473,2.461108234,0.009932375,0.000378791,0.000905335,0.002173692
7582,3.673901993,0.008425704,2.876114185,0.001110048,0.000721926,0.000145736,0.001720433
7583,2.594313901,0.007142731,1.111699699,0.008823171,0.000251824,0.000394908,0.000368815
7584,2.835620381,0.008789507,1.127446835,0.006169963,0.000855724,0.000505298,0.00192283
7585,3.499173181,0.001239998,2.515661998,0.008015793,0.00010987,0.000888406,0.001466822
7586,4.723916798,0.009962081,1.223277382,0.00166435,0.000861826,0.000400856,0.000315987
7587,4.212623956,0.008869325,3.883899375,0.004696127,0.000339185,0.000143426,0.000592294
7588,4.864347478,0.006519452,1.499524191,0.000764235,0.000359965,0.000952993,0.002411606
7589,3.652597631,0.003480582,1.658918825,0.001088954,0.000977704,0.000455949,0.001971294
7590,2.909687732,0.003449399,3.60188707,0.000114227,0.000485072,0.000327781,0.000225788
7591,4.110135866,0.00648076,1.243701544,0.004946532,0.000618574,0.000628466,0.000980513
7592,4.080393963,0.003609554,2.896232543,0.006894292,0.000214993,0.000534299,0.002736614
7593,4.2611458,0.00920785,2.928933457,0.005453249,0.000272595,0.000855277,0.000610085
7594,2.770194068,0.000223682,0.575337207,0.006453853,0.000997158,0.000469164,0.002876016
7595,3.959076041,0.002907334,3.636139363,0.000724407,0.000653145,0.000688296,0.000916579
7596,4.498315272,0.000137332,3.181951984,0.004396392,0.000499073,3.74629E-05,0.002516795
7597,4.573711691,0.003695753,2.912455882,0.002390475,0.00057573,0.00065194,0.000702451
7598,4.163271898,0.003747688,2.381393482,0.0014855,0.000721004,0.000817005,0.000651088
7599,2.841994486,0.004089315,3.029862921,0.001832361,0.000165898,0.000711993,0.002018681
7600,4.097851986,0.003392002,2.823820476,0.002839341,0.00054571,0.000794173,0.001635342
7601,4.282219279,0.005596583,2.033267296,0.000919182,0.000807919,0.000112896,0.00160453
7602,3.496657008,0.004457496,2.248362325,0.005750558,0.000181578,0.000580021,0.001067441
7603,2.769489683,0.003179024,2.455071578,0.000593121,0.000353818,0.000657963,0.000597702
7604,4.195910837,0.004792099,1.596785606,0.002331491,0.000988653,0.00034041,0.00166777
7605,2.799979909,0.007723863,2.921054586,0.001563176,0.000626321,0.000793632,3.14758E-05
7606,4.199831442,0.003471279,0.905012135,0.001416567,0.000334008,0.000614814,0.001222047
7607,2.567483535,0.001629751,1.131067909,0.002313678,0.000251917,1.85324E-05,0.00140594
7608,3.404405781,0.004263317,2.034125838,0.006032016,0.000221147,0.00050585,0.00251804
7609,4.380334118,0.005849143,3.690213827,0.007408754,0.000999546,0.000415003,0.00045127
7610,4.027269137,0.008039118,3.571390127,0.007464929,0.000679224,0.000430237,0.001141508
7611,4.881317122,0.001499583,1.117529556,0.006247878,0.000835758,0.000388916,0.000551218
7612,3.920817935,0.004544497,2.134962759,0.005557884,0.000203456,0.000138842,0.000676088
7613,3.538099183,0.005022207,1.307169855,0.008429415,0.00089153,0.000637888,0.00092446
7614,3.162805438,0.002253962,3.834303569,0.009762842,7.43464E-05,0.000695773,0.002626209
7615,4.34775173,0.000815647,0.471103038,0.0026574,0.000375866,0.000748951,0.002878356
7616,3.64799371,0.002588682,2.280552645,0.003706046,0.000228741,0.000216194,0.002356787
7617,2.700448713,0.007601281,2.444882972,0.005331739,0.00081419,0.000213311,0.000410838
7618,4.612758741,0.006276753,2.135241065,0.009430917,0.000944231,0.000304863,0.001444869
7619,3.224142275,0.004893008,2.358615986,0.008151256,0.00069636,0.000702223,0.001845495
7620,4.098158024,0.006002028,2.039442617,0.007521092,0.000197177,0.000804934,0.002667053
7621,3.770857614,0.008282815,2.094167965,0.00466843,0.000852929,0.000869177,0.001259213
7622,2.749824915,0.001414325,1.542721064,0.00329078,0.000901439,0.000109993,0.002285533
7623,4.38024338,0.004927216,3.3387171,0.005527546,0.000301843,0.000187509,0.002117761
7624,4.599728842,0.005926817,0.548735265,0.008851916,0.000683815,0.000786203,0.001496185
7625,4.39968834,0.003642316,2.324600852,0.007101718,0.000966425,0.000735042,0.001035122
7626,3.393564656,0.000661316,2.347986631,0.009788288,0.000281898,4.8106E-05,0.000488852
7627,4.883759627,0.007355199,2.338787567,0.006385781,0.000848968,0.000636717,7.86633E-05
7628,4.458615222,0.003155025,3.026065136,0.005757496,0.000959828,0.000890225,0.002342012
7629,4.879468029,0.006903842,1.508038321,0.000338015,0.000396725,0.000818133,0.002719225
7630,4.966585112,0.006103885,0.144891582,0.003471053,0.000555888,0.000595644,0.001950263
7631,3.291231657,0.002075678,3.790390503,0.008051222,0.000646908,0.000948017,0.001842816
7632,2.750742163,0.003350805,0.898417543,0.005350923,0.000513846,0.000145401,0.000407068
7633,3.709330633,0.003176716,0.051806152,0.006261584,0.000242362,1.64688E-05,0.002519243
7634,2.872545076,0.008403548,2.362642716,0.009604691,0.000609716,0.000881959,0.001024748
7635,4.079039044,0.008631608,2.224771427,0.005794806,0.000703148,3.08008E-05,0.002056398
7636,3.846666955,0.006000274,0.034727287,0.004373222,0.000958241,0.000565065,0.000989418
7637,4.126769521,0.007941707,0.12228194,0.002709646,0.000605667,0.000810707,0.002526523
7638,4.210696026,0.006966399,0.784617173,0.00605372,0.000534015,0.000551288,7.63263E-05
7639,4.937963189,0.002063391,1.89646797,0.009942978,0.00038788,0.000468195,0.002694665
7640,3.947054758,0.007230252,2.958948921,0.000797186,0.00068026,0.000336866,0.002351481
7641,4.870010718,0.009599468,1.598861896,0.004405666,8.39393E-05,0.000746129,0.001243289
7642,3.446248961,0.004784374,3.838591023,0.006648673,0.000337827,0.000296299,5.9698E-05
7643,3.612668169,0.006213774,1.570297195,0.008164964,0.000616492,0.000768845,0.002388914
7644,4.299542347,0.005475881,0.271895435,0.005425764,0.000124848,0.000377935,1.99573E-06
7645,2.789742646,0.005107608,2.360001419,0.005918492,0.000448836,0.000880396,0.001057398
7646,2.801590515,0.005039485,2.613750916,0.003302889,0.000470044,0.000348082,0.000151941
7647,4.173926142,0.00983067,3.700164193,0.005900111,0.000460772,0.000266226,0.002572998
7648,2.821426928,0.007520916,0.863440388,0.004018827,0.000269521,0.000871939,0.002856719
7649,3.034029867,0.001657992,1.639586174,0.001298623,0.000160087,0.000578153,0.001532361
7650,3.317834867,0.004368386,1.283632018,0.002759956,0.000793779,0.00026091,0.000916271
7651,2.811724868,0.003088445,1.406879791,0.002231637,0.000385696,7.99487E-05,0.001632401
7652,2.697334387,0.002629792,1.807489099,0.007200429,0.000556042,8.7877E-05,0.002265145
7653,3.038784707,0.006692325,2.806230854,0.002862171,0.000713328,0.000290448,0.001040747
7654,4.876813551,0.006463587,1.373873759,0.006496464,0.000934001,0.000456263,0.000539322
7655,2.905490714,0.003696105,2.281105246,0.009853941,0.000534771,0.000126033,0.000689803
7656,4.571207197,0.007471959,2.356374858,0.004756935,0.000749019,0.000448936,0.000365931
7657,3.098689231,0.004358339,2.453611756,0.006271444,0.000440467,3.35175E-05,0.001318449
7658,3.50596942,0.005512562,2.824022771,0.00529631,0.000158048,4.94743E-05,0.002268449
7659,3.664869129,0.002454057,1.632937636,0.004226603,0.000714155,0.000635061,0.001087421
7660,2.825250152,0.007605069,2.991626349,0.005453905,0.000799937,0.000447669,0.000419132
7661,3.531565146,0.006293175,1.960130247,0.000137592,0.000434543,6.99116E-05,0.001460789
7662,2.750191506,0.005471379,2.707105217,0.005191152,0.000281483,0.000659938,0.002584087
7663,4.978909619,0.008819934,3.618298414,0.008571212,0.000252775,0.000324712,0.000290051
7664,3.171900239,0.007388647,3.431374624,0.008004402,0.000228381,6.32057E-05,0.001492176
7665,3.701437038,0.007994777,2.15908091,0.004966637,0.000571422,7.4875E-05,0.00033244
7666,2.889635511,0.005485097,1.169218242,0.006652034,9.71961E-05,0.000436813,0.00268935
7667,4.252035714,0.002421155,2.553859715,0.00437658,0.000681074,0.000407663,0.001921107
7668,4.18523073,0.003093278,1.856947959,0.009778926,0.000551468,0.000818949,0.002231388
7669,2.886859121,0.005915856,3.608525938,0.007704561,0.000372619,0.00047328,0.001600383
7670,4.49749098,0.003433213,1.865370389,0.002610769,0.000132603,0.00028178,0.000884934
7671,4.549303365,0.008652787,3.129199006,0.004647762,0.000457068,0.000380663,0.001177507
7672,4.212636588,0.009137942,1.422714428,0.007252946,0.00083137,0.000867487,0.001223615
7673,2.705280503,0.007135201,0.331257313,0.007279722,0.000567888,0.000584913,0.002744605
7674,4.056311907,0.006051375,3.971591229,0.009442946,0.000980696,0.000611278,0.000772264
7675,3.557000339,0.009019012,0.015647596,8.28708E-05,0.000455358,0.000431901,0.001501532
7676,3.991068342,0.006380169,2.135946622,0.007299483,0.000402623,0.000576855,0.000915763
7677,4.480756296,0.005064071,0.73153872,0.003088886,0.000613468,0.000276162,0.002163328
7678,4.442448419,0.004995307,1.232702973,0.006012195,0.000706364,0.000840201,0.002942978
7679,4.386029491,0.009374698,1.928662405,0.003040002,6.17444E-05,0.000960854,0.002124856
7680,3.704746462,0.009421686,3.376806041,0.000426376,0.000397921,0.000523188,0.001579056
7681,4.616660371,0.003956778,2.676805929,0.002033096,0.000416731,0.000727976,0.000518964
7682,3.930257748,0.003002508,3.712311434,0.001901802,3.37758E-05,0.000474396,0.001586303
7683,3.702448621,0.000274082,3.02224696,0.001611332,0.000854868,0.000329983,0.00252515
7684,3.375783302,0.00287627,1.584197793,0.001109136,0.000340946,0.000472294,0.001244281
7685,3.401395895,0.001530818,0.903342015,0.002770212,0.000148293,0.000734799,0.000935595
7686,3.570314519,0.002785348,0.499127651,0.009601852,0.000241072,0.000269886,0.001858615
7687,3.36830421,0.005410273,1.510947227,0.00417806,0.000219987,0.000629658,0.002737103
7688,3.170319791,0.006753163,2.598834386,0.007795041,0.000665657,0.000137873,0.001300325
7689,3.623936721,0.009206604,1.057809176,0.009306455,0.000510331,0.000759274,0.002546129
7690,4.220290558,0.002769541,2.203448489,0.003958084,0.000144238,5.98154E-05,0.002231536
7691,2.841545769,0.009617202,3.450184184,0.005572779,0.000986142,0.000664855,0.000589198
7692,2.551047853,0.006162423,3.573612758,0.000594075,0.000997249,0.000894032,0.000126182
7693,3.377769552,0.007619773,1.422967009,0.005773446,6.48483E-05,0.000680012,0.002865779
7694,3.745882963,0.008354777,2.075950472,0.009423449,0.000174703,0.000283474,0.002129511
7695,4.549907793,0.004905605,1.787745204,0.008318185,0.000458924,0.000763458,0.00168328
7696,3.261799283,0.008687986,2.564012699,0.009406725,9.81899E-05,1.83423E-05,0.000262649
7697,2.740258322,0.00996142,0.098251963,0.007425488,2.3612E-05,0.000251775,0.002114482
7698,3.926845345,0.004739991,2.93041559,0.007720972,0.000389199,0.000990263,0.001486099
7699,2.940134861,0.007637775,1.744167429,0.004044871,0.000666049,0.000716452,0.000424974
7700,4.147014976,0.009344847,1.125657707,0.003107757,0.000455571,1.35498E-05,0.002307283
7701,3.289878115,0.002290017,3.817746538,0.000460841,0.000641102,0.000121387,0.001333221
7702,2.990962743,0.002637124,3.110914905,0.004553489,0.000832318,0.000381922,0.000849524
7703,4.255559355,0.001260813,0.653200275,0.006795851,0.000845095,0.000848982,0.001108505
7704,3.252721043,0.00010475,1.659121394,0.009049088,0.000188109,0.000767001,0.000897062
7705,4.376595453,0.004025411,3.282354738,0.008653062,0.000334863,0.000739711,8.05344E-06
7706,4.714283213,0.006494368,2.869521332,0.008983894,0.000609382,0.000828977,0.001530884
7707,3.042129972,0.001456857,0.324495247,0.00804279,0.000937161,0.000472356,0.000924897
7708,3.794157461,0.006288881,1.307835193,0.003429974,0.000767444,0.000340425,0.001534746
7709,3.114960515,0.003668743,2.490527565,0.00727453,0.000620108,0.00013529,0.002347294
7710,2.543398764,0.008037802,1.051237222,0.006223154,0.000136287,0.000994857,5.71994E-05
7711,3.625986971,0.007216647,0.437695206,0.002385311,0.00075259,0.000292605,0.000885684
7712,3.439974042,0.008283714,1.399342099,0.007546896,0.000593891,3.0101E-05,0.002619495
7713,4.451366532,0.001660799,2.273610773,0.004659836,0.000264505,0.000583322,0.000342079
7714,4.492691487,0.000430428,2.947133034,0.006169003,0.000846736,0.000500495,3.24163E-05
7715,2.951686414,0.009799179,0.244778282,0.007207643,5.7109E-05,0.00062574,0.001409627
7716,3.880371927,0.000237626,2.016807529,0.000305775,0.000146647,0.000615899,0.002402676
7717,4.365354437,0.003240022,1.217672495,0.003784569,0.000861604,0.000805234,0.00269997
7718,3.708314199,0.004798007,2.900436229,0.005312435,0.000377618,3.98107E-05,0.000168568
7719,3.710573708,0.009236454,2.98661626,0.000819189,4.36085E-05,0.000485113,0.000986549
7720,3.08742305,0.005867099,2.419693225,0.003933758,0.000632057,0.000631613,0.001047648
7721,3.031970503,0.006837411,0.568261098,0.005467724,0.00035625,2.48555E-05,0.002378671
7722,3.424800074,0.003085035,3.715083458,0.00932503,0.000775885,0.000834623,0.001914019
7723,3.648271805,0.005672692,0.555222617,0.009539462,0.000345999,0.000332497,0.000935711
7724,3.837054039,0.000906256,2.755200225,0.007869457,5.62301E-05,0.000775821,0.00261915
7725,2.609631264,0.000314371,3.224317212,0.004264491,0.000621865,0.000656497,0.00217904
7726,3.606223205,0.008153741,2.837442006,0.003539565,4.00789E-05,8.51469E-05,0.001014269
7727,4.46866935,0.008302516,0.008059322,0.000581073,0.00074335,0.000937467,0.000739869
7728,3.894713528,0.003777622,0.886417946,0.002088722,0.000286059,0.000906331,0.001485335
7729,4.732530556,0.009015182,2.547598257,0.003480417,0.000420047,0.000176546,0.001803672
7730,3.6447348,0.002074292,0.300134736,0.00878926,0.000622246,0.000900575,0.000870321
7731,4.2670316,0.004682209,1.562068732,0.007376137,0.000316057,0.000275842,0.002949564
7732,3.167957649,0.001480938,3.945252776,0.001884322,0.00038961,0.000799965,0.001484588
7733,2.989859862,0.009285559,0.946643685,0.005987484,0.000190145,0.000310013,0.001240546
7734,3.022359078,0.009947429,0.151765997,0.006205285,0.00030699,0.000287834,0.002333497
7735,4.241989162,0.000364335,3.992629107,0.006085277,2.51841E-05,0.000234857,0.000883242
7736,2.618121108,0.005859744,1.455813588,0.00560845,0.0009158,0.000985718,0.002156414
7737,4.584348444,0.008196759,3.106562957,0.000950972,0.000703503,0.000438741,0.002717679
7738,4.388272143,0.004805457,3.731614091,0.003625288,5.19184E-05,0.000979283,0.000273178
7739,3.450030369,0.00139532,0.867618453,0.004014739,0.000391116,0.000385531,0.000688705
7740,2.995121097,0.008100411,0.374816396,0.002346807,0.000992029,0.000224629,0.001704182
7741,4.978143422,0.000455196,1.192543609,0.0007072,0.000817715,0.000852392,0.001865978
7742,3.136963439,0.007944171,2.691774049,0.003898106,0.000448595,0.000264256,0.000712018
7743,3.278563663,0.003336702,1.714470474,0.004719707,0.000857916,0.000795996,0.001104005
7744,2.963564241,0.001838867,1.617382623,0.006005754,0.000373417,0.000727715,0.001085973
7745,2.542107233,0.005103736,2.528231184,0.000942447,0.000678779,0.000473603,0.001733735
7746,4.079975051,0.003812741,2.149951268,0.004932826,3.9989E-05,0.000476456,0.001251264
7747,4.625302701,0.009812086,1.879683087,0.000648515,0.000683095,0.000710319,0.002764576
7748,2.608084258,0.001592789,2.232165822,0.005465576,0.00087896,0.000857903,0.002977267
7749,4.219504403,0.008208739,2.234381568,0.009819287,0.000326331,0.000819698,0.0016696
7750,3.191883271,0.006869116,0.445561596,0.002575738,0.000197422,0.000429143,0.001938624
7751,2.579949271,0.002030987,1.557366296,0.0087421,0.000383238,0.000865685,0.002576394
7752,3.818196744,0.008442064,3.289861286,0.005972491,0.000710998,0.000931753,0.002397375
7753,3.349762184,0.007095987,2.286363889,0.005084955,0.000845235,2.05614E-05,0.000467724
7754,3.221247138,0.008912786,0.487758275,0.00147528,0.000955196,0.000202938,2.03151E-06
7755,4.165308814,0.007622115,3.662948165,0.001980925,3.05164E-05,0.000997868,0.002930694
7756,3.818051058,0.008302052,3.012887828,0.00238552,0.000309497,0.000432243,0.00073075
7757,4.899464025,0.009521636,0.233896612,0.002459338,0.000905892,0.000159638,0.000551128
7758,4.08084683,0.003362242,2.16682353,0.003131991,0.000835253,0.000218883,0.00158843
7759,4.627046747,0.002365264,3.707789551,0.004984956,0.000478395,0.000340465,0.001219134
7760,4.151410078,0.006634978,2.170054662,0.00583432,0.000481051,0.000751533,0.00286318
7761,4.342393889,0.000981934,3.321629276,0.007448958,0.000126457,0.000122321,0.001176407
7762,4.174866949,0.006178746,0.089482091,0.009921015,0.00041716,0.000496114,0.00245149
7763,4.8061542,0.003498153,0.687304149,0.001903469,0.00073175,0.000623334,0.001804263
7764,3.217766922,0.002292632,0.921909953,0.008049641,7.14945E-05,0.000576098,0.000854069
7765,3.337593556,0.00199614,0.029465366,0.009928932,0.00045508,0.000445142,0.002130518
7766,2.706688735,0.000156121,1.909699199,0.009568531,0.000630209,0.000709922,0.002057037
7767,3.663622546,0.003115432,2.6037957,0.00912904,0.000183853,0.000176781,0.002816294
7768,4.25413065,0.00271771,0.143803613,0.006163468,1.67364E-06,7.91375E-05,0.000571906
7769,4.421484104,0.006968176,2.159356763,4.07846E-05,0.000319602,0.000179814,0.00049859
7770,2.830429795,0.008200219,0.301419118,0.006893906,0.00021577,7.05182E-05,0.00087492
7771,4.86260208,0.00970689,2.071817992,0.009410835,0.000728905,0.000763479,0.001662345
7772,4.837263173,0.004054894,0.963515159,0.003194329,0.000659766,0.000133295,0.000260829
7773,3.555401376,0.003714296,0.593617284,0.008828894,0.000267809,7.63159E-05,0.002666722
7774,3.354239911,0.005280674,2.099456219,0.003687651,0.000767031,0.000566399,0.000187558
7775,4.039575729,0.004163129,2.238718664,0.005542257,0.000514513,0.000215652,0.000362254
7776,4.005362668,0.002173486,2.81771885,0.003783769,0.000420207,0.000733184,0.001013421
7777,3.109173869,0.007675231,3.612218542,0.004669018,0.000249022,0.000637133,0.002272488
7778,3.653749547,0.006894995,3.944900016,0.004635511,3.25902E-05,0.000717884,0.001513932
7779,4.517745064,0.002136102,2.980120338,0.004077181,0.000140667,5.93083E-05,0.002531404
7780,3.999187488,0.008737877,3.79647821,0.003864901,0.000447041,0.000597179,0.002440737
7781,2.543995529,0.005258483,2.034202371,0.006947718,0.000833553,0.00020522,0.000881143
7782,4.070432879,0.001714042,2.703681943,0.001249968,0.000113224,0.000169446,0.001534739
7783,3.157381427,0.002648545,3.950189268,0.001702914,0.000526085,0.000733851,3.31195E-05
7784,2.553950042,0.00196128,3.36188345,0.00331918,0.000188737,0.000722572,0.000748299
7785,4.951329262,0.008074593,1.759657362,0.009616661,0.000129257,0.000593109,0.001192113
7786,3.734130361,0.006262333,2.018456672,0.008745018,0.000817632,0.000730323,0.002339887
7787,3.302752665,0.008705052,0.387863507,0.00862663,0.000317349,0.000351248,0.001212887
7788,4.830151013,0.008035949,2.472001229,0.002922427,0.000630457,0.00019572,0.000444251
7789,3.231741323,0.001877429,2.665166704,0.006819786,0.000388226,0.000131151,0.002564643
7790,3.553175433,0.005508145,0.353192716,0.009104671,0.000633871,0.000119943,0.002902926
7791,3.230429591,0.005496257,2.19257267,9.8984E-05,0.000733374,0.000635998,0.00025956
7792,4.474991243,0.00303945,3.971161795,0.007966317,0.000391563,0.000206813,0.000616742
7793,4.389856959,0.000255497,0.464811215,0.005071875,0.000588543,0.000394733,0.000690881
7794,4.293596553,0.006058149,3.506012425,0.00729861,0.000255566,0.000423987,0.001148478
7795,4.184286447,0.008419073,1.791122458,0.003727439,0.000355277,6.6775E-05,0.002625991
7796,3.104425046,0.007993096,2.978459064,0.005206199,0.000818461,7.05462E-05,0.002667428
7797,2.817283644,0.003398141,1.62168455,0.007463521,0.000770534,0.000127416,0.002639271
7798,4.445018238,0.003528254,3.689225169,0.000453727,0.000542618,0.000113292,0.002958119
7799,2.635134567,0.001624211,3.939560617,0.009508796,0.000200858,0.000366914,0.000349557
7800,2.937229811,0.005333192,3.555671189,0.007874249,0.000767274,0.000380007,0.001528918
7801,4.104646403,0.008231327,0.781838685,0.003138638,0.000728032,0.000870549,0.001641557
7802,3.02642354,0.009107062,0.754917589,0.00457935,0.000843035,0.000956751,0.002088884
7803,2.711460528,0.005537805,0.713084753,0.005981508,0.000774506,0.000132626,0.000896779
7804,3.412617383,0.005842265,2.646745754,0.009748755,0.000487013,0.000411925,0.001370186
7805,4.100908062,0.007441629,3.698470657,0.008002961,0.000888748,0.000709198,2.50688E-06
7806,4.178240564,0.002970749,2.377222178,0.002410241,0.000166609,0.000284366,0.00207328
7807,4.356351757,0.007767903,0.284126674,0.008412681,0.000819889,0.000302963,0.00165569
7808,4.75045546,0.006858126,2.718365883,0.008402002,0.000750222,0.000750507,0.001417364
7809,4.475089019,0.007204615,3.252620191,0.00107541,0.000331058,0.00097263,0.000273815
7810,4.183218587,0.007034678,0.452997968,0.002116074,0.000214013,0.000451096,0.001011354
7811,3.864383858,0.006581784,0.406793457,0.00106723,0.000768498,9.17228E-06,0.001739639
7812,3.585712222,9.01259E-05,1.981326387,0.008048706,0.000404474,0.00017012,0.002648945
7813,2.673652669,0.00396542,1.691799205,0.003271196,0.000998843,0.00094715,0.001420908
7814,4.787387379,0.001108846,2.670306347,0.009522077,0.000912008,0.000955053,0.001289762
7815,4.24854419,0.001770924,3.759870136,0.003215286,0.000593972,0.000851616,2.38568E-05
7816,3.181430521,0.003981479,2.33289797,0.004259842,0.000626157,0.000464371,0.002104878
7817,4.568980366,0.003735096,3.374309217,0.005624104,9.32416E-05,0.000604709,0.001449402
7818,4.655256992,0.007968514,1.967754533,0.00871337,0.000796053,0.000276507,0.001898308
7819,2.71504722,0.005797576,3.480770111,0.003948873,0.000700502,0.000907447,0.000378258
7820,4.593970197,0.008932529,1.492172202,0.006734363,0.000760372,0.000300421,0.002118426
7821,4.018453445,0.003068887,3.223631463,0.007386675,0.000892029,0.000992325,0.000818483
7822,2.9842144,0.009845094,1.754587186,0.006441188,0.000894819,0.000378754,0.001404582
7823,2.688693443,0.008922482,0.328309626,0.000423931,0.000354958,0.000562346,0.001510433
7824,3.615990343,0.004803556,1.844146966,0.009541406,0.000271056,0.000566807,5.37217E-06
7825,4.563127136,0.005344944,1.475828573,0.009869566,0.000440093,0.00086769,0.000126249
7826,4.317594585,0.004647791,1.354315884,0.000194958,0.00065028,0.000231058,0.00165536
7827,3.797150851,0.009023328,1.683806831,0.005820638,0.000308166,0.000582351,0.001517272
7828,4.633465853,0.007852329,3.104276331,0.007662929,0.000516744,0.000101565,0.000712901
7829,2.538138866,0.004362699,1.635942896,0.009248231,0.000832148,0.000634011,0.000992011
7830,4.684396641,0.005679902,1.122268373,0.006968812,0.00071148,0.000306184,0.002361726
7831,2.881610018,0.003844215,2.860270555,0.000113177,0.000159019,0.000727331,0.001572237
7832,3.49220435,0.009993932,1.458097862,0.009232698,0.000241113,0.000116418,0.000889294
7833,4.415048207,0.004362473,1.809111223,0.008558068,0.000928985,0.000771909,0.000218819
7834,2.67405677,0.000530453,0.449841121,0.005790517,0.000578553,0.000732262,0.001327581
7835,2.926446358,0.007351206,3.100135833,0.005146792,0.000201157,0.000878085,0.002523984
7836,4.335880453,0.001797686,3.750104173,0.009245078,6.31596E-05,0.000779505,0.002223763
7837,2.907643424,0.000815237,3.610283836,0.00865468,0.000371373,0.000951535,0.00276039
7838,4.300873509,0.000653215,3.082935312,0.003874088,0.000246347,0.000423833,0.000765495
7839,4.04668846,0.000437751,1.489943586,0.006281186,8.03516E-05,0.000869264,0.002994741
7840,4.503625618,0.005557608,2.657383956,0.008351285,0.000853742,0.00036789,0.001484635
7841,2.508152971,0.005506087,0.056098577,0.009972533,0.0002429,0.00044143,0.002821747
7842,3.223698576,0.006767647,1.072106175,0.00417846,0.00015097,0.000626717,0.001506479
7843,3.978894214,0.003845743,2.680935592,0.005910784,0.000797315,7.16461E-06,0.002054158
7844,4.437277626,0.003879307,1.00685926,0.008067453,0.000289821,0.000617664,0.001335783
7845,4.873841095,0.009254936,1.851939686,0.007416741,5.08109E-07,0.000115274,0.002335995
7846,2.613373588,0.007773993,2.160221144,0.009034155,0.000988294,4.38588E-05,0.00164914
7847,4.194048323,0.001196738,3.058753239,0.006626217,0.000665716,0.000260531,0.000697338
7848,3.774630928,0.007586559,2.324867729,0.001306057,0.00015981,0.000346172,0.002535853
7849,4.550251015,0.00924649,1.987421783,0.002881733,0.000567588,0.000125551,0.00048303
7850,3.407086113,0.008702369,3.820037766,0.004513497,8.68044E-05,0.00031106,0.00261791
7851,4.537023305,0.006009349,2.657653965,0.002405285,0.0005209,0.00073368,0.001814103
7852,2.725577338,0.001571857,2.487385499,0.003401054,0.000775378,5.50731E-05,0.000605159
7853,2.621669748,0.000175931,3.801660273,0.001619659,0.00033073,0.000891581,0.002135753
7854,2.827788595,0.009265599,3.590778645,0.004623467,0.000549485,0.000995945,7.83836E-05
7855,4.543263489,0.008687697,0.784571626,0.007687032,0.000849721,0.000176024,0.002846281
7856,2.772547753,0.000741335,2.374584732,0.008083831,0.000100284,0.000771936,0.001515536
7857,2.533614254,0.005882934,1.600705677,0.004904167,0.000886124,8.81259E-05,0.001204271
7858,3.663568013,0.008522047,3.152807903,0.006366283,0.000948427,0.000605898,0.001507347
7859,2.801887802,0.004984274,2.693794236,0.004398789,0.000488523,0.000935156,0.000816147
7860,3.350618415,0.009302933,2.050138445,0.003569271,0.000150915,0.000650496,0.001958325
7861,3.884951263,0.00360016,0.165450133,0.008435544,3.39128E-05,0.000336639,0.002264913
7862,3.051770467,0.006324088,3.793861008,0.001016384,0.00061172,0.000558027,0.000283539
7863,4.76980828,0.00465047,1.525383777,0.002398789,0.000443584,0.000750146,0.001268122
7864,2.515620096,0.003919998,1.878066802,0.003062858,0.000727909,0.000368436,0.000619037
7865,3.394041544,0.008072508,0.915461684,0.004045118,0.000990926,0.000527392,0.001140758
7866,4.806128116,0.009514897,3.68304679,0.004360163,0.000998096,0.000361637,0.001138218
7867,3.536169744,0.009407261,0.185445243,0.008493325,0.000287119,0.000811449,0.002222597
7868,4.727789434,0.005772461,3.191305531,0.002294447,0.000701125,0.000996265,1.88828E-05
7869,2.855156964,0.009279009,0.521218281,0.002545644,0.000972636,0.000115002,0.00154068
7870,4.053028651,0.003226264,0.346916598,0.004388137,0.000260904,8.45635E-05,0.00078229
7871,2.704951405,0.005700013,3.889544364,0.004929652,0.000661965,0.000850948,0.002058192
7872,4.152693316,0.002173072,3.229644145,0.007317679,0.000996666,0.000157134,0.000440749
7873,3.264831024,0.006715343,3.592354588,0.008557159,0.000428407,2.39172E-06,0.001433679
7874,2.80281332,0.003831357,0.113932997,0.00718801,0.000446771,0.000999676,0.001377322
7875,3.174630752,0.002998329,0.936585056,0.000254847,0.00074924,0.000929231,0.000582752
7876,3.084975351,0.005395413,2.258888165,0.002548617,1.41701E-05,0.000920457,0.000630659
7877,2.879379474,3.17594E-05,3.202393137,0.0026156,0.000788621,0.000749985,0.000107849
7878,4.659155197,0.006818828,1.725609998,0.003028847,0.000820538,0.000282549,0.001574484
7879,3.142283644,0.007282865,2.694064106,0.004375155,6.79079E-05,0.000497207,0.000861843
7880,2.595614457,0.002607943,3.091077525,0.001379677,0.000414504,0.0001252,0.002942331
7881,4.75872406,0.002213999,3.417206494,0.006696452,0.000195745,0.000510948,0.001746534
7882,3.637069728,0.002956543,1.253394394,0.005123679,0.000781686,0.000325954,0.000960545
7883,3.027962345,0.001823631,2.348246989,0.007280597,0.000793883,0.000607846,0.001275887
7884,2.749260324,0.006650562,2.640960806,0.000938867,0.000389704,0.000916594,0.002154474
7885,3.90506428,0.002051484,2.606076379,0.003808991,0.000770791,8.22696E-06,0.001835415
7886,4.759464881,0.009574622,1.001707744,0.004380098,0.000745552,0.000734047,0.001664183
7887,3.311601314,0.004367454,1.293450396,0.006453521,0.000583586,0.000703763,0.002872791
7888,2.810936802,0.009789989,3.544192372,0.006169998,0.000673081,0.000426342,0.001077919
7889,3.276152055,0.008914784,3.887176465,0.002652004,0.00078207,0.000249124,0.00258103
7890,3.229680228,0.008892378,1.381364153,0.005622343,0.000369,0.000970744,0.002963624
7891,3.139203444,0.007150487,1.402112865,0.006928078,7.03224E-05,0.000523538,0.001794526
7892,2.750317415,0.002279485,0.993366975,0.007932079,0.000698002,0.000795963,0.001688087
7893,4.101655725,0.005720473,0.452819805,0.002351512,0.000106248,0.000326781,0.001428395
7894,3.710967483,0.000534411,1.536188216,0.000438203,4.18652E-05,0.000705376,0.000106176
7895,4.148275357,0.008918592,3.673078552,0.007625228,0.000863641,0.000608486,0.001492258
7896,4.123256762,0.001187223,2.360428872,0.00695769,0.000483397,0.000168377,0.001677401
7897,3.371158296,0.002711761,3.749577054,0.00635416,0.000974744,0.000487932,0.00205269
7898,4.517110975,0.009368804,2.603706781,0.005557107,0.000704563,6.98526E-05,0.001471813
7899,3.989628359,0.009771535,0.816827186,0.007353494,0.000504533,0.000165485,0.00059619
7900,2.586496555,2.18233E-05,3.240612705,0.001023018,9.74998E-05,0.000231025,0.00236275
7901,2.539892157,0.003821791,2.846098822,0.002504614,0.000588636,0.000739351,0.001448436
7902,4.19063461,0.003625434,0.787316074,0.009163622,1.86915E-05,0.000181793,0.002894772
7903,3.579965128,0.004485367,3.199943846,0.001961433,0.000748045,0.000969377,0.002582474
7904,2.874015517,0.000326562,1.074614979,0.006107055,0.000363629,0.000314408,0.001661132
7905,2.983632787,0.006781111,3.349169767,0.002294549,0.000648586,9.58687E-05,0.000398558
7906,2.557730394,0.005765685,1.939650638,0.002823497,0.000339389,0.000465124,0.002439002
7907,4.447297839,0.008150778,3.272385088,0.009060893,5.1342E-05,0.00095111,0.001347823
7908,4.048877007,0.001479497,2.735377343,0.006568475,0.00023541,0.000237813,0.001501109
7909,4.786814845,0.007397408,3.442989544,0.001441781,0.000401845,0.000333121,0.000488027
7910,4.131713186,0.004745413,2.608660387,0.009293221,0.000419231,0.000571548,0.002702636
7911,3.162408378,0.00272204,2.034680281,0.003579987,0.000125334,0.000859725,0.002272514
7912,2.69865563,0.003106091,1.799646786,0.006400319,4.7071E-05,0.000966552,0.002349639
7913,4.008697106,0.005051975,0.704613492,0.005927072,0.000298294,0.000454004,0.002533759
7914,2.72355068,0.007582673,2.224045385,0.006869342,5.90538E-05,3.8616E-05,0.002637382
7915,2.934365331,0.009342,1.166476636,0.008943803,0.000397406,0.000268718,0.000628652
7916,3.217324447,0.009323285,2.398349589,0.000259545,0.000924629,0.000111202,0.002433189
7917,4.536215944,0.003389601,2.581854204,0.005134977,6.83162E-05,0.000858554,0.002422719
7918,4.661914581,0.003958069,0.609370731,0.002392557,1.90335E-05,2.0298E-05,0.001923111
7919,2.68204763,0.00600568,1.351656785,0.003350076,0.00053954,0.000954536,0.001131861
7920,3.147862597,0.00971278,3.104068103,0.008637869,3.42332E-05,0.000154519,0.002546539
7921,3.867011126,0.001905581,2.132293475,0.008103317,0.000965657,0.000846009,0.002375146
7922,2.565102912,0.006035954,1.832789446,0.005239051,9.10384E-05,0.000797669,0.000297862
7923,2.982130653,0.005659041,2.959048539,0.003765315,9.52296E-05,0.000758206,0.000492757
7924,3.393110697,0.006893132,1.201010693,0.006688561,0.000451538,0.0008538,0.001561648
7925,3.239022568,0.006722773,1.51764892,0.003531588,0.00014749,0.000489375,0.001523951
7926,4.550117545,0.008220487,0.912226368,0.005523891,2.12886E-05,4.173E-05,0.001261107
7927,4.596877447,0.009097055,2.44567814,0.007481513,0.000496039,0.000353077,0.001209115
7928,4.597926679,0.009968945,1.237886153,0.002419726,0.000107475,0.000917822,0.001998817
7929,4.289519445,0.009412142,3.883458021,0.001464042,0.000642239,0.000426841,0.000528451
7930,2.715750137,0.006502845,2.058750732,0.00805009,0.000289786,0.000425065,0.002556359
7931,4.003982399,0.002727628,2.91671764,0.00861793,0.000392648,0.000115352,0.000262158
7932,2.798250536,0.007818273,3.082020853,0.00942117,2.51464E-05,0.000540306,0.000346113
7933,3.220976699,0.000543695,1.51401174,0.001436441,0.000134932,0.000898785,0.002633466
7934,3.576156461,0.007719565,1.383131898,0.005199863,0.000669698,0.000165976,0.000651612
7935,2.725367632,0.002499217,2.203614205,0.000436154,0.000559676,0.00025276,0.000289303
7936,2.699154868,0.006632487,1.156429352,0.007286125,1.34872E-05,0.000964964,0.001938649
7937,2.648873802,0.006857228,1.219814651,0.003462355,0.000524402,0.000225119,0.000757113
7938,4.653376779,0.001283904,2.383020736,0.003802174,0.000670064,0.000718402,0.000367386
7939,4.965854616,0.000532627,2.708556875,0.004164809,0.000875224,0.000460045,0.001038999
7940,4.35684421,0.003339123,1.754166212,0.002802957,0.000445701,0.000569018,0.002290146
7941,4.852912865,0.003105326,3.041098225,0.003953626,0.000457342,0.000537161,0.000339655
7942,4.790540584,0.005428351,1.283158288,0.009903417,0.000189274,0.000390116,0.000127382
7943,3.656474568,0.00086566,2.701601751,0.002720573,0.000186249,0.000611093,0.001764509
7944,3.483718624,0.003473658,1.911430022,0.001493426,0.000254394,0.00075238,0.001428646
7945,2.515525417,0.008532304,3.639633735,0.001414173,0.000922919,0.000876207,0.002225874
7946,2.507222492,0.001950076,0.099192488,0.002862755,0.00087552,9.80948E-05,0.002429341
7947,3.725440271,0.003115134,0.17675398,0.009719778,2.11488E-05,0.000106905,0.002806555
7948,4.628089893,0.004676198,2.62007755,0.001731248,0.000653872,0.000182372,0.000102906
7949,4.165134233,0.003224948,2.24326828,0.004442706,0.000206004,0.000652465,0.00018102
7950,4.364038253,0.009163064,2.541770725,0.002153315,0.000872252,0.000291971,0.001057721
7951,2.598943169,0.008001836,1.62699671,0.003441927,0.000189299,0.000811332,0.00123944
7952,3.008099249,0.001230646,2.95150059,0.005754155,0.000466482,0.000557536,0.002788491
7953,3.84394408,0.004314668,3.170191706,0.008542914,0.000516472,0.000269893,0.000631249
7954,3.523622194,0.006239808,3.656230031,0.006114105,6.79377E-05,0.00016021,0.002259363
7955,4.506544068,0.007545996,1.318822434,6.65788E-05,0.000256527,7.74967E-05,0.002965547
7956,4.007460897,0.00674464,2.683057237,0.00026616,1.14632E-05,0.000153405,0.002815785
7957,3.786078291,0.001835025,3.776682078,0.002189342,6.90287E-06,0.000598843,0.00190121
7958,2.89709562,0.009575522,3.735513314,0.008555333,0.000601942,0.00092358,0.001398764
7959,3.09791206,0.001831973,1.440527911,0.002387196,0.000969247,0.00037896,0.001685163
7960,2.975216996,0.00146591,2.775200678,0.006407147,0.000513865,0.000428389,3.77637E-05
7961,3.004863573,0.008631996,0.968313211,0.003859501,0.000711117,0.000528844,0.002660965
7962,2.537651336,0.009269913,1.481770454,0.009583287,0.000493511,0.000422451,0.001895848
7963,3.895465431,0.009320548,2.491273606,0.00526855,0.00087248,0.000409809,0.00290347
7964,4.563271225,0.009709445,3.404906647,0.006010696,0.000917277,4.46417E-05,0.001329901
7965,3.45129411,0.003709429,2.493844232,0.005717728,0.000415809,6.99772E-05,0.002587243
7966,3.714716941,0.006305934,3.094062238,3.14168E-05,0.000355656,0.000145108,0.001140508
7967,4.168022096,0.006031597,1.00899454,0.004171369,0.000631556,0.000911026,0.001790822
7968,4.580241225,0.001888353,2.511386082,0.00038293,0.000485673,0.000817719,0.002929229
7969,2.624729093,0.003209179,3.446227348,0.005041773,0.000942497,0.000613149,1.27269E-05
7970,4.579679481,0.007067713,2.833429113,0.00505555,0.000273731,0.000325167,0.00090083
7971,4.856543466,0.003431994,0.290078267,4.42381E-05,0.000760704,0.000384128,0.000991717
7972,4.657071957,0.002731481,3.122452554,0.003855166,0.000461935,0.000596136,0.002690218
7973,2.863753137,0.005016873,2.923780297,0.007814181,0.000532328,0.00074553,0.000512713
7974,2.755312472,0.004540883,0.41391739,0.007214308,0.000801108,0.000214978,0.00141348
7975,3.548550629,0.004829347,0.355107053,0.006077339,0.00039636,0.000955434,0.002813809
7976,3.957197747,0.000937274,2.725402493,0.006743257,0.000900847,0.00097278,0.002014088
7977,2.865163824,0.003260351,2.546994719,0.005869858,0.000691334,0.000996049,0.001481366
7978,3.331600408,0.005163042,2.842396408,0.007178274,0.00064319,0.000178293,0.001121059
7979,3.467677587,0.008181255,1.917591153,0.006452272,0.000183218,0.000458882,0.00016348
7980,4.313125958,0.00844571,1.465845708,0.00028229,0.000519642,3.00391E-05,2.62066E-05
7981,3.703567777,0.007166598,2.517443849,0.002441737,1.34473E-05,0.000229733,0.001886412
7982,3.491816465,0.005145185,3.066911781,0.008178399,0.000244146,0.000742424,0.002823595
7983,3.848083529,0.003990824,0.052605551,0.008765984,0.000631655,0.000153459,0.001992144
7984,4.336841621,0.006980313,1.047284852,0.007883807,0.000280598,5.53802E-05,0.000874905
7985,3.470284867,0.007045614,0.181632256,0.002712707,0.000232513,1.25016E-06,0.000272329
7986,4.55175038,0.00598012,2.046821194,0.004966195,0.000455197,0.000806157,4.09701E-05
7987,3.603593591,0.003521039,2.747388837,0.001858469,0.000309852,0.000196103,0.000997971
7988,3.880888178,0.005172035,0.836670722,0.004331893,0.000481838,2.35614E-05,0.002085806
7989,4.566113429,0.005958244,1.799008503,0.000947003,0.000717686,0.000738604,0.001868002
7990,2.700605958,0.00025282,3.347284493,0.009055324,0.00045474,0.000433448,0.000918417
7991,4.094012897,0.00663307,3.123735796,0.008252391,0.000418781,0.000675536,5.11029E-05
7992,4.613123574,0.009935818,2.112195206,0.005656193,0.000342702,0.00096316,0.001122659
7993,2.562723203,0.003891058,1.201201974,0.004486394,0.000456111,0.000127972,0.002028609
7994,3.022075069,0.005334025,2.074636386,0.004257976,0.000761272,0.000260319,0.002321329
7995,4.161917053,0.007176532,1.94837857,0.006937154,0.000269149,1.34406E-05,0.000766537
7996,2.906296717,0.004310847,1.954672226,0.004747656,0.000416325,0.000666929,0.001798037
7997,3.609841815,0.00186803,0.917757343,0.004812483,0.000334919,0.000918501,0.001632134
7998,2.978601263,0.009412025,3.592907422,0.009853575,0.000564239,0.000131246,0.00029452
7999,4.581454933,0.007049175,3.552654399,0.002652965,0.000784704,0.000235744,0.002395791
8000,3.583872186,0.008790365,3.87573114,0.001405887,0.000591046,5.75337E-05,0.002620008
8001,3.146915969,0.007017063,3.474122592,0.009604155,0.000913808,0.000507358,0.001044597
8002,4.246442269,0.004328065,2.890002257,0.009712523,0.000741466,0.000177559,0.002568258
8003,4.769335778,0.009286777,2.260257489,0.00234663,7.10163E-05,0.000192455,0.001727357
8004,2.67701123,0.007432516,1.815841869,0.002729835,0.000296532,0.000420134,0.002301211
8005,2.602116041,0.008971183,3.135996944,0.004722762,0.000112121,0.000855985,0.002638631
8006,4.703507804,0.001492856,2.927744357,0.006270803,0.000916835,0.000897891,0.000446623
8007,3.23350263,0.004712355,2.149076006,0.0060084,0.000318436,0.000778738,0.000624734
8008,2.817797361,0.005282586,0.275960703,0.008590652,0.000496681,2.77194E-05,0.001166733
8009,3.656083652,0.003017449,1.885706718,0.007013266,0.000860711,0.000778369,0.001243684
8010,4.442373759,0.001702669,2.073379058,0.005987225,0.000972554,0.000719164,0.001803355
8011,2.586661772,0.000692403,0.839603871,0.004296279,0.000145773,0.00096601,0.00035144
8012,4.071019308,0.00332858,0.201069659,0.008100676,0.000530879,8.96434E-05,0.002059763
8013,3.40938601,0.002621182,1.251793313,0.002363229,0.000820694,0.000142014,0.001512211
8014,4.9706253,0.00757319,0.19922041,0.00645064,0.000110516,0.00054636,0.002193788
8015,3.417489791,0.004299887,2.173854074,0.001558561,0.000197699,0.000507943,0.001780862
8016,4.647180246,0.00062641,1.336484962,0.009701828,0.000846186,0.00039576,0.002533608
8017,2.679789005,0.008237061,0.041326895,0.005261796,0.000545085,0.000785222,0.000240649
8018,2.977112221,0.004914307,3.996253243,0.006148883,0.000136251,0.000562313,0.000526367
8019,4.400306048,0.008209995,3.757211894,0.003394072,0.000302865,0.000319339,0.000442725
8020,2.522301364,0.008387077,3.136696744,0.002333857,0.000211212,0.000400675,0.000287308
8021,3.476788134,0.000341045,0.869855717,0.008166762,0.000451354,0.000206071,0.002052099
8022,3.154307477,0.002484116,3.531084477,0.00504815,0.000600652,0.000254181,0.001889981
8023,3.171535417,0.000465629,1.957812431,0.005809463,0.000997107,0.000690446,0.001152167
8024,4.200343671,0.000957177,3.409287332,0.009700612,0.000357488,0.000725677,0.001166683
8025,3.255321678,0.005465967,0.091117455,0.004317903,0.000400904,0.000188545,0.001184414
8026,3.77809781,0.002505694,1.870333642,0.007175763,0.000239358,0.000153602,0.001554446
8027,4.471784611,0.005200344,2.164098664,0.009996855,0.000465562,0.000549804,0.000724793
8028,3.154260036,0.003785427,0.477695008,0.008344298,0.000506168,2.53062E-05,0.001082684
8029,4.200551675,0.003411755,2.774410166,0.003679086,0.00078286,8.23241E-05,0.00229359
8030,3.938955198,0.007528202,0.378431418,0.006917909,0.000671129,0.000452258,0.002138957
8031,4.063305544,0.002653933,3.629885729,0.007962117,0.000136944,0.000155785,0.001190378
8032,4.296192429,0.005897615,2.514114559,0.0067781,0.000913749,0.000373562,7.85102E-05
8033,3.66045103,0.008759533,3.254610888,0.005722235,0.000911226,0.000603008,0.002620157
8034,3.405205425,0.005223375,2.852300434,0.008562177,0.000421509,0.000754986,0.000671416
8035,2.706493838,0.00792123,3.577960584,0.001290522,0.000420989,0.000262168,0.001194145
8036,2.795469008,0.009750156,2.436110674,0.001696947,0.000317969,0.000659209,0.002780531
8037,3.408247168,7.63038E-05,3.405669335,0.004757708,0.000567271,0.000669914,0.001064644
8038,3.769622224,0.001588014,1.019137895,0.007508092,0.000265051,0.000724467,6.39507E-05
8039,2.972901268,0.001791305,0.343281275,0.002229894,0.000624902,0.000158668,0.001166838
8040,3.653109968,0.007253001,0.324882238,0.002889188,0.000522053,8.60345E-05,0.000747756
8041,4.474089469,0.002176228,1.690525779,0.00295999,0.000835005,0.000241167,0.000732193
8042,4.817586196,0.002853675,1.451687177,0.003949421,0.000502948,0.000611169,0.001007629
8043,2.776155364,0.000425761,1.726573085,0.002512202,0.000440511,0.000299526,0.002062738
8044,2.716154864,0.007214053,2.662868185,0.001824163,0.000976139,0.000334755,0.002324385
8045,4.242421814,0.009565328,1.82660806,0.001258704,0.000294027,0.000554036,0.002969976
8046,4.318060558,0.006371273,3.219045792,0.003250613,0.000483752,0.000360275,0.000453383
8047,2.922612047,0.002184809,1.716788115,0.000605421,0.00065762,0.000163754,0.001364449
8048,2.584640868,0.006262329,1.848922237,0.009971732,0.000185787,0.000532112,0.001943792
8049,3.080003234,0.006338362,3.512090542,0.008265918,0.000101411,0.000718866,0.000798471
8050,4.302779166,0.001268233,1.542815741,0.00134883,0.000312046,0.000268185,0.00146664
8051,4.584391481,0.002910456,1.395301917,0.006944448,0.000413413,0.00096502,0.001131643
8052,3.392504951,0.00258034,1.792456187,0.003355047,0.00012061,0.000864635,0.000195258
8053,2.736570971,0.005934724,3.873485335,0.001880338,0.000105358,0.000836832,5.62333E-05
8054,4.240080565,0.002439826,1.424588547,0.009600541,0.000195963,0.000966357,0.000268054
8055,3.190022193,0.007570818,1.172783358,0.005996419,0.000310969,0.000197375,0.002190655
8056,3.544717247,0.000795954,3.138667296,0.009412556,0.000127281,0.000819544,0.000869132
8057,4.390946462,0.00632929,3.624078369,0.003805889,0.000814657,0.000469325,0.002280541
8058,4.994665261,0.008824501,3.534727383,0.006556232,0.000972478,0.00012045,0.00150452
8059,3.058133567,0.007859806,1.557546784,0.005410545,0.000896063,0.000434126,0.002977838
8060,4.628313772,0.009984777,3.307181479,0.0041206,9.20637E-05,0.000457885,4.30367E-05
8061,4.101810948,0.007438943,1.495435388,0.003210977,0.000724426,9.38453E-05,0.000147723
8062,2.651052658,0.009188889,0.760706947,0.009906353,0.000147948,7.0242E-05,0.002686743
8063,3.189350377,0.001458986,2.319412204,0.006481399,0.000537786,0.000862892,0.002335873
8064,4.20151184,0.002241598,3.025788418,0.003870659,0.000703668,3.05374E-05,0.000260476
8065,2.646859565,0.004634341,1.836446621,0.002899171,0.000435332,0.000271277,0.001388278
8066,3.428341528,0.003069058,2.783518791,0.009645107,0.000420188,0.000242212,0.000643106
8067,4.307022678,0.008728204,0.632383298,0.006663784,0.000464466,0.000192181,0.001009422
8068,2.635479983,0.005944276,1.585288613,0.009409132,0.00043643,0.000435784,0.000616238
8069,3.836364034,0.001639707,2.831975861,0.009332536,0.000267403,0.000934436,0.002737785
8070,4.147531368,0.00199229,0.41522782,0.004614893,0.000179011,0.000584396,0.000725205
8071,4.707208632,0.007130698,2.686136465,0.008738411,0.000759701,2.2019E-05,0.002782036
8072,3.520007128,0.007250367,2.76491522,0.005909945,4.36973E-05,0.000418521,0.001400797
8073,4.950651438,0.003559529,1.939298539,0.008885226,3.19503E-05,0.0002927,0.001290413
8074,3.101602216,0.003565939,1.314736686,0.00768801,0.000190113,0.000343229,0.000720378
8075,4.514583861,0.005742513,3.696075799,0.000546771,0.000936461,0.000797312,0.002114084
8076,2.775598556,0.002760637,0.77650658,0.007943955,0.000625299,0.000607444,0.000688911
8077,4.757448317,0.003280202,3.989539771,0.002391698,0.000195163,0.000820256,0.001442738
8078,2.582941659,0.004572441,3.169561468,0.001027138,0.000314075,0.00016018,0.000950057
8079,4.36087589,0.006693959,2.578828406,0.000815267,0.000554267,0.000510568,0.001794785
8080,3.458049524,0.001153941,2.711122964,0.001380415,0.000111298,0.000894283,0.002391529
8081,4.315193899,0.00677916,0.40421404,0.00736007,0.000334457,0.00082229,0.002347312
8082,3.429192154,0.00545213,2.603715952,0.005574661,0.000426708,0.00058269,0.002992884
8083,2.728068579,0.006531591,1.720346531,0.007816182,0.00075031,0.000429137,0.002480523
8084,3.612232142,0.005635184,0.310860559,0.000237627,0.000212853,0.000791799,0.000842275
8085,4.289444703,0.008558778,1.847063792,0.000176083,0.000107266,0.000326876,0.002454244
8086,3.24448149,0.006456418,3.664539307,0.001898608,0.000311025,0.000580928,0.002112689
8087,3.984206907,5.43156E-06,1.626154102,0.008380985,0.000844237,0.000296343,0.001301909
8088,4.380835817,0.003156614,2.456271427,0.007360631,0.000755346,0.000392467,0.002436758
8089,2.877349008,0.001757748,3.555439314,0.001513314,0.000540992,0.000954779,0.002524319
8090,4.082798807,0.002849036,2.97645785,0.000281033,0.000351994,0.000546924,0.001543549
8091,3.477761297,0.006938561,1.365288586,0.007211619,0.000404856,0.000952694,0.002858771
8092,3.849395526,0.006430136,2.632628554,0.000873715,0.000927824,0.000312207,0.002831097
8093,4.130648966,0.003703824,2.448818293,0.007334588,0.000708851,0.000897815,0.000339403
8094,3.921121998,0.009092407,2.505804739,0.005850135,0.000812006,0.000429978,0.001990621
8095,3.799956952,0.007135494,0.107247282,0.004172857,0.000403869,0.000779511,0.001818978
8096,4.079611719,0.008218547,3.272478673,0.001647434,0.000417215,0.0006407,0.001631074
8097,3.593483853,0.005842584,1.521958003,0.007283611,0.000336211,0.000593142,0.001818467
8098,4.688327488,0.002146697,0.984237406,0.009930338,0.000798945,0.000530565,0.000167654
8099,2.893799976,0.000207887,0.669985088,0.001500864,0.000367526,3.59168E-05,0.001452944
8100,3.084486242,0.006959624,0.971262022,0.00409954,0.000929413,0.000242173,3.9465E-05
8101,2.930553458,0.005854408,0.235384187,0.003301603,0.000874411,0.000894294,0.000355263
8102,3.281620911,0.009848453,3.219124503,0.009621529,0.000215165,7.67141E-05,0.002485758
8103,2.985639838,0.00269949,3.36098939,0.000600827,0.000502696,0.000957308,0.001663351
8104,4.812843578,0.005083387,1.872985396,0.009708523,0.000830267,0.0004956,0.001328621
8105,3.926250634,0.006222269,0.564306506,0.009689648,0.000654399,0.000529625,0.002197242
8106,4.878988694,0.006501934,2.134362733,0.006005416,0.000149956,0.000739667,0.002832674
8107,3.974174243,0.006077362,1.196897351,0.005437443,0.000711438,0.000394398,0.00072429
8108,4.512029929,0.006603221,0.751077109,0.005152537,0.000263603,0.000272754,0.001171283
8109,4.492634855,0.009233746,2.499035704,0.005344955,0.000654227,0.000653178,0.000716035
8110,3.30483296,0.008821477,0.489539245,0.006695599,0.000531311,0.00062864,0.00189877
8111,3.122812609,0.00380311,0.201250817,0.002594679,0.000299859,0.000544481,0.001290706
8112,4.881900287,0.006924477,1.13109752,0.00489384,0.000529098,0.000917179,0.002572601
8113,3.322146383,0.007348183,1.267033661,0.00255115,0.000718474,0.000379581,0.001888366
8114,3.220737411,0.006162636,0.003281801,0.004665595,0.000663948,0.000984007,0.001643298
8115,3.79281122,0.00720737,2.904561354,0.003197817,0.000389604,0.000943955,0.000184595
8116,2.625163201,0.00760875,0.490144745,0.004635386,0.000949894,0.000348957,2.71403E-06
8117,4.488868483,0.004523609,3.234042335,0.002509892,0.000535209,5.15451E-05,0.001052316
8118,3.254812673,0.006764833,1.377074804,0.007633187,0.000932222,0.00018501,0.002863944
8119,3.59662501,0.00415513,0.831927723,0.008138431,0.000788944,6.95001E-05,0.000989718
8120,4.524971067,8.0889E-05,3.39431527,0.007934275,0.000445381,0.000672132,0.000491284
8121,3.228149464,0.005745847,2.416332627,0.007641493,9.76266E-05,0.000966516,0.001555865
8122,2.50432713,0.005148896,0.536572705,0.005648469,0.000948795,0.000503694,0.002725812
8123,2.978723866,0.005536129,2.255400873,0.008932313,0.000987198,0.00098285,0.001555418
8124,4.957709746,0.003515152,3.842921471,0.006867078,0.000714501,0.000308682,0.001216042
8125,3.456675477,0.006283828,2.265100683,0.005504013,0.000946088,0.000154128,0.002361442
8126,3.489879213,0.006416871,3.566656967,0.000259614,0.0004863,6.9325E-05,0.001748619
8127,3.236042025,0.000413785,1.119601488,0.004781941,0.00018086,0.000291117,0.001616082
8128,4.851384265,0.00207406,1.370491445,0.008139951,7.3989E-06,0.000990829,0.001263909
8129,2.771615795,0.00628998,1.771311746,0.002823948,0.000294428,0.000289072,0.002130771
8130,4.095824601,0.003499759,2.802973065,0.003378911,0.000382843,0.000238758,0.001619451
8131,4.357275515,0.009606357,3.465002612,4.14026E-06,0.000367161,0.000271943,0.000131149
8132,2.986747931,0.001355647,0.277049395,0.006903038,0.000571593,0.000535291,0.001231707
8133,4.117814278,0.004287284,3.27532323,0.001897655,0.00010536,0.000405096,0.002827291
8134,2.798541724,0.009512461,0.407842396,0.009798912,0.000344543,0.000375692,0.001471344
8135,3.622337274,0.006556653,0.860112541,0.003988106,0.000835637,0.000884135,0.000438903
8136,3.401086096,0.002340567,2.297857084,0.009154582,0.000221302,0.000476317,0.000197961
8137,3.647819166,0.001566033,0.782437621,0.009666874,0.000135239,0.000499639,0.001788902
8138,2.630587912,0.004028226,3.222409343,4.53093E-05,0.00075957,0.000822165,0.002558364
8139,4.786508417,0.009339966,3.7636301,0.003899867,0.000201294,0.000728211,0.002548367
8140,4.358526785,0.0028221,2.531902946,0.007757785,0.000654713,2.78778E-05,0.002537217
8141,4.39274838,0.009997577,3.717820057,0.004278123,0.000191267,0.000774576,0.000678566
8142,4.748280738,0.003768549,3.141207641,0.005894605,0.0001463,0.000391052,0.002826087
8143,4.130273683,0.008468437,2.638805674,0.009374913,0.00023735,0.000357391,0.002583979
8144,4.077004323,0.00395798,1.178196881,0.000741231,0.000699798,0.000145513,0.002477034
8145,3.131094971,0.006180018,3.323035534,0.007112243,0.00086551,1.88821E-05,0.000499751
8146,4.484621639,0.008089414,2.779296264,0.002021036,0.000838498,0.000988531,0.000421099
8147,4.708978223,0.000253158,3.586952873,0.008921067,0.000719882,9.26215E-05,0.001998888
8148,3.841684073,0.004535459,0.738496755,0.001022418,0.000110366,0.00099868,0.002715216
8149,4.993832384,0.008445541,2.893222691,0.009556235,0.000580708,0.00074958,0.000532263
8150,4.184806732,0.005859532,0.699065352,0.007408634,0.000307415,0.000758334,0.002961783
8151,4.5615965,0.003363557,0.727202691,0.00734708,0.000276362,0.00032582,0.002877367
8152,3.378406084,0.008183498,3.701313694,0.009441385,0.000854049,0.000631388,0.000886604
8153,2.518812959,0.006928859,0.396729174,0.00216822,0.000407608,0.000328093,0.00058662
8154,3.452556375,0.007196222,0.031364623,0.002139518,0.000896982,0.000196983,0.002288133
8155,4.007110166,0.002788385,3.024631948,0.006201632,0.000620524,0.00013857,0.00012943
8156,2.979595538,0.002330037,0.867269233,0.008124767,0.000527539,0.000465283,0.001662849
8157,4.44366267,0.006791169,3.993787169,0.002295928,0.0006797,0.000228174,0.002772713
8158,4.941759875,0.00948572,0.252676633,0.003182612,0.000151018,0.000794265,0.000791859
8159,4.928938149,0.005798665,3.184685867,0.005219961,0.000928814,6.37072E-05,0.000524869
8160,3.454821634,0.000169363,2.972347748,0.004791016,0.000118892,0.000455155,0.00195063
8161,2.559212338,7.07174E-05,0.918146038,0.005988551,0.00060624,0.000728155,0.000419183
8162,3.091524163,0.002801482,0.683558256,0.000925907,0.000575319,0.000781047,0.002177337
8163,3.341959168,0.004541941,2.862550256,0.004472972,0.00049444,0.000399297,0.002380171
8164,4.596415094,0.006930393,3.172730266,0.005749337,0.000593923,0.000607762,0.00213801
8165,3.675936067,0.005228759,2.809561412,0.003146396,6.2198E-05,0.000590364,0.002080749
8166,2.605493581,0.005768727,2.480415144,0.0002173,0.000412078,0.000979652,0.000437321
8167,2.936776735,0.005333001,3.773801514,0.002637585,0.000818885,0.000719072,0.001738615
8168,4.762475215,0.009406809,2.021805796,0.000423774,0.00046536,9.30616E-05,0.001324985
8169,4.549946035,0.008026732,2.938999133,0.004211494,0.000375372,0.000398884,0.002446727
8170,2.623784173,0.004695505,3.659157978,0.003185026,0.00033848,0.00036243,0.002484098
8171,3.775789398,0.009142275,1.486558389,0.009690653,0.000635175,0.000827436,0.00232494
8172,4.34840419,0.001337889,0.818695721,0.009716286,0.000380515,0.000167904,0.000656039
8173,3.714688414,0.004201741,1.711527553,0.006284935,0.000962965,0.000989243,0.002962987
8174,4.744689483,0.009020603,3.70418738,0.009460535,0.000185057,0.000216752,0.002775643
8175,2.89735789,0.004616745,3.644440471,0.001411906,0.00096828,0.000551716,0.000566823
8176,3.539346479,0.000532767,2.136913503,0.000160501,0.000380335,0.000766346,0.001220862
8177,4.630349986,0.000452784,2.525739648,0.002798649,0.000717701,0.000365442,0.002217281
8178,4.792789021,0.00660618,0.454882629,0.007324154,0.000950529,0.000742285,0.002498015
8179,4.014674005,0.003881316,2.442064779,0.001197423,0.000161807,0.000971001,0.002308269
8180,3.91486009,0.008688958,3.120016215,0.007580828,0.000600157,0.000206576,0.000539339
8181,3.704566661,0.006241714,0.184300969,0.001619238,0.000325977,0.000672817,0.002299012
8182,4.262232355,0.008426776,3.387329058,0.009204967,0.000760665,4.1389E-05,3.2286E-05
8183,4.546284678,0.009914105,0.484792079,0.005659096,0.000591009,0.000944313,0.00150906
8184,4.139667854,0.001668209,3.543285343,0.007883257,0.000407154,0.000476837,0.002861353
8185,4.56593045,0.000161449,1.448706053,0.00428608,0.000909389,0.000794532,0.001557729
8186,4.642057716,0.000828483,3.776945104,0.001496999,0.000716504,0.00096846,0.000933915
8187,3.511415012,0.006725715,0.934652802,0.00296961,0.000869424,0.000448354,0.000516504
8188,4.210718589,0.003939862,1.174485434,0.00190907,3.68044E-05,0.000724141,0.001848979
8189,2.706190705,0.006183714,2.792803488,0.008181916,0.00054157,0.000403271,0.002163727
8190,3.732244403,0.006260499,0.45522822,0.005048041,0.000207745,0.000240185,0.001153558
8191,3.39202107,0.00304382,0.567549173,0.005217025,0.000544415,0.000464073,0.002239252
8192,4.257978722,0.006547025,0.928877785,0.004996942,5.81708E-05,0.00020511,0.000339798
8193,4.987256631,0.000766637,1.213470547,0.006106361,0.000940267,0.000147528,0.000526373
8194,3.91222179,0.008435955,2.64985826,0.009507042,0.000741685,0.00080915,0.001147223
8195,4.587042651,0.002622194,1.125444424,0.009260925,6.47129E-05,1.0101E-05,0.001539691
8196,3.093824119,0.008706397,3.837617012,0.003727898,0.000462997,0.000492245,0.000151377
8197,4.781826969,0.001933116,1.742374912,0.004040025,0.000833727,0.000835675,0.002594204
8198,4.196701214,0.00264906,0.951119304,0.007866498,7.35873E-05,0.000257357,0.000442213
8199,3.310924973,0.002517385,3.979933243,0.003889457,0.000859275,0.000804726,9.91924E-05
8200,4.078141179,0.004308996,3.263845848,0.001579968,0.0009734,1.41615E-05,0.001608645
8201,4.474114268,0.000209946,3.302149942,0.001646091,0.000230541,0.000411592,0.002447495
8202,2.766340812,0.002984641,3.618665128,0.006169737,0.00022201,0.000257854,0.002284309
8203,4.196923801,0.005831635,1.870224361,0.008005315,0.000620907,0.000243493,0.001180791
8204,3.201085837,0.006749264,0.314365581,0.009759744,0.000122124,0.000777806,0.00271494
8205,4.502838454,0.000642251,2.004436789,0.005404311,0.000283124,0.000626494,0.00282178
8206,4.093363624,0.006304012,3.095052959,0.002086252,0.000320761,0.000360833,0.002459412
8207,2.929281048,0.002877366,0.051953279,0.005928647,0.00079991,0.000656649,0.001100384
8208,4.728453091,0.006113554,0.17315643,0.001929082,0.000662281,0.000481424,0.000478518
8209,4.960635748,0.000284931,2.807425286,0.002749259,0.000595271,0.000102607,0.002233335
8210,3.211250979,0.004636099,2.502117114,0.009454673,0.000669555,0.000834387,0.000450609
8211,3.409328144,0.002075679,0.164641218,0.004472824,0.000695082,0.000276712,0.002010538
8212,4.297783375,0.001026682,3.658801809,0.002950102,6.35368E-05,9.85846E-05,0.000368449
8213,3.118433643,0.00368178,1.156277294,0.007028169,0.000606851,0.000939681,0.000216637
8214,4.967103835,0.004456945,1.287463506,0.001398939,0.000712057,0.000827831,0.002672569
8215,3.038666955,0.009445264,0.549389146,0.001505888,0.000205733,4.24175E-05,0.000122978
8216,4.616095069,8.52914E-05,0.289112078,0.007907232,0.000123607,0.000700188,0.00280257
8217,4.662706088,0.00860365,0.729294187,0.001282988,0.000574195,0.000529177,0.002563999
8218,4.922691496,0.004554957,0.114248463,0.002325676,0.000443933,0.000402721,0.002893093
8219,2.756150877,0.009830846,2.603645101,0.004612152,0.000986995,0.000250532,0.002143596
8220,3.416112834,0.006933544,3.190849544,0.001521917,0.000997793,0.000649706,0.001486274
8221,4.340423061,0.007862349,2.043565385,0.005616746,0.000895612,0.000935859,0.001705104
8222,2.716037417,0.005996977,2.161646095,0.004890408,0.000663782,7.6731E-05,0.002435774
8223,3.644459835,0.004359792,3.487209231,0.00856302,0.000683938,9.72339E-06,0.002963263
8224,3.460958609,0.006581114,3.602192241,0.009282882,0.000575439,0.000427144,7.61721E-05
8225,2.803649525,0.008052955,0.702905623,0.006279329,0.000787783,0.000502997,0.000664268
8226,4.690652777,0.006908538,0.909238613,0.009734154,0.000875503,0.000999509,0.0002859
8227,2.583157546,0.006466741,2.657153979,0.003314225,0.000855417,0.000289682,0.002368199
8228,3.675933357,0.000611281,0.863829919,0.006150617,0.000829257,0.000560424,0.00087139
8229,2.606768747,0.000391686,2.277702025,0.006101574,0.000793218,0.000696683,0.002499942
8230,3.080956664,0.006313901,0.017135918,0.004601315,0.000252667,0.000254058,0.001715219
8231,4.23339254,0.00317669,2.492720423,0.006103868,0.000541843,0.000625155,0.000509004
8232,2.849536533,0.004721907,2.267193275,0.001449478,0.000414102,0.000325545,0.001808551
8233,3.297090553,0.008259293,0.682226105,0.000280537,0.000333104,0.000352652,0.000446715
8234,3.626440916,0.008517528,2.027230865,0.008826493,0.000706345,0.000547867,0.002189664
8235,4.995166195,0.007654841,0.263225342,0.007599279,0.000887327,0.000245057,0.001456082
8236,3.928595017,0.002833275,1.86281911,0.006301261,0.00014446,0.00086908,0.002374413
8237,4.631545669,0.002301062,3.006246286,0.009119678,0.000213228,0.000853916,0.001149309
8238,3.026194992,0.00811402,2.487654656,0.004645453,6.24739E-05,0.000584909,0.000912367
8239,4.401360428,0.00737616,1.887561998,0.008331343,0.000604661,0.000858409,0.000607597
8240,3.091273684,0.002143894,2.279960565,0.009698705,0.000328418,9.75811E-05,0.000934606
8241,4.185042124,0.001720046,0.268518171,0.001089402,0.0005271,0.000966393,0.001405297
8242,4.128747983,0.005104173,1.97565544,0.002480749,1.00321E-05,0.000587188,5.43201E-05
8243,3.187693464,0.003849566,0.313746389,0.005549495,0.000606603,0.000908946,0.002941377
8244,3.998456629,0.00619516,0.94542069,0.009939694,0.000707478,0.000362591,0.001987349
8245,3.385021921,0.00805838,2.844160157,0.003138689,0.00015085,0.000679636,0.001849482
8246,3.265520042,0.008949538,3.66168699,0.000417383,0.00050801,0.00053484,0.000530336
8247,4.733289547,0.008910593,1.357851621,0.004421302,0.000236398,8.32705E-05,0.001504647
8248,3.927430165,0.006552522,1.898007023,0.003264221,0.000663534,0.000138458,0.001590502
8249,4.581645192,0.003225123,0.228725772,0.00358303,8.13737E-05,0.000939707,0.002073445
8250,2.647919029,0.007653969,1.690685691,0.002974942,0.000831899,9.33498E-05,0.00092645
8251,3.981893421,0.005936336,1.641536614,0.00469895,0.000779395,0.00010464,0.001634761
8252,3.31315394,0.001209282,0.307365826,0.000842138,0.000517567,0.000608891,0.00147467
8253,4.247163866,0.00116196,2.442118903,0.000580613,0.000955806,0.000395685,0.000464826
8254,3.003217574,0.005534517,0.530641559,0.008471299,0.000618226,0.000600206,0.001696739
8255,4.755455828,0.008491059,3.559158681,0.002923668,0.000585976,0.00042104,0.000688406
8256,4.107606434,0.005448609,3.547138423,0.003863332,0.000119216,0.00079968,0.001891559
8257,4.730013504,0.003639559,0.632980765,0.001519966,0.000499536,0.000713347,0.002426237
8258,4.04834114,0.003673535,2.347100473,0.007976127,3.56377E-06,0.000554828,0.001104128
8259,3.196070908,0.000405676,3.816361549,0.003834085,0.000521881,0.00046514,0.001027773
8260,3.18526341,0.00514193,3.658012829,0.007506543,8.33953E-05,0.000561414,7.34996E-06
8261,4.975690684,0.000571099,2.097868553,0.000122238,0.000316898,0.000996049,0.00178418
8262,4.432395853,0.000870577,2.059004992,0.003195142,6.16235E-06,0.000744626,0.001325381
8263,2.9408502,0.008310996,3.424470615,0.007301345,0.000505948,0.000230964,0.000527896
8264,4.085166261,0.001180381,3.027954287,0.002521299,0.000736272,0.000114848,0.000172409
8265,3.020390178,0.004264582,2.804070808,0.001762753,0.00020655,0.000797189,0.002312614
8266,3.383509093,0.005171553,0.099929252,0.002894259,0.000614692,0.000602209,0.002387866
8267,3.757759732,5.07E-05,3.925952853,0.009564505,0.000449559,0.000105427,0.001279505
8268,3.193798914,0.003286748,3.073612811,0.000144106,0.000560229,0.000331538,0.001676231
8269,3.173832132,0.007373984,1.918083615,0.001794903,0.00053636,7.44119E-06,0.002142939
8270,3.998138409,0.002850098,0.794239805,0.008238269,0.000345839,0.000605209,0.000718043
8271,3.137049734,0.000534872,3.524106057,0.008551822,0.000329577,0.000659024,0.000210729
8272,2.905167033,0.008664664,1.763672165,0.007143401,0.000193004,0.000375669,0.001366981
8273,3.993819479,0.009487136,3.533575345,0.005350986,0.00056866,0.000103259,0.001523037
8274,2.841517436,0.000351676,3.179772465,0.008481631,0.000656252,0.000663475,0.002477194
8275,4.01056566,0.007354371,1.39971929,0.002583351,0.000935568,0.000814473,0.000141986
8276,3.929758862,0.009289429,3.69581307,0.001957548,0.000373598,0.000791583,0.002945515
8277,4.984750169,0.00392381,3.317045082,0.006053717,0.000334278,0.000138689,0.001987828
8278,3.919060801,0.006641935,1.822929491,0.005433253,0.000150214,0.000788249,0.000350079
8279,4.080075084,0.008240688,3.851929942,0.006104653,0.000710053,0.00059222,0.002513643
8280,3.20595442,0.005087364,1.203186647,0.00747576,0.000173023,0.000245407,0.001229081
8281,4.948569413,0.000291731,2.111511304,0.000337455,0.000544872,0.000293037,0.002587974
8282,3.030710603,0.005356756,1.278031016,0.006710362,0.000510283,0.000107412,0.000864698
8283,4.354757824,0.008730713,0.643446749,0.003468191,0.000441453,0.000803969,0.000682864
8284,3.093019185,0.002741003,1.506157183,0.003577274,9.81205E-05,2.03852E-05,0.000987625
8285,3.176545268,0.00211967,3.403139151,0.003769635,0.000279718,0.000329048,0.000863256
8286,4.040179588,0.001959824,3.512734194,0.008059126,0.000139939,0.000543491,0.002593902
8287,3.446977882,0.004887916,0.899084037,0.001103535,0.000161395,4.09026E-05,0.00010099
8288,4.821549868,0.005591485,1.901925708,0.007383785,0.000490614,0.000471576,0.000947439
8289,3.483205651,0.003615424,3.981667854,0.006643972,0.000238949,0.000800023,0.002038577
8290,3.816119492,0.007570731,1.340862769,0.001657788,0.00037614,6.20335E-05,0.001720668
8291,4.180493978,0.009155999,1.517726069,0.001794533,0.000375158,0.000171715,0.001373565
8292,3.70084623,0.003822227,0.209091532,0.004864508,0.00033179,0.000258236,0.000898948
8293,2.824523124,0.008453749,1.592366594,0.002688508,0.000729508,0.000933949,7.3683E-05
8294,2.87255874,0.002773688,1.507142417,0.002662001,0.000120088,0.000556446,0.002004478
8295,3.202340104,0.001974738,1.210893982,0.008570284,0.000397605,0.000618124,0.002329418
8296,3.799870698,0.005254987,0.535860578,0.006108569,0.000227563,0.000147098,0.000513566
8297,4.703578984,0.001203234,1.973386926,0.005889555,0.000653891,1.71669E-05,0.001509837
8298,4.285507785,0.000376085,1.168820998,0.002471835,0.000871089,0.000848445,0.001127216
8299,3.014245816,0.003953885,2.778047414,0.005441889,0.000457182,0.000643517,0.000785297
8300,2.528084006,0.00326372,3.208923892,0.002861946,0.000995549,0.000884804,0.002665019
8301,4.836259899,0.000432139,2.405299092,0.007518346,0.000198939,0.000849949,0.002674538
8302,3.305143174,0.005936374,0.87694631,0.002830302,0.000675463,7.59134E-05,0.002179925
8303,4.27655057,0.000376043,0.436351341,0.009350497,0.000754204,0.000885914,0.000491032
8304,3.02194719,0.009530735,0.481362235,0.008133271,0.000486333,0.000963609,0.002593813
8305,3.714209056,0.002025426,2.987231301,0.007810138,0.000297397,9.48723E-05,0.002689322
8306,4.96090642,0.007361805,3.37523042,0.004774449,0.000638618,0.000640132,0.001269096
8307,3.440137447,0.000106487,3.530436361,0.003425493,0.000101359,4.971E-05,0.000941438
8308,4.05557146,0.009023108,1.6352142,0.00703778,0.000441594,0.000599568,0.001903592
8309,2.877565852,0.000428936,2.385081506,0.006704396,0.000924826,0.000729684,0.001313053
8310,4.435228414,0.006520606,3.951869899,0.00010478,0.000592646,0.000856004,0.000969005
8311,4.946968285,0.000257549,1.811032353,0.001583741,0.000497737,0.000167342,0.001882714
8312,3.749168632,0.000959072,0.466824385,0.00851741,0.000535034,0.000735151,3.19238E-05
8313,2.956851998,0.000256796,1.298510226,0.008263422,0.000886123,0.000854022,0.0028107
8314,4.91852541,0.003143192,0.826667304,0.002340148,0.000933668,0.00092729,0.000354836
8315,3.404177675,0.006463047,2.177959899,0.004742704,0.000640487,0.000674372,0.001736419
8316,4.516859752,0.002180354,1.911869542,0.00733272,0.000522738,0.000501089,0.000602737
8317,4.946163874,0.00605415,1.391067474,0.001544345,0.000410926,0.000127538,0.001668643
8318,3.432184004,0.005174269,2.510826801,0.008560003,0.00010184,7.77551E-06,0.002011984
8319,3.459226999,0.009273611,0.964461504,0.007001802,8.50183E-05,0.000983188,0.001004236
8320,3.182424298,0.001448629,2.827255146,0.009042478,0.000176903,0.000422083,0.002877168
8321,4.051431586,0.004895572,2.659030824,0.001924797,0.000600801,0.000934821,0.00202566
8322,4.13376452,0.006057007,0.396383487,0.000735355,0.000324698,0.00076369,0.002878576
8323,2.911255405,0.007845866,1.986054851,0.009742122,0.000496841,0.000264808,0.001205858
8324,4.905021014,0.00676273,3.145134849,0.009750335,0.00087539,0.000752093,0.002420346
8325,4.955460914,0.000131139,2.765863034,0.003000423,0.000757202,0.00063321,0.002283796
8326,4.115702378,0.009301317,0.62497342,0.008884553,0.000942998,0.000552334,2.8309E-05
8327,4.331146866,0.001562595,3.781593862,0.00357013,0.000296886,0.000261334,0.000434114
8328,4.980770236,0.002678445,3.454001315,0.00725162,0.000465718,0.000824909,0.00154949
8329,2.535421547,0.000604826,1.66751614,0.00453453,0.000108141,0.000237592,0.000703226
8330,4.43195446,0.001824832,2.657481655,0.005300288,0.000143421,0.000629913,0.002156428
8331,3.892477309,0.002646288,2.855960837,0.006082472,0.000321499,0.000814189,0.000128649
8332,3.510854121,0.006004588,2.627178803,0.00068274,0.000865811,0.000449349,0.00137029
8333,3.626629267,0.006009664,2.732064983,0.003144703,0.000691595,0.000993357,0.002119183
8334,2.643136022,0.009607924,0.943275883,0.000537265,0.000588352,6.14556E-05,0.00135427
8335,3.472556926,0.009273346,2.42855391,0.004157118,7.90592E-06,0.000463263,0.002041738
8336,2.889629407,0.001257095,3.920586486,0.000609906,0.000519013,0.000368981,0.0028507
8337,4.687219419,0.009394634,1.912817195,0.008100024,0.000596544,0.000952018,0.000320614
8338,3.091000787,0.006700828,2.228954285,0.004502875,0.000205618,0.000634491,0.001034023
8339,3.32873323,0.007528286,0.239755614,0.001997664,0.000557169,0.00058094,0.000367647
8340,3.579940491,0.005897528,0.506196232,0.00617844,0.000808612,0.000647996,0.001144805
8341,3.29711502,0.00884488,0.79058895,0.002231885,0.000545832,0.00085793,0.002698409
8342,3.905100878,0.003127257,2.051080531,0.005662735,0.000438776,0.000864694,0.00059094
8343,3.48774356,0.006404261,3.409662043,0.00146789,0.000205648,0.000689937,0.002534787
8344,3.594347816,0.001099549,1.356967723,0.001589945,0.000114115,0.000950951,0.000709972
8345,2.896865979,0.007553617,3.624335014,0.005609159,0.000575885,0.000224981,0.000832175
8346,4.828520783,0.007674614,1.229920804,0.006116435,0.000891927,7.12107E-05,0.001941537
8347,2.510741951,0.004868816,0.143755562,0.007635802,0.000949607,8.64121E-06,8.85212E-05
8348,4.893071096,0.003955535,3.459573332,0.000796464,0.000982758,0.000550407,0.00013493
8349,2.769691794,0.003146229,0.39164977,0.005328116,0.000271393,0.000554323,0.00076258
8350,2.804321555,0.001287048,0.178879895,0.003128398,0.000377229,0.000368957,0.00147765
8351,4.068340691,0.007080893,3.248459235,0.00591571,0.000827127,0.00021351,4.60192E-05
8352,3.793446739,0.004642655,1.736437677,0.00820661,0.000679589,0.000636662,0.000586608
8353,3.952916404,0.006347651,3.415975416,0.007857107,5.5184E-05,0.000122875,0.001067998
8354,2.588743519,0.008197326,2.892033501,0.005659946,0.000875955,0.00089937,0.002730412
8355,4.081695683,0.004472649,1.523053585,0.008228743,0.000963995,0.000745372,0.001671415
8356,3.171265531,0.008343415,3.680157615,0.008888835,0.000801841,0.000827448,0.002312646
8357,4.613355916,0.003160713,0.494909816,0.006849151,0.000285548,0.00077448,0.000564989
8358,4.599089795,0.003855301,3.6090127,0.003946562,0.000296357,0.000536209,0.002815365
8359,4.772384701,0.009024539,3.401948164,0.006150486,0.000503528,0.000648245,0.00013261
8360,4.690299986,0.005569274,1.729148509,0.009148441,0.000465408,2.45722E-05,0.000124027
8361,2.962097516,0.001578181,0.815376592,0.000594999,0.000253222,0.000437366,0.002545552
8362,4.792885406,0.009555592,3.103575433,0.00547025,0.000767514,0.000157461,0.001129317
8363,2.523649592,0.005153676,1.340365758,0.007360629,0.000200735,0.000353028,0.001410719
8364,4.677807083,0.003687543,2.41392953,0.007482401,0.000462068,0.000102242,0.002564076
8365,3.553026948,0.003950518,2.718361521,0.003377716,0.000961633,0.000387393,0.000573254
8366,2.854778689,0.009237665,3.770143747,0.000105063,0.000913838,0.000240741,0.001684861
8367,4.425237828,0.007665311,3.888664997,0.001199318,0.000172995,0.000308115,0.000780487
8368,4.798575005,0.004352302,0.400305339,0.007492343,0.000702599,0.000338808,0.001703667
8369,3.896566077,0.008201515,2.339135547,0.009885372,0.000967668,0.000464981,0.002364378
8370,3.759082755,0.004453626,3.235290616,0.004259432,0.000331944,0.000516931,0.001605726
8371,4.887429123,0.003918878,1.27448447,0.00850712,6.12342E-06,0.000856149,0.001021843
8372,3.640125314,0.009656527,3.742353256,0.003365844,0.000691564,0.000658074,0.002222689
8373,4.246152185,0.002903868,0.79469654,0.000871301,0.000199456,0.00090329,0.002650255
8374,2.996336347,0.002430433,3.813104492,0.003635837,0.00097611,0.000483265,0.002752185
8375,4.242783867,0.004655305,3.506882337,0.008133687,2.13031E-05,0.000198115,0.00050267
8376,2.518556132,0.004564917,3.793818696,0.000533982,0.000957601,0.000923402,0.002565796
8377,4.384733764,0.001721673,0.519984053,0.007025812,0.00036197,0.000246964,0.002524201
8378,2.890545504,0.00686018,1.103309057,0.00811003,0.00068392,0.000418035,0.002060882
8379,4.797967394,0.009896473,3.953868249,0.002941075,0.000664442,0.000163005,0.001465072
8380,3.177342824,0.00914842,0.908459904,0.00192085,0.000926655,0.000953645,0.000190324
8381,4.762998053,4.82772E-05,3.7866767,0.004196297,4.85754E-05,0.00041042,0.000447203
8382,3.91425935,0.009291764,0.51764376,0.002331809,0.000777095,0.000145065,0.000365879
8383,4.07468462,0.008024447,0.757896839,0.006791074,0.000421924,0.000433188,0.001728963
8384,2.610443056,0.009343082,2.120906531,0.008209719,0.000684516,0.000139088,0.002416701
8385,2.513849693,0.009987878,0.156154041,0.00826925,0.000932416,0.000680716,0.002555291
8386,2.845965294,0.008280124,0.872176933,0.002832099,0.000136953,0.000367422,0.001385486
8387,2.952919332,0.004010272,3.160090544,0.001706746,0.000201151,0.000112308,0.001512911
8388,3.082408078,0.009549658,2.802517092,0.00419108,0.000444536,0.000687345,0.000804273
8389,3.35535159,0.005809621,1.316907266,0.009760261,0.00066558,0.000611082,0.000203194
8390,2.808435173,0.001728098,2.803997961,0.000686515,0.000653886,0.000569547,0.000577485
8391,3.137118129,0.000463867,1.278786461,0.002498748,0.000244294,0.000637388,0.001518979
8392,3.055352791,0.003743593,3.34799027,0.006527409,0.000339589,0.000243635,0.002846181
8393,2.791635659,0.000485071,2.977862128,0.008764308,0.000377637,0.000561392,0.000368238
8394,3.817346596,0.007331872,1.070294627,0.002640496,0.00030637,0.000938371,0.000132257
8395,3.345301873,0.006721841,1.659678392,0.000453238,0.000535392,4.4106E-05,0.000182555
8396,4.577539316,0.007204166,1.602296852,0.007802337,0.000687538,0.000633903,0.000972153
8397,3.197520346,0.003696786,1.572595521,0.006246381,0.000917672,0.000998372,0.001761502
8398,3.829197698,0.003618478,3.220727751,0.006636359,0.000169939,0.000747639,0.001689351
8399,4.410933342,0.007255901,2.911140201,0.004617378,0.000108078,0.000999393,0.002708441
8400,4.676862412,0.001781515,1.991295888,0.001197775,0.000827762,0.000981077,0.001904003
8401,4.436626192,0.009200621,3.961539933,0.006540243,0.000452024,0.000145038,0.002259661
8402,2.709433014,0.009503698,2.734297928,0.0073907,0.000999743,0.00058539,0.00154729
8403,3.229434342,0.007067033,3.532321174,0.005594512,0.000749562,0.00049635,0.002284402
8404,3.052043834,0.002845931,0.754813099,0.004651599,0.00072286,0.000786762,0.000972846
8405,4.829722186,0.006355509,1.194149845,0.009634486,0.000938402,0.000701205,0.000217971
8406,4.534244699,0.003506195,3.498512729,0.006539669,0.00041641,0.000803051,0.000760509
8407,3.027036405,0.009253103,1.5638186,0.001160401,0.000173946,0.000104417,1.67724E-05
8408,3.778861751,0.000440247,0.583204548,0.001895183,9.61021E-05,0.000437157,0.001165069
8409,4.533586669,0.003975112,3.324171786,0.005735612,0.000744455,0.000376559,0.001210805
8410,2.885210383,0.007391528,2.00309776,0.007415238,0.000969828,0.000939493,0.000928016
8411,4.099513307,0.005978483,2.861310836,0.006711259,0.000620823,0.000940237,0.001029537
8412,3.444759051,0.006940409,0.872178109,0.008907163,0.000394424,0.00013374,0.002502531
8413,3.404278912,0.001504508,0.760115315,0.002863934,0.000749194,0.000986916,0.000488804
8414,3.632750885,0.00358397,2.840295135,0.009688413,0.000286001,0.000578726,0.002172533
8415,4.570670891,0.003712797,3.18463181,0.003953708,0.000384033,0.000229845,0.00085117
8416,4.448616101,0.00623316,2.820180172,0.000713607,0.00073386,0.000189306,0.000246712
8417,4.136897893,0.008308867,2.523607917,0.000672143,0.000276262,0.00059739,0.002098766
8418,3.101359919,0.001937135,1.592363906,0.004607883,0.000421124,9.81241E-05,0.001076663
8419,4.149203907,0.008947136,1.913411177,0.007995706,0.000164746,0.000932377,0.002599372
8420,4.682182747,0.004261476,2.663523479,0.001194838,0.000496066,0.000241146,0.001998425
8421,3.721317393,0.001192059,2.882585773,0.002021233,0.000502212,0.000467299,0.002701132
8422,4.670377458,0.007623945,1.407191345,0.000545154,0.00051743,0.000570718,0.001434617
8423,4.906891208,0.005172925,3.249137733,0.0031979,0.000730677,0.000841362,0.000914545
8424,2.618143857,0.009249296,3.427284727,0.009007335,0.000684985,0.00081949,0.000202991
8425,3.423475693,0.001697499,2.044569494,0.009635249,0.000954155,0.000951784,0.000567708
8426,4.87504684,0.004876639,3.110599978,0.003757459,0.000834383,0.000599721,0.002510409
8427,4.212069994,0.000501888,2.111871005,0.00011317,0.000734532,0.000390285,0.002395182
8428,4.047605746,0.003016439,0.066235698,0.005772765,0.000482893,0.000322923,0.000178845
8429,2.867085287,0.008243446,1.534024866,0.00497995,0.000244839,0.000405471,0.000275861
8430,4.930863421,0.004449899,2.872503468,0.003523346,0.000663358,0.000578534,0.002441332
8431,2.698228853,0.003105919,2.652528742,0.000990439,0.000363995,0.000373049,0.001287616
8432,4.79834612,0.001760343,0.759151125,0.009828827,0.000637533,1.87612E-05,0.001744638
8433,2.843488036,0.001520057,1.368905344,0.007448994,0.000635753,0.000909918,0.001571326
8434,4.342824028,0.001477571,3.630298783,0.009628363,0.000977279,5.48873E-05,0.000798482
8435,3.264724974,0.000320609,0.894375996,0.001142096,8.09676E-05,2.88761E-05,0.002541988
8436,2.779661182,0.001254031,3.367100008,0.00247805,0.000584336,0.000759193,0.000761987
8437,2.784149308,0.002140683,1.991858431,0.00190559,0.000545713,0.000707457,6.21941E-06
8438,2.695331504,0.003974397,3.495249419,0.00251283,0.000438233,0.000274211,0.002233046
8439,3.0548403,0.005362507,2.625695464,0.003342851,0.000700747,9.66392E-05,0.002251829
8440,4.640481318,0.003218417,2.393659051,0.000666409,0.000773481,0.000556097,0.001300541
8441,2.817412666,0.000648588,1.240043677,0.003161576,0.000842963,0.000793918,0.00095404
8442,4.588711925,0.007627502,1.193490614,0.003373339,0.000616701,0.000217142,0.001720307
8443,4.292022777,0.00167021,1.621948189,0.005781652,0.00099027,0.000873534,0.001249071
8444,2.665072882,0.002750807,1.517302226,0.006630496,0.000816273,0.000526252,0.002276903
8445,4.11238755,0.004640792,0.42840875,0.004861685,0.000705739,2.7555E-05,0.000726134
8446,3.759658777,0.009662337,1.397410532,0.000575313,0.000363499,0.000470465,0.000721265
8447,4.203026716,0.009887183,0.008568995,0.005100966,0.000436001,0.000180977,0.001813476
8448,3.444847876,0.000483681,1.433473305,0.009685824,0.000319018,0.000261949,0.000625637
8449,3.903060435,0.004767986,1.891638163,0.008232728,0.000163439,0.000332783,0.001501905
8450,3.434197511,0.009317534,2.328609298,0.009394218,0.000957257,0.000494969,0.002943014
8451,2.546629874,0.000835185,0.796967221,0.008053266,0.00016126,0.000686885,0.000720777
8452,3.393481143,0.002970207,3.301526848,0.004206299,0.000242938,0.000250718,0.001518864
8453,3.620835469,0.003017219,3.129264828,0.005645368,0.000901044,0.000205545,0.00131731
8454,4.750620702,0.000591867,2.374939576,0.002394192,0.000470223,0.000594282,0.000430356
8455,4.963138241,0.001940141,3.964738966,8.07675E-05,0.000694005,0.000448498,0.002397774
8456,3.513608825,0.007008939,2.955780946,0.004595177,0.000293076,0.00032262,0.002643611
8457,4.639270345,0.005361822,1.200406124,0.004169579,0.000584498,0.000532024,0.002710364
8458,2.518622009,2.57855E-05,2.735028767,0.002899306,0.00093528,0.000509254,0.001508257
8459,4.22489407,0.001640454,3.551447848,0.004840451,0.000571763,0.000674483,0.001711896
8460,4.303370488,0.007708026,2.631401185,0.001685188,0.000865732,0.000596244,0.002694933
8461,3.557583257,0.008255074,0.623491615,0.00158227,0.000416025,0.000179813,0.001814891
8462,3.103402102,0.003425942,1.267493262,0.000238112,0.000469713,0.000606801,0.002978723
8463,3.164722806,0.007430593,3.690147288,0.007489526,0.000433177,0.000721048,0.000241595
8464,4.356403456,0.00653521,1.756017794,0.006874376,0.000765952,1.06349E-05,0.000637151
8465,4.530798488,0.000217566,1.975698853,0.006646673,1.32601E-05,6.17933E-05,0.001969839
8466,2.744485256,0.003440126,2.288309722,0.008839081,0.000965859,0.000980375,0.001509793
8467,2.7964018,0.007543695,2.771402509,0.009880292,0.000235909,0.000635286,0.00047989
8468,3.448402673,0.009425234,1.053605372,0.008426761,0.000926176,0.00075809,0.001866938
8469,3.815221222,0.002798429,2.406204452,0.003726678,0.000136487,0.000689236,0.001970311
8470,3.983789117,0.002456118,3.082794031,0.006912046,0.000223795,9.43967E-05,0.002613015
8471,3.852596661,0.004573213,0.796104533,0.004819434,0.000521742,0.000121105,0.000377421
8472,3.224182717,0.005894985,3.789405809,0.001176736,0.000293036,0.000565282,0.001335166
8473,3.326044067,0.007148089,3.527708709,0.009320544,0.000908115,0.000834762,0.001933391
8474,4.748727449,0.00886548,2.095294411,0.002079501,0.000281144,7.4859E-05,0.000945319
8475,3.394294444,0.001996009,1.875797291,0.009114579,0.000369288,9.9526E-05,0.00178193
8476,4.661085105,0.008709502,2.037015922,0.001490432,0.000124748,0.000873033,0.001174326
8477,2.647295857,0.00576079,2.327407125,0.008988819,0.00013609,0.000545561,0.001873491
8478,3.608944501,0.0096292,1.939249274,0.00755665,0.000969512,0.000519954,0.002119412
8479,2.820494896,0.006504581,2.990066285,0.009045506,0.000943705,0.000636108,0.001045599
8480,4.072975639,0.002701776,3.441524042,0.007443987,0.00064677,0.000316846,0.001740762
8481,4.706321602,0.009010478,1.03855297,0.002062383,0.000691211,0.000356012,0.001450499
8482,3.391504438,0.007007991,0.66924887,0.000311242,0.000809175,6.23545E-05,0.001181597
8483,4.103912934,0.009470896,1.408514514,0.003213017,0.000238223,0.000508236,0.000254674
8484,3.606928095,0.006702444,1.685740505,0.006529785,0.00042674,0.000440996,0.002043977
8485,4.137119899,0.004756888,0.783334582,0.008991013,0.000573734,0.000538927,3.97172E-05
8486,4.778019053,0.006695507,1.183655397,0.003981647,0.000561146,1.25219E-05,0.002444463
8487,4.272698061,0.00136852,2.207772427,0.007025485,0.000357616,0.00065165,0.000703871
8488,2.749430102,0.00453498,2.201527636,0.0072583,0.000342873,0.000939044,0.000982994
8489,3.514065452,0.003946815,2.563800234,0.009049051,0.000139194,0.000541773,0.00126321
8490,3.422762068,0.00259155,1.209374402,0.008566796,0.000573198,0.000566696,0.001494054
8491,2.546931979,0.00165843,3.851249665,0.004401267,0.000447736,0.000678845,0.001477578
8492,3.085515992,0.001700544,0.434843095,0.004850556,0.000131419,0.000549294,0.002296371
8493,3.099406056,0.00830912,0.084828631,0.004826976,0.000535347,6.78698E-06,0.002713448
8494,3.016325446,0.009357821,2.922985143,0.00586039,0.00049219,0.000823167,0.000185549
8495,4.458136702,0.000641643,3.610984872,0.002929177,0.000217957,0.000238686,0.001377513
8496,3.547304386,0.006445713,3.325594001,0.008268298,0.000887959,0.000947408,0.001563171
8497,3.793802016,0.005044385,2.641006285,0.001942067,0.000791795,0.000427063,0.002158287
8498,3.066330222,0.006093811,1.101649352,0.008365612,0.000303946,0.000382408,0.001836954
8499,2.848703267,0.009762283,0.066062906,0.007282465,0.000743384,0.000127583,0.000155818
8500,4.351375346,0.00369265,2.947487646,0.009912554,0.000294758,0.000787162,0.000197433
8501,2.619353304,0.004921678,3.969786863,0.009097681,0.000889619,0.000733526,0.002951513
8502,4.949795988,0.001983117,0.698170925,0.006337259,0.000643779,0.000974357,0.000825689
8503,2.720910325,0.001191237,0.118405913,0.009807391,0.000869645,0.000532815,0.002476927
8504,2.969323783,0.008869248,3.045955334,0.002863687,0.000343415,0.000706121,0.002056178
8505,3.204213762,0.009339876,1.688349377,0.001977409,0.000163942,0.000603687,0.000434121
8506,3.950982875,0.005276107,2.613846302,0.007970671,3.95978E-06,0.000500372,0.000214237
8507,3.422226739,0.008665665,0.896926298,0.005703727,0.000279905,7.38836E-05,0.000201329
8508,4.287431321,0.002865538,2.542345347,0.001935959,0.000309977,0.000990111,0.002821377
8509,3.495630627,0.0076102,3.961049091,0.003942175,0.000524357,0.000143607,0.000392211
8510,2.74399848,0.004152953,1.497280622,0.009941735,0.000445451,0.000157695,0.002392835
8511,4.423200827,0.008404752,2.633743981,0.008661212,0.00068861,0.0007177,0.001549905
8512,4.177553248,0.000492188,0.749778914,0.005697078,0.00018182,0.000375816,0.00260345
8513,4.412560695,0.007154381,3.516110042,0.003203006,0.000174495,0.000528814,0.001498664
8514,4.191128207,0.009292238,2.671923638,0.006812685,0.000592673,0.000314038,0.00066384
8515,4.790878242,0.000213113,0.618632703,0.004332836,0.000604343,0.000383239,9.79471E-05
8516,4.712748562,0.009730629,1.332807246,0.00419745,0.000364086,0.000138868,0.000753726
8517,3.705983475,0.006995234,1.032730331,0.000553228,0.0009956,0.000567933,0.002762886
8518,2.655331481,0.005871674,1.282661116,0.004394715,0.000654963,0.000662379,2.56752E-05
8519,2.72249565,0.009267876,2.500259273,0.001324515,8.75606E-05,0.000334999,0.002172269
8520,4.835408362,0.001703744,3.985481285,0.002765941,0.000169638,0.000941995,0.002760967
8521,2.833662923,0.005800942,1.168268289,0.000750098,0.000166479,0.00081649,0.00025401
8522,2.78360636,0.009820789,0.633523638,0.006869061,0.000865959,0.000540068,0.00041857
8523,2.757483773,0.002723065,0.7208729,0.005152493,0.000916773,0.000703269,0.000357654
8524,4.786603271,0.002723294,2.422992242,0.001520127,0.000479715,0.0008537,0.000676037
8525,4.571698672,0.009759963,3.81322562,0.002553604,0.000570346,0.000386844,0.001021604
8526,2.761786892,0.003339058,1.666872757,0.003349187,0.000294709,0.000980615,0.000450703
8527,3.624048106,0.002256392,0.952271992,0.0094496,0.000567553,0.000526372,0.002363061
8528,3.703504825,0.006014703,2.270432432,0.002759788,0.000703442,0.000888151,0.001253591
8529,3.382879865,0.003603512,1.043885079,0.002915718,8.67403E-05,0.000854511,0.001137513
8530,4.149636937,0.008244768,3.537362107,0.005850109,0.000122101,0.000384174,0.002167768
8531,3.599239739,0.007173848,1.732517955,0.001125405,7.10924E-05,0.000827539,0.002252583
8532,4.044885088,0.009627667,3.345095595,0.000919953,0.000290783,0.000545549,0.002189721
8533,4.743247297,0.006765821,2.517846661,0.008407063,0.000432565,0.000697776,0.002776197
8534,4.375710714,0.006383103,2.938941392,0.008370053,1.52692E-06,0.000907002,0.001710759
8535,3.626597906,0.004134768,1.614848998,0.008069953,0.000597259,0.000859999,0.001203411
8536,4.148029393,0.007314373,1.465528157,0.000318105,0.000597166,0.000770439,3.83464E-05
8537,4.453081229,0.004658117,2.773008235,0.007934277,0.000228487,0.000287183,0.002351695
8538,2.560596156,0.009058076,0.363219962,0.004633917,0.000972285,0.000336175,0.00179248
8539,4.957269343,0.003753999,1.530376442,0.007359498,0.000855233,0.000544666,0.002853198
8540,4.962421454,0.005239388,3.33545614,0.005108455,0.000762516,0.000544585,0.002760904
8541,3.726877548,0.005959325,3.274143595,0.008960775,0.000733651,0.000789665,0.001277245
8542,4.170651243,0.00981233,1.024433097,0.00466396,0.000675392,0.000173055,0.002664645
8543,4.580267495,0.004847375,3.769905236,0.007963115,0.000557979,0.000890871,0.001487919
8544,3.608700425,0.001208091,1.116715462,0.00580176,0.000798966,0.000690809,0.002052015
8545,4.007188584,0.005615685,3.929540154,0.004807169,0.000464013,0.000445432,0.001715154
8546,2.88437731,0.00342228,1.307200617,0.004490038,0.000731967,0.000169574,0.00138882
8547,3.409254451,0.00562298,2.59896931,0.000255161,0.000748292,4.89264E-05,0.001456758
8548,2.668150339,0.007192022,0.00591352,9.9724E-05,0.00031487,0.000751969,0.000221203
8549,2.954242088,0.003439142,1.128878489,0.006588516,0.000281158,0.000937999,0.000332046
8550,3.885965196,0.007287013,2.193321631,0.005783975,0.000930202,0.000963021,0.00288669
8551,3.695232932,0.003708091,1.781690939,0.009890684,0.000427069,0.000127748,0.001763643
8552,4.60979988,0.005609413,0.59609583,0.004997524,0.000391836,0.000655819,0.000978068
8553,4.468268289,0.005841279,2.083990611,0.005182409,0.000169292,8.33718E-05,0.000375183
8554,2.677226665,0.003300678,0.613987262,0.008137112,8.38396E-05,0.000697025,0.002777354
8555,3.723684154,0.008775197,2.379962353,0.00487295,0.00073663,0.000937172,0.001193577
8556,3.088771711,0.009639005,3.825290954,0.006934585,0.000283534,0.000196532,0.0006444
8557,3.91817754,0.00014616,3.214624377,0.005149764,2.60444E-05,0.000402414,0.001305631
8558,2.812006993,0.005531592,1.585144971,0.007317721,0.000302117,0.000429563,0.00106114
8559,3.733917962,0.004999128,0.519674829,0.001611548,0.000478796,0.000993237,0.001236
8560,4.324684314,0.005722643,1.050833531,0.00119213,0.000113782,2.92177E-05,0.000459873
8561,3.906235035,0.009325548,3.578239077,0.001416326,0.000410346,0.00036056,0.002987268
8562,3.807495874,0.001099934,2.618597985,0.008009445,0.000374609,0.000326774,0.001369563
8563,4.887633033,0.006499015,1.084498557,0.000929107,8.06763E-05,0.000451957,0.000809009
8564,2.78471861,0.008344654,3.416710914,0.009842446,0.000485957,4.56287E-05,0.002013904
8565,3.535532557,0.008190553,2.795993794,0.003994934,4.38466E-05,0.000621442,0.002617668
8566,4.25283758,0.004670302,2.169575954,0.00835065,0.0009411,0.000330209,0.002361254
8567,2.944673355,0.003304195,2.63954569,0.002988927,0.000569976,0.000281277,0.001467188
8568,3.334729412,0.006531612,3.501619936,0.008469853,0.000603996,0.000673183,0.001258955
8569,4.949734841,0.004167184,0.694939556,0.004112359,0.000806035,0.000825089,0.001620091
8570,3.448781276,0.009501437,0.595825951,0.007861353,0.000677585,0.000707765,0.001124454
8571,2.56683535,0.006532889,0.022793758,0.005252778,0.000616877,4.93866E-05,0.001002486
8572,4.421459099,0.008464537,0.297624815,0.000632578,0.000946197,0.000615888,0.002758988
8573,4.5180646,0.005446985,3.302579349,0.006631572,0.00050458,0.000131531,0.002141883
8574,4.065120335,0.00449477,1.22432861,0.009178027,0.000828898,0.000531792,0.00062768
8575,3.437781985,0.0053325,3.8789114,0.006351524,0.000332829,0.000908381,0.001783898
8576,4.009848448,0.005707898,0.433082111,0.006259555,0.000298787,0.000697206,0.001212796
8577,4.547891634,0.004324999,2.506735149,0.003541043,0.00048575,4.70116E-05,0.001326971
8578,4.006040861,0.008473092,1.518378411,0.009185706,0.000300338,0.000824878,0.000117213
8579,4.783309351,0.007724195,3.401847594,0.009355975,0.000620093,0.000232287,0.001435875
8580,3.57390596,0.003938404,0.461900309,0.001230668,0.000365959,0.000227181,0.000629353
8581,2.641420382,0.009501307,2.234578201,0.007472075,0.000331109,0.000126854,0.001779338
8582,4.425886286,0.003838113,3.027850219,0.007983752,0.00080051,4.8948E-06,0.002916496
8583,2.64102092,0.001039285,3.635010631,0.009728897,0.000461847,0.000892175,0.002791553
8584,4.664786539,0.000390069,0.998234492,0.005411397,0.000598456,0.000584789,0.001421061
8585,4.01060222,0.000844846,2.697765446,0.008527051,2.60864E-05,0.000549767,0.001730491
8586,2.580394902,0.005899175,1.240654954,0.007468232,8.03449E-05,0.000453203,0.002245159
8587,4.136217859,0.0026288,3.043553065,0.000652043,0.000434812,0.000557651,0.002610304
8588,3.1586329,0.009137389,0.310540746,0.007499758,0.000242751,0.000449244,0.001621307
8589,3.37391882,0.008833437,0.523700574,0.006568269,0.000940083,0.000993729,0.001065571
8590,2.53124882,0.009227478,0.404249894,0.007524999,0.000376862,0.000934624,0.000111293
8591,2.889628844,0.001961541,2.649651738,0.00668919,0.000157529,0.000577689,0.000835907
8592,2.979100655,0.004820825,2.336044924,0.004263001,0.000803526,0.000340828,0.002853336
8593,4.878425398,0.001711206,0.648471051,0.003852316,0.000824993,0.000569771,0.001566125
8594,3.354766977,0.003856008,1.329334096,0.009577544,0.000423945,0.000763661,0.002107305
8595,4.148215771,0.007830119,2.475798619,0.007296879,0.000828067,0.000302907,0.002438114
8596,4.576653015,0.001530644,2.166433419,0.002491758,0.000233049,0.00074836,0.001876499
8597,3.995436385,0.005021626,2.785494798,0.002607261,0.000718195,0.000802143,0.00087098
8598,4.183636588,0.003679678,1.298778672,0.0081723,8.27913E-05,9.19879E-06,0.00020197
8599,4.832779591,0.006085303,2.518587265,0.005941332,0.000302959,0.000611313,0.000525387
8600,3.823868824,0.001509443,1.819285862,0.000851251,0.000831457,0.000277568,0.002787181
8601,2.584847363,0.00899763,0.813003066,0.009168901,0.000284383,0.000161965,0.001502049
8602,4.753329636,0.006207152,0.182491838,0.001240537,4.46673E-05,0.000356091,3.27865E-05
8603,3.231903833,0.001575001,3.42456335,0.009202071,0.000990624,0.00074186,0.000778361
8604,3.042288461,0.007276591,1.351473091,0.000682642,0.00094432,0.000731743,0.000147172
8605,4.114414269,0.009852022,3.966641942,0.008509942,0.000114281,0.000854307,0.001418964
8606,3.154484529,0.004178464,2.601094657,0.006514305,0.000906065,0.000969983,0.000672529
8607,4.338763749,0.008809746,3.637346034,0.009842032,7.07563E-05,0.000170559,0.000545665
8608,4.94484114,0.002425731,0.982868225,0.002652849,0.000700052,0.000160871,0.002235935
8609,2.575852325,0.007439492,2.872460008,0.008003055,0.000740329,0.000302191,0.002553169
8610,3.59624383,0.002354334,2.758592119,0.000132389,0.000784746,0.000548896,0.002133657
8611,3.60051891,0.007506114,2.933224186,0.006116477,0.000128198,8.45757E-05,0.000595771
8612,4.951573032,0.000923082,0.225507087,0.002925352,0.000902275,0.000955256,0.002106054
8613,3.82325856,0.000127983,1.26219897,0.005313072,0.000642945,0.00043325,0.002774731
8614,4.70591961,0.00807233,3.545388017,0.001202574,0.000604072,0.000306032,0.002673469
8615,3.35995707,0.008374581,0.558933058,0.006032381,0.0009649,0.0004448,0.002719899
8616,4.700083676,0.000113243,3.600662633,0.009871135,0.0004025,0.000134139,0.000610786
8617,2.533204252,0.001377376,0.793845692,0.004410598,7.2886E-06,0.000459984,9.62871E-05
8618,3.468298919,0.00827408,1.314063866,0.001232133,0.00027837,0.000872962,0.000876149
8619,4.742028022,0.002881833,3.879582748,0.003950819,0.000298465,4.89243E-05,0.00242397
8620,2.787136689,0.009117687,1.952186102,0.005052776,0.000476708,0.000900975,0.002900133
8621,4.933914544,0.00550613,3.049006613,0.001093952,9.79412E-05,0.0004194,0.00136978
8622,4.873821482,0.001734928,1.022932443,0.006216824,0.000916255,0.000309057,0.002233942
8623,4.230620774,0.009895579,0.505349723,0.005162597,0.000127413,0.000260131,0.000339837
8624,2.94573817,0.001348601,0.295541047,0.001122343,0.000964234,0.000428479,0.002459743
8625,2.807836052,0.005444653,3.395234099,0.002214259,2.30526E-05,7.81342E-05,0.001719981
8626,4.732308647,0.002042095,1.267517332,0.002103474,0.00042202,0.000438412,0.001898711
8627,3.098732687,0.007956362,0.697145813,0.001964325,0.000325846,0.000127893,0.002799656
8628,4.756324116,0.000868294,0.247199931,0.00576216,0.000117947,0.000319434,0.000925783
8629,3.197401934,0.001073415,3.636124173,0.005708775,0.000554222,0.000818609,0.002120097
8630,4.944807809,0.006339942,3.593459368,0.003673684,1.75306E-05,0.000809117,0.000480641
8631,3.394022431,0.000683477,1.711370212,0.008493533,0.000544668,0.000214649,0.002331194
8632,2.75558651,0.001241281,2.88483075,0.006524353,0.000282795,0.000356373,0.000201314
8633,2.958830381,0.000836615,2.83853602,0.002737496,0.000205321,3.85739E-05,0.002236641
8634,4.370641886,0.008030803,2.211604607,0.009206483,0.000582557,0.00067246,0.00149532
8635,4.95683586,0.001940866,1.504539265,0.000284757,0.000730601,8.0284E-05,0.00144629
8636,4.601257233,0.002049911,1.466478609,0.00504444,8.35176E-06,0.000655433,0.002146428
8637,4.695882006,0.007560536,1.20048938,0.0089744,0.000141825,0.000424762,0.002280613
8638,4.971283202,0.004644489,1.732040255,0.004356331,0.000138925,0.000466878,0.00243785
8639,4.357608544,0.003022008,0.437102983,0.006197873,0.000762531,0.000252422,0.002481645
8640,3.863558795,0.006740122,3.319057782,0.001563383,0.000879587,0.000325342,0.000297254
8641,4.648625091,0.000128509,1.120589887,0.009213356,0.000898539,0.000318665,0.002461159
8642,3.392866872,0.00700924,3.790264798,0.00096833,0.000701688,0.000290274,0.002148674
8643,2.897812266,0.002511102,0.399967555,0.008864383,0.000738677,0.000828744,0.000852794
8644,4.397715185,0.006948972,1.605944615,0.008701746,0.00026981,0.000369087,0.001573799
8645,3.003583558,0.001019454,1.55862951,0.00660879,0.000795723,0.000918995,0.002514575
8646,4.582382029,0.002684534,2.467798107,0.008557438,0.000961567,0.000338604,0.001490102
8647,3.738496256,0.007787703,1.19794886,0.00393445,0.0003807,0.000318986,0.001853627
8648,3.31030929,0.005868283,1.811618787,0.006464852,1.34313E-07,0.000487169,0.002552256
8649,3.949177931,0.004158045,2.275993267,0.00931078,0.000749916,0.000596123,0.002013055
8650,3.547786899,0.007714671,2.556202898,0.00011055,0.000422976,0.000514265,0.001394292
8651,3.25188914,0.002654298,3.72728826,0.008427844,0.000817365,0.000194094,0.002388544
8652,4.927200308,0.005897552,3.113379983,0.004489317,0.000762057,0.000799932,0.000732663
8653,3.596988355,3.31045E-05,0.223436102,0.00211569,0.000319589,0.000465761,0.000357173
8654,2.519572171,0.009675053,1.506534971,0.005901345,0.000850572,0.000295692,0.00072054
8655,3.92431432,0.005085358,3.314740014,0.005367211,0.000350551,0.000911451,0.000787103
8656,3.833826234,0.006979862,1.349686207,0.004703012,0.000833535,0.000442565,0.001333004
8657,4.762269935,0.004227123,0.817271904,0.001510432,0.000185566,6.05781E-05,0.002627312
8658,3.455580179,0.00088067,0.75519067,8.0192E-05,0.000177609,0.000745833,0.000492815
8659,3.682903042,0.00672978,3.842735328,0.006431953,0.00076692,0.000791105,0.001204238
8660,4.690646446,0.002772059,1.894093883,0.001660204,0.000762455,0.000145103,0.001426511
8661,3.810299462,0.009111793,2.440658608,0.00516429,0.00057228,0.000476975,0.00083678
8662,3.877355444,0.007647269,2.758141917,0.005731786,0.000584539,0.000429428,0.000503761
8663,3.568162152,0.007265406,0.760968352,0.005637279,0.000933259,0.000425793,0.001330261
8664,2.876693368,0.007666281,3.98064158,0.004296288,0.000627363,0.000125175,0.001080227
8665,4.859820728,0.003247673,1.855463529,0.003859704,0.000995159,0.00077141,0.002344457
8666,4.920498554,0.005872714,2.940777647,0.007406251,0.000445422,0.000922575,0.002730791
8667,2.935824494,0.002392672,2.8114066,0.004901407,0.000635463,0.000626271,0.000348967
8668,2.857008816,0.00116684,3.544584566,0.005977787,0.000605107,0.000835214,0.000446234
8669,2.603522254,0.003693645,2.735189813,0.00533565,0.000475168,0.000380147,0.002325681
8670,3.570582941,0.007601081,2.751402006,0.00079125,0.000491675,0.000472849,0.002650856
8671,4.394757923,0.005715904,1.248799346,0.005817871,0.000540607,0.000728235,0.002455307
8672,4.864241945,0.004817581,0.82329418,0.005693114,0.000755431,0.000377711,0.002405022
8673,2.771101292,0.001630796,2.064171267,0.009429197,0.000739126,8.15987E-05,0.001864965
8674,4.505566508,0.001774456,0.869914512,0.003185726,0.000926394,0.000813916,0.002709323
8675,2.646826362,0.006191196,0.320498426,0.005788299,0.000922741,0.000677779,0.00259844
8676,4.59680199,9.31533E-05,1.77359465,0.009253208,0.000204786,0.000758901,0.000952755
8677,2.697619507,0.000478861,2.117664379,0.003320193,0.000853278,0.000532796,0.002462239
8678,3.777390874,0.002338854,1.319266524,0.003886125,0.000473572,6.93348E-05,0.002008217
8679,3.293207232,0.009979698,2.401404682,0.002488158,0.000253973,0.000624886,0.000186269
8680,3.674828004,0.006134369,0.36731509,0.008446987,0.000439295,0.000695712,8.6835E-06
8681,3.327109205,0.009429503,1.14095979,0.002153072,0.000127156,0.000825071,0.000312373
8682,4.086368355,0.005852012,0.080963149,0.002748184,0.000302587,0.000876684,0.000110026
8683,3.142040369,0.005312879,2.235214083,0.009764041,0.000270979,0.000692125,0.000426341
8684,3.680840303,0.003965899,3.578350153,0.000817899,0.000959911,0.000299346,0.002065884
8685,3.654112745,0.001941819,1.30508539,0.006623194,0.000112203,6.28628E-05,0.002991049
8686,4.707849492,0.009145199,2.038862689,0.002693225,0.000133354,0.000572698,0.000420181
8687,3.552206127,0.007834985,3.794271495,0.000566887,0.000149128,0.000547683,0.00232636
8688,3.315170574,0.009896281,1.531151773,0.005737821,0.000910091,0.000951917,0.002974416
8689,3.163995534,0.009871911,0.184775344,0.003292726,0.000766037,0.000390671,0.002400119
8690,4.636412805,0.006323094,3.949701229,0.009355731,0.000213001,0.000663287,0.000404783
8691,4.989906239,0.006431073,2.093472957,0.005897607,0.000552843,0.000920525,0.002520036
8692,4.768856156,0.005331886,0.023912856,0.00963492,0.000627062,0.000960001,0.002978272
8693,4.733090808,0.002616516,3.479571556,0.006390096,0.000109013,0.000559712,0.002265957
8694,4.785262314,0.002087556,0.056581412,0.000962638,0.000366335,0.000852054,0.00297113
8695,4.782071573,0.001066383,2.184695343,0.007794688,0.000572371,4.89927E-05,0.001370452
8696,3.672262983,0.003477704,3.963022109,0.005844231,0.000477674,0.000588426,0.002549317
8697,4.016850804,0.004242902,2.111298863,0.009465264,0.000656593,0.00045246,0.00216554
8698,3.935735573,0.008387654,0.49304615,0.009554474,0.000208065,0.000342998,0.002431212
8699,4.0555416,0.002049882,1.028707856,0.009262976,0.000107859,0.000743104,3.84343E-06
8700,3.65052801,0.00871435,1.97971449,0.00703735,6.43286E-06,0.000650279,0.000350857
8701,4.588976995,0.002231225,0.601299093,0.006537666,0.000356153,0.000380968,0.001418759
8702,2.665063404,0.006190592,2.301885895,0.008946319,0.000769372,0.000108419,0.000175911
8703,4.485300759,0.00376806,2.865610005,0.000273387,0.000105734,0.000873782,0.001711947
8704,4.123840662,0.004543646,1.393647177,0.006237218,0.000692238,0.000242365,0.001926579
8705,3.281383608,0.001642458,1.364837104,0.000493189,0.000863735,0.000708172,0.002380273
8706,3.680960641,0.009858209,0.41860041,0.008376219,0.000171715,0.00042475,0.00035271
8707,3.576641166,0.006037,0.837572801,0.001494867,0.00091864,9.10893E-06,0.002591821
8708,3.060280277,0.008626763,0.737849829,0.003396063,0.000677121,0.000435578,0.00035892
8709,4.08597056,0.000403285,0.505590338,0.000384475,0.000351831,0.000689543,0.001441378
8710,2.985326334,0.004271701,1.868728427,0.003550655,2.04464E-05,0.00049811,0.000719872
8711,4.473186261,0.000539536,2.263382455,0.009600381,0.00025095,0.00049506,0.000297632
8712,4.413400528,0.00153855,1.453182486,1.46423E-05,0.000953892,0.000597672,0.001319925
8713,3.331136354,0.006044878,3.889692254,0.000535655,0.000373738,0.000595734,0.001752908
8714,3.431838802,0.000322106,1.863305776,0.009669297,0.000413794,0.000779868,4.88849E-05
8715,4.318135717,0.008489374,1.515355349,0.006173446,0.000641973,2.09766E-05,0.000642544
8716,4.379641875,0.006693945,3.332130805,0.002912204,0.000306714,3.32289E-05,0.002517128
8717,4.84392661,0.004200933,2.163783693,0.000513077,0.000551276,1.93641E-05,0.002805592
8718,3.166821071,0.009682303,2.998845041,0.000372612,0.000583797,0.000987373,0.002384876
8719,3.088347222,0.008218097,2.936064691,0.004710798,0.000752397,0.000482764,0.000661303
8720,2.767973706,0.001062403,1.017264494,0.003522619,2.10475E-05,0.000959104,0.002836222
8721,4.034405674,0.000263873,3.800069024,0.008651721,0.000420488,0.000813639,0.001302262
8722,3.580035507,0.005157739,3.468968245,0.002158077,0.000656717,0.00065778,0.001354211
8723,4.047573514,0.006665869,0.932603503,0.000595247,9.77782E-05,0.000817591,0.002479523
8724,2.970037772,0.002773138,1.237394691,0.005987365,0.000611646,0.000479432,0.00046119
8725,3.491090396,0.008015137,1.902597196,0.003664636,0.000734054,0.000848915,0.000372136
8726,3.074532719,0.003011728,2.588635992,0.008412165,0.000116717,0.000578664,0.00119255
8727,4.341919476,0.009233773,3.382474658,0.001550069,0.000813629,0.000938796,0.00105592
8728,3.876426852,0.001471999,1.854346298,0.003384702,0.000626832,0.00078199,0.000763063
8729,4.940596531,0.006233772,2.953440516,0.008179471,0.000762633,0.000563963,0.001128462
8730,4.708112206,0.007547779,2.418649948,0.009307422,0.000488375,0.000384817,0.002091652
8731,2.577207076,0.008380845,1.784730856,0.004038098,0.000929326,0.000774803,0.000822811
8732,2.681159806,0.007340256,0.537024779,0.001050919,3.78429E-05,0.000970452,0.002563049
8733,3.301508547,0.006706838,0.287457054,0.005339085,0.000819618,0.000394994,0.000793389
8734,3.679284109,0.003257762,1.364048056,0.003436872,0.000181679,0.000686136,0.002598508
8735,4.748546111,0.007424693,2.357504003,0.003025161,0.000630932,0.000208101,0.002948037
8736,3.231088704,0.001678638,2.042726333,0.009765872,0.000918639,0.000575231,0.002900955
8737,3.930537818,0.001752291,0.94536484,0.003293357,0.000322141,0.000636017,0.001414454
8738,4.211106843,0.002613783,1.777004811,0.000191508,0.000419104,0.000387567,0.001897934
8739,4.132220959,0.00549018,2.227465412,0.007339595,0.000650733,0.000697793,0.001881283
8740,3.764907845,0.007827613,1.193347546,0.008819367,0.000104369,0.000627328,0.000261298
8741,3.953068572,0.003243146,1.582078817,0.001977701,0.00054206,0.000770392,0.000963999
8742,3.317352206,0.007859335,1.489200707,0.004100701,0.000515147,0.000506878,0.001883088
8743,4.654707098,0.002342245,3.721984122,0.002292502,0.000678262,0.000538964,7.66091E-05
8744,3.704204162,0.001154344,0.925984396,0.00248327,0.0003033,0.000297794,0.001852525
8745,4.258471741,0.005462043,2.604258128,0.004684307,0.000793367,0.00033125,0.002216645
8746,3.140290071,0.005948165,1.464933852,0.004298163,0.000994555,0.000654807,0.001076484
8747,3.98754218,0.007118014,2.085316628,0.009173988,0.000358629,0.000934108,0.001569691
8748,4.042389294,0.007143282,1.041644967,0.007149998,0.000482859,0.000337032,0.000155683
8749,2.735476274,0.002867841,1.962145138,0.004500806,0.000856679,0.000548002,0.0027745
8750,4.104381481,0.002320484,3.851146474,0.005429022,0.000794929,0.000720996,0.002872145
8751,3.670040026,0.002791685,2.901741219,0.004192248,0.000181168,0.000181782,0.001517104
8752,3.457617925,0.004890738,0.01911582,0.000644191,0.00025273,0.000214117,0.001761623
8753,4.239457034,0.002553471,3.067689176,0.007427053,0.000857065,9.17246E-05,0.002728956
8754,3.695014345,0.005411102,2.928686552,0.005346652,0.000578762,7.28844E-05,0.000934288
8755,4.835580019,0.003783576,1.067238134,0.004097915,3.19653E-05,0.000525569,0.001641751
8756,2.572508822,0.008191477,2.223614429,0.007716889,0.000325155,0.000817718,0.001272422
8757,4.268268884,0.002188027,2.010353139,0.000540208,0.00013581,0.00035212,0.001084146
8758,4.47500556,0.008689152,1.631886556,0.00852807,0.000604448,0.000632321,0.001846695
8759,3.387154091,0.00964072,1.644930638,0.005910102,0.000561545,0.00072966,0.0023472
8760,2.68147781,0.002536432,3.226414024,0.006131959,0.000197451,0.000202473,0.002383189
