stage_id,S1,S1,S1
hub_id,H1,H1,H1
ec_id,E1,E1,E1
profile_key,max_abs,max_rel,energy_cost
1,3.598829891,0.020181058,0.000243232
2,3.020987789,0.043116202,0.000920914
3,3.058317866,0.055709452,0.000681311
4,4.275175002,0.042819844,0.000438584
5,4.191365838,0.017965042,0.000434473
6,2.545940375,0.036982401,0.00075187
7,4.387111432,0.033023755,0.000964859
8,3.909420166,0.07615578,0.000356411
9,3.768135967,0.098135588,0.000708654
10,4.084252091,0.007516876,0.000138586
11,3.985403828,0.006220955,0.000691419
12,3.66977151,0.079936764,0.000952779
13,3.601600273,0.086722773,0.000152931
14,4.4671225,0.091682266,2.34663E-05
15,3.99523785,0.078024855,0.000761941
16,4.772127883,0.098768749,0.000626215
17,3.308884154,0.073689515,0.000509303
18,4.292066701,0.036041421,0.00072304
19,3.648686528,0.057963832,0.000136968
20,3.073253575,0.008163773,0.000652524
21,3.80059799,0.068299118,0.000597723
22,2.670856313,0.060249475,0.000629739
23,4.667778231,0.006518255,0.000370496
24,2.544688214,0.084641824,2.02053E-05
25,3.575741174,0.029953755,4.60901E-05
26,4.446712685,0.013378964,0.000689929
27,3.310404437,0.016261652,8.96606E-05
28,4.112009021,0.08498392,0.000824037
29,4.617375868,0.032461693,9.54493E-05
30,4.872169923,0.028013122,0.00054378
31,4.798990299,0.069338987,0.000767684
32,3.425575736,0.022256158,0.000333904
33,3.73517957,0.098349866,0.000110751
34,2.756682681,0.031364587,0.000739304
35,2.558370875,0.042879482,0.000116387
36,4.086214948,0.00067427,0.000613383
37,4.368731997,0.041354235,0.000539634
38,4.601783481,0.078548905,2.78467E-05
39,4.855826491,0.073331392,0.000240125
40,4.033676424,0.036905615,0.000718894
41,3.367826499,0.097668185,0.000917315
42,2.52508211,0.071816347,0.000933369
43,2.809675625,0.048452806,0.000305783
44,3.171736073,0.003692749,0.000291241
45,4.875541863,0.03002693,0.000612907
46,2.936276331,0.02809969,0.000132211
47,3.451071278,0.059937301,0.000517778
48,4.503199205,0.05157867,0.000148721
49,4.920342326,0.05474888,0.000796042
50,4.070683268,0.082056899,0.00074644
51,3.853997936,0.009243934,0.000806938
52,3.809446861,0.009039636,0.000984142
53,3.556975778,0.008303646,0.000540158
54,3.068977211,0.04034336,7.8801E-05
55,3.871023406,0.07296481,0.00076895
56,2.512930292,0.078811349,0.000164568
57,3.816250579,0.077708151,0.000508593
58,4.040315899,0.086024603,0.000954562
59,4.733245154,0.02248948,0.000405889
60,4.147254415,0.040549683,0.000339732
61,3.1013808,0.092339294,0.000849698
62,2.872853705,0.029656179,7.70427E-05
63,4.209613255,0.022609225,0.000950903
64,4.049758434,0.089444937,0.000440765
65,2.866814961,0.075390302,0.000989702
66,4.552900367,0.07294319,0.000438328
67,4.652882697,0.099944307,0.000338018
68,4.936920377,0.024351902,0.000724778
69,3.442458535,0.073523218,0.000740644
70,2.533398153,0.089001571,0.00050725
71,3.870265746,0.069861785,6.93835E-05
72,4.828665004,0.06851772,0.000632361
73,4.998501807,0.095197751,0.000875136
74,4.855576759,0.021027916,0.000190646
75,3.061888825,0.042338289,0.00058695
76,3.260455974,0.046393518,0.000308339
77,4.556499614,0.095092346,0.00063422
78,2.826300006,0.022838548,0.000821628
79,3.190737746,0.091598283,0.000303476
80,3.08090378,0.034942157,0.000359215
81,4.534539741,0.090590492,0.000489857
82,4.396831103,0.041819026,0.000317682
83,3.946929602,0.016791654,3.79705E-05
84,2.951676048,0.088071696,0.000393308
85,4.933484577,0.041766982,0.000484309
86,4.361752065,0.076740522,0.000605144
87,3.131012473,0.030585962,0.000406649
88,3.619729869,0.047403688,5.45878E-05
89,3.790347448,0.048746866,0.000269939
90,4.038841022,0.090290239,0.000626063
91,4.96345982,0.054188976,7.71931E-05
92,3.399066301,0.043524464,0.000220715
93,3.453267581,0.095340849,0.000246735
94,4.791592075,0.058942726,0.000736306
95,2.902916236,0.029072337,0.000957368
96,3.754107648,0.087697508,0.000911637
97,3.984151169,0.095560343,0.000160556
98,3.881087799,0.062588609,1.01812E-07
99,4.697011541,0.016848001,0.000182575
100,4.47137804,0.005473331,0.000918546
101,4.228533363,0.05057699,0.000294058
102,3.10369402,0.030775068,0.000184068
103,3.240395884,0.091747912,0.000445158
104,4.73968434,0.056172655,0.000617446
105,3.004838158,0.071742965,0.000230767
106,4.181453127,0.056997448,0.000687527
107,3.537071812,0.062074938,0.00021917
108,3.68598275,0.025372677,0.000468048
109,2.906821787,0.09620001,0.000512597
110,3.128705906,0.067091964,0.000485668
111,4.408198309,0.022303186,0.000598918
112,2.693355156,0.072685372,0.000794901
113,3.841855483,0.088979597,0.000619653
114,4.333123373,0.066677447,0.0003792
115,3.151028836,0.080505559,0.000690758
116,3.617271645,0.005584353,0.000700263
117,4.779780742,0.085237385,0.00078989
118,4.284715385,0.037311932,0.000395466
119,2.845090951,0.039345457,0.000450421
120,4.995208492,0.075714538,0.000420767
121,3.426049665,0.05421862,0.000868699
122,2.588323493,0.005433287,0.000772244
123,2.586633204,0.09852888,0.000760584
124,3.92516195,0.051498938,0.000686378
125,3.617236269,0.069017408,0.000529476
126,4.772727992,0.010149735,0.000611003
127,2.849517766,0.046687716,0.000324959
128,2.511415295,0.028813709,0.000310432
129,4.794619065,0.042629422,0.0004263
130,4.587465784,0.008794535,0.000160089
131,3.969277057,0.054056455,0.000546084
132,4.928906428,0.038281394,0.000736634
133,4.582816892,0.006049731,0.000246793
134,3.212993663,0.066614662,0.000136366
135,4.561013926,0.029215674,0.000339044
136,4.961443298,0.080477239,0.000911264
137,3.077657403,0.080710873,0.000637672
138,4.783288404,0.000506062,0.000974333
139,4.652700955,0.087342471,0.000469849
140,4.215059214,0.068503319,0.000434797
141,4.747678266,0.043935177,9.99089E-05
142,3.009408909,0.071577785,3.71148E-05
143,3.306980052,0.042515259,0.000194202
144,2.784028717,0.024406665,0.000723027
145,4.403652934,0.098476352,0.000230314
146,3.14132379,0.077111705,0.000340976
147,4.919479361,0.028050453,0.000753265
148,2.683038917,0.092970375,0.000351641
149,3.296503043,0.04427601,0.000873251
150,4.140405479,0.063995207,0.000635371
151,2.568659225,0.076867432,5.88839E-05
152,4.711162501,0.035200967,0.000860143
153,4.950131864,0.055202563,0.000525492
154,2.990831636,0.071207726,0.000119762
155,3.549612694,0.046890097,0.000677973
156,3.517155681,0.072126682,0.00068936
157,2.670735851,0.091593174,0.00086851
158,3.29199855,0.061351086,0.000908747
159,2.804805054,0.001919358,0.000788416
160,4.161638712,0.026860106,9.62402E-05
161,4.703126557,0.040937684,0.000738069
162,3.531807051,0.041196939,0.000531042
163,4.752583361,0.060911428,0.000884726
164,2.863829501,0.09593344,0.000963251
165,3.736711939,0.070670058,4.58262E-05
166,4.510637973,0.017520848,0.000710439
167,2.769097196,0.012123898,0.00076423
168,4.000415715,0.001520445,0.000450155
169,2.570332757,0.07253265,0.000796869
170,3.20296328,0.007188385,9.04811E-06
171,3.529577272,0.020807517,0.000501695
172,3.350580855,0.045628661,0.000218088
173,3.857384901,0.071656858,0.000647786
174,3.394206972,0.069786846,0.000366637
175,4.810605802,0.0999007,0.000209218
176,4.828462235,0.067424409,3.15668E-06
177,4.562628658,0.028453211,0.000364379
178,4.899106034,0.054648068,0.00026551
179,3.849782349,0.0913503,0.000731683
180,3.335321888,0.033058463,0.000953466
181,4.748918015,0.034987415,0.000469292
182,2.710297469,0.01543976,0.000502351
183,2.655510731,0.014961042,0.000158698
184,2.682209621,0.07471866,0.000847645
185,4.088452208,0.068854742,0.000942934
186,4.552074076,0.064714271,0.000771772
187,3.994457145,0.046721483,0.000608323
188,2.532769124,0.047250584,2.87593E-05
189,4.460401886,0.095492995,0.00086293
190,3.332045348,0.037114313,1.85885E-05
191,3.826250708,0.098967315,0.000936132
192,4.229352957,0.006581892,0.000243134
193,2.704756286,0.058104001,0.000756104
194,4.226268859,0.003689372,0.000869368
195,4.526351809,0.082584255,0.000679884
196,4.038389527,0.023789932,0.000346303
197,3.630157929,0.041957384,0.000157231
198,3.864520811,0.067420649,0.000203866
199,3.063604684,0.093798321,0.000994428
200,2.521629658,0.06890225,0.000315687
201,4.63516546,0.020314561,0.000483057
202,3.816458143,0.016253191,0.00041406
203,4.974999239,0.040790112,0.000602917
204,2.518959389,0.03346505,0.000411756
205,2.594946294,0.023495089,0.000808143
206,4.060711401,0.052507308,0.000548905
207,4.806120914,0.002388916,0.000925956
208,3.964514544,0.03512123,0.000428201
209,3.130828898,0.043494658,4.37534E-05
210,3.343505704,0.047532742,0.000645403
211,4.364409511,0.063412808,0.000149611
212,4.240747571,0.046278863,0.000927881
213,3.689243165,0.083498899,0.000131301
214,4.061637768,0.032205659,0.000964878
215,3.32708911,0.045077407,0.000417401
216,4.713776845,0.098385716,0.00054526
217,3.936480463,0.099886399,0.000432062
218,4.386517688,0.041111808,0.000623189
219,4.701247708,0.002448038,0.000258731
220,4.106818978,0.083215234,8.93995E-05
221,4.653324362,0.051671233,6.0741E-05
222,4.244451929,0.066615613,0.000545304
223,2.602128862,0.009151807,0.000288691
224,2.836008709,0.02987498,4.30547E-06
225,4.84370149,0.044712848,0.000619846
226,4.34702685,0.067468974,0.000111914
227,2.941056547,0.014237755,0.000788211
228,4.758255098,0.077865809,0.0005538
229,3.251384375,0.069635891,0.000653212
230,4.46094054,0.025277827,0.000705054
231,3.212413174,0.084350176,0.000616162
232,4.034112469,0.037466316,0.00065746
233,2.505402821,0.043328527,0.000682396
234,4.163956716,0.033654657,0.000510246
235,2.773062579,0.078942899,0.000660087
236,4.062294887,0.048575796,0.000505566
237,3.128919966,0.061447139,0.000356901
238,4.419277792,0.041396499,0.000893991
239,4.294263833,0.027687006,4.68776E-05
240,4.372402023,0.036138438,0.000920298
241,2.530666541,0.067631779,0.000315631
242,2.713050138,0.054792496,0.000954899
243,4.742904852,0.055956306,0.000248894
244,3.70698322,0.029399586,0.000205033
245,3.217647001,0.025507828,0.000587615
246,2.896244137,0.025933499,0.000758552
247,4.454897311,0.071197547,7.97739E-05
248,2.813363438,0.059799155,0.000711182
249,3.44452737,0.069603591,0.000502284
250,3.661152965,0.023305695,6.71054E-05
251,4.187450728,0.05150269,0.000748361
252,4.827896041,0.044175402,0.000510757
253,3.622059323,0.048853494,0.000614734
254,2.797916683,0.063375448,0.000125874
255,2.819031032,0.085517104,0.000680662
256,4.198893551,0.064167249,0.000535563
257,3.467798824,0.095426285,0.000969782
258,3.002447269,0.009413517,0.000861181
259,2.877556903,0.018644266,0.000914086
260,2.756459969,0.025276566,2.50466E-05
261,4.944567272,0.087613828,0.000179558
262,4.699530936,0.011928303,0.00036645
263,4.897074568,0.045848655,0.000807373
264,3.491846944,0.072538614,0.00057322
265,4.302038938,0.019641367,0.000707031
266,3.306551926,0.075979572,0.000219521
267,3.454387169,0.059830918,0.000532269
268,2.771715462,0.024684193,0.000141737
269,2.512893641,0.017256268,0.000980891
270,3.637015432,0.062031551,0.000216866
271,3.207988551,0.061144051,0.000847806
272,3.71725995,0.098039405,0.000367361
273,2.913363317,0.040402488,9.30005E-05
274,4.02840779,0.028732773,0.000646315
275,3.850050879,0.082965402,1.0444E-05
276,4.561549336,0.032436052,0.000363964
277,4.16515248,0.05163598,0.000599558
278,3.494020972,0.053859248,0.000568268
279,4.211394704,0.021934529,0.000474826
280,4.620339783,0.039887454,0.000824834
281,2.534538424,0.019430823,6.34811E-06
282,4.886556068,0.073669871,9.74728E-05
283,3.148924628,0.064349532,0.000224156
284,3.705354697,0.016455253,0.000924951
285,4.885970278,0.038049113,0.000236413
286,3.411886385,0.023956326,4.00311E-05
287,3.460527851,0.006285477,0.000773342
288,4.906502509,0.064326318,0.000183721
289,3.222380536,0.048959892,0.000983176
290,3.730028733,0.022391605,0.000966453
291,4.403534431,0.099778419,0.000594139
292,2.728135959,0.072094963,0.000527841
293,4.29491213,0.08846076,0.000232358
294,3.59174506,0.060803523,0.000926833
295,4.530522953,0.004247306,0.000217825
296,3.742030779,0.065569558,7.96702E-05
297,4.484669877,0.096892608,0.000907583
298,2.901210153,0.099278179,0.000871123
299,3.692931705,0.060926316,7.2308E-05
300,4.3776821,0.054341562,0.000353694
301,4.051080087,0.062117132,0.000414451
302,4.655376934,0.050288959,0.000707128
303,4.975387041,0.012366569,0.000301041
304,4.390025716,0.041654895,0.000899589
305,4.582077691,0.062126229,0.000547003
306,3.65766762,0.065852851,0.000298565
307,4.624795224,0.028654905,0.000865231
308,4.630458378,0.072450966,0.000145687
309,3.893292775,0.02651976,0.00064576
310,3.47748266,0.012972501,0.000672143
311,3.909811618,0.039336678,0.00063298
312,3.020637559,0.075764843,0.000101526
313,4.40149545,0.054581595,0.00038332
314,4.406979802,0.04063016,0.000902867
315,2.794893589,0.072704366,0.000954852
316,4.991560871,0.079368095,0.000419364
317,4.746331043,0.070505923,0.000394849
318,4.071370607,0.076557503,0.000895736
319,4.017302629,0.051621963,0.000121268
320,4.204159165,0.000961869,0.000525282
321,4.514361727,0.022301256,0.000357157
322,3.947566683,0.070018559,0.000577822
323,3.085320938,0.036302153,0.000285636
324,2.72583567,0.017030685,0.000369741
325,3.904438024,0.07781995,0.000197913
326,4.456428731,0.004872759,0.000976009
327,4.218349461,0.036943594,0.000915474
328,3.32554996,0.010923953,0.00022109
329,3.869615183,0.095416546,0.000559969
330,3.008288685,0.073835703,0.000104637
331,2.922302251,0.034023249,0.000409871
332,4.660263523,0.04064696,0.000672834
333,3.442581596,0.026545312,0.000512278
334,3.692939553,0.046916071,0.000792862
335,4.985153787,0.073812529,0.000932233
336,3.844249519,0.035776683,0.000461404
337,4.079666413,0.003854905,0.000557897
338,3.30148891,0.041073563,0.0002838
339,4.743133444,0.039860658,0.000885955
340,4.336206824,0.073707079,0.000897734
341,2.928987164,0.044711729,0.000428768
342,3.184285688,0.044582892,0.000639693
343,3.75987685,0.049403612,0.000281255
344,4.388355648,0.048187652,0.000484485
345,4.576268455,0.070294894,0.000750654
346,3.601766125,0.05607103,0.000220818
347,3.165213998,0.092014709,0.000300779
348,3.184508565,0.05826733,0.000159113
349,4.981662314,0.002289176,0.000348588
350,3.155320197,0.099201246,0.000586804
351,4.800818238,0.013006003,0.000373853
352,4.569033627,0.010313346,0.000668724
353,3.932792963,0.089254451,0.000887483
354,2.791124991,0.055203534,1.54174E-05
355,3.608958258,0.003381129,0.00031178
356,2.885451286,0.054486553,0.000421692
357,4.542904204,0.092205143,0.000369305
358,4.77404086,0.096653394,0.000341184
359,3.080346505,0.004151342,0.000322007
360,3.183925725,0.031147421,0.000743842
361,4.988636994,0.002691232,1.294E-05
362,4.832213348,0.026010831,0.000181119
363,2.872846571,0.033986898,0.000317813
364,3.946814627,0.019607494,0.000142086
365,3.590824365,0.094502922,9.00436E-05
366,2.653738819,0.024795868,0.000100187
367,3.064882649,0.012464485,0.000682455
368,4.666732255,0.037896033,0.000551886
369,4.078568645,0.073349943,0.00051832
370,3.943219627,0.077408736,0.000254434
371,4.1635168,0.003505981,0.000928084
372,4.957379563,0.006087563,0.00052897
373,2.511998479,0.067390609,0.000163589
374,4.203269039,0.069716864,0.000451653
375,4.999968081,0.050847128,0.000506665
376,4.052746399,0.002337143,0.000677639
377,4.580759482,0.00317414,0.000195937
378,4.097177753,0.052991213,6.46821E-05
379,4.338795506,0.060366173,0.000701754
380,4.221366025,0.00817855,2.77479E-05
381,2.514096837,0.022437704,0.000896011
382,2.941228519,0.055722253,0.000615321
383,2.758451524,0.095230174,0.000582689
384,2.554989995,0.017170332,0.000899929
385,3.308638415,0.049377687,0.000904776
386,3.096641786,0.098008739,0.000365323
387,4.697385782,0.059598631,0.000677207
388,4.467159564,0.058926323,0.000595436
389,4.84220131,0.046658204,0.000878759
390,3.466970788,0.002019069,0.000772087
391,3.545885978,0.054369073,0.000349297
392,2.962551076,0.092277836,0.000122996
393,4.969884529,0.03509807,0.000851311
394,4.850540602,0.032206846,0.000104253
395,3.017093843,0.021806124,5.19425E-05
396,3.46545719,0.036336706,9.60056E-05
397,3.379681894,0.042806185,0.000793423
398,2.865878608,0.011677904,0.000208173
399,3.68119304,0.096390643,0.000647213
400,4.144346712,0.021830188,0.000272274
401,4.920914629,0.051908361,1.09716E-05
402,2.912217928,0.079689832,4.29006E-05
403,3.92618974,0.089731967,0.000626915
404,3.274120404,0.074503065,0.000123918
405,4.511487834,0.005477907,0.000976689
406,4.860225787,0.068896035,0.000828814
407,4.949741496,0.075230374,0.000305097
408,2.968258831,0.009909705,0.000200793
409,3.962309995,0.06909251,0.000482169
410,4.458682946,0.053815167,0.000643208
411,2.606938422,0.052165368,0.000727313
412,4.969540816,0.088592981,6.21623E-05
413,2.526070531,0.019446111,0.000666545
414,4.664643643,0.00975042,0.000730123
415,2.998264843,0.051772454,0.000405007
416,4.735148369,0.013626043,0.000536057
417,3.578650461,0.043946378,0.000655066
418,3.869552972,0.009821388,0.000966908
419,2.589159698,0.066143915,0.000959574
420,3.265102502,0.006883937,0.000431465
421,4.951346876,0.059135778,0.000893471
422,4.535431451,0.05611958,0.000495726
423,2.647031203,0.058744788,0.000101269
424,3.45385054,0.002362572,0.000139672
425,3.132133244,0.087459597,5.78387E-05
426,3.708712516,0.068236054,0.000886022
427,3.174114975,0.048527203,0.000693055
428,3.841061373,0.084359377,8.86703E-06
429,3.302214879,0.093554717,0.000935513
430,4.796214168,0.036984456,0.000794047
431,2.69357036,0.039486258,1.38789E-05
432,3.433860975,0.015491156,0.000160819
433,2.526968391,0.044724769,0.000792664
434,3.697185937,0.090937554,0.000610855
435,3.688208879,0.04961189,0.000541732
436,3.432841822,0.098627065,0.000707615
437,4.981018808,0.06252413,0.000246748
438,2.974276563,0.006495874,0.000352682
439,2.840389511,0.063664817,0.000981251
440,4.420326444,0.021459609,0.000814303
441,4.431148545,0.009066605,0.000357094
442,2.641984862,0.064345259,0.000437841
443,2.58582146,0.011128406,8.23107E-06
444,4.990727971,0.059212312,0.000223476
445,2.540596443,0.05579296,0.000505074
446,2.772851973,0.079596169,4.9901E-05
447,3.572315217,0.087249481,0.000614579
448,4.674675855,0.077243471,0.000241402
449,2.635841449,0.008610933,0.000251252
450,3.121538297,0.084521669,0.000839962
451,3.949912048,0.05107461,0.000115161
452,3.811673837,0.074740399,0.000208758
453,2.945373247,0.071480727,0.000786074
454,2.989658344,0.008521335,0.000831557
455,4.213583673,0.089255476,0.000545532
456,3.039125506,0.020702978,8.18788E-05
457,4.558086656,0.015645411,0.000721785
458,3.972748946,0.007387973,0.000209856
459,2.70100712,0.004488174,6.22719E-05
460,2.645152431,0.047263001,0.00064955
461,2.59986149,0.031633336,0.000354188
462,3.568986881,0.080518357,0.00076575
463,3.209916109,0.034061095,0.000319915
464,3.364074223,0.003687292,0.000812096
465,4.262433146,0.063561171,0.000121096
466,4.124882168,0.099279184,0.000553414
467,3.307845692,0.055054924,0.000786877
468,2.671241892,0.088020218,0.000963261
469,4.489153625,0.006354705,0.000814459
470,4.407123579,0.041200589,0.00083341
471,4.811670418,0.03055916,0.000891085
472,3.727020408,0.097873175,0.000277393
473,2.953971377,0.022072733,0.000305096
474,3.24317272,0.091778604,5.74194E-05
475,4.818172789,0.075583676,0.000221554
476,3.557771621,0.023484751,0.000658529
477,3.629774479,0.07988511,6.60338E-05
478,2.589347342,0.031440652,0.000899393
479,2.862321359,0.050102034,0.000364883
480,3.917051931,0.02541201,0.000849688
481,2.658615778,0.000129322,0.000234219
482,4.476490637,0.038307818,0.000811902
483,3.957061935,0.064942269,0.000339486
484,2.664954799,0.057228852,0.000629941
485,2.748157425,0.071389316,0.000670118
486,2.597675624,0.084615401,0.00014156
487,4.612040192,0.012281873,0.000526486
488,3.791214501,0.021648568,0.000514805
489,3.559736429,0.008113209,0.000269553
490,2.684128533,0.033944761,0.000147666
491,3.781867604,0.025809733,0.000166325
492,4.996553807,0.052235929,0.000102039
493,3.679736653,0.001671848,0.000921823
494,4.400690244,0.067330711,0.000180852
495,3.378163016,0.080547979,0.000436511
496,3.326802482,0.089450154,1.48775E-06
497,4.460254993,0.04933377,0.000738955
498,3.396269545,0.013912646,6.30037E-05
499,4.968456257,0.054721084,0.000830172
500,3.557674447,0.022005555,0.000626385
501,2.94461881,0.066296443,0.000716308
502,3.716620526,0.013347397,0.000349064
503,3.532543768,0.037209768,0.000283651
504,4.098592108,0.023840773,0.000937305
505,3.157677445,0.066200602,0.000388648
506,4.564808903,0.004857588,0.000900788
507,3.538234832,0.092053533,0.000459146
508,3.640303816,0.028373568,0.000392167
509,3.442720086,0.077590486,0.000241433
510,4.1988198,0.000420234,0.000568883
511,2.930160618,0.048430544,0.000709225
512,4.88233183,0.057473089,0.000260332
513,4.665350893,0.010034243,3.71111E-05
514,3.319818324,0.053280836,0.000344549
515,4.05154984,0.07596506,8.96179E-05
516,2.664223147,0.067752996,7.78063E-05
517,3.009049541,0.029241938,0.00083105
518,3.784863194,0.012603476,0.000206069
519,4.483386759,0.056302787,0.000868144
520,4.442083171,0.050804269,0.000584541
521,4.393247336,0.038361167,0.000621097
522,4.726401226,0.089137003,0.000820206
523,3.826190148,0.08291507,0.000265161
524,3.514180577,0.014243369,0.000392775
525,4.967060089,0.078034007,0.00048166
526,2.780467794,0.042220595,0.000765829
527,4.721879801,0.067329441,0.0006547
528,4.417693377,0.03000369,0.000375719
529,4.706161022,0.051823952,0.00034307
530,4.723948683,0.014132936,4.04202E-05
531,4.217972318,0.084622314,0.000551189
532,4.006444984,0.007097205,0.000559179
533,4.373132559,0.036900054,0.000791778
534,4.815230435,0.02777691,0.000530076
535,2.908708839,0.017896301,0.00026458
536,3.730971954,0.039309564,0.000240473
537,4.188785082,0.034597338,0.000686365
538,3.943199044,0.051311537,0.000374084
539,2.590285953,0.016745993,0.000925156
540,3.076853027,0.098029505,0.000307802
541,3.27162044,0.057141054,0.00038096
542,3.020529511,0.070587003,0.00091562
543,3.936201044,0.041713838,3.47768E-05
544,2.613532297,0.002973649,0.000628414
545,3.817006758,0.016492201,0.000424156
546,4.73925285,0.085802038,0.000494388
547,2.650916475,0.041387868,8.99397E-05
548,4.553411926,0.001198252,0.000828149
549,2.669887756,0.078520032,0.000841601
550,2.620788501,0.095023951,0.000334889
551,4.922227892,0.028354728,0.000680456
552,3.81013498,0.051887207,0.000242241
553,3.309027366,0.080180383,0.000513353
554,4.916399277,0.042008349,0.000149248
555,4.341891532,0.088449523,0.000219205
556,4.876867201,0.044790189,0.000723175
557,2.877618035,0.037272473,0.000525495
558,3.500459585,0.092596684,0.000687345
559,2.717170497,0.038682641,0.000552251
560,4.545614462,0.003069152,0.000709291
561,3.957994321,0.088808363,0.000132265
562,4.059420754,0.056514738,0.000833901
563,4.35088148,0.012472429,0.000271597
564,3.304189408,0.060754025,0.000759315
565,4.43042558,0.073961549,0.000610669
566,2.892957739,0.040132497,0.00039104
567,4.908588397,0.028790367,0.000924859
568,3.203958759,0.046748735,0.000151973
569,3.386328126,0.007230916,0.000372555
570,3.963525412,0.067279876,0.000708876
571,3.255360703,0.072107322,0.000528284
572,4.667398085,0.087311128,0.00043365
573,3.877937033,0.056511007,0.000430082
574,3.538118523,0.065151517,0.000314994
575,2.520697659,0.063369135,0.000136157
576,4.174132086,0.081084073,0.000382082
577,4.042870823,0.010310927,0.000367622
578,3.341265432,0.065475654,8.39388E-05
579,3.01131001,0.010231461,0.000485574
580,3.266097573,0.012791428,8.87096E-05
581,2.711610849,0.041194361,0.000988113
582,3.954734138,0.039534707,0.00083504
583,3.159290215,0.044214869,0.00072834
584,3.65841144,0.075819655,8.45392E-05
585,4.125505486,0.094526688,0.000641928
586,3.152070082,0.006442873,0.000117332
587,3.828563139,0.042952202,3.78385E-05
588,4.29721065,0.031792095,0.000107632
589,3.92738182,0.011370288,0.000823531
590,2.538805231,0.01708768,0.000427911
591,4.922749956,0.075530936,0.000953537
592,4.514665339,0.081183098,0.000729867
593,3.853174206,0.029164713,0.000357887
594,3.504368322,0.058667994,0.000857795
595,4.308436671,0.022021431,0.000346255
596,4.582773365,0.094930618,0.0006102
597,4.925937977,0.067480355,0.000206744
598,4.037319579,0.099034666,0.000206078
599,2.561351174,0.066011211,0.000779774
600,4.974818378,0.086253359,0.000184068
601,2.874444703,0.069023474,0.00090314
602,3.871929186,0.050070634,0.000340843
603,3.168201356,0.00524009,0.000801665
604,3.06256396,0.090333017,4.05359E-05
605,2.994964104,0.091214706,0.000211532
606,3.192496049,0.030474798,0.000334146
607,2.635996403,0.09045727,0.000788906
608,3.880804467,0.066532822,0.000318623
609,4.92003544,0.091915822,0.000410694
610,2.772077531,0.020769691,0.000267129
611,4.998505874,0.058205081,0.000751243
612,4.948141657,0.048739879,0.000421082
613,3.646769818,0.010776656,0.000788788
614,3.834447165,0.008183104,0.00010731
615,3.211803076,0.031151716,4.58494E-05
616,4.685714785,0.032328123,0.000116787
617,3.497611934,0.046403471,0.000521549
618,3.622654935,0.038161882,0.000366477
619,4.497919061,0.052883675,4.59098E-06
620,4.095144178,0.068848097,0.00017852
621,2.50981636,0.081180908,0.000105031
622,3.649983217,0.068615436,0.000677052
623,4.098858823,0.086941435,0.00048145
624,3.610462292,0.037035842,0.000356465
625,4.40331962,0.09909489,8.2712E-05
626,4.216072875,0.020608826,0.000273191
627,2.889195031,0.015202031,0.00038215
628,3.004372753,0.027687903,0.000311605
629,4.708692545,0.009044157,0.000102747
630,2.680354882,0.051908246,0.000545064
631,2.914100948,0.099214345,0.000361907
632,4.802332129,0.009959503,8.76572E-05
633,3.332817163,0.072384381,0.000552169
634,3.195259809,0.093463945,0.000498901
635,3.290521646,0.021186654,1.803E-06
636,4.847230984,0.053535175,0.000681446
637,4.918918443,0.099867115,1.35531E-05
638,3.273237224,0.075285447,0.000843437
639,4.41831535,0.096684034,0.000519295
640,4.812549495,0.040630487,0.000190759
641,4.792137167,0.072535757,0.000625331
642,3.652558664,0.086198607,0.000315842
643,2.615619625,0.017126964,0.000907607
644,2.501657247,0.022382864,0.000815891
645,4.410949093,0.020573115,0.000839308
646,4.922459355,0.010060775,0.000895114
647,3.884850215,0.062213358,4.61033E-05
648,4.671964774,0.075666841,6.77374E-06
649,3.590620284,0.004259812,0.000741578
650,3.26120731,0.094812045,0.00030223
651,4.966171293,0.015045826,0.000333972
652,3.432204117,0.08462935,0.000589324
653,3.09981914,0.086343145,0.000960103
654,3.50368619,0.045892832,0.000127316
655,4.450428976,0.089349137,0.000639705
656,4.505789475,0.030923305,0.000714598
657,3.350392195,0.041140507,0.00093277
658,4.338069629,0.050661925,0.000596271
659,3.869758195,0.08430596,0.000412205
660,3.331933884,0.012500481,0.000315247
661,2.947925779,0.010442093,0.000606322
662,2.834872004,0.093116935,0.000878625
663,3.528458364,0.089496195,4.52649E-05
664,3.584658485,0.003073357,0.00066882
665,3.964527621,0.081566564,0.000667935
666,3.87729963,0.061840732,0.000877612
667,2.934381844,0.025375386,0.000156006
668,4.592253734,0.078885552,0.000866919
669,2.808527845,0.044399154,0.000171844
670,2.954835776,0.095913258,0.000928087
671,2.871359605,0.090165511,0.000194759
672,4.464668413,0.057908302,0.00053917
673,4.702960667,0.01831161,0.000858314
674,4.180734781,0.035994492,0.000809754
675,2.649191604,0.056875399,0.000963952
676,2.999551853,0.059911864,0.000147561
677,3.679816342,0.047620446,0.000237164
678,2.992294463,0.039454067,0.000124593
679,4.443041542,0.048183767,0.0008431
680,4.645009954,0.009936403,0.000584253
681,4.719918166,0.078133832,0.00013854
682,2.548003734,0.096055845,0.00067758
683,4.691348369,0.063740435,0.000269216
684,2.636131316,0.001760363,6.94823E-06
685,3.667260577,0.026985255,0.000179178
686,3.408494312,0.055393778,0.000898454
687,3.618972569,0.009233254,0.000181148
688,4.386312235,0.096862568,0.00099734
689,4.190026256,0.036730453,0.000618051
690,3.666471773,0.064302814,0.000904973
691,3.94756797,0.035883424,0.000942886
692,3.377688683,0.091764344,0.000862886
693,3.29622669,0.04915298,0.000400402
694,4.784209788,0.078257315,0.000197284
695,3.595151329,0.083037299,0.000286479
696,3.328942084,0.098898641,0.000154178
697,3.074422924,0.082124355,0.000107075
698,4.782861325,0.041786315,0.000793434
699,3.552136902,0.008239206,0.000677686
700,4.064582023,0.023171043,0.000998203
701,4.711825376,0.032230744,3.60075E-05
702,4.525659729,0.091428887,0.000770958
703,3.363397313,0.082724816,9.84065E-05
704,4.15692731,0.03498433,0.000210852
705,2.841468164,0.090327272,0.000754345
706,2.997529099,0.062971403,0.0002401
707,4.811890824,0.091760006,0.000754826
708,4.789519675,0.019331055,0.000318413
709,2.812555638,0.034066913,0.000983094
710,3.028918362,0.080930922,0.000728388
711,4.312349773,0.039693661,0.000384821
712,3.087830615,0.05092809,0.000770802
713,3.842807054,0.063762247,0.000746857
714,4.856296533,0.063791802,0.000853452
715,2.520583243,0.019233457,0.000642405
716,4.635867414,0.005782733,0.000807104
717,3.189409755,0.097988912,0.000844941
718,4.705593931,0.040730122,0.000578485
719,4.262488958,0.089693456,0.000958726
720,3.860190684,0.012441737,0.000560664
721,3.378801276,0.035089695,0.000640246
722,3.888466397,0.011148458,0.000674554
723,4.932573403,5.18798E-05,0.000882111
724,2.564706991,0.032127535,0.000281473
725,3.432507416,0.099370353,0.000771211
726,2.592579869,0.006753616,0.000429949
727,3.474936578,0.001350006,0.000491696
728,3.911209303,0.088493442,0.000356602
729,3.533962887,0.001346853,0.000805796
730,2.926270309,0.00768892,0.000638137
731,2.891478308,0.017003539,0.000438019
732,4.704031919,0.044984834,0.000276658
733,4.35239279,0.09970753,0.000778921
734,4.919597558,0.053316847,0.000855477
735,4.028709466,0.049912039,0.000402704
736,4.734367075,0.010190246,4.15999E-05
737,4.841546263,0.019430865,0.000237388
738,4.312873793,0.058073761,0.000863966
739,3.957124674,0.051105488,0.000738791
740,3.344872597,0.046908771,0.000819228
741,3.783243681,0.004858121,0.000777007
742,3.907436688,0.098516571,0.000777737
743,4.571757402,0.075511569,0.000656993
744,2.944274326,0.057623918,0.000304086
745,3.655399202,0.05536828,0.000801556
746,3.349643279,0.060280913,0.000774925
747,3.148163001,0.030045613,0.000327779
748,3.589333744,0.064205762,0.000842244
749,3.45970351,0.031172311,0.000763651
750,4.2361775,0.065166812,0.000474054
751,2.80106028,0.045324426,0.000661417
752,3.331177936,0.037126256,0.000480328
753,4.724623662,0.04682219,0.000611216
754,4.569369511,0.031585497,0.00035172
755,4.235042025,0.012234831,0.0006922
756,3.638877602,0.080176567,7.40439E-05
757,4.771127227,0.087587237,0.000235594
758,4.259276697,0.026314406,0.000328773
759,3.039014174,0.069999196,0.000194579
760,4.659299766,0.087629984,0.000590196
761,3.026874712,0.06680131,0.000751078
762,4.056059247,0.03971714,0.00023159
763,2.99467895,0.063427496,0.000378902
764,3.348787333,0.012677834,0.000235641
765,2.89777874,0.072810534,4.07316E-05
766,3.495014334,0.018098023,0.000766224
767,3.302247289,0.066806089,0.00043378
768,4.401398626,0.095227164,2.48151E-05
769,4.167771929,0.059931812,0.000682829
770,2.618922899,0.051926161,0.000530395
771,4.320536611,0.025945747,0.000285559
772,3.376195874,0.09105363,0.000905913
773,2.900206616,0.00368738,0.000453562
774,3.751225868,0.093335489,0.000462834
775,3.344032498,0.021871323,0.000360015
776,3.148917578,0.004139983,0.000480299
777,4.079935529,0.083938829,0.000336092
778,3.542338772,0.063873629,0.000886886
779,4.722414289,0.06220184,0.000187787
780,3.587214159,0.08022395,4.59395E-05
781,3.749359239,0.029492148,0.00090492
782,3.16207323,0.011009848,0.000444285
783,4.07308617,0.03446311,0.000585434
784,3.408540313,0.009964872,0.000723002
785,2.601272333,0.051117141,0.000932536
786,2.703655487,0.076100168,0.000629322
787,3.077643233,0.056474312,0.000672593
788,4.129921662,0.012995707,0.000935366
789,3.554982687,0.011632442,0.000932297
790,4.511486309,0.006316261,0.000416301
791,3.878929614,0.051861156,0.00088067
792,3.464698081,0.055063127,0.000654455
793,4.63530462,0.013396317,0.000656834
794,4.464927916,0.047446276,0.000695639
795,4.438503896,0.033357723,0.000659002
796,4.14755796,0.080753696,0.000604317
797,2.600641136,0.051233153,0.000506139
798,3.294831909,0.087040369,0.000563538
799,3.511034688,0.033199929,0.000297878
800,2.937972181,0.026562445,3.52448E-05
801,3.124564017,0.018863856,2.83988E-05
802,3.43604234,0.016125682,0.000242815
803,4.349874741,0.014216016,0.000176542
804,4.116110997,0.029690804,5.23377E-05
805,2.798486553,0.060606817,4.88628E-05
806,4.026051887,0.071872447,0.000478576
807,4.807115682,0.005991557,0.00027754
808,2.512118576,0.059982797,4.48658E-05
809,4.85199883,0.048028463,0.000749665
810,4.542286211,0.076868421,0.000683393
811,3.131693871,0.003135842,0.000252999
812,4.516667955,0.098494477,0.000579103
813,4.537504024,0.094837951,0.000311408
814,4.979360057,0.070293521,0.000276235
815,4.093850939,0.061541657,0.000396627
816,4.36025215,0.014472816,0.000296209
817,2.746331991,0.074468794,0.00095606
818,2.664847964,0.009853414,0.00050587
819,3.795830486,0.096013954,0.000912059
820,4.368452564,0.035686981,0.000734121
821,2.818432522,0.00907483,0.000944443
822,4.81512715,0.002696899,0.000549664
823,4.96083742,0.071645184,0.000226672
824,4.745235948,0.026790262,1.84261E-05
825,4.519460623,0.016317533,0.000413068
826,3.390641797,0.093453367,0.000301574
827,2.680816389,0.096910471,0.000935929
828,3.669888858,0.070284321,0.000692184
829,2.544442715,0.066698858,0.000847705
830,3.727925056,0.069106986,0.000955973
831,3.210624547,0.097065113,0.000991299
832,4.177189844,0.013198507,0.000944126
833,4.886190874,0.059900505,0.000300194
834,3.289317517,0.001598884,0.000365329
835,3.072412367,0.031976524,0.000200976
836,3.090693711,0.03419832,0.000271401
837,2.596909506,0.090897066,0.000187362
838,3.050153766,0.052019306,0.000597689
839,4.15412774,0.083783068,0.000674912
840,3.026117573,0.038009217,0.00040126
841,3.327252962,0.088780425,0.000151205
842,3.617258532,0.062536542,0.000658427
843,4.087736224,0.025839287,0.000270243
844,2.787496352,0.051042987,0.000351055
845,4.183155872,0.061975271,4.12731E-05
846,2.849163303,0.090362041,0.000219997
847,2.650772194,0.000368048,0.000759293
848,4.198246361,0.030628442,0.000404399
849,2.884692769,0.047568732,0.000551815
850,4.527210517,0.042529427,0.000916715
851,4.020036031,0.022743205,0.000921471
852,3.787919356,0.084628996,0.000699868
853,2.736963123,0.065821302,0.000236083
854,3.176510626,0.064381921,0.000358083
855,3.397902558,0.065842388,0.000406938
856,3.152602836,0.084018183,0.000715383
857,2.856068782,0.070419086,0.000702742
858,4.134399624,0.077412979,0.00041892
859,3.768941825,0.055398309,0.000289233
860,4.806947704,0.011811788,0.000925846
861,3.686069666,0.056270026,0.000136173
862,4.872604499,0.086441864,0.000602182
863,3.839542158,0.014713525,0.000711042
864,4.427096464,0.049358598,0.000216144
865,4.397032707,0.048066707,0.000185431
866,4.766378246,0.021783899,0.000405084
867,2.678070993,0.094185446,0.000467969
868,4.674921415,0.074991004,2.10394E-05
869,2.69511122,0.04343218,0.000399105
870,3.853703967,0.046653537,0.000353081
871,3.415036055,0.022079899,0.000551019
872,4.534853246,0.053754251,0.000776912
873,4.700553552,0.059781441,0.000795343
874,3.073146961,0.021204396,0.000744557
875,2.614998945,0.021302748,0.000288805
876,4.784888808,0.038000953,0.000742987
877,4.299622078,0.049339508,0.000700256
878,3.26740697,0.073657474,7.80123E-05
879,4.441000673,0.041452091,0.000619306
880,3.594677078,0.014546776,0.00090072
881,3.697304987,0.036897684,0.000605326
882,2.629982544,0.038992668,0.000279636
883,3.653172055,0.043864998,0.000693161
884,4.576920534,0.005487618,0.000591698
885,3.749709619,0.022539327,0.000131755
886,2.664017291,0.042296532,0.0001707
887,4.986574795,0.01566573,1.71277E-05
888,2.940323048,0.082873534,9.81282E-05
889,2.943527527,0.076716938,0.000449895
890,3.550897383,0.062771937,0.000385277
891,4.269494436,0.088008044,0.000172758
892,4.789542446,0.094616357,0.000505081
893,4.679124509,0.097029801,5.16173E-05
894,4.102416886,0.098461937,0.000499812
895,4.401204308,0.097089284,0.000201687
896,4.824801973,0.06515049,0.000458093
897,4.875982884,0.013396399,0.000735661
898,3.86388133,0.080639982,9.42732E-05
899,4.158671277,0.076470755,0.000592946
900,2.926394791,0.078685921,0.000983625
901,3.751169723,0.066121456,0.000824542
902,2.620611358,0.053965564,0.000161378
903,3.784611925,0.091311522,0.00027518
904,3.496917547,0.082726973,0.00055482
905,2.996743368,0.021614442,0.000579068
906,4.064699456,0.083155733,0.000956738
907,2.55654769,0.021341351,0.000947094
908,4.325284471,0.020908705,0.000410556
909,4.265134411,0.086174035,0.000360415
910,3.920485974,0.026796703,0.000754102
911,4.257320013,0.091498262,0.000327466
912,4.449516319,0.070893511,0.000722018
913,2.55696991,0.047157344,0.000411384
914,4.64192267,0.092381047,0.000348127
915,4.240565284,0.048230738,4.42029E-05
916,2.658239605,0.027435517,0.000784802
917,4.915953426,0.028520422,0.000203436
918,4.702429419,0.052004868,9.37095E-05
919,4.868794092,0.077843674,0.000408888
920,4.910142592,0.017159077,0.000249827
921,3.020522134,0.046114284,0.000276317
922,3.581703885,0.073843691,0.000802492
923,3.486695533,0.081329207,0.000722222
924,4.591861252,0.040650902,0.00040138
925,4.808765827,0.018581242,0.000241823
926,3.476299291,0.003265521,0.000854202
927,4.279309403,0.085577211,0.000750161
928,4.234857608,0.099978852,3.64504E-05
929,4.026963972,0.037762235,0.000895169
930,3.106051324,0.034994327,0.000286632
931,3.159576472,0.055826661,0.000618144
932,2.817541873,0.000881206,0.000159751
933,3.997259692,0.018276804,0.000509117
934,4.852225658,0.044905392,0.000788202
935,3.774114401,0.016561554,7.48592E-05
936,2.951761872,0.0078522,0.000754633
937,4.04626334,0.017072025,0.000978979
938,3.130124788,0.070532845,0.000176882
939,3.23064126,0.0956684,7.79048E-05
940,3.259588105,0.003448221,0.000639438
941,3.163608325,0.081680975,0.000504959
942,2.930341501,0.090977823,0.000616674
943,2.568343637,0.035792221,0.000675708
944,3.337287316,0.074891425,0.000442709
945,4.44170278,0.036252226,0.000455274
946,2.50410234,0.046230656,9.04498E-05
947,2.884096208,0.024617583,6.28942E-05
948,2.926564737,0.002505832,0.000136981
949,4.295208652,0.059516872,0.000513371
950,3.285721365,0.062807854,0.000512895
951,2.662705885,0.05094687,0.000887092
952,4.417663016,0.061377048,0.000432424
953,2.89379457,0.012790232,0.000824848
954,3.447711701,0.094241957,0.00032812
955,4.719294529,0.030705616,0.000838046
956,2.722380717,0.064078993,1.26498E-05
957,3.799395547,0.065113411,0.000208088
958,4.299427293,0.000862815,0.00051259
959,4.968645779,0.007976003,0.000149798
960,2.726572228,0.021819201,0.000864713
961,4.181821344,0.039071699,0.000490936
962,4.547023893,0.043953545,1.1571E-05
963,2.960117768,0.018822802,0.000377157
964,2.937855975,0.035197799,0.000782173
965,4.203083264,0.0180333,0.000122854
966,4.835656248,0.075725552,0.0008991
967,3.896044334,0.008292361,0.000954983
968,4.985329815,0.085368362,0.000954461
969,3.001956664,0.08578133,0.000788379
970,4.924454037,0.022404578,0.000926669
971,4.925270965,0.099131718,0.000134632
972,3.425611469,0.072686095,0.000265765
973,2.560298847,0.03986992,0.000585761
974,4.293030908,0.0642703,0.000370363
975,4.483540194,0.011883751,8.75978E-05
976,3.703172987,0.061217902,0.000759851
977,2.736267748,0.021523477,0.000709574
978,2.853783395,0.011011342,0.000617338
979,4.708422137,0.052572137,0.000459384
980,2.756919924,0.076348226,0.000256652
981,2.520235282,0.083651653,0.000708031
982,2.956069175,0.002090948,9.07983E-05
983,2.577164889,0.062410233,0.000773422
984,4.017192443,0.033580063,0.000996275
985,2.692496732,0.077892382,4.6974E-05
986,2.837169132,0.040916486,0.000664661
987,2.945414828,0.015181242,0.000716577
988,4.821229895,0.030061878,0.000990942
989,4.049289304,0.005919377,0.000803753
990,4.453613351,0.085564496,3.27575E-05
991,3.456992883,0.093024558,7.96246E-05
992,4.655222058,0.080328968,0.000526653
993,4.366310017,0.0505268,0.000137323
994,4.71797242,0.044214055,0.000680051
995,2.819523964,0.099019202,0.000675502
996,3.379904335,0.054942325,0.000239832
997,4.491843662,0.035254719,3.4794E-05
998,3.263893805,0.096716786,0.000439972
999,3.90369335,0.057814655,0.000869326
1000,3.405521371,0.012636991,0.00057442
1001,3.035187868,0.018509448,0.000779428
1002,3.95708189,0.090838364,0.000839539
1003,2.812847244,0.04289198,0.000525176
1004,3.570120692,0.022520235,0.000700814
1005,3.914232306,0.059486021,0.00062863
1006,3.738399699,0.015381719,0.000804991
1007,4.266939555,0.059751322,0.000882507
1008,4.371596301,0.017738089,0.000600287
1009,3.375458666,0.060665937,0.000706827
1010,4.977311999,0.069364527,0.000242618
1011,4.710661443,0.057440089,0.000954645
1012,4.031845055,0.09628568,0.000350036
1013,3.314667458,0.020318561,0.000260496
1014,4.86411911,0.063385326,0.000980945
1015,4.185885139,0.021449716,0.000577877
1016,4.284276652,0.059440182,0.000195164
1017,4.577822369,0.055548649,0.000530066
1018,2.910937435,0.098874552,7.35357E-05
1019,3.823951277,0.082864509,0.000118145
1020,3.179643239,0.046571501,0.0001742
1021,4.542674389,0.042580065,4.24707E-05
1022,4.788917258,0.038510785,0.000820537
1023,2.641034096,0.053549556,0.000769062
1024,3.937083635,0.071646694,0.000870395
1025,3.49113339,0.077381873,0.000526213
1026,4.598105455,0.061240115,0.000435817
1027,3.992975198,0.022709871,0.000429633
1028,3.829144012,0.06808296,0.000975801
1029,3.626310414,0.083847107,0.000513238
1030,4.509209395,0.037443767,2.40632E-05
1031,3.075779494,0.022945918,0.000725887
1032,2.788898926,0.010231769,0.000996146
1033,4.565411226,0.076896144,0.000257674
1034,2.865491173,0.056272906,0.000956849
1035,2.57822962,0.094825839,0.000615933
1036,4.614548401,0.05996741,0.000235911
1037,2.545625879,0.023551311,0.00082667
1038,4.546772592,0.022673809,0.000961422
1039,3.811124132,0.099116003,0.000612048
1040,4.569812627,0.088594108,0.000458548
1041,3.266393413,0.057940685,0.00021171
1042,3.963775604,0.090813108,0.000867007
1043,2.856051527,0.087460298,0.000826703
1044,4.276775192,0.015426715,0.000504731
1045,2.551818025,0.04348379,0.000407474
1046,3.022080746,0.02761527,2.57348E-07
1047,4.419026287,0.059428617,0.000407258
1048,4.685244462,0.049932699,0.000375151
1049,4.413934915,0.029246836,0.000175121
1050,4.762985367,0.073397534,0.000751116
1051,4.202538697,0.061425149,0.000329555
1052,3.707226904,0.09613724,0.000765419
1053,3.396519865,0.032375613,0.000569325
1054,4.561459793,0.035218503,0.00092441
1055,4.961829186,0.07326497,0.000823148
1056,4.704683201,0.095245858,0.000736529
1057,2.7742901,0.064882432,0.000192114
1058,2.913139188,0.023149682,1.43292E-05
1059,4.768820988,0.089229813,0.000426671
1060,3.477620849,0.04613828,0.000991683
1061,2.644366646,0.043260734,2.39314E-05
1062,3.484107739,0.068258164,0.000702173
1063,4.76140507,0.06931231,0.000837477
1064,4.068033499,0.033226447,0.000138707
1065,3.514792775,0.034027683,0.000212363
1066,3.223504107,0.008928065,0.000577591
1067,3.191554162,0.020204233,0.000627837
1068,2.566274804,0.075735083,0.000431699
1069,4.969221743,0.097925954,0.000862839
1070,3.185250076,0.090263548,0.000797314
1071,4.727622227,0.047012432,0.000838037
1072,2.647555227,0.029298298,0.000694586
1073,2.902652458,0.052497834,0.000665383
1074,3.662301376,0.069884851,3.76207E-06
1075,4.208298208,0.099623237,0.000158936
1076,3.122501924,0.015073149,0.00026339
1077,3.42214882,0.085090769,0.000776335
1078,3.30475328,0.055228965,2.73722E-05
1079,4.650160658,0.08239567,5.64634E-05
1080,2.546465774,0.093113778,0.000544392
1081,4.234064975,0.060225447,0.000583188
1082,4.219828349,0.036911063,5.18196E-05
1083,4.139775556,0.013614399,0.000420698
1084,4.666624787,0.067163121,0.000645339
1085,4.877647831,0.04628399,0.000366547
1086,4.581138693,0.072021806,0.000967826
1087,3.182372302,0.042501831,0.00010243
1088,4.585541083,0.088718319,0.000306105
1089,2.928678693,0.073136138,0.000569326
1090,4.156315799,0.002087672,7.46679E-05
1091,2.833140668,0.086870222,0.000540277
1092,4.889580291,0.032090002,0.00092487
1093,2.98292735,0.042525398,0.000743332
1094,4.273565352,0.051449003,0.000363665
1095,3.232940996,0.036727824,2.83708E-05
1096,4.210465242,0.034998276,0.000240454
1097,4.292993331,0.054275137,0.000840025
1098,4.429731042,0.072926557,0.000539395
1099,3.950069497,0.029957565,0.000581013
1100,2.62107898,0.067865654,0.000341391
1101,4.621422594,0.063297227,0.00032831
1102,2.628224667,0.075674488,0.000266436
1103,3.486125247,0.041827539,0.000590017
1104,2.647458508,0.070374302,0.000292933
1105,4.404175729,0.089906855,0.000273727
1106,4.466825134,0.015838071,0.000311402
1107,3.725936841,0.087686268,0.000870044
1108,4.356902333,0.032578817,0.000635245
1109,3.822536205,0.069303186,0.000483061
1110,3.42014582,0.093582051,0.000117116
1111,3.669024834,0.08235179,0.000985403
1112,3.566222687,0.067566158,0.000311158
1113,3.836316573,0.047995628,0.000584258
1114,2.884569566,0.014930588,7.86633E-05
1115,3.787410238,0.052878408,9.89002E-06
1116,4.192000164,0.049484968,0.000503254
1117,4.082578519,0.001314127,0.000536217
1118,4.857817346,0.025700052,0.000511849
1119,2.799393483,0.07279817,0.000412644
1120,2.663791523,0.011473253,7.05284E-05
1121,3.217885749,0.080758261,0.000146396
1122,4.124543627,0.096465904,0.000948723
1123,4.638295453,0.083678427,0.000158673
1124,3.987826844,0.043779368,0.000513284
1125,3.680849878,0.07153685,1.41236E-05
1126,3.433432456,0.028382985,0.00051958
1127,3.533747042,0.087738973,0.000274068
1128,2.704825612,0.006935384,0.000495407
1129,3.240500561,0.003182776,2.57874E-06
1130,3.603616664,0.072773702,0.000164313
1131,2.745173747,0.033850086,0.000135118
1132,2.536641632,0.091027446,0.000281156
1133,3.665032135,0.077032991,0.000116475
1134,3.518892629,0.033966136,0.000282483
1135,3.528329224,0.019480269,0.000942381
1136,4.945382093,0.073731928,0.000430364
1137,4.03868102,0.033539254,0.000234972
1138,4.489635779,0.019322217,0.000961957
1139,3.95578521,0.084220141,0.000121305
1140,4.10393006,0.040965338,0.000661323
1141,3.221980984,0.049472511,0.000871982
1142,4.897976499,0.060058766,0.000529382
1143,3.305549096,0.041669081,0.000392094
1144,3.568951143,0.054901971,0.000778272
1145,4.854088101,0.03865489,8.98462E-05
1146,4.196903516,0.004783347,0.00024646
1147,3.404872983,0.052291746,0.000124126
1148,2.595183758,0.091995579,0.000570813
1149,2.9517651,0.082307176,0.000473028
1150,3.497991409,0.080945787,0.000691473
1151,2.579927319,0.086803335,0.000187436
1152,2.563500311,0.025782023,0.000126124
1153,2.663807942,0.047345912,0.000225311
1154,4.715800873,0.071776824,0.000856375
1155,3.061398284,0.090236594,0.000734338
1156,3.183910977,0.070114666,5.00023E-05
1157,4.6917797,0.062692957,0.000460019
1158,2.531262877,0.091360345,0.0006758
1159,4.098608634,0.050403362,0.000414042
1160,4.356617832,0.046060486,0.000519036
1161,4.000692357,0.042861223,0.000356638
1162,4.162923321,0.077935481,6.77721E-06
1163,4.454887238,0.056498622,0.000293276
1164,4.653751496,0.074691509,0.000625581
1165,4.210666237,0.026573873,0.000366745
1166,3.341266157,0.092784839,0.000919609
1167,4.567674399,0.007593635,0.000279145
1168,4.933053525,0.071220944,0.000133321
1169,3.211804926,0.003966565,0.000654783
1170,3.425741846,0.093654899,0.000627225
1171,3.743118355,0.023930128,0.000579161
1172,4.670594802,0.079272605,0.000576657
1173,4.805101016,0.081778678,5.27446E-05
1174,2.860302132,0.024798245,0.0005513
1175,3.052458125,0.055968365,0.000604332
1176,3.581014707,0.067887792,0.000521054
1177,3.129232426,0.096124008,4.77691E-06
1178,2.950885958,0.096139747,0.000596834
1179,3.760285338,0.001636514,0.000494585
1180,4.874724802,0.079768652,0.000857512
1181,4.527593299,0.024441426,0.000560782
1182,3.333899071,0.05811325,0.000729685
1183,4.773762488,0.090992101,0.000138377
1184,2.725266505,0.011067653,0.000727127
1185,4.077181142,0.091899721,4.458E-06
1186,4.629433429,0.071658152,0.000795801
1187,4.832886785,0.044215932,0.000254415
1188,4.134007627,0.009407761,0.000490566
1189,4.986267364,0.085618031,0.000464831
1190,2.828630255,0.034816783,0.000168727
1191,3.224922938,0.074207776,0.000479844
1192,3.767239439,0.001982566,0.000814223
1193,3.211355183,0.056619524,0.000821662
1194,3.986145262,0.084947622,0.000137582
1195,3.816034587,0.064829547,0.00053373
1196,3.482438865,0.083609108,0.000313604
1197,4.27724046,0.072968175,2.95894E-05
1198,3.828523661,0.047997758,0.000389314
1199,3.257119974,0.045648058,0.00099176
1200,4.585333538,0.048796117,0.000778965
1201,3.949852878,0.09390648,0.000214474
1202,2.886598978,0.057994425,0.000286691
1203,3.893645488,0.094920937,0.000695775
1204,4.782810801,0.044045632,0.000657042
1205,3.966423168,0.021708882,0.000805373
1206,3.873625236,0.058685021,8.59814E-05
1207,3.817766763,0.06649595,0.000803516
1208,4.061619451,0.007379311,0.000232926
1209,3.419991567,0.065740581,0.000370179
1210,3.674020107,0.012648076,0.000255094
1211,4.596751804,0.006800258,3.08038E-05
1212,4.843366389,0.043336917,0.00019011
1213,3.316118343,0.011729594,0.000314546
1214,4.953715165,0.095215918,0.000506788
1215,3.053600776,0.022892144,0.000273656
1216,3.553169937,0.044016229,0.000905422
1217,2.824072649,0.078479735,0.000111264
1218,3.515945641,0.092670625,0.000550251
1219,3.470228512,0.098312668,0.00032526
1220,2.975660819,0.082494803,0.000278598
1221,2.91947122,0.078593492,0.000696723
1222,4.606233772,0.051903805,0.00088069
1223,4.027459705,0.059336451,0.000643838
1224,3.93433012,0.098157772,0.00033557
1225,3.430973186,0.04414682,0.000189803
1226,3.528382575,0.083601957,0.000719742
1227,2.616499653,0.084518503,0.000304261
1228,4.013121745,0.052375626,0.000831164
1229,4.980585295,0.086250836,0.000617646
1230,3.752651361,0.017232327,0.000320322
1231,3.846861352,0.037534557,0.000712929
1232,2.828551951,0.077641668,0.000231265
1233,4.204417062,0.061087639,0.00023936
1234,4.498451726,0.031041698,0.000150813
1235,3.52847458,0.09840682,0.00091825
1236,3.389155702,0.027238096,0.000860959
1237,3.210445939,0.058428974,8.53129E-05
1238,3.820008434,0.04425894,0.000301298
1239,3.775890282,0.097778635,0.000838422
1240,4.763126241,0.053915845,3.73365E-05
1241,2.813841745,0.040407554,0.00082769
1242,3.155734061,0.019633497,0.000446085
1243,3.494014653,0.025152846,0.00055427
1244,3.970602509,0.086377232,0.000667446
1245,4.307017032,0.075027866,0.000386156
1246,3.428022891,0.091483185,0.000197863
1247,3.518501421,0.023228057,0.000761567
1248,2.747502134,0.025877539,0.000514164
1249,4.790985063,0.074753674,0.000748222
1250,2.926997205,0.05959967,4.05935E-05
1251,4.609615305,0.022721046,7.50567E-05
1252,4.224753501,0.007547871,0.000835608
1253,4.201707944,0.076908027,0.000330346
1254,3.817343755,0.065202776,0.000995225
1255,4.931121503,0.079997363,0.000795586
1256,4.405590096,0.06233711,3.03994E-05
1257,2.530161396,0.059864018,0.000529783
1258,4.459180392,0.060664847,0.000278509
1259,4.956589226,0.032167085,0.000956539
1260,4.829258083,0.088288615,0.000478431
1261,4.428857987,0.093449177,0.000624952
1262,3.964049019,0.079814647,0.000692127
1263,2.638404555,0.096678523,0.000113755
1264,4.871060652,0.038719129,6.99427E-05
1265,3.047535243,0.046273106,0.000989632
1266,4.118168932,0.026102402,0.000696541
1267,2.649871508,0.071348033,0.000635151
1268,3.553029511,0.067080269,0.000841945
1269,4.739993215,0.018619784,0.000938908
1270,3.146020819,0.041697043,0.000894
1271,2.705007065,0.022962018,0.000179824
1272,2.561564505,0.048039717,0.000601472
1273,4.877304801,0.066928824,0.000733386
1274,3.800957929,0.072206138,0.000460132
1275,4.615306974,0.07638683,1.87129E-05
1276,4.565521387,0.078519219,0.000529229
1277,3.907960223,0.014175135,0.000729195
1278,2.67314893,0.086095717,0.000838338
1279,3.146245764,0.034076519,0.000104588
1280,2.916440047,0.03072489,0.000655167
1281,4.621358135,0.060620528,0.000517097
1282,4.680495469,0.084419212,0.00025937
1283,4.039010885,0.005804411,0.000999941
1284,4.898444334,0.011853723,0.000403333
1285,3.071038018,0.057174835,0.000886994
1286,4.865460804,0.087719967,0.00049593
1287,4.644427312,0.008683951,0.000125668
1288,4.562216768,0.022150489,0.000606864
1289,4.385615897,0.051673633,0.000432473
1290,2.901468055,0.034565536,0.000266997
1291,4.056358058,0.059875538,0.000782111
1292,2.727750388,0.057048362,0.0005765
1293,4.2049916,0.024717976,0.000226731
1294,4.483051558,0.040334065,0.000140305
1295,3.583105705,0.080597223,0.000914974
1296,4.153105625,0.025100262,0.000238512
1297,4.244412185,0.03923864,0.000820174
1298,4.073281023,0.002478676,0.000623781
1299,3.068155702,0.079598601,0.000232577
1300,2.65704627,0.047122288,0.000787049
1301,4.329270698,0.010836397,0.000613637
1302,2.821684613,0.060236027,0.000160958
1303,4.306895247,0.027624734,0.000214766
1304,3.639065245,0.06620621,0.000607388
1305,3.282386229,0.090509504,0.000670213
1306,3.858240788,0.00678307,0.000644444
1307,2.655765363,0.019935882,8.42892E-05
1308,4.220806598,0.057139484,7.66834E-05
1309,3.866616691,0.07093124,0.000124456
1310,4.455995271,0.011555127,3.06213E-05
1311,3.165969581,0.017002706,0.00075683
1312,3.392264555,0.066226073,0.000710621
1313,3.094151298,0.079103075,7.54701E-05
1314,2.894540409,0.042429743,0.000921685
1315,3.993449064,0.031857507,0.000287862
1316,4.683376057,0.059539184,0.000266783
1317,4.013142445,0.034847174,0.000359669
1318,3.314485177,0.08230736,0.00036515
1319,3.6486254,0.049788094,0.000915852
1320,3.385254731,0.068242339,0.000987972
1321,4.136172814,0.091973561,7.41329E-05
1322,4.537764554,0.02376261,0.000735808
1323,2.950344622,0.08751845,0.000146125
1324,3.396694023,0.001983142,4.72045E-06
1325,2.985115374,0.080547069,0.000775083
1326,3.637958663,0.056352589,0.000109609
1327,4.758097962,0.077156511,0.000119472
1328,3.202407174,0.097741754,0.000903048
1329,3.082154001,0.018385455,0.000129591
1330,3.955805066,0.052896602,0.000304848
1331,4.111732478,0.019778417,1.46614E-05
1332,3.689721088,0.09943553,0.000541121
1333,3.708040984,0.022274016,0.000934291
1334,4.691153461,0.062796539,0.000626921
1335,3.807240824,0.087279347,0.000418193
1336,2.76214989,0.083136351,0.000572225
1337,4.411568707,0.042397798,0.000165236
1338,4.212893448,0.090538785,0.000402856
1339,3.59458155,0.050873404,0.000885441
1340,4.211115858,0.018697407,0.000181385
1341,4.120832839,0.085642401,0.000472249
1342,4.115412232,0.0801797,0.000367618
1343,3.117444456,0.046099228,0.00093355
1344,3.925642404,0.034643307,0.000674227
1345,4.050441512,0.087094314,0.000149104
1346,4.834200415,0.080334608,0.000609935
1347,3.923123533,0.025013114,0.000278022
1348,4.74364697,0.031578378,0.000317191
1349,4.403263671,0.080756088,0.00041172
1350,4.617727905,0.028616118,0.000832328
1351,2.50473991,0.063389672,0.000902319
1352,2.517497971,0.058958364,0.000506576
1353,2.565907618,0.051132237,0.000200984
1354,4.927569459,0.018507099,0.000941432
1355,4.612072297,0.038438741,0.000534848
1356,3.715694417,0.043967255,0.000641361
1357,4.579746756,0.017606142,0.000676558
1358,3.943530222,0.058537623,0.000816713
1359,4.595006294,0.012339782,0.000214345
1360,3.998310339,0.02712027,0.000730211
1361,4.594950034,0.037846346,0.000779405
1362,3.234184528,0.008649823,0.000389058
1363,4.59232839,0.009420023,6.33431E-05
1364,3.870326396,0.051147009,0.00076112
1365,3.308705866,0.035268533,0.000409512
1366,4.023674094,0.052203493,0.000322333
1367,4.254472677,0.016290655,5.80065E-05
1368,3.97885148,0.007952399,0.000419457
1369,2.997071868,0.054229809,0.000525132
1370,2.772727118,0.064764363,0.000980422
1371,3.403405752,0.00981313,0.000607066
1372,3.554948519,0.078972943,2.31818E-05
1373,3.805498228,0.015908446,0.000218015
1374,4.10986402,0.081495562,0.00072913
1375,2.857630444,0.073071616,0.000344164
1376,3.705735638,0.042618683,0.000845462
1377,4.217589455,0.091674557,4.87674E-05
1378,3.992057164,0.032217098,0.000973767
1379,4.976614236,0.045598808,0.000964043
1380,4.242897139,0.07183715,0.000219321
1381,3.989559495,0.060299116,0.000851647
1382,3.212228866,0.081171574,0.000315657
1383,3.097718112,0.008957441,0.000633172
1384,2.679183984,0.023292769,0.000325641
1385,3.554767298,0.05659106,0.000886788
1386,3.70679409,0.05114075,0.000831742
1387,2.973357468,0.061464248,0.000656828
1388,3.862447262,0.096280691,0.000101565
1389,2.929622039,0.074998225,0.000245833
1390,2.821634397,0.092049718,0.000321573
1391,4.039837608,0.037494213,0.0009266
1392,3.696668208,0.032786165,0.000119398
1393,4.400171833,0.095445121,0.000749214
1394,4.577315594,0.075711204,0.00021766
1395,4.182019881,0.006015551,0.00054104
1396,3.449640828,0.088409108,0.00047248
1397,4.312519407,0.034729081,0.000836425
1398,3.851415495,0.005848753,2.90904E-05
1399,3.416351077,0.046010364,0.000208691
1400,3.679731067,0.007297053,0.000952551
1401,4.41706972,0.035085115,0.000775088
1402,2.506508615,0.051832762,0.000336755
1403,4.019890209,0.0510831,0.000997606
1404,4.0789545,0.028532016,0.000646106
1405,4.244651017,0.039634061,0.000454201
1406,3.635246366,0.00920211,0.000376544
1407,4.189294215,0.01933591,0.000512517
1408,2.830563288,0.090051445,0.000609709
1409,2.963981617,0.007891641,0.000106822
1410,3.519379403,0.089218249,0.000787041
1411,2.564437745,0.058431386,0.000675397
1412,3.340888589,0.050420977,0.000399824
1413,4.635924352,0.023358564,3.68251E-05
1414,3.157250378,0.090968745,0.000982341
1415,4.895843322,0.05404563,0.000806254
1416,3.301903227,0.085835605,0.000809626
1417,3.841670508,0.043878625,0.000532387
1418,4.646312531,0.002738015,0.000968684
1419,4.341154604,0.030659882,0.000194208
1420,2.558233035,0.089289797,0.000936679
1421,3.001949749,0.019909181,0.000582132
1422,3.640861659,0.06350542,0.000425655
1423,3.224196051,0.065062485,0.00059121
1424,4.488312757,0.00451792,0.000797678
1425,3.31583791,0.008454641,0.000923703
1426,3.367944649,0.024157973,0.000442526
1427,4.440287234,0.007175488,0.000517995
1428,3.713420464,0.060041666,9.5556E-06
1429,4.694430695,0.029462181,0.000212755
1430,2.53981867,0.034405462,0.000456871
1431,2.845066431,0.033992529,9.36684E-05
1432,4.661691958,0.061268874,0.000400089
1433,4.991578603,0.018480957,0.000227576
1434,3.137354218,0.010975603,0.000503646
1435,4.351340034,0.086114226,0.000779228
1436,2.618878976,0.058786924,0.000711911
1437,2.921465092,0.035278839,0.000940738
1438,4.883363032,0.098125363,0.000217723
1439,2.782195239,0.069392737,0.000825059
1440,3.313439984,0.083077065,0.000848316
1441,2.868150189,0.074604388,0.000429968
1442,3.264332572,0.007472321,2.99536E-05
1443,3.449966255,0.004154049,0.000902748
1444,4.296980055,0.053722715,0.000305013
1445,4.040194274,0.015447201,0.000516428
1446,4.206269474,0.074173962,0.000598827
1447,4.782988237,0.096118098,0.000978979
1448,3.943319129,0.032717366,0.000631731
1449,3.932663491,0.019203156,0.000704521
1450,4.627742423,0.047627621,0.000869752
1451,3.538274994,0.027849716,0.000697208
1452,4.560986325,0.09215738,0.000734357
1453,3.786365154,0.093120961,0.000394602
1454,3.062421151,0.050067409,0.000677172
1455,2.688194999,0.021008266,6.3792E-05
1456,3.413167255,0.099162757,0.000987898
1457,4.423672419,0.065100779,0.00022046
1458,4.231397547,0.04974392,0.000339196
1459,3.613557259,0.0351122,0.000863422
1460,4.210784843,0.071783313,0.000133047
1461,2.926984998,0.028320008,0.000332375
1462,4.532299089,0.092932178,0.000471524
1463,4.262402193,0.003071243,0.000440723
1464,4.549333213,0.080029872,0.000318532
1465,3.339932036,0.058172799,0.000233478
1466,4.308865846,0.059573784,0.000560007
1467,2.544017192,0.080378256,0.000308268
1468,4.080558031,0.047648607,0.000389042
1469,4.596217951,0.054191251,0.000163329
1470,4.541590151,0.063185996,0.000447377
1471,4.975746403,0.04549704,0.000764134
1472,4.489121129,0.033608596,0.000418259
1473,4.216376377,0.032813046,0.000785173
1474,4.668099066,0.030223112,0.000130748
1475,4.109129403,0.055593726,0.000268618
1476,3.740694768,0.059655423,0.000156279
1477,3.399324841,0.099766188,0.000405497
1478,4.215244766,0.029492026,0.000480278
1479,3.151393499,0.098085902,0.000716972
1480,4.200580247,0.067177127,0.000483232
1481,3.095388364,0.096069799,0.000662619
1482,3.046777553,0.011463987,0.000254317
1483,3.904097448,0.083819565,0.000680281
1484,4.356965577,0.075847426,0.000716496
1485,3.898337149,0.039830343,0.000777146
1486,4.899719264,0.05033626,0.000288905
1487,2.663473092,0.004388671,0.000148353
1488,2.598946496,0.044195401,0.00096575
1489,2.604736029,0.048062609,0.000653477
1490,2.691015324,0.063924873,0.000418716
1491,4.582248133,0.08776696,0.000433305
1492,4.049314114,0.065920314,0.00063932
1493,3.649199442,0.039869957,0.000542552
1494,3.020399591,0.019322437,0.000363999
1495,2.569535975,0.036113967,0.000441198
1496,3.328615204,0.049851272,0.000468257
1497,2.921386509,0.00263478,0.000983947
1498,4.224208236,0.011655763,0.000161781
1499,3.967795526,0.050291591,0.000764687
1500,4.362747041,0.016429959,5.52139E-05
1501,4.420001584,0.013888249,4.52775E-05
1502,4.613306493,0.077746475,0.000487946
1503,2.671426057,0.034310547,0.00067017
1504,3.356204129,0.02733969,0.00082003
1505,4.999263687,0.015633271,0.00034779
1506,3.180764286,0.02501734,0.000272605
1507,4.381785663,0.042398602,0.000544045
1508,4.810964424,0.082117754,0.000588057
1509,3.824137276,0.073052226,0.000731544
1510,3.420647211,0.030256189,0.000515567
1511,4.720311029,0.002167359,0.000289596
1512,3.557925267,0.022069067,0.000925336
1513,4.361412597,0.03035621,0.000307376
1514,2.771154267,0.006949332,3.13728E-05
1515,4.639900295,0.075030742,0.00070983
1516,4.452555062,0.038614889,0.00036409
1517,3.276757784,0.00801389,7.05615E-06
1518,2.785689413,0.039303871,0.000618989
1519,2.929502276,0.061343532,0.000511191
1520,2.749458152,0.051619727,0.00011172
1521,4.960174449,0.06139249,0.000896802
1522,4.276728013,0.095296276,0.000900471
1523,4.227769885,0.052167035,0.000655759
1524,3.417728067,0.081674291,0.000875653
1525,4.38229919,0.015962534,3.04559E-05
1526,4.485326662,0.093791997,0.00073842
1527,2.916232635,0.065604342,6.64357E-05
1528,3.748892624,0.075392935,0.000798006
1529,4.661325098,0.099170906,0.000859836
1530,4.734137283,0.086119388,0.00073821
1531,4.416750612,0.097208139,0.000259141
1532,2.635858514,0.066635294,6.55759E-05
1533,2.944291981,0.014222184,0.000308631
1534,4.73802189,0.024083909,0.000699992
1535,2.822545586,0.059134527,0.000462721
1536,4.757104261,0.093604302,0.00069164
1537,3.682777217,0.092412055,0.000184559
1538,4.662962302,0.062853147,0.000499587
1539,2.541685667,0.001719205,0.000898226
1540,4.804866337,0.063279077,6.28934E-05
1541,3.771173939,0.005126079,0.000159791
1542,3.397381614,0.091714223,0.000356147
1543,4.342023372,0.022839408,0.000582566
1544,4.967301424,0.062454126,0.000278153
1545,4.649448677,0.057624354,0.000975549
1546,4.809250986,0.069893302,0.000941862
1547,3.516394462,0.05222181,0.000281434
1548,4.966791459,0.004520517,0.000854286
1549,3.570812824,0.024022176,0.000547089
1550,3.033938942,0.065060265,0.000777621
1551,3.223460931,0.040009628,0.000887006
1552,2.699665739,0.010626054,0.000276356
1553,3.110999669,0.003718914,0.000127456
1554,4.891553612,0.092145632,0.000612167
1555,2.557527568,0.048759464,0.000286397
1556,4.09410367,0.007290856,9.3536E-06
1557,3.378418992,0.036132189,0.000775223
1558,4.014816106,0.098930897,0.000395696
1559,3.592099396,0.081649534,0.000621095
1560,4.479842885,0.048250949,0.000342155
1561,4.594605986,0.009202476,0.000585359
1562,4.476388465,0.048571768,9.62105E-05
1563,4.935193548,0.044216915,0.000383609
1564,3.340119091,0.010654885,0.00062221
1565,2.973519423,0.001718782,0.000164674
1566,4.225154553,0.05533051,0.000433067
1567,4.572215246,0.013642429,0.000111875
1568,3.893457567,0.000794241,0.000424012
1569,4.809161434,0.019627651,0.000799992
1570,3.412541879,0.048159244,0.000142526
1571,2.724322119,0.068084247,0.000353279
1572,4.203765464,0.006108298,0.000562123
1573,3.155333196,0.092711147,0.000420553
1574,2.942735304,0.023611954,0.000825883
1575,3.35245626,0.062868336,0.000636211
1576,3.325885276,0.075226344,9.53257E-05
1577,4.350196986,0.067121248,0.000593102
1578,4.816426929,0.061332695,0.000980123
1579,4.582227228,0.084124554,0.00063488
1580,4.75737527,0.008375411,0.000568141
1581,3.014601519,0.057043791,0.000952679
1582,2.752711303,0.035356491,0.000146465
1583,3.932093573,0.074092566,0.000978839
1584,2.828206919,0.038184773,0.000182994
1585,3.23450898,0.004386952,0.000426277
1586,3.914986895,0.067124968,0.000882351
1587,4.231639951,0.087688174,0.000783033
1588,3.800250751,0.061841723,0.000924383
1589,4.170364512,0.043256035,0.000808429
1590,4.584196907,0.009953782,0.00089804
1591,3.727272707,0.062656817,0.000277106
1592,3.679667603,0.045481857,0.000935248
1593,2.637112105,0.04953355,0.000465024
1594,4.380348756,0.00903962,0.000242386
1595,4.805676379,0.048469309,0.000119488
1596,4.660987328,0.067192164,4.60579E-05
1597,3.56682008,0.035963705,0.000816768
1598,4.450340069,0.01653455,0.000786813
1599,2.718071037,0.077799615,0.000382583
1600,3.834975403,0.077321824,0.000484757
1601,3.006692675,0.035673563,0.000621522
1602,4.528497904,0.066652128,5.35852E-05
1603,3.504244988,0.046550226,9.5705E-05
1604,3.25597563,0.089029819,4.7445E-05
1605,2.97002047,0.018404473,0.000797362
1606,4.468212585,0.09009603,0.000917046
1607,2.771555053,0.002579636,0.000776876
1608,3.61299931,0.00942215,0.000959405
1609,4.136452372,0.022504003,0.000854038
1610,3.956783447,0.050790835,0.000308087
1611,2.687955811,0.070351613,0.000968363
1612,4.871334897,0.016223289,0.000681725
1613,4.591840454,0.022058201,0.000564643
1614,4.494089951,0.069658859,0.00053679
1615,4.120308441,0.002735771,0.000485332
1616,4.581263927,0.056263968,0.000452484
1617,4.807317513,0.043773372,9.55549E-05
1618,4.003437192,0.052840747,0.000482656
1619,4.726390902,0.086798337,0.000309907
1620,3.265517706,0.098209641,7.74996E-05
1621,4.830588814,0.013792094,0.000134157
1622,3.754493683,0.034806119,0.000322736
1623,4.783725132,0.040293518,0.000819846
1624,4.547303455,0.054940419,0.000457667
1625,4.672471355,0.073670829,0.000517808
1626,3.218333657,0.060519043,0.000546338
1627,2.842597175,0.082039411,0.000304834
1628,3.76626987,0.07094243,0.000176662
1629,3.568540319,0.053733993,0.000529227
1630,4.095440565,0.089725299,0.000543276
1631,4.071396962,0.085578765,0.000520642
1632,4.204088787,0.09595422,0.000475238
1633,3.547528936,0.081541911,0.000105582
1634,4.181109315,0.073755954,0.000157995
1635,4.480563201,0.046140776,0.000784271
1636,4.932434686,0.099554226,0.000493074
1637,3.839371133,0.051023118,0.000624275
1638,2.786039339,0.04748552,8.33934E-07
1639,4.253605812,0.09259083,0.000528343
1640,4.733630122,0.00507083,0.000941956
1641,4.390304951,0.034610284,0.000132867
1642,4.744444055,0.034959468,0.000240579
1643,2.802166361,0.086524223,0.000435404
1644,3.395414611,0.012237667,0.000228082
1645,3.61921617,0.023009834,7.6226E-05
1646,3.446152933,0.034906893,0.000171003
1647,2.993361257,0.000708366,0.000820921
1648,3.565587015,0.091978172,0.000362261
1649,3.959181183,0.068504353,0.000354994
1650,3.520095254,0.062221323,0.000910952
1651,4.725875186,0.013470941,2.10205E-05
1652,3.345499036,0.070358319,0.000830403
1653,3.860089265,0.072055456,0.000177589
1654,4.623846108,0.088844242,0.000657514
1655,2.999307553,0.087808934,0.000703306
1656,4.403324595,0.070867195,0.000452321
1657,3.922944476,0.072301865,0.000339968
1658,4.857015347,0.042417924,0.000257778
1659,3.1187995,0.033243856,0.000292444
1660,4.156610338,0.050386869,0.00071327
1661,3.02206232,0.015452897,0.000724543
1662,2.801537361,0.005863623,0.000274166
1663,3.017347829,0.001321729,0.000207831
1664,3.067594317,0.050115622,3.08981E-05
1665,4.255000473,0.099957203,0.00027873
1666,4.743197089,0.056779116,0.000974626
1667,4.211201703,0.054449246,0.000841856
1668,4.349205176,0.082919055,0.000826175
1669,4.861103296,0.042905127,0.000717675
1670,3.688835614,0.023331175,0.000133786
1671,3.704956951,0.084799064,0.000783759
1672,4.132426147,0.030529703,0.000215233
1673,3.258177415,0.037120072,0.000788809
1674,2.66288074,0.067136709,0.000405571
1675,4.522680821,0.012929272,0.000843842
1676,2.59377571,0.07158329,0.000601623
1677,4.31904297,0.052485805,0.000558432
1678,4.601370347,0.026883846,0.000203867
1679,3.672616016,0.022488376,0.000187812
1680,4.347689745,0.097923622,0.000832267
1681,3.995585463,0.010402889,8.08353E-05
1682,4.815495412,0.012680156,0.000752628
1683,3.304020438,0.000361599,0.000150271
1684,4.473465475,0.019721351,0.000692547
1685,2.642082213,0.031637965,0.000494063
1686,4.333798492,0.015806009,0.000760539
1687,2.8441659,0.07440027,0.000867452
1688,2.957716621,0.044768324,0.000405337
1689,4.399016869,0.091243785,0.000831823
1690,2.705599539,0.052885358,0.00047903
1691,3.163587233,0.027559139,0.00088312
1692,2.558931056,0.08703019,0.000381498
1693,4.848305792,0.020793706,0.000450612
1694,4.5023774,0.04140662,0.000672154
1695,2.787849037,0.099035037,0.000423757
1696,3.729656072,0.086468311,0.000289982
1697,4.452651881,0.02782919,0.000675701
1698,2.552926005,0.024841057,0.000236746
1699,3.013755644,0.076099985,0.00012367
1700,3.411929122,0.011586813,0.00071205
1701,4.642437045,0.098398034,0.000404582
1702,4.983703634,0.021788898,0.000143778
1703,2.529016673,0.041569833,0.000977561
1704,3.479598088,0.018920609,0.000136127
1705,4.744380554,0.037056578,0.000131905
1706,3.81187285,0.020557528,0.000865491
1707,4.111701126,0.038138302,0.000599013
1708,3.677403895,0.099945043,8.47192E-05
1709,4.50294597,0.011318733,0.000587642
1710,4.23948721,0.001927202,0.000828075
1711,3.338315296,0.030263498,0.000309413
1712,4.230783899,0.063355188,0.000560868
1713,3.179388606,0.091639807,0.000991209
1714,3.267043198,0.009267296,0.000552723
1715,4.49304737,0.062078821,0.000237253
1716,4.1620033,0.041655965,0.000136029
1717,3.837801749,0.066356836,7.74902E-05
1718,3.737012642,0.045154859,0.000230385
1719,4.257294658,0.023219938,0.000284716
1720,4.96664793,0.049509741,0.000814825
1721,4.396482,0.000398217,0.000471105
1722,2.839617166,0.017639863,0.000140633
1723,4.310081136,0.089942005,0.00068724
1724,4.597091049,0.076666219,0.000115438
1725,4.951843509,0.049325542,0.000721071
1726,2.647581153,0.066870627,0.000274536
1727,3.795918864,0.060475793,8.37442E-06
1728,3.913984263,0.01711648,0.000789041
1729,3.338812846,0.018187472,0.000839969
1730,3.081968714,0.000826519,0.000947831
1731,4.640620414,0.08371762,4.60261E-05
1732,3.111179071,0.097930609,0.000819445
1733,2.596525575,0.056828831,0.000343976
1734,4.635865823,0.076694976,0.000163607
1735,3.252342358,0.034796962,0.000549866
1736,4.389263038,0.019297973,0.000578917
1737,4.679913866,0.056968923,0.000911676
1738,3.029227366,0.077855234,0.00022221
1739,3.759049379,0.037202562,0.000606705
1740,2.520370533,0.032714187,0.000153702
1741,2.551486998,0.055290892,5.29084E-06
1742,3.988433658,0.04691558,0.000161247
1743,3.169412901,0.050876823,5.59306E-05
1744,2.919390839,0.076131073,0.000472405
1745,4.113688213,0.044567046,0.000546953
1746,4.673197033,0.019884666,0.000374795
1747,4.493305751,0.020061262,0.000263368
1748,4.044449138,0.035131364,5.46191E-05
1749,3.584364816,0.077148332,0.00042832
1750,4.440840611,0.085916151,0.000643871
1751,3.950654153,0.012178222,0.000124588
1752,2.546930651,0.090596513,0.000739855
1753,4.905964669,0.040319511,0.000508553
1754,4.751416979,0.008750668,0.000829035
1755,3.405482189,0.033182912,8.8265E-05
1756,2.935698025,0.012657683,0.000590512
1757,2.717059523,0.035914814,0.000821581
1758,3.355915292,0.048249498,0.000216747
1759,2.732184965,0.002972013,0.000589458
1760,3.806138473,0.053471315,0.000941054
1761,4.367510442,0.004621388,0.000877535
1762,4.429285689,0.048730124,0.000475171
1763,3.727780734,0.06338329,0.000170089
1764,3.639898735,0.067959065,0.000343425
1765,4.172782136,0.015971558,0.000999284
1766,4.87215726,0.087415511,0.000107922
1767,4.998671145,0.000840171,0.000250485
1768,4.362582202,0.014772345,0.000848659
1769,3.235294465,0.032979668,0.00032635
1770,4.795060114,0.029183496,0.000997259
1771,4.567804317,0.038399547,0.000892135
1772,3.449084872,0.056208493,0.000427362
1773,4.993490944,0.095320699,3.25971E-05
1774,4.029382871,0.026751054,0.000666513
1775,4.469128959,0.049439708,0.000704669
1776,2.536420231,0.090121084,0.000625494
1777,3.828241305,0.043065419,0.00074139
1778,3.577516829,0.066244918,0.000933003
1779,4.536687194,0.023550706,0.000282199
1780,4.133840871,0.064252019,0.00015101
1781,2.621889082,0.043879185,0.000137621
1782,4.99890781,0.015284827,0.000335235
1783,4.653386002,0.005831621,0.000986475
1784,2.8463303,0.09446895,9.0742E-05
1785,3.311962158,0.066556953,0.000389522
1786,4.456318815,0.005962656,0.000617631
1787,3.187075153,0.043222424,0.00061485
1788,2.771765684,0.04032123,0.000792831
1789,2.512414577,0.011804877,0.000424215
1790,4.010515522,0.061453044,0.000894768
1791,3.285934476,0.014570905,0.000624807
1792,4.380766971,0.040192036,0.000583953
1793,4.95235918,0.047573604,0.000214375
1794,4.884743666,0.002921238,0.000404198
1795,4.461368013,0.072355621,0.000447989
1796,2.781279357,0.015935699,0.000397883
1797,3.751811756,0.006070351,0.000823498
1798,4.62036466,0.014835077,0.0007318
1799,4.749194048,0.082874642,0.000421766
1800,4.611800077,0.052554622,0.000889877
1801,3.405425367,0.009703481,0.000675333
1802,3.127571965,0.082413657,0.000640478
1803,3.065296652,0.09225482,0.000939055
1804,3.226127648,0.088693337,0.000903716
1805,3.338661645,0.037588804,0.000847289
1806,3.221292207,0.049383206,0.000243738
1807,3.697339032,0.036875917,0.000668259
1808,4.271449401,0.030478179,0.000292551
1809,3.48146871,0.055823257,0.000386614
1810,3.361510657,0.092429937,0.000441592
1811,3.675242591,0.014202136,0.000661068
1812,3.930893062,0.002033692,0.000661491
1813,3.7868165,0.017086519,0.000217147
1814,3.157661211,0.024881764,0.000694551
1815,4.92431152,0.008238859,2.86111E-05
1816,4.788444567,0.042654487,0.000877674
1817,4.188587777,0.058835443,0.000320955
1818,2.729635062,0.063333693,0.0003436
1819,4.177730999,0.022797519,0.00020377
1820,4.303783144,0.044583734,0.000641388
1821,3.27557678,0.074554881,0.000225071
1822,2.882638855,0.060421838,0.000602427
1823,4.633626973,0.033689736,0.0008695
1824,3.221341871,0.043977646,0.000309823
1825,3.512646187,0.095978705,0.000523
1826,2.507927457,0.082018526,0.000234677
1827,2.767994697,0.084851865,0.000970751
1828,3.053599261,0.088156732,8.1148E-05
1829,2.678638773,0.045392561,0.000543969
1830,4.504073302,0.065652708,0.000871967
1831,3.643460216,0.032075974,0.000817525
1832,4.015157181,0.01865629,0.000452185
1833,4.226230613,0.085237516,0.000582958
1834,4.06372767,0.05662004,0.000724199
1835,2.590806356,0.074846322,0.000247058
1836,4.506398114,0.058047169,8.88744E-05
1837,4.490949622,0.029859009,9.77259E-05
1838,4.163172298,0.031493045,0.000185249
1839,4.622806539,0.085967407,0.000385224
1840,4.751694478,0.060333737,0.000669805
1841,4.64947029,0.05607519,0.000817823
1842,4.736427112,0.084949804,0.000150729
1843,4.604426227,0.080541524,0.000322166
1844,4.463932877,0.006498391,0.000955193
1845,3.855835767,0.062558442,0.000688083
1846,3.943349783,0.053264049,0.000447066
1847,2.539401762,0.061218177,0.00056096
1848,4.182051327,0.067028423,0.000632684
1849,4.720877923,0.089592829,0.000705875
1850,2.565723671,0.055889198,0.000454608
1851,4.338905755,0.041594069,0.000482799
1852,4.724495632,0.059761164,0.00013685
1853,4.166265987,0.0332531,0.000789006
1854,4.293316413,0.06823807,0.000257766
1855,2.669053377,0.094516777,0.000879189
1856,2.792812252,0.070675147,0.000522091
1857,3.247150234,0.096707351,0.000359211
1858,4.854421676,0.067861777,0.000790279
1859,2.560086356,0.082379449,0.000659522
1860,4.394778007,0.005422975,0.000305628
1861,3.735074583,0.068952759,0.000384026
1862,3.674636778,0.023138227,0.000940905
1863,4.82698748,0.003584356,0.000549655
1864,4.042292765,0.043549605,0.00057912
1865,4.379785495,0.041205557,0.000405519
1866,4.153926593,0.062092182,0.000755991
1867,3.844932504,0.035076795,0.000957605
1868,2.748471572,0.036002553,0.000335238
1869,4.281052583,0.076433526,0.000195103
1870,2.942217699,0.047093908,0.000962324
1871,4.537753378,0.083276987,0.000878309
1872,2.668112221,0.092030117,0.000615423
1873,2.911046376,0.068697461,0.000755464
1874,2.667006821,0.001363102,0.000370574
1875,3.400762343,0.033115961,0.00085386
1876,4.846202571,0.073267596,0.000296854
1877,2.586430733,0.034925734,0.000927655
1878,3.241914554,0.047757987,0.000163222
1879,3.957072952,0.050600981,0.000846165
1880,4.067075181,0.098019368,0.000990301
1881,4.701229813,0.068825614,0.000719473
1882,2.94225095,0.090075022,0.000209061
1883,2.792069504,0.036323847,0.000468413
1884,3.058668736,0.095298894,0.000614384
1885,4.232938858,0.016055346,0.000497866
1886,4.567482924,0.029297562,0.000680062
1887,3.376625536,0.041123731,0.00067367
1888,3.647603592,0.027672093,7.89639E-05
1889,4.65191806,0.074861941,0.00013718
1890,2.747780029,0.099891164,0.000244306
1891,4.697113897,0.060857568,0.000420607
1892,4.852479812,0.09785001,0.000212598
1893,3.717290313,0.038272991,0.00035056
1894,3.551147282,0.024876865,0.000730161
1895,3.11101288,0.082138987,5.04847E-05
1896,3.613056049,0.030312244,0.000362002
1897,2.742248258,0.078934004,0.000517417
1898,3.084984613,0.077055985,2.45157E-05
1899,2.644336263,0.06568087,0.000118402
1900,3.998383341,0.085614897,0.000855009
1901,3.247023748,0.015426471,0.000112948
1902,4.771351318,0.07864813,0.000252693
1903,2.534218459,0.022915573,0.000174355
1904,4.15311723,0.097278447,0.00034449
1905,3.380386714,0.069993212,0.000618716
1906,3.703042091,0.02264917,0.000388906
1907,2.969290445,0.024862752,0.000526297
1908,3.491905784,0.088099915,0.000686396
1909,4.821712872,0.081580681,0.000679169
1910,2.882987814,0.040305038,0.000517221
1911,3.767914381,0.045938797,2.79641E-05
1912,3.981730751,0.078184997,0.00010651
1913,3.45339534,0.045145072,0.000623022
1914,4.414594015,0.025586179,0.000240493
1915,3.910444836,0.06012751,0.00086801
1916,4.90131816,0.071232566,0.000216195
1917,4.168787035,0.080441051,0.000878855
1918,3.235571213,0.083833475,0.000311116
1919,4.247067655,0.065184495,5.8338E-05
1920,2.617750586,0.000190608,0.000651878
1921,4.89380958,0.085378288,0.000450404
1922,4.559649848,0.092633292,0.000679202
1923,4.791025926,0.062131233,0.00055704
1924,3.552846064,0.012474619,0.00036492
1925,3.581498845,0.001670012,0.000127
1926,4.544290467,0.038417412,0.000105686
1927,3.372912642,0.01566496,0.000546153
1928,4.737488846,0.085298,0.000310105
1929,4.242449775,0.03859134,6.93868E-05
1930,3.210096493,0.054538076,0.000707983
1931,3.994843499,0.062634268,0.000166175
1932,4.893267876,0.066985907,0.000578185
1933,3.341237451,0.00957995,0.000318952
1934,4.515154275,0.041579313,0.000268181
1935,4.424496701,0.028176684,0.00078244
1936,2.583138309,0.047894404,0.00048768
1937,3.938449897,0.025900286,0.000694012
1938,4.753482871,0.003860916,0.0004636
1939,4.969215953,0.061288544,0.000276339
1940,3.174675944,0.01061834,0.000311381
1941,2.846912736,0.077347673,0.000239641
1942,4.510608492,0.087908669,0.000621851
1943,2.5248755,0.033637888,0.000668171
1944,3.704336517,0.055619115,0.000170834
1945,3.134521439,0.079869318,0.000902056
1946,2.903721098,0.087039474,0.000655408
1947,4.744923013,0.060506991,0.000259044
1948,4.03384361,0.065803626,0.000382175
1949,3.354029457,0.055167629,0.000464599
1950,4.034529394,0.078390691,1.49113E-05
1951,2.547381778,0.060107032,0.000255116
1952,2.939095941,0.084586313,0.000609281
1953,4.808007051,0.052986927,0.000515366
1954,4.916378288,0.056646051,0.000456569
1955,3.875641254,0.079634127,0.000684088
1956,3.837008448,0.032331812,0.000942914
1957,4.825141307,0.013452749,0.000112836
1958,3.317957374,0.073014579,0.000775994
1959,3.630444302,0.00585307,0.000837101
1960,2.92562737,0.031578726,6.82731E-05
1961,4.861778709,0.079532939,5.54597E-06
1962,3.988037858,0.026921124,0.000247761
1963,3.727341751,0.076536179,0.00038764
1964,4.96699487,0.02086718,0.000110821
1965,3.936227889,0.026803372,0.000130956
1966,3.085933568,0.04294868,0.000349895
1967,2.778377927,0.022753263,0.000591779
1968,2.983968051,0.029370706,0.000463899
1969,4.047756173,0.007034432,4.13833E-05
1970,3.19281831,0.023762376,0.000615958
1971,3.243035648,0.0162942,0.000455102
1972,2.504277908,0.06016043,0.000870785
1973,4.865985686,0.070425873,0.000406996
1974,2.696075262,0.022110551,0.000814627
1975,4.578673696,0.085655767,5.89121E-05
1976,3.227590569,0.004570798,0.000347781
1977,2.811871701,0.056787563,0.000387309
1978,4.084589298,0.032462605,0.000378632
1979,2.610514217,0.052974096,0.00062229
1980,3.972483978,0.067135937,0.000120347
1981,3.823050122,0.085683867,0.000947993
1982,3.816875435,0.023779145,0.000311913
1983,3.609647774,0.004816494,0.000936959
1984,4.33198995,0.071422363,1.01315E-05
1985,3.488388801,0.024999801,0.000655584
1986,4.974159416,0.067863417,0.00016757
1987,4.81618602,0.014762028,0.000109629
1988,3.834674904,0.088971859,0.000168154
1989,4.189513589,0.029092512,0.000223929
1990,3.962221351,0.028591305,0.000985069
1991,3.630992072,0.078880617,2.55104E-05
1992,4.034734632,0.036014704,0.00098754
1993,3.171743329,0.086595778,0.000136329
1994,3.23216437,0.034017405,0.000245574
1995,3.602610408,0.088863824,0.0002119
1996,2.859269571,0.075911715,0.000148913
1997,4.744455106,0.038642197,0.000421816
1998,4.954125698,0.06748039,0.000692638
1999,3.400886564,0.063912271,0.000555724
2000,2.893900767,0.088022655,0.00059399
2001,3.12452942,0.010972711,0.000111851
2002,4.854588899,0.023612949,0.00055942
2003,3.320713328,0.057250258,0.00021049
2004,3.333067133,0.006808004,0.000207166
2005,4.293917182,0.071428549,0.000643202
2006,3.005498129,0.001302777,0.000800622
2007,4.747140213,0.085405037,0.000119888
2008,4.501234997,0.075432336,8.4953E-05
2009,3.59184527,0.028151572,0.000780743
2010,4.642927465,0.011721409,0.000564999
2011,3.345753534,0.097264132,0.000855126
2012,2.690019806,0.004171209,0.000974892
2013,3.554949819,0.035447512,0.00012404
2014,4.712205026,0.039978347,0.000870624
2015,4.518604912,0.031945395,6.15894E-05
2016,4.182127151,0.024338163,0.00018473
2017,4.052202255,0.048150219,0.000876284
2018,3.312822495,0.03535171,0.000341185
2019,3.23764352,0.078045386,0.000844973
2020,4.353205899,0.011404771,0.00074339
2021,4.571354139,0.044487722,0.000977163
2022,4.087485911,0.037839029,0.00049816
2023,4.603335348,0.038810132,2.94219E-05
2024,4.499514559,0.06914961,0.000423385
2025,2.521809238,0.056542717,0.000795135
2026,3.555624045,0.02568206,0.000870927
2027,4.641615501,0.022650161,0.000445075
2028,2.811194918,0.079969067,9.1389E-05
2029,2.638203049,0.052500446,0.000526977
2030,3.202368965,0.056965634,0.000946246
2031,3.321115244,0.074239875,0.000968636
2032,3.614507438,0.023832197,0.000329066
2033,3.996354195,0.09022889,0.000726771
2034,2.549999047,0.033458076,0.000437225
2035,2.666116053,0.064790526,0.000816091
2036,2.764709074,0.037878133,0.000291662
2037,4.045967009,0.012398315,0.000377632
2038,4.751212867,0.043479967,0.000376868
2039,2.674598751,0.024582907,8.58524E-05
2040,3.18848162,0.034446064,0.00087241
2041,2.645351255,0.033727696,0.00016634
2042,2.831949813,0.083833379,0.000230641
2043,2.627263059,0.015921435,0.00039687
2044,2.716898965,0.060107718,0.000859399
2045,3.150772733,0.081173418,3.4641E-05
2046,4.97076608,0.085071935,0.000501893
2047,4.001487199,0.049970486,0.000115796
2048,2.642804246,0.071899742,0.000129351
2049,2.764729975,0.078672844,0.000911035
2050,3.197019186,0.053549317,0.000557906
2051,3.038891575,0.044062854,0.000793226
2052,2.88595804,0.018755508,0.000816791
2053,4.119348856,0.009937125,0.000109836
2054,4.714444635,0.042032053,0.000463701
2055,2.913445715,0.065242689,0.00073135
2056,2.864194568,0.065801783,0.000953723
2057,3.194489313,0.067985245,0.00048876
2058,4.624249156,0.095932026,0.000764254
2059,4.979155728,0.060371607,0.000548428
2060,2.972827917,0.074775169,5.85765E-05
2061,2.7672993,0.086386895,0.000190932
2062,4.787490595,0.085734647,0.000132167
2063,4.974086296,0.008360054,0.000155814
2064,3.094970461,0.085592858,0.00081806
2065,4.696912094,0.086530139,0.00095286
2066,4.548273773,0.018346185,0.000622079
2067,3.766895563,0.054387651,0.000676696
2068,4.105073074,0.022609041,0.000839429
2069,2.676483611,0.021725775,0.000669399
2070,2.693133568,0.095237934,0.000220487
2071,4.211230656,0.052708664,0.000440573
2072,2.605883105,0.049660155,0.000961226
2073,3.832495698,0.067271923,0.000154006
2074,3.744354025,0.083786135,0.000760306
2075,3.767254792,0.027490257,0.000204672
2076,3.07487654,0.079069951,0.000722942
2077,2.685666632,0.040641318,0.000250525
2078,3.53710358,0.05240928,0.000117024
2079,3.0350687,0.037520365,0.000607781
2080,3.148917432,0.045052406,0.000864652
2081,4.322418221,0.005288506,0.000893101
2082,4.335844132,0.047775542,0.000405282
2083,4.336985751,0.080326025,0.000605479
2084,3.720661763,0.073929887,4.97037E-05
2085,3.98400087,0.098328517,0.000128013
2086,4.308757794,0.044121671,0.000106312
2087,2.871010806,0.040991378,0.000543492
2088,3.440148003,0.05857618,0.000824554
2089,2.909915112,0.002276454,0.000757696
2090,4.028994,0.063785146,0.000901385
2091,4.846678819,0.040506532,0.000567288
2092,4.692942718,0.001321701,0.000843912
2093,3.487716634,0.020457212,0.000444631
2094,3.294894944,0.086132009,0.000753534
2095,4.069977931,0.000562086,0.000522172
2096,3.225010243,0.011654253,0.000161381
2097,4.989808703,0.080457627,0.000621428
2098,4.708300019,0.036834217,0.000850115
2099,3.888882556,0.000392918,0.000306039
2100,4.073817737,0.045992097,0.000393866
2101,4.414753365,0.067439288,0.000328219
2102,4.286083328,0.02496369,9.88732E-05
2103,3.27278707,0.011868362,0.000331357
2104,4.802741742,0.01252682,0.000374401
2105,3.033472959,0.049779079,0.000336827
2106,4.036030268,0.085847308,0.000971078
2107,3.153560159,0.091562402,0.000439081
2108,4.941841914,0.061728462,0.000945036
2109,4.057671574,0.048012695,0.000502404
2110,4.64133776,0.015346601,0.000724519
2111,4.189586906,0.070292449,0.000988343
2112,3.975303563,0.07900488,0.000180232
2113,4.83235611,0.043686087,0.000966245
2114,2.797402376,0.085499824,0.00072007
2115,2.840041385,0.097664993,0.00054844
2116,3.026282686,0.037032658,0.000359835
2117,3.431958075,0.055038893,0.000640079
2118,4.838195921,0.031227518,0.000674385
2119,3.011041492,0.061434118,0.00039186
2120,4.367766982,0.039225427,7.88677E-05
2121,4.424818979,0.094746328,0.000902567
2122,2.864133609,0.044579324,3.28949E-05
2123,3.75149709,0.081921792,0.000952126
2124,4.597312843,0.053706711,0.000765281
2125,3.755498531,0.098223289,0.000522277
2126,3.159464918,0.063882029,0.000391047
2127,2.579355267,0.09330338,0.00050112
2128,3.892671413,0.00308751,0.000237474
2129,3.004591099,0.06672039,0.000274975
2130,3.337750212,0.007648057,0.000339005
2131,4.485291953,0.030235344,0.000609902
2132,4.05276286,0.009047859,0.000907358
2133,2.917002691,0.042357715,0.000514609
2134,2.64594556,0.007739022,0.000336217
2135,3.209218939,0.023540501,0.000591201
2136,4.021638615,0.021553115,0.000324507
2137,4.592888556,0.032629737,0.000330647
2138,3.049321474,0.02047806,0.000535802
2139,4.015773864,0.016054174,0.000120157
2140,3.933713784,0.086811095,0.000613941
2141,4.366902955,0.092404645,0.000209668
2142,4.473018763,0.018202774,0.000250115
2143,4.462299737,0.086808623,0.000593294
2144,3.339208945,0.077394927,0.000133809
2145,4.909345492,0.005401105,0.00053297
2146,3.046286562,0.076848323,0.000291494
2147,3.771230233,0.020951026,0.000749234
2148,3.558783674,0.088663401,0.000810404
2149,3.380774695,0.00066729,0.000482722
2150,2.531445342,0.029041371,0.000664144
2151,4.336430614,0.031825731,0.000204749
2152,4.271051212,0.030997315,4.20647E-05
2153,3.882502591,0.076593326,0.000292455
2154,4.883856361,0.076190812,0.000523119
2155,4.513163419,0.075089669,0.000478487
2156,4.295553279,0.027222096,0.000901638
2157,3.121666659,0.095712363,0.00048131
2158,3.412856587,0.037528645,0.000990661
2159,3.279230967,0.023134017,3.1223E-05
2160,3.44280554,0.023349273,0.000808698
2161,3.268874331,0.039717367,0.000738673
2162,3.204758259,0.050413476,0.000449466
2163,3.819178965,0.041386784,0.00055339
2164,4.059675548,0.005474312,0.00080293
2165,3.402651407,0.031011825,0.000798565
2166,3.71741101,0.042609322,0.000710967
2167,3.549948072,0.053191141,0.000109768
2168,4.571848791,0.034167446,0.000445203
2169,4.164856819,0.012847696,0.000707367
2170,3.308953869,0.06319424,0.000206764
2171,4.282424145,0.08388004,0.000662534
2172,3.679234261,0.048552916,0.000432231
2173,3.201503733,0.01974124,0.000417582
2174,2.691654265,0.053220077,0.000527466
2175,3.289970249,0.074659074,0.000184311
2176,2.557446058,0.077158716,0.000645478
2177,3.204442863,0.093330181,0.000396662
2178,3.817955561,0.01864218,0.00019589
2179,4.675946814,0.024140095,1.25783E-05
2180,4.451495352,0.010210902,0.00036966
2181,4.382668267,0.003705536,0.000208811
2182,3.595178506,0.002244605,0.000146716
2183,3.088954663,0.071977689,0.000863041
2184,4.135446005,0.066844311,2.74229E-05
2185,3.42289389,0.038896736,0.000971762
2186,4.907285857,0.096207789,0.000418893
2187,3.574548461,0.094683453,0.000314032
2188,4.171312917,0.007164333,0.000302122
2189,3.749558215,0.074734321,0.000387007
2190,3.215571243,0.028269677,0.000331271
2191,3.492199162,0.061076688,6.07735E-05
2192,2.998079205,0.042538873,0.00037351
2193,3.209618452,0.044562541,0.000765314
2194,3.175676442,0.017912144,0.000361852
2195,4.547217666,0.044590004,0.000589929
2196,3.216669092,0.005202332,0.000262388
2197,3.362903689,0.004764756,0.000174002
2198,3.527884636,0.047474984,0.000323157
2199,4.002635689,0.049947978,0.000233842
2200,4.196479032,0.024077276,0.000223031
2201,4.527533943,0.097159833,0.000519833
2202,2.504756558,0.004907744,0.000974838
2203,2.575075177,0.088007656,0.000859222
2204,3.00178729,0.013611428,1.14522E-05
2205,4.878205031,0.011248393,0.000286405
2206,3.181782061,0.028475327,0.000768078
2207,4.936814196,0.047900552,0.000339283
2208,4.381502326,0.084289701,0.000513215
2209,3.332898545,0.011363487,0.000633208
2210,2.913532319,0.006893972,0.000413216
2211,3.371596703,0.083891041,0.000394375
2212,4.566559095,0.01753863,0.000963817
2213,4.448523051,0.099748427,0.00042851
2214,2.586684172,7.14047E-05,0.000717071
2215,3.593613534,0.088777923,0.000407187
2216,4.528348988,0.075024173,0.000354145
2217,3.546556574,0.006454656,0.000636027
2218,3.527624026,0.005190383,0.000349044
2219,4.293968305,0.049733064,0.00024101
2220,4.101513915,0.013744988,0.000570799
2221,3.369959906,0.022350601,0.000870842
2222,2.942271375,0.028102085,0.000589512
2223,3.290786701,0.070776,0.000146729
2224,4.375731216,0.057444655,0.000317888
2225,4.296345672,0.000378419,0.000799947
2226,4.597188942,0.089063625,0.00043332
2227,3.258144105,0.069764737,0.000422763
2228,3.346362136,0.042172762,0.000995235
2229,4.508646354,0.064735521,0.000575256
2230,4.034236883,0.098335742,0.000898023
2231,3.396251478,0.097752931,0.000527115
2232,3.393851358,0.09391228,0.000528028
2233,3.912814784,0.041184604,0.000205251
2234,4.154259833,0.099396423,0.000985332
2235,4.105397034,0.019100217,0.000379968
2236,3.500744256,0.078937626,0.000376584
2237,3.97149397,0.057729839,0.000844942
2238,3.616411565,0.032125418,0.000311373
2239,3.153316695,0.047400078,0.000197012
2240,3.848453956,0.062953776,2.08539E-05
2241,3.914944273,0.031685803,0.000235514
2242,3.930539012,0.08391335,0.000814188
2243,4.494708922,0.035350115,6.78526E-05
2244,2.887056614,0.080663824,0.000462209
2245,4.177075663,0.082030846,0.000763306
2246,4.673143037,0.056799253,0.000533848
2247,3.385511195,0.003377271,0.000415845
2248,2.932337541,0.00186866,0.000981017
2249,4.913864744,0.055224404,2.7351E-05
2250,3.226161075,0.006268513,0.00032502
2251,2.72025087,0.050335788,0.000957595
2252,3.289956697,0.043433249,0.000478716
2253,3.149620177,0.058000708,0.000763061
2254,2.61372223,0.097728462,0.000453819
2255,4.165908663,0.074600248,0.000803357
2256,3.676785423,0.066698956,0.000164126
2257,4.422675178,0.099503445,0.00048337
2258,2.645772614,0.033348868,0.00012723
2259,3.986998601,0.007669538,0.000416781
2260,4.822949715,0.068569342,0.000884764
2261,2.502102043,0.042621827,0.000458141
2262,2.527685482,0.060782515,0.000833256
2263,4.77187944,0.002041059,0.000246901
2264,4.438635381,0.071294557,0.00041928
2265,4.223914723,0.001507088,0.000422373
2266,2.594892896,0.025030974,0.000110005
2267,4.568132449,0.033397405,0.000782443
2268,4.177180338,0.01930659,0.000939737
2269,3.393054898,0.041219958,0.00077903
2270,4.006347412,0.070499879,5.10883E-05
2271,2.993644391,0.001753726,0.000245606
2272,2.542170321,0.016250113,0.000652987
2273,3.768762214,0.036082357,0.000285834
2274,3.91327561,0.017482306,0.000184284
2275,3.359852473,0.013189424,0.000906257
2276,3.341880451,0.075866541,0.000155206
2277,2.747498118,0.03897482,0.000814801
2278,4.828820693,0.008214194,0.000211457
2279,4.073059326,0.09038074,0.000657655
2280,4.816968099,0.005902726,0.000672591
2281,2.987563103,0.074932794,0.000127664
2282,2.828618503,0.063192471,0.000459619
2283,3.673668384,0.052793806,0.000331134
2284,2.556596327,0.090495229,0.000163059
2285,3.402643306,0.063960109,0.000590145
2286,4.423040769,0.043059547,0.0002713
2287,2.900692094,0.007638405,0.00015347
2288,4.754567574,0.010518406,0.000831325
2289,4.066043255,0.066243898,0.000158428
2290,2.89865533,0.069504684,0.000231497
2291,2.712887711,0.062633401,0.00080951
2292,4.892987847,0.076281495,0.0007401
2293,3.955878126,0.04373329,0.000179155
2294,2.588675895,0.056638966,0.00086634
2295,3.345121774,0.017579044,0.000405534
2296,3.405366033,0.042977747,0.000614652
2297,4.358054416,0.011644693,0.000595174
2298,4.536069436,0.048847318,0.000982429
2299,2.80515347,0.026137494,0.000976525
2300,3.70774345,0.049212564,0.000332455
2301,4.173476817,0.081933256,7.76547E-05
2302,3.942258494,0.045113044,0.000565553
2303,3.982986886,0.080990156,0.000504356
2304,2.746262512,0.035356774,0.000722701
2305,3.449487977,0.021851099,9.19313E-06
2306,3.488512039,0.067171925,0.000503998
2307,2.736086099,0.003951326,0.000977639
2308,2.878381648,0.048852665,0.000386126
2309,2.585652256,0.035877515,4.20716E-06
2310,3.572902529,0.044836994,0.000497281
2311,4.036863313,0.076442804,0.000722539
2312,2.588978368,0.086931618,0.000993218
2313,3.763261753,0.036655702,0.000811691
2314,2.821286401,0.091440356,0.000298326
2315,3.209590647,0.015398794,0.000338934
2316,3.811433963,0.031232522,0.000872301
2317,3.311118732,0.00117461,0.000646299
2318,4.874779434,0.085493803,4.51598E-06
2319,3.890724515,0.038698227,6.69665E-05
2320,3.578637074,0.087295058,0.000921497
2321,3.083973787,0.040899532,0.00047611
2322,4.179838304,0.009175807,0.000680513
2323,4.195937432,0.020946395,3.72841E-05
2324,4.931482098,0.093547724,0.00098817
2325,2.651211622,0.097148806,0.000392565
2326,3.32673989,0.059057515,0.000403232
2327,3.368128021,0.008407743,2.10399E-06
2328,2.791436001,0.039221316,0.000867354
2329,2.603835534,0.030158335,0.000595346
2330,3.776035016,0.065700915,0.000695655
2331,2.992820317,0.056687631,0.00032805
2332,4.100939653,0.038148176,0.00052115
2333,3.827467613,0.064340298,0.000658247
2334,4.104982101,0.039926687,0.000168455
2335,3.028796377,0.083145933,0.000906479
2336,4.956372767,0.005828375,0.000659094
2337,2.779759783,0.007623502,0.000874806
2338,4.016724601,0.086120508,0.000117218
2339,4.269859851,0.067195345,0.00038843
2340,2.889358251,0.049582251,0.000999406
2341,3.406467634,0.013337771,0.000427438
2342,3.887144335,0.097525934,0.000703881
2343,2.91166739,0.045996444,0.000883275
2344,2.621955956,0.003682226,0.000733547
2345,3.569997951,0.037881835,0.000203656
2346,3.643026213,0.049982854,0.000194538
2347,2.545541097,0.047894908,0.000744823
2348,2.515606557,0.085553191,0.000997562
2349,2.851038513,0.062742258,0.000725423
2350,2.531246071,0.040702065,0.000211402
2351,3.233533003,0.001619002,0.000819281
2352,3.803525732,0.055860662,0.000898903
2353,2.967592363,0.037474996,1.75916E-05
2354,3.379235223,0.009911258,0.000329184
2355,3.305382309,0.035498318,0.000390216
2356,4.693146128,0.036483776,0.000437884
2357,4.896700747,0.037785108,0.000809646
2358,4.598136798,0.059785356,8.69288E-05
2359,3.08761654,0.04216055,8.97022E-06
2360,4.348952085,0.045240699,9.08781E-05
2361,3.427780731,0.062705015,0.000873899
2362,3.896988733,0.099077704,0.000676226
2363,3.929087223,0.064397993,0.000211664
2364,3.049540887,0.088543499,0.000221264
2365,4.773426137,0.016113107,0.000123966
2366,2.964530065,0.022734332,0.000783463
2367,2.785048202,0.019387656,0.00031284
2368,3.491547186,0.061661985,0.00078149
2369,4.090675029,0.076808453,0.000606572
2370,3.724140357,0.030060562,0.000951584
2371,2.644274564,0.043227677,0.000190725
2372,4.351284724,0.099398339,0.000450996
2373,3.512007969,0.020213854,0.000835869
2374,3.049862998,0.051057665,0.000551973
2375,2.815802601,0.077746257,0.000769152
2376,4.994374346,0.092784893,0.000711876
2377,2.783611976,0.063303441,0.000688349
2378,4.531967095,0.075615952,0.000838811
2379,4.796249036,0.045808723,0.000702757
2380,3.955989444,0.006678782,0.000658826
2381,3.726396984,0.036918102,0.000701266
2382,3.148463912,0.034987606,0.000428064
2383,3.267716789,0.066074978,9.69182E-05
2384,2.720284093,0.066077391,0.000496549
2385,4.767258417,0.036557823,0.000697911
2386,3.984444151,0.034604619,0.00087898
2387,4.944774023,0.034907205,0.000863104
2388,4.611807994,0.027951596,0.000910514
2389,4.721831903,0.063375392,0.000447895
2390,4.599977133,0.05351612,0.000566633
2391,3.569108012,0.029891016,0.000941972
2392,4.773783939,0.041275669,0.00014678
2393,3.085399112,0.021266272,0.000869843
2394,4.904675059,0.021549782,0.000784643
2395,2.934796916,0.099276267,0.000202867
2396,3.531565821,0.004628516,0.00073604
2397,3.283351412,0.041931032,9.94982E-05
2398,2.555367565,0.052240521,0.000269452
2399,2.511535249,0.022696276,0.000410758
2400,3.746569058,0.02040682,0.000711314
2401,4.703771182,0.063645324,0.000442901
2402,2.702417915,0.005214576,0.000963161
2403,3.292003311,0.061046243,0.000856177
2404,3.339861969,0.033356591,0.000715266
2405,2.876279023,0.038272278,0.000282293
2406,4.60757827,0.054905802,0.000920192
2407,3.689213975,0.005516212,0.000777351
2408,2.877184536,0.096617536,0.000430913
2409,4.09102156,0.079600877,0.000976679
2410,3.801735376,0.004570426,0.000699411
2411,4.388327458,0.012137434,0.000191244
2412,3.413968828,0.028450384,0.000341739
2413,4.317612535,0.023949642,0.000832937
2414,2.979823732,0.081156579,0.000765796
2415,2.807915086,0.044299467,0.000722424
2416,2.602914556,0.079959559,0.000134226
2417,3.943359235,0.013001251,0.000283407
2418,4.255282941,0.012745396,0.000989669
2419,3.8393832,0.044626743,0.000895322
2420,4.535118629,0.065848395,0.000262019
2421,3.985249745,0.004595255,0.000581943
2422,3.232396394,0.065579114,0.000728101
2423,3.086830047,0.071592301,0.000201673
2424,2.93013024,0.026920451,0.000990886
2425,4.265425821,0.060031616,0.000691651
2426,3.315199822,0.080224379,0.000982756
2427,4.262981028,0.071600061,0.000813554
2428,3.7729167,0.070325441,0.00034963
2429,3.672945106,0.029249573,0.000740613
2430,3.9056234,0.020237789,0.000564587
2431,4.975188658,0.040990359,0.000780462
2432,3.120227678,0.076479358,0.000441208
2433,3.367919797,0.036059926,0.000888457
2434,3.134898938,0.058377025,0.000488871
2435,3.892595012,0.007613622,0.000326435
2436,3.635865051,0.090050327,3.05363E-05
2437,4.134748675,0.028714113,0.000830284
2438,3.581904588,0.052404678,7.8482E-05
2439,2.666557193,0.000263023,0.000157268
2440,3.347112001,0.08746869,0.000352975
2441,4.572806384,0.08081333,0.000769429
2442,4.661527776,0.004939415,0.000971559
2443,4.04609175,0.054312249,0.00061331
2444,3.033041285,0.052589685,0.000993936
2445,3.412873545,0.061784179,0.000784933
2446,3.120291786,0.097866977,0.000175618
2447,2.805400418,0.099685446,0.000332564
2448,3.600685143,0.093928471,0.0004733
2449,3.519655247,0.081578445,0.000781646
2450,3.05472888,0.041675397,0.000695358
2451,4.409058401,0.021493865,0.000675115
2452,3.900733698,0.077265801,0.000857339
2453,3.530413475,0.082378304,0.000814166
2454,3.859406084,0.026657542,0.000818264
2455,3.244011059,0.061181591,0.00091742
2456,3.86880187,0.021492142,0.000886837
2457,3.703985295,0.036766374,0.000408948
2458,3.77320048,0.073069903,3.83946E-06
2459,4.654187123,0.095324032,0.000520946
2460,4.324300072,0.068482577,0.000871539
2461,2.936494222,0.038639277,0.000417985
2462,2.952093576,0.028245098,0.000758548
2463,3.75036703,0.004014494,0.000281105
2464,3.710531865,0.049729919,0.000503707
2465,4.700604733,0.077760134,4.87834E-05
2466,4.053763557,0.03590513,0.000321603
2467,4.682027386,0.027259254,0.000752852
2468,4.08184618,0.056712442,0.000298006
2469,3.762370595,0.098503321,0.000629422
2470,3.094125569,0.0101655,0.000310486
2471,4.848589043,0.063152254,4.39185E-05
2472,4.754157519,0.035465181,0.000132324
2473,3.473575209,0.05332182,0.000334213
2474,3.12572755,0.034963275,0.000413132
2475,3.513944115,0.000807665,0.000434656
2476,2.557197579,0.074057743,0.000674312
2477,3.884287163,0.040416154,0.000826444
2478,3.062954951,0.012847225,0.000505944
2479,4.729490497,0.022152841,0.000386221
2480,3.100309165,0.04291179,0.000952151
2481,2.91030045,0.00587354,0.000515146
2482,4.33167388,0.02086437,0.000986951
2483,3.071783938,0.060387223,0.000557154
2484,2.521000319,0.042386081,0.000999547
2485,4.596742071,0.049251062,0.000824239
2486,4.629604081,0.00420034,0.000359876
2487,3.741840732,0.097569317,0.000636423
2488,3.599182296,0.030301255,0.000507969
2489,3.163245645,0.058363399,0.000360844
2490,3.956152008,0.08774852,0.000430154
2491,4.874776491,0.069434244,0.000575138
2492,2.811866292,0.091676214,0.000915061
2493,3.15650181,0.007515724,0.000749306
2494,4.650048227,0.04408863,0.000452718
2495,3.606085713,0.008547547,0.000378773
2496,4.57353619,0.048872897,8.75452E-05
2497,3.301729263,0.033919475,0.000110368
2498,2.629542343,0.035465072,0.000299249
2499,3.480873079,0.035613625,0.000547013
2500,3.923187331,0.096140691,0.000894685
2501,2.574905207,0.061887375,0.000575241
2502,4.309227512,0.032573447,1.46269E-05
2503,3.200272743,0.064865026,0.000296409
2504,3.248736675,0.007411575,0.000384746
2505,3.096149902,0.022832655,0.000405844
2506,3.04425594,0.00288491,0.000246996
2507,3.808958664,0.049268646,0.000262862
2508,4.761380015,0.027884637,0.000795417
2509,4.47192546,0.076065899,0.000851625
2510,2.912790046,0.024683462,0.000350786
2511,3.018669884,0.018353951,0.000811754
2512,4.714663466,0.06939705,0.000350339
2513,3.732010105,0.060555535,0.000959591
2514,3.813292175,0.037645749,0.000946245
2515,3.520907635,0.028989972,0.000794194
2516,3.556976157,0.005833229,0.000177056
2517,2.994045515,0.032002247,0.000256705
2518,4.192879324,0.054627808,0.000470305
2519,4.295130089,0.020746926,0.00031363
2520,3.728593486,0.082522137,0.000829127
2521,3.670214862,0.066975527,0.000955718
2522,4.244585925,0.027148363,0.000296124
2523,2.664248864,0.078017777,0.000689823
2524,2.849762145,0.050092842,0.00031182
2525,3.902651515,0.021892131,0.000593667
2526,3.765899467,0.032436848,0.000231894
2527,4.273242842,0.060616428,0.000770882
2528,4.04818114,0.033877515,0.000326422
2529,2.503036104,0.057411003,0.00085342
2530,3.059306227,0.049760704,0.0005115
2531,4.488048447,0.020405829,0.000199879
2532,4.767204256,0.082808264,0.000135527
2533,3.029179516,0.043827232,0.000920387
2534,3.665984728,0.076092199,0.000737057
2535,3.4174961,0.032396351,0.000346009
2536,4.871536304,0.044362371,3.6914E-05
2537,3.701521133,0.051959277,0.000228716
2538,2.794274071,0.020440899,0.000475131
2539,4.464525506,0.062524468,0.000445917
2540,3.859612074,0.038269918,0.00033636
2541,3.460075088,0.004104871,0.000108248
2542,4.5363286,0.077435297,5.4168E-05
2543,3.184282593,0.070365,0.00047833
2544,3.715877647,0.094952244,0.000639116
2545,3.815406183,0.052256952,9.84739E-06
2546,4.007876572,0.08575107,0.000370083
2547,3.858264232,0.023898479,0.000241642
2548,3.529901224,0.067646074,0.000264075
2549,2.701725155,0.087609485,0.000993501
2550,3.5055217,0.071363388,0.000276301
2551,3.016036293,0.050211551,0.000958498
2552,4.907430455,0.014349656,0.000621581
2553,3.798421444,0.007450894,0.000392374
2554,4.627738726,0.070283623,3.63365E-05
2555,3.265924629,0.032528714,0.000516225
2556,3.268544686,0.041411323,9.87458E-05
2557,4.727366706,0.044823024,7.32533E-05
2558,4.163487148,0.093049953,0.000154336
2559,4.787365337,0.024436811,0.000789606
2560,4.610300415,0.049875506,0.000309032
2561,4.778783992,0.008624887,0.000782607
2562,2.726353238,0.023015338,0.000246507
2563,2.656576897,0.004255638,4.11482E-05
2564,3.281586348,0.012207381,0.000603643
2565,2.515764654,0.017861236,0.000433804
2566,4.432354141,0.075628462,0.000934213
2567,4.468068402,0.054607005,0.000980269
2568,4.545602546,0.026047651,0.000440576
2569,3.383508634,0.086175173,0.000398287
2570,4.751538487,0.091958604,0.000433503
2571,4.210935801,0.074584181,0.000689656
2572,4.066816831,0.01216094,0.000752091
2573,2.588757419,0.090514102,0.000820709
2574,2.66659535,0.014198747,0.000348987
2575,2.700235504,0.063671796,9.69682E-06
2576,4.153099589,0.075662226,2.47123E-05
2577,3.754648437,0.095093265,0.000364711
2578,2.990408946,0.003181269,0.000377645
2579,2.878151838,0.086442019,0.000246866
2580,4.390029985,0.041189793,0.000797675
2581,3.965499282,0.034078709,0.000865898
2582,4.100805704,0.087690635,0.000855382
2583,4.494577352,0.086691529,0.000121613
2584,3.26175605,0.018616943,0.000723065
2585,3.603922102,0.061457876,0.000890451
2586,2.714428238,0.030440057,0.000939478
2587,4.120510289,0.034710901,4.68498E-05
2588,3.240233778,0.099807177,0.000298722
2589,2.885189342,0.074185141,0.000297905
2590,2.912660621,0.076809709,0.000546723
2591,2.824164423,0.016646027,0.000392802
2592,2.663414372,0.016476458,0.000131607
2593,3.088951084,0.016487235,0.000921528
2594,3.290129566,0.014104776,0.000656327
2595,4.263614608,0.038943022,0.000909573
2596,4.4621256,0.066632686,0.000693838
2597,2.68714982,0.012536884,4.75659E-05
2598,4.389533443,0.045966735,0.000661968
2599,3.234555023,0.02772361,0.000200943
2600,3.774776771,0.058720002,0.000978878
2601,3.435907285,0.004424173,0.000293436
2602,3.23694606,0.00481699,0.000168458
2603,2.985835354,0.012600251,0.000849043
2604,3.008925294,0.025397453,0.000763009
2605,2.86677132,0.059880282,0.000711929
2606,2.915670854,0.000709744,0.000773342
2607,2.641808562,0.04302367,0.000986286
2608,2.568118947,0.072700417,0.000825374
2609,3.912377311,0.08990019,0.000157847
2610,3.406710693,0.015307361,3.23027E-05
2611,3.572556306,0.07176588,0.00059087
2612,4.575604899,0.076229643,0.000641494
2613,3.461751668,0.010969354,0.000492279
2614,2.775367056,0.049745867,0.000280981
2615,3.518801146,0.02140261,0.000793855
2616,4.14971775,0.0789072,0.000636662
2617,3.783982477,0.030688036,0.000698879
2618,4.903846745,0.007288269,1.54481E-05
2619,4.903373142,0.019001939,0.000964452
2620,2.601301177,0.069944725,0.000488368
2621,4.267050824,0.037409141,0.000961961
2622,4.730557971,0.028753597,0.000400827
2623,4.359909736,0.011959437,0.00079267
2624,3.73245065,0.074979817,0.000148047
2625,3.887263369,0.089453695,0.000176946
2626,3.856891619,0.036816277,0.00052004
2627,3.336193377,0.068966645,0.000324562
2628,3.238105293,0.035247263,0.000271357
2629,4.533954091,0.028887847,0.000329446
2630,4.261518559,0.02706381,0.000540242
2631,4.229107176,0.076026963,0.000417499
2632,3.723048224,0.07890085,0.00061857
2633,3.671512693,0.089019809,0.000695762
2634,4.487095124,0.055812323,0.000651139
2635,2.676767056,0.09026428,0.000265961
2636,3.006661232,0.06310071,0.000457845
2637,4.652691807,0.025056608,0.000923628
2638,3.085938699,0.044230611,5.41356E-05
2639,3.997546972,0.051391451,0.00074167
2640,2.874899802,0.097526334,0.000959653
2641,3.876686025,0.018770681,4.83743E-05
2642,3.8790427,0.077854156,0.000107089
2643,4.015638903,0.07302226,0.000672634
2644,4.951793025,0.019556138,0.000266142
2645,3.161668093,0.010836968,0.000144291
2646,3.788431667,0.081711724,0.000294988
2647,3.276376188,0.062584108,0.000477475
2648,3.81766236,0.094858528,0.000710671
2649,4.466982272,0.095303385,0.00099592
2650,2.831636638,0.042815154,0.000703575
2651,3.654258237,0.001382338,0.000459494
2652,4.269650189,0.012463779,0.000947568
2653,2.775031644,0.00847543,0.000772542
2654,2.555342026,0.040195483,0.000843189
2655,3.848189143,0.006102842,0.000969086
2656,2.760975718,0.012380652,0.000884984
2657,4.21785979,0.025143698,0.000976541
2658,4.350877706,0.085940356,0.000304925
2659,3.285040474,0.022338145,7.8605E-05
2660,3.864601533,0.098829347,0.000373866
2661,4.767352222,0.061212402,0.000703333
2662,4.628732863,0.025393256,0.000793743
2663,3.816029424,0.074783382,0.000148363
2664,2.626625769,0.038099619,0.000911721
2665,3.284889638,0.018487778,9.71041E-05
2666,3.053005391,0.078586332,8.03306E-05
2667,4.372269325,0.056041481,0.000590518
2668,2.790458492,0.017983233,0.000903818
2669,3.386995711,0.003788075,0.000260181
2670,4.297806636,0.02811468,0.000232729
2671,2.932631223,0.099029932,0.000383173
2672,4.378225598,0.051712692,7.40226E-05
2673,3.128800511,0.074402906,0.000270924
2674,4.136018047,0.023778153,0.000950238
2675,2.621251729,0.034777326,7.41518E-05
2676,3.085253819,0.004796072,0.000622821
2677,3.056189559,0.084766057,0.000183753
2678,4.700124819,0.021911503,0.000963918
2679,4.299390797,0.095536569,0.000748946
2680,3.049451043,0.024861687,0.000753645
2681,4.318864244,0.05726902,0.000753149
2682,2.639723831,0.078085094,0.000193532
2683,2.893332564,0.06977906,0.000435433
2684,3.374021759,0.082206807,0.00021645
2685,3.003080979,0.061950509,0.000341548
2686,3.654813765,0.071362702,0.000799497
2687,2.982916535,0.096844838,6.2477E-05
2688,4.167331699,0.006843939,4.18031E-06
2689,4.981875976,0.024481338,0.000234639
2690,4.305410809,0.04299491,0.000882916
2691,2.543414047,0.067041339,0.000848243
2692,4.050628802,0.059294946,4.11111E-05
2693,2.664100534,0.026302993,4.72606E-05
2694,4.432033284,0.022145666,0.000278411
2695,4.200083629,0.075441784,0.000759857
2696,3.018605872,0.005042279,0.000890092
2697,3.242846457,0.079310693,0.000692498
2698,4.385800032,0.036583328,0.000639973
2699,4.013198249,0.072740015,0.00053155
2700,3.253381213,0.037235601,0.000733143
2701,3.827774702,0.059911562,0.000286266
2702,3.90836964,0.007503066,0.00070764
2703,4.047522753,0.0675991,0.000297572
2704,2.615995653,0.006620359,0.000657984
2705,3.05828003,0.029786997,0.000321109
2706,3.220692582,0.053831763,0.000284583
2707,4.747045157,0.078345529,0.000829558
2708,2.672933943,0.03291106,0.000176063
2709,2.998036174,0.006693604,0.000109154
2710,3.505058303,0.088585963,8.45352E-05
2711,3.805386625,0.099796433,0.00080266
2712,4.995177977,0.055548999,0.000315947
2713,3.999301025,0.044364353,0.000174339
2714,3.575542448,0.030668844,0.000805274
2715,2.746633407,0.077877021,5.75551E-05
2716,2.625832807,0.061406665,0.000497533
2717,4.93027979,0.042849557,4.46465E-05
2718,3.679027712,0.021343536,0.000455302
2719,4.199780794,0.060185017,0.000939463
2720,3.06153357,0.027077494,0.00050851
2721,4.096682363,0.062227222,7.40833E-05
2722,2.938727198,0.066527416,0.000673662
2723,4.429101622,0.031602911,0.000670371
2724,3.287175177,0.022132871,7.56945E-05
2725,3.27674292,0.070781701,4.15922E-05
2726,4.848715577,0.016387649,0.000816898
2727,4.554674135,0.084178533,0.000267851
2728,4.127014556,0.046147012,0.000184595
2729,2.715933045,0.055485451,0.000463332
2730,3.76321376,0.058052345,1.14782E-05
2731,4.974792793,0.079289556,0.000192621
2732,4.254075397,0.068242493,0.000476679
2733,2.68925015,0.048501665,0.000398572
2734,3.663585417,0.072235804,0.000738789
2735,3.945869948,0.004604426,0.000135692
2736,3.115028229,0.033720663,0.000284288
2737,3.509400628,0.028127949,0.000979891
2738,4.577078146,0.029159007,0.000796964
2739,3.313061353,0.096541119,0.000219862
2740,3.929273836,0.078550713,0.000350288
2741,4.711306039,0.008653076,0.000183827
2742,3.945968486,0.008147799,3.90981E-05
2743,3.516047732,0.08057507,0.000305279
2744,3.796095735,0.076141799,0.000111043
2745,2.719899935,0.000897385,0.000950485
2746,3.310066622,0.019117913,0.000111595
2747,2.700948846,0.080089928,0.000948125
2748,4.775693557,0.008817048,0.000235585
2749,2.996700869,0.08842155,0.000920591
2750,3.300766684,0.02170355,0.000999253
2751,3.276754426,0.048191367,0.000769974
2752,2.921249547,0.057755759,0.00086348
2753,4.459286896,0.071026307,2.3334E-05
2754,4.960494023,0.069080648,0.000939164
2755,3.041638973,0.085162492,0.000320113
2756,3.987781537,0.014877199,3.93288E-05
2757,4.081399012,0.0185483,0.000554689
2758,2.841026805,0.063589478,0.000164414
2759,3.611872048,0.057054316,0.000751086
2760,3.714742786,0.00418141,0.000230137
2761,4.823899224,0.042674256,0.00015253
2762,4.992465273,0.045535802,0.000428478
2763,3.655372149,0.013323929,1.76211E-05
2764,4.347889303,0.037754217,0.000946438
2765,4.397796179,0.091172192,4.54921E-06
2766,3.959105271,0.095113277,0.000455651
2767,3.119457058,0.066878481,0.000335295
2768,3.709446246,0.072925138,0.000125977
2769,4.24951236,0.049012322,0.000536186
2770,4.079252164,0.059986378,0.000856979
2771,3.888238715,0.060489687,0.000268952
2772,4.519385407,0.07471153,0.000585496
2773,4.890236892,0.058443779,0.000545917
2774,4.732339497,0.076045898,0.00014398
2775,3.293377689,0.052293998,0.000529575
2776,3.047757812,0.069937257,0.000571269
2777,2.807332441,0.019687988,0.000188011
2778,3.67070171,0.094503325,0.000927135
2779,3.98404853,0.097503535,2.24019E-05
2780,3.759826886,0.089466754,0.000888484
2781,2.721778862,0.039361073,0.000965331
2782,4.800076383,0.095292873,0.000475912
2783,2.870903075,0.061800487,0.000334307
2784,2.670501199,0.083865654,6.46346E-05
2785,4.07608313,0.087730587,0.000485947
2786,3.902006811,0.082125619,0.00035911
2787,4.057620323,0.039335684,0.000402049
2788,4.003594878,0.021337299,0.000977244
2789,3.243444826,0.074499014,0.000334193
2790,2.798986679,0.039848333,0.00049585
2791,2.747906429,0.037287361,0.000123407
2792,4.143099382,0.078398109,0.000748814
2793,4.822613576,0.020789765,0.000624229
2794,3.202136889,0.024099071,0.000784871
2795,2.731900625,0.041235506,0.000456963
2796,3.100831076,0.001098839,0.000820565
2797,3.983545689,0.072432038,0.000318466
2798,4.145544218,0.095408943,6.51908E-06
2799,4.197255863,0.009680884,0.000673074
2800,2.51333124,0.055576779,0.000938981
2801,3.127115424,0.060450763,0.000260793
2802,3.430180743,0.047234238,0.000965973
2803,3.390026606,0.044592151,0.00041099
2804,3.619203749,0.082697188,0.000206413
2805,4.341278373,0.05616187,0.00010599
2806,4.125220704,0.042728049,0.000938277
2807,2.552854905,0.09077236,0.000548094
2808,2.663241453,0.076204226,0.000353848
2809,2.738990004,0.070439472,0.000650035
2810,4.101536826,0.009476547,0.00060556
2811,4.402873129,0.014663082,9.45225E-05
2812,2.822747097,0.035421062,0.000751081
2813,2.69339307,0.006847876,0.000458683
2814,3.597507969,0.048193624,0.000102819
2815,4.470593647,0.033970917,0.000247946
2816,4.278889715,0.013075583,0.000641774
2817,3.613552189,0.030592158,0.000709853
2818,2.526252972,0.000313945,0.000190156
2819,4.566316154,0.012827277,0.000824442
2820,4.149866716,0.071356115,0.000456925
2821,4.239482126,0.090262209,0.000392283
2822,3.211699567,0.009026644,0.000374732
2823,4.581746109,0.055395135,0.000434329
2824,2.615954558,0.051447595,0.000965086
2825,3.86438574,0.089016769,0.00010555
2826,4.637396633,0.087472877,0.000506229
2827,2.769538617,0.036663001,0.000165617
2828,3.769610988,0.017041496,0.000976818
2829,4.079973065,0.062337502,0.000101839
2830,4.399887538,0.002485326,0.000915311
2831,3.851983948,0.038414911,0.000968911
2832,3.277651324,0.090678999,0.000454029
2833,3.201689563,0.066711315,0.000151671
2834,4.069462333,0.026512791,0.000113329
2835,4.840958254,0.091149256,0.000542446
2836,3.454302326,0.072311985,0.00061527
2837,4.980906678,0.030755603,0.000438962
2838,3.455745535,0.00428504,0.000453358
2839,4.520186403,0.092983386,0.000440515
2840,2.753941171,0.035199541,0.00061975
2841,4.809214723,0.041659727,0.000251899
2842,3.857535899,0.048727917,0.000566766
2843,2.82227842,0.091651274,0.000140009
2844,4.475123724,0.015003336,0.00030012
2845,3.033998861,0.099000003,0.000801416
2846,4.164177743,0.087002713,0.000203243
2847,3.808507198,0.072702982,0.000714044
2848,4.15875441,0.02017765,0.000357275
2849,4.514737563,0.067417578,0.000526239
2850,4.429112726,0.081489197,0.00078496
2851,4.589860151,0.072406897,0.000368269
2852,4.0989943,0.012751003,0.000446903
2853,4.390976528,0.065123947,0.000775784
2854,4.759232669,0.055130549,0.000891346
2855,2.913385816,0.017001648,0.000382648
2856,2.560670452,0.085688839,0.000569213
2857,4.861612076,0.084261555,0.000633862
2858,2.830406422,0.093188595,0.000886984
2859,2.82244101,0.031400681,0.000594654
2860,2.723862163,0.02132326,0.000180639
2861,3.703809603,0.050916799,0.000241794
2862,4.261415518,0.020109374,0.000156137
2863,3.978005241,0.031137253,0.000585955
2864,3.408076606,0.008266272,0.000179688
2865,3.225964002,0.04928036,0.000542681
2866,4.058040106,0.030435455,0.000416908
2867,2.57408243,0.015028399,0.000925671
2868,3.699847099,0.019806054,6.86949E-05
2869,2.725672457,0.080239779,0.000903776
2870,4.759560835,0.056985275,0.000878898
2871,2.861716802,0.050878399,0.000980867
2872,2.733731939,0.027079592,0.000619012
2873,3.110432066,0.051508637,0.000439104
2874,3.219785019,0.013118577,0.0002651
2875,4.812112601,0.086383925,0.000241425
2876,2.680016468,0.072028183,0.000702278
2877,3.924205122,0.046177495,0.000784258
2878,4.031979034,0.055265728,0.00024819
2879,3.265741897,0.010100882,0.000995077
2880,4.337892659,0.019295631,0.000176913
2881,4.43703672,0.084040119,0.000958041
2882,4.698477961,0.020345653,0.000676617
2883,3.846343899,0.082045718,0.0007056
2884,4.296237966,0.027231584,0.000678592
2885,3.214450656,0.018039253,0.00031062
2886,2.894586301,0.033116186,0.000193409
2887,3.679094404,0.090933171,0.000905094
2888,4.790911899,0.034361365,0.000797063
2889,3.734926883,0.013781647,8.78971E-05
2890,3.158185718,0.034157064,0.000188895
2891,2.769071044,0.049289163,0.000350854
2892,4.554526519,0.025299762,0.000112612
2893,4.291865033,0.09588382,0.000157696
2894,3.460459976,0.077414408,0.00012784
2895,4.512641046,0.005968791,0.00043251
2896,3.889854696,0.094100591,0.000891165
2897,3.880144203,0.049507249,0.00027861
2898,4.187661456,0.057379921,0.000214363
2899,3.837838192,0.038776002,0.000378952
2900,3.637771266,0.003701655,0.000971324
2901,3.21247037,0.060258612,9.10074E-05
2902,4.742715633,0.033083877,0.000619405
2903,3.114119312,0.03884182,0.000177645
2904,3.504994811,0.036787082,0.000303312
2905,4.094985318,0.099080762,0.00042412
2906,3.961644104,0.02588804,0.000893797
2907,2.827682417,0.080410589,0.000843318
2908,3.250322637,0.072686538,0.000728192
2909,3.50623526,0.033223328,0.000553903
2910,2.733786538,0.032760544,4.87744E-05
2911,4.342257205,0.051466923,0.00081582
2912,4.758857273,0.044923904,0.000116358
2913,4.497030768,0.034448295,0.000953235
2914,4.410604696,0.080031552,0.000952857
2915,3.949805529,0.058948141,0.000335498
2916,2.621686571,0.005489459,0.000572165
2917,3.212579254,0.009095437,2.16933E-05
2918,2.600596033,0.090442597,0.000594735
2919,4.144919856,0.042397475,0.000755971
2920,4.891060949,0.098873794,0.000909633
2921,4.673320221,0.000444193,0.000893328
2922,2.853184793,0.012395154,0.000388923
2923,3.630865868,0.07020613,0.000813075
2924,2.809451835,0.015276109,0.000526083
2925,4.880901621,0.095160264,0.000182712
2926,3.509764425,0.040551085,0.000987807
2927,4.905015644,0.044141036,0.000838446
2928,3.939139953,0.097017477,0.000580316
2929,3.509095711,0.064920927,0.000817359
2930,4.956585076,0.081640191,0.00048627
2931,3.889815726,0.043049214,0.000629881
2932,4.469482974,0.00412014,0.00060253
2933,4.470515559,0.088483729,0.000973797
2934,3.382187276,0.093026835,0.000323336
2935,4.311579668,0.083962747,0.000703023
2936,4.136987113,0.099203169,1.91592E-05
2937,2.987542162,0.019098806,0.000249097
2938,2.645835794,0.080408554,0.000610728
2939,4.367142203,0.09202629,0.000885042
2940,2.786417967,0.085711953,0.000679323
2941,2.716179352,0.013480405,8.46531E-05
2942,3.147510053,0.098206111,6.28861E-05
2943,3.33848846,0.078173321,0.000338241
2944,3.640501391,0.080784292,0.000579201
2945,3.015878091,0.004367287,6.58178E-05
2946,4.480467342,0.092542641,0.000936691
2947,3.249693849,0.054385545,0.000376952
2948,3.853152029,0.08409871,0.000236873
2949,4.086948872,0.056621215,0.000172073
2950,4.312623083,0.044189476,0.000710974
2951,4.492689834,0.056707944,0.000680214
2952,2.519887734,0.091754375,0.000847012
2953,3.151847074,0.057214762,0.000392391
2954,2.508463705,0.098567233,0.000431123
2955,4.691284163,0.062927943,0.000953064
2956,3.422893261,0.014805205,0.000197607
2957,2.78241236,0.056835863,0.000994601
2958,2.737406355,0.081969993,0.00081445
2959,4.259453327,0.065197818,0.000578313
2960,4.832557161,0.077075804,0.000536512
2961,4.788110513,0.062527598,0.000115767
2962,3.020136454,0.056802681,0.000362141
2963,4.940944405,0.032823345,0.000338068
2964,3.865241568,0.034213844,0.000728164
2965,3.098853782,0.012154306,0.00032922
2966,3.116533246,0.009652595,0.00094276
2967,2.623559505,0.034820037,0.000169602
2968,2.950616507,0.085426671,0.000720384
2969,3.770995079,0.004144512,0.000722329
2970,4.47909739,0.042450162,0.000843872
2971,3.397754772,0.024935892,0.000396565
2972,3.059167825,0.059144308,0.000925088
2973,4.361320973,0.015596456,0.000724891
2974,4.810138016,0.087583649,0.000711084
2975,4.292149781,0.096601907,7.26367E-05
2976,3.084117207,0.096268715,7.40543E-05
2977,4.454507756,0.066653289,0.000588437
2978,3.776022467,0.052458924,0.000324464
2979,2.989740802,0.085636042,5.82339E-06
2980,3.715301402,0.044870785,0.000316377
2981,4.701282583,0.066676839,0.000641941
2982,2.81630681,0.073130573,0.000169402
2983,4.861553982,0.039394306,0.000401182
2984,3.075998216,0.041606308,0.000520535
2985,4.499963078,0.059721131,0.00086045
2986,3.992983606,0.042062204,5.42099E-08
2987,3.328815305,0.049973128,0.000959353
2988,3.427110368,0.05300984,7.78168E-05
2989,2.539485727,0.098740011,0.000314546
2990,2.637746142,0.081435613,0.000590021
2991,2.980218144,0.060547124,0.000780205
2992,4.920631591,0.052320856,0.000856751
2993,3.257312905,0.018227009,8.77514E-05
2994,3.859174955,0.072321732,0.000721592
2995,3.76846571,0.003417948,0.000474776
2996,2.719752791,0.003957579,0.000836439
2997,4.56458234,0.088941935,0.000829975
2998,4.791237151,0.086503467,0.000140391
2999,3.353153872,0.063168242,0.000245673
3000,3.293239198,0.025209109,0.000379716
3001,4.963547328,0.081635964,0.000344864
3002,2.950729412,0.002859367,0.000422714
3003,4.922208137,0.062133666,0.000386969
3004,4.079752513,0.033794278,0.00099149
3005,2.699083792,0.027665957,0.000370851
3006,4.80093378,0.033300394,0.000268288
3007,4.588954233,0.087080179,0.000427826
3008,2.797470317,0.010291803,0.000566858
3009,3.991560569,0.019166469,0.000880468
3010,3.202960092,0.079377622,0.000812247
3011,2.798170618,0.017356737,0.000753316
3012,2.774175594,0.036864621,0.000902477
3013,2.569979615,0.077290613,0.000706592
3014,3.533619737,0.028182505,0.000588862
3015,3.774931502,0.036572061,0.000698558
3016,3.523308558,0.018685632,0.000496652
3017,4.095876451,0.022850935,0.000965809
3018,2.952921052,0.055084782,0.000492934
3019,4.822014437,0.050660651,0.000358686
3020,3.983570986,0.080916917,0.000800695
3021,3.490811115,0.021157574,0.00070494
3022,3.582449837,0.007109252,0.000129106
3023,3.74785945,0.074473382,0.000680398
3024,3.463413058,0.095247346,0.000342366
3025,2.518374345,0.051867158,0.000632511
3026,4.278135557,0.00028094,0.000181311
3027,3.813680929,0.061913106,4.94671E-06
3028,2.981611739,0.059349735,0.000428699
3029,4.994058674,0.010411808,0.000830482
3030,4.724154432,0.091192464,0.000291591
3031,4.288047877,0.076948158,0.000694343
3032,4.869305104,0.029867404,0.000776732
3033,4.286333462,0.017750633,0.000512453
3034,3.793136539,0.022439978,4.14843E-05
3035,3.515043501,0.08989118,8.32731E-05
3036,3.186471511,0.022352818,0.000761762
3037,2.681741527,0.07912477,0.00098631
3038,4.079058449,0.060898292,0.000655708
3039,4.883865879,0.009350318,0.00021687
3040,3.566100906,0.011997654,0.000303431
3041,3.455733005,0.003358193,0.000853559
3042,4.303794965,0.000124369,0.000729593
3043,3.041742597,0.096419138,0.000791458
3044,3.941787316,0.03998009,0.000356808
3045,2.896163325,0.055686572,0.000614901
3046,2.818266059,0.023577692,0.000993993
3047,2.530825647,0.025973713,0.000408459
3048,3.30531566,0.008106301,0.000734389
3049,4.176425035,0.08178033,0.000520529
3050,2.5905407,0.085464729,0.000542784
3051,4.273960842,0.014673039,0.000357998
3052,3.072584465,0.07690977,0.000753157
3053,3.939280641,0.006377737,0.000447138
3054,3.130237393,0.008827972,0.00083436
3055,3.870043557,0.023555694,0.000473775
3056,3.488076042,0.062794859,0.000713146
3057,2.929719249,0.036415249,0.000337262
3058,3.994855913,0.097266109,0.000743714
3059,2.892930584,0.029717146,0.000606886
3060,2.919297843,0.078520239,8.22967E-05
3061,3.176444878,0.042938012,0.00059105
3062,4.664533167,0.049270537,0.000829179
3063,2.778554319,0.003465809,0.000575039
3064,2.735036746,0.034058786,2.46968E-05
3065,4.058503182,0.048359713,0.000295755
3066,3.368443693,0.064114879,2.50748E-05
3067,3.513455413,0.069229471,0.000843906
3068,3.045084439,0.01445064,0.000238207
3069,4.17019147,0.024600657,0.000392457
3070,2.638982745,0.078832463,0.000915594
3071,3.209918553,0.096991382,7.26139E-05
3072,3.821661317,0.055657547,0.000300133
3073,3.905861925,0.050581128,0.000552009
3074,3.561863878,0.099337131,0.000881126
3075,4.870854448,0.091151361,0.000636048
3076,2.531309569,0.051310404,1.59836E-05
3077,3.912105456,0.00980216,0.000989381
3078,4.015543266,0.002914854,0.000145334
3079,3.057906873,0.082692623,0.000722011
3080,2.73810043,0.004249017,0.000199603
3081,2.65308753,0.04809353,0.000313409
3082,4.552612976,0.064410326,0.000374073
3083,4.710496497,0.037625804,9.44435E-05
3084,4.788185652,0.04075913,0.000974606
3085,4.690631756,0.017336934,0.000167452
3086,3.632094057,0.04484509,0.000778534
3087,3.558336907,0.002166581,0.000828232
3088,3.971748606,0.036853184,0.000276288
3089,4.650863519,0.097975491,2.26683E-05
3090,3.275060807,0.065466218,0.000979378
3091,3.380059362,0.020898543,0.000886283
3092,4.345996093,0.089229562,0.000762346
3093,4.457208936,0.063113097,0.000984527
3094,4.727266899,0.025859431,0.000126505
3095,2.703304582,0.046518455,0.00063036
3096,2.75950141,0.052373673,0.00015651
3097,3.594938851,0.078725573,0.000422232
3098,4.292653995,0.084836341,0.000888203
3099,4.947475894,0.041548073,0.000101941
3100,3.797584807,0.074982465,0.000184755
3101,4.206240913,0.072700268,0.000694146
3102,4.880383983,0.025137752,0.000210727
3103,2.813878878,0.008275141,0.000895021
3104,2.869779001,0.092163067,0.000833738
3105,2.867580951,0.011833273,0.000187433
3106,3.470294,0.085581642,0.00091184
3107,3.436589492,0.067379118,0.000518242
3108,4.669369857,0.011495232,5.44186E-05
3109,4.345180949,0.098521306,0.000510223
3110,3.761200995,0.093654362,0.000692916
3111,3.957879882,0.037083194,0.000168139
3112,3.469667839,0.077819638,0.000272058
3113,4.325615034,0.034947557,0.000735747
3114,4.605217144,0.031594989,0.000465907
3115,4.368403683,0.099795015,0.000287972
3116,4.276787703,0.093935589,0.000823767
3117,4.514023159,0.025210589,0.000283289
3118,2.821580694,0.099660942,8.59268E-05
3119,4.506052517,0.077613935,0.000657925
3120,4.873317632,0.078999192,0.000637711
3121,3.304025762,0.093402461,0.000802831
3122,3.313574473,0.073883862,0.00048393
3123,3.316273888,0.033675699,0.000995693
3124,2.997206985,0.099549185,0.000349908
3125,3.13060699,0.009995079,0.000171984
3126,4.174492833,0.048680335,1.48836E-05
3127,3.200244004,0.044096355,0.000544455
3128,4.436559594,0.093392332,0.000408641
3129,3.588211286,0.048964023,0.000837808
3130,3.713724872,0.068945673,0.000287691
3131,2.716142027,0.044259457,3.34924E-05
3132,2.656302512,0.053177254,0.000902157
3133,3.330093612,0.075795999,0.00032525
3134,3.218412068,0.071700015,9.42171E-05
3135,4.038520369,0.004214604,0.000585916
3136,4.22243342,0.006807755,1.93401E-05
3137,3.126283783,0.057803339,0.000772199
3138,3.638977471,0.075921322,0.00051794
3139,4.117905611,0.058781294,0.000564243
3140,4.276296298,0.068028704,0.000566532
3141,3.713741478,0.029900735,9.44264E-05
3142,4.159709282,0.08206288,0.000479396
3143,4.903586128,0.019690926,5.55424E-06
3144,3.9786336,0.094529091,0.000685714
3145,4.762942254,0.007357672,4.33627E-06
3146,2.823321055,0.028134374,0.000120969
3147,2.609864317,0.080962643,0.000179172
3148,3.850089118,0.000680807,4.67045E-05
3149,3.924658681,0.080620211,0.000356662
3150,4.07756229,0.047029102,0.000870625
3151,4.229772825,0.027338843,9.84682E-05
3152,3.703458902,0.050073654,0.000862581
3153,2.80167729,0.009954192,0.000296429
3154,3.161258302,0.012980916,0.0008108
3155,4.828684396,0.009587425,0.000385969
3156,4.464730764,0.045422674,0.000742695
3157,4.775497246,0.055313625,0.000743473
3158,4.059576988,0.065827801,0.000370233
3159,3.64026622,0.015830322,0.000836069
3160,4.927133453,0.038524118,0.000304354
3161,4.037096185,0.012270095,0.000691393
3162,4.041928448,0.006490729,0.000132919
3163,4.551286183,0.018583797,0.000749574
3164,4.506256828,0.099069478,0.000938563
3165,3.790768405,0.032734889,0.000123832
3166,3.390424541,0.097237134,0.000879297
3167,3.416803637,0.07699238,0.000711704
3168,4.553949759,0.025272828,0.000676086
3169,4.981416447,0.098862855,5.10167E-05
3170,3.101350217,0.08462652,8.3303E-05
3171,4.905231933,0.066172118,0.00019343
3172,4.042249756,0.05330017,0.000586197
3173,3.662344808,0.047146838,0.000239352
3174,4.943263468,0.022716635,5.49323E-05
3175,4.30486844,0.093600873,0.00083914
3176,3.277017293,0.004155107,0.000457424
3177,3.863591936,0.011603684,0.000975662
3178,4.021102769,0.027800228,0.000873923
3179,2.771505992,0.059751305,0.000907066
3180,4.16404259,0.08257156,0.000678448
3181,4.061045647,0.066956407,0.000528382
3182,3.061411343,0.09904608,0.000465339
3183,3.515709066,0.008155231,0.000240036
3184,4.371417164,0.03434577,0.000528818
3185,4.842590688,0.05031407,0.000463664
3186,4.663371015,0.020577199,0.000939035
3187,2.735752834,0.01739236,0.000141532
3188,4.384813997,0.030946722,0.000659884
3189,3.51019194,0.077270882,0.000812292
3190,3.432268514,0.071984177,0.000840991
3191,2.718315924,0.040017018,0.000185161
3192,3.600908606,0.049454296,3.33914E-05
3193,2.911967573,4.59797E-05,0.000727814
3194,4.170937862,0.009095884,1.36746E-05
3195,3.27463925,0.011807347,0.000419428
3196,2.963363809,0.092028727,0.000186555
3197,3.690736734,0.002742326,0.000797739
3198,2.712058794,0.050452336,0.00084043
3199,2.633104166,0.002773656,0.000883781
3200,2.50102137,0.055512255,0.000197067
3201,4.670305398,0.021372449,0.000463173
3202,4.128559137,0.06929811,0.000273168
3203,4.839172555,0.034206375,2.13188E-05
3204,4.349444438,0.048324249,0.00070509
3205,2.916156992,0.064484639,1.53617E-05
3206,4.231732087,0.041063995,3.26231E-06
3207,3.565999386,0.081347574,0.00016926
3208,2.860729016,0.041385521,0.000196595
3209,4.94768125,0.075430921,0.000587568
3210,3.99760325,0.009977203,0.000706896
3211,3.350536759,0.023238401,0.000358282
3212,3.500457506,0.017104119,0.000499747
3213,4.074248741,0.025591581,0.00030677
3214,3.173443932,0.057224612,0.000563395
3215,3.231485505,0.095259493,0.000702049
3216,3.679971369,0.017880637,0.000676931
3217,2.753911513,0.011514,0.000646215
3218,4.0888016,0.043666797,0.000589621
3219,2.966611475,0.033727751,0.000276743
3220,4.797723496,0.095784519,0.000807374
3221,3.56801684,0.054081539,0.000767749
3222,4.461601908,0.087445668,0.000852285
3223,3.192658456,0.05368874,0.000144215
3224,4.42884869,0.004328121,0.000204415
3225,3.955252016,0.051656001,0.000921886
3226,3.244555767,0.01680964,0.000431196
3227,4.302406153,0.035497246,0.000610013
3228,2.69591565,0.05419101,8.6534E-05
3229,3.751704285,0.058797934,0.000151589
3230,3.495040793,0.052503306,0.000597475
3231,3.33068501,0.015911351,0.000645666
3232,4.137055367,0.071233011,0.000629971
3233,4.864763737,0.052320962,4.43743E-05
3234,2.849298174,0.053708092,0.000496393
3235,2.814756222,0.00477246,0.000181272
3236,4.084888838,0.002095293,0.000893848
3237,4.288068333,0.033275114,0.000587753
3238,4.308136029,0.027491264,0.000431692
3239,2.711242929,0.05267431,0.00011562
3240,2.951370604,0.049575566,0.000235657
3241,4.768539099,0.004905814,0.00014077
3242,3.940736505,0.019913298,0.000580585
3243,3.8490581,0.04882066,0.000962291
3244,4.844232558,0.059313176,0.000208597
3245,2.516388749,0.057360147,0.000694515
3246,2.927303293,0.073654389,0.00043462
3247,2.752295761,0.053211909,3.80328E-05
3248,4.020486666,0.031766008,0.000892831
3249,2.933238416,0.065334795,0.000187103
3250,4.699280833,0.079537247,0.000511153
3251,2.524258525,0.033912562,0.000783323
3252,4.604799967,0.093633979,0.000692398
3253,4.765227748,0.00043884,0.000749708
3254,2.853421098,0.091220279,0.000852926
3255,4.467480926,0.059000031,0.000887528
3256,3.611366199,0.027936472,2.0027E-05
3257,4.259662544,0.035970162,0.000760851
3258,3.868318269,0.026889563,0.000694618
3259,3.483511762,0.054163432,0.000939527
3260,3.938775335,0.050925458,0.000599904
3261,4.444203468,0.063742074,0.0007169
3262,3.759752381,0.089665333,0.000333966
3263,2.707255061,0.072641745,0.000105654
3264,2.613776094,0.096731033,0.00085738
3265,3.924398706,0.049199348,0.000419124
3266,2.50421379,0.055315179,0.00051376
3267,3.139989881,0.003075742,0.000206502
3268,4.935175099,0.000721665,0.000301944
3269,4.495011232,0.022024205,0.000753619
3270,3.307366319,0.043866888,0.000137894
3271,4.897797764,0.022697885,0.0003657
3272,3.907349304,0.00629182,2.17155E-05
3273,4.633414783,0.070565005,0.000583321
3274,3.889667346,0.034742876,0.000906444
3275,3.79362689,0.018060532,0.000690927
3276,4.109086412,0.051124967,2.91442E-05
3277,4.087024411,0.083187205,0.000476828
3278,3.161523955,0.008541418,6.72352E-05
3279,3.779747456,0.059470848,0.000882849
3280,3.209671908,0.030216846,0.000980002
3281,4.971135436,0.099583042,0.000431324
3282,3.128220348,0.03655574,0.000454623
3283,4.505001786,0.029159232,0.000453217
3284,4.360852873,0.090175486,0.000418947
3285,4.603466735,0.052233981,0.000213633
3286,3.369542524,0.002515023,0.000823714
3287,3.113110708,0.013753322,0.000384824
3288,2.772071886,0.047639032,0.000582249
3289,4.918282386,0.028982343,0.000921771
3290,4.892648694,0.072013341,9.40927E-05
3291,3.338972307,0.013366463,0.000348492
3292,3.426090209,0.004547878,0.000674039
3293,2.922432828,0.007622303,0.000461484
3294,3.02243478,0.054766775,0.000839145
3295,3.055790779,0.016804442,0.000334802
3296,4.001059198,0.046606591,4.935E-05
3297,4.208690624,0.099109969,0.000438519
3298,4.591535423,0.024390362,0.000747026
3299,2.659819454,0.052585191,0.000633606
3300,4.22723232,0.051287841,0.000534361
3301,4.887450776,0.047030431,0.000829143
3302,3.138586977,0.05407313,0.000517673
3303,4.779567845,0.090898339,0.000291966
3304,4.39048629,0.034870744,0.0007522
3305,4.995091057,0.064490291,0.000492016
3306,2.565809883,0.047110659,0.000637698
3307,3.663127912,0.010560553,0.000537175
3308,4.311408748,0.095792044,0.000304085
3309,2.862109797,0.096756984,0.000973903
3310,4.181505465,0.086934639,0.0009779
3311,4.641200517,0.004599084,0.00064103
3312,3.93758442,0.043093918,0.000507029
3313,4.788925766,0.099376819,0.000650385
3314,3.976319466,0.055814614,0.000582438
3315,4.284995615,0.099290169,0.000737545
3316,4.473017014,0.010274636,0.000698688
3317,2.734276185,0.026782421,0.000817291
3318,4.068248601,0.085698071,0.000829411
3319,4.286227118,0.08052068,0.000263453
3320,3.939070303,0.079483759,0.000862744
3321,4.471250967,0.008204205,9.25867E-05
3322,4.082931244,0.07181565,0.000707221
3323,2.870575124,0.083176566,0.000432558
3324,3.940269346,0.012264428,0.000938882
3325,4.188164413,0.058822033,0.000839406
3326,2.914472789,0.062349386,0.000705813
3327,4.332480412,0.063408072,4.45478E-05
3328,2.504400763,0.038522921,0.000452209
3329,4.983187848,0.084456822,8.06969E-06
3330,2.537698997,0.094705679,0.000369088
3331,3.965125679,0.0215812,0.000218465
3332,2.748457721,0.075269679,0.000805181
3333,4.837683175,0.040138075,0.000397049
3334,2.864188255,0.073640852,0.000918603
3335,4.501944006,0.020545297,0.000418268
3336,4.346825563,0.057188051,4.28434E-05
3337,3.217442261,0.099964609,4.17431E-05
3338,2.563986008,0.014535486,0.000150493
3339,3.398109971,0.00511387,0.000179424
3340,4.856444018,0.02291829,0.000756215
3341,4.414950703,0.044861258,0.000600196
3342,4.907885857,0.019048568,3.3206E-06
3343,3.201327743,0.044945124,0.000254524
3344,4.916443955,0.015023261,0.000493356
3345,3.261176499,0.07803018,0.000145745
3346,4.403573194,0.015672918,0.000275118
3347,2.602904118,0.023983026,0.000709071
3348,4.676391603,0.050192441,0.000966468
3349,3.841368937,0.041585332,0.000534789
3350,2.554127999,0.065400551,0.000449884
3351,2.789074853,0.084205035,0.000284185
3352,2.81735863,0.048065822,0.000205266
3353,4.933886111,0.019306004,0.000155796
3354,2.567070577,0.043668369,0.000934715
3355,4.492144976,0.011691527,0.000285309
3356,4.987235184,0.054593428,2.66004E-05
3357,4.346260322,0.080330414,0.000829669
3358,4.278376745,0.051805863,8.67734E-05
3359,2.584336767,0.060949099,0.000655447
3360,2.581732049,0.084283435,0.000787096
3361,2.886263728,0.002432374,0.00047873
3362,4.990058775,0.039613023,0.000405706
3363,3.836385721,0.035551929,9.89003E-05
3364,3.671685524,0.013175639,0.00024153
3365,2.73828874,0.052632629,0.000527972
3366,3.681837553,0.074419549,0.000786837
3367,4.962378439,0.054441932,4.8229E-05
3368,3.034743362,0.007345814,1.8772E-05
3369,3.737203744,0.009823067,0.000991791
3370,4.285860245,0.014979237,0.000141824
3371,4.604224733,0.000370597,0.00096021
3372,3.048378152,0.032926777,0.000667625
3373,3.477507769,0.012589188,0.000413722
3374,4.954613339,0.05508831,0.000687355
3375,3.6525784,0.074671978,0.000322814
3376,2.568769826,0.065781355,0.00051177
3377,4.777806465,0.009791364,0.000441676
3378,2.879535997,0.033275982,0.000771899
3379,2.60194688,0.060846142,0.000534823
3380,3.505676234,0.050006537,0.000669201
3381,3.863345367,0.086226509,0.000615125
3382,4.398907793,0.024237824,0.000384308
3383,3.113414638,0.043304693,0.000619694
3384,2.96769728,0.023876031,0.000117987
3385,4.898354696,0.0481736,0.000650385
3386,3.771551143,0.020946954,0.000726636
3387,4.347414881,0.097703032,0.000832578
3388,2.981931412,0.024360806,0.000367237
3389,3.945239165,0.030140016,3.40813E-06
3390,2.965560186,0.088175793,0.000195058
3391,4.228394604,0.03593332,0.000941641
3392,4.482259183,0.003091378,9.29818E-05
3393,4.640530636,0.028803774,0.000810708
3394,3.014757166,0.049742833,0.000295368
3395,3.479648509,0.001472542,0.00087683
3396,2.733808092,0.02979614,1.92096E-05
3397,3.942076866,0.080482388,0.000600241
3398,3.365355053,0.042525407,8.86453E-05
3399,3.851106389,0.049752571,0.000467383
3400,3.556688947,0.031033823,0.000167582
3401,4.953481235,0.059973767,0.00014508
3402,3.857308776,0.050541397,0.000158289
3403,2.548329486,0.025078397,0.000722557
3404,4.010819264,0.028458944,0.000275336
3405,2.785494733,0.003979581,0.000934278
3406,3.810848977,0.026737713,0.000507429
3407,4.256178218,0.059505378,0.000371088
3408,2.852822025,0.040895051,0.000949392
3409,2.635346489,0.001920762,0.00092175
3410,2.819674612,0.085010749,0.000975863
3411,3.910740567,0.052327267,0.000529901
3412,2.822474281,0.019525022,0.000544659
3413,4.114155385,0.098233682,0.000502369
3414,3.945648011,0.067798414,0.000483491
3415,3.779189053,0.054117684,0.000576725
3416,3.320213119,0.056504931,0.000822828
3417,4.053125817,0.017335043,0.000956058
3418,3.992169234,0.014281815,0.000136968
3419,4.371770298,0.043295285,0.000304057
3420,4.746503267,0.095866878,0.000976353
3421,4.941945992,0.00364107,0.000539537
3422,4.863413461,0.038708196,0.000634817
3423,4.486405385,0.075737585,0.000339099
3424,4.124532511,0.004628799,0.000152854
3425,4.60189358,0.018040918,0.000386357
3426,4.543354363,0.081035878,0.000512644
3427,2.635874695,0.068381058,0.000881175
3428,4.244673952,0.091190585,0.000848458
3429,4.591644202,0.099694266,0.000575167
3430,3.853425634,0.083781689,0.000975495
3431,3.810776547,0.022211223,0.000684681
3432,4.485003724,0.059437325,0.000135145
3433,2.640551873,0.031564811,0.000208133
3434,3.36698653,0.099845828,0.000274
3435,4.598688039,0.048525326,0.000930105
3436,2.956086479,0.004802349,0.000288824
3437,4.570082185,0.014365347,0.000933979
3438,4.927682888,0.097639628,0.000397143
3439,3.935840756,0.041864879,0.000386334
3440,3.551784942,0.067443318,0.000606955
3441,3.461656838,0.044156391,0.000772827
3442,2.967131331,0.000805022,0.000515606
3443,3.369778154,0.011401552,0.000596492
3444,4.950990376,0.076223557,2.85298E-05
3445,4.438496257,0.018420425,0.000256224
3446,4.187859988,0.020492694,0.000755006
3447,3.460923344,0.004787598,0.000967844
3448,3.974767865,0.085345831,0.000778569
3449,3.36339818,0.014139349,0.000650149
3450,3.943091893,0.046005534,0.000694751
3451,3.646382602,0.094594935,0.000358465
3452,3.891183947,0.082838682,0.000939092
3453,4.538921381,0.007844538,0.000659721
3454,4.219367769,0.032465695,0.000505691
3455,4.467157029,0.023370367,0.000375165
3456,4.280866724,0.084458274,0.000592195
3457,3.513369191,0.001845801,0.000898856
3458,4.302795821,0.082064462,0.000543681
3459,3.451734217,0.000896125,0.000420746
3460,3.464796189,0.055702627,0.000139349
3461,3.761049962,0.066666769,0.000957624
3462,3.176892542,0.069327808,0.000961465
3463,4.659211486,0.005069632,0.000376156
3464,2.998455203,0.041689704,0.000461223
3465,3.586182556,0.023694988,1.59408E-05
3466,2.829599265,0.003412884,0.000632944
3467,2.668630079,0.073885985,0.000211937
3468,4.530624785,0.002355566,0.00097903
3469,3.39319178,0.007573598,0.000932231
3470,4.567619218,0.062605892,0.000355494
3471,4.464204971,0.070307481,0.000437429
3472,2.890668895,0.043286222,1.77342E-05
3473,3.674003747,0.071313498,0.000450952
3474,4.570518862,0.019302292,0.00031375
3475,4.847220272,0.087227585,0.00032386
3476,2.522401851,0.050025871,0.000199232
3477,4.013344692,0.035509676,0.000501338
3478,2.754725982,0.057510181,0.000465442
3479,3.920665462,0.00559085,0.000215434
3480,2.827298948,0.049104731,0.000828396
3481,2.653853377,0.095189416,0.000595967
3482,2.710764722,0.081987252,0.000999567
3483,3.429599385,0.048512593,0.000942257
3484,4.833005866,0.019338821,0.000705733
3485,2.628917919,0.028045119,0.000292524
3486,3.570190752,0.087665551,0.000999336
3487,4.740913677,0.021726028,0.000659069
3488,3.00444143,0.015933811,0.000951574
3489,4.517117901,0.05794598,0.000897838
3490,3.201180965,0.070161749,0.000338415
3491,4.362239257,0.088929085,0.000943557
3492,3.360274768,0.048128014,0.000571607
3493,2.866373022,0.062164118,5.97338E-05
3494,3.090822974,0.045301998,0.000697722
3495,3.720812876,0.014177933,0.000320076
3496,3.720082583,0.027670245,0.00061861
3497,3.89192352,0.084909667,0.000827631
3498,2.73134271,0.06802446,0.000718832
3499,2.710556609,0.092479508,0.000829969
3500,4.901690147,0.060294752,0.000303064
3501,4.150942852,0.043488888,0.000943933
3502,4.634812054,0.063885236,0.000892019
3503,3.017349061,0.050763087,0.00022514
3504,4.822758636,0.049722001,0.000238157
3505,2.925754604,0.044293482,6.52197E-05
3506,4.815396026,0.06170941,0.000129811
3507,3.505207528,0.094871297,6.83263E-05
3508,4.239587649,0.054935988,1.68893E-05
3509,2.51304679,0.067952513,0.000243096
3510,4.243185701,0.030844697,0.000748563
3511,3.91981929,0.096958746,0.000525241
3512,4.102778873,0.079391213,0.000129131
3513,3.67393034,0.079615689,0.000193591
3514,4.374418726,0.076739514,0.000199254
3515,4.309296629,0.086625946,0.000274943
3516,4.176315428,0.078987904,0.000692848
3517,4.361789231,0.026979805,0.000497395
3518,4.786616883,0.065182674,0.000401648
3519,2.872848657,0.033476681,0.000517159
3520,4.097031666,0.075946488,0.000935727
3521,2.54762691,0.033616769,0.000373484
3522,3.805055585,0.093133123,0.000298425
3523,4.205829762,0.017626346,4.94818E-05
3524,2.791811269,0.01956152,0.000185178
3525,4.156124741,0.092445003,0.000467854
3526,4.397287459,0.019723836,0.000334813
3527,2.851780384,0.079341387,0.000616555
3528,4.733330756,0.01308188,0.000509489
3529,3.723044934,0.028604563,0.000483261
3530,4.856826733,0.033054614,0.00011178
3531,2.617138743,0.090005597,0.000699228
3532,2.795060567,0.099515475,0.000721625
3533,4.019891129,0.046024387,0.000676601
3534,3.394644793,0.039899645,0.0002098
3535,4.37656361,0.088262214,7.76507E-05
3536,4.615464891,0.084558301,0.000496269
3537,4.720633199,0.087965248,0.000112976
3538,4.491598044,0.05945164,0.000163425
3539,4.003785656,0.056081872,0.000162871
3540,3.030560244,0.086613604,0.000542524
3541,4.199081653,0.086742125,7.41463E-05
3542,3.532544445,0.035500746,7.96642E-05
3543,3.330725523,0.070895305,0.00064472
3544,3.35497214,0.064433993,0.000562618
3545,3.916183108,0.043558099,0.000348816
3546,2.572699342,0.062267652,0.000768383
3547,4.412861891,0.074454779,0.000398166
3548,3.867122271,0.067291246,0.000542362
3549,4.934012891,0.018176339,8.56632E-06
3550,4.404107925,0.066754506,0.000349386
3551,3.593851381,0.085103141,0.00092276
3552,2.925602523,0.054044935,0.000538209
3553,4.204706661,0.022926942,0.000569591
3554,4.185721068,0.000206222,0.000989118
3555,4.873041404,0.055733742,0.000633041
3556,4.001881803,0.097050649,0.000317886
3557,3.687090149,0.033564813,6.00462E-05
3558,4.033607583,0.088834339,0.000554139
3559,4.041991756,0.049381344,0.000759655
3560,3.33109694,0.072969335,0.000981433
3561,2.925206742,0.048438191,0.000282299
3562,3.317190505,0.047420172,0.000281675
3563,4.465914543,0.041919036,0.000650949
3564,4.270136095,0.010552012,0.000590647
3565,3.583899186,0.007178283,0.000667309
3566,4.472385762,0.068839632,0.000423018
3567,2.677249299,0.094934431,0.000330687
3568,3.701698593,0.020372188,0.000489974
3569,4.879771979,0.061776244,0.000628369
3570,3.376057406,0.088188513,0.000832093
3571,2.527237304,0.073150646,0.000310606
3572,2.636204886,0.012114843,0.00032227
3573,4.076137492,0.005435901,9.2555E-06
3574,4.647466482,0.064805004,0.000700158
3575,3.156605375,0.000824319,0.000996611
3576,4.019371627,0.084318493,0.000917611
3577,4.360778559,0.00532802,0.000266117
3578,3.856659304,0.020899762,0.00086225
3579,4.008911605,0.081303545,0.000613501
3580,4.614126957,0.028826088,0.000462568
3581,4.633097245,0.010542857,0.000667987
3582,4.552892439,0.032775313,0.000176492
3583,4.632070678,0.039163568,0.000969819
3584,3.807508321,0.048060358,0.000106134
3585,4.200509534,0.023112345,0.000345442
3586,2.919030539,0.076727823,0.000208158
3587,4.010692558,0.047285902,0.000266662
3588,2.565189579,0.010869913,0.000297361
3589,2.808954207,0.075520992,0.000420836
3590,2.875853223,0.062959673,0.00014018
3591,3.409259492,0.024838374,0.000115147
3592,4.692240454,0.071282082,0.000530768
3593,4.395289334,0.093070988,0.000367374
3594,4.09916857,0.093824985,0.000958335
3595,2.671201216,0.031837711,0.000810542
3596,3.096046799,0.053270314,0.000967612
3597,3.618064373,0.047483684,0.000233135
3598,2.551034342,0.019168738,8.91371E-05
3599,4.701969179,0.064494284,0.000730186
3600,3.49359201,0.094208425,7.95964E-05
3601,4.097391781,0.086188871,0.000443125
3602,4.768353934,0.048064033,0.000602358
3603,3.251371348,0.084179241,0.000139731
3604,3.866827964,0.04587416,0.000248949
3605,3.057147695,0.091102654,0.000166448
3606,4.222652721,0.013494108,0.000316285
3607,3.483912338,0.066135412,0.000886652
3608,4.226549256,0.02098561,3.08954E-05
3609,2.871047043,0.006422128,1.62745E-05
3610,3.83692096,0.05431676,0.000453561
3611,3.012011444,0.062975796,0.00073193
3612,4.657418881,0.078537923,0.000110911
3613,3.737245894,0.099158837,0.000395532
3614,4.638261518,0.069608435,0.000999583
3615,2.961678144,0.074689969,0.000104027
3616,4.983280331,0.011894669,0.000597183
3617,2.697936132,0.074456358,0.000555243
3618,4.731291364,0.0976754,0.000172047
3619,3.84237939,0.008907439,0.000988775
3620,4.295036815,0.085347134,0.00088666
3621,4.198013688,0.054886248,0.000399008
3622,2.91398384,0.045581752,0.000864447
3623,4.503499575,0.02895508,6.27326E-05
3624,2.91754441,0.074358928,7.68106E-05
3625,3.083882154,0.028129384,2.44258E-05
3626,3.217077069,0.007502561,8.72777E-05
3627,2.84787408,0.004406604,0.000151346
3628,3.549469862,0.026485451,0.000947835
3629,3.91538509,0.06102326,0.000714807
3630,2.975215531,0.021196952,0.000295852
3631,3.383307431,0.068512294,0.000751098
3632,4.788814794,0.079673442,0.000215664
3633,4.908112213,0.096419541,0.000791976
3634,3.228694512,0.026765965,0.000810949
3635,4.210291016,0.069608789,0.000819481
3636,2.623781929,0.030268887,9.7279E-05
3637,2.697531727,0.008611367,0.00056224
3638,2.797004535,0.051528331,0.000746214
3639,2.580543876,0.037539014,0.000280878
3640,2.53955492,0.095687688,0.000268124
3641,3.203916463,0.074039469,3.2338E-07
3642,3.311181688,0.098106743,0.000830353
3643,2.925020804,0.09138725,0.000938106
3644,4.731432666,0.050114625,5.94072E-05
3645,4.6077751,0.07658484,0.000326596
3646,4.233228625,0.047419319,0.000244341
3647,4.722962648,0.022783979,0.000489038
3648,4.735510902,0.045595078,0.000907973
3649,4.120201888,0.054882206,0.000488027
3650,4.073721678,0.072622541,0.000611994
3651,4.160812958,0.022251973,0.000789242
3652,4.329708086,0.015565564,0.000944736
3653,2.624902327,0.09508932,0.000986209
3654,4.001297576,0.099699157,0.000396375
3655,4.055477106,0.084031537,0.000167738
3656,3.475764732,0.039928554,0.000322805
3657,3.330450543,0.062433967,5.91819E-05
3658,3.712526181,0.066892713,0.000819493
3659,4.445896534,0.072651032,0.000317652
3660,3.749386354,0.028467596,0.000563922
3661,3.713040951,0.069536806,0.000223845
3662,4.624955922,0.01056549,0.000470702
3663,4.929511411,0.076143585,0.000983315
3664,3.860188546,0.022816299,0.000912995
3665,3.248883082,0.072084125,0.00078911
3666,4.107163396,0.067520741,0.000894773
3667,3.884872415,0.006766402,0.000606203
3668,4.06923853,0.05278047,0.000289512
3669,3.234039618,0.001991006,0.000957034
3670,4.130905567,0.061054596,0.000207767
3671,3.730646063,0.076591964,0.000667063
3672,2.663468991,0.065009006,0.000510411
3673,4.099882844,0.045172312,0.000937755
3674,3.23898919,0.035215964,0.000696559
3675,2.985294536,0.031088944,0.000383028
3676,3.335560482,0.070623153,0.000830357
3677,4.798353361,0.085914639,0.000975263
3678,4.523768568,0.060191569,0.000651744
3679,4.818377614,0.070241805,0.000901297
3680,3.382689138,0.000249696,0.000279966
3681,4.658753016,0.058505011,0.000752282
3682,3.627737444,0.079418111,0.00068055
3683,2.71519235,0.07787159,0.000489615
3684,2.736597234,0.061516714,0.000599125
3685,3.006723747,0.096484994,0.000462599
3686,2.759534933,0.004180433,0.000141401
3687,2.646950181,0.062781517,0.000397401
3688,2.871771219,0.056308363,0.000785486
3689,4.709405171,0.032539114,0.00090399
3690,2.747023556,0.009378868,0.000462434
3691,3.313485902,0.021903268,0.000696611
3692,3.124110916,0.02804909,0.000133591
3693,4.9608771,0.078415642,0.000437333
3694,3.399072318,0.049344679,0.000211647
3695,2.920057832,0.043326834,3.37097E-05
3696,4.031472849,0.006076458,0.000776395
3697,3.94910103,0.021516721,0.000186976
3698,4.998733614,0.081834514,0.000416312
3699,3.986890307,0.031156649,0.000745288
3700,4.730571709,0.091533975,0.00046423
3701,4.814088404,0.013235592,0.000956343
3702,4.529231427,0.032519783,0.000414497
3703,3.398332481,0.053286985,0.000319469
3704,3.612814964,0.096065335,0.000915441
3705,3.098434381,0.091660231,0.000736333
3706,3.018600757,0.016034114,0.000282186
3707,4.173108169,0.098253951,0.000780854
3708,2.552263215,0.089408919,0.00010036
3709,3.476010871,0.045953846,0.000626638
3710,4.509618149,0.047478075,0.000384987
3711,3.12485911,0.078257827,0.000945067
3712,2.767501479,0.039067358,0.000642051
3713,3.955587934,0.031716385,3.08308E-05
3714,3.748286973,0.085164007,0.000689302
3715,3.767092079,0.081821947,0.000711526
3716,4.067102265,0.06548042,0.000557717
3717,2.962840979,0.089561868,0.000242705
3718,4.429925866,0.032177473,0.000924828
3719,3.547032431,0.028692525,4.64186E-07
3720,3.803711185,0.062890151,0.000676737
3721,3.581365192,0.025701929,0.000242882
3722,4.88271294,0.004717233,0.000853875
3723,3.397012103,0.046356696,0.00088336
3724,4.091216963,0.07914405,0.000605205
3725,3.69346144,0.097027234,0.000483384
3726,4.560032774,0.084359599,0.000724764
3727,2.721066264,0.092908553,0.000362332
3728,4.622637537,0.075989476,0.000285496
3729,4.857100766,0.086733158,0.000880433
3730,3.73311006,0.070825942,0.000676522
3731,3.183823468,0.098534447,0.000791051
3732,4.212812808,0.076060085,0.000125469
3733,4.921475726,0.089044651,0.000767535
3734,2.958372893,0.010941362,0.000592353
3735,3.482396825,0.014332972,0.000973362
3736,3.875287115,0.097311048,0.000570518
3737,2.572250648,0.046785132,0.000933098
3738,4.444927712,0.046192245,0.000293985
3739,4.063940555,0.038753644,0.000863289
3740,3.642977815,0.090082889,0.000529658
3741,3.349263257,0.003896723,0.000400584
3742,3.450616769,0.087088878,0.00027234
3743,3.63740997,0.037873714,0.000561156
3744,3.907335925,0.011064855,0.000406513
3745,3.013645045,0.087020115,0.000623756
3746,4.727376754,0.010468508,8.05084E-06
3747,3.214775942,0.092200625,0.000138064
3748,4.754612848,0.046683253,0.000276121
3749,4.164383663,0.06478882,0.000114246
3750,3.728478753,0.064173494,0.000550029
3751,4.654761454,0.017479972,0.000709167
3752,2.590093814,0.058277504,0.000301081
3753,4.484336375,0.034297164,0.000169733
3754,3.075145937,0.008224109,9.98548E-06
3755,2.951272507,0.028305851,0.000710666
3756,4.331754601,0.07781076,0.000138062
3757,2.850079862,0.001928629,0.00073074
3758,2.508141911,0.00319053,0.000351872
3759,3.578927197,0.078074056,6.69977E-05
3760,3.787727292,0.072562946,0.000972483
3761,3.233977826,0.006517259,0.000383081
3762,3.075412542,0.027854461,3.02518E-05
3763,3.343393065,0.087027625,0.000785389
3764,4.150640378,0.025497528,0.000222269
3765,3.401600047,0.066307679,0.000551355
3766,4.507480688,0.060281277,0.000462484
3767,4.057041993,0.084565372,0.000632247
3768,3.569470102,0.044191288,0.000342064
3769,2.808946151,0.056145202,0.000678573
3770,3.980682403,0.001260034,0.000718493
3771,2.932610107,0.022499151,0.000803914
3772,2.561030756,0.03256059,0.000306782
3773,4.711570966,0.044595992,0.000783167
3774,3.3610054,0.050234748,0.000365184
3775,3.556871459,0.085409812,9.45057E-05
3776,4.440557772,0.058799554,0.000255683
3777,3.921418677,0.042695375,0.000623877
3778,3.044381671,6.15971E-05,0.000229169
3779,4.125122305,0.059798035,3.62878E-05
3780,4.113416658,0.001588566,4.05559E-05
3781,3.075219425,0.064460488,0.000563492
3782,4.031193824,0.015806993,0.00085637
3783,4.629127949,0.014324062,0.000202812
3784,3.185765074,0.091692345,0.000115068
3785,4.931108407,0.030174937,0.000629645
3786,3.235648168,0.083207223,0.000637021
3787,4.25057453,0.045443934,0.000199896
3788,4.744220249,0.043522295,0.00047621
3789,3.858243316,0.011157088,0.000204669
3790,4.564878343,0.036449392,0.000966044
3791,4.185419712,0.007917647,0.00030656
3792,3.006107429,0.025866815,0.000611554
3793,4.407399442,0.096835288,0.000809684
3794,4.415736841,0.062038898,0.000232778
3795,3.127116089,0.09882215,0.000316923
3796,3.560392107,0.081036005,6.28277E-05
3797,3.832290715,0.051054552,0.000730026
3798,2.783965722,0.033638041,0.000682819
3799,2.956546208,0.022667158,0.000740293
3800,2.991306807,0.012435525,1.50896E-05
3801,3.713847918,0.063502922,1.05213E-05
3802,3.166716254,0.01393607,0.000235005
3803,4.4131423,0.050310862,7.4985E-05
3804,2.725421733,0.092994609,0.000641453
3805,3.757223234,0.020020209,0.000356386
3806,2.701565927,0.007433479,0.000796292
3807,4.62857875,0.029871495,0.000700281
3808,2.795265643,0.050524496,0.000692643
3809,3.35769594,0.017802277,1.58238E-05
3810,3.059902555,0.087629639,0.000559809
3811,3.087780507,0.063760047,0.000145149
3812,3.102539032,0.007487421,0.00072368
3813,3.216441157,0.066635942,0.000271948
3814,3.172573968,0.088182663,0.000531891
3815,2.985856024,0.061530874,0.000120533
3816,3.86385832,0.062501931,0.000893082
3817,4.514255357,0.070173184,0.000883732
3818,4.428885442,0.086841078,0.000520254
3819,3.911144725,0.027503375,0.000288025
3820,4.085828427,0.007417808,0.000434169
3821,3.151625928,0.040567464,0.000713822
3822,3.34948992,0.06232019,0.000751645
3823,3.605125144,0.04971225,0.000205402
3824,2.869507875,0.066404596,0.000388733
3825,4.788090078,0.059497814,0.000747993
3826,3.986146868,0.02525891,0.000852414
3827,2.746810047,0.074908526,0.000872521
3828,3.100338439,0.072129031,0.000642629
3829,3.20434001,0.015248598,0.000949464
3830,3.346588548,0.06411603,0.000990951
3831,4.437624224,0.027807863,0.000976757
3832,3.556128291,0.01454038,0.000630343
3833,2.622001929,0.005013031,0.000101864
3834,3.461551353,0.028375125,2.91822E-05
3835,4.389444042,0.082441767,0.000347963
3836,4.856796439,0.050803888,0.000330086
3837,3.801454649,0.011511322,0.000998602
3838,2.54066773,0.000204227,0.000753457
3839,3.709002137,0.091442754,0.000586747
3840,3.935300226,0.088712936,0.000466
3841,3.488310206,0.010287381,0.000171314
3842,4.686148402,0.037709524,0.000289519
3843,3.178459028,0.096389606,0.000781108
3844,4.180891949,0.010249961,0.000261316
3845,3.872973434,0.070303244,0.000228852
3846,3.281354651,0.00020842,0.000616897
3847,2.669609218,0.040105174,0.000365421
3848,3.095252777,0.029649574,0.000414375
3849,3.727447374,0.097598741,0.000781298
3850,3.662594144,0.043055971,0.000371749
3851,2.596375824,0.047212444,0.000730657
3852,4.636421594,0.045228189,0.000409272
3853,3.304095578,0.060490384,0.000311279
3854,3.200640855,0.045147416,0.000266686
3855,2.928318689,0.031196696,0.000859116
3856,2.882184595,0.028854258,0.000422399
3857,4.215274013,0.043338481,0.0006798
3858,2.972695316,0.073239853,1.85876E-06
3859,3.706083436,0.098767125,0.000259697
3860,2.726407378,0.019680854,0.000266365
3861,3.185940536,0.042779019,8.353E-05
3862,3.545997391,0.071597376,0.000641044
3863,4.704018223,0.023480991,0.000983944
3864,3.51264176,0.061354966,0.000816725
3865,3.243246585,0.083909059,0.000864948
3866,3.918684065,0.084788219,0.00080935
3867,4.898683356,0.036348057,0.000949646
3868,4.667677157,0.026390784,0.000512836
3869,4.329513916,0.043327886,0.000473312
3870,4.975298276,0.072521632,0.000926661
3871,4.81829321,0.044612322,0.000193111
3872,3.409416391,0.070606355,0.000372354
3873,3.999708098,0.096622471,5.31795E-05
3874,4.394904823,0.079823827,9.8042E-05
3875,4.817074355,0.012020015,0.000686889
3876,2.964826844,0.014684941,5.68802E-05
3877,4.219603173,0.05991472,0.000263758
3878,3.55449241,0.016858842,0.000438744
3879,4.800489438,0.003237839,0.000509061
3880,2.906793888,0.000549924,0.000645691
3881,3.149604622,0.033378692,0.000610231
3882,3.287997399,0.006335561,0.000283216
3883,4.320738798,0.090110621,0.000597488
3884,4.835683799,0.043885552,0.000267808
3885,3.62458779,0.026200051,0.000696148
3886,4.515007491,0.019958032,0.000106939
3887,4.341036555,0.051286308,0.000941564
3888,4.672283836,0.045569303,0.00013302
3889,3.678608069,0.010178138,0.000176335
3890,3.92188689,0.026440154,0.000638112
3891,4.986339174,0.080962088,0.000961169
3892,3.538398034,0.047667399,0.000924981
3893,2.527893192,0.044537803,0.000420974
3894,4.113053199,0.050726493,0.000951115
3895,3.943729958,0.023209127,0.000778886
3896,4.421421328,0.044985193,0.000443169
3897,3.46111966,0.045327756,0.000474915
3898,4.770143422,0.024421069,0.000491667
3899,2.675731668,0.05846021,0.000988775
3900,4.068987264,0.069364551,0.000272256
3901,2.710808082,0.032193863,0.000576402
3902,3.971671253,0.05692233,0.000888092
3903,3.028395447,0.038575383,0.000709257
3904,3.259143275,0.066656582,0.000366783
3905,4.149162379,0.009629629,0.000238088
3906,4.559328076,0.009075132,0.000510222
3907,3.92177844,0.082715414,0.000469576
3908,3.53204525,0.061313777,0.000207957
3909,4.665736872,0.019742306,0.000866766
3910,3.689724796,0.056936568,0.000699309
3911,4.763726698,0.074144414,0.000638464
3912,3.656316028,0.049581948,0.000184175
3913,4.657591052,0.083251503,0.000556648
3914,4.742266012,0.072964435,2.27809E-05
3915,3.293508521,0.034064224,0.000139551
3916,3.314640565,0.071503884,0.000193558
3917,2.94374908,0.073514925,0.000205154
3918,4.222333826,0.03737852,0.00044022
3919,3.452095971,0.004613894,0.000637798
3920,3.233016183,0.095858462,0.000595028
3921,4.341625902,0.058584464,0.000722617
3922,2.719073247,0.072935544,0.000701046
3923,4.14784866,0.009988201,0.000731706
3924,2.551727651,0.043272621,0.000708117
3925,3.478937007,0.020727712,0.00029565
3926,4.179134708,0.072516398,0.000836885
3927,2.571377765,0.068322425,0.000547385
3928,4.879282141,0.048018016,0.000466707
3929,2.918152337,0.034170453,0.000301228
3930,4.613577704,0.09429072,0.000354411
3931,4.079409137,0.042767746,0.000545816
3932,4.824425386,0.086616273,0.000682961
3933,4.961435295,0.081362791,0.000544908
3934,2.522915052,0.019482474,0.000412846
3935,4.60143269,0.018739349,0.000148388
3936,4.106560686,0.058931382,0.000375376
3937,2.961186597,0.07436569,0.000107748
3938,2.825804839,0.078527247,0.000835481
3939,3.120194871,0.012114309,0.00086224
3940,2.678589635,0.062944076,0.000719115
3941,3.215317986,0.070768958,0.000934582
3942,4.918073929,0.092078568,0.000913414
3943,4.682079656,0.058269517,4.05457E-06
3944,3.453718898,0.031320945,0.000607754
3945,4.497004208,0.082744014,0.000859781
3946,2.892776413,0.017510202,0.000203114
3947,4.799881471,0.063444073,0.000340022
3948,2.704107337,0.051823253,0.000288132
3949,4.782758321,0.010782494,0.000138375
3950,3.598975345,0.098848233,0.000306223
3951,4.788975387,0.001697014,0.000829414
3952,3.056117157,0.013630434,8.20704E-05
3953,3.688604776,0.009322464,7.25989E-05
3954,3.119290508,0.072698903,0.000207328
3955,3.992646288,0.087057729,0.000456063
3956,3.768564787,0.026976197,0.000985654
3957,4.212360982,0.051514636,0.000886042
3958,4.727352016,0.097392601,0.000554475
3959,2.796414764,0.005520229,0.000561406
3960,2.716934384,0.015258391,0.00031428
3961,3.614838629,0.034589374,0.000341303
3962,4.384267804,0.077359621,0.000395112
3963,3.960897161,0.040655227,7.66813E-05
3964,4.469424731,0.082582997,0.000309993
3965,3.545850293,0.002196768,0.000622749
3966,4.762010778,0.024011547,0.00097827
3967,3.380389223,0.02376525,0.00029636
3968,2.630246962,0.008391235,0.000470033
3969,4.371516213,0.056910882,0.000714064
3970,2.630305735,0.069078813,0.000158222
3971,3.591742901,0.086997721,0.000706462
3972,2.580739843,0.028312827,0.000610629
3973,4.301263418,0.065100396,0.000863174
3974,3.660555406,0.009492399,0.000499182
3975,3.920472025,0.008431384,0.000569747
3976,3.065381249,0.087972482,0.000182399
3977,4.404817067,0.019423061,0.000138037
3978,4.58550344,0.006757727,0.000661615
3979,4.039504577,0.098879935,0.000412164
3980,2.793402181,0.059565622,0.000580924
3981,4.017609831,0.012128339,0.000977562
3982,4.408436602,0.025115869,0.000589351
3983,3.815764191,0.090246864,0.000455216
3984,2.806444037,0.094507884,0.000432042
3985,4.08786148,0.047311828,0.000965682
3986,4.527125987,0.071367832,0.000777771
3987,3.003345608,0.085740359,0.000472278
3988,4.672753509,0.030494784,0.000428752
3989,2.875237451,0.049851848,0.000457285
3990,2.934197125,0.063379194,0.000617506
3991,2.99196839,0.063206715,0.000109619
3992,3.222253765,0.052506468,0.000747783
3993,4.592787743,0.026757932,0.000472464
3994,4.889112454,0.005924948,0.000536704
3995,3.391111351,0.024448963,0.000917273
3996,3.203871861,0.096513794,0.000140631
3997,3.126677853,0.038183027,0.000983741
3998,3.552616186,0.069741203,0.000151996
3999,3.499373125,0.05131719,0.000682521
4000,4.885468787,0.047324684,0.000436012
4001,4.503904678,0.029383908,0.000804873
4002,3.512947876,0.060550354,0.000173747
4003,4.554495617,0.073212564,0.000496376
4004,3.599422833,0.057045321,0.000912453
4005,3.762613374,0.012145727,0.000729384
4006,4.828189373,0.049748223,0.000205027
4007,3.651946321,0.086522987,0.000458332
4008,4.180999863,0.00256454,0.000934722
4009,3.512529304,0.053908054,8.37149E-05
4010,2.847701378,0.089015579,0.000638203
4011,3.90355276,0.029342523,0.000590317
4012,2.703504805,0.048891881,0.000884673
4013,2.838158712,0.003094194,0.000978419
4014,3.456582229,0.04732668,0.00041278
4015,4.924849248,0.064964268,0.000874626
4016,4.857345135,0.066636423,0.00062849
4017,4.936352667,0.098781976,0.000994781
4018,4.278945031,0.012071504,0.000841343
4019,4.404995295,0.020705307,0.000150369
4020,3.853956248,0.065427196,0.000167701
4021,3.40958308,0.007788197,0.000304917
4022,3.922440875,0.084365917,0.000979361
4023,3.692991081,0.008318287,0.000289117
4024,4.339523785,0.048306898,0.000157462
4025,3.018178711,0.095672319,0.000442697
4026,4.492239742,0.038392327,0.000799555
4027,3.787496398,0.077243786,0.000612329
4028,3.057483669,0.052351215,0.000239468
4029,3.311839827,0.089321549,0.000118523
4030,4.026397536,0.047868451,0.000363808
4031,2.859945328,0.092999866,0.000311188
4032,4.875085549,0.019782463,0.000250392
4033,3.918220021,0.038443898,0.000369081
4034,2.715893424,0.030248314,0.000306936
4035,3.380616174,0.049071391,8.58675E-05
4036,3.087382742,0.075042674,0.000672663
4037,3.001491,0.007064751,0.000298891
4038,3.839921599,0.000256814,5.61427E-05
4039,3.653416561,0.070538242,0.000988403
4040,2.556102435,5.15791E-05,0.00017768
4041,2.548919635,0.085901324,0.000480142
4042,2.875979964,0.073160144,0.000163716
4043,3.073939659,0.085268488,0.000227937
4044,3.131837535,0.084530666,4.77864E-05
4045,4.212696403,0.090276106,0.000911646
4046,3.149419687,0.067248565,0.000532758
4047,3.201534929,0.042179461,0.000489093
4048,4.352658343,0.089467629,0.000835793
4049,4.707169428,0.017807198,0.000768595
4050,3.362743164,0.081231663,0.000794622
4051,4.018310226,0.0696296,0.000329835
4052,4.132634059,0.042087964,0.000658077
4053,3.506062018,0.037232943,0.000619784
4054,2.981822444,0.022010038,0.0004691
4055,4.606840094,0.07227956,0.000604932
4056,3.655802484,0.062187359,0.000443922
4057,4.037326706,0.006140255,0.000225107
4058,3.226904914,0.033769871,0.000354747
4059,3.423035402,0.095914962,0.000635535
4060,3.77303476,0.0734644,0.000397936
4061,4.94829108,0.091530364,0.00057236
4062,3.313494678,0.023646992,0.000845424
4063,4.361419067,0.019165536,0.000987089
4064,3.34755923,0.022417525,0.000883059
4065,3.971639496,0.029763251,0.000743994
4066,2.709612951,0.034587158,0.000183972
4067,4.360471109,0.043312077,0.00039569
4068,3.360437701,0.060141287,0.000926542
4069,2.680553651,0.000945193,0.00082996
4070,4.975946685,0.008120451,0.000559698
4071,3.218951142,0.008284346,0.000843751
4072,2.516663032,0.087928075,0.000530812
4073,4.481656229,0.072198928,0.000105689
4074,3.882793814,0.087491822,0.0009086
4075,2.729896083,0.021189188,0.000158305
4076,3.121357013,0.050508423,0.000847246
4077,4.281028608,0.00068269,0.000300794
4078,2.573818216,0.007764485,0.000811194
4079,3.815410388,0.00536418,0.000920346
4080,2.833990447,0.096038941,0.000846155
4081,3.058378802,0.076995882,0.000475198
4082,3.731462601,0.048679532,0.000773114
4083,3.649837615,0.007782172,0.000572034
4084,4.49621206,0.021570009,0.000553321
4085,4.046965403,0.002490169,0.000697356
4086,3.79745737,0.027660369,0.000476041
4087,4.35621228,0.050296977,0.000457412
4088,2.679631695,0.097820659,0.000414959
4089,2.991377641,0.078409271,0.000673938
4090,2.966573661,0.045658476,0.000268767
4091,4.026479571,0.068167446,0.000332575
4092,2.815766242,0.088072142,0.000641902
4093,3.682105075,0.013964069,0.000503495
4094,3.762697187,0.023103414,0.000643486
4095,4.716021638,0.073290574,0.00035911
4096,2.991163701,0.051765537,0.000240753
4097,3.015349914,0.085037299,0.000336204
4098,4.008014457,0.087470855,0.00031927
4099,2.874886272,0.016664016,0.000939757
4100,2.507500203,0.062867422,0.000178241
4101,4.199819697,0.066144872,0.000482239
4102,3.408479625,0.00328612,5.2479E-05
4103,3.252934542,0.011817402,0.000264222
4104,3.164831077,0.00092678,9.93921E-05
4105,4.665144039,0.005808143,0.000503162
4106,3.728048331,0.04626094,4.41109E-05
4107,2.758756572,0.077021189,0.000122242
4108,4.80135851,0.001295926,0.000807786
4109,3.104423426,0.053825703,0.000680055
4110,2.742401928,0.053062767,0.000637493
4111,2.547194946,0.067175906,0.000553293
4112,2.937219443,0.077705672,0.000928605
4113,2.590197386,0.018596442,0.000942724
4114,2.875662563,0.061635564,1.25233E-05
4115,3.008177787,0.036760387,0.000316414
4116,4.632227093,0.085755153,0.00043197
4117,4.40403143,0.067960696,0.000376364
4118,4.799471028,0.023436191,0.000427381
4119,4.833992459,0.030192294,0.000922399
4120,3.590670908,0.081635963,0.000972264
4121,3.287897886,0.028905902,9.62872E-05
4122,4.976235369,0.032238181,0.000297374
4123,3.474301123,0.012239971,0.000426111
4124,4.193628589,0.061140122,0.000703219
4125,3.811875518,0.044808758,0.000956936
4126,3.042987472,0.007868599,0.000685218
4127,4.879186774,0.040946659,0.000231169
4128,4.107220673,0.033734585,0.000353762
4129,4.727196284,0.081592167,0.000458337
4130,4.212425043,0.021383789,0.00056662
4131,2.841848775,0.084693474,0.000373115
4132,4.579870325,0.012563295,0.000568176
4133,3.259558808,0.047625994,8.56874E-05
4134,4.059871094,0.018414945,0.000614384
4135,2.949839339,0.069847136,0.000515627
4136,4.650354964,0.068378024,0.000161601
4137,4.833487828,0.058156865,0.000836338
4138,2.604602745,0.055870573,0.000549599
4139,3.104113496,0.003712913,0.000963156
4140,4.604901109,0.063413199,0.00070691
4141,4.333705301,0.022401319,3.65762E-05
4142,4.919694615,0.090058459,0.00074106
4143,3.216423759,0.051609767,0.000184529
4144,4.606035531,0.023526503,0.000593348
4145,4.200320258,0.051405679,0.000485066
4146,4.4463251,0.066956567,0.000424206
4147,2.601208442,0.039229758,0.000994373
4148,2.591009454,0.079599101,0.000719503
4149,3.71004158,0.055105554,0.00089216
4150,2.957395787,0.080669511,0.000716663
4151,4.810845561,0.040622214,0.000537853
4152,4.831320985,0.036372985,0.000164055
4153,3.460652485,0.024810891,0.000296405
4154,3.151476535,0.030183887,4.72065E-05
4155,4.934792394,0.047641413,6.30825E-05
4156,3.514254699,0.044547828,0.000807176
4157,3.279890554,0.03980242,0.000295566
4158,4.177731467,0.029222975,3.26659E-05
4159,4.279934352,0.016707966,0.000168662
4160,2.908681975,0.096407932,0.00035761
4161,3.949438826,0.056437238,0.00050659
4162,3.63118907,0.062065154,0.000130076
4163,4.555157101,0.052465596,0.000299996
4164,2.695799166,0.097667882,0.000593246
4165,3.610917967,0.047719129,0.000649969
4166,4.710736701,0.022852059,0.000613975
4167,4.069137168,0.010252498,0.0007028
4168,3.865163142,0.029699282,0.000113586
4169,4.650484547,0.004746037,4.59288E-05
4170,3.614802384,0.089956898,0.000909772
4171,3.025265543,0.016316783,0.000904442
4172,3.062949408,0.018387084,0.000949236
4173,4.834258517,0.03500755,0.000453129
4174,4.715836907,0.097691372,0.000138789
4175,4.511893154,0.007986597,0.000658697
4176,3.496812125,0.065073972,0.000337306
4177,3.213709806,0.013180423,0.000137769
4178,4.582936469,0.028400632,5.92683E-06
4179,4.42132444,0.094062628,0.000219874
4180,4.80691103,0.05829392,0.000879475
4181,4.763481709,0.043254654,0.000595758
4182,3.986761321,0.094045123,0.000644719
4183,4.132824759,0.078476154,0.000104761
4184,4.695044144,0.041457738,0.000918087
4185,4.9022894,0.030157796,0.000964082
4186,4.045738383,0.025950364,2.98676E-05
4187,4.335440986,0.091727242,0.00057696
4188,3.464331456,0.023327939,0.000847762
4189,4.265357862,0.028027558,0.000218134
4190,4.018685254,0.051862635,0.000825375
4191,4.384104827,0.011708023,0.0009507
4192,3.916822794,0.035029821,0.000922087
4193,4.665565657,0.080544518,3.71125E-05
4194,4.028211821,0.074595444,0.000915199
4195,3.226996416,0.066339709,0.000508216
4196,2.977387131,0.071438845,0.00076968
4197,3.615654516,0.010564308,0.0008609
4198,4.978411347,0.034872751,0.000173649
4199,2.906463899,0.010244858,0.00041496
4200,3.961996341,0.091734734,0.000247817
4201,2.849045719,0.001746705,0.000785464
4202,3.271541835,0.086779886,0.000419044
4203,4.640457339,0.084275779,0.000276955
4204,3.889113273,0.012741479,4.22322E-05
4205,3.019922353,0.028436296,0.000203766
4206,3.622644817,0.00512557,8.13617E-05
4207,3.047979525,0.010296996,0.000584377
4208,4.995231108,0.017428272,0.000764905
4209,2.85019591,0.095627701,0.000789903
4210,3.205350357,0.02573403,0.000681681
4211,3.726104401,0.004828625,0.000883872
4212,3.180268662,0.059572594,0.000694256
4213,3.60657676,0.031670204,0.000139419
4214,4.312820115,0.093136594,0.000333188
4215,4.013424447,0.022721666,0.000318319
4216,3.139908794,0.004086823,0.000329379
4217,3.672894385,0.030790044,0.000689727
4218,4.979164602,0.019441296,0.000455965
4219,4.435148426,0.092571707,0.000423527
4220,4.135819915,0.03403844,7.15391E-05
4221,4.30035252,0.047635021,0.000310942
4222,2.871189808,0.048095588,0.000694274
4223,4.543122866,0.094507554,0.000534693
4224,3.640053233,0.093615753,0.000197078
4225,4.264177355,0.004391944,0.000880205
4226,4.222391634,0.068227047,0.00059218
4227,4.394008081,0.062165217,0.000888988
4228,4.333418628,0.028641607,0.000307533
4229,4.607381804,0.058069805,0.000130543
4230,2.520758639,0.003450166,0.000333138
4231,4.535576876,0.039594942,0.00025325
4232,4.981842914,0.068243151,0.000197609
4233,4.419291745,0.075720347,0.000572758
4234,4.680146878,0.046151208,0.000910954
4235,4.160895249,0.028257788,0.000611765
4236,3.275199787,0.010580696,0.00078738
4237,3.12865777,0.081383287,0.000135948
4238,4.078578864,0.099533574,0.000293938
4239,4.986093169,0.042847226,0.000987158
4240,4.172960459,0.058142671,0.00091972
4241,3.622889891,0.052073277,0.000627696
4242,3.25926952,0.081289547,0.000458518
4243,3.945894692,0.009471596,0.000834541
4244,4.69007811,0.082615202,0.000780824
4245,2.708696824,0.035128053,0.000302286
4246,4.807249524,0.08034717,0.000626355
4247,3.106468855,0.069577169,0.000851494
4248,2.874000512,0.070355931,0.000889686
4249,2.850217694,0.00453183,0.000381513
4250,4.379858735,0.070588882,0.000530135
4251,4.949265104,0.00230622,0.000493732
4252,3.305601266,0.071209183,0.000859232
4253,4.104354593,0.03830315,0.000510946
4254,4.330114478,0.053469627,0.000404386
4255,3.232085481,0.03145134,7.2336E-05
4256,2.795369973,0.007982247,0.000700454
4257,2.742087325,0.026006579,0.000199441
4258,4.082263043,0.018675499,5.17075E-05
4259,3.245510592,0.095851466,0.000443775
4260,4.539057361,0.085959841,0.00070019
4261,2.783119319,0.073174542,1.2424E-05
4262,3.139580418,0.050031649,0.00061615
4263,3.604965987,0.006618844,0.000928047
4264,4.04605366,0.087702636,0.000522207
4265,4.561102083,0.086862515,8.72352E-05
4266,3.610010187,0.025648073,0.000233821
4267,2.503510859,0.02074913,0.000122267
4268,4.645896861,0.065621436,0.000358794
4269,3.514976137,0.07276419,0.000684503
4270,4.148208485,0.044240537,0.000142644
4271,3.420552243,0.085538754,0.000557334
4272,4.441480903,0.090835599,0.000893825
4273,3.094480113,0.030185164,9.40675E-05
4274,4.824108494,0.060112724,0.000994385
4275,3.276663832,0.01177774,0.000960857
4276,2.820354571,0.047915578,0.000350677
4277,2.600601747,0.021106571,0.000981808
4278,4.301197501,0.063034658,0.000351065
4279,4.121816478,0.02103034,9.20322E-05
4280,4.426206036,0.020562178,0.000681492
4281,4.29919128,0.066215854,0.000974
4282,4.186195274,0.058552228,0.000855701
4283,4.460407337,0.039791697,0.000569832
4284,4.903976387,0.019177802,0.000700229
4285,3.79120317,0.043493049,0.000761226
4286,3.471867453,0.015269759,0.000538564
4287,3.157202481,0.08736792,0.00053881
4288,3.161004466,0.051192309,0.000456041
4289,3.601216604,0.08568019,0.000867058
4290,4.327239822,0.008293505,0.000198816
4291,3.504521069,0.0035277,0.000169579
4292,3.771715407,0.094392818,0.000717411
4293,4.481799209,0.039292057,0.000323708
4294,2.641367233,0.082264006,0.000361679
4295,3.635065529,0.09864758,0.000259252
4296,3.894618183,0.047239614,0.000235436
4297,3.255653101,0.012564833,1.90119E-05
4298,3.334676459,0.038084562,0.00060402
4299,4.504621004,0.072887293,4.87882E-05
4300,4.828299595,0.032101281,0.000567247
4301,4.077512616,0.017118949,0.000726739
4302,4.70320005,0.038052775,9.22219E-05
4303,3.112063957,0.061533025,2.66498E-06
4304,3.098069095,0.055440975,0.000622394
4305,3.738772564,0.008461912,0.000947551
4306,4.81847003,0.088318834,0.000886719
4307,2.744450165,0.06662386,0.000316814
4308,4.840565601,0.056237305,0.000514544
4309,3.356377796,0.087481141,8.76245E-05
4310,4.055113974,0.031009197,0.000206586
4311,3.851873967,0.089388121,0.000507242
4312,3.982206968,0.025674254,0.000909709
4313,3.339977153,0.033743296,1.09727E-05
4314,4.141179234,0.017357192,0.000455999
4315,2.898880243,0.077479797,0.000255294
4316,3.08144817,0.076472279,0.000864689
4317,3.633988161,0.04435916,0.000976194
4318,3.657229683,0.054140833,0.000665216
4319,4.634731782,0.059474159,0.000301362
4320,4.697159875,0.073575552,8.98719E-05
4321,2.911320288,0.073475694,0.000584207
4322,3.646274962,0.032332361,0.000372414
4323,3.045402252,0.097071683,3.75512E-05
4324,4.475153468,0.091834138,0.000770218
4325,3.315146876,0.086239487,0.000205041
4326,2.592479917,0.044627684,0.000544658
4327,4.087496534,0.063878536,0.000116229
4328,2.696760855,0.001957514,0.000787899
4329,2.967559096,0.056920053,0.000131277
4330,4.977640033,0.076867952,7.958E-05
4331,3.348686225,0.069126115,3.58122E-06
4332,2.866262216,0.067554116,0.000576807
4333,4.824894719,0.056269028,0.000281003
4334,4.227855936,0.070000365,0.000593072
4335,3.966384383,0.012990538,0.000887604
4336,4.596424428,0.071332208,0.000597434
4337,2.980967376,0.050510636,0.000681834
4338,4.339743633,0.032495599,3.67264E-05
4339,4.09750913,0.091507673,0.000197971
4340,4.773605504,0.01083268,0.000285004
4341,3.382088114,0.054749219,0.000369005
4342,2.685323707,0.094024445,0.000311888
4343,4.685707129,0.048997713,4.10079E-05
4344,4.076469385,0.000627047,3.14236E-06
4345,3.716191491,0.001446513,7.59721E-05
4346,2.942980173,0.013188432,0.000392219
4347,3.872662408,0.019658295,0.000679758
4348,4.350026061,0.05021374,0.000567638
4349,3.218197051,0.039406548,0.000605032
4350,4.780355747,0.036060897,0.00088327
4351,4.051498309,0.030973187,0.000593378
4352,3.090294012,0.036288172,0.000903758
4353,4.246389778,0.06671829,0.000492789
4354,2.654790651,0.042723366,0.000239679
4355,2.508655686,0.095418475,0.000783216
4356,4.682946489,0.079097977,0.000399635
4357,3.569328625,0.032368254,0.000957068
4358,3.108674881,0.035342253,0.000257664
4359,4.008761948,0.062092997,0.000174056
4360,3.826141298,0.053802105,2.53878E-05
4361,2.944723947,0.054974052,0.000988044
4362,4.200495193,0.037194563,0.000117414
4363,3.916671896,0.065029549,0.000671972
4364,4.830631763,0.088054699,0.000328401
4365,4.849515352,0.060864879,0.000881264
4366,3.392748799,0.038452418,0.000651183
4367,3.493793187,0.077894414,0.000330282
4368,4.132516848,0.054387179,0.00089208
4369,3.827954438,0.09717605,0.000204093
4370,2.82525883,0.041174729,0.000848784
4371,3.982935064,0.048963932,0.000790646
4372,3.101178002,0.066117779,0.000233812
4373,2.857707645,0.044424491,0.000470645
4374,4.532880933,0.045160329,0.000858309
4375,2.897974944,0.033542916,0.000500249
4376,4.041957751,0.04994469,0.000487003
4377,2.904254433,0.093393527,0.000606382
4378,3.150419458,0.032239494,0.000326318
4379,3.384490817,0.025896915,0.000626845
4380,3.711058122,0.087629789,0.000670027
4381,4.884351054,0.008286853,4.99355E-05
4382,3.310893896,0.062794905,0.000797512
4383,4.6498363,0.079080522,0.000671983
4384,3.447101644,0.054482151,0.000986823
4385,3.079500205,0.031138656,0.000501345
4386,3.550881929,0.058854683,0.000341437
4387,4.241577946,0.080963969,0.000765715
4388,3.10601247,0.031575761,0.000367356
4389,2.658490536,0.076297178,0.000418252
4390,3.278046604,0.084988908,0.000496351
4391,4.19410574,0.015800568,6.98151E-05
4392,3.358482157,0.021221072,0.000571944
4393,2.704976454,0.055174128,2.37914E-05
4394,2.616361165,0.005385182,0.000491738
4395,4.191065853,0.085598112,0.000967184
4396,3.435475666,0.008001621,0.000998692
4397,4.978017921,0.041670047,0.000579435
4398,4.48715182,0.016523427,0.000267645
4399,3.354380503,0.040634129,0.000716581
4400,3.609977666,0.009499432,5.42021E-05
4401,3.425437896,0.021296727,0.000280916
4402,4.073626819,0.015912066,0.000490274
4403,4.784419593,0.076957994,0.000252693
4404,2.516808716,0.003356315,0.000888515
4405,2.982915794,0.021831473,0.000208334
4406,4.905800598,0.039762051,0.000873106
4407,3.463565751,0.06904681,0.00027603
4408,4.754095124,0.032117348,0.00076259
4409,4.983960977,0.039716881,0.000498847
4410,4.25610301,0.006107884,0.000429777
4411,4.093713542,0.027494376,0.000133477
4412,3.160343866,0.029503955,0.000931533
4413,3.925200063,0.064244533,0.000924798
4414,2.691904252,0.064184764,8.57314E-05
4415,4.812708566,0.057587337,7.09074E-05
4416,4.550466125,0.017600654,0.000827438
4417,2.559258837,0.005996327,0.000893503
4418,3.928086962,0.096901959,0.000391934
4419,4.996665842,0.026169437,0.000260369
4420,4.286202183,0.085094901,0.000173095
4421,3.78767922,0.061008578,0.000198103
4422,3.328272785,0.024451322,0.000572869
4423,4.545113186,0.060326513,0.000218666
4424,4.482038004,0.099279601,0.000228418
4425,3.002514484,0.023366865,0.00075104
4426,4.499993154,0.09438752,0.000279963
4427,4.109786821,0.060127331,0.000323447
4428,4.634264287,0.07297786,0.000499193
4429,2.775465007,0.014196699,0.000774068
4430,4.464310631,0.041427689,0.0005534
4431,3.578335543,0.026785897,0.000468463
4432,2.823347202,0.071988502,0.000315797
4433,3.384875886,0.094593287,5.5325E-05
4434,2.556668763,0.083749464,0.000392378
4435,3.513098701,0.099072932,0.000634872
4436,3.351996412,0.046868808,0.000353786
4437,3.202092703,0.092849288,5.17907E-05
4438,4.488652315,0.019773731,0.000551752
4439,3.171975373,0.068133458,0.000343549
4440,4.625843771,0.015668758,0.000542655
4441,3.739755119,0.017119504,0.000242369
4442,4.521533735,0.055035346,0.000453992
4443,4.217115763,0.005403722,1.22304E-05
4444,4.832674522,0.002439532,0.00083955
4445,4.006120264,0.038301003,0.000864398
4446,2.989782565,0.01973719,0.000482086
4447,2.863823132,0.041106323,0.000278455
4448,3.897673411,0.072315835,0.000931896
4449,3.511651693,0.078145201,0.000693544
4450,3.917635867,0.013498375,0.000208436
4451,4.185370541,0.018809534,0.000813914
4452,3.555832268,0.029372044,0.000379257
4453,2.76518573,0.0350562,0.000664087
4454,3.584633246,0.064520194,0.000774567
4455,3.392468544,0.029752176,0.00033922
4456,3.952961133,0.052528859,0.000419023
4457,3.43322523,0.095585609,0.000680679
4458,3.892256834,0.042471509,0.000988688
4459,3.707186773,0.071161075,0.000627306
4460,4.066106964,0.051682938,0.000356961
4461,2.835891556,0.099890024,0.000947876
4462,4.113771441,0.082331457,0.000337608
4463,4.611992237,0.009517112,0.000827671
4464,3.828226976,0.012705008,0.000531811
4465,2.854139547,0.039314033,0.00099125
4466,2.853717216,0.030765041,0.000896819
4467,4.11844235,0.056994723,0.000679494
4468,3.62195522,0.0406277,0.000510658
4469,4.121178017,0.027986199,1.00488E-05
4470,4.431294308,0.03688536,0.000370251
4471,4.036013169,0.081651649,0.000756614
4472,4.913841264,0.028069387,0.000952606
4473,2.587246491,0.074182323,0.000900309
4474,4.672068193,0.046376015,0.000258205
4475,3.098404914,0.053387746,4.15208E-05
4476,4.008596563,0.070464596,0.000438278
4477,3.514872529,0.003886947,0.000861551
4478,4.913053883,0.056682608,0.000745701
4479,3.724110822,0.040472088,0.000190385
4480,4.463014019,0.063249661,0.000916363
4481,2.972618422,0.099725705,0.000761599
4482,2.763077876,0.040068727,0.000490421
4483,4.665272694,0.092805252,0.000324969
4484,3.905993531,0.072586354,0.000350354
4485,3.736026643,0.004729138,0.000217733
4486,3.145156452,0.038729191,0.000969768
4487,4.518987078,0.017803397,0.000235093
4488,2.848892351,0.051659166,0.000509401
4489,3.871651299,0.090053884,0.000804892
4490,4.812095575,0.097873043,0.000778481
4491,3.320159433,0.081025474,0.0002966
4492,4.675811536,0.022180827,5.43083E-06
4493,3.543088043,0.060472836,0.000366635
4494,4.912729182,0.017117692,0.000231679
4495,4.854336369,0.066989228,0.000855841
4496,2.642770944,0.070092867,7.61193E-05
4497,4.904326252,0.054339197,0.000955296
4498,2.993992713,0.008261848,0.000807901
4499,4.848357927,0.086296709,0.000566957
4500,3.008819035,0.075794707,0.000497732
4501,3.351740424,0.028022269,0.000817183
4502,3.696982878,0.076001666,0.000298911
4503,3.709836175,0.002068765,9.84052E-05
4504,3.931670717,0.036129702,5.2886E-05
4505,2.727045697,0.019228525,0.000357865
4506,4.070673632,0.023127698,6.08838E-05
4507,3.666408432,0.012008031,0.000502098
4508,3.246000641,0.041464317,0.000511924
4509,4.566817653,0.049197434,5.67547E-05
4510,4.746526116,0.081237457,0.000800374
4511,3.975433997,0.086747676,0.000303198
4512,2.605251381,0.072127523,3.2394E-05
4513,4.853955228,0.009338756,0.000376092
4514,3.015697475,0.055557289,0.000280681
4515,4.0343484,0.061983389,0.00076259
4516,4.755833082,0.067788129,0.000614711
4517,2.784290009,0.049945327,0.000433901
4518,2.730404716,0.056654071,0.000256773
4519,4.04328764,0.068916373,0.000273162
4520,4.166558349,0.072460823,0.00044588
4521,2.707521459,0.010154025,0.000425428
4522,4.160733483,0.04188584,0.000135533
4523,4.192953203,0.055097971,5.50607E-05
4524,2.92812374,0.015678352,0.00038623
4525,3.833978918,0.014522596,0.000645448
4526,4.766019655,0.013133712,0.000404821
4527,2.571803093,0.036407082,0.000757257
4528,4.66189766,0.091488349,0.000823767
4529,2.669666964,0.006263073,0.000527789
4530,4.21612759,0.020342968,0.000966266
4531,3.646567987,0.096615848,0.000832264
4532,4.958097937,0.048850122,0.000121228
4533,3.346632676,0.098458502,0.000880207
4534,2.657280505,0.067285592,0.0001956
4535,3.833328397,0.081498077,0.000567995
4536,2.806974401,0.017953367,0.00017701
4537,3.874053115,0.095033056,0.000350016
4538,4.332261548,0.069020912,0.000560491
4539,3.22924321,0.047167218,0.000315482
4540,4.946074406,0.078570157,0.000672772
4541,3.055525523,0.021263834,0.00090817
4542,4.079995559,0.01439171,0.000737058
4543,4.766128048,0.04777771,0.000711759
4544,2.585416277,0.005902666,0.000463922
4545,4.702614359,0.068097732,0.000340248
4546,4.17487505,0.0003607,0.000485349
4547,3.938965874,0.009967183,0.000399122
4548,3.897750853,0.044159449,0.00069924
4549,3.230764678,0.038675261,0.000320708
4550,2.674251991,0.003447286,0.00040832
4551,4.706299773,0.027744968,0.000909254
4552,3.610861919,0.048482299,0.000492769
4553,4.838230541,0.068547608,0.000848966
4554,3.956019748,0.093128658,0.000761047
4555,4.646715504,0.081145723,0.000402621
4556,3.544499773,0.098566336,0.000809661
4557,3.776859991,0.079315823,0.000508626
4558,3.210926138,0.086477504,0.000323381
4559,2.734961363,0.061378345,0.000911161
4560,2.870410196,0.059765714,0.000449022
4561,4.148379142,0.069807275,0.000853472
4562,3.336293461,0.065894649,0.000464633
4563,4.205690496,0.064155552,0.000444731
4564,2.916481587,0.099347087,0.000670371
4565,3.081204992,0.079083684,0.000459225
4566,2.613828244,0.011040657,0.000485265
4567,3.684957453,0.03577443,7.68791E-05
4568,3.62688142,0.03328567,0.000302235
4569,2.752774668,0.055866216,0.000738946
4570,3.940798513,0.061771242,0.000613717
4571,4.671536247,0.000880149,0.000810681
4572,4.580821128,0.01920083,0.000170057
4573,4.178124958,0.022330932,0.00091238
4574,4.957023152,0.05342683,0.000162969
4575,2.625511755,0.091807941,0.000704677
4576,2.625071842,0.009397096,0.00019094
4577,3.758179346,0.026789114,0.00057305
4578,3.942598918,0.082367447,0.000366112
4579,4.179914337,0.038123287,0.000802633
4580,2.843464187,0.033104029,0.000476523
4581,4.868038443,0.044162257,0.000997275
4582,3.406972356,0.014668229,0.000687114
4583,2.663859784,0.026944834,6.5087E-08
4584,2.96973947,0.052125068,0.000457739
4585,3.674770194,0.094561752,0.000545969
4586,4.765690727,0.095684562,0.000917175
4587,3.942098586,0.027125778,0.000475497
4588,3.265156567,0.080817627,0.000665121
4589,2.727701863,0.005945143,0.000520589
4590,2.642413297,0.043901279,0.000742501
4591,3.991662042,0.009270428,0.000169109
4592,4.536876423,0.062170689,0.000465287
4593,4.650661496,0.053072069,0.000422681
4594,2.870916983,0.032477304,0.000637472
4595,4.274299869,0.093253238,0.000385087
4596,3.88721721,0.042863426,0.000986328
4597,2.678444239,0.008690895,0.000346909
4598,4.410653206,0.042901946,0.000800405
4599,3.647053592,0.097491604,0.000791696
4600,4.285776708,0.052368332,0.000985272
4601,4.533240962,0.04211966,0.000753305
4602,2.9155138,0.082566338,0.000382477
4603,2.584972433,0.09779197,0.000627667
4604,3.837239106,0.036201253,0.000716134
4605,4.558791253,0.047709058,0.000708844
4606,3.98735959,0.091167891,0.000680325
4607,4.103608652,0.094107092,0.000635785
4608,3.580691092,0.042890873,0.000640978
4609,3.676261382,0.01243096,0.000859969
4610,2.729602277,0.047063461,2.82284E-05
4611,4.987578941,0.010680002,0.000656533
4612,2.586564422,0.000199097,0.000604329
4613,2.698987715,0.012937329,8.81429E-05
4614,4.587451267,0.046604086,0.000400267
4615,3.405131787,0.061903032,0.000502943
4616,3.626214464,0.053583546,0.000717192
4617,3.600335823,0.008701454,0.000699073
4618,4.766341104,0.039415268,0.000518343
4619,3.391476167,0.069318226,0.000232172
4620,3.964965314,0.030254356,0.000238884
4621,2.984689838,0.066534535,0.000388701
4622,3.835158836,0.021715291,0.000208481
4623,2.51640509,0.018811501,0.000918845
4624,3.255241608,0.078819212,0.000678939
4625,4.515664307,0.024648705,0.000799988
4626,4.975239324,0.014409283,0.000471354
4627,4.722318995,0.095697732,0.000476842
4628,4.994577595,0.046953637,0.000793399
4629,3.127559472,0.046817513,0.000222796
4630,3.379096416,0.060916467,0.000275681
4631,4.799732466,0.027786927,0.000356863
4632,3.610033497,0.071546848,0.000867142
4633,3.455469,0.03323744,4.35239E-05
4634,2.663096648,0.070611131,0.00094152
4635,4.27751244,0.080473141,0.000606976
4636,4.574462636,0.033417054,0.000304381
4637,3.103705457,0.064073174,0.000238658
4638,4.04290273,0.048535268,0.000569713
4639,3.545452005,0.006872683,0.00071381
4640,2.682533562,0.08322571,0.000142223
4641,4.598750841,0.045790229,2.92592E-05
4642,3.902247343,0.039481894,0.000421109
4643,4.395861654,0.092013013,0.000702608
4644,3.721266344,0.00646927,0.000719819
4645,4.079678491,0.006887935,0.000591615
4646,4.470354184,0.027280309,0.000990443
4647,4.82724919,0.020174997,0.000485615
4648,4.530714131,0.042654146,0.000885616
4649,3.565926468,0.091501251,0.000914371
4650,3.901928249,0.007949583,0.000995357
4651,4.886672371,0.06323038,0.000541309
4652,4.308521529,0.014369825,0.000656939
4653,2.843287519,0.064477121,0.000351734
4654,4.087908615,0.092419795,0.000312802
4655,2.905731266,0.094257611,0.000951635
4656,4.412168458,0.02213908,0.00043703
4657,4.493441706,0.076155496,0.000117886
4658,2.691746953,0.050447719,0.000513935
4659,2.732169429,0.02014393,0.000688515
4660,3.049311556,0.01748713,4.01427E-05
4661,3.38181046,0.007866959,0.000987657
4662,3.323601958,0.052698486,0.000267337
4663,4.114042375,0.066962583,0.000619816
4664,3.921208488,0.086827005,0.000233006
4665,3.880618328,0.006508613,0.000333847
4666,2.711433748,0.019465967,0.000241005
4667,4.837424427,0.039724135,0.000850317
4668,3.982621208,0.053977671,0.000293314
4669,3.835037427,0.080651818,0.000614352
4670,3.108626185,0.003301179,0.000965749
4671,3.932482859,0.01351167,0.00036155
4672,4.860514208,0.022837509,0.000429697
4673,3.89711956,0.020458999,0.000747586
4674,3.794030582,0.051231496,0.000928594
4675,2.91725013,0.094956719,0.000793918
4676,4.588486694,0.002362714,4.3871E-06
4677,3.246231229,0.055715881,0.000521567
4678,4.423977031,0.028756441,9.72814E-05
4679,2.894624687,0.024914356,0.000134592
4680,3.460827262,0.045434607,0.00058197
4681,3.297045835,0.012813625,2.40512E-05
4682,3.080344292,0.009222214,3.51272E-05
4683,3.620471843,0.005943157,0.000953033
4684,4.75193969,0.032401637,0.000308619
4685,4.97529827,0.034362715,0.000306018
4686,2.615662522,0.06515373,0.00031367
4687,3.567226664,0.032557155,0.000749196
4688,3.426345162,0.025925222,0.000476043
4689,2.540243415,0.075290162,0.000368454
4690,4.874008308,0.016165878,0.000591326
4691,2.978101069,0.017559553,0.00025467
4692,3.449245288,0.01422476,0.00094987
4693,4.653657849,0.062601455,0.000483413
4694,2.869582526,0.05203036,0.000737099
4695,3.564711935,0.020653832,0.00083479
4696,3.089374191,0.081417401,0.0004947
4697,2.985048189,0.068656826,0.000350438
4698,4.685792528,0.095227715,0.000919502
4699,3.311129907,0.053778547,0.000682501
4700,3.371243441,0.033718292,0.000359234
4701,2.644115211,0.043424153,0.000395283
4702,3.787763987,0.088083587,0.000310528
4703,2.606463637,0.00486251,0.000464762
4704,4.490446724,0.084747331,5.8391E-05
4705,4.801067045,0.095495586,0.000882238
4706,3.244947866,0.038260886,0.000176138
4707,4.23373049,0.011102601,0.000609745
4708,2.679105537,0.045341888,0.000613786
4709,4.511345239,0.085692357,0.00025477
4710,3.591996069,0.039693955,0.0006979
4711,4.736252242,0.048633716,0.000495818
4712,2.773110663,0.016159452,0.000726547
4713,4.690219116,0.015929345,0.000811274
4714,4.356375115,0.026192995,0.00065119
4715,3.675539142,0.033870519,0.000617407
4716,4.980540512,0.033854093,0.000659297
4717,2.601268384,0.02426918,0.000505438
4718,4.807337086,0.099615314,0.000360053
4719,3.506859113,0.053077802,0.000989048
4720,4.665461461,0.096670212,0.000233155
4721,2.826683802,0.050252259,0.000904422
4722,2.822714862,0.096302008,0.000104075
4723,4.36965087,0.069386504,8.10778E-05
4724,4.935775058,0.031329503,0.000290197
4725,3.310280226,0.060638227,0.000423362
4726,2.935785997,0.036187644,0.000226569
4727,3.534123066,0.049111562,8.33461E-05
4728,4.183045164,0.016762571,0.000758187
4729,4.992532081,0.033838557,0.000485918
4730,2.912810816,0.044780091,0.000307032
4731,4.320694523,0.030752234,0.000569298
4732,4.422207199,0.05410246,0.00012754
4733,4.47890658,0.080327255,0.000275891
4734,4.905945186,0.044118129,0.000533124
4735,4.038654439,0.016406569,0.000648208
4736,4.605777743,0.0369841,0.000167837
4737,4.49194258,0.053650265,0.00033502
4738,3.754834319,0.024299805,3.28849E-05
4739,3.696576579,0.00234938,0.000748472
4740,2.949720875,0.082156264,0.000669172
4741,3.235356637,0.016178907,0.000378436
4742,4.921845128,0.092978291,0.000169884
4743,3.388420818,0.092792727,0.000329042
4744,4.406315462,0.066629929,0.000206267
4745,3.566605757,0.008996867,0.000455558
4746,3.775093638,0.038062728,0.000552085
4747,2.587189511,0.068002297,0.000854238
4748,2.752496111,0.044337073,0.000411823
4749,3.101722743,0.078122988,0.000107903
4750,4.499775359,0.000108196,2.23385E-05
4751,3.517026014,0.085972813,0.000602965
4752,3.932790234,0.091407984,0.000164582
4753,3.089819947,0.080817485,0.000187473
4754,4.772165513,0.083923303,0.000445644
4755,2.635225916,0.004367813,1.45989E-05
4756,3.389893789,0.07388287,0.000157109
4757,2.747132164,0.058700108,1.95264E-05
4758,4.654447975,0.059747834,0.000169348
4759,2.577647097,0.013279755,0.000376923
4760,3.113265113,0.049640799,0.00068052
4761,4.736765064,0.09799109,0.000556159
4762,4.954644108,0.09424341,0.000155894
4763,2.988726168,0.009636488,5.48915E-05
4764,4.785185645,0.046085021,0.000423655
4765,2.63200523,0.008699884,8.74977E-06
4766,3.448513588,0.096880667,0.000191983
4767,3.330678026,0.054405096,0.000887285
4768,4.238019426,0.076408943,0.000756949
4769,4.293655124,0.075672812,0.000468112
4770,2.677961093,0.091842599,0.000162078
4771,4.845518226,0.071837757,0.000663629
4772,3.150683958,0.064434113,0.000775941
4773,4.744458698,0.056731236,0.000404482
4774,2.959557986,0.067000809,0.000608419
4775,4.219213086,0.03024661,0.000230868
4776,3.097148462,0.018554915,0.000563598
4777,3.473295556,0.0447353,0.000797284
4778,4.600779088,0.015518957,0.000112602
4779,3.370697776,0.013355699,0.000934367
4780,4.541968703,0.079098967,0.000599318
4781,4.803519111,0.045723821,1.54462E-05
4782,2.839208703,0.033300993,0.00048141
4783,2.738304951,0.057503917,0.000600349
4784,4.252280368,0.039256866,0.000110705
4785,3.232153902,0.016836828,0.000490228
4786,4.196649101,0.033222521,0.000479097
4787,3.98399735,0.099401013,0.000898529
4788,3.837606795,0.014941158,0.000573229
4789,3.897475837,0.098171604,0.000147179
4790,3.113163237,0.012043888,0.000350267
4791,3.048294207,0.026952941,0.000941431
4792,3.247912487,0.080209345,0.000448192
4793,2.8808793,0.008482307,0.000800123
4794,3.593303916,0.013072793,5.4853E-05
4795,3.410010573,0.08628842,0.00046469
4796,3.35460407,0.097201785,0.000359827
4797,4.250107972,0.084895817,0.000773179
4798,3.713885682,0.024251517,0.000625814
4799,2.830812748,0.061543657,0.000667584
4800,3.707009786,0.081172421,0.000318658
4801,3.313372263,0.048993848,0.000577248
4802,4.176261751,0.035698461,0.000689287
4803,4.308292334,0.071730707,0.000872726
4804,4.283637736,0.033100604,0.000407555
4805,3.567597818,0.080301288,0.000647197
4806,3.376049965,0.053157545,0.000374503
4807,3.889213614,0.035728723,0.000114492
4808,3.511679578,0.08836534,0.000157159
4809,2.88754635,0.09494392,0.000117119
4810,2.847489766,0.08541064,0.000288305
4811,4.855116975,0.037940553,0.000634166
4812,3.168794808,0.084766889,0.000195751
4813,3.562464175,0.04255934,7.67659E-05
4814,4.87400559,0.069188453,9.02519E-05
4815,2.606409743,0.086993094,0.000184626
4816,4.100641107,0.021666959,0.000225037
4817,3.381131995,0.003721923,0.00074505
4818,4.016777652,0.053720033,0.000293662
4819,4.385633443,0.060369383,0.000129111
4820,4.993423378,0.048433037,0.000220389
4821,2.96685492,0.089770617,0.000518684
4822,3.376017028,0.017853106,0.000513197
4823,3.509161017,0.061916575,0.000491315
4824,3.722890956,0.015737855,0.000163237
4825,2.653884849,0.088556312,0.000934186
4826,4.799636523,0.056467045,0.000324103
4827,3.530522822,0.023683875,0.000637433
4828,3.519544626,0.045017644,0.00091162
4829,3.628053723,0.08219998,0.00062377
4830,2.888578068,0.005369489,0.000125125
4831,3.530704051,0.05637669,0.000542283
4832,4.700079121,0.061119738,0.0006231
4833,4.398102949,0.029151616,6.76807E-05
4834,4.662952356,0.025286129,0.000931593
4835,3.984527537,0.003043812,0.000432505
4836,4.047553373,0.015018298,0.00048683
4837,4.949605157,0.069744247,0.000247698
4838,3.837723829,0.016476049,0.000911459
4839,3.581967025,0.077408794,0.000981845
4840,3.337551627,0.014833092,0.000751589
4841,4.90282397,0.072581537,0.000193361
4842,3.522781405,0.006998108,0.000146805
4843,4.570382008,0.06427037,0.000682881
4844,4.262055295,0.034179893,0.000620709
4845,2.64542309,0.082327795,0.000104865
4846,3.272459035,0.055608017,0.000108579
4847,4.107628022,0.036773842,0.000494273
4848,3.703397685,0.056183784,0.000610839
4849,3.709850743,0.050017671,0.000811809
4850,4.355203574,0.004022008,0.000546341
4851,4.858725561,0.010011387,0.000184366
4852,3.536427455,0.047796139,0.000668187
4853,4.669356865,0.033477111,0.000623435
4854,3.711231256,0.036972921,0.000832613
4855,2.556195234,0.076908756,0.000276465
4856,4.770113596,0.005261947,0.00065791
4857,3.037286452,0.013682547,0.000919989
4858,3.347076104,0.05246462,0.000562797
4859,3.127819665,0.019680526,0.000363791
4860,4.617481375,0.08851627,0.000685496
4861,2.967134577,0.072393018,0.000692394
4862,4.648770127,0.012322582,6.79818E-05
4863,3.044012483,0.096431879,0.000754656
4864,3.483200374,0.042307853,5.09074E-05
4865,3.664621197,0.06327996,0.000629157
4866,2.830387979,0.090857871,0.000990363
4867,3.463336737,0.062402237,0.000396654
4868,2.914226205,0.023292053,0.000581926
4869,3.012936679,0.054473992,0.000790907
4870,2.63125956,0.091569276,0.000441071
4871,4.267214366,0.097981104,0.000722493
4872,4.290397529,0.044289696,8.96385E-05
4873,2.502500596,0.09884936,0.000794196
4874,4.243018666,0.015241065,0.000419821
4875,2.518345325,0.055173051,0.00049491
4876,3.096943691,0.046334684,0.000304813
4877,4.788743712,0.018272957,0.000959444
4878,3.074050683,0.05529747,0.000960927
4879,4.267432046,0.014025127,0.000668255
4880,2.933909139,0.000945415,0.000839949
4881,4.664285559,0.091592471,0.000165693
4882,3.844359455,0.031718644,0.00066489
4883,4.072644458,0.058898068,0.000129254
4884,3.110339924,0.042750709,0.000246558
4885,3.198561036,0.093551528,0.000811114
4886,3.482348666,0.098713406,6.85094E-05
4887,3.066138606,0.046804769,0.000787664
4888,2.669298159,0.014829295,0.000829926
4889,4.058180198,0.099532177,0.000371984
4890,4.195868849,0.040408867,0.000491064
4891,4.304545389,0.071751869,0.00014105
4892,3.426691892,0.020208448,0.000532518
4893,3.918676528,0.050646174,0.000526467
4894,3.392266399,0.082470383,0.000137293
4895,4.811956158,0.007241561,0.000451635
4896,4.752388353,0.086500812,0.000408795
4897,3.042063602,0.003895923,0.000922325
4898,4.30499452,0.074808034,1.99503E-06
4899,4.095058045,0.088550353,0.000418691
4900,4.207339753,0.042108947,0.000194588
4901,4.852447576,0.055991694,0.000714821
4902,4.009210282,0.065065972,0.000870373
4903,4.874209095,0.011941263,0.000425948
4904,4.124749034,0.067317053,0.000277283
4905,4.17072945,0.094203731,0.000701754
4906,2.751405666,0.07290842,0.000527335
4907,4.82240617,0.042724805,0.000955293
4908,4.350820087,0.012521069,0.000911424
4909,2.888094512,0.020287792,0.000879045
4910,4.691310229,0.01424193,0.000334037
4911,3.685379232,0.077654478,5.04455E-07
4912,3.570451265,0.045162018,0.000616835
4913,3.961089736,0.058428252,0.000889147
4914,4.335399954,0.061484373,0.000331269
4915,2.634125998,0.058051094,0.000474641
4916,3.463467239,0.019604597,0.000179689
4917,4.182596111,0.038774171,8.47941E-05
4918,2.884177209,0.055547835,0.000111939
4919,4.579483438,0.084643124,0.000594991
4920,4.646232715,0.038056223,0.000606538
4921,4.912329459,0.041355371,0.000799833
4922,4.258645983,0.084786134,0.000474882
4923,2.74140822,0.066331044,3.42118E-05
4924,3.591943738,0.067347253,8.92896E-05
4925,3.326082481,0.052803412,0.000693003
4926,2.775849429,0.047905599,0.000415093
4927,4.522915817,0.052850911,0.000913092
4928,3.942296937,0.023670253,0.000421158
4929,4.017363127,0.088662345,0.000938922
4930,4.040113367,0.096156271,1.97353E-05
4931,4.809504181,0.063799886,0.000378073
4932,4.911594954,0.004081127,0.000405796
4933,3.78077315,0.001953219,0.000884278
4934,3.644248808,0.047167183,0.000395241
4935,3.473605914,0.03347228,0.000114711
4936,3.028336281,0.035443908,9.89605E-05
4937,4.644880306,0.013531268,3.25274E-05
4938,3.402286706,0.027021708,0.000590204
4939,3.8699132,0.021888718,0.000559056
4940,4.055516854,0.023687592,0.000426858
4941,2.905386329,0.094068512,0.000957333
4942,3.526503742,0.084544516,0.000431141
4943,2.799580814,0.08424414,0.000394351
4944,3.529007863,0.002896271,0.000633744
4945,2.705041267,0.084708423,0.000143647
4946,2.81367636,0.099549842,0.000862113
4947,4.617264301,0.030565669,0.000303478
4948,4.944107138,0.032621881,0.000382267
4949,4.006345561,0.07843562,2.36218E-05
4950,4.303605401,0.093060698,0.000632752
4951,4.91422849,0.062780783,0.000947048
4952,4.027815803,0.04043802,0.000175207
4953,3.827166263,0.034473269,0.000710687
4954,2.932142781,0.045295513,0.00023532
4955,4.759834088,0.014581827,6.57233E-05
4956,4.426213248,0.01823352,0.000537147
4957,4.125587682,0.061968718,0.00058365
4958,4.647564083,0.092157371,0.000930115
4959,4.219741716,0.093596293,0.000546699
4960,4.53494317,0.00121647,0.000585233
4961,4.48095408,0.054947745,0.000101804
4962,4.551872934,0.083345383,0.000349769
4963,3.482968554,0.09424691,0.000139273
4964,4.779585439,0.069354892,0.00075209
4965,2.652113141,0.007311684,0.000709961
4966,2.977206203,0.041302427,0.000394188
4967,3.452511843,0.027134823,0.000731666
4968,3.406471469,0.013382495,0.000114415
4969,4.860724301,0.000513555,0.000951203
4970,3.195537467,0.003107368,0.000960866
4971,3.034481378,0.013647932,0.000636462
4972,3.526031953,0.059696048,0.000457018
4973,3.785084957,0.082761148,0.000708301
4974,4.742719846,0.0995831,0.000416951
4975,2.74773552,0.004129768,7.5291E-05
4976,3.876763877,0.056993204,6.2384E-05
4977,4.208072448,0.068009918,0.000633985
4978,2.781755771,0.041186401,5.62788E-05
4979,3.996918145,0.09885273,0.000641683
4980,2.960638098,0.036172118,0.000516754
4981,4.655018472,0.030091796,0.000164457
4982,4.139481515,0.005447298,0.000575244
4983,4.665472498,0.012806472,0.000171851
4984,4.150907242,0.063355813,0.000943019
4985,3.669400452,0.026606155,0.000500133
4986,4.905644048,0.033107183,0.000390937
4987,2.634326339,0.034552067,0.000363705
4988,3.319215724,0.047925398,0.000763046
4989,4.834342758,0.064010904,0.000970383
4990,4.80691161,0.013557967,0.00081167
4991,3.344533019,0.016434267,0.000494345
4992,4.866163637,0.046403285,5.77317E-05
4993,3.712180514,0.082141434,0.000830572
4994,4.079897224,0.096362194,0.000443879
4995,2.968080205,0.081382361,0.00075124
4996,4.949467399,0.061570952,0.000504922
4997,4.423943467,0.066472724,0.000566006
4998,3.344317683,0.049173254,7.05228E-05
4999,2.831546704,0.091174406,0.000771511
5000,3.135127498,0.030863764,0.000473905
5001,3.816887237,0.008519796,0.000975128
5002,4.815973674,0.063721333,0.000910671
5003,4.875559985,0.038981406,0.000795313
5004,4.711237474,0.075125359,0.000598872
5005,3.137664519,0.028778188,0.000644932
5006,4.488833717,0.067900902,0.000912312
5007,4.586284706,0.020219036,0.00090961
5008,3.538767862,0.095630979,0.000960707
5009,4.904876414,0.096016159,0.00076065
5010,3.370184601,0.003713342,0.000116025
5011,4.573518379,0.015353369,0.000191392
5012,4.355696658,0.063037405,0.000865831
5013,4.124410053,0.01982908,0.000137532
5014,3.956695235,0.086600607,0.000970538
5015,3.49152837,0.048893177,0.000504949
5016,3.975852211,0.086789847,0.000104628
5017,3.764154251,0.059628182,9.71261E-05
5018,4.876305955,0.052625547,0.000634029
5019,3.837599078,0.020264968,0.000519892
5020,4.280597352,0.000452926,0.000351092
5021,4.179636728,0.054471447,0.000598351
5022,3.460703239,0.029982182,0.000844797
5023,4.376178902,0.036569684,0.000476563
5024,3.644877778,0.055473015,0.000461461
5025,2.76034468,0.085159744,8.39708E-05
5026,4.321576208,0.075249,0.000130904
5027,3.493517786,0.036926165,0.000911394
5028,4.917811065,0.089271784,0.000901845
5029,4.158551716,0.018312686,0.000481479
5030,4.452075105,0.052498247,0.000892737
5031,4.913032198,0.046843999,0.000249832
5032,3.945543785,0.046212016,0.000643625
5033,2.710956668,0.078201865,0.000152781
5034,2.986760439,0.080299182,0.000391027
5035,2.827486529,0.077608925,0.00046835
5036,4.875197848,0.050648924,0.000505852
5037,2.625794606,0.076639608,0.000641447
5038,2.582738056,0.072117442,0.000396511
5039,2.758453035,0.031035221,0.000735693
5040,4.403868482,0.00850699,0.000342526
5041,2.641623262,0.092183921,0.000258926
5042,3.127270978,0.001061549,0.000533346
5043,4.806423358,0.095155491,0.000904405
5044,4.961580883,0.017027207,0.00085873
5045,3.339864794,0.081647285,0.000558567
5046,3.04767168,0.009560031,0.000950075
5047,3.25332414,0.035979232,0.000408517
5048,4.831527798,0.083627888,6.74382E-05
5049,2.957200708,0.027597644,0.000345427
5050,2.680420659,0.066943481,0.000250618
5051,2.679179273,0.026337067,0.000134222
5052,2.634780778,0.011723122,9.11794E-05
5053,4.96220409,0.036773762,0.000545405
5054,4.068581868,0.097441369,0.0003238
5055,4.559014742,0.015037521,0.000302409
5056,4.149440043,0.057735901,0.000224333
5057,4.073436216,0.077336433,0.000294317
5058,3.261838932,0.003200522,0.000651735
5059,3.812024716,0.004318832,0.000128959
5060,3.427178152,0.022283319,0.00045509
5061,4.931043251,0.07402444,0.000411752
5062,3.9193189,0.04640143,0.000931875
5063,4.867179268,0.077873732,0.000742277
5064,3.976213409,0.002213366,0.00054204
5065,3.782296752,0.046716536,0.000309563
5066,3.040922234,0.006702987,0.000782261
5067,3.74551981,0.048730867,5.42383E-05
5068,4.658691198,0.063774053,0.000994083
5069,3.214188405,0.041979331,0.000481067
5070,4.002718155,0.034077589,0.000768425
5071,3.327309231,0.013340616,0.000179621
5072,2.974922684,0.030517244,0.000608039
5073,3.058676988,0.02080503,0.000708171
5074,4.926185161,0.075005094,0.000316449
5075,4.667488598,0.097361922,0.000186569
5076,2.753009059,0.061019991,0.000817557
5077,3.933957178,0.098820946,3.48676E-05
5078,4.1905949,0.012824474,0.000990952
5079,3.169153182,0.0582004,0.000114748
5080,2.958723825,0.018032049,0.000509617
5081,4.839336088,0.064438357,0.000988815
5082,2.718806387,0.002467358,0.000239689
5083,3.744384143,0.041255116,0.000422969
5084,4.348373677,0.099414571,0.00015233
5085,3.391987513,0.012283891,0.000166317
5086,2.545387603,0.080622948,0.000915902
5087,3.339163428,0.041915637,0.000259238
5088,4.543637139,0.053008336,3.62308E-05
5089,4.826530544,0.092831842,0.000404326
5090,3.170337255,0.093197135,0.000407118
5091,3.923436159,0.073075661,0.000638815
5092,3.455488354,0.062921042,0.000463121
5093,4.809592765,0.07785192,0.000873051
5094,3.222876301,0.008596872,0.000324992
5095,4.276201647,0.013637263,0.000815211
5096,4.608933772,0.093150574,0.000471908
5097,4.991738896,0.029836612,0.000626072
5098,2.87240721,0.040661373,0.000782671
5099,3.700840262,0.000559077,0.000336421
5100,4.904339531,0.035762841,0.00039529
5101,4.304816066,0.02277242,0.000637022
5102,4.875294529,0.094530122,0.000435128
5103,3.322066785,0.084012446,0.00026028
5104,2.731811957,0.008502829,0.000480341
5105,4.281919809,0.018244611,0.000967908
5106,4.519943085,0.085559056,0.000443354
5107,3.153055419,0.031299421,6.1169E-05
5108,4.249463526,0.051498582,0.000769644
5109,4.088827005,0.064192566,0.000661975
5110,2.864186895,0.024874649,0.000667359
5111,3.229868611,0.073015121,0.000630713
5112,4.540685782,0.012032526,0.000603026
5113,4.423491281,0.005479005,0.000868218
5114,3.504282345,0.002238746,0.000258801
5115,3.013931946,0.086446062,2.11433E-05
5116,4.413216875,0.016732049,0.00045429
5117,2.558557014,0.005134962,0.000783776
5118,3.944352305,0.028526404,0.000371746
5119,2.924783042,0.062934557,0.000428433
5120,2.950781794,0.05854633,0.0009833
5121,4.525042108,0.074166062,0.000718034
5122,2.918579819,0.098738226,0.000557337
5123,2.554154631,0.074446927,4.99448E-05
5124,3.00591272,0.088741414,4.26747E-05
5125,2.530536878,0.000835271,0.00088401
5126,4.747319582,0.080156873,0.000891736
5127,3.025608145,0.05190701,0.00014762
5128,2.721728489,0.086758523,0.000754944
5129,4.776374705,0.034702304,0.000136902
5130,4.631492314,0.087285241,6.19725E-05
5131,2.544049713,0.030277477,0.000992893
5132,2.605849362,0.077667225,0.000905951
5133,4.95146366,0.07284325,0.000219058
5134,4.034809797,0.037604739,0.000381341
5135,2.639153746,0.029232663,2.11509E-06
5136,4.663984919,0.080237926,0.000865407
5137,3.25754405,0.085917611,0.000577915
5138,4.289388114,0.096759153,0.000248807
5139,2.526275171,0.003609236,0.000181558
5140,3.391394622,0.029205132,0.000223644
5141,3.647200271,0.046672721,0.000332039
5142,4.841984709,0.056205931,0.00077025
5143,3.991784847,0.083837654,0.000987549
5144,4.734080594,0.024386864,0.000209382
5145,4.455260779,0.042198368,0.000752476
5146,4.375344289,0.010409669,0.000986776
5147,4.218494872,0.041534502,8.50313E-05
5148,2.914915454,0.055306307,0.000535464
5149,3.964754764,0.094214614,2.12821E-05
5150,3.825815581,0.087597711,9.15891E-05
5151,2.502973875,0.096038719,0.0009504
5152,3.510588427,0.079788622,0.00037923
5153,3.463011853,0.068050578,0.000440975
5154,2.85650374,0.073548988,0.00052044
5155,4.986318746,0.094464372,0.000139298
5156,3.414129989,0.050128132,0.000185625
5157,3.633941374,0.018788977,0.000622365
5158,2.567926311,0.087001662,8.97553E-05
5159,3.404854824,0.082371113,0.000483962
5160,2.927050203,0.096613445,0.000189634
5161,4.976158286,0.016624892,0.000445981
5162,3.080404369,0.002952207,0.000624782
5163,4.779178963,0.065446386,0.000102823
5164,4.933908041,0.032735086,0.000919955
5165,3.328646826,0.069351543,0.000686875
5166,3.818104564,0.06178187,0.000406909
5167,3.220193303,0.022155833,0.000662234
5168,2.897884381,0.040897388,0.000796882
5169,3.476294777,0.079898483,0.000885096
5170,4.577311557,0.077933722,0.000594435
5171,2.680004869,0.089101624,0.00031676
5172,3.650626407,0.023925837,0.00017799
5173,4.812896854,0.090881451,0.00030893
5174,2.503325274,0.052861339,0.000462478
5175,4.450866904,0.000819167,0.000463109
5176,3.19359884,0.027948639,0.000871564
5177,3.851860733,0.015912075,0.000610064
5178,3.2046258,0.025801348,0.000622423
5179,4.985018873,0.098974628,0.00044279
5180,4.490376534,0.072890485,0.000312489
5181,3.703936069,0.07210139,0.000493284
5182,3.333884465,0.024819769,0.000264976
5183,4.666363185,0.05690493,0.000255544
5184,4.160799534,0.021516593,9.2538E-05
5185,3.929427082,0.041252586,0.000421398
5186,2.775455738,0.040655359,0.000532957
5187,3.021695317,0.089436255,0.000536084
5188,2.819934607,0.099096727,0.00097077
5189,2.554719366,0.000257772,0.000152519
5190,4.822122273,0.040401269,0.000660154
5191,4.295577443,0.048366134,0.000992711
5192,3.351154546,0.010783272,1.417E-05
5193,2.609800472,0.010549366,0.000990595
5194,4.313921202,0.028887208,0.000125272
5195,3.206397508,0.032399543,0.000468925
5196,3.63454506,0.079704688,0.000972351
5197,4.608799263,0.045753582,0.000709694
5198,4.894052711,0.06966356,0.000400664
5199,2.814855179,0.090387076,0.000471267
5200,2.98809822,0.012013885,0.0005949
5201,2.997873919,0.080888079,0.000218692
5202,3.07387614,0.035890794,0.000187642
5203,3.749024236,0.06902192,0.000522007
5204,3.132052669,0.026780568,0.000449651
5205,2.650127128,0.048428426,0.000785747
5206,3.829718466,0.05460059,0.00078718
5207,3.116089234,0.013922172,0.000512373
5208,4.611263045,0.085661234,0.000995063
5209,4.059307204,0.07735808,0.000330145
5210,4.505358501,0.061245292,0.000231558
5211,4.256448593,0.006022908,0.000886538
5212,3.652110374,0.026928793,0.000424439
5213,4.104182978,0.092258192,0.000499439
5214,4.382054424,0.093260565,0.000596626
5215,4.179643759,0.092829678,0.000593969
5216,4.25327313,0.058379362,0.000567459
5217,4.276808837,0.092282289,0.000600535
5218,4.76601015,0.072763754,4.14136E-05
5219,3.100850143,0.087126595,0.000480215
5220,3.757205805,0.042545854,0.00060013
5221,4.546318729,0.086961662,0.000570029
5222,4.096987073,0.058991379,0.000768807
5223,4.655738527,0.012598584,0.000370339
5224,3.053855189,0.016281333,0.000240423
5225,3.260134315,0.082877179,0.000792519
5226,4.07275157,0.070634445,0.000185884
5227,3.724980533,0.066695684,0.000167981
5228,2.708433515,0.001415463,0.000386774
5229,4.876048635,0.082195888,0.000127211
5230,3.011732986,0.011835733,0.000890648
5231,2.865493101,0.06112755,0.000954182
5232,4.217376709,0.035040386,0.000517636
5233,2.607782021,0.087149736,0.000905714
5234,4.55626335,0.013508575,0.000606853
5235,3.152395686,0.035292873,0.000507547
5236,2.907858741,0.094248225,0.000918576
5237,4.654956328,0.008206344,0.000169493
5238,3.143180763,0.066638334,0.000225815
5239,4.444305221,0.022063898,0.000371098
5240,4.669910623,0.039414842,0.000773066
5241,2.674668195,0.088441116,0.000770757
5242,3.13480425,0.066542749,0.000978789
5243,4.617051847,0.054706358,0.000903686
5244,3.41441435,0.024568592,0.000853534
5245,3.317864289,0.056628285,0.000161616
5246,3.747050633,0.020601086,0.000995979
5247,3.200854361,0.099795041,0.000886911
5248,4.11003259,0.023632031,0.00066585
5249,4.505291693,0.063357929,0.000970471
5250,3.725941603,0.037558734,0.00030846
5251,4.716502865,0.077032901,0.0009021
5252,3.073191062,0.045605156,0.000917497
5253,3.614851464,0.039405382,3.50089E-05
5254,3.423633642,0.088785528,0.000956865
5255,4.614715712,0.074050103,0.000376273
5256,3.85938626,0.041489648,0.00062288
5257,4.399067969,0.056469585,0.00014847
5258,3.638397272,0.034119398,0.000594359
5259,3.202502524,0.04296933,0.000969827
5260,3.600549034,0.0451381,0.00044364
5261,4.154986015,0.041564155,0.000556541
5262,3.402784101,0.004458556,0.00081706
5263,4.755060444,0.000574264,0.000941666
5264,3.23530488,0.022445285,0.000836897
5265,3.811691208,0.076357508,0.000821651
5266,4.678378403,0.09312317,0.000503347
5267,2.592131573,0.074910026,0.000582613
5268,4.559192445,0.056928299,0.000420602
5269,3.656617129,0.093940418,0.000874631
5270,3.337898909,0.039025003,0.000898658
5271,4.354095388,0.048094044,0.000947792
5272,4.323073297,0.066128205,0.000350198
5273,3.553763677,0.068300547,4.72356E-05
5274,4.641275803,0.092366374,0.00038891
5275,3.916725901,0.053588389,0.000246226
5276,2.935326552,0.026663258,0.000575341
5277,4.812352945,0.091036217,0.000490372
5278,4.755006756,0.034535307,0.000565708
5279,4.078213885,0.010433493,0.00040425
5280,4.07188623,0.011587061,0.000623149
5281,2.755237377,0.048323525,0.000536942
5282,4.832906731,0.047871646,0.000247182
5283,3.699912986,0.044802395,0.000332068
5284,3.360516812,0.034996651,0.000701125
5285,2.585166753,0.052177725,0.000722691
5286,3.192772771,0.016855179,9.57449E-05
5287,4.959660675,0.000333002,0.000769448
5288,4.265580382,0.041187309,0.000900856
5289,4.233714908,0.064039236,0.000441544
5290,4.867487154,0.013335032,0.000840301
5291,3.173526554,0.096136948,0.000259124
5292,4.013961624,0.036871743,0.000880093
5293,4.838779229,0.057484912,4.77172E-05
5294,4.173944526,0.085369404,0.000878285
5295,2.823552361,0.055301386,0.000796143
5296,4.670592067,0.075119171,0.000802588
5297,4.915510335,0.043622078,0.000477181
5298,4.331756284,0.082620723,0.000238726
5299,4.761560458,0.015974216,0.0006745
5300,4.019818791,0.030856703,0.000359758
5301,3.768938704,0.017404067,0.000321753
5302,2.771771776,0.001885722,0.000617529
5303,4.192937041,0.023175154,0.00020817
5304,3.762626545,0.061512163,6.51765E-05
5305,4.133338248,0.066275425,0.000729076
5306,4.150316613,0.078847143,0.000340412
5307,3.202131464,0.072830288,0.00088903
5308,3.627706587,0.038075751,0.000390102
5309,2.596825269,0.020152864,3.10594E-05
5310,2.827402863,0.032703615,0.000529503
5311,3.23670611,0.063954049,0.000424161
5312,3.12751521,0.054790404,0.000869027
5313,3.718475952,0.056173431,0.000725839
5314,4.817684604,0.012562605,0.000298668
5315,4.594982877,0.097322761,0.000760017
5316,4.477699072,0.017100307,0.000191097
5317,4.89551247,0.067996273,0.000891673
5318,3.385744587,0.027927117,0.000961632
5319,3.42245661,0.024264838,0.000571731
5320,3.099758332,0.086111093,0.000944671
5321,3.499328808,0.065152636,6.9284E-05
5322,2.716337976,0.065868865,0.000981735
5323,3.408546598,0.049323611,5.12035E-05
5324,4.33486597,0.034076555,0.000323187
5325,2.569938822,0.090950033,0.0006348
5326,4.049694374,0.003253831,0.000350324
5327,4.407251578,0.089196107,0.000722702
5328,3.178523974,0.088591769,0.000281711
5329,2.92797193,0.011457448,0.000332957
5330,2.649371028,0.005347343,0.000205859
5331,4.365620484,0.065191618,0.00062801
5332,3.424826808,0.066286646,2.72144E-05
5333,3.461586942,0.071751448,0.000581872
5334,4.345087759,0.075489803,0.000660483
5335,2.604555763,0.089203503,0.000273031
5336,3.551107709,0.018683241,0.000338472
5337,4.433593659,0.089303576,0.000879135
5338,4.526011437,0.070794869,0.000999402
5339,2.658414782,0.073641027,0.00016682
5340,3.210615528,0.070511592,0.000981933
5341,4.227270826,0.019081842,0.000532967
5342,3.341925877,0.004882636,0.000452851
5343,4.013421672,0.048162787,0.000374863
5344,3.884661341,0.058614802,0.000523411
5345,2.660130881,0.005800561,0.000275501
5346,3.295838529,0.086862084,5.87222E-05
5347,4.689388152,0.036390735,0.000219
5348,4.314927054,0.006402692,0.000196179
5349,4.915009614,0.081551389,0.000452441
5350,3.978732442,0.092609835,0.000818078
5351,2.513611793,0.058054333,0.000200327
5352,2.539903958,0.071280922,0.000160217
5353,3.754018284,0.079827965,0.000783316
5354,3.88380388,0.008995848,0.000956164
5355,4.484793539,0.071100169,0.000121025
5356,2.604236774,0.097737015,0.000433109
5357,4.665785469,0.01726051,0.000301897
5358,4.057603133,0.051127821,0.00051542
5359,2.815368813,0.07167475,0.000952737
5360,3.329512694,0.033606788,0.000317246
5361,4.955156901,0.059236951,0.000529431
5362,4.752694681,0.054961895,0.000527605
5363,3.389428999,0.016360372,0.00029906
5364,4.149698227,0.05516572,0.000177534
5365,4.76473515,0.026228359,0.000459076
5366,4.374412135,0.096991299,0.000227078
5367,4.459896082,0.022105015,0.000282058
5368,3.595906972,0.071038429,0.000530697
5369,4.632938506,0.030087016,0.000264891
5370,3.789768682,0.015465546,0.000230329
5371,2.75990472,0.078002584,0.000285818
5372,2.91859736,0.045169815,0.000505835
5373,3.188346171,0.096152766,4.97487E-05
5374,2.81929317,0.03775988,0.000792863
5375,3.253779757,0.006272397,0.000758637
5376,2.825273101,0.0673922,0.000834593
5377,3.729795563,0.072730027,0.000969557
5378,4.744012606,0.060151993,0.000839097
5379,4.045158659,0.023877672,0.000122452
5380,4.158571745,0.010445758,0.000209006
5381,4.067168531,0.073475795,0.000173926
5382,4.769381387,0.073273573,0.000921031
5383,4.997574437,0.04134271,0.000123881
5384,4.13924961,0.092795526,0.000420776
5385,3.723751708,0.055442992,0.000817547
5386,3.792275146,0.031257378,0.00042115
5387,4.886842222,0.062286608,0.000278886
5388,3.327645784,0.012219617,0.000790242
5389,3.064667833,0.018868339,0.000645901
5390,2.519378716,0.005119723,0.00026343
5391,2.791963649,0.030172428,0.000794126
5392,4.560231426,0.080541743,0.000831539
5393,3.995948902,0.052886227,0.000594898
5394,4.300716954,0.072202554,0.000921
5395,2.866149944,0.015343399,0.000879538
5396,3.394177748,0.042617266,0.00087443
5397,3.656444501,0.095671803,6.53769E-05
5398,3.496675845,0.070804035,0.000147841
5399,2.726853129,0.034446327,0.000572696
5400,3.129068677,0.00956223,0.000696712
5401,2.66675918,0.062755244,0.000787643
5402,4.935575211,0.07895897,0.000457021
5403,4.024795892,0.011588447,0.000743814
5404,4.308362663,0.099951843,0.000205593
5405,4.20642327,0.091910428,0.000266002
5406,3.255887223,0.032133523,0.000899877
5407,3.065628241,0.070355939,5.60976E-07
5408,3.179386405,0.090247171,0.000293766
5409,3.738252978,0.047340071,0.000179354
5410,4.095263514,0.038994302,0.00041573
5411,3.202322276,0.091970466,0.000340417
5412,4.12548056,0.043617649,0.000700465
5413,4.350079189,0.085948575,0.000886526
5414,2.709000377,0.040965126,0.000994449
5415,4.185670312,0.017679722,0.000815547
5416,3.304050923,0.014975681,0.000950814
5417,4.693185998,0.002485242,0.000118737
5418,4.05984035,0.048548553,5.52364E-05
5419,2.702140019,0.082016542,0.00077819
5420,3.928767396,0.064912773,0.000193427
5421,3.947861794,0.02072471,0.000418127
5422,3.365946052,0.091181365,0.000234648
5423,4.67289237,0.074662324,0.000576063
5424,3.912313316,0.074929669,0.000865328
5425,2.984281659,0.000919397,0.000743914
5426,4.748137989,0.086623897,0.000799683
5427,4.144770296,0.077937759,0.000875489
5428,4.168037438,0.009226984,0.000792094
5429,4.726435126,0.084506687,3.60707E-05
5430,3.67484825,0.022080806,0.00031838
5431,4.975406978,0.013476692,0.000669053
5432,4.367001315,0.074288002,0.000847988
5433,3.822144799,0.003364651,0.000248988
5434,4.896335882,0.023431237,0.000866472
5435,3.03998347,0.013278388,0.000508606
5436,4.437527174,0.016438141,2.97396E-05
5437,4.633143427,0.07807334,0.000353682
5438,2.609882993,0.073505939,0.000293136
5439,4.7361705,0.022259519,0.000401158
5440,4.943346012,0.033170079,0.000990432
5441,2.524916126,0.00208902,0.000701465
5442,4.010037563,0.081653851,0.000797337
5443,3.858266946,0.031790174,0.000564899
5444,4.295883627,0.071430053,0.000610496
5445,4.597599674,0.0932879,0.000623092
5446,4.165126112,0.008338443,0.000291031
5447,3.435848227,0.052395093,8.1679E-05
5448,2.819583395,0.063653529,0.000590577
5449,4.176094561,0.079464701,0.000320895
5450,2.529010932,0.086741183,0.000966762
5451,3.015429925,0.074711994,0.000677901
5452,3.745816187,0.020146419,0.000818542
5453,3.57078596,0.06233329,0.000540876
5454,3.837044386,0.013797456,0.000269668
5455,3.110345829,0.013009591,0.000298759
5456,4.053810569,0.084977328,0.000743979
5457,4.317179327,0.074111708,0.000843479
5458,4.588573133,0.092916033,0.000100869
5459,4.720516234,0.050353303,0.000865948
5460,4.119312768,0.084090259,0.000902547
5461,3.429944018,0.033236353,0.000371289
5462,3.156321626,0.091072389,0.00098838
5463,4.549996703,0.042871924,0.000145155
5464,4.544964257,0.095665353,1.0999E-06
5465,3.474840839,0.093897072,0.000552679
5466,3.623454577,0.034680463,0.000588521
5467,3.152328746,0.041795187,0.000578978
5468,3.47914945,0.044952577,4.78209E-05
5469,4.345155302,0.057940622,0.000145948
5470,3.534312528,0.052344311,0.000652974
5471,3.80288002,0.041261762,0.000268924
5472,4.692829663,0.071112558,0.000145753
5473,3.706007413,0.0393394,0.00032009
5474,3.67020453,0.087219249,0.000906998
5475,3.538483696,0.096648535,0.000441246
5476,2.627278573,0.018783285,0.000260643
5477,4.681720713,0.001779545,0.000452674
5478,3.893918014,0.005999697,0.000154157
5479,4.433952066,0.061027716,0.00052772
5480,4.641069107,0.050056964,0.000819589
5481,3.275474288,0.095713212,0.000164986
5482,3.692233038,0.07795578,0.000657549
5483,4.572940888,0.099938573,0.000372748
5484,3.204401134,0.018546397,0.000435553
5485,4.944979296,0.018818469,0.000612336
5486,4.766852756,0.026918542,0.000304277
5487,4.533453367,0.004110414,0.000387595
5488,3.102262295,0.06388083,0.000646676
5489,3.684550194,0.021171758,6.06254E-05
5490,3.057484082,0.047792394,0.000826707
5491,4.293254691,0.072433669,0.000638537
5492,4.461779813,0.099155789,0.000936383
5493,3.391453371,0.009387604,0.000297869
5494,4.170113754,0.01919114,0.000227595
5495,4.937199904,0.043833682,0.000984829
5496,4.290587197,0.069685664,0.000934049
5497,2.549713502,0.000659588,0.000107545
5498,2.849323294,0.058729894,5.26962E-05
5499,4.843649738,0.097925877,0.000362652
5500,4.906734021,0.098202926,0.000606261
5501,3.744265711,0.011127605,0.000741059
5502,3.2684403,0.060977479,0.000154241
5503,2.836286202,0.064422278,0.000382267
5504,2.931096913,0.061300533,0.000690065
5505,4.144958708,0.05972324,0.000404786
5506,4.955956315,0.022928633,0.000557928
5507,3.149749322,0.066080614,0.000153668
5508,4.520941471,0.061199243,0.00025166
5509,2.630838484,0.029444972,0.000900023
5510,4.987086496,0.077760183,0.000643665
5511,3.307215979,0.025389798,0.000762992
5512,4.906652014,0.045744851,1.82653E-05
5513,4.30887543,0.066873999,0.000382267
5514,2.727502251,0.050396226,0.000838132
5515,3.458896464,0.088530578,0.000944102
5516,2.737854898,0.001291083,0.000208784
5517,3.164775827,0.025568354,0.000836035
5518,3.76032606,0.031407345,0.00047757
5519,4.105095721,0.076887267,0.000608735
5520,4.541590277,0.039151284,0.00062111
5521,4.407231294,0.023089022,2.42042E-05
5522,4.474137696,0.088069089,0.000287048
5523,3.117860574,0.063346335,5.41255E-05
5524,4.449802263,0.043768328,0.000964832
5525,2.881025653,0.071235995,0.000657798
5526,4.985332423,0.075815743,0.00096308
5527,4.656060792,0.058135846,4.06332E-05
5528,4.189873562,0.034411718,0.000739703
5529,2.9252658,0.031597896,0.000624577
5530,2.989349967,0.091179264,0.000306943
5531,3.949393174,0.068730443,0.000185992
5532,3.833703286,0.073759258,0.00080685
5533,3.595548537,0.067448626,0.000563721
5534,3.085343553,0.012245961,0.00086959
5535,4.662879736,0.072701953,0.000514612
5536,2.60090647,0.048428254,0.000659499
5537,4.779912559,0.063408861,0.000238788
5538,4.165037061,0.080342403,0.000767481
5539,2.805629679,0.00426314,0.000883605
5540,4.361788026,0.013998321,7.50985E-06
5541,2.932995827,0.032603492,0.000618864
5542,3.24914392,0.081438493,0.000300596
5543,3.931178666,0.092653482,0.000830097
5544,4.478582736,0.017683859,0.00039971
5545,3.94108395,0.075275971,0.00038726
5546,3.636458031,0.08638419,0.000765121
5547,2.649157047,0.045994404,8.39776E-05
5548,2.747266348,0.080703525,0.000886907
5549,3.971150769,0.02727132,0.000698698
5550,3.414987976,0.07759788,0.000197794
5551,4.620783868,0.069541946,0.000975857
5552,3.263134693,0.004673427,0.000561644
5553,4.123458503,0.04664813,0.000966849
5554,4.284352721,0.004299437,0.000724533
5555,4.870816464,0.089994349,0.000432923
5556,2.827881941,0.074659493,0.0004012
5557,3.843287451,0.070731996,0.000456485
5558,2.858604217,0.093181996,0.000398543
5559,4.075484174,0.004992308,0.000279378
5560,3.895891915,0.032855455,0.000561519
5561,2.881474083,0.04172232,0.000820926
5562,4.559524712,0.090964565,0.00023654
5563,4.973030153,0.062016368,9.06022E-05
5564,3.565171073,0.044152571,0.000214394
5565,4.656808778,0.013417094,0.000915802
5566,4.259779345,0.033386838,0.000944825
5567,3.257208507,0.025338154,0.000535429
5568,4.932125914,0.091466059,0.00047471
5569,4.289176423,0.081295294,0.000354988
5570,3.406716646,0.054895529,0.000116028
5571,2.641292647,0.094906434,2.52458E-07
5572,3.465348124,0.051070316,0.000120591
5573,2.718845862,0.099125725,9.07591E-05
5574,2.571689623,0.006932321,0.00082702
5575,3.147830099,0.070348196,0.000782758
5576,3.635704965,0.049603685,6.94811E-06
5577,4.125117829,0.039157213,0.000843174
5578,3.490062459,0.094997785,0.000119722
5579,2.860390581,0.04489505,6.12118E-05
5580,4.07346773,0.025219221,0.000677159
5581,3.41386551,0.069659917,0.000189742
5582,4.773017014,0.080159351,0.000194975
5583,4.188679424,0.042179423,6.37575E-05
5584,4.541416439,0.017201752,0.000170027
5585,3.46679896,0.098025325,0.000760732
5586,3.430934798,0.096581842,0.000658588
5587,4.742783508,0.026825096,0.000320108
5588,3.86880803,0.011391973,0.000123514
5589,4.893977542,0.00375686,0.000800101
5590,4.469095673,0.067562142,7.74312E-05
5591,4.230257452,0.067120657,0.000483783
5592,4.584675073,0.047459627,0.00042633
5593,3.756267777,0.0100329,0.000910621
5594,3.21259097,0.041597383,0.000456611
5595,3.736658221,0.035893386,0.000701988
5596,3.881007174,0.022921289,0.000680395
5597,3.410420711,0.021814201,0.000570876
5598,4.505399748,0.095352715,0.000548705
5599,4.761331854,0.074349864,0.000782497
5600,3.41194199,0.062268745,0.000176271
5601,3.355214097,0.041703903,0.000282131
5602,3.942064315,0.031855066,0.000272026
5603,4.964812463,0.027598538,0.000861011
5604,2.861710319,0.08150406,0.000965032
5605,3.611768324,0.039708283,0.000744337
5606,3.140251692,0.063360633,0.000485037
5607,4.698735099,0.083566181,0.00038723
5608,4.109935204,0.092894076,5.61193E-05
5609,4.45253864,0.018790175,0.000360092
5610,4.430993269,0.020415865,0.000590542
5611,4.605013967,0.078811999,0.000210106
5612,4.776611569,0.078529305,0.000377464
5613,4.244622235,0.02855484,0.000512121
5614,3.921433043,0.091551955,0.000400664
5615,4.648238235,0.08164598,0.000213021
5616,3.350842938,0.075151851,0.000252746
5617,2.947025869,0.036852768,0.000332317
5618,4.222647544,0.015835457,0.000768234
5619,3.366654515,0.033771617,0.000629695
5620,4.479057079,0.01493758,6.73142E-05
5621,3.709660603,0.007726219,0.000352038
5622,3.903029355,0.060449474,0.000789811
5623,3.198203615,0.041165497,0.000627241
5624,4.327569224,0.015753035,0.000381085
5625,2.859963142,0.016133204,0.000280359
5626,3.573297407,0.093296176,0.000714541
5627,4.739861926,0.047889863,0.000410811
5628,4.061335605,0.09132505,3.91091E-05
5629,4.046312364,0.053156789,0.000270593
5630,3.137298798,0.018360989,0.000381571
5631,3.11908543,0.06382195,0.000868876
5632,3.041490977,0.039440835,0.00021634
5633,4.180342209,0.085806934,0.000409622
5634,4.850418462,0.091519402,0.000903905
5635,4.515285533,0.059280952,0.0009441
5636,3.762476757,0.096255926,9.32829E-06
5637,2.78386742,0.07960393,0.00020975
5638,3.056291933,0.019505807,0.000731787
5639,2.620909601,0.097901458,0.000926128
5640,4.035983311,0.071228845,7.69679E-05
5641,2.767331251,0.066262565,0.000187984
5642,4.924516126,0.005843728,0.000404543
5643,3.015706771,0.074373906,0.000718449
5644,4.503420072,0.022256375,0.000593036
5645,3.724339355,0.004387337,9.26932E-07
5646,4.862626721,0.049389278,0.000716545
5647,2.577744354,0.097815828,0.000604023
5648,2.715231283,0.004385328,0.00099456
5649,4.866022331,0.068729954,0.00027268
5650,3.136472508,0.095897379,0.000122106
5651,3.526546268,0.063496593,0.000219207
5652,3.948842777,0.082218888,0.000392883
5653,3.981512112,0.064692828,0.000139645
5654,3.119407927,0.081078149,0.000342887
5655,3.606554438,0.003740501,0.000958273
5656,3.66118232,0.068855443,0.000890519
5657,4.31240811,0.030311198,0.000460063
5658,2.788985438,0.026427095,0.000254834
5659,4.928347365,0.02635316,3.98023E-05
5660,3.651919921,0.047753393,0.000535107
5661,3.650052114,0.014979173,0.000286829
5662,4.556141897,0.030148329,0.00058048
5663,3.767667841,0.095937179,9.0223E-05
5664,4.466918929,0.001815659,0.000898446
5665,4.054784403,0.081949728,0.000817194
5666,3.531418718,0.005506745,0.000918056
5667,3.523404519,0.097189855,0.000794177
5668,4.862379988,0.073453333,1.48608E-05
5669,4.776250886,0.091971684,0.000957552
5670,3.209546664,0.051886857,5.89249E-05
5671,2.973489823,0.051720196,0.00033318
5672,2.768770139,0.000805641,0.000473287
5673,2.801800086,0.045452906,0.000627179
5674,4.087551273,0.00884645,0.000199905
5675,4.43967135,0.034358342,0.000972702
5676,3.956579556,0.01521508,0.00022658
5677,3.108784919,0.032443701,0.000286976
5678,4.471972133,0.092599974,0.000166834
5679,4.816658834,0.02183216,0.000513095
5680,4.407775254,0.090713378,0.000214809
5681,3.509393269,0.086911367,0.000316511
5682,4.449602055,0.005238552,0.000519477
5683,2.721810999,0.080807455,0.000144186
5684,4.264635358,0.085283876,0.000439926
5685,3.130422421,0.085679751,0.000809735
5686,4.072669816,0.017835725,7.98334E-05
5687,4.040853367,0.029243327,0.000848978
5688,4.05962069,0.095215062,0.000536639
5689,4.963908016,0.071342216,0.000128244
5690,3.786404003,0.014244544,0.000938238
5691,4.280716788,0.047497623,0.000544406
5692,2.961691988,0.001503295,0.000997682
5693,3.923363023,0.042465634,0.000625652
5694,3.078452592,0.048677566,0.000907671
5695,2.612563495,0.045468499,2.62683E-05
5696,3.791919684,0.077432365,2.31855E-05
5697,3.918260007,0.053622506,0.000299652
5698,3.688643517,0.077377863,0.000177749
5699,3.106416365,0.078357692,0.000188711
5700,4.823929924,0.097692779,0.000759777
5701,4.496130125,0.016900613,0.000874103
5702,3.100964821,0.093318136,0.000165533
5703,4.8885432,0.004350072,0.000945663
5704,4.40737534,0.043905931,0.000795427
5705,3.864883669,0.092486393,0.000419582
5706,3.983830581,0.028207006,8.24854E-05
5707,2.609199293,0.026292385,0.000824118
5708,3.322332844,0.095360633,0.000969041
5709,2.720280266,0.094317944,7.92928E-05
5710,3.268515036,0.014226337,0.000851327
5711,4.696524056,0.029825353,0.000439899
5712,4.232623708,0.047999006,0.000355696
5713,4.775155478,0.032458943,0.000495326
5714,4.298953109,0.041983594,0.000407449
5715,2.972399238,0.096170241,0.000715892
5716,3.586067226,0.079716105,0.000307493
5717,3.498521165,0.098486607,0.000485433
5718,3.971776118,0.059829915,0.000222403
5719,3.465535428,0.011782829,0.000315254
5720,2.617343331,0.007112301,0.000986072
5721,3.411651972,0.009103946,0.000282488
5722,4.540795305,0.002646111,0.000263038
5723,3.450222432,0.076994346,0.000702105
5724,3.337254742,0.066194411,0.000237674
5725,4.818031146,0.022626244,0.000664499
5726,3.77542297,0.063311918,0.000347173
5727,4.61806283,0.024390285,0.000825109
5728,4.34562005,0.073073561,0.000285923
5729,2.984809561,0.057961844,0.000102404
5730,2.922908109,0.077107001,0.000352775
5731,2.549684004,0.085716635,6.36066E-05
5732,4.577572836,0.066771929,0.000777082
5733,4.671185244,0.053599581,0.000478827
5734,4.302872465,0.092528399,0.000900344
5735,3.844053545,0.057620573,0.000924869
5736,3.467321817,0.022915677,0.000942407
5737,3.991317369,0.093551611,0.000453908
5738,3.384273454,0.081681425,0.00072283
5739,3.937003125,0.004816116,0.000123798
5740,2.630655697,0.00961017,0.000156614
5741,3.47185654,0.02673779,0.00076455
5742,4.299012364,0.06619108,0.000144728
5743,3.14882903,0.011240954,0.000580151
5744,3.031657784,0.084701339,0.000646841
5745,4.386897981,0.035586656,0.000559835
5746,3.438395387,0.048533103,0.000144524
5747,2.645773998,0.063206085,0.000711361
5748,3.662597342,0.006233397,0.000692329
5749,3.799882033,0.017260585,0.000982203
5750,2.519734317,0.04397979,0.000536738
5751,3.870228155,0.069349683,0.000220882
5752,4.742048656,0.045041046,0.000651151
5753,2.798186234,0.042035865,0.000638819
5754,4.564591309,0.06280847,0.000176231
5755,4.809759883,0.086029182,0.000364656
5756,3.084100252,0.046593714,0.000490491
5757,4.717849097,0.059062718,0.000689592
5758,4.145436583,0.078561285,0.000866606
5759,4.563893263,0.077073792,0.000569852
5760,3.508312207,0.073601701,0.000442585
5761,4.812383217,0.041056808,0.000261642
5762,4.971282988,0.085878108,0.000921896
5763,2.504965035,0.024797402,0.000208412
5764,4.378502725,0.031246926,0.000131066
5765,3.613443415,0.045374888,0.000765051
5766,3.044349846,0.06709754,0.000261879
5767,3.717846973,0.027592291,0.000298303
5768,2.696970488,0.011431779,0.000686133
5769,3.689207896,0.06423979,0.000125273
5770,3.738415293,0.075161299,0.000999259
5771,4.019710875,0.084385525,0.000916708
5772,3.617303035,0.06650066,0.00093217
5773,4.87883253,0.051454833,0.000498346
5774,4.635620826,0.074207075,0.000160969
5775,2.783481629,0.09073208,0.000897889
5776,3.952089393,0.041283486,0.000819879
5777,3.172097296,0.029220999,0.000885901
5778,4.674367775,0.027459386,0.000877821
5779,2.546367766,0.062936344,2.05422E-05
5780,4.713306257,0.084658114,1.885E-05
5781,3.768493015,0.010471769,0.000434146
5782,2.61860741,0.051310503,0.000740967
5783,3.420208332,0.036440908,0.00028665
5784,4.566643118,0.063828116,0.000682959
5785,2.552442394,0.08149007,0.00080278
5786,4.738947723,0.092634323,0.000400644
5787,3.697978877,0.081637936,0.000681739
5788,4.667633857,0.095419968,0.000618316
5789,4.949836624,0.032783567,0.00093604
5790,2.675328182,0.057286383,0.00040345
5791,3.14329213,0.028314121,0.000732053
5792,4.482272278,0.047388681,0.000293547
5793,2.555450064,0.098098376,0.000767472
5794,4.045521632,0.092394848,0.000314396
5795,2.548086759,0.004956497,0.000398833
5796,4.706988663,0.082441306,0.000991241
5797,3.140405484,0.096303013,0.000823132
5798,3.419422864,0.085142354,0.000710802
5799,4.442614926,0.01616777,0.000405875
5800,4.682534993,0.063596293,0.000837662
5801,4.644577355,0.041111913,0.000694844
5802,3.740192214,0.021022253,0.000368131
5803,3.134644951,0.083944157,0.000293197
5804,3.646317887,0.091129564,0.000756018
5805,4.67803837,0.011116565,0.000378307
5806,2.833650614,0.091358292,4.19586E-05
5807,3.148290134,0.013326465,0.000317251
5808,3.605180848,0.085626353,0.00031689
5809,2.871317886,0.013999976,0.000561482
5810,4.284604835,0.003015068,0.000959844
5811,4.716863733,0.0895279,0.000228471
5812,4.428848002,0.014428449,0.000584112
5813,4.20638224,0.013838429,0.000390666
5814,4.833267926,0.041518917,0.000246136
5815,4.846016235,0.044863876,0.000842409
5816,4.194806182,0.025358239,0.000386069
5817,3.463697673,0.014514022,0.000508457
5818,3.497499112,0.015170188,0.000551567
5819,2.526630211,0.014087082,3.85663E-05
5820,3.091276414,0.025328206,0.000284829
5821,2.513377177,0.061550595,5.09338E-05
5822,4.622097777,0.09047091,0.000392366
5823,2.81286021,0.045563144,0.000147674
5824,2.799671916,0.038049996,7.84972E-05
5825,4.045228816,0.06851487,0.000201458
5826,4.43050862,0.066080897,0.000748913
5827,4.030618715,0.033544139,0.000983181
5828,3.419820882,0.078929222,0.000111862
5829,4.532355589,0.035415484,0.000677144
5830,3.679413634,0.039898837,5.21138E-05
5831,4.624139299,0.005934863,0.000404518
5832,3.423339884,0.012539948,0.000722769
5833,3.262255271,0.053286631,0.000332123
5834,3.23457535,0.093084486,0.000524644
5835,3.905847464,0.080420842,0.000622386
5836,3.631002754,0.014103878,7.37882E-05
5837,4.934920478,0.080744758,0.00071612
5838,4.484856494,0.097150234,0.000457708
5839,3.072344321,0.014596324,0.000780625
5840,3.344968714,0.066542334,0.000926158
5841,3.855477274,0.015145673,0.000461918
5842,3.761048838,0.032308683,0.000622739
5843,4.895734479,0.029167526,0.000214121
5844,4.286741523,0.034907572,0.000627103
5845,4.35908664,0.099402137,0.00036599
5846,2.815036392,0.055374825,0.000962042
5847,4.851432259,0.019432058,0.000139177
5848,3.193666192,0.056610406,0.000906069
5849,3.637179594,0.099362706,0.000310136
5850,2.99499965,0.01517106,0.000362855
5851,3.898917877,0.091621797,0.000595332
5852,3.205845044,0.033955248,0.000209747
5853,4.818870976,0.096949458,0.000148255
5854,3.967582121,0.039229007,0.000314817
5855,2.672271949,0.035434486,0.000300814
5856,4.07793225,0.001170632,0.000732347
5857,3.221153701,0.081779574,0.000988752
5858,2.6230281,0.059662648,0.000891644
5859,2.839444923,0.033578885,0.000499402
5860,4.898169489,0.053908041,0.000858275
5861,2.741515709,0.02043818,0.00067671
5862,2.879350337,0.023422898,0.000331701
5863,3.06053248,0.032596433,3.91723E-05
5864,2.857139859,0.050046795,0.000321478
5865,3.213795572,0.04966809,0.000711779
5866,2.582115792,0.095566883,0.000759322
5867,3.60754932,0.019640111,0.000297406
5868,3.782782055,0.062443412,5.89695E-05
5869,3.819119971,0.054763965,0.000606522
5870,3.006475254,0.036272097,0.000957133
5871,4.011234055,0.044053817,0.000450655
5872,4.296707793,0.096099919,0.00087369
5873,2.606499078,0.063947887,2.03907E-05
5874,3.388545244,0.08710641,0.000819987
5875,4.463442767,0.014658264,0.000569543
5876,3.281365984,0.094347994,0.000572421
5877,3.12459114,0.062973428,0.000360431
5878,4.757441239,0.026731631,0.000354517
5879,3.874248841,0.086631064,0.00094158
5880,4.590165055,0.079885025,0.00065061
5881,3.290262679,0.017979185,0.000218299
5882,2.726115949,0.096326681,0.000634924
5883,3.018803385,0.080114063,0.000285832
5884,3.672171439,0.066921854,0.000180007
5885,4.805315287,0.097091232,2.23675E-05
5886,3.674100992,0.039215619,0.000503549
5887,4.879899034,0.094288539,0.000328753
5888,3.500475019,0.082572958,4.16314E-05
5889,2.526906658,0.042502088,0.000676355
5890,2.738812279,0.087113324,0.000275457
5891,4.21254288,0.001438234,0.000469119
5892,2.912038459,0.064153142,0.00042208
5893,3.786101572,0.063170745,0.000651423
5894,4.901959011,0.070332589,0.00064814
5895,3.447348379,0.010853247,0.000583255
5896,2.759448932,0.057273852,0.000343103
5897,3.986713299,0.025296183,0.000263943
5898,3.737705175,0.045126989,0.000946233
5899,3.137478291,0.033427481,0.000776176
5900,2.915514875,0.070947439,9.34334E-05
5901,4.846132175,0.021571814,0.000316992
5902,3.610887958,0.052418734,0.00075635
5903,3.160635975,0.068467868,0.000298603
5904,4.707068822,0.079876274,0.000372911
5905,4.828600359,0.027473762,0.000262059
5906,4.745859432,0.039554996,0.000199595
5907,4.51224794,0.023690689,9.5347E-05
5908,3.201823925,0.015843032,0.000859254
5909,2.829044836,0.033703423,0.00081629
5910,2.889399478,0.036382671,0.000273822
5911,3.469647909,0.096252392,0.000829806
5912,4.976500003,0.089334096,0.000822539
5913,3.533117848,0.036978224,0.00085325
5914,3.158136688,0.01080172,0.000282821
5915,3.341018024,0.09038369,0.000831014
5916,3.335735297,0.049283749,0.000431876
5917,4.086284858,0.093680056,0.000434322
5918,3.445798252,0.058182525,0.000511586
5919,3.390488842,0.096129169,0.000263331
5920,3.665185656,0.043028203,0.000224772
5921,3.77358149,0.031655814,0.000592852
5922,4.800418208,0.095016973,0.000918789
5923,4.296481361,0.040335927,0.000820001
5924,4.777943143,0.097098044,0.000540352
5925,4.21518947,0.015226212,0.000119994
5926,3.253928262,0.080439256,0.000936126
5927,3.333983542,0.066718009,0.000769299
5928,4.067905298,0.021852497,0.000618844
5929,3.382419174,0.024828164,0.000318777
5930,3.269304644,0.038104324,0.000185252
5931,4.961106382,0.051760519,0.000102413
5932,3.851809978,0.055604013,0.000502556
5933,4.615642399,0.061025559,7.82203E-05
5934,3.530032114,0.073153935,0.000532405
5935,3.864856496,0.076214342,0.000686077
5936,2.779982951,0.070939456,0.000353508
5937,3.63247027,0.087299571,0.000819656
5938,4.404325605,4.87544E-06,0.000439057
5939,3.099551633,0.037585483,0.000255396
5940,3.019110706,0.062147225,0.000426307
5941,3.272701251,0.056779577,0.000645557
5942,3.167125285,0.077865832,0.000556924
5943,3.418392554,0.084943858,0.000592992
5944,4.831647276,0.025222693,0.000753837
5945,4.964434544,0.065760586,0.000491667
5946,2.87558911,0.039316473,5.14396E-05
5947,2.807940637,0.001150158,0.000765111
5948,4.571736272,0.001867434,0.000676232
5949,4.896647795,0.038453236,0.000223543
5950,4.019084266,0.077350768,0.000244538
5951,2.501270921,0.028053531,0.000572039
5952,4.637239449,0.012981263,0.000123222
5953,3.270290984,0.023179248,0.000706421
5954,3.439491589,0.073926136,0.000868452
5955,3.825353024,0.027045713,0.000155052
5956,3.246756291,0.047135427,0.000683106
5957,4.220265832,0.045748187,0.000926365
5958,4.045239264,0.053191634,0.00061315
5959,3.964645663,0.012413451,0.000716101
5960,4.524984553,0.066828147,0.000254281
5961,3.880702738,0.013657778,0.000523898
5962,2.897070936,0.008931325,0.000368341
5963,4.351646507,0.093286439,0.000804975
5964,4.921635409,0.033103457,0.000682676
5965,2.891908949,0.047777842,0.000326227
5966,2.613853265,0.099141388,0.000280165
5967,3.19048872,0.04216874,0.000418305
5968,4.793055902,0.012483434,0.000518354
5969,3.677521555,0.043769301,3.7195E-05
5970,3.584135899,0.000766655,0.000280915
5971,4.991745773,0.097412893,0.000423449
5972,3.45750446,0.013179113,0.000832515
5973,3.132415656,0.085921493,0.000856395
5974,2.94339069,0.069610905,0.000242931
5975,4.521585256,0.016747766,0.000120835
5976,4.028968744,0.034704409,0.00049593
5977,3.591795301,0.070277422,0.000156164
5978,4.300724956,0.067432425,0.000171377
5979,2.601355823,0.084866637,9.43636E-05
5980,3.562926387,0.035133328,0.000785978
5981,4.026357928,0.086950283,6.06748E-05
5982,4.724400724,0.093834808,0.000958087
5983,3.812654007,0.026135714,0.000257262
5984,3.281785509,0.002703337,0.000243954
5985,2.558342773,0.065150852,0.000165195
5986,4.025629891,0.003635204,0.000520711
5987,4.377455794,0.074689102,0.000971529
5988,3.214801675,0.032397376,0.000523465
5989,4.090970731,0.06772742,0.000393895
5990,3.918102854,0.091190928,0.000800319
5991,2.512695086,0.01489276,0.000795244
5992,4.24275853,0.04555581,0.000318355
5993,3.869503003,0.084424923,0.000151221
5994,3.417536111,0.047034429,3.10861E-05
5995,4.331332307,0.071758439,0.000359682
5996,2.969426933,0.053711321,0.000272359
5997,3.856109541,0.095849726,0.000385486
5998,2.934122438,0.024309879,0.0002791
5999,4.023131262,0.088433607,0.000504179
6000,3.614293827,0.062062226,0.000978078
6001,4.989122892,0.095426314,0.000906802
6002,4.716833687,0.075020998,0.00025856
6003,2.851848998,0.028591615,0.000833208
6004,4.119614019,0.086745588,0.000830063
6005,3.831112664,0.05491089,0.000420814
6006,4.398076682,0.081654396,0.000932849
6007,4.540874303,0.061709056,0.000546094
6008,2.540032134,0.033810479,0.000475282
6009,2.957997068,0.043479702,0.000195866
6010,3.369115344,0.023299882,5.17603E-05
6011,3.079193687,0.026144886,0.000374296
6012,4.016313142,0.010808888,0.000896189
6013,2.511609252,0.088419606,0.000286902
6014,4.443429951,0.027828824,0.000111205
6015,3.291366175,0.093519751,2.28207E-05
6016,2.705698881,0.066380538,0.000625035
6017,2.589378634,0.060820478,0.000992392
6018,4.351546014,0.006926214,0.000482951
6019,2.804733924,0.036394632,0.000656226
6020,4.771061173,6.80312E-05,0.000286336
6021,4.331056397,0.07346713,0.000916321
6022,4.398629431,0.051793288,0.000139857
6023,4.886268704,0.091542671,0.000402856
6024,4.027662649,0.038438629,0.000723772
6025,2.584230544,0.033371832,0.000942744
6026,3.713512943,0.069748616,0.00050003
6027,4.073361608,0.093441276,0.000849116
6028,3.135450576,0.088569868,0.000284179
6029,3.610183829,0.048557945,0.000301877
6030,4.529412849,0.062127637,0.000521554
6031,4.554782299,0.081112111,0.000132919
6032,3.49542441,0.09847479,0.000786296
6033,4.373035341,0.028483263,2.60682E-06
6034,2.940783725,0.077812874,0.000400673
6035,3.12446421,0.011484721,0.000301154
6036,2.65833219,0.042698976,0.00014931
6037,4.042105495,0.050825229,0.000483511
6038,2.975617751,0.074015393,8.26039E-05
6039,2.923958447,0.081526741,7.90705E-05
6040,3.754316586,0.083969059,0.000480804
6041,4.105977173,0.078442219,0.000676926
6042,2.549467094,0.020322338,0.000799753
6043,3.753352708,0.068373709,0.000512066
6044,2.958846231,0.011979827,0.000669931
6045,4.997251438,0.068652429,0.000694326
6046,4.260525899,0.054387384,0.000273455
6047,4.511535505,0.02372124,3.65038E-05
6048,4.452061963,0.026837017,0.000291884
6049,3.288789017,0.049881033,6.25354E-05
6050,3.852898095,0.03501638,0.000152979
6051,3.417280509,0.041764103,0.000483551
6052,3.127747864,0.071566918,0.000338771
6053,4.845345972,0.091451044,4.41784E-06
6054,3.927083796,0.018756514,0.000180253
6055,4.523981972,0.043598681,7.74067E-05
6056,4.449019265,0.096521213,0.000672876
6057,2.72258212,0.091937301,0.000372609
6058,4.548280343,0.036582814,0.000269774
6059,3.578381733,0.01085118,0.000765163
6060,4.54314379,0.065341102,0.000372899
6061,4.796563682,0.098032479,0.000287435
6062,3.063651885,0.034811312,0.000874579
6063,3.6223613,0.02311397,0.000121813
6064,3.232545828,0.089050378,0.000451033
6065,4.499997823,0.033920435,0.000612994
6066,4.211022439,0.027261568,9.84473E-05
6067,3.87897982,0.026640207,0.000102293
6068,2.547454152,0.071674916,0.000455496
6069,4.742163998,0.028821242,0.000714228
6070,3.077750596,0.046992545,0.000240475
6071,3.415277822,0.086241147,0.000461063
6072,4.518563549,0.003770305,0.000636495
6073,4.636975664,0.059560344,0.000999692
6074,2.617286276,0.096730821,0.00037908
6075,3.475330897,0.042430083,0.00091622
6076,3.413984168,0.036915835,5.92181E-05
6077,4.064550028,0.035541183,0.00073575
6078,3.998556639,0.018379782,0.000769606
6079,3.052798186,0.016505947,0.000661327
6080,3.841484394,0.037187962,0.000592056
6081,3.647054883,0.068378472,0.000143061
6082,2.635403094,0.051291524,0.000507224
6083,4.674186555,0.022805846,0.000308511
6084,3.712773014,0.030054625,0.000535823
6085,3.791162501,0.08166874,0.000603907
6086,2.870727017,0.045414865,0.00098768
6087,4.728027627,0.024910122,0.000810069
6088,4.905541211,0.015153369,0.000660005
6089,4.466675781,0.011061623,0.000486593
6090,4.698305145,0.057980199,0.000523382
6091,3.380654541,0.017166025,0.000263325
6092,2.586281977,0.012069083,0.000653027
6093,4.87921664,0.030639972,0.000275581
6094,3.4993816,0.057091043,0.000369255
6095,2.763828788,0.07219099,0.000461807
6096,2.50083271,0.004891074,0.000485224
6097,4.213417164,0.050987899,0.000499033
6098,3.072074422,0.085915435,0.000681953
6099,3.702125158,0.084235615,0.00013716
6100,2.741431119,0.034639236,0.000390283
6101,3.767623089,0.058333449,5.07621E-05
6102,2.868996201,0.014968515,0.000585515
6103,2.877634782,0.006247289,0.000675954
6104,3.386933699,0.070636335,0.000340627
6105,4.411912187,0.09078752,0.000208805
6106,4.627924587,0.054410747,0.000205045
6107,4.858849978,0.094156533,0.000640694
6108,3.82200614,0.058255617,0.000172101
6109,4.159979621,0.072330576,0.000110269
6110,4.550509424,0.011734465,0.000406471
6111,4.246275423,0.098346989,0.000963316
6112,4.403172645,0.029183066,0.000581555
6113,3.580404114,0.083415817,0.000834422
6114,2.972313845,0.019797424,8.10201E-06
6115,4.563898169,0.013160583,0.000667035
6116,3.173277906,0.025724848,0.000981011
6117,4.708365488,0.04629992,0.000350249
6118,2.62757576,0.045182901,0.000905642
6119,4.638437999,0.02901869,0.000554871
6120,4.204707915,0.068468139,0.000159368
6121,4.792667674,0.076474916,0.000303541
6122,4.881123368,0.01161001,0.000555644
6123,4.30670504,0.04851514,0.000463686
6124,4.875943961,0.078714884,0.000957998
6125,3.359618309,0.009219463,0.000237702
6126,4.92229402,0.073867563,0.00030703
6127,3.73035237,0.00891138,0.000406588
6128,2.937409739,0.034446098,0.000100648
6129,2.969230037,0.025826528,8.07619E-05
6130,4.501096666,0.005575445,0.000144583
6131,3.65417968,0.068519678,0.000609166
6132,3.644466022,0.010551108,0.00042331
6133,3.015638843,0.01273845,1.85079E-05
6134,3.205865177,0.020844527,0.000153826
6135,3.511967308,0.046895088,0.000775862
6136,2.689054839,0.094697261,0.000955167
6137,4.92613353,0.077297308,1.49312E-05
6138,3.517595801,0.069024099,0.000526061
6139,3.277878926,0.005137102,8.87028E-06
6140,4.122901067,0.091063987,0.000288768
6141,3.14272211,0.051276813,0.000968011
6142,4.916397661,0.004671619,0.000261185
6143,3.299501061,0.014301311,0.000935185
6144,3.93981075,0.026569658,0.000118312
6145,4.247770263,0.068693786,0.000429589
6146,4.145057989,0.015753327,0.00079161
6147,3.382061727,0.075543518,1.48201E-05
6148,2.573070432,0.02240892,0.000332076
6149,3.065838108,0.049321389,0.000891984
6150,4.709910279,0.055628729,0.000315251
6151,3.18715665,0.060385336,0.000101598
6152,2.907372535,0.031542294,0.000347233
6153,3.622257204,0.094722894,0.000551627
6154,4.362625737,0.015834963,0.000671224
6155,3.575038067,0.030145783,0.00037897
6156,4.244123103,0.066933046,0.00077386
6157,3.124713359,0.053556763,0.000110956
6158,3.483092587,0.085546632,0.000374354
6159,4.007760621,0.046401583,0.000782559
6160,2.5040552,0.00447232,0.000320132
6161,3.023642287,0.027678492,0.000512965
6162,4.931186575,0.022867632,0.000194102
6163,3.475228724,0.073129817,0.000554369
6164,4.978737517,0.080208207,0.000545986
6165,3.406431209,0.00977002,0.000229828
6166,2.821174908,0.04763173,0.00076227
6167,4.722395544,0.044969836,2.2358E-05
6168,2.766433863,0.06787047,0.000120021
6169,4.545850928,0.075642489,0.000850255
6170,2.7690885,0.012958342,0.000920998
6171,2.982807031,0.03491682,0.000162105
6172,3.390538262,0.022584267,0.000991106
6173,3.301611601,0.070601355,0.00027833
6174,2.93246501,0.022050099,0.000782135
6175,4.539226359,0.045021109,0.000279621
6176,2.530900133,0.027648097,0.000946534
6177,4.746685272,0.002245176,0.000878807
6178,3.942893177,0.065239002,0.000390507
6179,3.326078193,0.099339045,0.000947371
6180,4.747752624,0.064299401,0.00074776
6181,2.692299694,0.053679533,0.000647789
6182,2.906894125,0.061408713,0.000110341
6183,2.66359627,0.020206409,0.00023557
6184,3.780094245,0.086939522,0.000855103
6185,3.860977154,0.020541736,0.000125994
6186,2.51158652,0.02370328,0.00020926
6187,3.584274139,0.006783817,0.000594
6188,2.895609387,0.080644099,0.0004791
6189,4.238027138,0.004245704,0.000376768
6190,3.209266002,0.05977204,0.000476944
6191,3.658330931,0.086019245,0.000834168
6192,3.382965916,0.097383287,4.71116E-05
6193,3.58596718,0.068588126,0.000428019
6194,4.210250958,0.075854618,0.000824097
6195,3.944628789,0.023955081,0.000581535
6196,4.017814972,0.09969287,0.000545588
6197,4.744691495,0.073643998,0.000641013
6198,4.679780746,0.067017171,0.0001465
6199,4.44001347,0.07729373,0.000347551
6200,3.794449761,0.033981816,0.000115031
6201,4.024362007,0.038215068,0.000905926
6202,2.705689474,0.012657089,0.000483785
6203,4.508471905,0.094795705,0.000526813
6204,2.784643026,0.043331834,0.000950382
6205,4.813589595,0.01952344,0.000735229
6206,3.475203248,0.0402515,0.000466169
6207,2.632727014,0.078291208,0.000526283
6208,3.849982121,0.043858921,0.000210886
6209,3.782721896,0.011354583,0.000719299
6210,3.389732869,0.093002862,0.000296919
6211,2.767583282,0.045870452,0.000950943
6212,4.573954732,0.077119979,0.000801373
6213,4.251406086,0.048266729,0.000365234
6214,3.825667265,0.074933913,0.000203204
6215,4.309621914,0.009589757,0.000645474
6216,3.160224192,0.063251431,0.000781188
6217,4.519683766,0.01326883,0.000301971
6218,3.64010288,0.011176399,0.000695539
6219,4.327623266,0.074779051,3.57626E-05
6220,4.854190884,0.066447046,0.000201091
6221,4.60555562,0.067114653,0.000197718
6222,4.434059094,0.09189698,0.000907722
6223,2.712875602,0.009691107,0.0007979
6224,4.933731669,0.083728308,0.000105206
6225,2.651555423,0.018711858,0.000676306
6226,4.88658789,0.067342239,0.000166395
6227,4.431228402,0.015491839,0.000352696
6228,3.722355157,0.057107823,0.000290115
6229,2.686200579,0.065955565,0.000247301
6230,4.551098515,0.003689944,0.00060747
6231,2.976975192,0.003814747,0.000148879
6232,2.997435124,0.069090332,0.000572842
6233,2.766277293,0.037504081,0.000496512
6234,4.823523125,0.046277362,0.000731831
6235,4.197925231,0.056930536,0.000312398
6236,2.967151772,0.08315325,0.000979786
6237,4.341166188,0.062711756,0.000878145
6238,3.613494994,0.066337703,0.000853141
6239,4.37519423,0.086380346,0.000665204
6240,2.781913991,0.024150179,0.000827502
6241,2.582677824,0.015506804,0.000414253
6242,3.601119746,0.055760108,0.000492152
6243,4.084988508,0.005098754,1.55063E-05
6244,4.347547439,0.027071053,0.00062511
6245,4.814493811,0.026428967,0.000829452
6246,4.161942475,0.026846918,0.000347104
6247,4.65747803,0.060126409,0.000729632
6248,4.126768679,0.081538175,0.000609177
6249,3.919414286,0.029968376,0.000773925
6250,4.79346413,0.068742061,0.000721465
6251,2.978954894,0.052413124,0.000118955
6252,2.648624109,0.094445464,1.12884E-05
6253,3.699134582,0.047309561,1.23217E-05
6254,4.506270774,0.031891945,0.000374314
6255,4.471870661,0.060306706,0.000586393
6256,4.38591378,0.06053031,0.000383402
6257,3.644027707,0.025798999,0.000493052
6258,3.516689698,0.087003367,0.00062873
6259,4.405382329,0.047986803,8.28613E-05
6260,4.325722898,0.071785414,0.000211703
6261,3.093704314,0.094931476,0.000663586
6262,4.541637345,0.065281152,0.000491598
6263,4.918451739,0.01754143,0.00017565
6264,3.662296353,0.072625179,0.000744264
6265,3.280783815,0.034722568,0.000211514
6266,4.018676651,0.091605586,0.000408755
6267,2.863704758,0.058084982,0.000121111
6268,3.894628015,0.050059233,0.000443372
6269,2.965867486,0.052921645,0.000339778
6270,2.716382221,0.015112176,0.000348121
6271,4.236558839,0.092798421,0.000177973
6272,2.849589969,0.053630534,7.02344E-05
6273,3.573220433,0.017466076,0.000959988
6274,3.542763836,0.001514704,0.000340158
6275,4.987979511,0.014992087,0.00055972
6276,3.569585909,0.083249704,0.000438814
6277,4.127371813,0.05624635,0.000656829
6278,2.941554136,0.030804208,0.000954858
6279,4.598553705,0.019458516,0.000925711
6280,2.947842946,0.082041753,0.000767335
6281,3.059208203,0.086462074,0.00014645
6282,4.202056444,0.03610094,0.000123299
6283,2.754900633,0.007240414,0.000473678
6284,3.983330725,0.044784261,0.000771855
6285,4.075054524,0.041072098,0.000102858
6286,4.689940686,0.032341124,0.000271922
6287,3.002739696,0.098188388,0.000840125
6288,3.617186685,0.02008205,0.000200921
6289,4.481744746,0.049284495,0.000228589
6290,3.713227276,0.025363971,0.000917039
6291,4.42305588,0.063244123,0.000191619
6292,3.842079764,0.065216401,8.10344E-05
6293,4.97332909,0.042406636,0.000459194
6294,3.394980406,0.074463672,0.000310334
6295,4.960992363,0.002235785,0.000576299
6296,2.798037186,0.084325469,0.000561003
6297,4.71315613,0.064541875,7.13711E-05
6298,4.959155331,0.070224748,0.000497249
6299,3.680310317,0.057024318,2.958E-05
6300,3.782685873,0.043713845,0.000430488
6301,3.766582751,0.005709413,0.000272389
6302,3.037457635,0.034779263,0.000794729
6303,3.271011472,0.052857338,1.95821E-05
6304,3.823095934,0.057608963,0.000678944
6305,3.761110479,0.098200448,0.000811857
6306,3.125427304,0.075859422,0.000707418
6307,4.965794013,0.080438977,0.000365995
6308,4.903541143,0.051646655,0.000576961
6309,2.75618496,0.048389974,0.000116954
6310,3.633430607,0.017363552,0.000152097
6311,3.130296331,0.039487681,0.000519002
6312,2.822527397,0.013161076,0.000347293
6313,4.272841465,0.00296608,0.000226062
6314,4.271389142,0.081795008,0.000132622
6315,4.037333687,0.025650328,0.000240955
6316,4.77230988,0.076464835,0.000569882
6317,4.285150783,0.071445098,0.000307563
6318,2.950659559,0.078493485,0.00092264
6319,3.802795581,0.001754971,0.000873942
6320,3.040110028,0.053206588,0.000884305
6321,3.690639566,0.091166282,0.000690766
6322,3.95171497,0.049918901,0.000648184
6323,3.157961887,0.094481713,0.000887823
6324,3.220403139,0.026139696,0.000388706
6325,2.579546025,0.027600047,0.000439496
6326,2.709591981,0.023868225,0.000638351
6327,3.437649068,0.038171164,0.000139784
6328,4.545134697,0.086088931,0.000514792
6329,4.177906816,0.072160587,0.000876996
6330,3.637227161,0.052153701,0.000784184
6331,3.698021249,0.076038106,0.000915112
6332,3.674975803,0.089110007,0.000366124
6333,2.756699253,0.058252359,0.000567778
6334,2.502160895,0.07928501,0.000902667
6335,4.749405253,0.095522738,0.000365756
6336,4.139752573,0.085925683,0.000458873
6337,4.197672812,0.032346941,0.000692483
6338,4.312235135,0.083971396,0.000328712
6339,4.337245383,0.08329147,0.000544946
6340,2.703976159,0.057976942,0.000175349
6341,2.952592288,0.050192926,0.00043881
6342,2.57947294,0.065174002,0.00091326
6343,3.621266245,0.018790362,0.000413855
6344,4.250784525,0.092428461,0.000386395
6345,2.572221599,0.016464595,0.000174397
6346,4.46985734,0.040310484,0.000947057
6347,3.886026039,0.090906728,0.000882287
6348,3.426013025,0.065648669,0.000453388
6349,3.523477515,0.025577536,0.000985764
6350,3.547999667,0.008324169,0.000913405
6351,3.061343255,0.017176343,5.22142E-05
6352,2.818664452,0.06854809,0.000816216
6353,4.831097833,0.049519962,0.000325177
6354,3.727616588,0.028803704,0.000308276
6355,2.713032173,0.039731649,0.000560063
6356,2.968801142,0.048301411,0.000871992
6357,3.33317979,0.069241597,0.000400658
6358,4.911138783,0.05110718,0.000608176
6359,4.762623893,0.017909489,0.000604374
6360,3.481914709,0.00018272,0.000843807
6361,4.377344689,0.083266425,0.000741624
6362,4.010249137,0.04856282,6.21564E-05
6363,2.763890381,0.042983843,0.000850423
6364,2.918232597,0.073539686,0.000971142
6365,3.726922734,0.020760071,0.000422201
6366,4.815898147,0.024391056,0.000261519
6367,2.553695548,0.04337103,0.000992974
6368,4.543655521,0.043925752,0.000329537
6369,4.404927252,0.029024594,0.000805473
6370,3.45452321,0.044158113,0.000496865
6371,3.854015583,0.025084329,0.000273305
6372,2.874977075,0.095697692,0.000788406
6373,4.256570884,0.00939072,0.00085901
6374,3.847773497,0.035033491,0.000541454
6375,3.900100021,0.080991405,0.00064498
6376,4.477730244,0.012331897,0.000566811
6377,4.812199586,0.026472326,0.00019564
6378,2.504122132,0.056004831,0.000850314
6379,4.721308027,0.057045246,0.000406701
6380,3.443883877,0.009662901,0.000889508
6381,3.373726906,0.072278378,0.000723064
6382,2.749898216,0.010892733,0.000473154
6383,4.763705953,0.049554043,0.00062128
6384,3.671764122,0.041147649,0.000304036
6385,4.79865671,0.059957876,9.84411E-05
6386,3.297322637,0.019644245,5.41766E-05
6387,4.960923752,0.029978218,0.000600704
6388,2.981839139,0.060397051,8.73145E-05
6389,2.843565415,0.055335423,0.000874573
6390,3.575481209,0.055616788,0.000416612
6391,3.298292882,0.007409878,0.000453004
6392,3.383485038,0.010067463,0.00082948
6393,4.782628771,0.051626565,6.96857E-05
6394,2.734189874,0.017782706,0.000421816
6395,3.040176339,0.039653793,0.000207205
6396,3.495024192,0.055923789,0.000856833
6397,4.86950786,0.071650042,7.9911E-05
6398,3.1425706,0.02476021,0.000189065
6399,4.607196998,0.088485797,0.000767157
6400,4.476906321,0.044108074,0.000392583
6401,2.949849034,0.085710919,0.000654374
6402,3.689001106,0.077942663,9.10168E-05
6403,3.997909523,0.004434524,0.000967323
6404,4.710674879,0.092951376,0.000712657
6405,4.627180941,0.037146725,0.000397802
6406,3.190826046,0.036008732,0.000883003
6407,3.726226629,0.04670551,0.000176487
6408,4.174567128,0.051928878,0.00012614
6409,3.307177357,0.097871726,0.000193924
6410,4.639853052,0.086281263,0.000689063
6411,2.996082267,0.0509013,0.00070769
6412,3.069018827,0.032812202,0.00073984
6413,3.421133413,0.038938856,0.000792291
6414,2.80933088,0.055892281,0.000650417
6415,3.305879066,0.014790257,2.63822E-06
6416,3.586690217,0.031031532,0.000369188
6417,3.687832054,0.014869393,0.000651356
6418,4.790842689,0.016335449,0.000432532
6419,2.563537665,0.006584314,0.00068173
6420,2.676310398,0.01590548,2.82101E-05
6421,4.591646026,0.053084328,1.05129E-05
6422,4.299329617,0.080728361,0.000289207
6423,2.550329933,0.089072835,0.000495597
6424,4.767209809,0.08004308,0.000931407
6425,4.198020523,0.084795106,0.000833802
6426,2.767370352,0.098693428,0.000416469
6427,4.176485879,0.040739458,0.000150232
6428,2.62752269,0.032776601,0.000127243
6429,4.20626371,0.081069019,0.000480164
6430,4.088021122,0.020894972,0.000789953
6431,2.838949899,0.020915212,0.000303322
6432,3.474659432,0.003994689,0.000406966
6433,4.112778107,0.060631922,0.000935991
6434,3.82284773,0.06706732,0.000114959
6435,4.422494653,0.024550835,4.08964E-05
6436,3.40409026,0.065072466,0.000660895
6437,3.667221787,0.084292518,0.000377366
6438,3.064496675,0.08414902,6.97004E-06
6439,4.391323894,0.001112296,0.000156829
6440,3.830309578,0.022116742,0.0004238
6441,2.64731645,0.047095817,0.000692574
6442,3.829271972,0.029228178,0.000672122
6443,4.920156479,0.099069364,0.000318827
6444,4.324384561,0.071534372,0.000567357
6445,2.906484209,0.025556649,0.000257545
6446,3.399197611,0.0008176,0.000513264
6447,4.650363942,0.024510094,0.000285048
6448,4.437475534,0.016377168,0.000400318
6449,4.772299621,0.089353433,0.000406399
6450,4.860587151,0.019824273,0.000209785
6451,4.042318117,0.007010612,0.000253862
6452,4.071533477,0.015126637,0.000191006
6453,3.002056296,0.047814499,0.000967554
6454,4.857008009,0.013381169,0.000678536
6455,3.032655917,0.058889275,0.000852597
6456,3.334606643,0.046595021,0.000455868
6457,3.364195735,0.052037612,0.000661374
6458,3.76224754,0.034713952,0.000840718
6459,2.999173659,0.089958522,0.000830939
6460,3.001691005,0.044669239,0.000990687
6461,4.181087733,0.014332597,0.000395613
6462,2.596484119,0.023453946,0.000955056
6463,4.050546223,0.070097623,0.000751341
6464,2.638795637,0.005408218,0.000667894
6465,4.645547808,0.044513388,0.000135266
6466,4.859052841,0.005631268,0.000603894
6467,3.778672974,0.013802346,0.000397795
6468,3.863978312,0.071543484,0.000762446
6469,3.722745578,0.091849784,0.000854418
6470,4.755386727,0.045832988,0.000346996
6471,4.874507322,0.043894475,0.000338065
6472,3.101183652,0.000218956,0.000429876
6473,4.089567886,0.015164082,6.80654E-05
6474,4.123343078,0.026347144,0.000665719
6475,4.388195957,0.048449438,0.00068774
6476,4.929833895,0.080810867,0.000559122
6477,3.698075906,0.021588956,0.000163939
6478,4.528918676,0.091365247,0.000779398
6479,4.926142321,0.063539124,0.00056063
6480,3.329883505,0.084161699,0.000414801
6481,3.546648294,0.098460441,0.000232291
6482,3.394908743,0.044712096,8.77629E-05
6483,3.609030217,0.020565418,0.000363076
6484,4.276009814,0.01563357,0.000642556
6485,4.52383161,0.019597499,0.000221464
6486,2.879742904,0.049174778,0.000528242
6487,4.861132908,0.031604347,0.000599015
6488,4.652998567,0.020504511,0.00072977
6489,3.567615205,0.00835886,0.000442979
6490,3.239315677,0.021512759,0.000359352
6491,4.630399842,0.086315392,0.000184226
6492,4.737692987,0.022903944,0.000347296
6493,4.56975956,0.067076238,0.000933154
6494,3.357583875,0.006045625,0.000141609
6495,4.752202406,0.028958129,0.000146783
6496,4.608822513,0.062235073,0.000481227
6497,3.703523759,0.098648744,0.000135514
6498,3.30746749,0.082909291,0.000367843
6499,3.98307618,0.07808817,0.000756304
6500,3.762606768,0.079519689,0.000515643
6501,4.375657332,0.076091316,2.59149E-05
6502,4.02068378,0.011694303,0.000358489
6503,3.719283282,0.039795067,0.000773884
6504,3.025137743,0.038613187,0.000984615
6505,4.417292238,0.020028397,0.000933541
6506,3.575343632,0.025285088,0.000985062
6507,3.133121566,0.02718839,0.000540617
6508,2.590598392,0.068935321,0.000256331
6509,4.432626453,0.028432456,0.00065955
6510,3.110472613,0.091011552,0.00063816
6511,4.799445261,0.029552157,0.000501819
6512,2.602115689,0.045690418,0.000277193
6513,4.036609511,0.083353677,0.000906299
6514,3.353605968,0.076395122,0.000687127
6515,3.721724466,0.085693639,0.000369955
6516,2.942193454,0.013044407,0.000782045
6517,2.967377623,0.046583819,0.000499078
6518,3.861900859,0.045765419,0.000180501
6519,3.962815187,0.007876222,0.000208825
6520,3.310213081,0.060683249,0.000146194
6521,3.78920106,0.003090338,0.000897142
6522,2.500911188,0.08713903,0.000708378
6523,3.817783714,0.075355139,0.000454785
6524,4.486000979,0.054267081,0.000185809
6525,2.86960555,0.033175188,0.000915039
6526,4.393283302,0.091461274,0.000891455
6527,3.228993911,0.059800595,0.000707661
6528,2.556052532,0.072690349,0.000471405
6529,2.931980748,0.029732989,0.000673648
6530,4.789479261,0.086742339,0.000783073
6531,4.443731242,0.069934647,0.00089868
6532,3.037075023,0.029963291,0.000544412
6533,3.200966145,0.004878509,0.000853606
6534,3.411790597,0.077026254,0.000122077
6535,4.994180971,0.081442518,0.000365847
6536,2.797689215,0.094675481,0.000414336
6537,2.70205993,0.090057968,0.000978691
6538,4.118955726,0.046136064,0.00038368
6539,3.768474718,0.005484924,0.000370067
6540,4.082557995,0.070046728,0.000785971
6541,3.04967828,0.008616008,0.000731609
6542,3.129912741,0.036883926,0.000789361
6543,4.040971222,0.039722463,0.000639081
6544,3.803232203,0.036353914,0.000357059
6545,3.298289838,0.094183274,0.000144472
6546,3.538468791,0.00209988,0.000635025
6547,3.237127103,0.007810334,0.000656282
6548,3.213844549,0.035694115,0.000779525
6549,4.733665173,0.022635274,0.000480475
6550,3.534650517,0.001846246,3.79721E-05
6551,4.193983917,0.067244657,0.000692695
6552,2.508543116,0.027880255,0.000354645
6553,4.611822455,0.058127841,0.000530446
6554,3.365759645,0.088006464,0.000314921
6555,3.90063853,0.074377272,8.56173E-05
6556,3.789128509,0.018825378,0.00087755
6557,3.342148154,0.075277439,0.000634729
6558,3.106458824,0.088592925,0.000786978
6559,4.455419874,0.069751021,0.000126324
6560,2.758022875,0.014459748,7.72271E-05
6561,4.48795945,0.006002281,0.000870393
6562,4.785721522,0.089034298,5.2554E-05
6563,2.767943177,0.011432998,0.000464606
6564,4.429289033,0.063045483,0.000770259
6565,2.834299109,0.047514599,0.000817058
6566,2.845860571,0.066597707,0.000142346
6567,3.00923748,0.035508354,0.000285217
6568,2.639112664,0.056473982,0.000184308
6569,4.253959767,0.095909878,2.95724E-05
6570,2.540870882,0.098258199,0.000180744
6571,3.177091564,0.04742807,0.000462044
6572,4.043132919,0.074463319,0.000962662
6573,4.968593804,0.025775131,0.000625162
6574,3.92339671,0.002336596,0.000502905
6575,4.416465786,0.060212621,0.000536462
6576,3.625678877,0.022576368,0.000678843
6577,4.355727407,0.024570272,3.61434E-05
6578,2.832705297,0.010136221,0.000978847
6579,3.565087817,0.099771423,0.000494062
6580,3.299878936,0.052197308,0.000922089
6581,3.738133051,0.05139525,0.000339061
6582,4.185941433,0.005724463,0.000233297
6583,3.667074959,0.03842969,0.000712301
6584,2.946050836,0.082633118,0.000752853
6585,4.871043321,0.013316997,0.000310281
6586,3.076736321,0.019050177,0.000405015
6587,4.666363067,0.069072838,0.000818861
6588,3.012293881,0.052039892,0.000923834
6589,3.622939621,0.062131731,0.000286633
6590,2.738094829,0.076112534,0.000461742
6591,4.337952138,0.031758564,0.000411387
6592,3.111486176,0.064517725,0.000642022
6593,3.175545009,0.050464312,0.000231689
6594,3.54091238,0.054485143,0.000296154
6595,3.662547588,0.079147984,0.000779209
6596,3.185104969,0.019867639,0.000613891
6597,3.885502397,0.008718639,0.000384814
6598,3.578473393,0.037692281,0.000920047
6599,4.964044828,0.095065119,0.000561758
6600,2.536873727,0.06324944,0.000981268
6601,2.970496852,0.080022434,0.000815844
6602,3.570578393,0.028604083,0.000291758
6603,2.698369607,0.008063888,0.000423904
6604,4.288795007,0.016485941,0.000719561
6605,3.393903107,0.059424989,9.79018E-05
6606,4.458103917,0.020175266,0.000496345
6607,3.005907932,0.025283121,0.000183236
6608,3.8725886,0.046974948,0.00014797
6609,3.831498706,0.0866462,0.000241052
6610,4.720250545,0.036519754,0.000164944
6611,3.570860566,0.021331623,0.000226177
6612,3.359395436,0.084468191,0.000482364
6613,3.382353731,0.030977252,0.000150585
6614,4.20582137,0.039680341,3.19275E-05
6615,4.088926273,0.098811969,7.74058E-05
6616,3.997421399,0.018994833,0.000615001
6617,2.818138312,0.098967241,0.000615142
6618,3.457085445,0.067512498,0.000100275
6619,2.558996254,0.034974901,2.90457E-05
6620,2.659583244,0.035756562,0.000728187
6621,2.66637092,0.093609122,0.00013538
6622,4.465446285,0.066536606,0.000374542
6623,3.445277303,0.099015967,0.000684854
6624,2.562896038,0.056552121,0.000594754
6625,4.645494985,0.09612894,6.97455E-05
6626,3.077733004,0.084391822,0.000801064
6627,4.972850062,0.074628816,0.000206018
6628,2.527405736,0.025392473,0.000575939
6629,4.848951196,0.004300393,0.000809409
6630,4.162370849,0.014851577,0.000400868
6631,4.816726247,0.092182211,0.000453186
6632,3.983210055,0.074678854,8.23624E-05
6633,4.358464642,0.08888989,0.000873655
6634,4.609785838,0.035222991,0.000527274
6635,4.609023095,0.025675671,0.000726507
6636,3.355310513,0.004259296,1.60852E-05
6637,3.834546071,0.085576545,0.000167943
6638,2.969341477,0.090983964,0.000791103
6639,3.10201816,0.087277465,0.000450902
6640,2.511825016,0.088685403,0.000329077
6641,3.328723976,0.031168439,0.00083984
6642,4.356508659,0.063416356,0.000754716
6643,2.690805155,0.087019888,0.000948493
6644,2.712382405,0.075333637,0.000844455
6645,3.765849152,0.021564795,0.00089033
6646,2.744156496,0.04536756,0.000553456
6647,4.894747384,0.052137553,0.000748357
6648,4.547628075,0.00701018,0.000299428
6649,4.69766554,0.039486718,0.000765827
6650,4.340293082,0.030419984,0.000307213
6651,2.758668447,0.07744594,0.000823077
6652,4.813238213,0.086346671,0.000611266
6653,4.749398271,0.01199454,0.000705292
6654,3.695352905,0.088564565,2.79989E-05
6655,4.244256047,0.052021028,0.000834275
6656,3.425370229,0.061111253,0.000452995
6657,3.396844058,0.058586165,0.000654409
6658,2.793057598,0.035149128,3.03028E-05
6659,4.954981242,0.073869548,0.000167817
6660,3.126154995,0.089753615,0.000402424
6661,2.804589811,0.011977261,0.000998085
6662,3.017170198,0.061395335,0.000529513
6663,4.562061242,0.0957974,0.000212552
6664,4.378201889,0.068523273,0.000391616
6665,4.693652929,0.090373891,0.00093821
6666,2.779526093,0.098104972,0.000132152
6667,3.970132277,0.062040623,5.27449E-05
6668,4.569094837,0.083011068,0.000835453
6669,2.744573779,0.069476595,8.02684E-05
6670,2.813389493,0.07537867,0.000809706
6671,2.514624743,0.056494519,0.000120298
6672,4.018916134,0.005298611,0.000127463
6673,2.650418938,0.006266069,0.000249144
6674,3.725430289,0.031851753,0.000761541
6675,4.090954773,0.060247381,0.000614621
6676,3.541093433,0.015039191,0.000581569
6677,3.842145209,0.048846591,0.000143087
6678,4.424325708,0.075429576,0.000151771
6679,4.228039558,0.080971026,0.000146572
6680,3.830942783,0.078024429,0.000252397
6681,2.714484063,0.027912257,0.000407793
6682,3.853691204,0.090478933,0.000418226
6683,3.210409489,0.058895294,6.10049E-05
6684,4.613334637,0.016147641,0.000644753
6685,4.960797947,0.095710752,0.000637151
6686,4.837428957,0.063654461,0.000268605
6687,4.612081114,0.088747175,0.000556523
6688,3.981774602,0.057274451,0.000221051
6689,4.566609983,0.046397305,0.000942676
6690,3.733751259,0.001162499,0.000317953
6691,3.005091582,0.0290487,0.000971566
6692,2.560618985,0.015696587,0.000554111
6693,4.35448789,0.044177537,0.000389257
6694,2.87660307,0.082003311,0.000559444
6695,2.807404467,0.098583347,0.000538774
6696,4.980368248,0.058585481,0.000748761
6697,4.695662178,0.080554158,0.000644773
6698,3.431883666,0.055959528,0.000147891
6699,4.099752913,0.002976691,0.000251085
6700,3.144764528,0.001744699,0.000948029
6701,2.979740023,0.002379103,0.000759437
6702,4.773461826,0.012855901,0.000749326
6703,4.283929088,0.07013212,0.000204693
6704,3.981047971,0.063866399,0.000360653
6705,4.762421717,0.051432315,0.000343139
6706,4.196329546,0.063814542,0.000999826
6707,3.090871784,0.003537475,0.000770745
6708,4.477145747,0.075629148,0.000577107
6709,4.424627883,0.087822976,0.000284416
6710,4.798800222,0.01240078,0.00057232
6711,3.460612307,0.014647108,0.000451553
6712,3.229982166,0.092195823,0.000762156
6713,4.361480404,0.066865907,0.000560223
6714,3.025148584,0.052482798,0.000999454
6715,4.040511706,0.01025424,0.000334102
6716,2.722136294,0.021212718,0.000647621
6717,2.921616556,0.04788234,0.000880094
6718,4.252667026,0.002765796,0.00021875
6719,3.20916291,0.01058391,0.000689411
6720,3.904542674,0.082014225,0.000220425
6721,4.894436779,0.094670615,0.00053016
6722,4.240603517,0.041277196,0.000284971
6723,4.736269327,0.08208504,0.000477553
6724,2.786512035,0.046284109,0.000696754
6725,4.255895698,0.099951445,0.000428364
6726,4.890143456,0.010733638,0.00091279
6727,4.574225031,0.025912671,0.000559363
6728,3.415813714,0.063377232,0.000433884
6729,2.911564238,0.071956075,0.000462064
6730,3.712237565,0.003300938,0.000294873
6731,4.712602414,0.030013641,7.8034E-05
6732,3.809308514,0.093882681,0.000147115
6733,4.919360635,0.032735655,0.000331231
6734,4.529638178,0.074171325,9.87932E-05
6735,3.527458938,0.08266756,0.000920803
6736,3.736178461,0.063615552,0.000501016
6737,2.988482371,0.017814661,0.000418145
6738,2.520314382,0.039703293,0.000347355
6739,3.911837206,0.045729804,0.00085463
6740,2.60301358,0.029793293,0.000673028
6741,4.586170191,0.021156488,0.000563229
6742,3.78441888,0.078499842,0.000300748
6743,3.576244815,0.057009969,0.000224616
6744,3.319704153,0.099241837,0.000299246
6745,3.50474862,0.031593917,0.000381134
6746,4.810748675,0.023236942,0.00096977
6747,2.901507821,0.090115968,0.000937332
6748,3.400907509,0.076897639,4.39592E-05
6749,2.60114889,0.0567206,0.000486949
6750,4.061630102,0.035640279,0.000508284
6751,3.648013616,0.040510123,0.000854398
6752,4.401932795,0.005686599,0.000615142
6753,3.242771991,0.077102526,4.02156E-05
6754,4.919389054,0.080134375,0.00082823
6755,2.556160531,0.086629578,0.000561311
6756,4.765664184,0.070488774,0.000482326
6757,3.135697752,0.000696895,0.000764647
6758,3.998523774,0.073555722,0.000243485
6759,3.445569784,0.050008447,0.000661407
6760,2.667111299,0.084765703,0.000683484
6761,4.568603856,0.017866637,0.000106702
6762,4.961144536,0.099388874,0.000369074
6763,4.833024008,0.040042303,5.30179E-05
6764,3.221309312,0.04134777,0.000409189
6765,4.920943992,0.009047148,0.000549122
6766,2.936763977,0.003584475,0.000798181
6767,3.070047775,0.099081399,0.000124041
6768,4.313244277,0.010978445,0.000431463
6769,3.139816265,0.082986196,0.000902102
6770,4.922861068,0.04669599,0.000984196
6771,4.431621659,0.000560845,7.78348E-05
6772,4.561952609,0.088755789,0.00080064
6773,2.873030381,0.027936588,9.42015E-05
6774,4.341149489,0.028082356,0.000433066
6775,4.80136734,0.092482885,6.10485E-05
6776,2.742717855,0.077284639,0.000553426
6777,3.168648623,0.020464677,0.000675979
6778,3.266620937,0.044375699,0.000537704
6779,4.054801094,0.055562769,0.000321872
6780,3.367653303,0.034336443,0.000682954
6781,4.193423959,0.025239308,0.000726406
6782,4.027795955,0.016737091,0.000848241
6783,4.678974589,0.012160093,0.000402969
6784,4.766241485,0.084139661,3.40348E-05
6785,4.913797095,0.017994835,0.000305998
6786,3.226442915,0.015947573,0.000266713
6787,3.915572873,0.018578865,0.000418195
6788,3.66392421,0.063042035,0.000568908
6789,4.456372109,0.025400103,5.6021E-05
6790,4.27942749,0.014618708,0.000963429
6791,3.473667235,0.054710499,0.000275066
6792,3.93613503,0.047814196,0.000560412
6793,4.40578593,0.039402152,0.000378202
6794,4.557693717,0.064402887,0.00025374
6795,3.399723173,0.071223785,0.00046193
6796,3.54069781,0.042340081,0.00080882
6797,3.684400931,0.094441886,0.000346208
6798,4.010883922,0.073327394,0.000544787
6799,4.143675025,0.011544549,0.000466073
6800,4.275245405,0.068411702,0.00071133
6801,4.978178979,0.071323703,0.000940397
6802,2.691058265,0.054218893,0.000315998
6803,3.474825234,0.031808656,0.000630202
6804,4.415352094,0.01639523,0.000465167
6805,3.603402345,0.043738099,0.000529019
6806,4.004722203,0.009716342,0.000313297
6807,3.151832143,0.002212885,9.23293E-05
6808,4.893087427,0.083636904,0.000315463
6809,2.934663731,0.043339848,0.000474032
6810,3.765405753,0.070782212,0.000337427
6811,2.75651812,0.022137666,0.000374997
6812,4.415008058,0.016748018,0.000350471
6813,3.26967293,0.051607527,0.000969268
6814,2.865940237,0.031668388,0.000592277
6815,2.813542763,0.049141713,0.000349777
6816,2.579995037,0.020167835,0.000491333
6817,4.8457217,0.085437795,0.000276819
6818,4.570238308,0.093800655,0.000594929
6819,3.114537314,0.024167275,0.000379194
6820,4.290948751,0.069750446,0.000400134
6821,4.518963422,0.030434144,0.000315631
6822,4.638486888,0.003135482,2.91441E-05
6823,4.240997952,0.013132762,0.000803403
6824,3.623650234,0.016609041,0.000872958
6825,4.646486654,0.090663334,0.000500365
6826,2.656560634,0.073162629,0.000980133
6827,3.422308124,0.090392827,0.000783658
6828,3.376615141,0.040776058,0.000238955
6829,3.224021943,0.06437617,0.000683909
6830,3.252039546,0.018165125,0.000192946
6831,4.775102272,0.068473487,6.40053E-05
6832,4.002530054,0.018294169,0.000897411
6833,4.138278997,0.093108457,0.000314974
6834,3.752032544,0.031814566,0.000693459
6835,3.935059599,0.023841614,1.12159E-05
6836,3.580153797,0.041820143,0.000961197
6837,3.580816612,0.09857076,0.000757016
6838,3.329344859,0.067936502,0.000709871
6839,2.921474903,5.33223E-05,0.00061188
6840,2.776592875,0.042539832,0.000934933
6841,3.000712606,0.081458871,0.000595588
6842,4.183655754,0.027775669,0.000860756
6843,3.487438593,0.027118993,0.000457229
6844,3.078512494,0.099052443,0.000208109
6845,4.532325329,0.005160891,0.000411476
6846,4.122421031,0.055823632,0.000436874
6847,4.294087564,0.081602892,0.000730011
6848,4.765394676,0.019241978,0.000765789
6849,3.812986418,0.064693625,0.000685082
6850,2.966729597,0.04545508,0.000611088
6851,4.606310098,0.066479118,0.000145238
6852,4.558475898,0.007188934,0.000252333
6853,4.439444353,0.087171318,0.000357822
6854,3.890793016,0.092328204,0.000824328
6855,3.401063711,0.007540203,3.12216E-05
6856,3.311434274,0.074846677,7.50403E-05
6857,4.166054172,0.035380213,0.00084423
6858,3.824566193,0.040294328,0.000374936
6859,2.709194562,0.078919289,0.00061204
6860,4.974968686,0.073063582,0.000602953
6861,4.75142687,0.046448889,0.000526088
6862,4.762488957,0.012421583,0.000336633
6863,2.774789813,0.036999656,0.000600276
6864,4.370093169,0.057248888,0.000485616
6865,4.957629339,0.067057332,0.000957463
6866,3.097211577,0.061608953,0.00052536
6867,4.840735268,0.058730146,0.00023883
6868,4.182357555,0.046518537,0.000498289
6869,3.489026773,0.085305875,0.000966944
6870,3.595458964,0.028992587,0.000282757
6871,4.740255304,0.092365668,0.000699724
6872,3.743505143,0.084633483,0.000123705
6873,4.27767798,0.085724976,4.21706E-05
6874,4.695544665,0.046652967,0.000188684
6875,3.734730257,0.073628728,0.000191306
6876,4.133907307,0.068419658,0.000715926
6877,4.89371733,0.075578982,0.0008787
6878,4.316169263,0.056695191,0.00084415
6879,2.615134178,0.061380834,0.000981064
6880,3.410872726,0.061808576,0.000163448
6881,3.544772508,0.006921111,6.31426E-05
6882,3.716396667,0.084211065,0.000824232
6883,4.451500883,0.025272966,0.00021594
6884,3.308048068,0.087523359,0.000267728
6885,4.427641017,0.001397631,0.000131505
6886,2.933534655,0.094112813,0.00040116
6887,4.079759139,0.062441838,0.00052159
6888,4.010648696,0.038122607,0.000557611
6889,4.396041648,0.079277146,0.000561232
6890,4.454132184,0.02351041,0.000887405
6891,3.050341788,0.075621756,2.61231E-05
6892,2.984891765,0.073566762,0.000977518
6893,3.108040655,0.097464697,0.000896518
6894,4.88753317,0.034218726,0.000206309
6895,3.064360267,0.085489659,0.000236611
6896,4.223519794,0.026844428,6.10422E-05
6897,4.643412124,0.046502784,0.000628995
6898,4.38523205,0.018282831,0.0006087
6899,3.200733398,0.020477137,0.000743685
6900,3.445984708,0.06146083,0.000677927
6901,3.263332554,0.069634657,0.000464993
6902,3.216561006,0.079513477,0.000971567
6903,4.657478818,0.094747939,0.000911221
6904,3.92615361,0.074525123,0.000324519
6905,4.48259743,0.013376426,0.000446617
6906,4.380917564,0.028488744,0.000383812
6907,3.925660474,0.074000421,7.04582E-06
6908,3.056601181,0.015667746,0.000345127
6909,3.213513229,0.039538114,0.000873746
6910,4.152060551,0.055422534,0.000968056
6911,4.759910295,0.021084613,0.000824674
6912,2.741145753,0.002465151,0.00020175
6913,4.134137405,0.014252375,0.000473144
6914,3.290341061,0.054781078,0.000407274
6915,2.988844778,0.037739992,0.000961918
6916,2.825738915,0.039687515,0.000120163
6917,4.020339686,0.007819832,0.000362026
6918,4.893587315,0.033312938,0.000950149
6919,2.856326703,0.097795324,0.000759932
6920,4.280299447,0.015387764,0.000917548
6921,3.144831777,0.082228723,0.000209137
6922,3.73100552,0.097840419,0.000344547
6923,3.239224043,0.078446478,0.00042419
6924,4.876097071,0.082032465,5.1252E-05
6925,4.644885127,0.06192914,0.000408364
6926,4.938828285,0.063595498,0.000963501
6927,2.513047921,0.080733314,9.1208E-05
6928,3.810518792,0.053645845,0.000704069
6929,3.66361149,0.041923061,0.00072645
6930,4.786990362,0.037777917,0.000510905
6931,3.01549118,0.004036837,0.000152106
6932,3.885056005,0.006076187,0.000689002
6933,3.899865594,0.048058486,0.000960403
6934,3.984779097,0.049876693,0.000704105
6935,4.304693926,0.037685655,0.000932815
6936,3.420476239,0.024185951,0.000439436
6937,2.657849964,0.0739918,0.000786447
6938,3.388523128,0.031111929,0.000551455
6939,2.908622777,0.097225715,0.000426285
6940,3.44023366,0.023013609,0.00037692
6941,3.509850684,0.00736572,0.000771019
6942,4.022899759,0.087372185,0.000696189
6943,3.310813256,0.066759061,0.000241244
6944,3.847815164,0.08891969,0.000128509
6945,2.729602841,0.069360735,0.00056555
6946,3.974243832,0.000598832,0.000422967
6947,3.914928511,0.051565478,0.000603726
6948,4.486828562,0.073791485,0.000180112
6949,4.143581544,0.052261616,5.77829E-05
6950,3.559467588,0.084253031,0.000787111
6951,4.71524975,0.078829578,0.000395479
6952,3.429524307,0.064995772,0.000815303
6953,3.329337355,0.078267373,0.000275731
6954,2.769894865,0.097944734,0.000244733
6955,4.035050706,0.035462713,0.000932908
6956,3.427967043,0.017000891,1.97586E-05
6957,3.313825328,0.029084731,0.000296498
6958,4.148725478,0.039082357,2.69671E-05
6959,4.753253497,0.068118643,0.00024231
6960,4.271553912,0.024459761,0.000319914
6961,4.399389053,0.061561426,0.000223705
6962,3.177267226,0.034925285,6.81259E-05
6963,3.254833227,0.058181409,0.000923133
6964,3.268755918,0.007127461,0.000945946
6965,2.896213868,0.088811323,0.000709931
6966,4.075681818,0.065537212,0.000937011
6967,4.303791395,0.09725007,4.22665E-05
6968,3.149887504,0.02589917,0.000275398
6969,4.888555479,0.082309909,0.00090535
6970,3.811610292,0.041926459,0.000191697
6971,4.460435571,0.023020596,0.000584407
6972,3.578729876,0.033594114,0.000225179
6973,4.712603989,0.094265992,0.000832115
6974,3.369043396,0.049040392,0.00091188
6975,2.952766955,0.085436325,0.000123338
6976,4.055487367,0.082769172,0.000444402
6977,3.364247246,0.087463321,0.000403612
6978,2.998434274,0.093297783,0.000475558
6979,2.64519284,0.043058504,0.000879493
6980,3.230503599,0.042973248,0.000420602
6981,3.56142767,0.01369195,0.00077239
6982,4.654306206,0.001124852,0.000522269
6983,4.011662159,0.060288453,0.000940294
6984,3.405468865,0.026315178,0.000941599
6985,4.435055379,0.012287877,0.000397487
6986,4.501925337,0.07898922,0.000292084
6987,4.363218185,0.02596032,0.00033991
6988,3.748032666,0.0269321,0.000134339
6989,4.075492794,0.070926447,0.000721924
6990,4.702858298,0.004422167,0.000496962
6991,4.575899255,0.095588308,0.000326505
6992,4.248084124,0.028906648,0.000865295
6993,3.771703297,0.096093803,0.000468214
6994,4.551062189,0.084568647,0.000758819
6995,3.615347368,0.008897906,0.000564969
6996,3.966612181,0.005357105,0.000402757
6997,3.966411503,0.009377602,0.000617007
6998,4.500545986,0.024395468,0.000212503
6999,4.030821883,0.05471238,8.67941E-05
7000,4.544431406,0.038031268,0.000444366
7001,4.719395647,0.069230152,0.000570521
7002,3.247403969,0.091351231,0.000730184
7003,4.198544395,0.008372442,0.000155079
7004,4.213192021,0.0095613,0.000141503
7005,3.733666663,0.081302905,0.00074956
7006,3.318601645,0.088082135,0.000796172
7007,4.009768925,0.0390683,0.000794212
7008,3.094570351,0.081425099,6.99114E-05
7009,3.898680587,0.013585147,0.000568241
7010,3.557986643,0.07766715,0.000975819
7011,4.987961065,0.060508594,0.00059754
7012,3.850917751,0.008103289,0.000333762
7013,4.218172998,0.021200476,0.00048882
7014,4.003666762,0.068614115,0.000160289
7015,3.399612099,0.013554685,0.000126197
7016,2.711006179,0.074930845,0.00060691
7017,3.697181927,0.038740384,0.000497236
7018,2.507013675,0.032671635,0.00015388
7019,4.067583623,0.056804763,0.000155978
7020,3.550101867,0.006935787,0.000231062
7021,4.008577448,0.018191385,0.000262967
7022,3.396744001,0.087728688,1.53313E-05
7023,3.387740253,0.014385761,0.000412466
7024,3.918404957,0.008696528,6.5605E-05
7025,3.189221248,0.031106579,0.000111553
7026,4.682412756,0.01950555,0.000450778
7027,3.747075664,0.049787153,0.000363311
7028,2.755021052,0.012516329,0.000816439
7029,4.654022153,0.04589147,0.000931275
7030,2.88429811,0.098044121,0.00023178
7031,2.709720171,0.042555022,0.000989901
7032,3.848645542,0.069392927,0.000165611
7033,3.018800352,0.047860389,0.00069053
7034,2.591973002,0.01095309,0.000489734
7035,3.934540182,0.034585604,2.89505E-05
7036,4.056351268,0.015920191,0.000930267
7037,4.421836335,0.090667013,0.000577838
7038,3.486178325,0.057438032,0.000576635
7039,4.509972247,0.086092838,0.000329577
7040,3.764756926,0.074825847,0.000340457
7041,4.874372452,0.098327969,0.00073783
7042,4.434144713,0.023748567,0.000919999
7043,2.559982593,0.005312372,4.3791E-05
7044,4.600112448,0.059083445,0.000958019
7045,3.1468974,0.066333436,0.000671108
7046,2.554812601,0.004252387,0.000893468
7047,4.549757592,0.036708201,0.000556656
7048,3.482820984,0.038185475,0.000760159
7049,3.37769663,0.042767926,0.000403772
7050,3.681005756,0.064378363,0.000477786
7051,4.711362147,0.099803643,0.000424065
7052,4.108372528,0.030134509,0.000105611
7053,4.040994894,0.069020678,0.000480754
7054,4.349199967,0.057868287,0.000720739
7055,2.545562816,0.000616158,0.000531595
7056,4.975623901,0.075361295,0.000466814
7057,4.677004867,0.033220971,0.000391014
7058,2.950652141,0.036413672,0.000831593
7059,3.715168682,0.046322159,0.000417102
7060,2.837257885,0.084596626,0.000420162
7061,4.032281016,0.034056827,0.000701096
7062,4.568639256,0.059273309,0.000559824
7063,2.812323304,0.073376144,0.00092442
7064,4.654569796,0.033649878,0.000724113
7065,2.519704944,0.026902793,0.000695188
7066,4.971199705,0.072189652,0.00039058
7067,2.870827773,0.026783085,0.000942757
7068,3.330873118,0.040493704,0.00013518
7069,4.820913242,0.042328704,0.00062345
7070,4.424416895,0.026679401,6.51346E-05
7071,3.058178969,0.033864968,0.000822679
7072,3.024262509,0.022638742,0.000377859
7073,3.657713852,0.052470765,0.000896894
7074,2.560017771,0.07167532,0.0003351
7075,2.64926987,0.012319521,0.000594558
7076,2.919947513,0.001480008,0.000198148
7077,3.281437521,0.087185615,0.000460198
7078,3.563039448,0.02099129,0.000804416
7079,4.967937456,0.03787273,0.000537702
7080,2.776448786,0.077698475,0.000960148
7081,3.345637779,0.030454547,0.000702597
7082,3.661042467,0.029818544,0.000166805
7083,2.775627125,0.09711208,0.00068276
7084,3.656776621,0.056786226,0.000386219
7085,2.904847539,0.029512373,0.000894878
7086,3.089019762,0.064935532,0.000290073
7087,2.780379603,0.073635223,2.53168E-05
7088,3.958221144,0.086287826,0.000158257
7089,4.283832653,0.017485826,0.000856926
7090,3.012187893,0.040132323,0.000816154
7091,4.935806634,0.047426847,0.000828919
7092,2.969908874,0.020010982,0.000931298
7093,4.111877097,0.059282412,0.00056725
7094,3.484467787,0.049071619,0.000120967
7095,2.863408095,0.009958976,0.000878894
7096,4.239842743,0.056594307,6.67279E-05
7097,3.40114372,0.042464928,0.000635155
7098,4.317491236,0.030677271,0.000139884
7099,3.801688273,0.043748242,0.000633196
7100,4.850685352,0.034067388,0.000707006
7101,4.713063868,0.017250527,0.00036709
7102,3.898490357,0.050044159,0.000110229
7103,4.166781481,0.016042942,0.000107255
7104,4.978369088,0.090275813,0.000775559
7105,2.548466168,0.048372454,0.000595587
7106,3.608006629,0.010012914,0.000593147
7107,4.329207406,0.070650013,4.17092E-05
7108,3.163630878,0.081417221,0.000333673
7109,3.26965098,0.033290212,0.000351412
7110,3.695010544,0.020197651,0.000274442
7111,4.581603445,0.037868952,0.000618387
7112,4.476904467,0.052370574,0.000588569
7113,3.420542815,0.092303698,0.000242645
7114,3.491285594,0.092458992,0.000204106
7115,3.388771205,0.046195325,0.000932494
7116,2.875169456,0.082255413,0.000218307
7117,3.301315389,0.071010801,0.000623821
7118,4.211743596,0.042341117,0.000692017
7119,2.749213136,0.040843278,0.000695098
7120,4.962325269,0.054583436,0.000312657
7121,3.765521102,0.069073932,0.000804678
7122,3.339183055,0.03825602,0.000847837
7123,4.167098848,0.018259797,0.000775299
7124,4.400859539,0.09194913,0.000135988
7125,4.773438276,0.020301851,0.000126459
7126,3.935326759,0.084344697,0.000262788
7127,2.950028307,0.022130618,0.000848617
7128,4.931632196,0.099364488,0.000509439
7129,4.921389823,0.049140336,0.000700145
7130,4.018987907,0.098195302,0.00046648
7131,3.555206984,0.017765503,0.000147125
7132,4.768752317,0.045614898,0.000745264
7133,4.161063782,0.097472468,0.000767871
7134,3.53126731,0.078484291,0.000401191
7135,3.867848388,0.042407752,6.56523E-05
7136,4.95713121,0.008322757,0.000104897
7137,4.692424488,0.009068412,9.45292E-05
7138,3.645901646,0.094193266,0.000846753
7139,4.30661988,0.008642499,0.00050044
7140,4.164166307,0.093794816,0.000984461
7141,4.929554453,0.053108998,0.000418841
7142,3.741104433,0.07911312,0.000516656
7143,3.17445397,0.015325549,0.000348954
7144,4.815166126,0.041910359,0.000973636
7145,2.579138385,0.055187399,0.000973526
7146,4.034684681,0.084129047,0.00064892
7147,3.523234611,0.021511005,0.000843418
7148,4.15095304,0.012050723,0.000113863
7149,3.343778358,0.077963086,0.000646807
7150,4.544830763,0.097655705,0.000418957
7151,2.832293395,0.070373338,0.000199029
7152,2.708314817,0.074445051,0.0005926
7153,3.098322427,0.099056529,0.000891064
7154,4.942811591,0.023250731,8.63306E-06
7155,2.947735246,0.091239619,0.000773045
7156,4.126137626,0.084776946,0.000853249
7157,4.320597299,0.092937333,0.000900947
7158,4.711300254,0.05749215,0.000738372
7159,4.966248842,0.05705458,0.000321701
7160,3.075629983,0.003975053,0.000697019
7161,4.98786505,0.056579211,0.000238842
7162,3.547119982,0.033876475,0.000386643
7163,4.604343485,0.036303158,0.00072071
7164,3.875925184,0.040001184,0.000186085
7165,4.701710453,0.067879353,0.000424569
7166,4.178948189,0.006843216,0.000242254
7167,3.005119528,0.088264388,0.000784866
7168,3.510123696,0.062944169,0.000856244
7169,4.709067325,0.062082141,0.000890648
7170,4.029061036,0.000764393,0.000913186
7171,4.247314455,0.049053576,0.000834358
7172,4.10844508,0.095036339,0.000686563
7173,4.721800084,0.014025731,0.000422471
7174,4.794038086,0.080271175,0.000928961
7175,4.300812441,0.089929735,0.000964324
7176,4.647940118,0.015476951,0.000924543
7177,4.939524887,0.06347178,0.00054175
7178,4.913623527,0.065719423,0.000570403
7179,3.777040496,0.056717309,2.15875E-05
7180,3.763828067,0.043145342,0.000462345
7181,4.84784924,0.082111698,0.000781479
7182,3.888150011,0.010947552,0.000186864
7183,4.137116086,0.030409439,0.00035785
7184,4.827782263,0.045348028,0.000152009
7185,4.466644903,0.016202855,0.000896618
7186,4.310946109,0.054771893,0.000191776
7187,3.036013127,0.045751705,0.00081753
7188,4.75815279,0.022554412,0.000396122
7189,3.555643374,0.072388229,0.00022842
7190,2.588371214,0.047685296,0.000848266
7191,4.837618462,0.033873022,0.000696286
7192,2.610630168,0.037264456,0.000894098
7193,2.760779735,0.088368863,0.000605741
7194,3.082525854,0.069588731,0.000626818
7195,3.720677581,0.032539077,0.00067383
7196,2.546289014,0.071467673,0.000338003
7197,4.225399271,0.097934265,0.000214726
7198,3.736875295,0.06217816,2.33532E-05
7199,2.70802376,0.028906413,7.84041E-05
7200,4.363239591,0.023160671,0.000846598
7201,3.900564381,0.010531454,0.000370091
7202,4.703928723,0.08106991,0.000346219
7203,2.6206904,0.022534367,0.000700814
7204,4.907975429,0.013946527,0.000498793
7205,3.919111467,0.013692432,0.000380506
7206,2.785890895,0.070519371,0.000572952
7207,3.367575716,0.042696112,9.96868E-05
7208,4.905697992,0.007203035,0.00017446
7209,3.757450134,0.021981768,0.000589573
7210,3.581023525,0.014429888,0.000717908
7211,4.381187255,0.045209242,0.000760445
7212,3.239569752,0.030895099,0.000683861
7213,3.679439343,0.046372334,0.000637615
7214,3.89104817,0.095090322,0.00062439
7215,3.856721096,0.09322389,0.000686068
7216,3.415660457,0.007248124,0.000240209
7217,3.115820428,0.00407576,0.000587034
7218,3.018565442,0.056603783,0.000312099
7219,2.76365326,0.074712381,0.00081672
7220,4.215496954,0.047863567,0.000529804
7221,2.732153911,0.080324448,0.000990222
7222,2.509975428,0.074327356,0.000550706
7223,3.17940715,0.063321724,0.000108998
7224,4.712676732,0.071617729,0.00098683
7225,2.619129419,0.012183655,0.000926639
7226,4.302984491,0.070925977,0.000675766
7227,3.656382193,0.055610172,0.000481376
7228,4.722225536,0.010604741,0.000933784
7229,4.473132562,0.098728579,0.00036298
7230,4.183132488,0.064061057,0.000728978
7231,2.624472999,0.096688535,0.000321488
7232,3.355129327,0.077255617,0.000536102
7233,4.39530162,0.09651967,0.000751211
7234,4.003377082,0.081316107,0.000797407
7235,3.494552712,0.076959189,0.000523657
7236,3.966663302,0.074166533,0.000367195
7237,2.877971019,0.089038125,0.000281283
7238,3.644970057,0.068664864,0.000230694
7239,2.581216222,0.072120452,0.000675914
7240,3.950937998,0.011660841,0.000640257
7241,3.371067402,0.083838878,0.000366008
7242,3.590992334,0.051981087,0.000426981
7243,4.864532658,0.072594245,0.000278767
7244,3.078712236,0.065391304,0.000547784
7245,4.578974065,0.097009051,0.000851382
7246,3.844714563,0.00192396,0.000677203
7247,4.670329809,0.034034054,0.000772151
7248,3.563609909,0.054934037,0.000659007
7249,4.763507294,0.012067861,8.55072E-05
7250,4.695974037,0.029207513,0.00013425
7251,3.079719882,0.033753019,3.43303E-05
7252,2.716634679,0.068291177,0.000353249
7253,2.554525295,0.028852279,0.000197398
7254,3.888707773,0.002306136,0.00062971
7255,4.117218053,0.047305548,0.000503206
7256,4.093569232,0.075276706,0.000220431
7257,3.506126301,0.023126261,0.000901968
7258,3.080197379,0.021114011,0.000570363
7259,4.95156968,0.088343879,0.000864964
7260,3.262732313,0.021761956,0.000180918
7261,3.44311105,0.028372716,0.000929233
7262,2.677643018,0.093985918,0.000478035
7263,3.646562229,0.029908597,0.000114924
7264,4.152479131,0.080737417,0.000513327
7265,2.848126236,0.012504681,0.000656196
7266,4.241554688,0.087667268,0.000141238
7267,3.650137327,0.06494048,0.00082117
7268,4.018973314,0.021372357,0.000239878
7269,2.525279536,0.024122787,0.000708744
7270,4.64494277,0.096536322,0.000156826
7271,4.767311854,0.050128404,0.000282703
7272,3.934323111,0.063988711,0.000971763
7273,2.579841536,0.070803153,0.000373144
7274,3.377366605,0.056051451,0.00072997
7275,3.263271936,0.079558922,0.000939594
7276,2.644382351,0.043872966,0.00055915
7277,4.294382926,0.069418268,0.000313401
7278,4.742078436,0.06003056,0.000414223
7279,4.219034545,0.062018978,0.00028185
7280,4.896013999,0.079144949,0.000457754
7281,3.192447582,0.055091052,0.00058657
7282,4.353541715,0.047800256,0.000804492
7283,2.739192137,0.094050375,0.00059047
7284,4.700853428,0.043184731,0.000586092
7285,3.23583034,0.039023036,0.00013058
7286,3.811817645,0.056810387,0.000883911
7287,3.390538237,0.050474894,0.000495194
7288,2.802306579,0.013564759,0.000496381
7289,4.425610946,0.059538538,0.000902512
7290,3.801337662,0.086480799,4.30406E-05
7291,4.764129495,0.016596234,0.000250468
7292,3.890395056,0.03847671,0.000102727
7293,3.008200231,0.004664303,0.000332489
7294,4.667672109,0.020518805,0.000817362
7295,3.927230969,0.015832575,0.000959667
7296,3.945061446,0.016885013,0.000264809
7297,4.02273563,0.008219999,0.0006605
7298,4.405970788,0.071256287,0.00094105
7299,4.828573754,0.083805202,0.000770274
7300,2.873936691,0.021746143,0.000668649
7301,2.576850093,0.00090364,0.000906545
7302,3.033607729,0.092964061,0.000141074
7303,3.955103998,0.027445435,6.63569E-05
7304,2.673972252,0.023499368,1.4402E-05
7305,4.543587804,0.048974555,0.00066829
7306,3.986921506,0.023513902,0.000285728
7307,4.208311292,0.03847506,0.000179633
7308,3.601715651,0.01620515,0.000123172
7309,4.228030482,0.0437743,0.000796635
7310,3.024871995,0.056019712,0.000167491
7311,2.708166571,0.008901316,0.000162276
7312,2.877886839,0.07131583,0.000765818
7313,2.962759465,0.050240996,0.000730693
7314,4.125274004,0.055516134,0.000198721
7315,3.896338364,0.003489899,0.000753063
7316,4.874768238,0.097418751,0.00095997
7317,4.604677816,0.006059506,0.000272184
7318,2.550836482,0.0428607,0.000210695
7319,3.308712536,0.090867,0.000895705
7320,3.004817055,0.088251171,0.000666638
7321,3.547193528,0.023050156,0.000630631
7322,4.510329395,0.022280581,0.000515593
7323,4.01225375,0.052037232,0.00030337
7324,3.458495275,0.004326619,5.57463E-05
7325,4.212700957,0.042248381,0.00025203
7326,3.322594084,0.084456526,0.00018093
7327,2.816081385,0.061691209,3.62205E-06
7328,3.899630276,0.062172669,0.000723119
7329,3.89601753,0.015341985,0.000880567
7330,3.168139134,0.086733298,0.000358439
7331,3.20470763,0.050103861,0.000971117
7332,3.731758905,0.055655396,0.000923688
7333,4.982248829,0.058169868,0.000607439
7334,3.527292963,0.097610419,0.0009737
7335,2.586639026,0.098672918,0.000927801
7336,3.560513421,0.047402547,0.000491369
7337,3.218262332,0.098970232,0.000620738
7338,3.753967847,0.098115489,0.000179435
7339,4.557031259,0.046895638,0.000673242
7340,4.873419618,0.050678064,0.000232096
7341,3.369401271,0.064278922,0.000104503
7342,3.569230157,0.030350301,0.000170844
7343,4.70288934,0.004268898,0.000998691
7344,4.277882615,0.011322215,0.000878954
7345,4.627918665,0.085385244,0.000647309
7346,2.739879746,0.052835595,0.000155558
7347,3.274604124,0.047453153,0.000575233
7348,4.504636419,0.068459438,2.47987E-05
7349,3.308899108,0.067981752,0.000931629
7350,2.962654986,0.026282011,0.00088381
7351,3.932676304,0.040178947,0.000351758
7352,3.310469171,0.00483957,0.000812815
7353,4.042187665,0.017606027,0.000257942
7354,3.216432622,0.067143788,0.000926022
7355,3.099124645,0.08843725,0.000462817
7356,4.287040325,0.095336627,1.16166E-06
7357,3.065523644,0.036684598,0.000620464
7358,4.52793791,0.08612336,8.43021E-05
7359,2.541773146,0.005660514,0.000988524
7360,4.242356055,0.062959555,0.000141213
7361,3.840894465,0.044711394,0.000654577
7362,3.946678393,0.090128562,0.00034832
7363,4.870329118,0.042866836,0.000567201
7364,3.956800658,0.041643365,0.000955278
7365,3.976504829,0.099080342,0.000144343
7366,2.687961716,0.047806771,0.000923006
7367,2.827953238,0.065302282,0.000880383
7368,3.868679867,0.009409495,0.000748177
7369,2.980500199,0.01080095,0.000484023
7370,3.171016377,0.030260519,0.000112093
7371,4.773527149,0.001282063,0.00046623
7372,3.44399918,0.002765139,0.000252143
7373,2.581504139,0.072343554,0.000221747
7374,3.018412563,0.098302076,0.000450185
7375,2.584656437,0.01403748,5.76547E-05
7376,4.623644585,0.036096255,0.00040613
7377,4.663749588,0.0101186,0.000998262
7378,4.890387863,0.023799068,0.000950578
7379,2.817103158,0.099444599,0.00012273
7380,3.715715532,0.065322575,0.000762703
7381,3.675458512,0.027717787,0.000994394
7382,4.128826721,0.08038043,0.000384344
7383,4.131931193,0.058877629,0.000220554
7384,3.288234032,0.029736917,0.000432499
7385,4.152418814,0.006100782,0.000735507
7386,4.154821248,0.045305279,0.000372501
7387,3.029969296,0.092596846,0.000478453
7388,4.379717362,0.075964693,0.000295161
7389,4.242994715,0.040510847,0.000142475
7390,4.738261679,0.011629274,0.000388158
7391,2.615236714,0.065638667,0.000788269
7392,3.360296457,0.063451768,0.00012325
7393,2.975857731,0.073070161,0.000426721
7394,3.855195238,0.006988494,0.000789956
7395,4.238030406,0.082480273,0.000623876
7396,4.717267287,0.021547379,5.65613E-05
7397,3.261726248,0.052463912,0.000749028
7398,3.257814379,0.036621235,5.58668E-05
7399,4.293442469,0.00777251,8.28561E-05
7400,4.369554028,0.004464135,0.000591216
7401,2.631084052,0.024256086,0.000338079
7402,3.612865965,0.005846132,0.000688599
7403,3.163574943,0.093440515,0.000361135
7404,3.994284706,0.030755852,0.000862799
7405,3.753457216,0.009185647,0.000851376
7406,3.374566628,0.074054058,0.000967028
7407,4.459836038,0.00880601,0.000311053
7408,4.990346768,0.058566271,0.000963861
7409,3.493626084,0.044674218,0.00018291
7410,3.052106424,0.095675175,0.000212822
7411,3.602253194,0.076489959,0.000281598
7412,4.320678653,0.002094338,0.000713204
7413,4.369508595,0.05337092,0.000956095
7414,4.06257909,0.035305293,0.000372983
7415,3.537579846,0.032386981,0.000422615
7416,3.888282653,0.069422488,0.000652711
7417,2.911613794,0.017411744,0.000606416
7418,3.980608059,0.031930076,0.000311316
7419,4.325670222,0.049228816,0.000770717
7420,4.32748021,0.029838041,0.0006843
7421,3.006281313,0.012567951,0.000638329
7422,4.12760951,0.050176328,9.85299E-05
7423,4.579717524,0.075865305,0.000868431
7424,2.812520205,0.049047062,0.00098666
7425,2.846259344,0.081598215,0.000661366
7426,3.390057069,0.087193953,0.000182829
7427,3.364588427,0.068398131,0.000127651
7428,4.626156046,0.079213299,7.99288E-05
7429,3.650261352,0.087900593,0.000680441
7430,4.95386245,0.017360371,0.00035332
7431,4.013437294,0.084708703,0.000349471
7432,4.137362535,0.053747561,0.000817107
7433,3.096305415,0.099223058,0.00091621
7434,2.565763713,0.033996725,0.000105961
7435,3.654357493,0.076773464,0.000118013
7436,4.783297023,0.05696885,0.00067693
7437,4.207502619,0.061213695,0.00036586
7438,3.009051346,0.054366427,2.30114E-05
7439,2.645794884,0.092532886,0.000191525
7440,2.856658058,0.099469686,0.000975848
7441,3.521581302,0.032886449,3.11264E-05
7442,4.484219271,0.035773737,0.00021526
7443,3.7721095,0.060982557,0.000189154
7444,4.351606896,0.028642596,0.000606085
7445,3.991039667,0.054525741,0.000381822
7446,2.5532662,0.005237423,0.0008126
7447,3.746340534,0.076302132,0.000802678
7448,2.913484124,0.047890931,0.000958878
7449,2.833221966,0.026443094,0.000768664
7450,4.128023516,0.098333459,5.18412E-05
7451,4.863686536,0.074540569,0.000234463
7452,4.483427987,0.080560687,0.000815152
7453,3.349827172,0.013877086,0.000937478
7454,3.281322696,0.086369062,0.000728199
7455,4.339786156,0.020249834,0.000741543
7456,3.645538284,0.049620137,0.000603045
7457,3.454554503,0.063076211,0.000364868
7458,3.230908882,0.041289881,0.000230375
7459,2.68461698,0.075706857,0.000751136
7460,3.702393616,0.083021782,0.000814958
7461,4.74802497,0.099516849,0.000778893
7462,3.945125165,0.067161941,0.000725069
7463,3.187436237,0.009686153,5.94109E-05
7464,4.503364672,0.07351746,0.000801818
7465,3.966244187,0.037774849,0.000130094
7466,4.04560165,0.084290984,0.000186335
7467,3.277082454,0.047756191,0.000704649
7468,4.797755664,0.005246166,0.000449749
7469,2.590387085,0.070430661,0.000795285
7470,3.428043144,0.021500033,0.000668511
7471,4.968772926,0.073675249,0.000100543
7472,4.56480574,0.097265008,0.000450649
7473,4.420544793,0.070198059,9.58994E-05
7474,4.897004563,0.020941887,0.00096433
7475,4.762746274,0.085356501,0.000380731
7476,2.516263011,0.083641995,0.000744473
7477,4.08251515,0.017840777,0.000615206
7478,4.699525049,0.011452496,3.43026E-05
7479,3.655163237,0.044855518,0.000206994
7480,3.623394335,0.096545171,0.000170257
7481,4.909099507,0.079799992,0.000539484
7482,4.318805671,0.053074176,2.50372E-06
7483,2.771043805,0.04182901,0.000769057
7484,2.727471246,0.050991389,0.000480943
7485,4.176775421,0.044517112,0.000302011
7486,2.741540056,0.04923739,0.000178854
7487,4.187245717,0.023684261,0.000973297
7488,2.909062458,0.051098305,5.8113E-05
7489,2.72307104,0.021475642,5.04074E-05
7490,3.222698973,0.089326541,0.000564582
7491,3.05274338,0.038470177,0.000990157
7492,3.129012759,0.01174534,0.000521897
7493,4.295709095,0.089284461,0.00077941
7494,4.205021497,0.032164987,0.000470361
7495,4.543587664,0.08668345,1.46933E-05
7496,3.103997202,0.091811284,0.00056207
7497,3.598175302,0.037672646,0.000263203
7498,3.665384444,0.04109577,0.000212651
7499,4.936909778,0.063752196,0.000398653
7500,3.395193261,0.036027369,0.000767135
7501,4.384500993,0.059555831,0.000418186
7502,4.605614089,0.024651532,0.000362221
7503,2.958738035,0.092883426,0.000638807
7504,4.684519459,0.021794192,0.000900134
7505,3.235619951,0.0375675,0.000611996
7506,3.770161505,0.067193885,1.91173E-05
7507,4.330289373,0.034085221,0.000924711
7508,4.08415755,0.095058663,0.000964001
7509,3.244573944,0.093312823,0.000195179
7510,3.7123037,0.057195507,0.000525897
7511,3.429475034,0.038949802,0.000918867
7512,4.778285807,0.003747742,0.000827828
7513,3.775668061,0.059131458,0.000861314
7514,4.638112124,0.081125751,0.000584728
7515,3.104005543,0.048588945,0.000966898
7516,3.800147243,0.097935266,0.000156949
7517,3.298980868,0.065438119,0.000668413
7518,3.050805943,0.049435476,0.000580969
7519,4.214994508,0.096806378,0.000493976
7520,4.438242749,0.011206555,0.000715502
7521,2.749589903,0.017016673,0.000362867
7522,3.295894535,0.085264884,1.18153E-05
7523,4.229196143,0.011203485,1.58521E-05
7524,3.236644965,0.056241844,0.000353139
7525,3.26364421,0.045909588,0.000149004
7526,3.838708745,0.081832275,0.00024539
7527,3.036375222,0.05069942,0.000814756
7528,2.807637718,0.065810064,1.35654E-05
7529,4.993789467,0.00244576,0.000248891
7530,3.027603718,0.059651549,3.8874E-05
7531,3.242918297,0.046672683,6.33299E-05
7532,4.007301311,0.023892949,0.000531251
7533,4.8088006,0.088873939,0.00044207
7534,2.920941656,0.06066677,0.000730722
7535,2.520170912,0.089111328,0.000513619
7536,3.420556749,0.063719017,0.0002609
7537,4.926387906,0.099099328,0.000261581
7538,3.086937207,0.081440375,0.000915712
7539,3.143434103,0.083381353,0.000526426
7540,2.593698515,0.090608173,0.00068764
7541,4.337434527,0.070360623,0.000334992
7542,3.922648791,0.037151488,0.000882034
7543,3.645296223,0.081763377,0.00049854
7544,4.943476853,0.07463636,0.000273528
7545,2.934932494,0.027491601,0.000324345
7546,3.262763618,0.016469129,0.000252717
7547,3.624326767,0.011531244,0.000817609
7548,2.935214215,0.063672497,0.000584153
7549,4.745456838,0.031262775,4.7423E-05
7550,2.536092242,0.039517317,0.000970959
7551,2.956003897,0.044573008,0.000875935
7552,3.400790857,0.054655257,0.000997325
7553,4.486576959,0.078765455,0.00035321
7554,4.681940142,0.04869182,0.000606926
7555,3.256593279,0.089431056,4.84421E-05
7556,3.795024291,0.049072779,0.000941633
7557,4.376090519,0.025977282,0.000490107
7558,4.847684076,0.082063111,0.000809538
7559,3.159954774,0.085853408,0.000596913
7560,3.73901641,0.017436828,0.000978737
7561,4.335114828,0.014799775,0.000183547
7562,2.636982715,0.052249498,0.00037845
7563,4.428947184,0.030084019,0.000962909
7564,3.667874388,0.031220438,0.000391695
7565,2.718641609,0.075328454,1.08681E-05
7566,4.872793041,0.092325664,0.000876953
7567,4.463938729,0.075258596,9.41255E-05
7568,3.529451415,0.009828548,0.000708037
7569,3.61574806,0.013658038,0.000421314
7570,2.616047506,0.064523106,0.000509991
7571,2.650197492,0.045883441,0.000585603
7572,2.705416623,0.028284553,0.000175329
7573,3.829323066,0.0544002,0.000699661
7574,4.264841066,0.041427948,0.000588207
7575,4.005311102,0.016617128,3.94589E-05
7576,4.32165055,0.000428683,2.1306E-05
7577,3.249554342,0.000690891,0.000831778
7578,3.155977514,0.083973309,0.000566332
7579,4.501013365,0.033813743,0.00093608
7580,2.637905438,0.007167148,0.000749067
7581,4.168255637,0.059360313,0.000101718
7582,3.673901993,0.08682989,0.000810027
7583,2.594313901,0.018026938,0.000582019
7584,2.835620381,0.037247242,0.000896691
7585,3.499173181,0.084903581,4.42188E-05
7586,4.723916798,0.018838287,0.000590661
7587,4.212623956,0.002644002,3.56763E-05
7588,4.864347478,0.052922035,0.000513734
7589,3.652597631,0.065109861,0.000389152
7590,2.909687732,0.03279837,0.00057597
7591,4.110135866,0.070615084,9.85868E-05
7592,4.080393963,0.081825576,0.000936016
7593,4.2611458,0.069022627,9.71064E-05
7594,2.770194068,0.056866389,0.000257543
7595,3.959076041,0.060457831,0.000308168
7596,4.498315272,0.00434295,0.000740027
7597,4.573711691,0.027354176,0.00039081
7598,4.163271898,0.008635696,0.000425652
7599,2.841994486,0.036785108,0.000668928
7600,4.097851986,0.040945527,0.000503141
7601,4.282219279,0.022037617,0.000902901
7602,3.496657008,0.015940023,0.000350723
7603,2.769489683,0.00667922,0.00098956
7604,4.195910837,0.073562554,0.000696462
7605,2.799979909,0.017531509,0.000708079
7606,4.199831442,0.061211998,0.000404354
7607,2.567483535,0.086832533,0.00010931
7608,3.404405781,0.002919277,0.000838108
7609,4.380334118,0.091237804,0.000921883
7610,4.027269137,0.039885075,0.000649834
7611,4.881317122,0.024478117,0.000222867
7612,3.920817935,0.035107247,0.00090811
7613,3.538099183,0.051120919,0.000114469
7614,3.162805438,0.048804722,0.000593564
7615,4.34775173,0.082822846,0.000230734
7616,3.64799371,0.055458642,0.000786959
7617,2.700448713,0.072688025,0.000731209
7618,4.612758741,0.081703737,0.000220314
7619,3.224142275,0.079172735,0.000154258
7620,4.098158024,0.023159442,0.000452409
7621,3.770857614,0.005747088,0.000178344
7622,2.749824915,0.055181854,0.00060298
7623,4.38024338,0.013942481,0.000193472
7624,4.599728842,0.047898891,0.000228706
7625,4.39968834,0.035386574,0.000153912
7626,3.393564656,0.095186562,0.000673871
7627,4.883759627,0.022476129,0.000920261
7628,4.458615222,0.005085125,6.19083E-05
7629,4.879468029,0.086991601,0.000750724
7630,4.966585112,0.094995045,3.85068E-05
7631,3.291231657,0.055299057,0.000377373
7632,2.750742163,0.003870534,7.92923E-05
7633,3.709330633,0.067328252,0.000406645
7634,2.872545076,0.061742239,0.00036962
7635,4.079039044,0.012940839,0.000393112
7636,3.846666955,0.072711419,0.0008783
7637,4.126769521,0.067112862,0.000135569
7638,4.210696026,0.074524226,0.000983496
7639,4.937963189,0.088168572,0.000949637
7640,3.947054758,0.009217593,0.000928065
7641,4.870010718,0.098043394,0.000218984
7642,3.446248961,0.050884112,4.28244E-05
7643,3.612668169,0.068534533,7.11772E-05
7644,4.299542347,0.081478284,0.000544125
7645,2.789742646,0.019202194,0.000604512
7646,2.801590515,0.097796175,0.000268736
7647,4.173926142,0.060501474,0.000315463
7648,2.821426928,0.067469692,0.00013809
7649,3.034029867,0.086685237,0.000892814
7650,3.317834867,0.025003614,0.000767999
7651,2.811724868,0.07817564,0.000323812
7652,2.697334387,0.02546444,0.000442356
7653,3.038784707,0.035723526,0.000590203
7654,4.876813551,0.03993994,0.000617115
7655,2.905490714,0.058268499,0.000700127
7656,4.571207197,0.067166093,0.00094482
7657,3.098689231,0.096429267,0.000276729
7658,3.50596942,0.019708969,0.000704369
7659,3.664869129,0.0610221,0.000120507
7660,2.825250152,0.039800736,1.7309E-05
7661,3.531565146,0.054788784,0.000454698
7662,2.750191506,0.03832962,0.000949475
7663,4.978909619,0.052098079,0.000243863
7664,3.171900239,0.077553267,0.000363376
7665,3.701437038,0.015036288,0.000840818
7666,2.889635511,0.029338548,0.000904263
7667,4.252035714,0.07741796,0.000960276
7668,4.18523073,0.069689966,0.000638437
7669,2.886859121,0.047197784,0.000968962
7670,4.49749098,0.044385219,0.00033705
7671,4.549303365,0.029163178,0.000157236
7672,4.212636588,0.009354965,0.000443161
7673,2.705280503,0.012705942,0.000341921
7674,4.056311907,0.012965704,0.000824464
7675,3.557000339,0.067972203,0.000117059
7676,3.991068342,0.043698266,9.29015E-05
7677,4.480756296,0.089267552,0.000948728
7678,4.442448419,0.031109281,0.000747684
7679,4.386029491,0.059730018,0.000694963
7680,3.704746462,0.022661583,0.000976637
7681,4.616660371,0.097111323,9.71167E-05
7682,3.930257748,0.064559317,0.000466967
7683,3.702448621,0.036696639,0.000685389
7684,3.375783302,0.042317963,0.000327582
7685,3.401395895,0.015194147,0.000789924
7686,3.570314519,0.079455421,4.75192E-05
7687,3.36830421,0.017253891,0.00029038
7688,3.170319791,0.092034788,0.00030446
7689,3.623936721,0.06527643,0.00036249
7690,4.220290558,0.067134162,0.000450943
7691,2.841545769,0.062241643,0.000868219
7692,2.551047853,0.024060821,0.000394202
7693,3.377769552,0.097905439,0.000399147
7694,3.745882963,0.054085059,0.000347899
7695,4.549907793,0.0147554,0.000966227
7696,3.261799283,0.03912935,0.000520925
7697,2.740258322,0.065687151,0.000375058
7698,3.926845345,0.046800658,0.000610212
7699,2.940134861,0.072591182,0.000118855
7700,4.147014976,0.006236359,0.000484618
7701,3.289878115,0.075700551,0.000861212
7702,2.990962743,0.033257379,0.000775393
7703,4.255559355,0.001992096,0.000390921
7704,3.252721043,0.030499142,0.000774244
7705,4.376595453,0.02788325,0.000791942
7706,4.714283213,0.03757401,0.000304669
7707,3.042129972,0.05259156,0.000463634
7708,3.794157461,0.002712051,0.000806627
7709,3.114960515,0.020869368,0.000698951
7710,2.543398764,0.064062884,0.000841521
7711,3.625986971,0.068815753,0.000317529
7712,3.439974042,0.002385574,0.000984095
7713,4.451366532,0.093799464,0.000652406
7714,4.492691487,0.028693917,0.000913025
7715,2.951686414,0.090254098,0.000992573
7716,3.880371927,0.010909989,0.000158081
7717,4.365354437,0.04049593,0.000171339
7718,3.708314199,0.070038009,0.00081662
7719,3.710573708,0.020871653,7.49529E-05
7720,3.08742305,0.014956579,0.000706871
7721,3.031970503,0.058872829,0.000258979
7722,3.424800074,0.084634052,0.000952489
7723,3.648271805,0.040853345,0.000934025
7724,3.837054039,0.086807289,0.000414039
7725,2.609631264,0.059163487,0.000278504
7726,3.606223205,0.040965418,0.000304845
7727,4.46866935,0.033585453,0.000560379
7728,3.894713528,0.005077111,0.000807805
7729,4.732530556,0.089414977,0.000469562
7730,3.6447348,0.066062164,0.00081053
7731,4.2670316,0.002916211,0.000707599
7732,3.167957649,0.039724095,0.000801945
7733,2.989859862,0.088572348,0.000544045
7734,3.022359078,0.035595733,0.000973767
7735,4.241989162,0.006064196,0.000676101
7736,2.618121108,0.0415116,0.000455822
7737,4.584348444,0.049722573,0.00050474
7738,4.388272143,0.096761704,0.000660627
7739,3.450030369,0.095549247,0.000122533
7740,2.995121097,6.65943E-05,0.000699622
7741,4.978143422,0.097973465,0.000600494
7742,3.136963439,0.06957136,0.000651781
7743,3.278563663,0.084097869,9.01016E-05
7744,2.963564241,0.049026461,0.000590847
7745,2.542107233,0.039775246,0.000329928
7746,4.079975051,0.027283859,0.000897112
7747,4.625302701,0.05413007,1.74012E-05
7748,2.608084258,0.013365298,0.000316115
7749,4.219504403,0.032403047,0.000288328
7750,3.191883271,0.024161373,0.000967088
7751,2.579949271,0.019762396,0.000684345
7752,3.818196744,0.045386711,0.000288529
7753,3.349762184,0.075783198,0.000463016
7754,3.221247138,0.074056624,0.000269894
7755,4.165308814,0.052617422,4.42463E-05
7756,3.818051058,0.03109571,0.000132304
7757,4.899464025,0.048244778,0.000309888
7758,4.08084683,0.039987544,0.000508493
7759,4.627046747,0.058790873,0.000546184
7760,4.151410078,0.046469349,0.000581841
7761,4.342393889,0.010413108,0.000418251
7762,4.174866949,0.077512007,0.000924961
7763,4.8061542,0.009974387,0.000713688
7764,3.217766922,0.029243836,0.000849596
7765,3.337593556,0.047759556,0.000160845
7766,2.706688735,0.029209607,0.000243132
7767,3.663622546,0.082239834,0.000392094
7768,4.25413065,0.087379324,0.000789344
7769,4.421484104,0.071600714,0.000870883
7770,2.830429795,0.029398306,0.000192595
7771,4.86260208,0.093870201,0.000919777
7772,4.837263173,0.036880069,0.000447722
7773,3.555401376,0.064235018,0.000241814
7774,3.354239911,0.011586406,0.000996269
7775,4.039575729,0.051095002,0.000703469
7776,4.005362668,0.043026176,0.000902006
7777,3.109173869,0.098965869,9.14763E-05
7778,3.653749547,0.034753587,0.000554918
7779,4.517745064,0.028439217,5.71843E-05
7780,3.999187488,0.01640137,0.000377068
7781,2.543995529,0.023877466,0.000411064
7782,4.070432879,0.028755845,0.000232638
7783,3.157381427,0.035799955,0.000558185
7784,2.553950042,0.023747307,3.2683E-05
7785,4.951329262,0.027290571,0.000245296
7786,3.734130361,0.068719906,0.000675447
7787,3.302752665,0.05547338,0.00096508
7788,4.830151013,0.043400896,0.000523821
7789,3.231741323,0.006729036,0.000745694
7790,3.553175433,0.02855444,0.000365697
7791,3.230429591,0.080539688,1.09647E-06
7792,4.474991243,0.039993327,0.000237583
7793,4.389856959,0.02313504,0.000201839
7794,4.293596553,0.082977362,0.000443786
7795,4.184286447,0.035623457,0.000891076
7796,3.104425046,0.098140096,0.000804684
7797,2.817283644,0.001137345,0.00095463
7798,4.445018238,0.042330113,0.000144524
7799,2.635134567,0.072840103,0.000203179
7800,2.937229811,0.054787284,0.000448944
7801,4.104646403,0.001871426,0.000545015
7802,3.02642354,0.047703482,9.5029E-05
7803,2.711460528,0.071598222,6.84557E-05
7804,3.412617383,0.029636962,0.000393715
7805,4.100908062,0.060229232,0.00066
7806,4.178240564,0.099561083,9.94252E-05
7807,4.356351757,0.090737827,0.000292156
7808,4.75045546,0.028412418,4.26255E-05
7809,4.475089019,0.092231206,0.000422193
7810,4.183218587,0.00898312,0.000548425
7811,3.864383858,0.028576535,0.000645157
7812,3.585712222,0.073088031,0.000420747
7813,2.673652669,0.046705241,0.000578774
7814,4.787387379,0.090431208,4.81099E-05
7815,4.24854419,0.030385583,1.27483E-06
7816,3.181430521,0.080456959,0.000774683
7817,4.568980366,0.033776307,0.000622351
7818,4.655256992,0.016456926,0.000838712
7819,2.71504722,0.004138026,0.00038298
7820,4.593970197,0.015205531,0.000533433
7821,4.018453445,0.006072589,0.000470868
7822,2.9842144,0.075204617,0.000433209
7823,2.688693443,0.007667968,0.000482393
7824,3.615990343,0.007016303,0.000320522
7825,4.563127136,0.090646645,0.000547647
7826,4.317594585,0.04418161,0.000927082
7827,3.797150851,0.092844082,0.000496145
7828,4.633465853,0.075366417,0.000779246
7829,2.538138866,0.036002654,0.000282011
7830,4.684396641,0.045614126,0.000827225
7831,2.881610018,0.030854758,0.000543071
7832,3.49220435,0.041218302,0.000288569
7833,4.415048207,0.02202516,0.000835966
7834,2.67405677,0.084139339,4.92087E-05
7835,2.926446358,0.007564323,0.000688988
7836,4.335880453,0.051727743,0.000794083
7837,2.907643424,0.080313416,0.000774543
7838,4.300873509,0.025234702,0.000643745
7839,4.04668846,0.019877176,0.000238064
7840,4.503625618,0.01083174,0.00096517
7841,2.508152971,0.049863333,0.000528333
7842,3.223698576,0.003612195,0.000941302
7843,3.978894214,0.024528578,0.000394975
7844,4.437277626,0.004108216,0.000607131
7845,4.873841095,0.054123042,0.000441523
7846,2.613373588,0.084716261,0.000114362
7847,4.194048323,0.093093594,0.000676836
7848,3.774630928,0.083144648,0.000102599
7849,4.550251015,0.050794235,0.000755526
7850,3.407086113,0.055445128,0.000704481
7851,4.537023305,0.097405128,0.000749958
7852,2.725577338,0.070011305,0.000836906
7853,2.621669748,0.079203081,0.000675417
7854,2.827788595,0.007001582,0.0009451
7855,4.543263489,0.036828171,0.000849097
7856,2.772547753,0.097158765,0.000558833
7857,2.533614254,0.049379851,0.000908733
7858,3.663568013,0.018769182,0.000399223
7859,2.801887802,0.015213915,0.000656631
7860,3.350618415,0.023692137,0.000407991
7861,3.884951263,0.056772768,0.000981274
7862,3.051770467,0.097473638,0.000898503
7863,4.76980828,0.066592446,0.000261983
7864,2.515620096,0.0733638,0.000279481
7865,3.394041544,0.045051419,0.000201275
7866,4.806128116,0.080429322,0.000541076
7867,3.536169744,0.095626081,0.000411052
7868,4.727789434,0.096616658,0.000407249
7869,2.855156964,0.061343736,0.000937529
7870,4.053028651,0.045555324,9.75441E-06
7871,2.704951405,0.0862433,0.000803304
7872,4.152693316,0.068500547,0.00054845
7873,3.264831024,0.042652192,0.000221161
7874,2.80281332,0.096952019,0.000551396
7875,3.174630752,0.012987315,0.000780659
7876,3.084975351,0.088005174,0.000171999
7877,2.879379474,0.030270899,0.00021661
7878,4.659155197,0.091727617,0.000326359
7879,3.142283644,0.058700453,0.000189712
7880,2.595614457,0.061395824,0.000942308
7881,4.75872406,0.023349608,0.000639965
7882,3.637069728,0.076666283,0.000159098
7883,3.027962345,0.089851429,0.000610934
7884,2.749260324,0.083282386,0.000827612
7885,3.90506428,0.047813041,0.00063954
7886,4.759464881,0.059925623,0.000903704
7887,3.311601314,0.093881057,0.00038875
7888,2.810936802,0.008425025,0.000562691
7889,3.276152055,0.047811198,0.000815714
7890,3.229680228,0.042384062,0.000613478
7891,3.139203444,0.0876028,0.000405332
7892,2.750317415,0.078269353,0.000284596
7893,4.101655725,0.007624296,0.000663096
7894,3.710967483,0.040302468,0.000119219
7895,4.148275357,0.094768946,0.000386923
7896,4.123256762,0.007640252,0.000650116
7897,3.371158296,0.024105941,0.000508026
7898,4.517110975,0.019561194,0.000759827
7899,3.989628359,0.061817562,5.27003E-05
7900,2.586496555,0.095757034,0.000908908
7901,2.539892157,0.096816649,0.000977119
7902,4.19063461,0.076800033,0.000476334
7903,3.579965128,0.018585215,0.000699671
7904,2.874015517,0.018693364,0.000485708
7905,2.983632787,0.061583227,0.000842576
7906,2.557730394,0.04800939,0.000784467
7907,4.447297839,0.00552502,8.72182E-05
7908,4.048877007,0.013708424,3.05964E-06
7909,4.786814845,0.004242423,0.000534259
7910,4.131713186,0.062922867,0.0001316
7911,3.162408378,0.005620337,6.11749E-05
7912,2.69865563,0.047830471,0.000521531
7913,4.008697106,0.016415881,6.15317E-05
7914,2.72355068,0.001426298,0.0009791
7915,2.934365331,0.020731784,0.000757449
7916,3.217324447,0.082511867,0.000874503
7917,4.536215944,0.022189467,0.000141075
7918,4.661914581,0.059363798,0.000217367
7919,2.68204763,0.067933498,0.000349348
7920,3.147862597,0.009922384,0.000561956
7921,3.867011126,0.097637859,0.000833143
7922,2.565102912,0.003250175,0.000566827
7923,2.982130653,0.00858616,0.000690758
7924,3.393110697,0.060627548,0.000208392
7925,3.239022568,0.08709569,0.00069358
7926,4.550117545,0.025434297,0.00077326
7927,4.596877447,0.047894882,0.000602744
7928,4.597926679,0.018016291,0.000429952
7929,4.289519445,0.0683947,0.000781879
7930,2.715750137,0.007787051,0.000508813
7931,4.003982399,0.041491209,0.000426769
7932,2.798250536,0.009193577,0.000543754
7933,3.220976699,0.030832533,0.000558789
7934,3.576156461,0.085243676,0.000285085
7935,2.725367632,0.07091035,0.000869542
7936,2.699154868,0.049648111,0.000425376
7937,2.648873802,0.073492769,0.000226783
7938,4.653376779,0.024290746,0.000849324
7939,4.965854616,0.056943151,0.000693311
7940,4.35684421,0.060770536,0.000102489
7941,4.852912865,0.018134638,9.26837E-07
7942,4.790540584,0.08442459,0.000656959
7943,3.656474568,0.042647637,0.000374613
7944,3.483718624,0.078825924,0.000990601
7945,2.515525417,0.014136687,0.000206637
7946,2.507222492,0.009551954,0.000832293
7947,3.725440271,0.071692112,0.000623529
7948,4.628089893,0.071767041,0.000436461
7949,4.165134233,0.029707832,0.000695758
7950,4.364038253,0.064025978,0.000478164
7951,2.598943169,0.041787217,0.00076293
7952,3.008099249,0.011679561,0.000820787
7953,3.84394408,0.035506148,2.4312E-05
7954,3.523622194,0.098285107,0.000883095
7955,4.506544068,0.007757187,0.000595948
7956,4.007460897,0.093808821,0.000347233
7957,3.786078291,0.029096358,0.00072241
7958,2.89709562,0.045232507,0.000881979
7959,3.09791206,0.049470923,0.000921564
7960,2.975216996,0.044939722,0.000783061
7961,3.004863573,0.083400028,0.000639529
7962,2.537651336,0.096412006,0.000650977
7963,3.895465431,0.043990479,0.00046842
7964,4.563271225,0.042452129,0.000460171
7965,3.45129411,0.066029432,0.000536512
7966,3.714716941,0.084150682,0.000372663
7967,4.168022096,0.086643281,0.000748681
7968,4.580241225,0.03202716,2.51565E-05
7969,2.624729093,0.012275401,0.00056454
7970,4.579679481,0.073150193,0.000175276
7971,4.856543466,0.020196971,0.000380166
7972,4.657071957,0.021425354,0.000773583
7973,2.863753137,0.021093633,0.000870298
7974,2.755312472,0.073801679,0.000544434
7975,3.548550629,0.064019789,0.000762451
7976,3.957197747,0.048479984,0.000970238
7977,2.865163824,0.058680959,0.000157102
7978,3.331600408,0.029677976,7.95708E-05
7979,3.467677587,0.055266461,0.000251587
7980,4.313125958,0.028587788,0.000563317
7981,3.703567777,0.0064501,0.000829556
7982,3.491816465,0.026969251,0.000416826
7983,3.848083529,0.025552897,0.000114019
7984,4.336841621,0.025478146,0.000174645
7985,3.470284867,0.021958559,0.000685092
7986,4.55175038,0.049489406,0.000700141
7987,3.603593591,0.085588927,0.000781425
7988,3.880888178,0.066056742,0.000603435
7989,4.566113429,0.074746172,4.16509E-05
7990,2.700605958,0.010183053,7.87889E-05
7991,4.094012897,0.002380237,3.57994E-06
7992,4.613123574,0.064086683,0.000105643
7993,2.562723203,0.000157123,3.52367E-05
7994,3.022075069,0.032094093,0.000922084
7995,4.161917053,0.011710891,6.7151E-05
7996,2.906296717,0.054244563,0.000326502
7997,3.609841815,0.005241085,4.4419E-05
7998,2.978601263,0.058933478,0.000908033
7999,4.581454933,0.026431737,0.00012629
8000,3.583872186,0.004456165,0.000684755
8001,3.146915969,0.08204031,0.000291855
8002,4.246442269,0.03038666,0.000387605
8003,4.769335778,0.023209428,0.000473623
8004,2.67701123,0.046827373,0.000408833
8005,2.602116041,0.033241753,0.000252401
8006,4.703507804,0.093979281,6.96748E-05
8007,3.23350263,0.064810507,0.000347837
8008,2.817797361,0.067383479,4.76274E-05
8009,3.656083652,0.094819231,0.000368384
8010,4.442373759,0.019336763,0.000338519
8011,2.586661772,0.021683493,0.000627282
8012,4.071019308,0.062040641,0.000467692
8013,3.40938601,0.088076272,0.000959551
8014,4.9706253,0.077689482,0.000174565
8015,3.417489791,0.028097066,0.000676922
8016,4.647180246,0.022153014,0.000744624
8017,2.679789005,0.097099626,0.000848068
8018,2.977112221,0.015652888,0.000867669
8019,4.400306048,0.022060602,0.000485976
8020,2.522301364,0.000218352,0.000109657
8021,3.476788134,0.069532091,0.000513319
8022,3.154307477,0.088514831,0.000589236
8023,3.171535417,0.040757713,0.000126974
8024,4.200343671,0.001398656,0.000800496
8025,3.255321678,0.086916734,0.000638812
8026,3.77809781,0.037526153,0.000593766
8027,4.471784611,0.017231654,0.000649432
8028,3.154260036,0.002067341,0.000190376
8029,4.200551675,0.052962732,0.000227742
8030,3.938955198,0.091405594,0.000540861
8031,4.063305544,0.066005586,0.000149048
8032,4.296192429,0.044197866,0.000243578
8033,3.66045103,0.062906142,0.00051893
8034,3.405205425,0.039434032,0.000899165
8035,2.706493838,0.093824389,0.00017969
8036,2.795469008,0.033148872,0.000564122
8037,3.408247168,0.013192738,0.000736291
8038,3.769622224,0.038803812,0.00010926
8039,2.972901268,0.013671337,0.000335478
8040,3.653109968,0.06271555,0.000752455
8041,4.474089469,0.053719216,0.000330183
8042,4.817586196,0.019935114,0.000801675
8043,2.776155364,0.034494206,2.2631E-05
8044,2.716154864,0.046889752,0.000430091
8045,4.242421814,0.032382762,0.000461828
8046,4.318060558,0.089403552,0.000358672
8047,2.922612047,0.061896705,0.000612542
8048,2.584640868,0.017625615,0.000570975
8049,3.080003234,0.07572909,5.78674E-05
8050,4.302779166,0.008949032,0.000134059
8051,4.584391481,0.01065183,0.000170588
8052,3.392504951,0.07877233,0.000810282
8053,2.736570971,0.075974335,0.000488103
8054,4.240080565,0.097041225,0.000316374
8055,3.190022193,0.036987358,0.00057618
8056,3.544717247,0.033435059,0.00013153
8057,4.390946462,0.078036407,0.000903178
8058,4.994665261,0.05193529,0.000388707
8059,3.058133567,0.068492581,0.000680518
8060,4.628313772,0.064684206,0.000474852
8061,4.101810948,0.052638132,0.000868118
8062,2.651052658,0.09874417,0.000375598
8063,3.189350377,0.098605335,0.0001709
8064,4.20151184,0.020980985,0.000101557
8065,2.646859565,0.081547458,0.000966172
8066,3.428341528,0.071548224,0.000255674
8067,4.307022678,0.034221154,0.000810728
8068,2.635479983,0.094534761,7.02596E-05
8069,3.836364034,0.050500467,0.000267691
8070,4.147531368,0.002468796,0.000924605
8071,4.707208632,0.069669813,0.000999757
8072,3.520007128,0.041459219,1.15061E-05
8073,4.950651438,0.09067601,0.000383333
8074,3.101602216,0.071807594,0.000186613
8075,4.514583861,0.029587405,0.000221626
8076,2.775598556,0.049552525,0.000578346
8077,4.757448317,0.051416483,0.000680171
8078,2.582941659,0.015862309,0.000789652
8079,4.36087589,0.020522644,4.08447E-05
8080,3.458049524,0.031857618,0.000559589
8081,4.315193899,0.015623922,0.000941875
8082,3.429192154,0.001456693,0.000728896
8083,2.728068579,0.089082409,0.000541673
8084,3.612232142,0.041486944,0.000821668
8085,4.289444703,0.084955137,0.000206583
8086,3.24448149,0.099689015,0.00061428
8087,3.984206907,0.079139305,0.000671948
8088,4.380835817,0.092397708,0.000227136
8089,2.877349008,0.059624623,0.000428621
8090,4.082798807,0.008115353,0.000354784
8091,3.477761297,0.00762728,0.000766198
8092,3.849395526,0.004299648,0.000471797
8093,4.130648966,0.064449055,0.000531136
8094,3.921121998,0.061676777,0.000773448
8095,3.799956952,0.004138351,0.000231539
8096,4.079611719,0.010228146,0.000549104
8097,3.593483853,0.097242628,0.000532541
8098,4.688327488,0.045071214,0.000785735
8099,2.893799976,0.088414032,0.000608701
8100,3.084486242,0.038536692,0.00013212
8101,2.930553458,0.038277346,0.000321293
8102,3.281620911,0.022959715,2.59502E-05
8103,2.985639838,0.030589897,0.000590734
8104,4.812843578,0.011177992,0.000911429
8105,3.926250634,0.002708928,0.000584229
8106,4.878988694,0.087548421,8.38615E-05
8107,3.974174243,0.012934903,0.000810876
8108,4.512029929,0.019155962,0.000105252
8109,4.492634855,0.096210602,0.000882458
8110,3.30483296,0.01298199,0.00030715
8111,3.122812609,0.011300081,0.000712475
8112,4.881900287,0.088717945,0.000843794
8113,3.322146383,0.009503164,0.000360781
8114,3.220737411,0.080173528,0.000996141
8115,3.79281122,0.036326426,0.000640462
8116,2.625163201,0.03514006,0.000329054
8117,4.488868483,0.025115195,0.000333107
8118,3.254812673,0.057784855,0.000445835
8119,3.59662501,0.076355467,0.000123837
8120,4.524971067,0.012573117,0.000269745
8121,3.228149464,0.078446711,0.00057377
8122,2.50432713,0.052027121,0.000730783
8123,2.978723866,0.04085107,0.000862786
8124,4.957709746,0.090147607,0.000645067
8125,3.456675477,0.065799746,0.00082035
8126,3.489879213,0.029366854,0.000969565
8127,3.236042025,0.002009875,0.000238935
8128,4.851384265,0.058637346,0.000246341
8129,2.771615795,0.092495447,0.0009894
8130,4.095824601,0.0116913,0.000811619
8131,4.357275515,0.000884294,9.52562E-05
8132,2.986747931,0.009302411,0.000966769
8133,4.117814278,0.072185849,3.75892E-05
8134,2.798541724,0.034276597,0.000441367
8135,3.622337274,0.029585301,0.000543166
8136,3.401086096,0.088539939,0.000654864
8137,3.647819166,0.080011275,0.000159991
8138,2.630587912,0.007920579,0.000410002
8139,4.786508417,0.021818471,0.000122242
8140,4.358526785,0.09583832,0.00045183
8141,4.39274838,0.070568796,0.00045045
8142,4.748280738,0.080460525,0.000153966
8143,4.130273683,0.049325591,6.40694E-05
8144,4.077004323,0.013705364,0.000375006
8145,3.131094971,0.032257339,0.000713215
8146,4.484621639,0.08759847,0.00058044
8147,4.708978223,0.065360294,0.000681213
8148,3.841684073,0.084788327,0.000513147
8149,4.993832384,0.015174076,6.517E-06
8150,4.184806732,0.068579121,0.000259494
8151,4.5615965,0.086244219,0.000211268
8152,3.378406084,0.064563252,0.000891127
8153,2.518812959,0.006048319,0.00097379
8154,3.452556375,0.008945299,0.000682459
8155,4.007110166,0.0725184,0.000664982
8156,2.979595538,0.086023838,0.00076698
8157,4.44366267,0.050008906,0.000866229
8158,4.941759875,0.012898154,0.000902303
8159,4.928938149,0.063857697,0.000309256
8160,3.454821634,0.035411527,0.000769239
8161,2.559212338,0.083133279,0.000446526
8162,3.091524163,0.067117461,0.000873682
8163,3.341959168,0.082752328,0.000917592
8164,4.596415094,0.076499603,0.000316129
8165,3.675936067,0.070657604,0.000287742
8166,2.605493581,0.056561368,0.000767622
8167,2.936776735,0.001017446,0.00046143
8168,4.762475215,0.044674109,0.000382731
8169,4.549946035,0.089783495,0.000111536
8170,2.623784173,0.019950177,3.44721E-05
8171,3.775789398,0.012658694,0.000232635
8172,4.34840419,0.006711135,0.000757619
8173,3.714688414,0.077908453,0.000312731
8174,4.744689483,0.048138154,0.000175647
8175,2.89735789,0.023148067,0.000259546
8176,3.539346479,0.027815091,4.9761E-05
8177,4.630349986,0.001436011,0.000322031
8178,4.792789021,0.060875986,0.000903535
8179,4.014674005,0.034382928,0.000410631
8180,3.91486009,0.044522288,0.000957444
8181,3.704566661,0.006896911,0.000162001
8182,4.262232355,0.040305773,0.000232623
8183,4.546284678,0.073540345,0.000335966
8184,4.139667854,0.090703936,9.90548E-05
8185,4.56593045,0.043224454,0.000729494
8186,4.642057716,0.048391568,0.000595697
8187,3.511415012,0.035392356,0.00040352
8188,4.210718589,0.063895841,2.02344E-05
8189,2.706190705,0.036017208,1.39677E-05
8190,3.732244403,0.071036721,0.000553554
8191,3.39202107,0.052812908,0.000289619
8192,4.257978722,0.032493849,0.000659509
8193,4.987256631,0.059007307,0.000512008
8194,3.91222179,0.017750602,0.000454043
8195,4.587042651,0.035841951,0.000514047
8196,3.093824119,0.069642084,0.000486778
8197,4.781826969,0.083382165,0.000747269
8198,4.196701214,0.078645934,0.000342335
8199,3.310924973,0.082843064,0.000337481
8200,4.078141179,0.061654617,0.000286498
8201,4.474114268,0.032775819,0.000512831
8202,2.766340812,0.03642129,0.000147747
8203,4.196923801,0.073856895,0.000603278
8204,3.201085837,0.069233011,0.000737033
8205,4.502838454,0.04591873,0.000687817
8206,4.093363624,0.025780855,0.000547166
8207,2.929281048,0.034606712,0.000164339
8208,4.728453091,0.023840014,0.000822446
8209,4.960635748,0.074749896,0.000976498
8210,3.211250979,0.078083698,0.000793021
8211,3.409328144,0.064916048,0.000484086
8212,4.297783375,0.011323209,0.000414092
8213,3.118433643,0.008750775,0.00077915
8214,4.967103835,0.070720261,0.000540711
8215,3.038666955,0.026347803,0.000797525
8216,4.616095069,0.076250677,0.000666014
8217,4.662706088,0.037381506,7.31789E-06
8218,4.922691496,0.086937435,0.000630366
8219,2.756150877,0.062934397,0.00031432
8220,3.416112834,0.077031007,0.000214072
8221,4.340423061,0.016390327,0.000263928
8222,2.716037417,0.018113393,0.000579074
8223,3.644459835,0.055690637,0.00060743
8224,3.460958609,0.054233485,0.000485498
8225,2.803649525,0.057751917,0.000965606
8226,4.690652777,0.083581046,0.000240836
8227,2.583157546,0.098039177,0.000802822
8228,3.675933357,0.028644283,0.00052555
8229,2.606768747,0.041013982,0.000436455
8230,3.080956664,0.098906923,6.78852E-05
8231,4.23339254,0.097636781,0.000328861
8232,2.849536533,0.069546143,0.000999879
8233,3.297090553,0.030545406,0.000335208
8234,3.626440916,0.048765483,0.000382581
8235,4.995166195,0.066155716,0.000971474
8236,3.928595017,0.030125717,0.000195963
8237,4.631545669,0.004109035,0.000622018
8238,3.026194992,0.014325116,0.000723912
8239,4.401360428,0.041055582,0.000497838
8240,3.091273684,0.057160561,4.65619E-05
8241,4.185042124,0.06722841,0.00050762
8242,4.128747983,0.059213559,0.000599772
8243,3.187693464,0.007717472,0.000683127
8244,3.998456629,0.033401878,0.000453858
8245,3.385021921,0.046977875,0.000902233
8246,3.265520042,0.028106984,0.000290137
8247,4.733289547,0.014821217,8.68692E-05
8248,3.927430165,0.010293236,0.000544356
8249,4.581645192,0.074180184,0.0009815
8250,2.647919029,0.04098451,0.000105838
8251,3.981893421,0.012272144,0.000635265
8252,3.31315394,0.095455058,0.000379737
8253,4.247163866,0.068272456,0.000247609
8254,3.003217574,0.010709809,0.000871047
8255,4.755455828,0.023174414,0.000182395
8256,4.107606434,0.07096908,0.00059506
8257,4.730013504,0.065103181,0.000637854
8258,4.04834114,0.073735722,0.000797485
8259,3.196070908,0.024244953,0.000913649
8260,3.18526341,0.059594749,0.000844029
8261,4.975690684,0.009667311,0.00073668
8262,4.432395853,0.047062662,0.000278625
8263,2.9408502,0.062959603,0.000682574
8264,4.085166261,0.092093267,0.00042041
8265,3.020390178,0.087499446,0.000128583
8266,3.383509093,0.042893758,0.000275955
8267,3.757759732,0.020745063,0.000236695
8268,3.193798914,0.070260511,0.00061318
8269,3.173832132,0.02915856,0.000625141
8270,3.998138409,0.04665957,0.00014163
8271,3.137049734,0.083443399,0.000183195
8272,2.905167033,0.03241576,0.000221801
8273,3.993819479,0.078026686,0.000248108
8274,2.841517436,0.081737249,0.000973746
8275,4.01056566,0.079928563,0.000653479
8276,3.929758862,0.073579877,0.000548913
8277,4.984750169,0.085565746,0.000409417
8278,3.919060801,0.072265344,0.000872578
8279,4.080075084,0.034173944,4.56552E-05
8280,3.20595442,0.071317854,7.93174E-05
8281,4.948569413,0.060193869,0.000790116
8282,3.030710603,0.019393173,2.40091E-05
8283,4.354757824,0.072936999,5.35151E-05
8284,3.093019185,0.03738059,0.00029201
8285,3.176545268,0.073124835,0.000243469
8286,4.040179588,0.014783681,0.000552039
8287,3.446977882,0.092273883,0.00063339
8288,4.821549868,0.094478639,0.000375366
8289,3.483205651,0.070729493,0.000658007
8290,3.816119492,0.067336418,0.000445768
8291,4.180493978,0.097263513,2.11914E-05
8292,3.70084623,0.083857017,1.36725E-05
8293,2.824523124,0.002245714,0.000326536
8294,2.87255874,0.083370213,5.81522E-05
8295,3.202340104,0.09377353,0.000200372
8296,3.799870698,0.007359524,0.0006003
8297,4.703578984,0.062654053,0.000167065
8298,4.285507785,0.051425326,0.000624741
8299,3.014245816,0.039164918,2.46871E-06
8300,2.528084006,0.00670247,0.000311134
8301,4.836259899,0.049974249,0.000123097
8302,3.305143174,0.053614651,0.000650105
8303,4.27655057,0.06101161,0.000866238
8304,3.02194719,0.006598106,0.000971985
8305,3.714209056,0.047456296,0.000883966
8306,4.96090642,0.095871481,0.000345059
8307,3.440137447,0.08217944,0.000946461
8308,4.05557146,0.00960549,0.000513246
8309,2.877565852,0.066080936,0.00092909
8310,4.435228414,0.052568644,0.000988649
8311,4.946968285,0.033623025,1.33083E-05
8312,3.749168632,0.091307262,0.000942857
8313,2.956851998,0.008785095,0.000873491
8314,4.91852541,0.047322564,0.000165969
8315,3.404177675,0.086339296,0.000769709
8316,4.516859752,0.078982381,8.28508E-05
8317,4.946163874,0.085578787,0.000747221
8318,3.432184004,0.061846051,0.000236181
8319,3.459226999,0.00422327,0.000827384
8320,3.182424298,0.03190984,0.000597045
8321,4.051431586,0.006878978,0.000367573
8322,4.13376452,0.06176797,0.000810633
8323,2.911255405,0.044757891,0.000880645
8324,4.905021014,0.098746698,1.79484E-05
8325,4.955460914,0.071219059,0.000540425
8326,4.115702378,0.083611399,0.000517331
8327,4.331146866,0.095827756,0.000758382
8328,4.980770236,0.083724222,9.66416E-05
8329,2.535421547,0.006738314,0.000100928
8330,4.43195446,0.0979963,0.000412049
8331,3.892477309,0.017635121,0.000249297
8332,3.510854121,0.056522337,0.000946224
8333,3.626629267,0.070887721,0.000644959
8334,2.643136022,0.077106798,0.00026543
8335,3.472556926,0.084520627,0.000547245
8336,2.889629407,0.055123189,0.000630973
8337,4.687219419,0.083055606,0.000379737
8338,3.091000787,0.083325534,0.000813572
8339,3.32873323,0.096961338,0.000427851
8340,3.579940491,0.020131451,0.00084718
8341,3.29711502,0.023199881,0.000177963
8342,3.905100878,0.024726645,7.00131E-05
8343,3.48774356,0.078464477,0.000665909
8344,3.594347816,0.035598321,0.000857073
8345,2.896865979,0.031162605,0.000220502
8346,4.828520783,0.070269139,0.000351032
8347,2.510741951,0.054805369,0.000877882
8348,4.893071096,0.016284821,5.23657E-05
8349,2.769691794,0.02386157,0.000402833
8350,2.804321555,0.048515504,0.00058519
8351,4.068340691,0.088139038,0.000816029
8352,3.793446739,0.006381458,0.00088695
8353,3.952916404,0.085332506,5.65514E-05
8354,2.588743519,0.006539397,0.000675925
8355,4.081695683,0.028380038,0.000395779
8356,3.171265531,0.082078694,0.000161136
8357,4.613355916,0.077666129,0.000344292
8358,4.599089795,0.008644934,0.000217639
8359,4.772384701,0.029032497,0.000349021
8360,4.690299986,0.059905958,0.000504603
8361,2.962097516,0.084810964,0.000420873
8362,4.792885406,0.059793268,0.000590877
8363,2.523649592,0.050462178,0.000838741
8364,4.677807083,0.05794397,0.000905205
8365,3.553026948,0.05828453,0.000467348
8366,2.854778689,0.002994469,0.000635895
8367,4.425237828,0.067028154,0.00025196
8368,4.798575005,0.068594492,0.000256815
8369,3.896566077,0.060015456,0.000742438
8370,3.759082755,0.052811912,0.000234835
8371,4.887429123,0.080189175,0.000913725
8372,3.640125314,0.070237331,0.000698878
8373,4.246152185,0.045514099,0.000683308
8374,2.996336347,0.02658786,0.000224176
8375,4.242783867,0.046259469,4.07708E-05
8376,2.518556132,0.081523567,0.000256257
8377,4.384733764,0.056526306,5.0022E-06
8378,2.890545504,0.071871309,0.000171696
8379,4.797967394,0.029620693,0.000152954
8380,3.177342824,0.096706322,0.000514003
8381,4.762998053,0.001925288,0.000910726
8382,3.91425935,0.068863031,0.00062329
8383,4.07468462,0.036481908,0.000337645
8384,2.610443056,0.058288029,0.000507138
8385,2.513849693,0.062788572,0.000662778
8386,2.845965294,0.054647628,0.000908111
8387,2.952919332,0.035023249,0.000737499
8388,3.082408078,0.063042091,7.39615E-05
8389,3.35535159,0.090054052,0.000327993
8390,2.808435173,0.027395118,0.000536756
8391,3.137118129,0.033691141,1.69728E-05
8392,3.055352791,0.091710032,0.000703353
8393,2.791635659,0.00503545,0.000138851
8394,3.817346596,0.01808817,0.000802883
8395,3.345301873,0.045732192,0.000159786
8396,4.577539316,0.068979409,0.000876899
8397,3.197520346,0.052096436,0.000723744
8398,3.829197698,0.010973884,0.000803347
8399,4.410933342,0.071476654,0.000940114
8400,4.676862412,0.058556157,0.000232009
8401,4.436626192,0.096666345,0.000799835
8402,2.709433014,0.043565136,0.000939216
8403,3.229434342,0.015951767,0.000611643
8404,3.052043834,0.067350908,0.000593615
8405,4.829722186,0.042288055,0.000125073
8406,4.534244699,0.086684845,0.000668137
8407,3.027036405,0.024228263,0.000459065
8408,3.778861751,0.067322725,8.99691E-05
8409,4.533586669,0.019387034,0.000813457
8410,2.885210383,0.093014482,0.000951634
8411,4.099513307,0.037674975,0.000436252
8412,3.444759051,0.048770899,0.000262741
8413,3.404278912,0.004306748,0.000266696
8414,3.632750885,0.035535592,0.000525192
8415,4.570670891,0.020615855,0.000973961
8416,4.448616101,0.065183942,2.23828E-05
8417,4.136897893,0.098876281,0.000804018
8418,3.101359919,0.087432927,0.000204717
8419,4.149203907,0.095569084,0.000589965
8420,4.682182747,0.07536254,0.000588171
8421,3.721317393,0.027268094,0.000231967
8422,4.670377458,0.012517377,0.000766325
8423,4.906891208,0.056598469,0.000336439
8424,2.618143857,0.007524986,0.000969323
8425,3.423475693,0.079061552,0.000641017
8426,4.87504684,0.045396047,0.000833175
8427,4.212069994,0.010383222,0.000798773
8428,4.047605746,0.056547816,0.000830046
8429,2.867085287,0.021868352,9.58306E-05
8430,4.930863421,0.034706163,0.000741856
8431,2.698228853,0.076502184,5.69935E-05
8432,4.79834612,0.028439422,0.000901673
8433,2.843488036,0.093918561,0.00019373
8434,4.342824028,0.019711905,0.000443214
8435,3.264724974,0.020867627,3.60848E-06
8436,2.779661182,0.026122358,0.00077147
8437,2.784149308,0.028157459,0.000109978
8438,2.695331504,0.006987288,0.000732253
8439,3.0548403,0.077225055,0.000323512
8440,4.640481318,0.090350635,0.000917126
8441,2.817412666,0.064033448,0.000246449
8442,4.588711925,0.032238395,0.00032995
8443,4.292022777,0.027668323,0.000973163
8444,2.665072882,0.035558213,0.000143158
8445,4.11238755,0.019856047,0.000886151
8446,3.759658777,0.042583106,0.000455235
8447,4.203026716,0.053125658,0.000192437
8448,3.444847876,0.001857208,0.000266018
8449,3.903060435,0.068351597,0.000404309
8450,3.434197511,0.081764912,0.000813722
8451,2.546629874,0.036031758,0.000425309
8452,3.393481143,0.036173409,0.000379278
8453,3.620835469,0.024604546,3.23728E-05
8454,4.750620702,0.085828411,9.29909E-05
8455,4.963138241,0.094542493,0.000201483
8456,3.513608825,0.093785905,0.000437777
8457,4.639270345,0.060235805,0.000874719
8458,2.518622009,0.052188809,0.000886515
8459,4.22489407,0.014581374,0.000639841
8460,4.303370488,0.021108834,0.000132787
8461,3.557583257,0.058077485,0.000628212
8462,3.103402102,0.016263408,0.000627307
8463,3.164722806,0.091519412,0.000306098
8464,4.356403456,0.044776313,0.000719413
8465,4.530798488,0.050834432,0.000189354
8466,2.744485256,0.01402624,0.000883588
8467,2.7964018,0.073729126,0.000533468
8468,3.448402673,0.040319291,0.000510709
8469,3.815221222,0.090949244,0.000421524
8470,3.983789117,0.07985276,0.000268199
8471,3.852596661,0.092556169,1.14159E-05
8472,3.224182717,0.040948166,0.000982796
8473,3.326044067,0.065790301,0.000164992
8474,4.748727449,0.042834062,0.000598919
8475,3.394294444,0.047235534,0.000580351
8476,4.661085105,0.089527974,0.000157713
8477,2.647295857,0.083815254,0.000883844
8478,3.608944501,0.059754895,0.000800521
8479,2.820494896,0.070054069,0.000612632
8480,4.072975639,0.097198135,0.000876338
8481,4.706321602,0.010889976,0.000951912
8482,3.391504438,0.068375327,0.000579971
8483,4.103912934,0.043304777,0.000165242
8484,3.606928095,0.081013254,0.000467248
8485,4.137119899,0.026762638,0.000957377
8486,4.778019053,0.015576382,0.00078309
8487,4.272698061,0.07649463,0.000972679
8488,2.749430102,0.027689147,0.000104506
8489,3.514065452,0.059067963,0.000318968
8490,3.422762068,0.022983592,0.000123037
8491,2.546931979,0.075357293,0.000843599
8492,3.085515992,0.037847893,0.000479136
8493,3.099406056,0.07386991,0.000352919
8494,3.016325446,0.072426417,6.65614E-05
8495,4.458136702,0.016206519,0.00092056
8496,3.547304386,0.002515412,0.000691927
8497,3.793802016,0.026516356,0.000407518
8498,3.066330222,0.068679118,2.06363E-05
8499,2.848703267,0.000374685,0.000356671
8500,4.351375346,0.071339374,0.000841452
8501,2.619353304,0.085099233,0.000367076
8502,4.949795988,0.004466999,0.000982982
8503,2.720910325,0.007047027,0.000266657
8504,2.969323783,0.058802311,0.000341066
8505,3.204213762,0.03163805,0.00040183
8506,3.950982875,0.048349899,0.000837375
8507,3.422226739,0.043002161,0.000381568
8508,4.287431321,0.060664192,0.000644085
8509,3.495630627,0.040686948,0.000987468
8510,2.74399848,0.029719084,0.00069599
8511,4.423200827,0.046041087,0.000128318
8512,4.177553248,0.073270189,0.000911977
8513,4.412560695,0.013782601,0.000232298
8514,4.191128207,0.043686682,0.000339689
8515,4.790878242,0.052453112,0.00058363
8516,4.712748562,0.095581967,0.000548747
8517,3.705983475,0.037489715,0.000752247
8518,2.655331481,0.080982181,0.000602359
8519,2.72249565,0.003840589,7.72213E-05
8520,4.835408362,0.07702513,0.000282248
8521,2.833662923,0.04823796,0.000449033
8522,2.78360636,0.015515304,0.000376971
8523,2.757483773,0.000530084,0.000482355
8524,4.786603271,0.099292474,0.000767536
8525,4.571698672,0.083850029,0.000623883
8526,2.761786892,0.059824632,0.00014688
8527,3.624048106,0.038758053,0.000815113
8528,3.703504825,0.034080021,0.000593627
8529,3.382879865,0.007752385,0.000891826
8530,4.149636937,0.079630161,0.000990709
8531,3.599239739,0.029197503,0.00032338
8532,4.044885088,0.013564449,0.000445106
8533,4.743247297,0.020763096,0.00080373
8534,4.375710714,0.032182087,0.000618447
8535,3.626597906,0.001271831,0.000328709
8536,4.148029393,0.049477354,0.000476661
8537,4.453081229,0.062615155,0.000462484
8538,2.560596156,0.008478434,0.000551087
8539,4.957269343,0.0309195,0.000927725
8540,4.962421454,0.009467482,0.000296222
8541,3.726877548,0.011201031,0.000634401
8542,4.170651243,0.022856414,0.000740375
8543,4.580267495,0.067181165,0.000502799
8544,3.608700425,0.026373723,0.000578129
8545,4.007188584,0.016081231,0.000558409
8546,2.88437731,0.026892302,0.000287173
8547,3.409254451,0.067220217,0.000210648
8548,2.668150339,0.010161776,0.00012878
8549,2.954242088,0.072484063,0.000128942
8550,3.885965196,0.065067971,9.77468E-05
8551,3.695232932,0.094743353,0.000383941
8552,4.60979988,0.095114235,7.24551E-05
8553,4.468268289,0.042937234,0.000715984
8554,2.677226665,0.094960256,0.000297063
8555,3.723684154,0.051764421,0.00077547
8556,3.088771711,0.075114543,0.000291386
8557,3.91817754,0.014821513,0.000198068
8558,2.812006993,0.03869898,0.000973284
8559,3.733917962,0.004636595,0.000361491
8560,4.324684314,0.080949808,0.000114948
8561,3.906235035,0.044392789,0.000396851
8562,3.807495874,0.020187212,0.000412503
8563,4.887633033,0.023639664,5.97894E-05
8564,2.78471861,0.082572023,0.000285001
8565,3.535532557,0.05175656,0.000503881
8566,4.25283758,0.068971235,0.000334124
8567,2.944673355,0.017659562,0.00052664
8568,3.334729412,0.062026151,0.00087596
8569,4.949734841,0.047458967,0.000267058
8570,3.448781276,0.072148717,0.000234614
8571,2.56683535,0.048891461,0.000842343
8572,4.421459099,0.090131756,0.000233088
8573,4.5180646,0.063735917,0.000485909
8574,4.065120335,0.048825043,0.000740697
8575,3.437781985,0.03526346,0.000293492
8576,4.009848448,0.073406327,0.000456355
8577,4.547891634,0.035104253,0.000369433
8578,4.006040861,0.035894589,0.000159449
8579,4.783309351,0.05866463,0.000838526
8580,3.57390596,0.045055699,0.000993254
8581,2.641420382,0.055025192,0.000357944
8582,4.425886286,0.077556468,0.000621073
8583,2.64102092,0.098504014,0.000265796
8584,4.664786539,0.096654148,0.000909156
8585,4.01060222,0.09172985,0.000499279
8586,2.580394902,0.020012374,0.000328505
8587,4.136217859,0.065797697,0.000124596
8588,3.1586329,0.064590633,0.000168315
8589,3.37391882,0.028712536,0.00064765
8590,2.53124882,0.083026912,3.13326E-05
8591,2.889628844,0.020039526,0.000652328
8592,2.979100655,0.021140698,0.000255269
8593,4.878425398,0.085565152,0.000943964
8594,3.354766977,0.047460297,0.000439788
8595,4.148215771,0.011650771,0.000940509
8596,4.576653015,0.031228372,0.000343041
8597,3.995436385,0.003109259,0.000143955
8598,4.183636588,0.019468845,0.000685047
8599,4.832779591,0.025232656,0.000491411
8600,3.823868824,0.03413303,1.42142E-05
8601,2.584847363,0.093495789,0.000416104
8602,4.753329636,0.030091234,0.000624928
8603,3.231903833,0.020744882,0.000233179
8604,3.042288461,0.064645922,0.000200948
8605,4.114414269,0.035787132,0.000570835
8606,3.154484529,0.014925839,0.000455239
8607,4.338763749,0.009854836,0.000165221
8608,4.94484114,0.084130009,0.0002593
8609,2.575852325,0.006767048,1.98168E-05
8610,3.59624383,0.026862433,0.000480166
8611,3.60051891,0.096546851,0.000569976
8612,4.951573032,0.053523542,0.000526874
8613,3.82325856,0.037659176,0.000237324
8614,4.70591961,0.036457352,0.000306506
8615,3.35995707,0.039495825,0.00085423
8616,4.700083676,0.007554812,2.83815E-05
8617,2.533204252,0.025224883,0.000761208
8618,3.468298919,0.029550795,0.000582553
8619,4.742028022,0.032260282,0.00085871
8620,2.787136689,0.022329466,0.000657988
8621,4.933914544,0.001391899,0.000658411
8622,4.873821482,0.037106968,0.000641951
8623,4.230620774,0.08542018,0.000834211
8624,2.94573817,0.061433091,0.000735536
8625,2.807836052,0.019130685,0.000415358
8626,4.732308647,0.067449405,0.000406296
8627,3.098732687,0.021433565,0.000616511
8628,4.756324116,0.034369883,0.000448023
8629,3.197401934,0.075631137,0.000999848
8630,4.944807809,0.068105979,0.000933251
8631,3.394022431,0.09340629,5.25392E-05
8632,2.75558651,0.089558976,0.000218901
8633,2.958830381,0.039914028,0.000170177
8634,4.370641886,0.049735277,0.000358355
8635,4.95683586,0.090891754,0.000729284
8636,4.601257233,0.09805031,0.000521831
8637,4.695882006,0.020597754,0.000697295
8638,4.971283202,0.081878502,0.000947557
8639,4.357608544,0.059051843,0.000228027
8640,3.863558795,0.082997015,8.36918E-05
8641,4.648625091,0.095558286,7.71386E-05
8642,3.392866872,0.068001726,0.000622065
8643,2.897812266,0.083122267,0.00027355
8644,4.397715185,0.058063704,0.000690698
8645,3.003583558,0.095120036,0.000130471
8646,4.582382029,0.090528444,0.000198058
8647,3.738496256,0.092366137,0.000351544
8648,3.31030929,0.021712352,0.000414664
8649,3.949177931,0.091681852,0.000722813
8650,3.547786899,0.057121765,0.000829501
8651,3.25188914,0.036471745,0.000499985
8652,4.927200308,0.00780131,0.000695145
8653,3.596988355,0.043822099,0.000517751
8654,2.519572171,0.04375147,0.00093189
8655,3.92431432,0.04495989,0.000519674
8656,3.833826234,0.099193594,0.00029354
8657,4.762269935,0.055065126,0.000965436
8658,3.455580179,0.08002192,0.000531739
8659,3.682903042,0.001815187,0.000183156
8660,4.690646446,0.086830505,0.000832349
8661,3.810299462,0.069437374,0.000373808
8662,3.877355444,0.012172555,0.000507247
8663,3.568162152,0.072299966,0.000947044
8664,2.876693368,0.011748775,0.000730553
8665,4.859820728,0.050006834,0.000500335
8666,4.920498554,0.032086831,0.000950719
8667,2.935824494,0.065684988,0.000763169
8668,2.857008816,0.072133993,9.78851E-06
8669,2.603522254,0.038038811,0.000118691
8670,3.570582941,0.071873772,0.000428351
8671,4.394757923,0.066384963,0.000299352
8672,4.864241945,0.050351414,0.000347949
8673,2.771101292,0.085686256,0.000573522
8674,4.505566508,0.068533512,0.000630897
8675,2.646826362,0.013156237,0.000827304
8676,4.59680199,0.098031769,0.000562791
8677,2.697619507,0.088756423,0.000310754
8678,3.777390874,0.025256451,0.000548137
8679,3.293207232,0.005792228,0.00080659
8680,3.674828004,0.085831498,0.000453552
8681,3.327109205,0.002820033,2.58847E-05
8682,4.086368355,0.000858993,0.000454413
8683,3.142040369,0.093587285,0.000794181
8684,3.680840303,0.011637213,0.000632096
8685,3.654112745,0.078956094,9.74642E-05
8686,4.707849492,0.016263214,0.000166913
8687,3.552206127,0.06370768,0.000584242
8688,3.315170574,0.011725547,9.61074E-05
8689,3.163995534,0.026628307,0.000522569
8690,4.636412805,0.062092262,0.00075194
8691,4.989906239,0.025956707,0.000749602
8692,4.768856156,0.031960593,0.00090467
8693,4.733090808,0.016236613,0.000846566
8694,4.785262314,0.04010558,0.000101967
8695,4.782071573,0.068166123,0.000114726
8696,3.672262983,0.01166568,0.000813577
8697,4.016850804,0.085757967,0.000105307
8698,3.935735573,0.026610479,0.000634824
8699,4.0555416,0.029629234,0.000365801
8700,3.65052801,0.075760675,0.000977537
8701,4.588976995,0.086151161,0.000464311
8702,2.665063404,0.06615542,0.000356169
8703,4.485300759,0.019674229,0.000929426
8704,4.123840662,0.007580456,0.000730088
8705,3.281383608,0.025958972,0.000131158
8706,3.680960641,0.007790703,0.000209914
8707,3.576641166,0.024422474,0.000693702
8708,3.060280277,0.083455611,0.000229084
8709,4.08597056,0.07547719,0.000136906
8710,2.985326334,0.035380476,0.000397545
8711,4.473186261,0.045413041,0.000383717
8712,4.413400528,0.015373491,0.000170466
8713,3.331136354,0.0086101,0.000882531
8714,3.431838802,0.033366663,0.000905544
8715,4.318135717,0.003433128,0.000190126
8716,4.379641875,0.097780173,0.000748916
8717,4.84392661,0.03056848,0.000826647
8718,3.166821071,0.048245568,0.000641886
8719,3.088347222,0.046999798,0.00052481
8720,2.767973706,0.037070724,0.000624221
8721,4.034405674,0.010038535,0.000994439
8722,3.580035507,0.068382186,0.000945234
8723,4.047573514,0.025980616,0.000410483
8724,2.970037772,0.07164754,0.000548288
8725,3.491090396,0.024736616,0.000454179
8726,3.074532719,0.048767785,0.000489535
8727,4.341919476,0.058318788,0.000179178
8728,3.876426852,0.026401591,0.000319912
8729,4.940596531,0.092996197,0.000765647
8730,4.708112206,0.007070453,0.000786439
8731,2.577207076,0.002334851,0.000357369
8732,2.681159806,0.052823725,0.00022989
8733,3.301508547,0.074668011,0.000574134
8734,3.679284109,0.091644019,0.000543495
8735,4.748546111,0.003413354,0.00024817
8736,3.231088704,0.049957092,0.000901102
8737,3.930537818,0.069490005,0.000637333
8738,4.211106843,0.023157022,0.000109249
8739,4.132220959,0.092362981,0.000646556
8740,3.764907845,0.061931775,0.000333503
8741,3.953068572,0.021784927,0.000811347
8742,3.317352206,0.086549926,0.000561867
8743,4.654707098,0.046129512,0.000736416
8744,3.704204162,0.027499527,0.000843815
8745,4.258471741,0.087856692,0.00042799
8746,3.140290071,0.072820308,0.000184722
8747,3.98754218,0.046842259,0.000358086
8748,4.042389294,0.029115783,0.000565824
8749,2.735476274,0.081718351,0.000579283
8750,4.104381481,0.062916658,0.000739084
8751,3.670040026,0.049768721,0.0008641
8752,3.457617925,0.064826192,0.000419743
8753,4.239457034,0.075675204,0.000160335
8754,3.695014345,0.023448438,0.000313631
8755,4.835580019,0.0611321,0.000170697
8756,2.572508822,0.072505335,0.000560084
8757,4.268268884,0.008467495,0.000471013
8758,4.47500556,0.051289731,0.00099091
8759,3.387154091,0.085887946,0.000391312
8760,2.68147781,0.033134389,0.000181233
