stage_id,S1
tech_id,X1
ec_id,E1
unit,kWh/kWh
1,0.955183744
2,0.803850215
3,0.833441391
4,0.934459515
5,0.925472477
6,0.994179447
7,0.739342375
8,0.941183621
9,0.762754655
10,0.893675598
11,0.572305351
12,0.573774893
13,0.675952361
14,0.797945993
15,0.732211569
16,0.633892842
17,0.821515119
18,0.557535899
19,0.989246606
20,0.800973508
21,0.984106386
22,0.862020003
23,0.864510999
24,0.742421238
25,0.692937539
26,0.738492444
27,0.683579939
28,0.526790714
29,0.840642565
30,0.563357115
31,0.900281052
32,0.674171317
33,0.513381637
34,0.920824664
35,0.508982309
36,0.915781233
37,0.966730978
38,0.547494478
39,0.507965529
40,0.673342123
41,0.77652944
42,0.587914625
43,0.759522051
44,0.999640373
45,0.65988111
46,0.94211309
47,0.627655907
48,0.960474616
49,0.937054825
50,0.804809584
51,0.583531822
52,0.993036991
53,0.914996712
54,0.654232665
55,0.647387781
56,0.96817111
57,0.702776234
58,0.761865055
59,0.914218389
60,0.777147149
61,0.620077675
62,0.685112136
63,0.893459788
64,0.752838797
65,0.816968829
66,0.596300058
67,0.665219899
68,0.889132147
69,0.971024355
70,0.673058369
71,0.665646896
72,0.747541989
73,0.689941882
74,0.937406942
75,0.842349532
76,0.996410473
77,0.872755059
78,0.806084873
79,0.576701287
80,0.767273215
81,0.903618481
82,0.923846972
83,0.687856149
84,0.663250544
85,0.680383995
86,0.939747777
87,0.582129873
88,0.895832994
89,0.884859322
90,0.998222873
91,0.853260386
92,0.748687066
93,0.832404921
94,0.573550473
95,0.923760312
96,0.833765415
97,0.837489462
98,0.982638988
99,0.910878926
100,0.508039866
101,0.948329704
102,0.84342774
103,0.817226982
104,0.646135552
105,0.736745181
106,0.925804355
107,0.825709638
108,0.710506832
109,0.593498723
110,0.802314673
111,0.81773727
112,0.740109126
113,0.500704219
114,0.73290558
115,0.843819702
116,0.73640543
117,0.592656154
118,0.523164819
119,0.894100749
120,0.64603387
121,0.612529565
122,0.639362948
123,0.745439597
124,0.918590233
125,0.884913024
126,0.774224459
127,0.896111867
128,0.612350339
129,0.867582139
130,0.550603211
131,0.606679409
132,0.579858165
133,0.683379666
134,0.741185635
135,0.837180724
136,0.734378548
137,0.978918263
138,0.955373059
139,0.523911784
140,0.866332019
141,0.694451534
142,0.746062037
143,0.724655047
144,0.833553256
145,0.62986693
146,0.681198558
147,0.901718363
148,0.841080733
149,0.940881691
150,0.749445512
151,0.790795015
152,0.532351299
153,0.630586459
154,0.774739679
155,0.637248075
156,0.660616226
157,0.920634135
158,0.503556703
159,0.967962296
160,0.704592838
161,0.937972981
162,0.877240676
163,0.563045466
164,0.604848709
165,0.983966696
166,0.863165822
167,0.985412919
168,0.836772462
169,0.831834637
170,0.541308514
171,0.939162895
172,0.598317962
173,0.872241535
174,0.868206512
175,0.725049559
176,0.684377403
177,0.686272228
178,0.681197267
179,0.891581437
180,0.649427582
181,0.894583201
182,0.652226578
183,0.686360216
184,0.788569238
185,0.824384195
186,0.883549515
187,0.632130246
188,0.776555045
189,0.636325096
190,0.5496704
191,0.891555009
192,0.583055875
193,0.820865802
194,0.671003487
195,0.605465725
196,0.817369569
197,0.862950699
198,0.785556781
199,0.988424973
200,0.657073726
201,0.845309889
202,0.737008921
203,0.692696769
204,0.715428452
205,0.757577752
206,0.733716177
207,0.788808683
208,0.83826231
209,0.681711087
210,0.748221685
211,0.631573241
212,0.677408911
213,0.821525476
214,0.76193591
215,0.834288811
216,0.52734128
217,0.893624045
218,0.936195573
219,0.917923585
220,0.907341815
221,0.796220396
222,0.914356356
223,0.900291641
224,0.675862829
225,0.789407
226,0.726974047
227,0.747291329
228,0.995736058
229,0.861817734
230,0.894601021
231,0.8891009
232,0.57282631
233,0.553042223
234,0.596405163
235,0.587496465
236,0.759892763
237,0.690665755
238,0.875498506
239,0.538415486
240,0.77535872
241,0.566041174
242,0.759883082
243,0.670487732
244,0.661575552
245,0.571273965
246,0.528485903
247,0.651242784
248,0.769669262
249,0.578448272
250,0.893581128
251,0.829817652
252,0.903188557
253,0.552379196
254,0.783759101
255,0.692753529
256,0.642255441
257,0.595426261
258,0.606256249
259,0.995234851
260,0.558061243
261,0.993519649
262,0.543985434
263,0.64998243
264,0.577436411
265,0.809870794
266,0.806514401
267,0.62985865
268,0.986878399
269,0.575457868
270,0.582659013
271,0.852355384
272,0.851967887
273,0.905921779
274,0.909760914
275,0.912096892
276,0.537761912
277,0.560892913
278,0.518667204
279,0.583041963
280,0.644289489
281,0.936303022
282,0.898526275
283,0.998423103
284,0.565661909
285,0.575180287
286,0.646220426
287,0.584888745
288,0.728990806
289,0.987857573
290,0.748984445
291,0.841613621
292,0.5815789
293,0.74965549
294,0.75616987
295,0.731769877
296,0.536085918
297,0.991090145
298,0.683735148
299,0.763040483
300,0.961641139
301,0.929041707
302,0.878920578
303,0.845644458
304,0.74546291
305,0.594891027
306,0.732882504
307,0.670252833
308,0.780314724
309,0.817124957
310,0.536336982
311,0.578481084
312,0.999549323
313,0.543992227
314,0.528008017
315,0.924178893
316,0.651201257
317,0.960036802
318,0.802963517
319,0.667447906
320,0.921795696
321,0.709613245
322,0.866381283
323,0.698546309
324,0.808050038
325,0.980206543
326,0.851626683
327,0.589914075
328,0.545726128
329,0.735592172
330,0.91164341
331,0.604117278
332,0.741551178
333,0.622983506
334,0.887963048
335,0.769411515
336,0.549471287
337,0.837705668
338,0.850616783
339,0.628783295
340,0.71472299
341,0.552181449
342,0.503165274
343,0.860396011
344,0.613011808
345,0.729729338
346,0.632677982
347,0.86807642
348,0.695864786
349,0.604499277
350,0.561583572
351,0.881062401
352,0.597653559
353,0.952193104
354,0.537182136
355,0.84740563
356,0.82390223
357,0.525398044
358,0.652453597
359,0.592888189
360,0.688216615
361,0.974163975
362,0.589533841
363,0.865001695
364,0.518498055
365,0.664833135
366,0.910967789
367,0.632251396
368,0.609229857
369,0.506876445
370,0.948157156
371,0.870498795
372,0.736954561
373,0.721341905
374,0.624145469
375,0.946112189
376,0.682004297
377,0.895304711
378,0.818920411
379,0.64351431
380,0.84017904
381,0.610985304
382,0.975237891
383,0.88018288
384,0.85370868
385,0.91897737
386,0.595261245
387,0.955979088
388,0.666258412
389,0.705767734
390,0.957728027
391,0.91001029
392,0.588480161
393,0.659856339
394,0.809409989
395,0.514021428
396,0.99839497
397,0.802726932
398,0.844260031
399,0.841418758
400,0.782217987
401,0.509406645
402,0.965154373
403,0.999114124
404,0.679643475
405,0.945927241
406,0.775424659
407,0.815129936
408,0.742733117
409,0.8985343
410,0.862857138
411,0.630916168
412,0.871280453
413,0.873911857
414,0.975062713
415,0.527643891
416,0.904797681
417,0.935248752
418,0.509672649
419,0.578794281
420,0.878116616
421,0.830125358
422,0.568680189
423,0.740045828
424,0.50927952
425,0.546455264
426,0.844753266
427,0.621545034
428,0.87086297
429,0.947761003
430,0.957471033
431,0.707791683
432,0.797357625
433,0.907356007
434,0.980144326
435,0.877584987
436,0.529095336
437,0.583900488
438,0.850949197
439,0.898353307
440,0.546842054
441,0.730289441
442,0.846589681
443,0.98314172
444,0.594390379
445,0.766758998
446,0.611790385
447,0.787240221
448,0.879928361
449,0.620361638
450,0.556117013
451,0.752020899
452,0.64960508
453,0.66008759
454,0.561516645
455,0.706451488
456,0.801328378
457,0.741115821
458,0.991495767
459,0.96725543
460,0.729007665
461,0.661405076
462,0.556795967
463,0.695814201
464,0.603863407
465,0.701292593
466,0.871461668
467,0.864310302
468,0.931211085
469,0.948303674
470,0.998919688
471,0.630503385
472,0.667749476
473,0.996868035
474,0.714963606
475,0.750504692
476,0.861522093
477,0.978085288
478,0.512216199
479,0.587619778
480,0.799506619
481,0.937160428
482,0.642010765
483,0.735126242
484,0.741310193
485,0.941252948
486,0.907556815
487,0.649390637
488,0.652194666
489,0.975367273
490,0.621876791
491,0.740079432
492,0.556782037
493,0.663552503
494,0.933346212
495,0.687799821
496,0.907571563
497,0.659843069
498,0.666288146
499,0.620566048
500,0.828740432
501,0.954057703
502,0.854478701
503,0.950682653
504,0.616249532
505,0.788471573
506,0.651303411
507,0.708352408
508,0.988741001
509,0.51131348
510,0.830461454
511,0.698564147
512,0.90185715
513,0.503055379
514,0.833496987
515,0.73384566
516,0.770891836
517,0.667551344
518,0.526091592
519,0.583941795
520,0.586773997
521,0.648348511
522,0.553316486
523,0.847884808
524,0.970898963
525,0.814793014
526,0.754406997
527,0.957978408
528,0.570024035
529,0.914586385
530,0.720290632
531,0.864535609
532,0.807385513
533,0.810974183
534,0.635695914
535,0.815476509
536,0.98588245
537,0.538475671
538,0.955436182
539,0.944537237
540,0.520667076
541,0.812265555
542,0.73675647
543,0.748623473
544,0.839525124
545,0.569332136
546,0.791847797
547,0.570057671
548,0.894146546
549,0.810904489
550,0.654110595
551,0.761983975
552,0.606814073
553,0.774657637
554,0.856725274
555,0.603604868
556,0.949853394
557,0.89334391
558,0.953706323
559,0.71123895
560,0.994226464
561,0.861212601
562,0.76414292
563,0.574852799
564,0.546470559
565,0.647878225
566,0.710867787
567,0.589243787
568,0.842109104
569,0.504005808
570,0.918860019
571,0.562029755
572,0.60500201
573,0.768839522
574,0.969978873
575,0.780786415
576,0.574533687
577,0.97016174
578,0.929768783
579,0.680253951
580,0.834444565
581,0.908097934
582,0.910171309
583,0.53213767
584,0.625516794
585,0.706872263
586,0.542775858
587,0.659872948
588,0.688792886
589,0.559346717
590,0.60518219
591,0.579557524
592,0.826842426
593,0.961824618
594,0.961661225
595,0.723200032
596,0.656266312
597,0.76698432
598,0.734355596
599,0.549991441
600,0.726950513
601,0.512713155
602,0.791996092
603,0.854390021
604,0.911605288
605,0.611749429
606,0.796390881
607,0.660667636
608,0.827143569
609,0.927198899
610,0.879754803
611,0.89274221
612,0.603962205
613,0.538035771
614,0.918242694
615,0.71113493
616,0.698168468
617,0.815553385
618,0.608170543
619,0.946571394
620,0.856500011
621,0.50291066
622,0.502397275
623,0.517133977
624,0.728549617
625,0.927279125
626,0.530937133
627,0.875441231
628,0.822210603
629,0.550879811
630,0.667817999
631,0.998814428
632,0.970315257
633,0.542055484
634,0.737445977
635,0.502584524
636,0.902482296
637,0.740206532
638,0.641055433
639,0.803554129
640,0.934208831
641,0.553137669
642,0.79109153
643,0.752995414
644,0.907039669
645,0.729181385
646,0.991155656
647,0.980421199
648,0.687623203
649,0.821182998
650,0.891876457
651,0.61660563
652,0.648811374
653,0.612934474
654,0.901278684
655,0.701851925
656,0.836055791
657,0.634897682
658,0.50073335
659,0.599531248
660,0.574601895
661,0.982840601
662,0.760227185
663,0.836860731
664,0.516446373
665,0.840072363
666,0.826881534
667,0.674277105
668,0.726574322
669,0.997321987
670,0.924556131
671,0.846259566
672,0.729689936
673,0.706358978
674,0.796510054
675,0.955116928
676,0.84414265
677,0.701653924
678,0.750654799
679,0.695747324
680,0.933230137
681,0.747412955
682,0.784319354
683,0.732695239
684,0.813375045
685,0.531513234
686,0.933943552
687,0.589585459
688,0.965096447
689,0.94986108
690,0.74191191
691,0.593149846
692,0.575821498
693,0.516185038
694,0.978527731
695,0.924893006
696,0.660928099
697,0.522975061
698,0.736300348
699,0.759246359
700,0.751206447
701,0.683857523
702,0.773364289
703,0.543452251
704,0.840675489
705,0.680616506
706,0.831603681
707,0.785746032
708,0.505616502
709,0.775044439
710,0.637180007
711,0.809197059
712,0.758548226
713,0.732122346
714,0.955751358
715,0.697825855
716,0.627300008
717,0.669018481
718,0.645860745
719,0.770433658
720,0.938400454
721,0.897744119
722,0.806889593
723,0.508003375
724,0.826909363
725,0.603513089
726,0.572324354
727,0.98565663
728,0.785725811
729,0.565516663
730,0.531662397
731,0.826975037
732,0.965028541
733,0.586142042
734,0.507666014
735,0.509881172
736,0.709817316
737,0.774953559
738,0.825388609
739,0.548366429
740,0.912575269
741,0.521043284
742,0.95031641
743,0.568583914
744,0.506643298
745,0.644311927
746,0.974258801
747,0.881836455
748,0.755147752
749,0.50884198
750,0.896113272
751,0.582316239
752,0.742933166
753,0.676399088
754,0.563543626
755,0.829212505
756,0.776435081
757,0.852914106
758,0.714664841
759,0.905280954
760,0.552290814
761,0.555844803
762,0.601406356
763,0.925092907
764,0.733800374
765,0.728653487
766,0.619280967
767,0.86423181
768,0.556249288
769,0.591574379
770,0.758578482
771,0.869720746
772,0.958663931
773,0.738154251
774,0.88263412
775,0.687563987
776,0.623264598
777,0.979474204
778,0.557361826
779,0.50795588
780,0.63546523
781,0.849788172
782,0.974261865
783,0.653471031
784,0.75334008
785,0.927905446
786,0.502267316
787,0.657165336
788,0.564593235
789,0.916457541
790,0.93040451
791,0.691668075
792,0.84406168
793,0.740215695
794,0.975447429
795,0.973042862
796,0.994696434
797,0.516249116
798,0.930804206
799,0.571003355
800,0.730833209
801,0.825489862
802,0.623258035
803,0.973986526
804,0.785494899
805,0.694209907
806,0.847304864
807,0.810781843
808,0.50172727
809,0.781271183
810,0.972780477
811,0.888688051
812,0.648936843
813,0.654794418
814,0.701188826
815,0.717486128
816,0.884327513
817,0.766812451
818,0.544744838
819,0.667445055
820,0.598604197
821,0.701262819
822,0.678481576
823,0.875856198
824,0.762765169
825,0.503587621
826,0.622564478
827,0.503537949
828,0.676381421
829,0.947188289
830,0.862756687
831,0.800330322
832,0.728233992
833,0.769333685
834,0.787234347
835,0.575095743
836,0.874033602
837,0.785033618
838,0.838722808
839,0.778690987
840,0.787394412
841,0.882097915
842,0.660948073
843,0.760395809
844,0.944194116
845,0.963585811
846,0.734947086
847,0.746616796
848,0.78936323
849,0.620323714
850,0.559144524
851,0.557566519
852,0.551745373
853,0.787294614
854,0.627634778
855,0.942765205
856,0.943600375
857,0.684047406
858,0.97927265
859,0.946198808
860,0.752023208
861,0.999355225
862,0.965497778
863,0.92221855
864,0.653558331
865,0.918799339
866,0.837482422
867,0.684855715
868,0.512833231
869,0.960228626
870,0.741654878
871,0.585491709
872,0.558146258
873,0.980591292
874,0.635204106
875,0.599615404
876,0.728295866
877,0.859486246
878,0.520602799
879,0.65190362
880,0.681947119
881,0.821045185
882,0.719609235
883,0.531517725
884,0.936961798
885,0.573187756
886,0.569406434
887,0.588392769
888,0.728362836
889,0.615885208
890,0.587170444
891,0.655842144
892,0.709632972
893,0.964367478
894,0.583764575
895,0.895166875
896,0.725364568
897,0.665023273
898,0.738131609
899,0.787488447
900,0.509250831
901,0.600744235
902,0.597171148
903,0.684042457
904,0.732680948
905,0.523836467
906,0.623571433
907,0.690532079
908,0.970207487
909,0.597197494
910,0.75739007
911,0.884178342
912,0.733544445
913,0.822935893
914,0.829734287
915,0.777560973
916,0.871753393
917,0.951249007
918,0.725230619
919,0.723433204
920,0.666393671
921,0.528559486
922,0.729528045
923,0.950452707
924,0.716187929
925,0.803500292
926,0.678011905
927,0.677160646
928,0.752028411
929,0.583291534
930,0.964394211
931,0.592415069
932,0.672269438
933,0.553014073
934,0.586235903
935,0.624987986
936,0.926095431
937,0.834814727
938,0.850864462
939,0.914192689
940,0.840046672
941,0.766002824
942,0.57442749
943,0.639731622
944,0.878897383
945,0.931419189
946,0.736844419
947,0.721664949
948,0.626210331
949,0.682540334
950,0.615230057
951,0.683435591
952,0.71451022
953,0.764812281
954,0.914793295
955,0.536318501
956,0.954708812
957,0.706879084
958,0.690717933
959,0.851568593
960,0.636646632
961,0.965418148
962,0.654875337
963,0.615083108
964,0.563753222
965,0.98366433
966,0.735930332
967,0.585633757
968,0.731635804
969,0.718957505
970,0.925237654
971,0.89548697
972,0.8899259
973,0.602899874
974,0.544171783
975,0.972923876
976,0.747957726
977,0.798529356
978,0.589813463
979,0.870280102
980,0.542562795
981,0.763282571
982,0.558853547
983,0.957402705
984,0.828019924
985,0.598088441
986,0.505071164
987,0.519862451
988,0.731538351
989,0.749858964
990,0.691148333
991,0.84658215
992,0.714240726
993,0.706764514
994,0.728151188
995,0.549132241
996,0.837335686
997,0.953529351
998,0.938279908
999,0.978119446
1000,0.732067431
1001,0.570481054
1002,0.843575838
1003,0.531947737
1004,0.763604151
1005,0.894203503
1006,0.591245018
1007,0.540239204
1008,0.83970133
1009,0.733047394
1010,0.661336842
1011,0.924377383
1012,0.892879026
1013,0.94920377
1014,0.974620592
1015,0.917049611
1016,0.842273845
1017,0.713856936
1018,0.526786384
1019,0.613575887
1020,0.666859788
1021,0.54971926
1022,0.615808376
1023,0.803042458
1024,0.944265993
1025,0.918189205
1026,0.759460891
1027,0.532742247
1028,0.784081877
1029,0.860330818
1030,0.507951393
1031,0.822297722
1032,0.796021401
1033,0.866295216
1034,0.661681801
1035,0.580769092
1036,0.719726238
1037,0.632969641
1038,0.859306578
1039,0.693759248
1040,0.714346698
1041,0.662308385
1042,0.656789072
1043,0.63537914
1044,0.61590587
1045,0.674828349
1046,0.544219326
1047,0.929167457
1048,0.710198908
1049,0.820274974
1050,0.95506586
1051,0.679598863
1052,0.781136811
1053,0.865447238
1054,0.827809291
1055,0.704108223
1056,0.830362082
1057,0.896477616
1058,0.860195007
1059,0.511851548
1060,0.892038441
1061,0.973987727
1062,0.678597356
1063,0.919816194
1064,0.742756573
1065,0.622967251
1066,0.644855592
1067,0.544038282
1068,0.964108118
1069,0.572472547
1070,0.988088714
1071,0.636869931
1072,0.594046913
1073,0.942701959
1074,0.781988742
1075,0.953891239
1076,0.835907216
1077,0.630429459
1078,0.752128607
1079,0.981651733
1080,0.991884509
1081,0.564007361
1082,0.639003454
1083,0.842143842
1084,0.50163797
1085,0.673201728
1086,0.88118536
1087,0.917128003
1088,0.968880063
1089,0.965362793
1090,0.514109013
1091,0.503028443
1092,0.789823447
1093,0.713197485
1094,0.528938822
1095,0.719218401
1096,0.927896523
1097,0.623288344
1098,0.553757603
1099,0.667794395
1100,0.720483155
1101,0.508701447
1102,0.501822496
1103,0.511977917
1104,0.58507902
1105,0.70855198
1106,0.631251791
1107,0.82129122
1108,0.919171486
1109,0.82882099
1110,0.863216815
1111,0.974010496
1112,0.791290438
1113,0.730445998
1114,0.86431642
1115,0.968513476
1116,0.965083414
1117,0.535948888
1118,0.865406204
1119,0.705986794
1120,0.901487877
1121,0.539515049
1122,0.715795299
1123,0.729412204
1124,0.705304174
1125,0.550948255
1126,0.698005569
1127,0.9991639
1128,0.949766466
1129,0.789719614
1130,0.885990218
1131,0.870441376
1132,0.546536214
1133,0.968519951
1134,0.967359256
1135,0.9487474
1136,0.571173086
1137,0.698023151
1138,0.771032066
1139,0.704063665
1140,0.673852738
1141,0.696727631
1142,0.582275031
1143,0.984658739
1144,0.580518838
1145,0.966691651
1146,0.809174858
1147,0.756216401
1148,0.71552464
1149,0.574479741
1150,0.970880185
1151,0.823899324
1152,0.758589924
1153,0.50441816
1154,0.960709686
1155,0.897689003
1156,0.706138197
1157,0.608358647
1158,0.836195966
1159,0.618300469
1160,0.5124401
1161,0.5704914
1162,0.602155977
1163,0.724521627
1164,0.789358963
1165,0.707606049
1166,0.507791651
1167,0.85705097
1168,0.85671611
1169,0.593629838
1170,0.765195764
1171,0.971500418
1172,0.525877418
1173,0.910029911
1174,0.508392734
1175,0.534389588
1176,0.840100882
1177,0.922989346
1178,0.905036585
1179,0.63386652
1180,0.912386763
1181,0.532219464
1182,0.573720956
1183,0.896137785
1184,0.748764013
1185,0.994347498
1186,0.619960432
1187,0.851815957
1188,0.961202945
1189,0.942584074
1190,0.676705751
1191,0.960164792
1192,0.695890423
1193,0.989561874
1194,0.913520877
1195,0.596865323
1196,0.892121617
1197,0.800609711
1198,0.778833861
1199,0.937927589
1200,0.846149115
1201,0.672406265
1202,0.694556311
1203,0.76025627
1204,0.723594799
1205,0.981126928
1206,0.797822013
1207,0.718084891
1208,0.55953312
1209,0.8152126
1210,0.997563831
1211,0.824401247
1212,0.767906286
1213,0.538936113
1214,0.687870235
1215,0.632637228
1216,0.715749284
1217,0.874104596
1218,0.959890173
1219,0.80663919
1220,0.591175208
1221,0.735089469
1222,0.944396322
1223,0.956980038
1224,0.648864645
1225,0.837256125
1226,0.784944862
1227,0.831404556
1228,0.997577834
1229,0.850078814
1230,0.853734702
1231,0.692639616
1232,0.602975323
1233,0.546169052
1234,0.657773932
1235,0.655513442
1236,0.978568212
1237,0.791567323
1238,0.667779414
1239,0.643617108
1240,0.765427627
1241,0.501783956
1242,0.864095559
1243,0.931712768
1244,0.514095296
1245,0.654806477
1246,0.947120272
1247,0.554189683
1248,0.611358327
1249,0.80034176
1250,0.852201461
1251,0.941887075
1252,0.965130533
1253,0.836225587
1254,0.953651558
1255,0.899466818
1256,0.71048466
1257,0.716086222
1258,0.785452866
1259,0.625069877
1260,0.897737071
1261,0.698726443
1262,0.595015988
1263,0.758546331
1264,0.744710898
1265,0.544695858
1266,0.887982613
1267,0.686467638
1268,0.62510175
1269,0.959359701
1270,0.918216532
1271,0.851767353
1272,0.764533872
1273,0.627747256
1274,0.613492763
1275,0.814912015
1276,0.995525225
1277,0.930989232
1278,0.655382393
1279,0.57502306
1280,0.818518163
1281,0.793399331
1282,0.743685986
1283,0.92033171
1284,0.672501593
1285,0.776055318
1286,0.770975735
1287,0.534051807
1288,0.669004177
1289,0.727362377
1290,0.752804773
1291,0.572007591
1292,0.796900287
1293,0.651627404
1294,0.706394523
1295,0.95991008
1296,0.944770737
1297,0.78618638
1298,0.81320044
1299,0.666532756
1300,0.964570122
1301,0.698928847
1302,0.519903661
1303,0.828878011
1304,0.810525666
1305,0.775989712
1306,0.753392075
1307,0.794827009
1308,0.893572923
1309,0.750300745
1310,0.852984405
1311,0.976353213
1312,0.561276058
1313,0.928770271
1314,0.656474892
1315,0.908620098
1316,0.687357198
1317,0.682745956
1318,0.648715937
1319,0.983157572
1320,0.750387646
1321,0.70678195
1322,0.961337723
1323,0.839507285
1324,0.504652029
1325,0.667754652
1326,0.602678394
1327,0.9528223
1328,0.549527633
1329,0.50720488
1330,0.984260266
1331,0.522991177
1332,0.97829512
1333,0.916448991
1334,0.656895006
1335,0.644024471
1336,0.553703287
1337,0.549184357
1338,0.856031851
1339,0.942592603
1340,0.719829569
1341,0.866048233
1342,0.65256217
1343,0.685781271
1344,0.662083084
1345,0.644239663
1346,0.995021495
1347,0.652093548
1348,0.558316205
1349,0.814133324
1350,0.923956297
1351,0.533244356
1352,0.949450689
1353,0.803658706
1354,0.765217402
1355,0.955005604
1356,0.753865685
1357,0.887677854
1358,0.984827357
1359,0.529834322
1360,0.697335278
1361,0.981019774
1362,0.601735901
1363,0.525489096
1364,0.707844889
1365,0.799593758
1366,0.881240337
1367,0.918324371
1368,0.50947441
1369,0.707687688
1370,0.66097272
1371,0.752979115
1372,0.875582595
1373,0.556923708
1374,0.934289213
1375,0.706054086
1376,0.521117169
1377,0.758136552
1378,0.899005779
1379,0.761762499
1380,0.801560616
1381,0.960291899
1382,0.810583612
1383,0.76563745
1384,0.676909429
1385,0.650400331
1386,0.825779727
1387,0.902593868
1388,0.91337045
1389,0.7819775
1390,0.967781313
1391,0.654427103
1392,0.520851299
1393,0.801844937
1394,0.621887035
1395,0.604292866
1396,0.746325138
1397,0.712761861
1398,0.67319257
1399,0.877550952
1400,0.989221557
1401,0.876357726
1402,0.503783254
1403,0.510660866
1404,0.901144095
1405,0.869282195
1406,0.632426223
1407,0.735195303
1408,0.749194633
1409,0.886274284
1410,0.84668446
1411,0.989581026
1412,0.75390374
1413,0.545883261
1414,0.676558685
1415,0.808552826
1416,0.694151831
1417,0.780299707
1418,0.875145602
1419,0.931727445
1420,0.770034814
1421,0.747476797
1422,0.627554377
1423,0.73680946
1424,0.812607241
1425,0.966292563
1426,0.54843718
1427,0.564019398
1428,0.535767704
1429,0.848936765
1430,0.600506982
1431,0.546123447
1432,0.777471576
1433,0.978711778
1434,0.866160513
1435,0.997200287
1436,0.836900966
1437,0.847181293
1438,0.612430774
1439,0.831553423
1440,0.876199242
1441,0.850711085
1442,0.740248018
1443,0.702451723
1444,0.928448214
1445,0.897997861
1446,0.901904606
1447,0.577048391
1448,0.80131484
1449,0.62367046
1450,0.976197911
1451,0.646689788
1452,0.675609021
1453,0.620730524
1454,0.829690342
1455,0.792105838
1456,0.724933977
1457,0.942104219
1458,0.91523184
1459,0.790995704
1460,0.731755283
1461,0.511777873
1462,0.80273082
1463,0.986268487
1464,0.689158461
1465,0.704390225
1466,0.823971994
1467,0.784353197
1468,0.960640732
1469,0.987301424
1470,0.723519584
1471,0.927312528
1472,0.564307715
1473,0.962669159
1474,0.880534096
1475,0.689583472
1476,0.870555641
1477,0.807871302
1478,0.941729099
1479,0.599507489
1480,0.524261356
1481,0.625026078
1482,0.619360818
1483,0.614585629
1484,0.955673482
1485,0.646720497
1486,0.552510259
1487,0.778121052
1488,0.616424127
1489,0.754366575
1490,0.71927062
1491,0.700313635
1492,0.918346871
1493,0.674585848
1494,0.622692422
1495,0.835193566
1496,0.833472623
1497,0.640692357
1498,0.620805946
1499,0.677937267
1500,0.515742559
1501,0.973276216
1502,0.681787236
1503,0.615462454
1504,0.635272303
1505,0.797502754
1506,0.640102156
1507,0.817222893
1508,0.529473715
1509,0.560127549
1510,0.871765404
1511,0.985330463
1512,0.891625849
1513,0.931252372
1514,0.516650097
1515,0.513386739
1516,0.531507318
1517,0.964799047
1518,0.546828241
1519,0.976822775
1520,0.714232257
1521,0.623955159
1522,0.634168956
1523,0.765825864
1524,0.560227426
1525,0.507969717
1526,0.871149243
1527,0.563042544
1528,0.533466691
1529,0.63438452
1530,0.661470803
1531,0.830258219
1532,0.896447678
1533,0.879490002
1534,0.996054329
1535,0.542083644
1536,0.578896216
1537,0.759612381
1538,0.770379328
1539,0.922825342
1540,0.795021325
1541,0.616096359
1542,0.610552341
1543,0.526096708
1544,0.545658336
1545,0.971617618
1546,0.592289137
1547,0.581786286
1548,0.716031507
1549,0.738567196
1550,0.813764979
1551,0.974425463
1552,0.702231445
1553,0.825762415
1554,0.649511467
1555,0.522281057
1556,0.604278511
1557,0.88146763
1558,0.982580914
1559,0.75196867
1560,0.64658189
1561,0.929930076
1562,0.608408867
1563,0.659298792
1564,0.906874651
1565,0.676345583
1566,0.629015664
1567,0.560182978
1568,0.863944285
1569,0.895808397
1570,0.982458682
1571,0.83427737
1572,0.986977259
1573,0.818344743
1574,0.545816651
1575,0.519538886
1576,0.664946201
1577,0.819807845
1578,0.567129659
1579,0.885459286
1580,0.726430308
1581,0.524912557
1582,0.993539072
1583,0.972328388
1584,0.892003153
1585,0.872342145
1586,0.925952155
1587,0.583093503
1588,0.793520485
1589,0.695282685
1590,0.639010405
1591,0.539962149
1592,0.593533854
1593,0.776604274
1594,0.686468708
1595,0.593101606
1596,0.926700071
1597,0.890755867
1598,0.908742288
1599,0.943073523
1600,0.842906461
1601,0.948051809
1602,0.529069955
1603,0.72705457
1604,0.79964903
1605,0.840319053
1606,0.522663814
1607,0.803459376
1608,0.808592666
1609,0.635623337
1610,0.741929541
1611,0.886701047
1612,0.574693924
1613,0.897025963
1614,0.748280384
1615,0.901983595
1616,0.775254855
1617,0.866818634
1618,0.586144792
1619,0.909171133
1620,0.690163222
1621,0.889279327
1622,0.840750394
1623,0.840857164
1624,0.980501713
1625,0.673304229
1626,0.692667289
1627,0.972397097
1628,0.619191508
1629,0.669349233
1630,0.516938718
1631,0.647733456
1632,0.685439741
1633,0.847333567
1634,0.712069031
1635,0.971194514
1636,0.582835362
1637,0.879297329
1638,0.724466069
1639,0.863675019
1640,0.609517808
1641,0.8821578
1642,0.76412801
1643,0.926381753
1644,0.916866577
1645,0.663733111
1646,0.932581738
1647,0.549067184
1648,0.88125078
1649,0.71877762
1650,0.570815902
1651,0.588934947
1652,0.707734043
1653,0.51061839
1654,0.562536949
1655,0.758861316
1656,0.868845857
1657,0.848574898
1658,0.994827676
1659,0.534112209
1660,0.738781508
1661,0.903441764
1662,0.787313907
1663,0.680815572
1664,0.964751792
1665,0.61638032
1666,0.814526897
1667,0.68270208
1668,0.916884805
1669,0.524875059
1670,0.690030824
1671,0.743395065
1672,0.854713843
1673,0.732827403
1674,0.999976467
1675,0.953105977
1676,0.874446331
1677,0.609053393
1678,0.706313656
1679,0.668605738
1680,0.753505476
1681,0.847667634
1682,0.535678529
1683,0.570945795
1684,0.97897076
1685,0.808452794
1686,0.563366103
1687,0.734071895
1688,0.587484195
1689,0.912537873
1690,0.95522568
1691,0.781280776
1692,0.739774649
1693,0.559330405
1694,0.886253993
1695,0.642561684
1696,0.704267593
1697,0.860693113
1698,0.541810673
1699,0.537987324
1700,0.535515521
1701,0.53484317
1702,0.718319198
1703,0.890145514
1704,0.795259798
1705,0.622762972
1706,0.914161958
1707,0.901029441
1708,0.673855972
1709,0.927165846
1710,0.752098361
1711,0.808257134
1712,0.92863035
1713,0.661725785
1714,0.822992219
1715,0.762004159
1716,0.564217033
1717,0.650060026
1718,0.709574239
1719,0.801826171
1720,0.847988069
1721,0.889172926
1722,0.766534252
1723,0.730560955
1724,0.842936677
1725,0.866240168
1726,0.80222522
1727,0.927060475
1728,0.550144396
1729,0.870684927
1730,0.689166322
1731,0.754445426
1732,0.831954164
1733,0.805026691
1734,0.973731326
1735,0.739961771
1736,0.905139661
1737,0.564904908
1738,0.932143704
1739,0.747768093
1740,0.989433723
1741,0.80258159
1742,0.552703777
1743,0.675157237
1744,0.81225867
1745,0.726268641
1746,0.646362862
1747,0.654346253
1748,0.620409977
1749,0.86575139
1750,0.742082358
1751,0.969240481
1752,0.678505232
1753,0.835140154
1754,0.862049136
1755,0.574452491
1756,0.796695271
1757,0.758407538
1758,0.524625422
1759,0.742442248
1760,0.798756641
1761,0.892756798
1762,0.500604405
1763,0.523201541
1764,0.582946101
1765,0.598627318
1766,0.801320464
1767,0.875362916
1768,0.540142978
1769,0.990306159
1770,0.700768513
1771,0.747330065
1772,0.963666479
1773,0.913505433
1774,0.631749898
1775,0.555995737
1776,0.648761147
1777,0.817169998
1778,0.547268982
1779,0.925063836
1780,0.899868444
1781,0.947560476
1782,0.672881446
1783,0.69394147
1784,0.878263144
1785,0.572506356
1786,0.693051424
1787,0.627269063
1788,0.875115931
1789,0.865416036
1790,0.773087278
1791,0.613456077
1792,0.561444928
1793,0.605153393
1794,0.96469133
1795,0.672873785
1796,0.731965684
1797,0.601351623
1798,0.629130133
1799,0.888011919
1800,0.82972599
1801,0.568463608
1802,0.711041152
1803,0.926674901
1804,0.725073439
1805,0.529610103
1806,0.87864972
1807,0.838593322
1808,0.878345831
1809,0.784434931
1810,0.728586582
1811,0.782530339
1812,0.615291919
1813,0.566719948
1814,0.723161239
1815,0.958627893
1816,0.749577337
1817,0.862077171
1818,0.82856989
1819,0.723361041
1820,0.810007064
1821,0.722274299
1822,0.796339308
1823,0.5256632
1824,0.956441753
1825,0.978479507
1826,0.844350835
1827,0.561477573
1828,0.668786889
1829,0.806182612
1830,0.939238309
1831,0.560303821
1832,0.824375097
1833,0.501781092
1834,0.802633729
1835,0.837682452
1836,0.661581838
1837,0.987061193
1838,0.564256747
1839,0.725609711
1840,0.668740268
1841,0.69348394
1842,0.679383281
1843,0.561979729
1844,0.710884666
1845,0.501423655
1846,0.519048344
1847,0.519069295
1848,0.652395665
1849,0.906962838
1850,0.64572079
1851,0.508764207
1852,0.684468828
1853,0.613131091
1854,0.565012308
1855,0.727448605
1856,0.812077143
1857,0.503163854
1858,0.627390979
1859,0.786063341
1860,0.927208343
1861,0.974112445
1862,0.833397703
1863,0.86506936
1864,0.963515626
1865,0.815108685
1866,0.62885451
1867,0.739740443
1868,0.695165753
1869,0.87440615
1870,0.55413724
1871,0.659620609
1872,0.904529601
1873,0.917910043
1874,0.840239689
1875,0.728677414
1876,0.779435193
1877,0.981937602
1878,0.9280083
1879,0.51159869
1880,0.769013176
1881,0.632556528
1882,0.914796612
1883,0.913811613
1884,0.514014384
1885,0.588724586
1886,0.691742615
1887,0.526961978
1888,0.961865586
1889,0.625847453
1890,0.794581247
1891,0.906006645
1892,0.92248816
1893,0.837160237
1894,0.660797399
1895,0.67442605
1896,0.522286735
1897,0.810317625
1898,0.774545446
1899,0.636498457
1900,0.853940389
1901,0.631418039
1902,0.877607021
1903,0.976026204
1904,0.537740594
1905,0.99299497
1906,0.927213883
1907,0.936834451
1908,0.579933935
1909,0.609513406
1910,0.690491081
1911,0.794015029
1912,0.928752934
1913,0.788595552
1914,0.642614651
1915,0.66050087
1916,0.637374386
1917,0.593187219
1918,0.877215289
1919,0.96924698
1920,0.949887701
1921,0.665360614
1922,0.729437822
1923,0.940079047
1924,0.767443556
1925,0.558148271
1926,0.564313203
1927,0.888259714
1928,0.846928472
1929,0.660547591
1930,0.743703173
1931,0.546713366
1932,0.545249509
1933,0.652248524
1934,0.55911273
1935,0.931859742
1936,0.522869981
1937,0.862617565
1938,0.721670623
1939,0.920996221
1940,0.591917612
1941,0.756276487
1942,0.862082642
1943,0.901724992
1944,0.901204638
1945,0.95752965
1946,0.976404423
1947,0.609253483
1948,0.587132423
1949,0.717639306
1950,0.663081653
1951,0.929004688
1952,0.762545953
1953,0.837306396
1954,0.955652712
1955,0.569112714
1956,0.691555664
1957,0.605971955
1958,0.855486366
1959,0.682288023
1960,0.678730664
1961,0.8709552
1962,0.872915216
1963,0.640174617
1964,0.630873998
1965,0.500074966
1966,0.925150484
1967,0.988662525
1968,0.832910622
1969,0.879186092
1970,0.952770769
1971,0.721880684
1972,0.80330175
1973,0.831341967
1974,0.981494137
1975,0.556708014
1976,0.737386323
1977,0.837776881
1978,0.549040282
1979,0.560974967
1980,0.588820947
1981,0.528077069
1982,0.631257873
1983,0.8315132
1984,0.971888881
1985,0.936750046
1986,0.880775118
1987,0.62186198
1988,0.511860236
1989,0.787544878
1990,0.760941805
1991,0.663942689
1992,0.761368991
1993,0.904543477
1994,0.627513549
1995,0.937796084
1996,0.99728259
1997,0.665284305
1998,0.56238424
1999,0.665347796
2000,0.755653027
2001,0.917995031
2002,0.642893481
2003,0.652173569
2004,0.820909193
2005,0.756506915
2006,0.730148452
2007,0.556933715
2008,0.702792179
2009,0.994538734
2010,0.86254864
2011,0.668296838
2012,0.929125507
2013,0.512588353
2014,0.959315617
2015,0.709485728
2016,0.603149747
2017,0.692952764
2018,0.597369806
2019,0.544380428
2020,0.7460623
2021,0.772432165
2022,0.871648353
2023,0.882748744
2024,0.66918562
2025,0.84501947
2026,0.783849089
2027,0.916769585
2028,0.905145411
2029,0.84778364
2030,0.666233206
2031,0.786820942
2032,0.900775915
2033,0.881279907
2034,0.829512098
2035,0.666517714
2036,0.506135867
2037,0.93647212
2038,0.888011583
2039,0.808913162
2040,0.531696117
2041,0.675377793
2042,0.83228021
2043,0.73643841
2044,0.967192618
2045,0.958220248
2046,0.878037435
2047,0.568223947
2048,0.947408896
2049,0.964670434
2050,0.994144943
2051,0.698798942
2052,0.928921418
2053,0.577412415
2054,0.524771324
2055,0.92404784
2056,0.962815529
2057,0.666270001
2058,0.753511244
2059,0.579440415
2060,0.667412772
2061,0.870239348
2062,0.840210947
2063,0.765833136
2064,0.580497672
2065,0.766717034
2066,0.836181181
2067,0.588984645
2068,0.719287093
2069,0.81925189
2070,0.766276694
2071,0.512367456
2072,0.75036824
2073,0.589245828
2074,0.994881048
2075,0.79428287
2076,0.791708079
2077,0.93366348
2078,0.838911571
2079,0.55205807
2080,0.830330641
2081,0.658430901
2082,0.524603586
2083,0.951802471
2084,0.935980129
2085,0.718604754
2086,0.998938729
2087,0.923739685
2088,0.826794828
2089,0.607732333
2090,0.708208446
2091,0.562271066
2092,0.568391063
2093,0.955433576
2094,0.511213617
2095,0.697323481
2096,0.697012393
2097,0.674542781
2098,0.873533224
2099,0.692037429
2100,0.854840382
2101,0.552920688
2102,0.528741113
2103,0.774513466
2104,0.769125027
2105,0.977287125
2106,0.840017436
2107,0.9490026
2108,0.623065271
2109,0.739290877
2110,0.773936659
2111,0.858529683
2112,0.631361399
2113,0.769085645
2114,0.995608803
2115,0.816684349
2116,0.832061105
2117,0.846814766
2118,0.786761681
2119,0.998670168
2120,0.784252317
2121,0.831720769
2122,0.727312145
2123,0.786688017
2124,0.728717018
2125,0.842164994
2126,0.829732661
2127,0.945761245
2128,0.64252456
2129,0.705399115
2130,0.571104241
2131,0.841306754
2132,0.608467
2133,0.55316968
2134,0.834184138
2135,0.600095049
2136,0.716178851
2137,0.893172507
2138,0.538897699
2139,0.966382422
2140,0.734667538
2141,0.830437632
2142,0.553077125
2143,0.677763492
2144,0.859306253
2145,0.648911504
2146,0.730508073
2147,0.887522929
2148,0.643202042
2149,0.501990754
2150,0.79731407
2151,0.879975606
2152,0.644110433
2153,0.697250358
2154,0.960513665
2155,0.761231438
2156,0.50792991
2157,0.650404746
2158,0.917534411
2159,0.757330852
2160,0.993100598
2161,0.955346455
2162,0.892415496
2163,0.999842935
2164,0.827024412
2165,0.609687631
2166,0.980436039
2167,0.687677105
2168,0.523678849
2169,0.924922968
2170,0.916045474
2171,0.616467983
2172,0.585051878
2173,0.592912593
2174,0.703688616
2175,0.979376414
2176,0.628656176
2177,0.705667361
2178,0.908903641
2179,0.791819596
2180,0.633284063
2181,0.516655495
2182,0.606428573
2183,0.812444613
2184,0.853154202
2185,0.760086244
2186,0.80325787
2187,0.860041472
2188,0.648630459
2189,0.548348608
2190,0.796021299
2191,0.858988166
2192,0.51539074
2193,0.919235297
2194,0.97927473
2195,0.716886268
2196,0.598786539
2197,0.973238422
2198,0.709193193
2199,0.620048176
2200,0.73907209
2201,0.628665833
2202,0.642467489
2203,0.743367383
2204,0.573792739
2205,0.986859649
2206,0.588172915
2207,0.906180466
2208,0.972334244
2209,0.715743332
2210,0.704462771
2211,0.844351137
2212,0.775376297
2213,0.694171998
2214,0.845817034
2215,0.941135902
2216,0.894643114
2217,0.544228963
2218,0.618463404
2219,0.616940756
2220,0.970385265
2221,0.851675007
2222,0.846552803
2223,0.871707771
2224,0.972612754
2225,0.750057241
2226,0.844580408
2227,0.826822813
2228,0.87474218
2229,0.91264321
2230,0.816352241
2231,0.664975229
2232,0.97598524
2233,0.84960809
2234,0.9740434
2235,0.622579107
2236,0.689969811
2237,0.776568124
2238,0.842943444
2239,0.600791056
2240,0.755156927
2241,0.803057401
2242,0.975994886
2243,0.850397016
2244,0.918416763
2245,0.904375505
2246,0.832432353
2247,0.768423454
2248,0.514423869
2249,0.536338518
2250,0.893428115
2251,0.724279825
2252,0.947843026
2253,0.52362179
2254,0.5488736
2255,0.727613454
2256,0.662662468
2257,0.650729104
2258,0.959448281
2259,0.539435773
2260,0.906918341
2261,0.601150013
2262,0.699883605
2263,0.531189273
2264,0.897710649
2265,0.53517654
2266,0.916889741
2267,0.632991426
2268,0.640096166
2269,0.709329624
2270,0.644388363
2271,0.806480009
2272,0.591143439
2273,0.948056479
2274,0.559060028
2275,0.525990557
2276,0.565711603
2277,0.886364797
2278,0.751683773
2279,0.831098798
2280,0.709763309
2281,0.957480812
2282,0.881644696
2283,0.76156008
2284,0.651114201
2285,0.52909435
2286,0.620772387
2287,0.916788943
2288,0.626390448
2289,0.931058631
2290,0.825157431
2291,0.914038313
2292,0.816589034
2293,0.561237665
2294,0.876616654
2295,0.940044719
2296,0.905443863
2297,0.865322898
2298,0.677549462
2299,0.604571897
2300,0.548030734
2301,0.602798514
2302,0.995085599
2303,0.639889439
2304,0.770090124
2305,0.556466201
2306,0.77749129
2307,0.512162034
2308,0.579359882
2309,0.721230821
2310,0.827340119
2311,0.548942958
2312,0.726317534
2313,0.776370256
2314,0.804750188
2315,0.747241758
2316,0.890607243
2317,0.516948882
2318,0.936829434
2319,0.693213449
2320,0.73316919
2321,0.642136526
2322,0.66378403
2323,0.657152132
2324,0.671913338
2325,0.572539241
2326,0.698708909
2327,0.719797612
2328,0.889360906
2329,0.559965658
2330,0.771301267
2331,0.517345494
2332,0.586647572
2333,0.928086616
2334,0.730193826
2335,0.552830959
2336,0.983555688
2337,0.808930981
2338,0.744927896
2339,0.778968255
2340,0.678787753
2341,0.505526211
2342,0.724690981
2343,0.514498904
2344,0.580791418
2345,0.78301198
2346,0.83025072
2347,0.576689044
2348,0.833591724
2349,0.690097597
2350,0.762072098
2351,0.911252205
2352,0.610948794
2353,0.938304883
2354,0.977640494
2355,0.865672912
2356,0.961922662
2357,0.737280787
2358,0.79632888
2359,0.951678128
2360,0.750909927
2361,0.866867422
2362,0.779845068
2363,0.981634237
2364,0.935535071
2365,0.721127736
2366,0.91571101
2367,0.66126503
2368,0.509279959
2369,0.575527064
2370,0.969887459
2371,0.553383383
2372,0.611796255
2373,0.797112879
2374,0.830784477
2375,0.752634763
2376,0.679291113
2377,0.659284531
2378,0.851771766
2379,0.809714758
2380,0.892853435
2381,0.768905251
2382,0.737154955
2383,0.894726067
2384,0.529623327
2385,0.992358433
2386,0.68895187
2387,0.585566506
2388,0.824463863
2389,0.95525853
2390,0.882508727
2391,0.541684394
2392,0.585098551
2393,0.635571154
2394,0.505025068
2395,0.561557063
2396,0.645564476
2397,0.652317668
2398,0.789270184
2399,0.799327216
2400,0.715145578
2401,0.932604733
2402,0.630156811
2403,0.555743815
2404,0.88170684
2405,0.674114689
2406,0.993856037
2407,0.795769847
2408,0.568360989
2409,0.759304547
2410,0.958253993
2411,0.670523162
2412,0.560170158
2413,0.816909277
2414,0.57618957
2415,0.87231237
2416,0.763885235
2417,0.817018398
2418,0.870371905
2419,0.948296585
2420,0.523553081
2421,0.537163776
2422,0.598438571
2423,0.623428246
2424,0.763871633
2425,0.639943493
2426,0.858196705
2427,0.70247073
2428,0.569303762
2429,0.593514219
2430,0.538966478
2431,0.956993951
2432,0.943060701
2433,0.797694291
2434,0.679902467
2435,0.761188202
2436,0.952390298
2437,0.614517399
2438,0.598017294
2439,0.902837274
2440,0.981861586
2441,0.984665506
2442,0.50528744
2443,0.921415409
2444,0.884313187
2445,0.675106621
2446,0.590724802
2447,0.963751231
2448,0.794793798
2449,0.975282346
2450,0.790332522
2451,0.928357558
2452,0.71465735
2453,0.641341236
2454,0.554428706
2455,0.634635472
2456,0.781421005
2457,0.756399027
2458,0.699970005
2459,0.964025165
2460,0.669093734
2461,0.920057947
2462,0.757003974
2463,0.904281559
2464,0.941128591
2465,0.674295242
2466,0.7436697
2467,0.783786313
2468,0.804827222
2469,0.588393274
2470,0.96693983
2471,0.580221947
2472,0.790760507
2473,0.773932502
2474,0.732686781
2475,0.826571108
2476,0.601471562
2477,0.74748383
2478,0.744856736
2479,0.801539974
2480,0.934847633
2481,0.848502781
2482,0.803988606
2483,0.76613924
2484,0.866379476
2485,0.519839232
2486,0.545664561
2487,0.706951524
2488,0.634825492
2489,0.899232718
2490,0.893405073
2491,0.748966344
2492,0.922047575
2493,0.856386475
2494,0.892949954
2495,0.851930484
2496,0.991682513
2497,0.959875704
2498,0.820232196
2499,0.512361142
2500,0.712123226
2501,0.559892843
2502,0.578194169
2503,0.641663065
2504,0.971479097
2505,0.522020579
2506,0.962846289
2507,0.691308732
2508,0.952004767
2509,0.893046831
2510,0.940842882
2511,0.827947907
2512,0.725137365
2513,0.578147734
2514,0.705309617
2515,0.924304305
2516,0.736443108
2517,0.600405837
2518,0.891196551
2519,0.617911663
2520,0.530188499
2521,0.679242737
2522,0.998056572
2523,0.844233207
2524,0.948109174
2525,0.827804143
2526,0.941724219
2527,0.7220765
2528,0.782541425
2529,0.688198806
2530,0.9127161
2531,0.755147993
2532,0.602066746
2533,0.746258367
2534,0.786637363
2535,0.763232054
2536,0.620958908
2537,0.762125128
2538,0.592263418
2539,0.789636459
2540,0.535712447
2541,0.690129674
2542,0.685899168
2543,0.835319087
2544,0.680720493
2545,0.893613962
2546,0.655016886
2547,0.6223103
2548,0.832063502
2549,0.614508429
2550,0.650091112
2551,0.645638959
2552,0.958803547
2553,0.860562962
2554,0.84753062
2555,0.638399234
2556,0.792881028
2557,0.732914462
2558,0.76566044
2559,0.833319888
2560,0.503026432
2561,0.505730181
2562,0.744364572
2563,0.837244803
2564,0.516873257
2565,0.911941011
2566,0.665227876
2567,0.908770563
2568,0.754440888
2569,0.946986997
2570,0.766443659
2571,0.611291836
2572,0.767640157
2573,0.710796231
2574,0.866523988
2575,0.826255877
2576,0.547872643
2577,0.686767097
2578,0.99724898
2579,0.778297142
2580,0.624668844
2581,0.703519821
2582,0.644499159
2583,0.753174403
2584,0.791702589
2585,0.593748312
2586,0.910419375
2587,0.809581632
2588,0.943635826
2589,0.604587185
2590,0.809878875
2591,0.571275005
2592,0.738429117
2593,0.666014669
2594,0.675260129
2595,0.518286506
2596,0.602354674
2597,0.847712975
2598,0.900594396
2599,0.64661087
2600,0.605470977
2601,0.718636401
2602,0.760569654
2603,0.76907938
2604,0.781201277
2605,0.62429849
2606,0.948077463
2607,0.60399162
2608,0.761360367
2609,0.674175804
2610,0.837339603
2611,0.920875018
2612,0.825140912
2613,0.930366373
2614,0.595241627
2615,0.617523518
2616,0.722139197
2617,0.973189509
2618,0.640140226
2619,0.876745187
2620,0.592855482
2621,0.985845278
2622,0.585657879
2623,0.873358818
2624,0.685901595
2625,0.700024726
2626,0.896360251
2627,0.988690709
2628,0.77574372
2629,0.529729089
2630,0.948031592
2631,0.618319657
2632,0.882668276
2633,0.757314928
2634,0.958326724
2635,0.649022707
2636,0.956577692
2637,0.891809905
2638,0.752127841
2639,0.567883352
2640,0.650425062
2641,0.908802903
2642,0.955667669
2643,0.982791639
2644,0.613633654
2645,0.921677566
2646,0.50489983
2647,0.724575218
2648,0.618162268
2649,0.541625029
2650,0.660341878
2651,0.811939078
2652,0.864980916
2653,0.771274394
2654,0.829781052
2655,0.927155814
2656,0.557870848
2657,0.711165711
2658,0.58300765
2659,0.770066783
2660,0.940959423
2661,0.68230294
2662,0.529990429
2663,0.878578473
2664,0.50617732
2665,0.503017385
2666,0.803077287
2667,0.867989512
2668,0.654805633
2669,0.76739984
2670,0.771220931
2671,0.927167307
2672,0.591828054
2673,0.644496998
2674,0.756941126
2675,0.773949784
2676,0.524903135
2677,0.895419136
2678,0.623551141
2679,0.744516339
2680,0.612716319
2681,0.969462064
2682,0.826180244
2683,0.642980371
2684,0.535751507
2685,0.705957129
2686,0.745609045
2687,0.544318997
2688,0.608904744
2689,0.953903834
2690,0.819367732
2691,0.691670769
2692,0.523242817
2693,0.654470519
2694,0.608975632
2695,0.771811064
2696,0.925871901
2697,0.579704146
2698,0.96627933
2699,0.615947223
2700,0.659144748
2701,0.740250336
2702,0.834963935
2703,0.645550831
2704,0.69042028
2705,0.646001174
2706,0.623567753
2707,0.590909806
2708,0.782108426
2709,0.76375364
2710,0.902832202
2711,0.751144288
2712,0.963542795
2713,0.532651483
2714,0.822478003
2715,0.531888424
2716,0.712986805
2717,0.507802409
2718,0.665975785
2719,0.659287489
2720,0.702498838
2721,0.914834217
2722,0.785821239
2723,0.590621463
2724,0.601358384
2725,0.873499777
2726,0.504538231
2727,0.53872461
2728,0.836225159
2729,0.693421955
2730,0.636839901
2731,0.637825122
2732,0.622016798
2733,0.64430396
2734,0.682881493
2735,0.849924544
2736,0.95693955
2737,0.969330592
2738,0.691694824
2739,0.892181808
2740,0.664134119
2741,0.510734776
2742,0.872847354
2743,0.632953965
2744,0.985106812
2745,0.742518217
2746,0.962535545
2747,0.970089508
2748,0.850958483
2749,0.514806129
2750,0.997902766
2751,0.777483153
2752,0.602818519
2753,0.612287271
2754,0.704397748
2755,0.849755924
2756,0.763726581
2757,0.626979841
2758,0.790253328
2759,0.71159527
2760,0.586429238
2761,0.830878824
2762,0.829165264
2763,0.588641563
2764,0.841219008
2765,0.69337548
2766,0.654196215
2767,0.790990435
2768,0.501657031
2769,0.772611492
2770,0.633534556
2771,0.686627614
2772,0.896762495
2773,0.522984618
2774,0.695268068
2775,0.81825411
2776,0.730678231
2777,0.669692677
2778,0.630189092
2779,0.982718045
2780,0.979886673
2781,0.95607868
2782,0.778947818
2783,0.874403622
2784,0.804486837
2785,0.586915976
2786,0.603534924
2787,0.69159704
2788,0.86729563
2789,0.814665402
2790,0.741621558
2791,0.608043891
2792,0.632495878
2793,0.569793834
2794,0.587996016
2795,0.762639607
2796,0.940434762
2797,0.748812793
2798,0.986577732
2799,0.649243451
2800,0.54434532
2801,0.929909087
2802,0.516268946
2803,0.727319424
2804,0.841041099
2805,0.675978358
2806,0.630826204
2807,0.736301977
2808,0.810765856
2809,0.51373987
2810,0.628064484
2811,0.542713597
2812,0.907060086
2813,0.824136757
2814,0.809126186
2815,0.606626225
2816,0.654665355
2817,0.581766802
2818,0.924653315
2819,0.680095412
2820,0.853410087
2821,0.729094565
2822,0.672111587
2823,0.883016963
2824,0.534193993
2825,0.803270192
2826,0.767057649
2827,0.705727593
2828,0.563083446
2829,0.616699597
2830,0.593010523
2831,0.513718494
2832,0.509403852
2833,0.656208932
2834,0.707128221
2835,0.66830621
2836,0.845641131
2837,0.869203355
2838,0.86473591
2839,0.582777513
2840,0.880210388
2841,0.670565813
2842,0.968225414
2843,0.522941909
2844,0.839979622
2845,0.505583025
2846,0.546801757
2847,0.697418724
2848,0.853852375
2849,0.922428416
2850,0.772278809
2851,0.642256984
2852,0.710980608
2853,0.912499847
2854,0.853498507
2855,0.598149109
2856,0.700982093
2857,0.830207216
2858,0.715866812
2859,0.710578895
2860,0.79095773
2861,0.798650381
2862,0.543608909
2863,0.757215736
2864,0.81293598
2865,0.996086044
2866,0.681841056
2867,0.643450538
2868,0.624810371
2869,0.681056687
2870,0.973772871
2871,0.56048846
2872,0.605239726
2873,0.908507183
2874,0.912742901
2875,0.602813313
2876,0.777200511
2877,0.576462468
2878,0.572579004
2879,0.783545769
2880,0.753815897
2881,0.706598734
2882,0.558194972
2883,0.708256071
2884,0.562863946
2885,0.691682872
2886,0.782084581
2887,0.882353231
2888,0.617907326
2889,0.652358961
2890,0.544520702
2891,0.947084023
2892,0.696420764
2893,0.937335064
2894,0.577178946
2895,0.744405421
2896,0.603843555
2897,0.760322122
2898,0.665542657
2899,0.536685269
2900,0.551602941
2901,0.678434287
2902,0.58738569
2903,0.787563871
2904,0.626231409
2905,0.727194194
2906,0.722533307
2907,0.866586425
2908,0.904751979
2909,0.764257603
2910,0.65785202
2911,0.890356429
2912,0.700272416
2913,0.537829808
2914,0.996665403
2915,0.954969098
2916,0.690917502
2917,0.818350426
2918,0.527055264
2919,0.802828198
2920,0.638889272
2921,0.976363704
2922,0.782155046
2923,0.638563609
2924,0.513298424
2925,0.996771821
2926,0.565802251
2927,0.725079449
2928,0.892586859
2929,0.517367084
2930,0.86731509
2931,0.936805251
2932,0.811810394
2933,0.645957146
2934,0.697381276
2935,0.659231574
2936,0.675658581
2937,0.868861002
2938,0.827909648
2939,0.794281502
2940,0.689618062
2941,0.790594264
2942,0.999683994
2943,0.731533597
2944,0.989210611
2945,0.732772791
2946,0.956983112
2947,0.864788247
2948,0.797377558
2949,0.590332897
2950,0.845025975
2951,0.616294565
2952,0.618208687
2953,0.946326136
2954,0.827159465
2955,0.527774321
2956,0.996158442
2957,0.677570608
2958,0.660619717
2959,0.596873661
2960,0.575374258
2961,0.623160891
2962,0.983328158
2963,0.77812739
2964,0.516404985
2965,0.921253118
2966,0.964516732
2967,0.884804642
2968,0.747922215
2969,0.726992501
2970,0.870963304
2971,0.995953461
2972,0.524168795
2973,0.644963622
2974,0.793519569
2975,0.926363868
2976,0.984925437
2977,0.500509566
2978,0.665578905
2979,0.540702971
2980,0.9898083
2981,0.897543714
2982,0.934669711
2983,0.632748271
2984,0.737015998
2985,0.807090295
2986,0.977639556
2987,0.784483348
2988,0.945527085
2989,0.987474556
2990,0.643177298
2991,0.748697635
2992,0.985973756
2993,0.766443742
2994,0.532146097
2995,0.970935168
2996,0.567665834
2997,0.678403285
2998,0.821233992
2999,0.505779053
3000,0.936094709
3001,0.90043504
3002,0.778971227
3003,0.742597558
3004,0.674141138
3005,0.885500213
3006,0.849360058
3007,0.857879618
3008,0.613567672
3009,0.72944521
3010,0.864696726
3011,0.888701097
3012,0.655818296
3013,0.549496254
3014,0.516946397
3015,0.672621061
3016,0.593827512
3017,0.61484604
3018,0.508344956
3019,0.545958312
3020,0.824220764
3021,0.869875557
3022,0.957186952
3023,0.921975841
3024,0.753621422
3025,0.814464641
3026,0.816474699
3027,0.749078817
3028,0.645611761
3029,0.587510125
3030,0.531391673
3031,0.536176892
3032,0.774065507
3033,0.828043336
3034,0.817985476
3035,0.855573962
3036,0.588055313
3037,0.613871269
3038,0.81254031
3039,0.74103207
3040,0.91967764
3041,0.544610885
3042,0.578512987
3043,0.951759296
3044,0.513485152
3045,0.79039275
3046,0.749081212
3047,0.96862224
3048,0.689573149
3049,0.556898158
3050,0.775828803
3051,0.790079618
3052,0.80316268
3053,0.501700668
3054,0.860107805
3055,0.878759812
3056,0.794824252
3057,0.73928318
3058,0.685569216
3059,0.611669368
3060,0.866760795
3061,0.675181127
3062,0.647153148
3063,0.936158855
3064,0.962876666
3065,0.581332931
3066,0.899901563
3067,0.683765334
3068,0.631769878
3069,0.92663501
3070,0.867128833
3071,0.652326532
3072,0.925251528
3073,0.617526947
3074,0.889203152
3075,0.820617015
3076,0.969760742
3077,0.524940404
3078,0.508857364
3079,0.884738433
3080,0.580336646
3081,0.672071663
3082,0.550851752
3083,0.578065311
3084,0.996612865
3085,0.933402766
3086,0.932013202
3087,0.895192673
3088,0.845546706
3089,0.539331105
3090,0.669033712
3091,0.866440672
3092,0.84686051
3093,0.697890793
3094,0.628844392
3095,0.645330296
3096,0.572331915
3097,0.834900161
3098,0.926839934
3099,0.828622742
3100,0.527593941
3101,0.576801984
3102,0.68155116
3103,0.546571569
3104,0.649524889
3105,0.943746305
3106,0.541961079
3107,0.850072379
3108,0.784992858
3109,0.830974586
3110,0.584913946
3111,0.754917713
3112,0.840298354
3113,0.903845158
3114,0.580852697
3115,0.514100735
3116,0.666347546
3117,0.940120895
3118,0.631508587
3119,0.763441733
3120,0.831435739
3121,0.643555233
3122,0.70084286
3123,0.7099738
3124,0.70097004
3125,0.555371512
3126,0.943111667
3127,0.98480658
3128,0.545975327
3129,0.654943537
3130,0.957602369
3131,0.83011231
3132,0.557646329
3133,0.989902421
3134,0.690356681
3135,0.915102335
3136,0.782957213
3137,0.551228703
3138,0.618288423
3139,0.679037088
3140,0.844065683
3141,0.996064616
3142,0.830179861
3143,0.725172963
3144,0.94395554
3145,0.538474704
3146,0.713934842
3147,0.551901659
3148,0.50785788
3149,0.694904429
3150,0.704562624
3151,0.807480041
3152,0.934546563
3153,0.981881177
3154,0.758671978
3155,0.665701159
3156,0.682430012
3157,0.941208326
3158,0.841973285
3159,0.895131565
3160,0.601768299
3161,0.925282124
3162,0.739939655
3163,0.574345232
3164,0.798829361
3165,0.883368177
3166,0.573240167
3167,0.56367636
3168,0.502376225
3169,0.976099382
3170,0.549159639
3171,0.786580209
3172,0.780740683
3173,0.878175239
3174,0.928620377
3175,0.713913153
3176,0.760878821
3177,0.976583538
3178,0.756252027
3179,0.517778159
3180,0.787867052
3181,0.532709815
3182,0.684284796
3183,0.605626814
3184,0.568444218
3185,0.857710216
3186,0.550020721
3187,0.855216847
3188,0.909974077
3189,0.848180236
3190,0.729263509
3191,0.521477077
3192,0.676568229
3193,0.86400545
3194,0.674031014
3195,0.693290154
3196,0.532003224
3197,0.640513041
3198,0.518605043
3199,0.563472014
3200,0.864595728
3201,0.836386239
3202,0.91658557
3203,0.75490449
3204,0.818416173
3205,0.557104263
3206,0.983687062
3207,0.904124537
3208,0.75837154
3209,0.607433837
3210,0.953793031
3211,0.902860655
3212,0.56573128
3213,0.705876967
3214,0.559416315
3215,0.94788373
3216,0.889622319
3217,0.849360274
3218,0.828812328
3219,0.79518934
3220,0.581534352
3221,0.650464323
3222,0.736051275
3223,0.769158761
3224,0.995611997
3225,0.588186527
3226,0.739700564
3227,0.962069402
3228,0.887910962
3229,0.50803937
3230,0.907172122
3231,0.528328603
3232,0.543865448
3233,0.551299887
3234,0.533134259
3235,0.944746306
3236,0.600738109
3237,0.798580156
3238,0.713606258
3239,0.779682848
3240,0.769441633
3241,0.52442591
3242,0.979307068
3243,0.71895427
3244,0.721496887
3245,0.776590306
3246,0.68360803
3247,0.866985561
3248,0.86041514
3249,0.66880825
3250,0.918218446
3251,0.91880811
3252,0.882109516
3253,0.844789366
3254,0.603515098
3255,0.892323066
3256,0.716820505
3257,0.763636626
3258,0.911046284
3259,0.96744304
3260,0.648736787
3261,0.743018035
3262,0.803695011
3263,0.54902196
3264,0.618355682
3265,0.660303758
3266,0.572301028
3267,0.52555136
3268,0.671896452
3269,0.751301994
3270,0.985820237
3271,0.634725423
3272,0.886599583
3273,0.934365254
3274,0.640495359
3275,0.714301004
3276,0.747439088
3277,0.533213783
3278,0.728563571
3279,0.911268043
3280,0.840428179
3281,0.834600634
3282,0.708943745
3283,0.767354574
3284,0.551420532
3285,0.900390657
3286,0.70731208
3287,0.827083295
3288,0.653010626
3289,0.638676841
3290,0.82607882
3291,0.595769615
3292,0.978979067
3293,0.907627943
3294,0.913513871
3295,0.991562035
3296,0.692602221
3297,0.914622387
3298,0.857166709
3299,0.812528182
3300,0.533004941
3301,0.559270133
3302,0.880243177
3303,0.626188284
3304,0.54925378
3305,0.716058119
3306,0.982666941
3307,0.733675603
3308,0.618549737
3309,0.889321944
3310,0.914290308
3311,0.86194304
3312,0.595019602
3313,0.820755523
3314,0.524207479
3315,0.925691235
3316,0.873322165
3317,0.579626373
3318,0.889360791
3319,0.933427768
3320,0.735384445
3321,0.972183038
3322,0.901524273
3323,0.649586192
3324,0.958782397
3325,0.914675536
3326,0.982405598
3327,0.806556672
3328,0.61268569
3329,0.95203976
3330,0.979389775
3331,0.997668858
3332,0.851957695
3333,0.935260181
3334,0.926076659
3335,0.986760645
3336,0.9163896
3337,0.64121643
3338,0.890856297
3339,0.867692254
3340,0.636601027
3341,0.628630336
3342,0.551609585
3343,0.707725438
3344,0.721876544
3345,0.547062723
3346,0.810856242
3347,0.634903481
3348,0.869239542
3349,0.712319541
3350,0.765778556
3351,0.729612128
3352,0.65719284
3353,0.705243293
3354,0.535417439
3355,0.989749152
3356,0.521264264
3357,0.514809527
3358,0.686192708
3359,0.971029091
3360,0.717196839
3361,0.570715939
3362,0.785494478
3363,0.50002512
3364,0.629840573
3365,0.646092945
3366,0.88704535
3367,0.640179785
3368,0.660942109
3369,0.713912153
3370,0.947002675
3371,0.704319849
3372,0.935096629
3373,0.814096026
3374,0.94517827
3375,0.661793951
3376,0.6770882
3377,0.517392906
3378,0.949950058
3379,0.738556817
3380,0.621863968
3381,0.868721162
3382,0.747790646
3383,0.830341723
3384,0.823651803
3385,0.869990956
3386,0.821904257
3387,0.508306357
3388,0.918099953
3389,0.517363416
3390,0.757793255
3391,0.703870624
3392,0.549701399
3393,0.952454579
3394,0.745204702
3395,0.664137341
3396,0.796575515
3397,0.62153385
3398,0.88048325
3399,0.743320979
3400,0.849008213
3401,0.774193206
3402,0.516616865
3403,0.520483741
3404,0.711590234
3405,0.842580889
3406,0.966596373
3407,0.639737027
3408,0.91543622
3409,0.710699201
3410,0.83536968
3411,0.959738365
3412,0.87250292
3413,0.764420814
3414,0.64980579
3415,0.768368395
3416,0.678730425
3417,0.596830997
3418,0.540701919
3419,0.522084083
3420,0.74909928
3421,0.806624053
3422,0.677210893
3423,0.87438112
3424,0.628730861
3425,0.915745784
3426,0.67252572
3427,0.694408482
3428,0.955998638
3429,0.625586186
3430,0.687047239
3431,0.601627687
3432,0.778835345
3433,0.725302072
3434,0.579064893
3435,0.955135742
3436,0.879224028
3437,0.692096072
3438,0.539630249
3439,0.880069795
3440,0.829968163
3441,0.811426033
3442,0.923147066
3443,0.975067312
3444,0.801648136
3445,0.798031742
3446,0.794641861
3447,0.864869178
3448,0.605986508
3449,0.876738419
3450,0.589753354
3451,0.858938869
3452,0.883341744
3453,0.849698637
3454,0.789232282
3455,0.842605158
3456,0.539479646
3457,0.790826539
3458,0.723318436
3459,0.946881646
3460,0.85748122
3461,0.805515771
3462,0.821711896
3463,0.651810907
3464,0.741395656
3465,0.52377368
3466,0.903457315
3467,0.688345186
3468,0.528412711
3469,0.680944039
3470,0.541397682
3471,0.625275844
3472,0.76356981
3473,0.53738586
3474,0.75282319
3475,0.839756502
3476,0.772128008
3477,0.616732039
3478,0.934447706
3479,0.754867742
3480,0.587164307
3481,0.840007262
3482,0.96419141
3483,0.570216606
3484,0.958853382
3485,0.780837069
3486,0.936467823
3487,0.745982075
3488,0.949167229
3489,0.519871322
3490,0.581631271
3491,0.823174445
3492,0.65294075
3493,0.79727711
3494,0.510898895
3495,0.847309763
3496,0.815082129
3497,0.945711815
3498,0.749084319
3499,0.953364258
3500,0.674670236
3501,0.702903074
3502,0.909308828
3503,0.985047499
3504,0.952804548
3505,0.885317622
3506,0.724009848
3507,0.596970851
3508,0.575020987
3509,0.62732402
3510,0.937614782
3511,0.59708788
3512,0.84372902
3513,0.771723976
3514,0.736331409
3515,0.891090831
3516,0.856217434
3517,0.675640731
3518,0.972838072
3519,0.706993009
3520,0.830888373
3521,0.986252094
3522,0.885303055
3523,0.515903684
3524,0.527206723
3525,0.717160243
3526,0.666562574
3527,0.957866595
3528,0.685469343
3529,0.503300786
3530,0.953795499
3531,0.618125973
3532,0.505398582
3533,0.656405598
3534,0.79775158
3535,0.652879735
3536,0.995560583
3537,0.926184899
3538,0.891732407
3539,0.944372742
3540,0.633237069
3541,0.662058134
3542,0.771526795
3543,0.681658163
3544,0.669199223
3545,0.657873082
3546,0.889088359
3547,0.608023324
3548,0.913304794
3549,0.961264979
3550,0.67888709
3551,0.671893497
3552,0.806310198
3553,0.661479223
3554,0.625071228
3555,0.555841749
3556,0.804047682
3557,0.621724125
3558,0.736492534
3559,0.64173003
3560,0.599134983
3561,0.953541403
3562,0.737556829
3563,0.819217814
3564,0.926207062
3565,0.73941622
3566,0.725722052
3567,0.644484365
3568,0.947749941
3569,0.645947346
3570,0.518670546
3571,0.989473956
3572,0.974373265
3573,0.815446108
3574,0.811978961
3575,0.949474784
3576,0.670073246
3577,0.657519469
3578,0.806404312
3579,0.902293884
3580,0.769387935
3581,0.537011048
3582,0.972408611
3583,0.931389654
3584,0.637328471
3585,0.822345956
3586,0.657416435
3587,0.603424337
3588,0.563359869
3589,0.552110471
3590,0.94815958
3591,0.884503179
3592,0.993292136
3593,0.797458571
3594,0.828280859
3595,0.525887428
3596,0.652744744
3597,0.828059498
3598,0.924969364
3599,0.654610079
3600,0.722530654
3601,0.587271063
3602,0.768310528
3603,0.674199098
3604,0.727481675
3605,0.641132444
3606,0.50345001
3607,0.878004043
3608,0.809585593
3609,0.562897068
3610,0.732002855
3611,0.977741238
3612,0.890238502
3613,0.887744457
3614,0.640864564
3615,0.590368355
3616,0.586586371
3617,0.752508432
3618,0.558697976
3619,0.991742828
3620,0.816654291
3621,0.793393239
3622,0.606761304
3623,0.639637404
3624,0.835909646
3625,0.810023678
3626,0.8996114
3627,0.956617132
3628,0.816939982
3629,0.923352631
3630,0.820156506
3631,0.69586083
3632,0.863376985
3633,0.676193704
3634,0.713549167
3635,0.810277912
3636,0.8968463
3637,0.952886095
3638,0.769742801
3639,0.765294914
3640,0.9944162
3641,0.797217196
3642,0.573788806
3643,0.78397337
3644,0.929411723
3645,0.960566813
3646,0.869477107
3647,0.745618663
3648,0.827147405
3649,0.698292017
3650,0.851492561
3651,0.917574675
3652,0.587818378
3653,0.541438449
3654,0.563559456
3655,0.508074417
3656,0.734573157
3657,0.709861259
3658,0.676998812
3659,0.760995432
3660,0.517218405
3661,0.579754871
3662,0.506720078
3663,0.775244214
3664,0.975375597
3665,0.664329017
3666,0.804147226
3667,0.844383691
3668,0.543640127
3669,0.815831547
3670,0.5005504
3671,0.540094812
3672,0.982338008
3673,0.897329683
3674,0.834518063
3675,0.512192827
3676,0.656481766
3677,0.515385091
3678,0.691520565
3679,0.744144667
3680,0.911845791
3681,0.692274901
3682,0.764722695
3683,0.857594972
3684,0.97653855
3685,0.686692847
3686,0.970218968
3687,0.60081998
3688,0.54052032
3689,0.618098526
3690,0.657684295
3691,0.633459726
3692,0.798548346
3693,0.537278943
3694,0.722847096
3695,0.766439818
3696,0.944528838
3697,0.927672586
3698,0.565833629
3699,0.932522469
3700,0.596471309
3701,0.505798686
3702,0.843065946
3703,0.886380066
3704,0.534020678
3705,0.629918722
3706,0.537644524
3707,0.86087318
3708,0.555759005
3709,0.522603098
3710,0.771862283
3711,0.920529226
3712,0.964584498
3713,0.626527612
3714,0.509555852
3715,0.551475423
3716,0.864215091
3717,0.562689946
3718,0.870898351
3719,0.78549611
3720,0.950031076
3721,0.940826804
3722,0.847187184
3723,0.743854382
3724,0.811844134
3725,0.747194786
3726,0.943899182
3727,0.696520881
3728,0.6110916
3729,0.902170948
3730,0.990686417
3731,0.935722441
3732,0.707809995
3733,0.962360813
3734,0.646018027
3735,0.816997851
3736,0.651680868
3737,0.787459962
3738,0.554519225
3739,0.668571462
3740,0.741878745
3741,0.676705802
3742,0.888859341
3743,0.925867384
3744,0.908749585
3745,0.586687378
3746,0.672179004
3747,0.676452025
3748,0.700232625
3749,0.812820264
3750,0.923129803
3751,0.529870905
3752,0.747962845
3753,0.744395478
3754,0.685821708
3755,0.718020431
3756,0.672883621
3757,0.827974642
3758,0.722017507
3759,0.8630402
3760,0.885311231
3761,0.566020541
3762,0.599371079
3763,0.871231462
3764,0.599048178
3765,0.892223736
3766,0.802321726
3767,0.806557046
3768,0.817158877
3769,0.649809043
3770,0.842991339
3771,0.594692424
3772,0.5910999
3773,0.893195044
3774,0.641367517
3775,0.754006725
3776,0.566517967
3777,0.57464111
3778,0.808489243
3779,0.8443442
3780,0.576698171
3781,0.780565442
3782,0.768759552
3783,0.591426437
3784,0.871226512
3785,0.671426397
3786,0.520301682
3787,0.682630754
3788,0.664346419
3789,0.642299796
3790,0.946560606
3791,0.707572924
3792,0.747230214
3793,0.634547539
3794,0.97667807
3795,0.855463143
3796,0.91936949
3797,0.897790942
3798,0.950058722
3799,0.939674994
3800,0.641771986
3801,0.650704711
3802,0.826371066
3803,0.952219935
3804,0.748786298
3805,0.533009869
3806,0.647317199
3807,0.582234712
3808,0.765482343
3809,0.943743291
3810,0.622164369
3811,0.745691354
3812,0.655348166
3813,0.738454986
3814,0.87929125
3815,0.838292604
3816,0.926018228
3817,0.803460891
3818,0.638217953
3819,0.698117048
3820,0.838822473
3821,0.882430443
3822,0.612322357
3823,0.956690144
3824,0.500035095
3825,0.770469073
3826,0.847192326
3827,0.981688389
3828,0.608027378
3829,0.570356997
3830,0.928285769
3831,0.867263389
3832,0.977587265
3833,0.914506739
3834,0.73111039
3835,0.505675285
3836,0.609185906
3837,0.949981511
3838,0.692772711
3839,0.888141661
3840,0.954506278
3841,0.681707977
3842,0.8232634
3843,0.767604074
3844,0.517326387
3845,0.857614931
3846,0.700748116
3847,0.564893597
3848,0.716912726
3849,0.88091025
3850,0.910037058
3851,0.502350814
3852,0.704468881
3853,0.972466331
3854,0.994752479
3855,0.947013159
3856,0.714981846
3857,0.636048877
3858,0.760095468
3859,0.504818348
3860,0.52493881
3861,0.561693914
3862,0.633096461
3863,0.78034394
3864,0.814970025
3865,0.847916047
3866,0.61996072
3867,0.794143305
3868,0.531326364
3869,0.508792052
3870,0.624969023
3871,0.64424468
3872,0.825555545
3873,0.617034239
3874,0.61451669
3875,0.739034821
3876,0.885397933
3877,0.799068876
3878,0.776208839
3879,0.922611037
3880,0.853752862
3881,0.685357978
3882,0.637548227
3883,0.727866872
3884,0.703892139
3885,0.865372927
3886,0.737158877
3887,0.592984865
3888,0.659209325
3889,0.546164757
3890,0.997961882
3891,0.937060551
3892,0.762558366
3893,0.965081986
3894,0.542408305
3895,0.665252195
3896,0.520682386
3897,0.858002745
3898,0.714579846
3899,0.604970141
3900,0.744426868
3901,0.733068972
3902,0.981055711
3903,0.61166789
3904,0.992637378
3905,0.9358991
3906,0.863356352
3907,0.798711361
3908,0.942642432
3909,0.511509336
3910,0.708983309
3911,0.891831358
3912,0.639590255
3913,0.832728459
3914,0.855310463
3915,0.636465635
3916,0.949967085
3917,0.973312826
3918,0.796754633
3919,0.80133836
3920,0.940752966
3921,0.552381613
3922,0.801140496
3923,0.657498317
3924,0.593528954
3925,0.626940038
3926,0.820537334
3927,0.711918745
3928,0.535733215
3929,0.756262813
3930,0.977628514
3931,0.515586743
3932,0.938402353
3933,0.84482429
3934,0.759671582
3935,0.844142389
3936,0.952745239
3937,0.529484499
3938,0.972354082
3939,0.991229637
3940,0.800863668
3941,0.737692585
3942,0.548504996
3943,0.552085631
3944,0.973361475
3945,0.760189018
3946,0.550565856
3947,0.893736957
3948,0.670531123
3949,0.525813184
3950,0.740469275
3951,0.826386463
3952,0.601531188
3953,0.820282914
3954,0.773889134
3955,0.519030485
3956,0.615130272
3957,0.765928574
3958,0.739860499
3959,0.744629944
3960,0.535741534
3961,0.912379335
3962,0.869246014
3963,0.583038579
3964,0.837986269
3965,0.77178402
3966,0.900061301
3967,0.659602423
3968,0.596408473
3969,0.800082258
3970,0.511860008
3971,0.634862162
3972,0.739679445
3973,0.99156101
3974,0.583832408
3975,0.88571748
3976,0.907054042
3977,0.746002268
3978,0.742265933
3979,0.793148211
3980,0.979379597
3981,0.914184901
3982,0.827751807
3983,0.965325612
3984,0.871330228
3985,0.829766972
3986,0.72885387
3987,0.766853202
3988,0.889000214
3989,0.884931904
3990,0.700735031
3991,0.851475308
3992,0.788676146
3993,0.881353809
3994,0.864193599
3995,0.861994131
3996,0.807386285
3997,0.783189821
3998,0.50671201
3999,0.947868486
4000,0.883100177
4001,0.759456134
4002,0.773251003
4003,0.586196406
4004,0.646587829
4005,0.557064328
4006,0.502797608
4007,0.628806998
4008,0.514220862
4009,0.773492905
4010,0.644168546
4011,0.758715093
4012,0.620193396
4013,0.612504581
4014,0.601608185
4015,0.780042124
4016,0.846999011
4017,0.869935968
4018,0.559330205
4019,0.933706749
4020,0.973758751
4021,0.615768654
4022,0.725485832
4023,0.870746473
4024,0.696894423
4025,0.6520304
4026,0.930767191
4027,0.949110195
4028,0.681085685
4029,0.955102782
4030,0.803386296
4031,0.984251045
4032,0.874892327
4033,0.70040681
4034,0.882688619
4035,0.572125553
4036,0.52325029
4037,0.834915053
4038,0.928119041
4039,0.60360688
4040,0.979351426
4041,0.675056799
4042,0.648866631
4043,0.777196253
4044,0.822238982
4045,0.563504379
4046,0.788795682
4047,0.598097189
4048,0.514561292
4049,0.692847531
4050,0.692364314
4051,0.879731236
4052,0.721485164
4053,0.604374053
4054,0.641409142
4055,0.631181682
4056,0.934356517
4057,0.517585446
4058,0.592615497
4059,0.546630154
4060,0.717968284
4061,0.684483347
4062,0.531255625
4063,0.83067321
4064,0.607915109
4065,0.722582375
4066,0.627893302
4067,0.531248371
4068,0.5238482
4069,0.646920243
4070,0.925870037
4071,0.695892559
4072,0.932096895
4073,0.80725455
4074,0.691722431
4075,0.510426651
4076,0.799873549
4077,0.541063389
4078,0.708370078
4079,0.568557735
4080,0.761970114
4081,0.610758334
4082,0.741584369
4083,0.620007637
4084,0.503480813
4085,0.68735355
4086,0.703756606
4087,0.975858491
4088,0.525389747
4089,0.629493965
4090,0.986447345
4091,0.777601823
4092,0.798518799
4093,0.834407617
4094,0.586567283
4095,0.726316707
4096,0.691589178
4097,0.722205167
4098,0.575663249
4099,0.625062903
4100,0.52786216
4101,0.538319658
4102,0.738715742
4103,0.635371939
4104,0.836199015
4105,0.927015462
4106,0.978624238
4107,0.832211977
4108,0.578837002
4109,0.621220209
4110,0.765853766
4111,0.641730842
4112,0.64820467
4113,0.72048289
4114,0.583192126
4115,0.693715563
4116,0.923613383
4117,0.813842597
4118,0.809212294
4119,0.931775281
4120,0.634770228
4121,0.607196663
4122,0.845917954
4123,0.781282503
4124,0.671075082
4125,0.68075428
4126,0.953320156
4127,0.832161915
4128,0.763077302
4129,0.847789688
4130,0.815933114
4131,0.653543987
4132,0.585937382
4133,0.766406539
4134,0.743290607
4135,0.893594893
4136,0.81456339
4137,0.835169119
4138,0.72536623
4139,0.906993813
4140,0.637784942
4141,0.905016231
4142,0.517090065
4143,0.773070293
4144,0.652327334
4145,0.728931903
4146,0.906716802
4147,0.787248974
4148,0.925268137
4149,0.752459999
4150,0.812345511
4151,0.726401756
4152,0.73874081
4153,0.5351546
4154,0.84682675
4155,0.990753039
4156,0.920240896
4157,0.546366906
4158,0.882326432
4159,0.702730506
4160,0.591257138
4161,0.508878232
4162,0.8704232
4163,0.553832169
4164,0.712248412
4165,0.982164226
4166,0.590921161
4167,0.83818875
4168,0.696898916
4169,0.559137152
4170,0.719183837
4171,0.706034881
4172,0.94220806
4173,0.64858996
4174,0.572670849
4175,0.840191738
4176,0.891993801
4177,0.600984302
4178,0.668593064
4179,0.616736673
4180,0.526272132
4181,0.761464801
4182,0.833552301
4183,0.926861469
4184,0.83216196
4185,0.5469084
4186,0.612813477
4187,0.610069996
4188,0.735265361
4189,0.517883398
4190,0.535898584
4191,0.932040278
4192,0.947762771
4193,0.71283913
4194,0.949795675
4195,0.867952979
4196,0.859278733
4197,0.570868845
4198,0.593471719
4199,0.994588408
4200,0.509273222
4201,0.781018623
4202,0.977606161
4203,0.617440865
4204,0.839057118
4205,0.818822491
4206,0.606205703
4207,0.55742188
4208,0.537358559
4209,0.864943736
4210,0.524021049
4211,0.99784295
4212,0.52548866
4213,0.587662018
4214,0.971797134
4215,0.773969181
4216,0.773488471
4217,0.84642418
4218,0.540740309
4219,0.796114048
4220,0.965016155
4221,0.529071516
4222,0.698652814
4223,0.871436966
4224,0.837844157
4225,0.817954348
4226,0.830600492
4227,0.747083928
4228,0.782452118
4229,0.769237108
4230,0.562617578
4231,0.765021751
4232,0.985101824
4233,0.662048895
4234,0.705834625
4235,0.967114638
4236,0.853106257
4237,0.87102931
4238,0.804962838
4239,0.674786797
4240,0.78382762
4241,0.979037661
4242,0.772233885
4243,0.722606221
4244,0.977886696
4245,0.510342052
4246,0.634357809
4247,0.904869586
4248,0.906785933
4249,0.669844078
4250,0.502290946
4251,0.789614456
4252,0.570440843
4253,0.736228631
4254,0.583741677
4255,0.939971925
4256,0.678123436
4257,0.515635927
4258,0.678467647
4259,0.696385769
4260,0.527382656
4261,0.538420098
4262,0.736477682
4263,0.555587928
4264,0.613685064
4265,0.916781189
4266,0.754295338
4267,0.700692391
4268,0.579022858
4269,0.612798375
4270,0.974439892
4271,0.737081552
4272,0.714352101
4273,0.61900329
4274,0.734325218
4275,0.798105062
4276,0.693778293
4277,0.847274275
4278,0.622458981
4279,0.595169576
4280,0.838162862
4281,0.817836767
4282,0.982507349
4283,0.94220161
4284,0.962242601
4285,0.700629854
4286,0.522287908
4287,0.719714817
4288,0.977016899
4289,0.512972958
4290,0.680878152
4291,0.583236166
4292,0.683631578
4293,0.778543784
4294,0.721387519
4295,0.638682118
4296,0.576134077
4297,0.945200502
4298,0.59401986
4299,0.735720652
4300,0.930946081
4301,0.83551829
4302,0.920154636
4303,0.949863018
4304,0.508738527
4305,0.959568702
4306,0.526832159
4307,0.975185755
4308,0.715354253
4309,0.794114527
4310,0.631217966
4311,0.711737158
4312,0.914344069
4313,0.825770246
4314,0.784240576
4315,0.785339807
4316,0.50936953
4317,0.909993409
4318,0.868600469
4319,0.669569171
4320,0.533153136
4321,0.902348066
4322,0.621573437
4323,0.779549512
4324,0.552787837
4325,0.683480072
4326,0.51149273
4327,0.736479403
4328,0.745635926
4329,0.694972522
4330,0.564208686
4331,0.621738728
4332,0.669896524
4333,0.932634264
4334,0.941513674
4335,0.591900594
4336,0.559791449
4337,0.642767351
4338,0.587708775
4339,0.803702396
4340,0.930809293
4341,0.939996474
4342,0.845604945
4343,0.533427701
4344,0.914934756
4345,0.779992172
4346,0.890706653
4347,0.57144946
4348,0.540398731
4349,0.60486337
4350,0.502776911
4351,0.749881119
4352,0.99361849
4353,0.683768651
4354,0.934385979
4355,0.837673192
4356,0.884637281
4357,0.930190251
4358,0.564814771
4359,0.635008213
4360,0.625478496
4361,0.637044425
4362,0.618782395
4363,0.586730187
4364,0.727597973
4365,0.603904166
4366,0.647721245
4367,0.956069085
4368,0.588079446
4369,0.656321858
4370,0.948676761
4371,0.829104303
4372,0.595862846
4373,0.544452786
4374,0.627004726
4375,0.768316201
4376,0.575957004
4377,0.823794006
4378,0.683705049
4379,0.507426172
4380,0.526359768
4381,0.732835996
4382,0.941775386
4383,0.985556077
4384,0.982379016
4385,0.985468219
4386,0.997139736
4387,0.996594685
4388,0.785140011
4389,0.8627728
4390,0.958098835
4391,0.677797361
4392,0.701676089
4393,0.726993615
4394,0.719893424
4395,0.865497482
4396,0.604437489
4397,0.826289858
4398,0.63064346
4399,0.517002817
4400,0.681994149
4401,0.837905538
4402,0.509838572
4403,0.9054995
4404,0.756851705
4405,0.854041836
4406,0.567754355
4407,0.927921913
4408,0.831535263
4409,0.885858728
4410,0.903172882
4411,0.83661685
4412,0.724903981
4413,0.697076117
4414,0.612075396
4415,0.70466807
4416,0.523700363
4417,0.911882946
4418,0.596974252
4419,0.888882493
4420,0.983063647
4421,0.558361542
4422,0.795676106
4423,0.72133186
4424,0.932387956
4425,0.958970647
4426,0.962847658
4427,0.873724645
4428,0.631087125
4429,0.850537623
4430,0.598117816
4431,0.621901018
4432,0.877184983
4433,0.728125368
4434,0.912493373
4435,0.539660598
4436,0.503351055
4437,0.527256716
4438,0.815565915
4439,0.880182334
4440,0.786310883
4441,0.916453189
4442,0.858836241
4443,0.850865939
4444,0.993472938
4445,0.888172801
4446,0.75789544
4447,0.763115692
4448,0.657193119
4449,0.999945926
4450,0.542386266
4451,0.83675631
4452,0.514753992
4453,0.798014005
4454,0.804055899
4455,0.706783945
4456,0.784601643
4457,0.721379395
4458,0.523109165
4459,0.9415661
4460,0.936018221
4461,0.839611817
4462,0.703955703
4463,0.87003462
4464,0.795521536
4465,0.658982441
4466,0.982021391
4467,0.573550678
4468,0.815966479
4469,0.761076031
4470,0.810088292
4471,0.614495764
4472,0.81332121
4473,0.548477322
4474,0.850914357
4475,0.73823162
4476,0.800232644
4477,0.935166545
4478,0.624568144
4479,0.748516705
4480,0.73827274
4481,0.744941375
4482,0.682494699
4483,0.703734946
4484,0.723394988
4485,0.585185694
4486,0.567656139
4487,0.710791289
4488,0.575618747
4489,0.838647801
4490,0.800307235
4491,0.714496181
4492,0.759494618
4493,0.741761798
4494,0.923585253
4495,0.729913399
4496,0.905047222
4497,0.519351531
4498,0.64136526
4499,0.789439757
4500,0.506842832
4501,0.829291955
4502,0.528902389
4503,0.777689503
4504,0.556596904
4505,0.533002712
4506,0.861107517
4507,0.693805062
4508,0.510300493
4509,0.760402802
4510,0.508738438
4511,0.690257059
4512,0.88726711
4513,0.869091315
4514,0.822535336
4515,0.704618167
4516,0.97250147
4517,0.921500931
4518,0.647619507
4519,0.863579921
4520,0.837355248
4521,0.971084616
4522,0.832579703
4523,0.894310738
4524,0.809598124
4525,0.93756928
4526,0.860779232
4527,0.784369236
4528,0.799124591
4529,0.614455879
4530,0.554219652
4531,0.761757581
4532,0.710790291
4533,0.637275916
4534,0.522120013
4535,0.622490441
4536,0.574261698
4537,0.8220788
4538,0.870412619
4539,0.618998208
4540,0.928805957
4541,0.822143038
4542,0.962711105
4543,0.865000307
4544,0.894239848
4545,0.905956956
4546,0.992246614
4547,0.512645378
4548,0.881312622
4549,0.893863746
4550,0.815351242
4551,0.803145151
4552,0.958369954
4553,0.735358691
4554,0.79182404
4555,0.654038326
4556,0.733325502
4557,0.575687248
4558,0.691112675
4559,0.984991908
4560,0.782450736
4561,0.513841382
4562,0.906993096
4563,0.840561163
4564,0.985163632
4565,0.760929585
4566,0.736379506
4567,0.669536755
4568,0.956815269
4569,0.755415633
4570,0.77519368
4571,0.58098553
4572,0.500119681
4573,0.658183958
4574,0.977297117
4575,0.750174701
4576,0.652246129
4577,0.79048232
4578,0.784703957
4579,0.906295082
4580,0.915092159
4581,0.894005036
4582,0.699114324
4583,0.919020566
4584,0.89599029
4585,0.838163632
4586,0.633605864
4587,0.576210447
4588,0.590056084
4589,0.950329913
4590,0.545434
4591,0.505361056
4592,0.50507009
4593,0.876423298
4594,0.66609779
4595,0.970789955
4596,0.806077359
4597,0.644888335
4598,0.890867801
4599,0.895317572
4600,0.644614629
4601,0.525398498
4602,0.618381027
4603,0.954727367
4604,0.523957912
4605,0.887567293
4606,0.547154287
4607,0.613814641
4608,0.712189887
4609,0.548141971
4610,0.619261383
4611,0.601393078
4612,0.722243963
4613,0.913417563
4614,0.512414696
4615,0.748507254
4616,0.740689963
4617,0.556780362
4618,0.871412732
4619,0.95300502
4620,0.928709497
4621,0.645796049
4622,0.74260177
4623,0.754394705
4624,0.890698165
4625,0.963588475
4626,0.612238425
4627,0.589592295
4628,0.924655007
4629,0.785682803
4630,0.516246235
4631,0.768632817
4632,0.601586425
4633,0.830013531
4634,0.547103907
4635,0.555049677
4636,0.839309511
4637,0.864999278
4638,0.711702455
4639,0.501414214
4640,0.548843556
4641,0.844648695
4642,0.838004917
4643,0.882048215
4644,0.625490138
4645,0.846435684
4646,0.692407906
4647,0.554396796
4648,0.659097434
4649,0.558922571
4650,0.501033591
4651,0.941344404
4652,0.773005129
4653,0.656973222
4654,0.73652253
4655,0.942987583
4656,0.521617489
4657,0.551532471
4658,0.525517572
4659,0.803399798
4660,0.947645364
4661,0.877901209
4662,0.712472482
4663,0.762646592
4664,0.945826615
4665,0.894736786
4666,0.564312693
4667,0.701119012
4668,0.755326835
4669,0.978446045
4670,0.586660876
4671,0.793913112
4672,0.694589995
4673,0.909319842
4674,0.674064882
4675,0.772500781
4676,0.740871323
4677,0.76919119
4678,0.694928599
4679,0.654929433
4680,0.542149363
4681,0.936707885
4682,0.651545644
4683,0.983067659
4684,0.591437725
4685,0.971567123
4686,0.799012156
4687,0.510890453
4688,0.599099245
4689,0.810582868
4690,0.621476945
4691,0.645340524
4692,0.51080437
4693,0.59602327
4694,0.655784905
4695,0.744835029
4696,0.999709443
4697,0.550717432
4698,0.622870244
4699,0.753672476
4700,0.839931791
4701,0.844991939
4702,0.744320803
4703,0.921347221
4704,0.725242263
4705,0.517267292
4706,0.685078672
4707,0.727292385
4708,0.717519047
4709,0.997151785
4710,0.941532612
4711,0.761503612
4712,0.747638366
4713,0.964087256
4714,0.622192388
4715,0.869564018
4716,0.735986076
4717,0.611200172
4718,0.864653139
4719,0.859877347
4720,0.916088104
4721,0.539872506
4722,0.627475456
4723,0.833956376
4724,0.638057372
4725,0.788574591
4726,0.861857491
4727,0.600892468
4728,0.712330038
4729,0.63862049
4730,0.829373275
4731,0.789155002
4732,0.651615657
4733,0.822865278
4734,0.510666116
4735,0.719442365
4736,0.800576357
4737,0.596395919
4738,0.832264388
4739,0.674160892
4740,0.546980519
4741,0.522966763
4742,0.648631378
4743,0.687037413
4744,0.917158129
4745,0.751501977
4746,0.999657779
4747,0.761995089
4748,0.77606913
4749,0.548634838
4750,0.544812517
4751,0.677164214
4752,0.671503577
4753,0.669501892
4754,0.51071048
4755,0.800720574
4756,0.581303284
4757,0.651787637
4758,0.512331866
4759,0.543567322
4760,0.808088956
4761,0.742749272
4762,0.865332961
4763,0.663071391
4764,0.889645946
4765,0.824856148
4766,0.928833206
4767,0.709028744
4768,0.68309478
4769,0.595518838
4770,0.827192547
4771,0.787766155
4772,0.579672238
4773,0.566181595
4774,0.77745444
4775,0.998543904
4776,0.989392471
4777,0.72139372
4778,0.599229683
4779,0.797649128
4780,0.560308062
4781,0.921738992
4782,0.895792352
4783,0.983287426
4784,0.605839211
4785,0.799615026
4786,0.841712022
4787,0.844210427
4788,0.843318431
4789,0.824945273
4790,0.567473301
4791,0.877744561
4792,0.761049302
4793,0.930598171
4794,0.633262911
4795,0.713172182
4796,0.791467647
4797,0.785814321
4798,0.84520353
4799,0.764782284
4800,0.73614175
4801,0.768063825
4802,0.860614197
4803,0.946538644
4804,0.778807958
4805,0.834132072
4806,0.648163324
4807,0.818060212
4808,0.924311042
4809,0.846376172
4810,0.856157344
4811,0.659179571
4812,0.903250851
4813,0.973985611
4814,0.801167363
4815,0.64293374
4816,0.831158228
4817,0.791100365
4818,0.581771568
4819,0.770861714
4820,0.632978594
4821,0.594108178
4822,0.955031936
4823,0.914242086
4824,0.632624005
4825,0.572309246
4826,0.649420331
4827,0.697578883
4828,0.863398006
4829,0.550328349
4830,0.589090916
4831,0.985068622
4832,0.903062705
4833,0.784531632
4834,0.603934982
4835,0.938263844
4836,0.539466322
4837,0.525587773
4838,0.649663859
4839,0.809884046
4840,0.677740851
4841,0.789131777
4842,0.978574541
4843,0.709738346
4844,0.769913261
4845,0.980992383
4846,0.546845155
4847,0.892337051
4848,0.527207689
4849,0.836642792
4850,0.801757829
4851,0.772178425
4852,0.971565008
4853,0.627303945
4854,0.838986209
4855,0.799936817
4856,0.855300542
4857,0.587330424
4858,0.99236196
4859,0.956138452
4860,0.553702983
4861,0.898438246
4862,0.613775722
4863,0.737858772
4864,0.589115686
4865,0.540404829
4866,0.558269551
4867,0.973369005
4868,0.937131248
4869,0.633793272
4870,0.651512692
4871,0.978962004
4872,0.753395875
4873,0.963109393
4874,0.628492809
4875,0.541979475
4876,0.930532158
4877,0.515637266
4878,0.679398865
4879,0.680917849
4880,0.714510585
4881,0.841062032
4882,0.812655866
4883,0.705600976
4884,0.696267726
4885,0.834181552
4886,0.694007633
4887,0.965435189
4888,0.863991763
4889,0.858040554
4890,0.689451857
4891,0.639955429
4892,0.766491012
4893,0.613797724
4894,0.778162411
4895,0.844532064
4896,0.919182302
4897,0.908894793
4898,0.617233722
4899,0.756134114
4900,0.610065212
4901,0.852981263
4902,0.951961876
4903,0.899440759
4904,0.578312117
4905,0.619693742
4906,0.580386347
4907,0.510062974
4908,0.640363259
4909,0.552545526
4910,0.600140794
4911,0.717784354
4912,0.904383853
4913,0.973346443
4914,0.519653892
4915,0.919838532
4916,0.684029107
4917,0.743443168
4918,0.615382478
4919,0.767085985
4920,0.79111455
4921,0.92920703
4922,0.789429456
4923,0.688611586
4924,0.997612827
4925,0.565142247
4926,0.571192803
4927,0.983944996
4928,0.902212914
4929,0.934431851
4930,0.842236182
4931,0.755467591
4932,0.595000935
4933,0.944644935
4934,0.817070186
4935,0.993132728
4936,0.676554596
4937,0.952857066
4938,0.981046533
4939,0.55777826
4940,0.942009833
4941,0.939176982
4942,0.682646448
4943,0.786449568
4944,0.696980066
4945,0.760534736
4946,0.686659078
4947,0.769713093
4948,0.649805839
4949,0.988406971
4950,0.609292129
4951,0.610035405
4952,0.784973739
4953,0.823200139
4954,0.883473315
4955,0.871779272
4956,0.610902844
4957,0.548504127
4958,0.603234652
4959,0.617541578
4960,0.668434839
4961,0.51750612
4962,0.800392251
4963,0.711694858
4964,0.887889488
4965,0.806329193
4966,0.778766624
4967,0.945956618
4968,0.544137343
4969,0.680787265
4970,0.901955906
4971,0.917412836
4972,0.996825121
4973,0.867656299
4974,0.88526156
4975,0.788992061
4976,0.780761818
4977,0.869177152
4978,0.745409898
4979,0.748436422
4980,0.512728632
4981,0.987696938
4982,0.81925193
4983,0.663325442
4984,0.905348554
4985,0.981799639
4986,0.544212559
4987,0.594713849
4988,0.897110209
4989,0.611781803
4990,0.744074534
4991,0.651536474
4992,0.749685229
4993,0.671541912
4994,0.827463725
4995,0.735788258
4996,0.926388162
4997,0.587348126
4998,0.657013369
4999,0.698034953
5000,0.820482081
5001,0.689259091
5002,0.845593569
5003,0.682091382
5004,0.582242411
5005,0.747752833
5006,0.53660537
5007,0.824107168
5008,0.50826892
5009,0.897310501
5010,0.551332955
5011,0.940571074
5012,0.58526762
5013,0.824451554
5014,0.767212563
5015,0.911877262
5016,0.776364919
5017,0.706704121
5018,0.660046757
5019,0.767030878
5020,0.61475713
5021,0.817057222
5022,0.708224507
5023,0.810721524
5024,0.793744388
5025,0.617126508
5026,0.963299345
5027,0.822823484
5028,0.902899944
5029,0.82966956
5030,0.605224678
5031,0.587762523
5032,0.979491943
5033,0.992307721
5034,0.951522485
5035,0.973599939
5036,0.599539836
5037,0.957271518
5038,0.859999542
5039,0.733072044
5040,0.67012011
5041,0.839055774
5042,0.877263458
5043,0.945408699
5044,0.761923184
5045,0.617899285
5046,0.639714779
5047,0.779349733
5048,0.948100702
5049,0.581290881
5050,0.597265691
5051,0.519103741
5052,0.502239019
5053,0.635439757
5054,0.961144691
5055,0.779955557
5056,0.522932748
5057,0.817816552
5058,0.705319478
5059,0.967849158
5060,0.728324997
5061,0.990087709
5062,0.873984796
5063,0.507685413
5064,0.767469899
5065,0.725844518
5066,0.758626719
5067,0.573718911
5068,0.622573037
5069,0.768074298
5070,0.738690313
5071,0.752350555
5072,0.642971023
5073,0.942032631
5074,0.770231408
5075,0.512114171
5076,0.574255644
5077,0.97182836
5078,0.838361
5079,0.673313536
5080,0.6400156
5081,0.885767713
5082,0.879813938
5083,0.96970595
5084,0.709526901
5085,0.745902876
5086,0.722949454
5087,0.885407308
5088,0.815537744
5089,0.792916185
5090,0.852207288
5091,0.754910123
5092,0.568778072
5093,0.994419891
5094,0.588530038
5095,0.845796877
5096,0.572812236
5097,0.873202069
5098,0.640380165
5099,0.545977384
5100,0.717076469
5101,0.579731933
5102,0.559271811
5103,0.508990608
5104,0.686654305
5105,0.851471073
5106,0.780893949
5107,0.871569191
5108,0.696736223
5109,0.527646989
5110,0.726894264
5111,0.610388522
5112,0.695165662
5113,0.909219934
5114,0.688216439
5115,0.747789237
5116,0.941283325
5117,0.886530217
5118,0.806074275
5119,0.644728335
5120,0.525346043
5121,0.944106
5122,0.86614415
5123,0.99434615
5124,0.742341264
5125,0.748020327
5126,0.535009872
5127,0.67215345
5128,0.654683239
5129,0.780437938
5130,0.72579112
5131,0.820748385
5132,0.657300757
5133,0.919731365
5134,0.801319183
5135,0.555229302
5136,0.922692757
5137,0.595966177
5138,0.626150795
5139,0.632637463
5140,0.623158417
5141,0.844362992
5142,0.978003181
5143,0.995066165
5144,0.532815187
5145,0.919710828
5146,0.86906583
5147,0.501756205
5148,0.570102611
5149,0.550502168
5150,0.65591819
5151,0.555153265
5152,0.725133505
5153,0.551575701
5154,0.94294963
5155,0.78730425
5156,0.911475424
5157,0.918808304
5158,0.601225114
5159,0.990753092
5160,0.854772441
5161,0.811956132
5162,0.551811746
5163,0.78375414
5164,0.560308981
5165,0.815086884
5166,0.768259326
5167,0.997902207
5168,0.537239961
5169,0.959112001
5170,0.925933605
5171,0.587739768
5172,0.86381554
5173,0.829463015
5174,0.746626388
5175,0.569199872
5176,0.961297056
5177,0.526225901
5178,0.855839295
5179,0.913988691
5180,0.94565079
5181,0.853564
5182,0.546043293
5183,0.871308129
5184,0.65384849
5185,0.525560843
5186,0.961591104
5187,0.849630893
5188,0.81283009
5189,0.606941682
5190,0.789254796
5191,0.95501221
5192,0.946030107
5193,0.601144696
5194,0.742869538
5195,0.976832187
5196,0.95650594
5197,0.945604649
5198,0.714329573
5199,0.626085357
5200,0.777109253
5201,0.858886392
5202,0.726997012
5203,0.973525093
5204,0.74666375
5205,0.5788553
5206,0.58058818
5207,0.675119264
5208,0.756379491
5209,0.935083352
5210,0.735706476
5211,0.605622872
5212,0.68055867
5213,0.778655663
5214,0.746760232
5215,0.679468201
5216,0.529992891
5217,0.640968286
5218,0.542570972
5219,0.658169816
5220,0.835498896
5221,0.832845145
5222,0.697479014
5223,0.764727897
5224,0.94615302
5225,0.604103525
5226,0.760732963
5227,0.666700661
5228,0.514293585
5229,0.849922418
5230,0.86216441
5231,0.751761569
5232,0.920559178
5233,0.812585821
5234,0.681485502
5235,0.786709182
5236,0.581479524
5237,0.526118931
5238,0.940258848
5239,0.665454367
5240,0.859243363
5241,0.862323143
5242,0.663793268
5243,0.85805203
5244,0.569176365
5245,0.867110525
5246,0.767991372
5247,0.50364177
5248,0.803784027
5249,0.782657976
5250,0.62090376
5251,0.99987205
5252,0.501759905
5253,0.828749836
5254,0.985011765
5255,0.862187764
5256,0.817968304
5257,0.50482166
5258,0.687479637
5259,0.600580362
5260,0.781450596
5261,0.801350665
5262,0.728875103
5263,0.888909728
5264,0.626668152
5265,0.979955097
5266,0.977985705
5267,0.844390923
5268,0.801307226
5269,0.741166098
5270,0.542588195
5271,0.593151245
5272,0.912480861
5273,0.760469233
5274,0.968485246
5275,0.848984977
5276,0.684582889
5277,0.583721222
5278,0.978217812
5279,0.712612214
5280,0.995692218
5281,0.539656426
5282,0.717954438
5283,0.760652148
5284,0.684050263
5285,0.513411452
5286,0.927372932
5287,0.576741471
5288,0.79250294
5289,0.75287491
5290,0.689851499
5291,0.56469425
5292,0.88143181
5293,0.617397428
5294,0.512926236
5295,0.79221398
5296,0.828999887
5297,0.748438441
5298,0.606373509
5299,0.967495957
5300,0.915019206
5301,0.754392537
5302,0.733268965
5303,0.819222741
5304,0.998777202
5305,0.964247097
5306,0.670255242
5307,0.967902101
5308,0.824055539
5309,0.674462198
5310,0.58932512
5311,0.745523044
5312,0.580770984
5313,0.555001383
5314,0.702125222
5315,0.643337088
5316,0.643910473
5317,0.997222227
5318,0.899664227
5319,0.806176338
5320,0.982530813
5321,0.860287379
5322,0.838386611
5323,0.881396986
5324,0.910589975
5325,0.636484042
5326,0.911112095
5327,0.552956383
5328,0.993633015
5329,0.570698335
5330,0.951928368
5331,0.942368433
5332,0.747352855
5333,0.635704299
5334,0.782250962
5335,0.803460091
5336,0.509563068
5337,0.633696071
5338,0.807711546
5339,0.68034335
5340,0.685417877
5341,0.667839591
5342,0.738560797
5343,0.934291516
5344,0.72648964
5345,0.73135684
5346,0.562674162
5347,0.92804474
5348,0.82032777
5349,0.817185769
5350,0.774875176
5351,0.59256082
5352,0.805071143
5353,0.794273425
5354,0.77323201
5355,0.564166969
5356,0.746473571
5357,0.854507958
5358,0.51360174
5359,0.87037506
5360,0.732192822
5361,0.843960044
5362,0.623232827
5363,0.506054102
5364,0.873242111
5365,0.625440676
5366,0.613609698
5367,0.824436154
5368,0.898588399
5369,0.737716607
5370,0.587114265
5371,0.764605045
5372,0.884634001
5373,0.785551744
5374,0.853951996
5375,0.598683204
5376,0.731139681
5377,0.664156583
5378,0.611790425
5379,0.742438455
5380,0.823535699
5381,0.69066707
5382,0.692171181
5383,0.735708134
5384,0.883185325
5385,0.727906021
5386,0.763651079
5387,0.563439717
5388,0.579805806
5389,0.899328414
5390,0.750619018
5391,0.925061083
5392,0.922652734
5393,0.731746354
5394,0.600671192
5395,0.920613996
5396,0.938677489
5397,0.867728361
5398,0.913144361
5399,0.767333536
5400,0.837082694
5401,0.973267997
5402,0.898081664
5403,0.656717001
5404,0.877154291
5405,0.926533285
5406,0.606574
5407,0.573410064
5408,0.506976269
5409,0.92052402
5410,0.848014891
5411,0.597031486
5412,0.807626355
5413,0.988598882
5414,0.720713759
5415,0.518947371
5416,0.984837613
5417,0.638544529
5418,0.558625161
5419,0.872413839
5420,0.539692653
5421,0.589224379
5422,0.537245961
5423,0.623441529
5424,0.996797614
5425,0.723886272
5426,0.696234102
5427,0.670158967
5428,0.675355099
5429,0.679589292
5430,0.56479136
5431,0.918264127
5432,0.860251261
5433,0.572869244
5434,0.622666789
5435,0.571687204
5436,0.954343813
5437,0.517433454
5438,0.787780043
5439,0.995534176
5440,0.516928866
5441,0.888142042
5442,0.613086196
5443,0.548370841
5444,0.76343941
5445,0.796154215
5446,0.881532957
5447,0.950409123
5448,0.76381838
5449,0.59790228
5450,0.969480746
5451,0.801971851
5452,0.706042799
5453,0.921481113
5454,0.902580176
5455,0.984732712
5456,0.586605635
5457,0.773007749
5458,0.661854827
5459,0.971348384
5460,0.599021302
5461,0.630698334
5462,0.8420112
5463,0.659153957
5464,0.874545232
5465,0.504940854
5466,0.753143703
5467,0.703097803
5468,0.928496388
5469,0.609022212
5470,0.528370437
5471,0.609860265
5472,0.874706696
5473,0.75439943
5474,0.744916471
5475,0.829761404
5476,0.799775749
5477,0.869287144
5478,0.846268515
5479,0.764126431
5480,0.887622914
5481,0.51176741
5482,0.770537053
5483,0.861585164
5484,0.913745132
5485,0.960006668
5486,0.672325142
5487,0.656405906
5488,0.779306513
5489,0.925865207
5490,0.551677393
5491,0.977433528
5492,0.526883181
5493,0.7930636
5494,0.987643105
5495,0.626832212
5496,0.836107737
5497,0.891703509
5498,0.708940178
5499,0.541042206
5500,0.899285188
5501,0.762368461
5502,0.641536197
5503,0.798146792
5504,0.525189929
5505,0.565624675
5506,0.968069863
5507,0.769728216
5508,0.826057812
5509,0.850362268
5510,0.946468199
5511,0.613864274
5512,0.9587342
5513,0.807814536
5514,0.521424606
5515,0.538921796
5516,0.737460757
5517,0.846383016
5518,0.925083854
5519,0.884880772
5520,0.906594753
5521,0.907767152
5522,0.744941945
5523,0.603091719
5524,0.624837358
5525,0.994842685
5526,0.686610841
5527,0.869256327
5528,0.941283228
5529,0.523293779
5530,0.582928907
5531,0.718201953
5532,0.754498424
5533,0.984501712
5534,0.545482415
5535,0.590367751
5536,0.523178595
5537,0.574958747
5538,0.697771337
5539,0.587712774
5540,0.664851367
5541,0.557401032
5542,0.847319172
5543,0.842045691
5544,0.705320942
5545,0.979303252
5546,0.873763868
5547,0.797259083
5548,0.666040674
5549,0.680773523
5550,0.92059108
5551,0.806500308
5552,0.939349624
5553,0.508209695
5554,0.742192408
5555,0.864932164
5556,0.679836326
5557,0.730925921
5558,0.506894613
5559,0.599213004
5560,0.827971117
5561,0.554406604
5562,0.779398561
5563,0.860463176
5564,0.790534764
5565,0.724512191
5566,0.886320493
5567,0.721717265
5568,0.789901977
5569,0.809838107
5570,0.720894035
5571,0.924770691
5572,0.728100557
5573,0.535733176
5574,0.672737719
5575,0.970573623
5576,0.700253796
5577,0.624406899
5578,0.614575927
5579,0.91607507
5580,0.912841328
5581,0.662542808
5582,0.925192519
5583,0.707623323
5584,0.849525607
5585,0.573065583
5586,0.617253359
5587,0.512022431
5588,0.945819698
5589,0.674223015
5590,0.834197717
5591,0.891876675
5592,0.579542438
5593,0.530132251
5594,0.807601665
5595,0.99057752
5596,0.567296401
5597,0.737631205
5598,0.865190024
5599,0.665641032
5600,0.866824492
5601,0.704565749
5602,0.518062325
5603,0.97453704
5604,0.985200405
5605,0.976135423
5606,0.512041881
5607,0.850506162
5608,0.552919572
5609,0.77961281
5610,0.900032513
5611,0.76344392
5612,0.515641791
5613,0.938485705
5614,0.789498214
5615,0.62356326
5616,0.903535744
5617,0.775840787
5618,0.838981183
5619,0.905105081
5620,0.700790961
5621,0.702308681
5622,0.857697945
5623,0.97944135
5624,0.886928462
5625,0.743996932
5626,0.69348326
5627,0.652817454
5628,0.685071878
5629,0.920734495
5630,0.701406504
5631,0.805171625
5632,0.688116551
5633,0.988876316
5634,0.919536116
5635,0.536258386
5636,0.927210016
5637,0.713841861
5638,0.993641354
5639,0.714926492
5640,0.573979199
5641,0.991385917
5642,0.877023325
5643,0.99214307
5644,0.617321589
5645,0.993972367
5646,0.836486183
5647,0.502962107
5648,0.647717607
5649,0.771235061
5650,0.584792501
5651,0.770610095
5652,0.67807593
5653,0.814384014
5654,0.720066234
5655,0.718000574
5656,0.65917783
5657,0.750650698
5658,0.562954653
5659,0.757763131
5660,0.938140135
5661,0.670921821
5662,0.968832245
5663,0.708066673
5664,0.917291829
5665,0.681576875
5666,0.720423764
5667,0.711470917
5668,0.86828467
5669,0.924026882
5670,0.725385964
5671,0.77161944
5672,0.582219333
5673,0.540767892
5674,0.845363063
5675,0.639730727
5676,0.610990991
5677,0.601794011
5678,0.709894866
5679,0.848796417
5680,0.657958967
5681,0.848139173
5682,0.53504983
5683,0.785258754
5684,0.577537129
5685,0.706382267
5686,0.57791776
5687,0.860602525
5688,0.922798959
5689,0.613430154
5690,0.978525157
5691,0.949479272
5692,0.777303561
5693,0.587498479
5694,0.636034301
5695,0.578938278
5696,0.504820415
5697,0.685994379
5698,0.628108387
5699,0.508174059
5700,0.631383393
5701,0.687937785
5702,0.62852469
5703,0.849792773
5704,0.78390067
5705,0.521846834
5706,0.665238647
5707,0.632089909
5708,0.932468798
5709,0.889160123
5710,0.750775737
5711,0.85110014
5712,0.80427939
5713,0.570523537
5714,0.931671564
5715,0.581532505
5716,0.727055984
5717,0.989527549
5718,0.766289193
5719,0.773971349
5720,0.948596892
5721,0.756767795
5722,0.554462789
5723,0.875220687
5724,0.753107833
5725,0.559020791
5726,0.846832512
5727,0.503657864
5728,0.827172485
5729,0.888782746
5730,0.965837764
5731,0.906110304
5732,0.933333293
5733,0.618633961
5734,0.746622809
5735,0.516509473
5736,0.976383984
5737,0.805626568
5738,0.533214253
5739,0.894227979
5740,0.906432128
5741,0.698733974
5742,0.677521801
5743,0.752404192
5744,0.644818525
5745,0.556077117
5746,0.506534047
5747,0.638437056
5748,0.535975882
5749,0.81185893
5750,0.617646485
5751,0.572755925
5752,0.954276904
5753,0.74776378
5754,0.654543101
5755,0.546241473
5756,0.856370432
5757,0.730884138
5758,0.968179903
5759,0.957613383
5760,0.98090023
5761,0.541607137
5762,0.658257983
5763,0.584898441
5764,0.582202054
5765,0.857624521
5766,0.92194556
5767,0.557993629
5768,0.798810529
5769,0.554377869
5770,0.777900144
5771,0.941397231
5772,0.684600453
5773,0.890607137
5774,0.921709097
5775,0.698829145
5776,0.782236686
5777,0.670632099
5778,0.629777449
5779,0.585691913
5780,0.697431577
5781,0.911228291
5782,0.892671187
5783,0.947603159
5784,0.863747862
5785,0.805674607
5786,0.730138096
5787,0.862987715
5788,0.540923342
5789,0.799771527
5790,0.809236307
5791,0.730095688
5792,0.826347783
5793,0.976903613
5794,0.954800552
5795,0.958282975
5796,0.855259198
5797,0.977284226
5798,0.564735951
5799,0.936194268
5800,0.521983942
5801,0.975299614
5802,0.688195254
5803,0.633780031
5804,0.631639821
5805,0.906383017
5806,0.923939316
5807,0.95189284
5808,0.798134758
5809,0.734988514
5810,0.760762946
5811,0.840549062
5812,0.95667838
5813,0.598134998
5814,0.837581158
5815,0.990635077
5816,0.864541194
5817,0.53730805
5818,0.95038689
5819,0.780710371
5820,0.89310477
5821,0.739656117
5822,0.622819933
5823,0.572098544
5824,0.89350902
5825,0.629621491
5826,0.54807484
5827,0.773137828
5828,0.785880461
5829,0.566117537
5830,0.906485515
5831,0.815941345
5832,0.856995079
5833,0.542310008
5834,0.869794788
5835,0.616052982
5836,0.637510494
5837,0.576943345
5838,0.947263996
5839,0.884369799
5840,0.883655994
5841,0.695369909
5842,0.738974454
5843,0.912469365
5844,0.867893522
5845,0.520695728
5846,0.931777727
5847,0.841667661
5848,0.964447897
5849,0.806913676
5850,0.802861768
5851,0.903195054
5852,0.863240371
5853,0.817847707
5854,0.532373337
5855,0.866999704
5856,0.83803991
5857,0.880177458
5858,0.693986305
5859,0.852023846
5860,0.833266608
5861,0.595496077
5862,0.767280812
5863,0.907899615
5864,0.755818965
5865,0.585086454
5866,0.990418181
5867,0.544090486
5868,0.509504562
5869,0.698247337
5870,0.850403421
5871,0.837805261
5872,0.869715052
5873,0.522749297
5874,0.975560805
5875,0.813396029
5876,0.587404016
5877,0.933395155
5878,0.772379533
5879,0.695880987
5880,0.999933878
5881,0.785052823
5882,0.820173222
5883,0.878180712
5884,0.879554047
5885,0.994430249
5886,0.879215519
5887,0.905193548
5888,0.726057372
5889,0.654390196
5890,0.931597529
5891,0.83619399
5892,0.520626169
5893,0.657803271
5894,0.962761431
5895,0.52050031
5896,0.713389304
5897,0.778505214
5898,0.919471564
5899,0.993752565
5900,0.965767436
5901,0.50366825
5902,0.713007889
5903,0.69585346
5904,0.659891422
5905,0.798060794
5906,0.616546904
5907,0.983397181
5908,0.910099243
5909,0.615311135
5910,0.809493037
5911,0.820003836
5912,0.571496343
5913,0.953631815
5914,0.728260763
5915,0.747261362
5916,0.508343115
5917,0.897732629
5918,0.961034652
5919,0.5649027
5920,0.554614581
5921,0.998172708
5922,0.651688936
5923,0.754074862
5924,0.63608473
5925,0.863240492
5926,0.829635261
5927,0.825821062
5928,0.555405011
5929,0.693017558
5930,0.90705265
5931,0.584528323
5932,0.987528729
5933,0.738048818
5934,0.863153101
5935,0.943199379
5936,0.558000696
5937,0.740420051
5938,0.84175434
5939,0.819564668
5940,0.6960729
5941,0.535065766
5942,0.88826301
5943,0.735085221
5944,0.664758314
5945,0.715123458
5946,0.8096713
5947,0.860686893
5948,0.675132097
5949,0.676431176
5950,0.633414238
5951,0.896334126
5952,0.654253935
5953,0.885100566
5954,0.91331082
5955,0.727464396
5956,0.906978384
5957,0.614243756
5958,0.954647339
5959,0.887468716
5960,0.522271435
5961,0.654668519
5962,0.500879892
5963,0.647236893
5964,0.702632744
5965,0.81283683
5966,0.709343531
5967,0.868186733
5968,0.755069081
5969,0.641395043
5970,0.932156272
5971,0.994038859
5972,0.986931111
5973,0.802408097
5974,0.953796013
5975,0.884462065
5976,0.557522655
5977,0.755761031
5978,0.640933285
5979,0.687861925
5980,0.911499882
5981,0.623553527
5982,0.657102287
5983,0.977859195
5984,0.827958138
5985,0.691050648
5986,0.613306543
5987,0.672275272
5988,0.96404137
5989,0.54166308
5990,0.8451235
5991,0.742440815
5992,0.716348023
5993,0.510067208
5994,0.964332959
5995,0.753725568
5996,0.593121889
5997,0.772057879
5998,0.66913519
5999,0.955422753
6000,0.714787355
6001,0.692798635
6002,0.539072009
6003,0.633831352
6004,0.91735378
6005,0.945050254
6006,0.767306009
6007,0.585703842
6008,0.846348949
6009,0.765578586
6010,0.794852044
6011,0.568464332
6012,0.746259002
6013,0.594336723
6014,0.659694012
6015,0.717183577
6016,0.964879058
6017,0.586645048
6018,0.917509939
6019,0.856656605
6020,0.941261745
6021,0.608398173
6022,0.632968401
6023,0.890101526
6024,0.540943346
6025,0.889028796
6026,0.780562787
6027,0.778207787
6028,0.828702667
6029,0.781356141
6030,0.887061101
6031,0.589931547
6032,0.881571959
6033,0.606023414
6034,0.752661932
6035,0.544183974
6036,0.766067172
6037,0.955064336
6038,0.69432322
6039,0.551027457
6040,0.673317085
6041,0.608682976
6042,0.696889562
6043,0.989931323
6044,0.787287068
6045,0.518929922
6046,0.962589215
6047,0.984490026
6048,0.659223923
6049,0.914943677
6050,0.808696302
6051,0.527095239
6052,0.815298398
6053,0.538447461
6054,0.685282518
6055,0.514798646
6056,0.994964582
6057,0.795940252
6058,0.614743253
6059,0.741267835
6060,0.53589309
6061,0.790835008
6062,0.640395232
6063,0.646926576
6064,0.617641844
6065,0.893364671
6066,0.516929394
6067,0.696001872
6068,0.807920595
6069,0.632106044
6070,0.986644659
6071,0.97234857
6072,0.705594891
6073,0.941919023
6074,0.925480735
6075,0.572711819
6076,0.978164488
6077,0.64121536
6078,0.845885139
6079,0.867205956
6080,0.970305745
6081,0.874355435
6082,0.590606053
6083,0.555351507
6084,0.870926881
6085,0.575081524
6086,0.733469619
6087,0.933892786
6088,0.511307299
6089,0.736434625
6090,0.820489829
6091,0.817471946
6092,0.590163086
6093,0.87522885
6094,0.912737615
6095,0.967227328
6096,0.613394923
6097,0.60417284
6098,0.862787233
6099,0.792865455
6100,0.824990943
6101,0.938225437
6102,0.576265203
6103,0.736172306
6104,0.606102271
6105,0.604710051
6106,0.928423984
6107,0.678932231
6108,0.571696753
6109,0.680544327
6110,0.843165394
6111,0.987174466
6112,0.698731637
6113,0.962902574
6114,0.503140803
6115,0.694011804
6116,0.970518041
6117,0.990189203
6118,0.921834071
6119,0.894138434
6120,0.763903167
6121,0.678034736
6122,0.558582731
6123,0.886295042
6124,0.558101354
6125,0.797731695
6126,0.597967764
6127,0.859182212
6128,0.786228345
6129,0.650348818
6130,0.523633143
6131,0.844855299
6132,0.705127589
6133,0.519079369
6134,0.532393286
6135,0.619468356
6136,0.570902594
6137,0.581507617
6138,0.911954509
6139,0.99762442
6140,0.709906342
6141,0.714499996
6142,0.946862463
6143,0.927508131
6144,0.661916528
6145,0.806542251
6146,0.554934774
6147,0.521443807
6148,0.993365217
6149,0.690025204
6150,0.619291988
6151,0.590460111
6152,0.667920042
6153,0.783804049
6154,0.622606073
6155,0.676443101
6156,0.964060259
6157,0.810359822
6158,0.605196842
6159,0.740455507
6160,0.874508003
6161,0.803020247
6162,0.843629669
6163,0.600915696
6164,0.629539581
6165,0.680278496
6166,0.53845812
6167,0.814154011
6168,0.898464334
6169,0.969455809
6170,0.879765105
6171,0.68109671
6172,0.763241546
6173,0.523744691
6174,0.783725748
6175,0.795713356
6176,0.704328741
6177,0.720705795
6178,0.907208563
6179,0.811057622
6180,0.768024966
6181,0.725459227
6182,0.996331867
6183,0.750250281
6184,0.861929149
6185,0.958153292
6186,0.744909067
6187,0.83225317
6188,0.670367642
6189,0.801312963
6190,0.841790585
6191,0.880557152
6192,0.50841099
6193,0.851894872
6194,0.614229924
6195,0.66600341
6196,0.995901983
6197,0.725687427
6198,0.787308744
6199,0.679145704
6200,0.80049609
6201,0.911758376
6202,0.891239153
6203,0.843110674
6204,0.811120411
6205,0.666272857
6206,0.856597673
6207,0.685302812
6208,0.770947865
6209,0.757292968
6210,0.896386602
6211,0.945534284
6212,0.748893263
6213,0.927520635
6214,0.689095744
6215,0.808380273
6216,0.737665807
6217,0.563102857
6218,0.910071452
6219,0.968389669
6220,0.911609384
6221,0.537979538
6222,0.759079482
6223,0.522622119
6224,0.639323212
6225,0.632824203
6226,0.559260196
6227,0.68462003
6228,0.701283354
6229,0.828683337
6230,0.574305953
6231,0.971926785
6232,0.710444945
6233,0.536736258
6234,0.690956478
6235,0.58324932
6236,0.640508353
6237,0.703463692
6238,0.973774017
6239,0.690613317
6240,0.804224407
6241,0.54921423
6242,0.894195776
6243,0.570125851
6244,0.631884258
6245,0.854531584
6246,0.577813495
6247,0.985271308
6248,0.785467299
6249,0.616664745
6250,0.591137827
6251,0.648007231
6252,0.534281074
6253,0.60767217
6254,0.695664587
6255,0.683690494
6256,0.725090403
6257,0.719291914
6258,0.825895261
6259,0.592497998
6260,0.693835351
6261,0.850913629
6262,0.825791035
6263,0.67399165
6264,0.504122816
6265,0.517056566
6266,0.584317681
6267,0.687252288
6268,0.641205909
6269,0.51675254
6270,0.586380683
6271,0.641561663
6272,0.626977521
6273,0.593500924
6274,0.536439564
6275,0.691066122
6276,0.916405124
6277,0.500719895
6278,0.860212355
6279,0.686898319
6280,0.709272642
6281,0.654490605
6282,0.693561725
6283,0.665806983
6284,0.766566019
6285,0.508561274
6286,0.919412049
6287,0.710158633
6288,0.506376339
6289,0.528081217
6290,0.921559134
6291,0.88101226
6292,0.992331576
6293,0.564802877
6294,0.630605677
6295,0.69437489
6296,0.932858251
6297,0.989679596
6298,0.868731572
6299,0.958480818
6300,0.934349748
6301,0.812594081
6302,0.973559171
6303,0.904185424
6304,0.989996421
6305,0.99066131
6306,0.874998974
6307,0.540450382
6308,0.848049035
6309,0.710310244
6310,0.967038551
6311,0.50356496
6312,0.941538526
6313,0.65316783
6314,0.979903367
6315,0.575998085
6316,0.625788078
6317,0.970427727
6318,0.612628218
6319,0.810444458
6320,0.88399246
6321,0.754274485
6322,0.541532711
6323,0.885796477
6324,0.828820203
6325,0.57076571
6326,0.563791263
6327,0.712008955
6328,0.555127256
6329,0.975367346
6330,0.97663779
6331,0.852134087
6332,0.778722027
6333,0.573553121
6334,0.581082029
6335,0.69678288
6336,0.982912018
6337,0.941992456
6338,0.913463808
6339,0.630491746
6340,0.619779213
6341,0.888725599
6342,0.975498827
6343,0.53106899
6344,0.515569086
6345,0.639782036
6346,0.984393495
6347,0.725373131
6348,0.697952116
6349,0.660919209
6350,0.905875749
6351,0.800370706
6352,0.515494218
6353,0.737450204
6354,0.561725171
6355,0.588789118
6356,0.952779622
6357,0.584881891
6358,0.940792222
6359,0.60413964
6360,0.77079503
6361,0.658243507
6362,0.914969437
6363,0.906960297
6364,0.968986762
6365,0.987551471
6366,0.92337666
6367,0.828508004
6368,0.728471082
6369,0.812698417
6370,0.999598067
6371,0.682402279
6372,0.622591166
6373,0.818638202
6374,0.987640926
6375,0.581695978
6376,0.831088241
6377,0.834381726
6378,0.91593022
6379,0.862866755
6380,0.744723735
6381,0.962064698
6382,0.992118551
6383,0.836831013
6384,0.759692149
6385,0.814868782
6386,0.950091649
6387,0.931853888
6388,0.897141747
6389,0.591466184
6390,0.58163088
6391,0.915113401
6392,0.568450377
6393,0.627183816
6394,0.912278179
6395,0.611277053
6396,0.646516391
6397,0.625914231
6398,0.627809566
6399,0.697670559
6400,0.717778068
6401,0.905050094
6402,0.767158349
6403,0.726636764
6404,0.878548389
6405,0.741487995
6406,0.946221924
6407,0.905058245
6408,0.747280734
6409,0.623353473
6410,0.794251959
6411,0.846543323
6412,0.558739424
6413,0.814300564
6414,0.821859044
6415,0.795255275
6416,0.86813541
6417,0.806198107
6418,0.519473029
6419,0.905203791
6420,0.556417568
6421,0.639625855
6422,0.728876172
6423,0.774625703
6424,0.533221256
6425,0.814657451
6426,0.750511454
6427,0.907900027
6428,0.73305373
6429,0.990368023
6430,0.806882864
6431,0.961003319
6432,0.809349249
6433,0.878683502
6434,0.940336202
6435,0.589910908
6436,0.876802972
6437,0.648817657
6438,0.873184269
6439,0.729976215
6440,0.690159474
6441,0.643033645
6442,0.995261621
6443,0.914121593
6444,0.94323037
6445,0.674529093
6446,0.948660619
6447,0.95994895
6448,0.785041211
6449,0.538411548
6450,0.516469925
6451,0.902475616
6452,0.90686826
6453,0.66587416
6454,0.714198482
6455,0.780870313
6456,0.516985993
6457,0.715187387
6458,0.831315992
6459,0.519196145
6460,0.848405433
6461,0.566290557
6462,0.673890531
6463,0.994682792
6464,0.652036781
6465,0.80939757
6466,0.631304117
6467,0.731450452
6468,0.867961508
6469,0.889033327
6470,0.637431934
6471,0.691265978
6472,0.59832326
6473,0.865165351
6474,0.87355633
6475,0.852815
6476,0.991420706
6477,0.607812434
6478,0.805146518
6479,0.623125065
6480,0.535745146
6481,0.864556606
6482,0.816762405
6483,0.503221527
6484,0.55494168
6485,0.883939603
6486,0.55022747
6487,0.836834319
6488,0.849695384
6489,0.688137298
6490,0.703492402
6491,0.78873767
6492,0.877969728
6493,0.933527368
6494,0.964561578
6495,0.885848877
6496,0.677598812
6497,0.569093523
6498,0.621498708
6499,0.98327228
6500,0.691165567
6501,0.814687886
6502,0.879071787
6503,0.711188548
6504,0.998892641
6505,0.70310985
6506,0.994187171
6507,0.743510422
6508,0.596362447
6509,0.924192211
6510,0.739769727
6511,0.717722473
6512,0.849218675
6513,0.591786927
6514,0.75901826
6515,0.802397546
6516,0.848193265
6517,0.887479387
6518,0.615934983
6519,0.671424635
6520,0.871101855
6521,0.593450378
6522,0.600723412
6523,0.798736974
6524,0.680085193
6525,0.823026884
6526,0.790139943
6527,0.606570609
6528,0.854547643
6529,0.931564255
6530,0.810861932
6531,0.767601289
6532,0.99264733
6533,0.754573829
6534,0.709985323
6535,0.645404036
6536,0.996800077
6537,0.813493903
6538,0.925988931
6539,0.811287416
6540,0.74724586
6541,0.718197219
6542,0.72716005
6543,0.607720036
6544,0.952185451
6545,0.604456478
6546,0.527799321
6547,0.98968587
6548,0.751326049
6549,0.671240043
6550,0.651887986
6551,0.650822249
6552,0.643395967
6553,0.895364538
6554,0.957060353
6555,0.703341576
6556,0.626823565
6557,0.977870047
6558,0.779109259
6559,0.502623791
6560,0.616373016
6561,0.996866479
6562,0.921968367
6563,0.925148291
6564,0.535545003
6565,0.727886958
6566,0.886491142
6567,0.739844495
6568,0.696080508
6569,0.719843685
6570,0.6506753
6571,0.534269513
6572,0.792778541
6573,0.726879148
6574,0.771610286
6575,0.70724281
6576,0.97813573
6577,0.826830115
6578,0.624091449
6579,0.703446209
6580,0.914867429
6581,0.963686652
6582,0.575256654
6583,0.72078446
6584,0.747056618
6585,0.53173201
6586,0.541273025
6587,0.629843263
6588,0.536439081
6589,0.839240264
6590,0.764195356
6591,0.976892779
6592,0.640926924
6593,0.645788933
6594,0.721010595
6595,0.760099678
6596,0.649439153
6597,0.783266207
6598,0.647770277
6599,0.58715263
6600,0.985627942
6601,0.965421314
6602,0.774785397
6603,0.53675776
6604,0.816795269
6605,0.875116804
6606,0.50728379
6607,0.706646711
6608,0.724437584
6609,0.755524611
6610,0.975707301
6611,0.635569144
6612,0.750559361
6613,0.969937692
6614,0.846616877
6615,0.651899328
6616,0.905886933
6617,0.509475145
6618,0.741441373
6619,0.580346103
6620,0.649884265
6621,0.930622996
6622,0.786744105
6623,0.83213639
6624,0.854725086
6625,0.975763924
6626,0.599750316
6627,0.993601602
6628,0.860834648
6629,0.860621793
6630,0.641000448
6631,0.701742714
6632,0.545099135
6633,0.825932468
6634,0.990722652
6635,0.706992972
6636,0.8142792
6637,0.790286603
6638,0.608994568
6639,0.505717575
6640,0.605570664
6641,0.779076628
6642,0.882355269
6643,0.7326598
6644,0.568868526
6645,0.749622743
6646,0.563527358
6647,0.831236751
6648,0.736606652
6649,0.945593765
6650,0.710362992
6651,0.621710261
6652,0.990258994
6653,0.596287178
6654,0.823242231
6655,0.556035394
6656,0.962459547
6657,0.833040745
6658,0.927041348
6659,0.562053928
6660,0.906440179
6661,0.976031753
6662,0.875258739
6663,0.822813518
6664,0.923147677
6665,0.53468228
6666,0.817343989
6667,0.586312908
6668,0.719203312
6669,0.797093728
6670,0.741825667
6671,0.952554918
6672,0.952126879
6673,0.607268825
6674,0.902881568
6675,0.662870975
6676,0.677828423
6677,0.796602681
6678,0.586041779
6679,0.589218782
6680,0.833126517
6681,0.720682107
6682,0.983796655
6683,0.849124874
6684,0.900658189
6685,0.615411799
6686,0.966724897
6687,0.794492797
6688,0.501501011
6689,0.703101337
6690,0.721630672
6691,0.670696213
6692,0.880414048
6693,0.80319443
6694,0.570870425
6695,0.544578966
6696,0.665199394
6697,0.527660582
6698,0.539328296
6699,0.74992465
6700,0.723621516
6701,0.648101047
6702,0.68070266
6703,0.89388063
6704,0.983726069
6705,0.875750188
6706,0.753724139
6707,0.719391302
6708,0.510675206
6709,0.530628601
6710,0.981445484
6711,0.711126258
6712,0.777829345
6713,0.797981825
6714,0.939975025
6715,0.569784798
6716,0.563350672
6717,0.524973002
6718,0.768907307
6719,0.543082824
6720,0.912457884
6721,0.826204553
6722,0.571023136
6723,0.615968374
6724,0.893102759
6725,0.764232293
6726,0.619788099
6727,0.914771986
6728,0.787533927
6729,0.785228596
6730,0.612198974
6731,0.977047978
6732,0.729188435
6733,0.772195524
6734,0.812083182
6735,0.580467031
6736,0.656330645
6737,0.95981915
6738,0.666183901
6739,0.572614579
6740,0.895850234
6741,0.611456441
6742,0.938324621
6743,0.708681761
6744,0.514377339
6745,0.72981509
6746,0.799684103
6747,0.891712174
6748,0.623973045
6749,0.813051475
6750,0.875247288
6751,0.747764374
6752,0.949343835
6753,0.519905343
6754,0.705296975
6755,0.790402997
6756,0.831528131
6757,0.853896315
6758,0.690036396
6759,0.917400366
6760,0.862214555
6761,0.712701483
6762,0.830563287
6763,0.948678245
6764,0.607600141
6765,0.800525813
6766,0.560080036
6767,0.759875332
6768,0.991262828
6769,0.768175693
6770,0.871070998
6771,0.634301884
6772,0.702742217
6773,0.652544326
6774,0.719119502
6775,0.857711043
6776,0.914211617
6777,0.510123378
6778,0.753673787
6779,0.635923753
6780,0.984903757
6781,0.528162519
6782,0.826971861
6783,0.692191598
6784,0.895043583
6785,0.906204447
6786,0.858437747
6787,0.937737728
6788,0.649816521
6789,0.955094574
6790,0.926937046
6791,0.565367621
6792,0.78692492
6793,0.553110476
6794,0.723658618
6795,0.584239541
6796,0.727260191
6797,0.79649225
6798,0.832176821
6799,0.756156853
6800,0.948909185
6801,0.959022344
6802,0.945760948
6803,0.968339298
6804,0.812818374
6805,0.609136413
6806,0.501112496
6807,0.519267531
6808,0.515714361
6809,0.800971791
6810,0.532624625
6811,0.918415905
6812,0.570796047
6813,0.589203224
6814,0.938734729
6815,0.525841249
6816,0.685390361
6817,0.77933494
6818,0.655716211
6819,0.976660454
6820,0.77570039
6821,0.949263491
6822,0.99115874
6823,0.899552864
6824,0.645142683
6825,0.54701129
6826,0.558014696
6827,0.662304983
6828,0.810473151
6829,0.711117484
6830,0.542934818
6831,0.880136853
6832,0.830404374
6833,0.634931498
6834,0.587408766
6835,0.845215038
6836,0.664458474
6837,0.56708006
6838,0.975580736
6839,0.7339701
6840,0.612709262
6841,0.820811155
6842,0.792471892
6843,0.785045912
6844,0.921476516
6845,0.512144649
6846,0.736523213
6847,0.60973001
6848,0.933020871
6849,0.566369141
6850,0.748589467
6851,0.905595626
6852,0.548091198
6853,0.678719068
6854,0.8517927
6855,0.593987071
6856,0.985256294
6857,0.781641887
6858,0.840718008
6859,0.565853434
6860,0.776681602
6861,0.792429184
6862,0.772760838
6863,0.695676836
6864,0.777813957
6865,0.919036936
6866,0.886626492
6867,0.568925092
6868,0.715737456
6869,0.573964772
6870,0.726748618
6871,0.850187386
6872,0.503457369
6873,0.622494723
6874,0.630145635
6875,0.72619949
6876,0.954735309
6877,0.501510563
6878,0.954458914
6879,0.531215051
6880,0.859269296
6881,0.582919243
6882,0.99404351
6883,0.822795019
6884,0.907888619
6885,0.595793058
6886,0.991835647
6887,0.896846044
6888,0.833091763
6889,0.610093755
6890,0.674907705
6891,0.7482697
6892,0.897510988
6893,0.566116176
6894,0.933345226
6895,0.593777209
6896,0.678011423
6897,0.943370084
6898,0.513501156
6899,0.890187546
6900,0.950056087
6901,0.941629413
6902,0.675676814
6903,0.772605557
6904,0.765539627
6905,0.593402738
6906,0.723207603
6907,0.68221768
6908,0.808204215
6909,0.974911794
6910,0.98807999
6911,0.77738777
6912,0.521224941
6913,0.712618791
6914,0.86585378
6915,0.881981502
6916,0.557610465
6917,0.781850896
6918,0.753200395
6919,0.855170456
6920,0.89440568
6921,0.665938028
6922,0.633344633
6923,0.736393719
6924,0.750574108
6925,0.65977163
6926,0.736263271
6927,0.950811555
6928,0.594496814
6929,0.582057403
6930,0.865037739
6931,0.84669744
6932,0.88603462
6933,0.955462104
6934,0.632207897
6935,0.739778973
6936,0.519058305
6937,0.813834593
6938,0.80996855
6939,0.691876917
6940,0.763079119
6941,0.825874592
6942,0.853034633
6943,0.742815057
6944,0.620955394
6945,0.930037077
6946,0.747027861
6947,0.6180106
6948,0.780832022
6949,0.792448354
6950,0.756942365
6951,0.557244068
6952,0.551514815
6953,0.927219749
6954,0.904635426
6955,0.692651245
6956,0.781580079
6957,0.856696952
6958,0.642892133
6959,0.615155188
6960,0.566380383
6961,0.824397808
6962,0.585188277
6963,0.628873758
6964,0.568359956
6965,0.53940695
6966,0.662651258
6967,0.505619757
6968,0.634524535
6969,0.709265331
6970,0.637009098
6971,0.830112281
6972,0.959310703
6973,0.829539776
6974,0.869301918
6975,0.976519515
6976,0.847027474
6977,0.95091726
6978,0.710821411
6979,0.565107006
6980,0.573675372
6981,0.673612068
6982,0.79844881
6983,0.528764917
6984,0.685544714
6985,0.846312662
6986,0.818491475
6987,0.563112503
6988,0.966136321
6989,0.688057449
6990,0.811846173
6991,0.791867043
6992,0.620224519
6993,0.555378151
6994,0.851282949
6995,0.939904987
6996,0.870570153
6997,0.932627889
6998,0.717266938
6999,0.975786646
7000,0.796794203
7001,0.527506718
7002,0.691557715
7003,0.557779545
7004,0.590799622
7005,0.869665737
7006,0.979868652
7007,0.70731552
7008,0.523020674
7009,0.666665095
7010,0.753828557
7011,0.751689191
7012,0.629232791
7013,0.662778048
7014,0.892374335
7015,0.758215545
7016,0.608532813
7017,0.895770008
7018,0.969404753
7019,0.586786249
7020,0.953069495
7021,0.756195973
7022,0.814759173
7023,0.865611947
7024,0.5141198
7025,0.926771137
7026,0.505101614
7027,0.644169669
7028,0.730536752
7029,0.867001565
7030,0.888891162
7031,0.978584632
7032,0.612396423
7033,0.875650406
7034,0.927306139
7035,0.672493615
7036,0.901279085
7037,0.99096886
7038,0.898640745
7039,0.824768973
7040,0.546603436
7041,0.570800141
7042,0.846750106
7043,0.987938636
7044,0.690704009
7045,0.512190709
7046,0.900129024
7047,0.570427575
7048,0.703730093
7049,0.624675689
7050,0.987511454
7051,0.890514436
7052,0.508602981
7053,0.699035589
7054,0.795902831
7055,0.868584472
7056,0.689343594
7057,0.844879686
7058,0.689716532
7059,0.564454621
7060,0.64969983
7061,0.720151832
7062,0.972434228
7063,0.907982536
7064,0.907524118
7065,0.868469971
7066,0.561785801
7067,0.508512632
7068,0.591046437
7069,0.51888424
7070,0.808438645
7071,0.943977554
7072,0.936294425
7073,0.828517435
7074,0.890357993
7075,0.625356928
7076,0.88429471
7077,0.981170575
7078,0.629161425
7079,0.984467412
7080,0.557845686
7081,0.584994361
7082,0.932792612
7083,0.973692894
7084,0.798976595
7085,0.636015813
7086,0.651964726
7087,0.503003859
7088,0.978933611
7089,0.746604014
7090,0.719322657
7091,0.774620882
7092,0.695112666
7093,0.815224841
7094,0.749033671
7095,0.501657108
7096,0.632213043
7097,0.983868124
7098,0.801185774
7099,0.803080431
7100,0.98943494
7101,0.596591476
7102,0.692283007
7103,0.91355335
7104,0.759407609
7105,0.662114828
7106,0.885380613
7107,0.799813072
7108,0.727639303
7109,0.970493105
7110,0.983792575
7111,0.641012439
7112,0.88216711
7113,0.870196535
7114,0.741391182
7115,0.52257842
7116,0.513922904
7117,0.890280717
7118,0.555964902
7119,0.777657031
7120,0.667294153
7121,0.66494336
7122,0.521272434
7123,0.534718948
7124,0.907887771
7125,0.845868881
7126,0.56067267
7127,0.891155651
7128,0.985838491
7129,0.801924664
7130,0.519554674
7131,0.873555348
7132,0.854970434
7133,0.798292888
7134,0.966919526
7135,0.674543364
7136,0.899525036
7137,0.695931666
7138,0.849421063
7139,0.699675863
7140,0.581916071
7141,0.898757016
7142,0.54064408
7143,0.95584305
7144,0.55302993
7145,0.928285399
7146,0.954663178
7147,0.851682928
7148,0.851552972
7149,0.842589313
7150,0.790311898
7151,0.756206268
7152,0.676744156
7153,0.922982833
7154,0.963100664
7155,0.652119255
7156,0.821585333
7157,0.822726301
7158,0.579965886
7159,0.735082326
7160,0.635165515
7161,0.573895237
7162,0.762458908
7163,0.755901117
7164,0.502534488
7165,0.938965062
7166,0.518299093
7167,0.752978911
7168,0.864685552
7169,0.824001756
7170,0.545145929
7171,0.97609679
7172,0.523979715
7173,0.808191019
7174,0.973854092
7175,0.527001095
7176,0.95670187
7177,0.77636133
7178,0.588665805
7179,0.99151351
7180,0.756740081
7181,0.602539432
7182,0.539198667
7183,0.528966221
7184,0.79709651
7185,0.919898253
7186,0.7547566
7187,0.523385426
7188,0.964164949
7189,0.523551117
7190,0.947810202
7191,0.826839587
7192,0.959191979
7193,0.723919665
7194,0.961187693
7195,0.741992617
7196,0.810740705
7197,0.587740642
7198,0.802155631
7199,0.797934817
7200,0.500381193
7201,0.993267892
7202,0.656458329
7203,0.82256816
7204,0.877143664
7205,0.701278685
7206,0.628012202
7207,0.514340252
7208,0.527788303
7209,0.868787688
7210,0.846556383
7211,0.939270991
7212,0.508131614
7213,0.660829527
7214,0.710107282
7215,0.794033342
7216,0.961594473
7217,0.658149027
7218,0.732626696
7219,0.830417226
7220,0.96633793
7221,0.530532928
7222,0.96430991
7223,0.811705594
7224,0.6980285
7225,0.934341118
7226,0.732446804
7227,0.709956634
7228,0.636115694
7229,0.96953347
7230,0.905915416
7231,0.714372931
7232,0.561009581
7233,0.959226128
7234,0.69590233
7235,0.649770125
7236,0.957079608
7237,0.839948661
7238,0.596821402
7239,0.714667097
7240,0.737839129
7241,0.670786326
7242,0.895421099
7243,0.573552455
7244,0.975285587
7245,0.749297929
7246,0.765314883
7247,0.731002579
7248,0.773796788
7249,0.605109975
7250,0.940631452
7251,0.778119241
7252,0.714242707
7253,0.921465671
7254,0.945947177
7255,0.792020235
7256,0.824363691
7257,0.675027919
7258,0.944487768
7259,0.542502375
7260,0.897860221
7261,0.790715808
7262,0.845282735
7263,0.701434137
7264,0.978995252
7265,0.809608679
7266,0.870577289
7267,0.727614178
7268,0.620997634
7269,0.956919414
7270,0.830493549
7271,0.928596815
7272,0.60410483
7273,0.882325211
7274,0.514058988
7275,0.983315568
7276,0.800224601
7277,0.730159819
7278,0.727838917
7279,0.992789608
7280,0.72339715
7281,0.829463118
7282,0.885985863
7283,0.900013697
7284,0.703522488
7285,0.836164287
7286,0.631928695
7287,0.808069124
7288,0.712850135
7289,0.587719089
7290,0.725559477
7291,0.886670431
7292,0.514046216
7293,0.674639751
7294,0.554015582
7295,0.603818801
7296,0.78066924
7297,0.759205413
7298,0.841173632
7299,0.656174913
7300,0.703656145
7301,0.823992448
7302,0.555380865
7303,0.853495059
7304,0.730613935
7305,0.691265794
7306,0.968155249
7307,0.634779649
7308,0.557159495
7309,0.501547849
7310,0.982259621
7311,0.880352802
7312,0.513841499
7313,0.697918261
7314,0.803735367
7315,0.854407439
7316,0.624455338
7317,0.832460515
7318,0.854079958
7319,0.854246923
7320,0.736858032
7321,0.929261773
7322,0.853704127
7323,0.726548133
7324,0.712729002
7325,0.94708604
7326,0.849847578
7327,0.664255003
7328,0.962289208
7329,0.549499491
7330,0.903064598
7331,0.89103903
7332,0.557453691
7333,0.62725969
7334,0.523759168
7335,0.713104954
7336,0.632772269
7337,0.614563671
7338,0.588293873
7339,0.943672967
7340,0.847022077
7341,0.957811996
7342,0.868210697
7343,0.733085345
7344,0.577093996
7345,0.662195224
7346,0.584174374
7347,0.592403264
7348,0.940112755
7349,0.663697649
7350,0.95664874
7351,0.688130506
7352,0.920634883
7353,0.975034355
7354,0.768378351
7355,0.786166238
7356,0.708789749
7357,0.862693276
7358,0.52572874
7359,0.614607189
7360,0.830607911
7361,0.902907355
7362,0.738236674
7363,0.956327279
7364,0.580754719
7365,0.783232615
7366,0.712095091
7367,0.56442704
7368,0.861120934
7369,0.641420922
7370,0.988948119
7371,0.818867738
7372,0.887828247
7373,0.58387865
7374,0.514330349
7375,0.618115088
7376,0.61721166
7377,0.889768146
7378,0.757879595
7379,0.967358464
7380,0.746172383
7381,0.636586509
7382,0.979449954
7383,0.956236097
7384,0.97862838
7385,0.875257532
7386,0.718121825
7387,0.865229099
7388,0.90422534
7389,0.763858611
7390,0.977035839
7391,0.523229893
7392,0.820624719
7393,0.560726306
7394,0.932198313
7395,0.830808321
7396,0.762791543
7397,0.568186534
7398,0.818099953
7399,0.628481937
7400,0.822229942
7401,0.602490416
7402,0.583873478
7403,0.810853556
7404,0.763389454
7405,0.633538716
7406,0.698639903
7407,0.678904506
7408,0.816018037
7409,0.556810554
7410,0.793536805
7411,0.625294106
7412,0.72265371
7413,0.869685857
7414,0.751293327
7415,0.608327271
7416,0.677886805
7417,0.877083174
7418,0.750327062
7419,0.624073187
7420,0.757990356
7421,0.9831809
7422,0.709097592
7423,0.805769092
7424,0.745013546
7425,0.671928916
7426,0.532828192
7427,0.99798192
7428,0.86026429
7429,0.731393293
7430,0.513883326
7431,0.991794686
7432,0.951164171
7433,0.949930479
7434,0.665550599
7435,0.719703084
7436,0.86741885
7437,0.997574165
7438,0.519668434
7439,0.559537171
7440,0.692575673
7441,0.76573548
7442,0.623939681
7443,0.658189631
7444,0.752017661
7445,0.898308057
7446,0.586712391
7447,0.523205074
7448,0.767869475
7449,0.72787501
7450,0.66543223
7451,0.634227098
7452,0.644697189
7453,0.522145744
7454,0.996870092
7455,0.777091911
7456,0.618639706
7457,0.547370294
7458,0.753066571
7459,0.560510523
7460,0.70681058
7461,0.813407381
7462,0.907141004
7463,0.947397204
7464,0.858054225
7465,0.75222988
7466,0.628358707
7467,0.699713925
7468,0.90367857
7469,0.94567626
7470,0.999949601
7471,0.772373726
7472,0.851710758
7473,0.542106899
7474,0.673471231
7475,0.710920691
7476,0.606018068
7477,0.572846976
7478,0.780180581
7479,0.6030643
7480,0.762239612
7481,0.838275137
7482,0.710225426
7483,0.625757916
7484,0.54486514
7485,0.751089906
7486,0.643790172
7487,0.95931222
7488,0.997733676
7489,0.748097759
7490,0.777299144
7491,0.634031894
7492,0.767457993
7493,0.525280312
7494,0.611741356
7495,0.804397974
7496,0.554542243
7497,0.524827956
7498,0.88436179
7499,0.86199014
7500,0.6617486
7501,0.614971346
7502,0.713748229
7503,0.562647895
7504,0.939403854
7505,0.900292445
7506,0.66997188
7507,0.706041312
7508,0.87225271
7509,0.597703893
7510,0.889024499
7511,0.694076083
7512,0.773874824
7513,0.970791989
7514,0.596711166
7515,0.585846882
7516,0.784922033
7517,0.63915039
7518,0.899026801
7519,0.999579204
7520,0.714632458
7521,0.515868761
7522,0.804832789
7523,0.735853137
7524,0.894233537
7525,0.667752827
7526,0.829376346
7527,0.648885378
7528,0.708644287
7529,0.529088687
7530,0.55954267
7531,0.828891035
7532,0.531040181
7533,0.665307211
7534,0.726292592
7535,0.529561273
7536,0.822622862
7537,0.815692893
7538,0.915859104
7539,0.725498234
7540,0.545381211
7541,0.723787211
7542,0.659183249
7543,0.56411365
7544,0.530067743
7545,0.76772002
7546,0.772142385
7547,0.654336731
7548,0.96205214
7549,0.805505682
7550,0.842728402
7551,0.740481319
7552,0.807790302
7553,0.550742938
7554,0.779082025
7555,0.601948524
7556,0.695548674
7557,0.929489896
7558,0.689396335
7559,0.833997624
7560,0.767593316
7561,0.91928546
7562,0.66040249
7563,0.68863153
7564,0.708777631
7565,0.665255925
7566,0.845664111
7567,0.943274565
7568,0.582715998
7569,0.639294518
7570,0.843526898
7571,0.721653725
7572,0.673164119
7573,0.973533567
7574,0.523131917
7575,0.807118078
7576,0.655206816
7577,0.825990645
7578,0.929448192
7579,0.874515446
7580,0.518274063
7581,0.605319006
7582,0.528502272
7583,0.863364064
7584,0.837909277
7585,0.919778001
7586,0.753988605
7587,0.859992156
7588,0.643227992
7589,0.752127796
7590,0.624153273
7591,0.984770449
7592,0.966097684
7593,0.969381968
7594,0.943630192
7595,0.913468527
7596,0.594042313
7597,0.96621883
7598,0.976405545
7599,0.823516826
7600,0.792117816
7601,0.73136552
7602,0.816783394
7603,0.612336401
7604,0.907914524
7605,0.894216226
7606,0.561031528
7607,0.990453303
7608,0.6989981
7609,0.86022411
7610,0.839650983
7611,0.837784312
7612,0.957191786
7613,0.776449743
7614,0.73063426
7615,0.67014588
7616,0.539478402
7617,0.751728298
7618,0.85644604
7619,0.822561951
7620,0.721571874
7621,0.594117722
7622,0.914327273
7623,0.635867152
7624,0.9294049
7625,0.945731291
7626,0.801609468
7627,0.540708241
7628,0.714271312
7629,0.792839954
7630,0.916691004
7631,0.634309809
7632,0.864790876
7633,0.591959277
7634,0.939029055
7635,0.702248353
7636,0.915368511
7637,0.789998929
7638,0.973591877
7639,0.992822727
7640,0.532424035
7641,0.565174713
7642,0.930706621
7643,0.518551484
7644,0.767958194
7645,0.586736379
7646,0.501826137
7647,0.793078423
7648,0.903879002
7649,0.880209449
7650,0.757021341
7651,0.901583248
7652,0.776164037
7653,0.582476517
7654,0.77146826
7655,0.550864096
7656,0.999459101
7657,0.799764944
7658,0.654519111
7659,0.874099766
7660,0.824915413
7661,0.920823502
7662,0.995139262
7663,0.625972327
7664,0.511242707
7665,0.636350803
7666,0.84634379
7667,0.672812143
7668,0.536854632
7669,0.691412739
7670,0.700856207
7671,0.660804351
7672,0.508194497
7673,0.894331251
7674,0.572218143
7675,0.624251516
7676,0.945881811
7677,0.612989269
7678,0.528184722
7679,0.547329758
7680,0.738052723
7681,0.747447232
7682,0.811424001
7683,0.840369267
7684,0.61130699
7685,0.842257194
7686,0.95424859
7687,0.637434137
7688,0.568594158
7689,0.693932315
7690,0.773219902
7691,0.647000091
7692,0.533682729
7693,0.649708813
7694,0.944541195
7695,0.797663202
7696,0.825883346
7697,0.877406749
7698,0.566684235
7699,0.550507504
7700,0.894569399
7701,0.618348936
7702,0.989931032
7703,0.819626581
7704,0.536420818
7705,0.665491228
7706,0.656271601
7707,0.673669935
7708,0.686580503
7709,0.654937481
7710,0.769925354
7711,0.946883828
7712,0.607135383
7713,0.869709562
7714,0.939541896
7715,0.730698615
7716,0.895712962
7717,0.505950061
7718,0.817028948
7719,0.849340807
7720,0.693026721
7721,0.856711402
7722,0.763759716
7723,0.80151269
7724,0.653368165
7725,0.981021701
7726,0.617351027
7727,0.989090555
7728,0.654403082
7729,0.851419352
7730,0.631344851
7731,0.670078234
7732,0.968671468
7733,0.788963163
7734,0.900860432
7735,0.891148432
7736,0.976259016
7737,0.73246937
7738,0.670072378
7739,0.637014307
7740,0.976186207
7741,0.957720496
7742,0.960421929
7743,0.99964072
7744,0.597035078
7745,0.801044076
7746,0.614415605
7747,0.622146405
7748,0.693574458
7749,0.803558295
7750,0.502455534
7751,0.583632502
7752,0.54859317
7753,0.746047226
7754,0.554976132
7755,0.978605808
7756,0.78646983
7757,0.565651726
7758,0.562053341
7759,0.93507697
7760,0.793454346
7761,0.634438148
7762,0.658623396
7763,0.556353705
7764,0.737965445
7765,0.911722389
7766,0.717187392
7767,0.898272265
7768,0.990788598
7769,0.652389365
7770,0.721513044
7771,0.758179055
7772,0.732132204
7773,0.934048263
7774,0.527758356
7775,0.7670056
7776,0.814957673
7777,0.888722735
7778,0.975982455
7779,0.989422095
7780,0.749823939
7781,0.789613345
7782,0.975512908
7783,0.760622332
7784,0.85245239
7785,0.910665987
7786,0.813972412
7787,0.652485739
7788,0.538415441
7789,0.527952969
7790,0.820875734
7791,0.786846214
7792,0.50265946
7793,0.923541557
7794,0.757641842
7795,0.67738559
7796,0.87951905
7797,0.967854049
7798,0.907685369
7799,0.717968897
7800,0.579880209
7801,0.911849879
7802,0.593686574
7803,0.807806879
7804,0.670556042
7805,0.767066058
7806,0.649206236
7807,0.529398788
7808,0.720437611
7809,0.883172266
7810,0.678065109
7811,0.884557888
7812,0.828593802
7813,0.819291602
7814,0.992371272
7815,0.656662325
7816,0.663204779
7817,0.609955048
7818,0.634461763
7819,0.670079497
7820,0.872390494
7821,0.770121873
7822,0.630983066
7823,0.710978751
7824,0.921955687
7825,0.719530674
7826,0.629311623
7827,0.941643328
7828,0.731317604
7829,0.723745124
7830,0.656136313
7831,0.661766235
7832,0.89681185
7833,0.841571351
7834,0.810317965
7835,0.60750071
7836,0.532975962
7837,0.953054787
7838,0.818662696
7839,0.850593301
7840,0.893361069
7841,0.805710164
7842,0.714718334
7843,0.56858892
7844,0.728636268
7845,0.513684126
7846,0.751899697
7847,0.954561863
7848,0.686040248
7849,0.912523906
7850,0.811768798
7851,0.703544518
7852,0.829837953
7853,0.536650695
7854,0.520528667
7855,0.803343003
7856,0.703357408
7857,0.756419703
7858,0.647246466
7859,0.807219002
7860,0.678876395
7861,0.960193082
7862,0.828089182
7863,0.622021938
7864,0.669502625
7865,0.775831503
7866,0.955201103
7867,0.685817239
7868,0.732573542
7869,0.73720972
7870,0.701184329
7871,0.867291097
7872,0.532768467
7873,0.759493598
7874,0.524928644
7875,0.891231004
7876,0.926505653
7877,0.597681569
7878,0.687666651
7879,0.510731462
7880,0.559513548
7881,0.665580084
7882,0.853171166
7883,0.545879
7884,0.695254348
7885,0.65709926
7886,0.717476714
7887,0.659532954
7888,0.672078416
7889,0.940342068
7890,0.608932528
7891,0.772984575
7892,0.752537708
7893,0.946224808
7894,0.598011609
7895,0.884193254
7896,0.738047529
7897,0.615558351
7898,0.531205898
7899,0.769667548
7900,0.864171495
7901,0.972459011
7902,0.639566815
7903,0.80796914
7904,0.838079013
7905,0.960010733
7906,0.672845616
7907,0.570072638
7908,0.788666016
7909,0.861151866
7910,0.753909887
7911,0.819557627
7912,0.75630845
7913,0.995357576
7914,0.603385776
7915,0.970097
7916,0.523851646
7917,0.64764494
7918,0.602460503
7919,0.899248204
7920,0.881782743
7921,0.567970423
7922,0.506261919
7923,0.995128531
7924,0.567593651
7925,0.526346886
7926,0.829782334
7927,0.965343643
7928,0.828116372
7929,0.511913283
7930,0.622294688
7931,0.789838507
7932,0.63897864
7933,0.710006728
7934,0.815661173
7935,0.619808021
7936,0.57976295
7937,0.880091868
7938,0.912567321
7939,0.951538711
7940,0.637700549
7941,0.651577709
7942,0.979947723
7943,0.557492031
7944,0.676314849
7945,0.802887304
7946,0.660073224
7947,0.936932532
7948,0.804705107
7949,0.944135016
7950,0.789364684
7951,0.998958845
7952,0.554570768
7953,0.774731319
7954,0.619615307
7955,0.689311838
7956,0.546641443
7957,0.531372619
7958,0.928215822
7959,0.843210833
7960,0.508223221
7961,0.831220208
7962,0.932341412
7963,0.633106552
7964,0.951903111
7965,0.921385467
7966,0.90170406
7967,0.594739932
7968,0.724152255
7969,0.642530764
7970,0.74846494
7971,0.902885094
7972,0.905474303
7973,0.992283787
7974,0.69630168
7975,0.787072895
7976,0.998895372
7977,0.676368389
7978,0.683516174
7979,0.952595522
7980,0.669551237
7981,0.733843235
7982,0.769892293
7983,0.59715041
7984,0.834014245
7985,0.708387654
7986,0.667936629
7987,0.635545088
7988,0.835124749
7989,0.687481758
7990,0.971285538
7991,0.939963587
7992,0.514180813
7993,0.958584501
7994,0.665426562
7995,0.908079646
7996,0.795121051
7997,0.521985397
7998,0.526324377
7999,0.59577213
8000,0.71356348
8001,0.759205805
8002,0.6484863
8003,0.567450094
8004,0.678234966
8005,0.773643433
8006,0.945698033
8007,0.834930208
8008,0.687427458
8009,0.573435473
8010,0.521910851
8011,0.547642095
8012,0.868743212
8013,0.804395286
8014,0.893140478
8015,0.821760637
8016,0.701395197
8017,0.620974766
8018,0.988994614
8019,0.507113265
8020,0.896169929
8021,0.854343093
8022,0.973930468
8023,0.593299746
8024,0.508783058
8025,0.951638592
8026,0.798617031
8027,0.579023466
8028,0.681612358
8029,0.590366641
8030,0.941355631
8031,0.713268284
8032,0.959873651
8033,0.686428614
8034,0.545716805
8035,0.789652523
8036,0.742112579
8037,0.771142073
8038,0.774179554
8039,0.751862996
8040,0.941656055
8041,0.743298545
8042,0.751488793
8043,0.849148714
8044,0.957287574
8045,0.649866181
8046,0.812810551
8047,0.521513258
8048,0.734619624
8049,0.710736339
8050,0.907132483
8051,0.690414345
8052,0.873934077
8053,0.918627471
8054,0.643997882
8055,0.825577517
8056,0.947324091
8057,0.530106963
8058,0.612542692
8059,0.544972798
8060,0.762443389
8061,0.526533755
8062,0.766413517
8063,0.883689371
8064,0.648605254
8065,0.814589153
8066,0.570418113
8067,0.603161529
8068,0.502097917
8069,0.556385999
8070,0.702340614
8071,0.711951482
8072,0.766687929
8073,0.533498722
8074,0.970254368
8075,0.909181628
8076,0.959804374
8077,0.828119136
8078,0.869141998
8079,0.594349077
8080,0.513429419
8081,0.758413913
8082,0.584628056
8083,0.856168268
8084,0.851767885
8085,0.861387312
8086,0.936354771
8087,0.773766056
8088,0.965583093
8089,0.686274182
8090,0.944140985
8091,0.829944975
8092,0.647241902
8093,0.744386253
8094,0.903247183
8095,0.547137521
8096,0.687292542
8097,0.790243871
8098,0.570512802
8099,0.914152283
8100,0.652295549
8101,0.914397214
8102,0.751754269
8103,0.655661781
8104,0.75822106
8105,0.824387785
8106,0.875861469
8107,0.807751884
8108,0.904552535
8109,0.572021551
8110,0.650959494
8111,0.752933574
8112,0.613075812
8113,0.516798026
8114,0.893194051
8115,0.805985602
8116,0.601834597
8117,0.749346526
8118,0.786576921
8119,0.817990435
8120,0.642385743
8121,0.914080169
8122,0.511600702
8123,0.53735786
8124,0.783839982
8125,0.704508248
8126,0.87029287
8127,0.69435399
8128,0.762610103
8129,0.703575221
8130,0.889608105
8131,0.994744884
8132,0.632587752
8133,0.841891466
8134,0.798508903
8135,0.887812206
8136,0.735442063
8137,0.684437273
8138,0.691759813
8139,0.963689971
8140,0.538099165
8141,0.829748956
8142,0.608969944
8143,0.628711671
8144,0.551553431
8145,0.910913193
8146,0.864699102
8147,0.542533137
8148,0.607471118
8149,0.727127872
8150,0.77410525
8151,0.609648627
8152,0.878928719
8153,0.597098604
8154,0.719808876
8155,0.8722265
8156,0.8598907
8157,0.988372725
8158,0.796641964
8159,0.527132958
8160,0.855733068
8161,0.955649019
8162,0.752556802
8163,0.927144905
8164,0.718319748
8165,0.551207079
8166,0.889788339
8167,0.972360555
8168,0.643307159
8169,0.648434887
8170,0.677934721
8171,0.559828563
8172,0.673874323
8173,0.735169737
8174,0.518742233
8175,0.594379514
8176,0.628344427
8177,0.651303708
8178,0.821104333
8179,0.830927749
8180,0.929714317
8181,0.892623145
8182,0.795785127
8183,0.59123059
8184,0.849747169
8185,0.592362073
8186,0.644519515
8187,0.515644169
8188,0.525900619
8189,0.769811477
8190,0.795775471
8191,0.5646005
8192,0.559030534
8193,0.858315338
8194,0.850021917
8195,0.713030549
8196,0.967990048
8197,0.931364587
8198,0.676373633
8199,0.815231016
8200,0.886042715
8201,0.741646558
8202,0.686919427
8203,0.628685735
8204,0.772322289
8205,0.630870861
8206,0.760428848
8207,0.771440672
8208,0.767728221
8209,0.628710323
8210,0.937269357
8211,0.933169194
8212,0.954382048
8213,0.608146778
8214,0.696263769
8215,0.522297732
8216,0.966405657
8217,0.832178073
8218,0.750386715
8219,0.810077962
8220,0.729373038
8221,0.695744734
8222,0.593684739
8223,0.74779067
8224,0.885214737
8225,0.84495218
8226,0.603982616
8227,0.727450391
8228,0.714255038
8229,0.88248422
8230,0.619373782
8231,0.663397265
8232,0.59702874
8233,0.764653786
8234,0.553478522
8235,0.945770482
8236,0.852022251
8237,0.793619778
8238,0.786153884
8239,0.505294064
8240,0.988901949
8241,0.605241068
8242,0.825782113
8243,0.500624479
8244,0.650056595
8245,0.859236678
8246,0.702783616
8247,0.688429435
8248,0.882353151
8249,0.881515914
8250,0.911970545
8251,0.717026239
8252,0.537006682
8253,0.695772534
8254,0.706617605
8255,0.883630742
8256,0.746009774
8257,0.933748188
8258,0.598364444
8259,0.93179102
8260,0.797843128
8261,0.771860157
8262,0.645012352
8263,0.915398517
8264,0.535842198
8265,0.856927718
8266,0.736268644
8267,0.655228676
8268,0.572549075
8269,0.854404608
8270,0.575616058
8271,0.593132744
8272,0.919708248
8273,0.77578236
8274,0.938895805
8275,0.923365186
8276,0.948055266
8277,0.660187914
8278,0.983263102
8279,0.700270548
8280,0.832778165
8281,0.731764447
8282,0.806765458
8283,0.702015365
8284,0.874870805
8285,0.736124616
8286,0.889964445
8287,0.828660652
8288,0.775615358
8289,0.890098202
8290,0.799631507
8291,0.740414504
8292,0.690289247
8293,0.570045699
8294,0.979485856
8295,0.919038575
8296,0.773108435
8297,0.813117622
8298,0.664928288
8299,0.614124887
8300,0.988294796
8301,0.897780185
8302,0.779227496
8303,0.829100199
8304,0.934073408
8305,0.739093051
8306,0.909175197
8307,0.584076751
8308,0.810889241
8309,0.959544216
8310,0.982249839
8311,0.521023974
8312,0.759482467
8313,0.674281269
8314,0.630461806
8315,0.616181659
8316,0.520298937
8317,0.585089132
8318,0.533131451
8319,0.704558067
8320,0.982214423
8321,0.567333597
8322,0.875388451
8323,0.95586181
8324,0.98590208
8325,0.815905055
8326,0.639932065
8327,0.928900667
8328,0.945642632
8329,0.720825761
8330,0.688713326
8331,0.646393103
8332,0.955601882
8333,0.993756553
8334,0.699221022
8335,0.904565926
8336,0.937934289
8337,0.813919541
8338,0.744925422
8339,0.676332252
8340,0.627443597
8341,0.860356369
8342,0.623947465
8343,0.574425784
8344,0.601750881
8345,0.53513048
8346,0.845367347
8347,0.854100703
8348,0.773765908
8349,0.664707982
8350,0.842875463
8351,0.806252318
8352,0.790572625
8353,0.935438819
8354,0.864055985
8355,0.582147463
8356,0.512570144
8357,0.723999255
8358,0.574962889
8359,0.885800586
8360,0.918969019
8361,0.956323081
8362,0.532723928
8363,0.621373741
8364,0.507323587
8365,0.906220633
8366,0.842605557
8367,0.535057172
8368,0.688983666
8369,0.521011282
8370,0.556111531
8371,0.667372015
8372,0.634405044
8373,0.606406517
8374,0.956530521
8375,0.663097112
8376,0.828715145
8377,0.746208437
8378,0.711548122
8379,0.660282207
8380,0.592947668
8381,0.530840793
8382,0.995256667
8383,0.669723493
8384,0.838363266
8385,0.987697345
8386,0.848742007
8387,0.945270952
8388,0.852841613
8389,0.909905967
8390,0.764743531
8391,0.590627902
8392,0.623731931
8393,0.710120598
8394,0.731226776
8395,0.765611879
8396,0.899734243
8397,0.781394916
8398,0.821596527
8399,0.996864675
8400,0.537769179
8401,0.590295038
8402,0.712386248
8403,0.700403962
8404,0.908257932
8405,0.930770987
8406,0.846188642
8407,0.932906142
8408,0.571552524
8409,0.773579157
8410,0.833326096
8411,0.514976555
8412,0.5741038
8413,0.814123487
8414,0.953880574
8415,0.93288939
8416,0.530678811
8417,0.798521578
8418,0.882054043
8419,0.570693362
8420,0.603879813
8421,0.748176812
8422,0.768710815
8423,0.784640898
8424,0.905459338
8425,0.633131133
8426,0.682825837
8427,0.84579902
8428,0.756057068
8429,0.644664606
8430,0.617611344
8431,0.960604621
8432,0.975257504
8433,0.984549891
8434,0.890417182
8435,0.572307957
8436,0.617044594
8437,0.882656705
8438,0.52225665
8439,0.501569307
8440,0.559702917
8441,0.824459432
8442,0.973749213
8443,0.559251124
8444,0.566727056
8445,0.892721546
8446,0.923783738
8447,0.737956411
8448,0.79899283
8449,0.94998546
8450,0.847907715
8451,0.889980855
8452,0.606964547
8453,0.678870983
8454,0.898746939
8455,0.691816203
8456,0.770904721
8457,0.688546093
8458,0.56324281
8459,0.622307586
8460,0.947957625
8461,0.668030918
8462,0.581834028
8463,0.732085395
8464,0.580620818
8465,0.957003912
8466,0.502010947
8467,0.800146032
8468,0.660022541
8469,0.983678599
8470,0.751097027
8471,0.826440305
8472,0.819466966
8473,0.64113698
8474,0.963128763
8475,0.548733054
8476,0.891465988
8477,0.871554965
8478,0.948481898
8479,0.789513722
8480,0.826206257
8481,0.599445594
8482,0.785622208
8483,0.526230801
8484,0.73359288
8485,0.513258985
8486,0.84891231
8487,0.610021113
8488,0.509701862
8489,0.528714405
8490,0.732448831
8491,0.51554515
8492,0.572112197
8493,0.815928589
8494,0.56076817
8495,0.997330201
8496,0.500725036
8497,0.932953035
8498,0.933280414
8499,0.826461293
8500,0.556158815
8501,0.638422739
8502,0.533473161
8503,0.862470368
8504,0.80776336
8505,0.689161254
8506,0.876811101
8507,0.780559298
8508,0.924491198
8509,0.631254002
8510,0.557878497
8511,0.549355761
8512,0.917772178
8513,0.599047536
8514,0.502420377
8515,0.576434517
8516,0.90219415
8517,0.662830625
8518,0.876797284
8519,0.55891316
8520,0.635566717
8521,0.865924699
8522,0.557525722
8523,0.620624819
8524,0.808800752
8525,0.737693579
8526,0.543666057
8527,0.929436182
8528,0.922703997
8529,0.949822479
8530,0.676206096
8531,0.501286322
8532,0.534907148
8533,0.651304264
8534,0.828762667
8535,0.72084185
8536,0.83336783
8537,0.629597359
8538,0.674586208
8539,0.76823169
8540,0.655048566
8541,0.923944668
8542,0.755765071
8543,0.505655887
8544,0.632984578
8545,0.58857277
8546,0.83265604
8547,0.713677188
8548,0.737987559
8549,0.617608321
8550,0.755491798
8551,0.841430187
8552,0.617589686
8553,0.91750483
8554,0.651196129
8555,0.611614913
8556,0.582772427
8557,0.702364898
8558,0.707475099
8559,0.665605913
8560,0.846851849
8561,0.726525594
8562,0.553626438
8563,0.70408491
8564,0.835620476
8565,0.848695626
8566,0.83523469
8567,0.666578769
8568,0.756905719
8569,0.946461491
8570,0.569502649
8571,0.52136255
8572,0.978538622
8573,0.520662291
8574,0.520501727
8575,0.538184822
8576,0.89922663
8577,0.518946539
8578,0.611846827
8579,0.759203472
8580,0.638249713
8581,0.645484329
8582,0.5994882
8583,0.745808845
8584,0.831049661
8585,0.780699985
8586,0.840450528
8587,0.622020594
8588,0.763778227
8589,0.808749602
8590,0.695091971
8591,0.651799949
8592,0.500095932
8593,0.622345425
8594,0.773795241
8595,0.726280786
8596,0.79306348
8597,0.8048631
8598,0.51364573
8599,0.640010237
8600,0.648834177
8601,0.543273644
8602,0.796278876
8603,0.943853674
8604,0.5388771
8605,0.830978609
8606,0.781339206
8607,0.682592453
8608,0.935935972
8609,0.557946413
8610,0.876508289
8611,0.779031073
8612,0.977252784
8613,0.704055393
8614,0.537060846
8615,0.702001633
8616,0.735396043
8617,0.758198029
8618,0.66157111
8619,0.973811006
8620,0.97642003
8621,0.543452305
8622,0.661852909
8623,0.571337881
8624,0.525548227
8625,0.981476248
8626,0.963974628
8627,0.638220318
8628,0.937390378
8629,0.895576111
8630,0.855830057
8631,0.663002171
8632,0.915426462
8633,0.661032904
8634,0.597989012
8635,0.6171946
8636,0.798468491
8637,0.940478619
8638,0.736279447
8639,0.839774093
8640,0.773042978
8641,0.778995713
8642,0.626469456
8643,0.613856705
8644,0.732728809
8645,0.872539457
8646,0.69475796
8647,0.500460623
8648,0.520945143
8649,0.916083817
8650,0.850803335
8651,0.825666099
8652,0.656614103
8653,0.593683111
8654,0.695752741
8655,0.506952099
8656,0.85018431
8657,0.756563902
8658,0.9550835
8659,0.798982191
8660,0.628630665
8661,0.686742352
8662,0.615873272
8663,0.98675006
8664,0.832010474
8665,0.871965265
8666,0.934393151
8667,0.892328089
8668,0.573287018
8669,0.804251817
8670,0.981790682
8671,0.771741347
8672,0.80977417
8673,0.662384809
8674,0.903967609
8675,0.600701738
8676,0.759321216
8677,0.985721155
8678,0.924475035
8679,0.71512824
8680,0.63349597
8681,0.645642924
8682,0.889336165
8683,0.65553352
8684,0.687128604
8685,0.656889494
8686,0.803570022
8687,0.549306118
8688,0.522001194
8689,0.59068463
8690,0.730181075
8691,0.729115126
8692,0.714972009
8693,0.557322839
8694,0.830476595
8695,0.818069636
8696,0.784302856
8697,0.734735675
8698,0.508811309
8699,0.64964118
8700,0.959843272
8701,0.651980188
8702,0.53988272
8703,0.986014676
8704,0.818047982
8705,0.914235905
8706,0.902570197
8707,0.662895903
8708,0.992164131
8709,0.58203107
8710,0.53358793
8711,0.888024437
8712,0.965510855
8713,0.639665425
8714,0.948628047
8715,0.962103444
8716,0.664476716
8717,0.664752163
8718,0.80045742
8719,0.701469479
8720,0.788784324
8721,0.876539096
8722,0.524619837
8723,0.692910164
8724,0.950815429
8725,0.590168325
8726,0.958550524
8727,0.827205084
8728,0.902185079
8729,0.761495736
8730,0.732302546
8731,0.502166573
8732,0.582299249
8733,0.994783901
8734,0.862247357
8735,0.72009093
8736,0.931385197
8737,0.871112314
8738,0.849586267
8739,0.898464378
8740,0.902386742
8741,0.670897944
8742,0.623196291
8743,0.758845519
8744,0.864689188
8745,0.781475286
8746,0.686327231
8747,0.845273215
8748,0.599352571
8749,0.92164106
8750,0.793625178
8751,0.99940067
8752,0.506556267
8753,0.821344811
8754,0.847669255
8755,0.824002763
8756,0.555013675
8757,0.525691416
8758,0.925790589
8759,0.532106189
8760,0.979436492
