stage_id,S1,S1
hub_id,H1,H1
tech_id,X2,X2
profile_key,availability,demand_nominal
unit,1,kW
1,0.917450953,7.638615975
2,0.82234392,2.472084305
3,0.925740169,5.51708007
4,0.967612856,15.40448958
5,0.980720947,12.24513206
6,0.976221702,4.649585397
7,0.916811449,5.785910624
8,0.976183959,8.244550002
9,0.954238616,11.25890124
10,0.906876629,9.148164254
11,0.883997565,16.51581707
12,0.938733463,19.32720302
13,0.9158292,2.586808194
14,0.884487176,9.522460797
15,0.94072549,15.99511711
16,0.854274407,16.56237529
17,0.827088276,1.562696445
18,0.95588459,13.46996392
19,0.872409515,5.462086826
20,0.82965709,5.687514772
21,0.86577053,5.202247703
22,0.921622785,6.758872358
23,0.873778025,6.028980586
24,0.848583746,17.59606237
25,0.921081847,8.243496977
26,0.871319546,14.82275389
27,0.881584918,6.567114558
28,0.915731112,3.963731561
29,0.883543762,7.592922963
30,0.829771077,15.13642405
31,0.926756406,8.161632638
32,0.999969842,4.385108247
33,0.860352614,19.27861686
34,0.891527775,0.924604646
35,0.961634454,4.252132696
36,0.861479941,2.789146432
37,0.876049887,10.71013215
38,0.888083016,8.501381085
39,0.889755848,4.842448964
40,0.823764114,13.24523794
41,0.819054031,18.18832932
42,0.982116436,13.68627273
43,0.836078523,1.475156395
44,0.853049487,18.22526307
45,0.976277452,9.185911774
46,0.878424045,8.399369654
47,0.814095945,9.764649934
48,0.860083361,18.31439365
49,0.920303898,8.912662935
50,0.896429063,3.363468966
51,0.954820485,19.77029354
52,0.807738158,12.70820701
53,0.923928462,3.666461033
54,0.878118677,19.54136888
55,0.992447519,8.90301134
56,0.983355144,1.391594207
57,0.961509315,0.491838729
58,0.980451923,12.05893462
59,0.990826112,17.09067477
60,0.818242693,17.13573408
61,0.989047706,7.560009769
62,0.983539033,13.98370071
63,0.925937851,19.21173732
64,0.858447211,16.99211055
65,0.945528461,2.8117187
66,0.808626313,7.118295794
67,0.929697697,3.473564231
68,0.923819643,3.62733404
69,0.966732056,15.01738506
70,0.8512237,7.608215593
71,0.816013271,18.21620126
72,0.872077939,16.02616709
73,0.870208223,17.72216096
74,0.805783898,14.57990626
75,0.995252862,15.39676698
76,0.847995098,11.67697907
77,0.82375796,7.936929853
78,0.958587429,2.832057835
79,0.826359441,9.536875525
80,0.90132029,13.19296099
81,0.878293447,1.962594647
82,0.913935359,10.86473179
83,0.899839286,11.08117628
84,0.853657862,9.016807435
85,0.996495108,15.82781866
86,0.851560603,13.51846944
87,0.829803018,16.96890234
88,0.967422445,11.8612421
89,0.944823898,13.67597241
90,0.97746049,4.870913681
91,0.952591108,9.672153422
92,0.971544166,11.2091188
93,0.876687596,14.3035203
94,0.902995486,4.568443418
95,0.849883727,17.60133666
96,0.894971745,10.12261605
97,0.969270339,1.262787626
98,0.947836353,4.501784855
99,0.902869575,19.51575575
100,0.88371428,8.255036224
101,0.866561639,15.9573685
102,0.818283973,16.79095978
103,0.826727084,13.71636503
104,0.989193785,7.524684285
105,0.954600348,15.32678434
106,0.810187596,8.785976451
107,0.88477588,1.821275398
108,0.961258733,9.045596892
109,0.829113657,19.71241598
110,0.960541645,2.017695269
111,0.967387434,17.6218424
112,0.938080986,14.3666116
113,0.862988869,16.87712516
114,0.828589296,17.26741365
115,0.989157677,4.802301467
116,0.95587594,3.064840411
117,0.80013836,4.643305508
118,0.995671973,4.589810813
119,0.953650272,18.1079242
120,0.831316014,3.357849506
121,0.826950899,10.63412908
122,0.973566855,1.598514409
123,0.803816482,1.20518239
124,0.911882673,16.13205111
125,0.973234702,0.73858152
126,0.996555806,19.01903803
127,0.945795527,17.2374127
128,0.803198908,8.316553243
129,0.996413349,3.605509005
130,0.845911781,13.86581672
131,0.843061678,6.579182926
132,0.922849294,8.831174117
133,0.818685138,13.67070376
134,0.993399868,13.51652561
135,0.9365075,14.80874867
136,0.862048568,3.682058669
137,0.917610085,1.725401334
138,0.988901376,3.224003777
139,0.949287424,10.86673894
140,0.937504856,4.034224085
141,0.880893204,8.359483626
142,0.816983128,14.39303487
143,0.917321399,8.547860511
144,0.991952184,12.91891804
145,0.86425427,6.051132104
146,0.919611014,0.482675359
147,0.868945038,15.79672122
148,0.937663543,17.34902215
149,0.803883365,2.369213431
150,0.964257241,4.983355602
151,0.877646862,11.49364257
152,0.844242455,10.07367893
153,0.927152076,4.301529384
154,0.929754462,5.252630729
155,0.817246314,2.813690972
156,0.807711327,6.271088696
157,0.82644579,13.05534504
158,0.886654781,6.88410703
159,0.874051781,8.320635466
160,0.892478837,3.703641729
161,0.980974918,15.1960201
162,0.907710727,12.37623998
163,0.926478232,1.760996261
164,0.917237816,7.002920261
165,0.815592351,13.30378077
166,0.928499492,7.756732061
167,0.99425287,19.55397449
168,0.987726411,3.682492447
169,0.949369717,14.14738218
170,0.963242573,16.86606794
171,0.949088376,0.024405717
172,0.909162684,17.65585802
173,0.866418823,0.916007096
174,0.828620097,11.6123872
175,0.966054897,1.536712494
176,0.836954381,16.3498816
177,0.987810398,17.63809786
178,0.86982189,8.085089046
179,0.965641057,14.85474125
180,0.881585655,16.2161295
181,0.930647725,2.00007081
182,0.891325044,12.84931293
183,0.954886401,7.157053925
184,0.93403429,18.86815241
185,0.955225216,3.520228506
186,0.933519162,3.285588585
187,0.953475724,14.32248249
188,0.819619287,1.40340225
189,0.960669618,1.497113109
190,0.97262211,5.845810647
191,0.91228865,13.14352702
192,0.93839811,10.33844386
193,0.981592001,16.92464266
194,0.886230928,12.78483511
195,0.812557832,6.918538166
196,0.998004001,14.87876208
197,0.94614028,13.10831872
198,0.891194463,18.49379813
199,0.9405439,18.04638943
200,0.828054257,17.99565711
201,0.915186898,18.25549864
202,0.932573277,8.549309222
203,0.978776549,18.10070362
204,0.842402061,11.49015078
205,0.817699938,2.0228068
206,0.877333028,8.911324225
207,0.958453344,15.07713885
208,0.825644627,4.060895158
209,0.95607144,14.03093143
210,0.944535331,9.363509071
211,0.867964205,6.71174584
212,0.854851865,12.0362755
213,0.995815367,8.291684648
214,0.809933217,8.983476063
215,0.951757614,0.057608242
216,0.976146036,6.512847082
217,0.827765437,9.260608812
218,0.895262218,7.333611288
219,0.803496782,14.03085592
220,0.857804675,3.722800263
221,0.913099885,4.502706217
222,0.814351396,10.883972
223,0.857400179,3.677983313
224,0.983589601,12.55983744
225,0.830629014,5.526918466
226,0.986153773,0.955612713
227,0.915697234,2.166181833
228,0.845510254,4.854536462
229,0.825510061,3.507274906
230,0.909107227,5.487939626
231,0.920626052,11.5586513
232,0.969318692,13.16045816
233,0.801993885,11.68527721
234,0.839644956,1.320599468
235,0.838043628,13.29676876
236,0.979739333,3.030794084
237,0.877706965,3.728727383
238,0.909550927,5.420412015
239,0.838473217,17.65419017
240,0.941839532,15.91386805
241,0.994266875,16.93330972
242,0.95498426,2.067957754
243,0.930464859,11.19941975
244,0.921845604,9.961321774
245,0.996355324,8.353378879
246,0.856930009,2.594337119
247,0.887393328,18.66932644
248,0.977888293,2.431154625
249,0.892724375,6.711548868
250,0.81462111,11.75069655
251,0.885490707,1.432325489
252,0.905427261,13.77759578
253,0.885846526,9.935897918
254,0.907217323,19.21392288
255,0.938998624,2.546621277
256,0.806463833,14.66889948
257,0.96970468,2.174756693
258,0.976648475,17.35289885
259,0.988774992,8.79805501
260,0.832467125,17.16186517
261,0.939823997,15.613721
262,0.991716094,5.986952315
263,0.839114365,6.564358491
264,0.881631372,15.05013402
265,0.902366011,12.17671683
266,0.92758334,7.117128937
267,0.911020335,1.312214385
268,0.901546819,12.99725219
269,0.820998642,17.73722531
270,0.980679993,1.910581375
271,0.97343853,7.926442576
272,0.844750787,18.23178958
273,0.940053809,11.22838705
274,0.899599283,4.702433259
275,0.961809968,11.93803437
276,0.807312967,14.95663022
277,0.820454232,11.98232192
278,0.977732142,14.91168273
279,0.808147442,14.81577875
280,0.939687403,19.89870782
281,0.808012225,11.53070548
282,0.829907501,19.98352504
283,0.904640159,0.453472895
284,0.861819812,2.400038172
285,0.922324408,13.37849497
286,0.868944154,4.146914004
287,0.861162801,18.92206312
288,0.884944437,14.8666977
289,0.923962733,0.009240657
290,0.893327866,10.30557918
291,0.963956095,4.83738895
292,0.900578895,7.077951924
293,0.986773457,11.91406872
294,0.823710188,2.084133904
295,0.982837758,17.5296709
296,0.842847975,5.749145514
297,0.821244321,15.38336857
298,0.819222409,16.41887183
299,0.939980849,5.394248519
300,0.886770073,14.36383164
301,0.820235085,1.196582231
302,0.971423882,14.05035845
303,0.955266487,2.080446798
304,0.931781606,13.40608713
305,0.919063707,13.1177251
306,0.861949354,4.103002332
307,0.802903548,11.57869506
308,0.843656668,2.426467788
309,0.882345574,12.46062743
310,0.890283073,19.49516658
311,0.848390236,0.440049762
312,0.878447266,13.37299612
313,0.889867841,12.02082401
314,0.895613392,14.71219654
315,0.806606465,18.56485744
316,0.998349369,7.610166343
317,0.953940898,11.86658312
318,0.889194512,11.62108825
319,0.988003993,9.288491882
320,0.807557883,4.086624193
321,0.870776263,4.158431583
322,0.985412838,17.41758703
323,0.910097803,13.24955892
324,0.869007038,5.889705261
325,0.843570853,11.34685568
326,0.918153948,9.282465635
327,0.870472514,10.82897469
328,0.870406501,12.37864347
329,0.977035966,0.894102997
330,0.801016887,2.857812107
331,0.89466129,18.10825395
332,0.854215441,6.874654688
333,0.934535038,9.652899139
334,0.830647222,2.732389506
335,0.938481741,13.3584312
336,0.987294577,12.65488171
337,0.888772676,17.64127813
338,0.971856187,18.94237245
339,0.986605666,1.983672303
340,0.95999364,14.09287122
341,0.865996893,11.18088757
342,0.852776954,11.42674247
343,0.982286867,14.28584273
344,0.862038812,11.69974798
345,0.892450478,6.694738402
346,0.812950054,9.589598772
347,0.913577983,19.19869497
348,0.870827782,18.61302231
349,0.918749165,17.86685099
350,0.950511249,15.3873725
351,0.927445624,8.851706812
352,0.903568505,1.817381928
353,0.926979635,9.584957799
354,0.976269233,11.33914947
355,0.979841606,15.74095636
356,0.835790305,14.60816865
357,0.844045708,13.81684472
358,0.981501062,0.38457793
359,0.945107451,5.969124365
360,0.851212986,3.753270239
361,0.977067222,1.763904563
362,0.912101949,12.62226641
363,0.804893151,15.12034096
364,0.993777581,16.64348698
365,0.915399792,14.62829856
366,0.825800393,2.657567205
367,0.996817203,13.38559395
368,0.996461433,15.08282742
369,0.930750036,17.53033212
370,0.966977036,1.438432982
371,0.824480689,19.77997998
372,0.997168109,12.31746922
373,0.992399611,11.06797375
374,0.831169191,19.30183132
375,0.930754605,3.208908103
376,0.917432455,15.05113195
377,0.934899504,0.129352934
378,0.933476897,17.07658383
379,0.804214878,19.62978821
380,0.972826277,10.07354379
381,0.879548486,2.123065222
382,0.883840046,17.37669251
383,0.917733663,11.08501189
384,0.878699592,13.64773909
385,0.913117536,9.705471385
386,0.816873616,2.088458625
387,0.988325593,4.772973837
388,0.862331903,5.272534414
389,0.834352383,15.94287978
390,0.899541368,12.68911789
391,0.876987947,17.40823449
392,0.886277027,13.99736427
393,0.966813578,0.756688493
394,0.968500711,5.234674968
395,0.841865514,14.08273329
396,0.827340231,12.36368009
397,0.948059683,0.793144183
398,0.803766429,13.77403441
399,0.837918282,10.20727414
400,0.891950789,2.070270805
401,0.850946672,8.313712845
402,0.883418242,3.652167166
403,0.867840541,0.249114517
404,0.811113263,2.83565097
405,0.98792132,18.76862091
406,0.88234493,1.75371402
407,0.877958759,5.741689984
408,0.936932226,3.495899784
409,0.913786867,5.884823922
410,0.817145098,7.493304026
411,0.90221549,0.494656818
412,0.82064838,18.29297265
413,0.893220273,2.100042308
414,0.888588128,12.23943384
415,0.87208705,9.251635377
416,0.997692471,17.88667674
417,0.811174706,15.21889746
418,0.91243663,5.858154191
419,0.916016309,5.067451079
420,0.895073495,10.88435204
421,0.815236254,4.382969802
422,0.935871146,0.934925215
423,0.982355444,5.798152339
424,0.895628825,15.57565248
425,0.921792229,17.79810259
426,0.946249081,1.23439019
427,0.848025944,16.68396646
428,0.825840704,16.02286918
429,0.921757087,4.397794513
430,0.898466749,6.358576915
431,0.873869255,11.31552864
432,0.852590146,5.033322449
433,0.934566663,16.54667714
434,0.884442882,0.177217553
435,0.894034792,9.506062585
436,0.952200859,11.32987325
437,0.81262371,14.34700685
438,0.946551195,1.575518543
439,0.93887944,15.62763115
440,0.811879074,10.48900975
441,0.90814857,10.04978179
442,0.872732419,17.6171692
443,0.958594128,14.85748879
444,0.841356179,13.54223838
445,0.885141016,13.07955175
446,0.89968432,4.193156207
447,0.887146798,8.424640745
448,0.803080055,19.15242288
449,0.950953003,10.45699002
450,0.85707524,18.91698554
451,0.985524933,7.068445738
452,0.894263639,14.11918089
453,0.978380286,18.66609899
454,0.988541113,16.6160006
455,0.862405811,15.93408891
456,0.874742281,2.004732778
457,0.896711625,7.1287751
458,0.946148262,5.88744839
459,0.87207528,9.026659021
460,0.903935851,17.36884916
461,0.985767309,15.3821607
462,0.96620479,3.931987091
463,0.885446835,8.10289824
464,0.8684971,5.806710964
465,0.954550918,19.50317586
466,0.989330974,15.32023407
467,0.977875119,13.74385608
468,0.937391679,5.684959615
469,0.896747762,0.512098237
470,0.963811936,6.62462943
471,0.816135984,5.506035441
472,0.928482616,18.73370905
473,0.804845082,7.958115726
474,0.945240956,4.587408497
475,0.928226852,7.420915351
476,0.867476737,17.37500344
477,0.90078499,1.809191484
478,0.846726089,3.767592534
479,0.822724741,0.237482034
480,0.928793631,14.53389812
481,0.862834343,8.140698891
482,0.891890522,5.271974685
483,0.976942028,5.156499394
484,0.982032205,7.559114748
485,0.896373608,16.41546368
486,0.878769773,15.06265865
487,0.872486789,19.26716761
488,0.931059418,2.308234383
489,0.915147796,2.233279931
490,0.86110053,5.673194915
491,0.831565554,1.854804317
492,0.979188209,12.31538257
493,0.918752553,9.64656738
494,0.963021435,14.59242847
495,0.843538285,6.027250443
496,0.846370325,7.46293622
497,0.857586186,7.453032238
498,0.80606199,15.54185003
499,0.945981373,16.5887725
500,0.956310735,19.97254637
501,0.856154582,13.69394997
502,0.974317556,0.303815132
503,0.919028183,2.531994134
504,0.892321356,3.210804196
505,0.865253123,18.75297925
506,0.867747003,12.95376626
507,0.854642502,15.65435039
508,0.985687024,8.835922005
509,0.960067324,3.620881552
510,0.807892232,13.69875874
511,0.930834856,14.17964579
512,0.958794889,13.61863242
513,0.867386383,10.67990032
514,0.931452258,2.040293144
515,0.842183202,4.994826018
516,0.852787663,9.037716701
517,0.856432106,19.03128178
518,0.980107008,0.692840486
519,0.850942464,5.229518261
520,0.903383395,12.5287127
521,0.812631685,3.953817446
522,0.834781683,11.9103716
523,0.849968592,10.02156015
524,0.884596757,13.62298846
525,0.837437297,0.834164963
526,0.843986567,7.780832881
527,0.856793936,18.68505529
528,0.86447182,16.12533263
529,0.965261641,13.52219767
530,0.864387413,6.623092576
531,0.821646462,7.90492961
532,0.837759951,15.54686212
533,0.983660995,13.4788664
534,0.93088469,19.86043325
535,0.996518269,2.595112954
536,0.890999072,16.19507846
537,0.822643282,2.343146939
538,0.831158593,16.25182374
539,0.939044976,5.880222874
540,0.853585896,3.227654835
541,0.840393514,1.375344278
542,0.930841887,7.931394998
543,0.872345353,1.026901183
544,0.945110436,0.337192658
545,0.838622245,19.25549711
546,0.837082878,14.56549069
547,0.909161976,13.32649914
548,0.976508603,11.04475763
549,0.918266222,14.16796152
550,0.8626943,7.729258664
551,0.998800133,15.96770218
552,0.910592423,19.44312516
553,0.972834942,6.975809499
554,0.955751112,6.733012884
555,0.895007268,13.36195896
556,0.840759849,11.19241482
557,0.900637515,13.84350985
558,0.829280046,12.84345554
559,0.98255488,13.02146948
560,0.907877443,4.597286287
561,0.860147273,7.098987649
562,0.836112497,8.269080735
563,0.880594552,18.49544377
564,0.864893972,0.25626572
565,0.860083268,3.952490353
566,0.977367757,12.71360556
567,0.940280129,10.56284003
568,0.938553759,18.01071503
569,0.870918798,16.45002094
570,0.919081094,18.08049753
571,0.893046444,0.964270661
572,0.819073346,15.7331874
573,0.944403344,4.319190925
574,0.96185504,13.83981895
575,0.906959291,3.77612746
576,0.870488462,7.077425143
577,0.892623506,1.820808351
578,0.808415052,18.86944975
579,0.837793468,0.222929975
580,0.90315086,12.69810388
581,0.810139313,18.42557135
582,0.874746057,19.19909996
583,0.907908315,5.558786116
584,0.99586471,10.39155293
585,0.803389467,0.93577739
586,0.916474795,15.43551027
587,0.853899265,11.57838513
588,0.899653837,12.32266294
589,0.95759414,1.496951975
590,0.824673975,10.82729376
591,0.820199196,19.45476359
592,0.970931567,7.78781136
593,0.936188325,6.810539886
594,0.915816544,16.76563945
595,0.805278337,4.730856893
596,0.84921582,16.2381258
597,0.978082755,18.48686549
598,0.858077647,13.27606409
599,0.884890333,15.89124673
600,0.841882147,2.499173888
601,0.978837498,12.62622159
602,0.902388124,19.32563762
603,0.987347171,16.44464227
604,0.952252913,17.70852978
605,0.963260731,2.915430625
606,0.977285935,18.39287221
607,0.903236448,15.26904059
608,0.84252706,5.721780545
609,0.868273198,4.399242095
610,0.947655818,0.526345707
611,0.800665034,19.21679969
612,0.884307434,14.34562009
613,0.848231851,8.298499561
614,0.868449726,10.56542197
615,0.915054457,19.90555339
616,0.909894681,4.313263137
617,0.898736821,4.322970217
618,0.89134012,1.920775758
619,0.850627327,7.163356833
620,0.884577337,3.499838188
621,0.928836943,8.057828845
622,0.813071625,16.5861566
623,0.827374967,0.177225895
624,0.896127536,15.97090264
625,0.83468984,0.878404896
626,0.86500734,7.5073594
627,0.827483426,17.60903616
628,0.910560577,6.692716611
629,0.895648559,14.86633411
630,0.946632049,1.107044354
631,0.819880268,14.84331706
632,0.968614221,17.0068541
633,0.880999626,10.26370824
634,0.946189582,3.27090704
635,0.903691317,7.02060425
636,0.960598241,11.23572047
637,0.965540239,11.54078777
638,0.845700798,0.156526903
639,0.864588744,13.63340155
640,0.868309703,10.60283414
641,0.88746348,11.64881259
642,0.873200261,11.70692914
643,0.844430171,4.982682319
644,0.98578852,12.21818566
645,0.978323451,17.11902913
646,0.992729436,9.709569661
647,0.815923351,14.25733964
648,0.967473853,0.090988577
649,0.968850469,1.214624191
650,0.942323196,18.7547665
651,0.876952324,0.902924123
652,0.863195024,2.310643757
653,0.971328069,6.847598511
654,0.869461686,15.04100655
655,0.897397848,10.75594388
656,0.803240591,14.98655441
657,0.874323428,2.346086728
658,0.932388164,12.76917639
659,0.825950618,7.776919715
660,0.829040128,12.43960603
661,0.823880662,5.469422668
662,0.963737663,11.76637681
663,0.928259832,4.752714476
664,0.983994962,0.174424534
665,0.880016747,10.40009115
666,0.974814721,17.26619326
667,0.808316551,13.36691383
668,0.902093668,19.52956092
669,0.920210189,5.042056943
670,0.802170263,10.82217084
671,0.868642434,19.54747694
672,0.939068675,7.686357355
673,0.994782186,15.59954813
674,0.969955867,12.39407305
675,0.834317941,19.2773869
676,0.82874823,6.343250995
677,0.808099859,13.87466267
678,0.825644781,3.429686057
679,0.831397074,14.5353562
680,0.917801808,19.48091994
681,0.933625532,7.980293972
682,0.964321674,15.93119288
683,0.87506787,14.60481826
684,0.980504984,8.866495805
685,0.95383923,15.67553664
686,0.992967943,10.78222198
687,0.892072318,14.39511337
688,0.850766313,5.044395608
689,0.994626019,4.637430486
690,0.828090421,16.87358319
691,0.836421628,11.04213454
692,0.976055585,19.10254857
693,0.818367992,19.28510354
694,0.931563327,7.516371462
695,0.811372235,16.83476276
696,0.861996981,0.022799582
697,0.892979041,1.220168848
698,0.970296145,2.664846383
699,0.895119324,0.735513603
700,0.967564895,10.84531604
701,0.859855219,14.81127374
702,0.98627811,15.31369833
703,0.867434357,14.35939855
704,0.80670501,19.85990642
705,0.880410509,0.674353028
706,0.926550345,4.289043973
707,0.855197533,4.864224334
708,0.859553856,3.324516787
709,0.810424201,7.571205385
710,0.965421383,17.53066477
711,0.861502736,19.96024012
712,0.888989002,5.941335768
713,0.938094205,8.868134097
714,0.83880517,9.936008613
715,0.966863196,12.60108874
716,0.914053934,4.416888013
717,0.84083154,9.337234882
718,0.809164934,5.204283774
719,0.965191463,9.040946468
720,0.939634083,1.624519146
721,0.919607542,14.7201239
722,0.9630236,13.18933005
723,0.872199884,2.714102206
724,0.915786242,12.38902958
725,0.950244587,12.84588099
726,0.886385311,9.136389328
727,0.855214812,1.392654323
728,0.815375236,2.985067394
729,0.896424999,18.37612563
730,0.834046281,4.146759993
731,0.899328886,14.35459318
732,0.901240832,10.21609842
733,0.940502077,14.19854373
734,0.941346815,19.02515244
735,0.837376817,18.99557971
736,0.81583942,5.532175726
737,0.912212044,9.698555201
738,0.904995073,11.15613858
739,0.802594522,11.80371112
740,0.986427313,10.38175434
741,0.834483161,11.86477692
742,0.923066195,0.325482257
743,0.975033205,14.296841
744,0.822484829,14.77362462
745,0.905049749,2.742717814
746,0.959546217,3.483570559
747,0.903626158,9.92807029
748,0.864368982,17.10997073
749,0.864415813,1.989550826
750,0.864387114,9.487243682
751,0.813276405,14.14882097
752,0.838775455,18.19036031
753,0.910461533,8.011343783
754,0.838856668,1.495329777
755,0.843959941,5.859423195
756,0.962746689,14.42196384
757,0.922385725,4.753429898
758,0.957502379,16.2347772
759,0.805185774,11.17690022
760,0.861103317,2.847646221
761,0.819096327,17.08470454
762,0.972502974,14.83371362
763,0.902067078,13.90048975
764,0.916583234,3.545477283
765,0.934413811,2.85600793
766,0.863596833,2.249875065
767,0.831525206,4.131514838
768,0.975536483,13.11029065
769,0.939742648,18.38485359
770,0.968325199,1.108205439
771,0.989082127,1.53255552
772,0.990350572,17.41679437
773,0.994652696,4.446638004
774,0.966158314,1.649062761
775,0.832945013,3.496418405
776,0.998865746,1.998111829
777,0.914632089,9.152798886
778,0.923047733,7.519660797
779,0.808703379,12.58367378
780,0.918573528,3.489994805
781,0.950992586,4.063164052
782,0.808976239,6.135591613
783,0.969823594,18.51555636
784,0.886474342,7.131966136
785,0.818902166,13.61441093
786,0.997734858,19.71950623
787,0.97577112,18.70869605
788,0.838828315,7.175951614
789,0.995288671,7.292226773
790,0.935701111,15.41183622
791,0.85270334,9.685144175
792,0.906449624,4.371923206
793,0.853997124,4.148721371
794,0.922361449,11.51681246
795,0.931204057,2.798795085
796,0.907137159,8.18368045
797,0.967905425,15.63868788
798,0.962368223,8.629902692
799,0.813255103,4.525379968
800,0.885148261,6.83779154
801,0.943419002,12.95981787
802,0.97282581,15.21235664
803,0.831010238,0.651665934
804,0.80305881,16.00643126
805,0.847698332,13.69574472
806,0.920936572,10.61073471
807,0.927387811,2.34785871
808,0.991972359,13.69683921
809,0.845922618,12.43033349
810,0.975662686,10.29831764
811,0.931986023,13.7323874
812,0.86549107,2.95162793
813,0.999962969,15.45734765
814,0.992092534,16.48283954
815,0.939690564,10.32010436
816,0.941089913,13.16986653
817,0.820271019,9.629502688
818,0.845796935,4.588020334
819,0.883814404,7.620345003
820,0.958988861,16.76467251
821,0.964221341,12.6307975
822,0.888801331,4.175039638
823,0.818097805,18.08563609
824,0.974373288,12.9509557
825,0.882912461,17.6739521
826,0.929323193,12.97341221
827,0.901073902,9.971821561
828,0.993786094,18.20005281
829,0.948245635,6.584353323
830,0.812989846,10.32294411
831,0.845107035,12.20372798
832,0.909343291,13.64577937
833,0.845994723,11.4299132
834,0.852640049,3.486586471
835,0.990903523,19.15376867
836,0.805323287,6.590895134
837,0.861908202,14.95532681
838,0.960970207,4.109066956
839,0.906179027,9.450644611
840,0.996733704,13.58625722
841,0.949589934,3.927133026
842,0.920352299,17.79316393
843,0.897184905,14.68040606
844,0.968321091,10.71498322
845,0.982947388,1.719147246
846,0.881022344,14.18208071
847,0.815504138,4.706896925
848,0.92793523,11.17192929
849,0.887942623,1.929912254
850,0.800055519,15.31589436
851,0.814952539,0.369176871
852,0.862928743,0.584243914
853,0.880184043,5.257670789
854,0.808723244,16.09293584
855,0.888807802,1.047552579
856,0.841222762,14.08680269
857,0.939425404,16.96652261
858,0.825372441,19.48319903
859,0.872017391,5.006581935
860,0.923136476,19.54791801
861,0.982570495,14.44301149
862,0.867858263,11.58333622
863,0.880539869,4.869465235
864,0.973533885,10.91005484
865,0.867457756,9.394986808
866,0.860257443,16.99477424
867,0.92793851,7.364544452
868,0.866154992,17.54873217
869,0.869888832,3.403971435
870,0.912859233,8.964409644
871,0.896693598,15.15923562
872,0.98379172,17.63808069
873,0.919801163,11.50372726
874,0.919028348,7.332946505
875,0.922725286,3.384465839
876,0.974561713,13.92331576
877,0.968020204,0.580988447
878,0.877483671,10.22909356
879,0.859893299,2.299891679
880,0.987979319,11.38422776
881,0.980626914,7.204909968
882,0.978088404,15.47414054
883,0.816864271,0.720507125
884,0.927120574,0.865556432
885,0.865160933,18.15385788
886,0.870844691,18.59249462
887,0.970630752,6.015530999
888,0.870320663,7.238814075
889,0.888638537,5.604530388
890,0.994644137,12.69474835
891,0.873657652,9.989906939
892,0.891936628,0.651094616
893,0.837838027,16.8352771
894,0.887680023,16.95709548
895,0.976922715,3.386864501
896,0.988058388,18.63401202
897,0.938978578,13.2209757
898,0.826469143,1.422522124
899,0.968614812,17.69239148
900,0.871121577,0.13585907
901,0.803347484,13.24997741
902,0.933286731,12.36518314
903,0.954865912,5.697108226
904,0.907550169,9.868204675
905,0.868619186,10.23125855
906,0.89345921,0.931658083
907,0.827568255,18.66095975
908,0.825265805,8.356831883
909,0.937050483,10.67485569
910,0.898811555,10.79095252
911,0.972950746,18.34312597
912,0.840936066,11.80182845
913,0.950878424,4.471800169
914,0.820824667,6.60964055
915,0.93124387,0.182843465
916,0.991391462,3.119021233
917,0.907754346,2.416943088
918,0.925069521,12.93242841
919,0.990658876,13.86768089
920,0.86804786,14.29980308
921,0.886727599,18.23071353
922,0.9068763,8.837815506
923,0.887834674,1.55979761
924,0.917167988,0.268528128
925,0.908217869,0.034271018
926,0.91893005,17.2791755
927,0.818127845,11.72830185
928,0.992915427,3.631253293
929,0.922519808,15.34018508
930,0.980214539,1.523837502
931,0.880005704,10.94486927
932,0.80329194,17.91151579
933,0.881212981,15.08178268
934,0.838683033,16.57795452
935,0.984730331,4.645353062
936,0.830271954,15.67960126
937,0.819749289,11.27771164
938,0.96426077,8.217538957
939,0.951720015,12.28270549
940,0.85611424,13.14909473
941,0.926749175,13.02629226
942,0.986342951,1.487100618
943,0.927641264,16.33476045
944,0.982253409,6.756510048
945,0.815808752,18.12579555
946,0.960107364,0.234843902
947,0.852376843,6.596118656
948,0.960107546,17.81504126
949,0.904906595,10.68317288
950,0.988543586,12.54842603
951,0.921791564,2.358283749
952,0.842118967,14.97776906
953,0.946682843,16.21747228
954,0.991173778,9.6919595
955,0.904479758,2.58147325
956,0.821837833,3.356870252
957,0.883446746,0.215166138
958,0.980084116,8.282794863
959,0.824057646,5.971866335
960,0.928579981,19.5737208
961,0.864126158,11.99690205
962,0.928971379,6.354867062
963,0.863778073,4.227953179
964,0.935590401,5.641788103
965,0.931964657,4.08444504
966,0.854586794,4.764844037
967,0.983171479,13.08571713
968,0.912116662,9.033011016
969,0.878615096,18.89887275
970,0.850612668,16.4667835
971,0.978049001,19.92721251
972,0.829910023,11.40149059
973,0.824100433,3.335855689
974,0.974731806,18.62598114
975,0.870072549,3.927074446
976,0.985126906,6.466486503
977,0.802098628,10.63833797
978,0.905391095,0.07222373
979,0.962731782,4.375187028
980,0.865117953,6.378857547
981,0.859578802,8.535867757
982,0.870408439,17.05305594
983,0.925849599,0.22939583
984,0.832867561,1.53708482
985,0.974243683,9.35866564
986,0.905175525,17.17215528
987,0.923885129,2.615621216
988,0.844804515,5.844170817
989,0.861094869,5.839513749
990,0.837997369,3.183536643
991,0.912404238,3.521933517
992,0.90155764,0.282821763
993,0.832782919,13.54731253
994,0.929993637,9.734498634
995,0.994874701,2.672952464
996,0.935996915,3.681401864
997,0.820927958,16.79065894
998,0.817979632,2.135618047
999,0.886896237,13.95716533
1000,0.960586739,9.172639994
1001,0.940291999,4.508760344
1002,0.889926078,19.79055088
1003,0.84362318,10.21711813
1004,0.826505305,13.58269511
1005,0.991628961,19.20116582
1006,0.817120605,7.78425664
1007,0.871036827,19.25108662
1008,0.978087087,7.355665578
1009,0.823023516,9.244834048
1010,0.961276092,2.038756869
1011,0.948894813,1.577777675
1012,0.891063841,8.648632909
1013,0.915834578,2.008247201
1014,0.958478425,13.39564859
1015,0.8822005,11.311747
1016,0.961653977,10.26091917
1017,0.894496388,15.97827477
1018,0.892731701,8.768133152
1019,0.813474808,2.908301509
1020,0.948455931,9.649347819
1021,0.939113733,2.47622138
1022,0.861435703,4.921974232
1023,0.908433922,6.584669353
1024,0.937999932,12.67076935
1025,0.941593698,8.429472338
1026,0.985214848,4.382096453
1027,0.866489201,3.139734622
1028,0.992800558,8.073773878
1029,0.889663572,8.875568147
1030,0.905445922,8.620100316
1031,0.995790405,3.086333282
1032,0.808162612,18.17627034
1033,0.961056154,13.40115436
1034,0.9291762,15.97947715
1035,0.992612296,6.479105468
1036,0.988799925,2.994582664
1037,0.977743139,10.79475823
1038,0.886842284,4.433675964
1039,0.83392077,16.99854377
1040,0.919636866,7.162846875
1041,0.926774877,2.596918235
1042,0.986341231,9.238171953
1043,0.898242484,14.99372495
1044,0.966952786,3.307591787
1045,0.995712602,4.555667939
1046,0.977019777,5.159852332
1047,0.880431239,3.08603676
1048,0.894386537,17.77429817
1049,0.913793619,2.123985269
1050,0.812161899,12.11527085
1051,0.850568133,11.23177404
1052,0.85209026,11.09403211
1053,0.860614433,14.22051687
1054,0.95662353,6.782420116
1055,0.842102742,16.69331551
1056,0.829439387,9.366645091
1057,0.882164262,1.812042985
1058,0.948221637,17.06888113
1059,0.854638612,2.957940005
1060,0.807533159,7.342827628
1061,0.873201001,16.44781418
1062,0.804133351,7.903326468
1063,0.816490798,10.36363691
1064,0.838378876,0.177120593
1065,0.899555482,9.078786115
1066,0.929746384,13.02423333
1067,0.860625702,11.38349901
1068,0.95837226,11.6974625
1069,0.830753996,11.43260748
1070,0.823211895,6.369628463
1071,0.99825941,19.04304184
1072,0.901015121,14.21991637
1073,0.814848083,18.5948191
1074,0.909412986,5.482490712
1075,0.878955771,2.701774747
1076,0.875726674,16.36242849
1077,0.942861661,18.14965256
1078,0.961602428,12.48876973
1079,0.988986376,14.5193836
1080,0.88148915,1.351993765
1081,0.995007679,13.03428166
1082,0.814547821,2.059065468
1083,0.995803284,8.729807421
1084,0.972071521,18.70020597
1085,0.933519279,16.22231387
1086,0.93885009,9.03170233
1087,0.904963956,4.06965174
1088,0.984694032,4.981167392
1089,0.842828639,10.2127741
1090,0.900217978,2.43213649
1091,0.960171621,19.8347457
1092,0.870015655,3.634613323
1093,0.81908034,16.21852904
1094,0.828477266,18.29904444
1095,0.859493695,17.02481472
1096,0.936489182,6.020797874
1097,0.974992846,9.96502669
1098,0.84836576,15.68113239
1099,0.878768388,10.24606918
1100,0.834244814,18.70194916
1101,0.809524779,19.81213567
1102,0.916017603,5.43884431
1103,0.999797181,15.89409159
1104,0.868715263,8.011586552
1105,0.963586722,13.99228559
1106,0.981669705,6.536376308
1107,0.852040397,5.673476046
1108,0.972432167,2.088813048
1109,0.988234105,2.116832648
1110,0.975031613,5.325054939
1111,0.98928878,12.77080944
1112,0.941055351,1.549921906
1113,0.861242493,17.79071891
1114,0.90847382,17.58330894
1115,0.832875499,18.55071932
1116,0.882081595,19.15255727
1117,0.989089598,6.246766148
1118,0.989113467,10.78330689
1119,0.957515292,7.924746518
1120,0.858101357,15.68002368
1121,0.989613918,10.03698084
1122,0.953675281,6.439529738
1123,0.949838525,11.31012414
1124,0.904753699,8.683804471
1125,0.992965631,14.37160207
1126,0.92008756,7.348802277
1127,0.901743232,13.45079163
1128,0.964354841,4.835507024
1129,0.907466507,14.3461939
1130,0.833911825,9.517197476
1131,0.919024679,19.55906599
1132,0.916047808,18.2006032
1133,0.828344106,10.15186234
1134,0.810471195,2.434007207
1135,0.909563043,12.36497101
1136,0.893563594,13.07673111
1137,0.95529881,1.790256125
1138,0.817609216,0.360067846
1139,0.898708851,10.01465281
1140,0.911081791,8.389115535
1141,0.826027267,4.514262862
1142,0.841225066,1.92969292
1143,0.83429932,12.35710585
1144,0.886934277,1.789370501
1145,0.810441969,15.36362381
1146,0.890439637,3.161166628
1147,0.9022264,6.885725786
1148,0.996110273,19.27842998
1149,0.970580232,15.55185497
1150,0.950678025,15.94354721
1151,0.938340879,16.10006909
1152,0.889007364,14.15179893
1153,0.869424248,7.996399956
1154,0.834920997,15.79476074
1155,0.869267937,3.773910477
1156,0.847263798,1.838087499
1157,0.917712408,8.389858443
1158,0.928779702,11.20675545
1159,0.842391921,18.62606697
1160,0.878265,19.34779762
1161,0.869491784,4.138081562
1162,0.948946255,6.735241489
1163,0.866860795,16.01840688
1164,0.822788094,11.54034883
1165,0.9139442,10.61284769
1166,0.887388225,7.498487634
1167,0.82850759,16.14635246
1168,0.875965738,7.230966908
1169,0.800379088,13.59811114
1170,0.88590876,1.79008829
1171,0.817361662,16.49431361
1172,0.934189505,10.81576568
1173,0.919772554,4.441964948
1174,0.962676079,9.510492415
1175,0.823489388,17.45247437
1176,0.959885311,19.0722053
1177,0.994804317,7.169236115
1178,0.888889191,11.9337135
1179,0.98144059,4.29959264
1180,0.979793492,2.511011988
1181,0.942097365,1.638011247
1182,0.880847498,6.311791639
1183,0.967129457,2.576764404
1184,0.867881526,11.83474804
1185,0.827160855,0.851141
1186,0.904316454,19.6078915
1187,0.962307746,13.31138961
1188,0.965076886,16.28994244
1189,0.947744868,10.32142977
1190,0.947289623,15.64387642
1191,0.950245516,4.555908869
1192,0.8785989,16.71499018
1193,0.806580587,18.52940487
1194,0.813386473,13.87574082
1195,0.861018051,9.16790498
1196,0.983010452,6.844569884
1197,0.890820265,14.74596925
1198,0.898796552,16.1432993
1199,0.896319016,16.98917872
1200,0.990759771,8.363617189
1201,0.874976164,6.646411266
1202,0.883782751,10.73924814
1203,0.867497805,13.10469087
1204,0.825666211,13.6217546
1205,0.950002048,12.58064616
1206,0.910111424,13.39554815
1207,0.831261715,8.249664001
1208,0.883441496,3.762062349
1209,0.949281705,14.8217496
1210,0.885403923,6.832447964
1211,0.873981274,19.3480271
1212,0.819063638,10.02080395
1213,0.829678507,5.467029416
1214,0.875175437,6.674505776
1215,0.873630284,10.48756094
1216,0.947691318,19.9583974
1217,0.817397967,5.089812889
1218,0.886344345,3.255251199
1219,0.808160408,12.03939087
1220,0.952189193,18.60738248
1221,0.975589924,14.9807968
1222,0.999097096,19.18255302
1223,0.808673137,13.75564424
1224,0.835803512,14.39335733
1225,0.874710218,17.08517203
1226,0.953612792,19.97500012
1227,0.85271317,9.088503672
1228,0.801930194,1.23598071
1229,0.884532641,0.813514889
1230,0.826172046,4.234379589
1231,0.858759367,18.63665225
1232,0.935320942,13.6912791
1233,0.8477983,13.69116114
1234,0.975740483,0.217803348
1235,0.802761131,3.887563835
1236,0.864368717,17.89971364
1237,0.871695903,12.09422889
1238,0.915063908,18.0526
1239,0.990118404,11.82658697
1240,0.93655893,9.642755605
1241,0.971956854,19.4291683
1242,0.927692325,5.954196232
1243,0.997900703,11.48400666
1244,0.884112784,3.670252569
1245,0.864290261,19.16232192
1246,0.870733439,7.423850503
1247,0.876420753,4.541011364
1248,0.890176235,0.540223465
1249,0.96978194,6.569221056
1250,0.960069676,16.50368614
1251,0.862947742,10.17451584
1252,0.911498216,19.72275029
1253,0.850233008,9.13872456
1254,0.834720385,17.47232319
1255,0.828103439,18.37250466
1256,0.838175879,1.552273914
1257,0.928442921,4.983791366
1258,0.925421068,19.26557688
1259,0.993550134,9.633134289
1260,0.815031081,18.22794701
1261,0.863004953,7.935814306
1262,0.86952749,13.97771701
1263,0.898810791,9.670266029
1264,0.966164542,0.8121285
1265,0.835491049,14.89709695
1266,0.993133896,19.70462777
1267,0.942686076,2.140290548
1268,0.85427275,13.84021753
1269,0.820297101,11.2818348
1270,0.947800689,19.58786767
1271,0.919981186,14.68880801
1272,0.890789674,5.466015824
1273,0.997028998,9.549994239
1274,0.964178455,14.6519851
1275,0.899856046,4.328462658
1276,0.882321123,12.67102841
1277,0.813057645,14.60241897
1278,0.805387685,12.69573847
1279,0.801068307,15.00248455
1280,0.850631891,14.6307068
1281,0.996137445,4.05492527
1282,0.92949921,19.26173695
1283,0.964692769,2.719231885
1284,0.906996552,4.953715211
1285,0.912072459,10.90794079
1286,0.850868763,1.109289832
1287,0.993290024,3.311341619
1288,0.944357536,2.490497241
1289,0.9796048,5.697010502
1290,0.8786161,5.364934228
1291,0.969366809,15.95277233
1292,0.927427615,10.63196495
1293,0.936285605,15.98172637
1294,0.81212493,13.96497677
1295,0.926786519,3.455456826
1296,0.825391717,1.072745049
1297,0.825166062,17.17493268
1298,0.980788035,11.47180822
1299,0.976773404,7.037303083
1300,0.99554843,13.53228893
1301,0.844512715,17.6201235
1302,0.90805996,19.40113114
1303,0.823197102,8.678696738
1304,0.866715906,6.249738017
1305,0.974573059,3.593765609
1306,0.940322728,0.020629344
1307,0.891134476,13.3513542
1308,0.852728553,9.92225173
1309,0.884654661,1.843921955
1310,0.863163912,7.850702152
1311,0.978309003,4.949745649
1312,0.936508917,7.030120658
1313,0.905644149,9.473831128
1314,0.810492218,3.928518741
1315,0.956828531,16.66660214
1316,0.846348084,11.74329549
1317,0.938979606,14.2923684
1318,0.951831049,19.96154078
1319,0.97566333,9.617619927
1320,0.840510472,18.34781041
1321,0.998208394,2.750697419
1322,0.955907952,3.815357328
1323,0.812875734,8.005961991
1324,0.913560877,5.3675304
1325,0.80071953,8.063821139
1326,0.849136734,13.92071307
1327,0.805159773,2.657005405
1328,0.853926866,2.310964538
1329,0.977863209,4.156789356
1330,0.871520113,2.285325554
1331,0.866812359,0.236112308
1332,0.856550412,3.563166833
1333,0.906170897,18.8787432
1334,0.952111004,14.14130918
1335,0.948752115,19.16048205
1336,0.985769642,18.74906995
1337,0.834422584,1.327274035
1338,0.854112108,14.15593586
1339,0.934134842,7.721551725
1340,0.943062706,18.80374838
1341,0.977566542,19.26792699
1342,0.816248289,17.72460829
1343,0.808993085,2.477212177
1344,0.982282833,5.68052045
1345,0.942541543,4.108285612
1346,0.878580653,6.932170469
1347,0.85863509,9.929992558
1348,0.969704967,16.35052131
1349,0.818648943,17.69299231
1350,0.868757648,10.14725552
1351,0.855756428,6.155057713
1352,0.851032265,12.25288719
1353,0.946403211,0.852204926
1354,0.945412293,0.617612477
1355,0.994552628,2.043481785
1356,0.95601149,12.86408595
1357,0.846021805,8.747492587
1358,0.851945203,16.77767273
1359,0.942545517,17.08254507
1360,0.806948069,16.52944196
1361,0.822792858,16.61177393
1362,0.979201055,7.072563266
1363,0.86049594,6.648006532
1364,0.802818646,9.138820508
1365,0.823385289,8.229039559
1366,0.918740032,12.86482613
1367,0.91014881,14.00421968
1368,0.951229922,19.63117589
1369,0.905712651,14.63987444
1370,0.891200618,13.33216136
1371,0.971115925,6.427484902
1372,0.868138733,7.102189536
1373,0.938238169,0.202209108
1374,0.907986173,14.37039842
1375,0.891133508,15.86246785
1376,0.98884108,4.577062698
1377,0.953457935,10.15649098
1378,0.907368139,7.495800769
1379,0.933950716,3.564048183
1380,0.811242383,18.88131078
1381,0.828346428,1.318502306
1382,0.939487095,7.365129139
1383,0.967125485,3.897460138
1384,0.985694184,17.79874468
1385,0.96481601,5.202819999
1386,0.825498752,7.155677605
1387,0.967701368,9.089948729
1388,0.929716421,9.686930593
1389,0.878283907,16.53120004
1390,0.872810838,13.80336194
1391,0.947086779,18.10469729
1392,0.896614529,11.072017
1393,0.896103373,19.59499152
1394,0.81032199,9.695215512
1395,0.806798896,4.390850207
1396,0.843775615,9.572595098
1397,0.90394488,4.504317954
1398,0.932632227,14.58604545
1399,0.901536465,5.269352257
1400,0.927042949,17.65108843
1401,0.814319458,0.578482385
1402,0.981808215,4.941200707
1403,0.923385225,7.3032635
1404,0.866538381,4.342914203
1405,0.853367691,17.67091877
1406,0.999409095,5.558382381
1407,0.850648944,14.70195007
1408,0.810915469,15.06263738
1409,0.824010295,3.077261452
1410,0.954224377,9.993014661
1411,0.821117825,15.0318715
1412,0.923464761,7.446001292
1413,0.83016862,0.028482282
1414,0.977907543,17.02473615
1415,0.965103767,5.522529909
1416,0.855364114,2.237737022
1417,0.828797675,7.361550402
1418,0.922899493,3.479059631
1419,0.839227283,1.967707005
1420,0.991872202,6.461155095
1421,0.981220466,11.22826722
1422,0.843397266,18.14989455
1423,0.877238328,11.23825434
1424,0.859418885,3.833165795
1425,0.962590766,7.491167659
1426,0.802373155,13.69604925
1427,0.918850669,15.37060089
1428,0.882328554,14.51697855
1429,0.961306638,5.302020067
1430,0.984588402,1.629041671
1431,0.803462011,2.713032083
1432,0.913543813,9.223146526
1433,0.950307367,12.97102116
1434,0.99434131,17.56402593
1435,0.808759389,5.062978192
1436,0.979813709,2.294674679
1437,0.852755804,8.925915331
1438,0.981961446,1.528509448
1439,0.832570448,1.774490396
1440,0.910916209,19.52282003
1441,0.853537474,9.629119299
1442,0.827760339,0.882133145
1443,0.853164883,12.12221219
1444,0.822457477,2.539791474
1445,0.928813528,10.71858669
1446,0.990833945,1.607050696
1447,0.87838992,18.78635961
1448,0.804661076,8.17581784
1449,0.932004239,12.55275955
1450,0.869697602,13.18067859
1451,0.94004429,3.127021193
1452,0.839795098,10.73127103
1453,0.965740676,12.21170551
1454,0.987152306,5.237984099
1455,0.854264796,19.66634829
1456,0.935416051,6.6482127
1457,0.992302359,6.128115973
1458,0.978702149,19.07823475
1459,0.820496312,5.193335588
1460,0.944239016,17.55992337
1461,0.921783223,11.88773023
1462,0.992844903,15.917436
1463,0.807164681,9.843804964
1464,0.874425768,0.318628671
1465,0.945536418,8.508288285
1466,0.856966077,19.40717749
1467,0.994740945,9.825333242
1468,0.950602816,4.582595968
1469,0.994424057,17.53001985
1470,0.956585388,4.732523738
1471,0.904320328,17.93458421
1472,0.978239788,16.5059078
1473,0.973971718,17.95932024
1474,0.940381551,0.960825015
1475,0.978692434,15.52990081
1476,0.985339637,2.975510464
1477,0.935620766,4.00135453
1478,0.987586265,6.398415402
1479,0.878074306,7.484548758
1480,0.91114802,1.178462725
1481,0.961465302,14.55294839
1482,0.877928901,7.881060879
1483,0.994214915,1.138783442
1484,0.876933652,11.20765484
1485,0.965060421,15.01616797
1486,0.815150025,4.726899291
1487,0.87434459,14.56235018
1488,0.979839217,18.31101328
1489,0.83474045,7.105933105
1490,0.991251124,1.744486937
1491,0.964922894,13.20434728
1492,0.908543618,5.026011328
1493,0.876664442,7.70652923
1494,0.812466051,13.84840034
1495,0.844081543,1.100158578
1496,0.971732291,15.2183077
1497,0.902865692,12.97285489
1498,0.90905889,18.13541444
1499,0.934274233,16.92902842
1500,0.938374375,15.47856049
1501,0.831792304,19.75976299
1502,0.974747612,14.86868155
1503,0.974083511,3.944252043
1504,0.880439308,0.989351844
1505,0.992850439,5.396354322
1506,0.985185914,2.400515333
1507,0.972119714,11.51051191
1508,0.866101814,17.47302283
1509,0.92646611,1.856516547
1510,0.966650261,1.171990327
1511,0.870991761,16.0936751
1512,0.881814561,12.20619861
1513,0.94826737,8.590325564
1514,0.89521391,12.02857993
1515,0.84876498,18.57026062
1516,0.921502121,18.41620007
1517,0.862278214,15.01528495
1518,0.940652561,2.31423367
1519,0.921039844,9.35474975
1520,0.844108952,15.0053509
1521,0.858569199,14.29049844
1522,0.992780758,15.04342324
1523,0.869710878,9.089903181
1524,0.805423565,9.366396713
1525,0.895524682,12.53165854
1526,0.832249595,12.54653438
1527,0.891938062,15.29505689
1528,0.976978171,1.835403455
1529,0.889003503,16.04169969
1530,0.946517615,1.065480637
1531,0.939940848,1.283312017
1532,0.819111176,19.22793002
1533,0.880913728,12.07525955
1534,0.917720745,9.078948124
1535,0.995635743,16.14426128
1536,0.820548689,7.880994752
1537,0.876513112,10.40958814
1538,0.916846429,16.20535189
1539,0.946576061,5.147874014
1540,0.960882857,5.306155772
1541,0.886976228,14.77173677
1542,0.834176599,19.6817104
1543,0.933459169,14.36341859
1544,0.864679632,17.6406729
1545,0.824629648,14.34643563
1546,0.992395256,10.13666001
1547,0.896702289,8.360885658
1548,0.869638083,16.88233505
1549,0.918141047,12.85195978
1550,0.860612469,14.84399612
1551,0.884923074,2.084042295
1552,0.869554216,10.62595113
1553,0.941402604,16.99341749
1554,0.969458618,18.96276076
1555,0.955926159,15.23566446
1556,0.906946366,19.81409217
1557,0.999950522,1.084843434
1558,0.882549618,7.309382027
1559,0.962324771,16.937335
1560,0.883792223,0.833341971
1561,0.848868812,19.99937556
1562,0.983576779,15.81231554
1563,0.943916798,16.99022442
1564,0.836684244,7.397640428
1565,0.909344867,17.3366341
1566,0.994192751,11.82267959
1567,0.995013019,19.72534692
1568,0.860992895,3.9387951
1569,0.925682128,8.135495363
1570,0.845376123,2.246546605
1571,0.828824808,11.98554722
1572,0.811698197,7.984225725
1573,0.822461957,19.2818329
1574,0.841237957,16.58928496
1575,0.810049161,8.06297732
1576,0.836831469,14.60886868
1577,0.973289767,17.37143204
1578,0.805073756,13.36563533
1579,0.838265077,4.398039622
1580,0.980137253,8.426663561
1581,0.841445725,9.488637472
1582,0.840896152,7.411413221
1583,0.839005379,17.78584825
1584,0.919048023,9.691243542
1585,0.900256418,12.74931697
1586,0.945996746,19.80594903
1587,0.835367483,17.98294348
1588,0.978049702,19.0719242
1589,0.81369068,8.816899767
1590,0.850095314,0.827879076
1591,0.960122735,12.63160119
1592,0.941296292,14.47437942
1593,0.94727661,14.48455506
1594,0.979212752,6.372076004
1595,0.882154374,16.94379672
1596,0.912399192,0.123962446
1597,0.961721451,1.708979615
1598,0.839610105,16.96613116
1599,0.984056299,6.725067705
1600,0.874338933,15.99690902
1601,0.995840877,16.94467683
1602,0.996428767,9.680694249
1603,0.819449995,18.22852048
1604,0.934176479,0.120955955
1605,0.814403291,7.781485664
1606,0.865953969,5.169854955
1607,0.918607149,18.89075189
1608,0.846397444,5.674710137
1609,0.998965332,4.910191493
1610,0.899314687,19.44316824
1611,0.830947739,1.485827169
1612,0.824289381,12.69562009
1613,0.994783492,15.43998139
1614,0.8550929,18.78786612
1615,0.839202428,13.80460636
1616,0.8821964,0.569471737
1617,0.802502195,9.496115202
1618,0.903775187,4.058904008
1619,0.847176919,4.91936989
1620,0.982820492,0.907793648
1621,0.827452848,1.477819772
1622,0.962959028,5.12718542
1623,0.836234577,19.67978614
1624,0.820275286,18.24477946
1625,0.847941325,18.91240062
1626,0.925242478,2.115031823
1627,0.805059203,12.28006717
1628,0.964262488,12.6041226
1629,0.983627014,10.09175232
1630,0.876088443,17.32260566
1631,0.919614911,5.850571563
1632,0.859189731,12.10541249
1633,0.993499789,19.32530654
1634,0.998825917,16.35167172
1635,0.991613397,4.230398242
1636,0.876551464,2.898491706
1637,0.923647399,8.020083446
1638,0.993559205,13.11954908
1639,0.912831257,15.20079048
1640,0.941848915,7.895323391
1641,0.844542967,6.176706583
1642,0.875151053,2.256179114
1643,0.998466787,4.022214597
1644,0.82091683,6.959232986
1645,0.983946741,7.474072912
1646,0.8994225,5.494558875
1647,0.829557548,11.1855477
1648,0.862569399,9.177834577
1649,0.935974669,5.393376619
1650,0.974414558,11.12832699
1651,0.827964601,15.35160488
1652,0.963541785,14.10368111
1653,0.952925615,6.505970048
1654,0.929139741,3.059300768
1655,0.81191525,16.86184267
1656,0.942977338,10.31803437
1657,0.897399408,1.463949589
1658,0.935371698,17.61808035
1659,0.835372404,14.55835439
1660,0.800725271,14.23041924
1661,0.92475489,0.890809934
1662,0.978955466,9.573698877
1663,0.858941068,2.969794069
1664,0.801357923,14.35495106
1665,0.833102923,9.843779137
1666,0.958299903,4.511492185
1667,0.805454057,2.193701147
1668,0.886490577,19.15698713
1669,0.885020989,1.035008338
1670,0.877647936,6.180656591
1671,0.961887574,6.878280313
1672,0.955682416,8.841298039
1673,0.939183001,18.05361003
1674,0.83096356,17.0523426
1675,0.872015654,10.27200452
1676,0.887224631,17.3108434
1677,0.952273866,7.375293938
1678,0.828614808,4.44231879
1679,0.848163534,8.333448453
1680,0.933513293,15.35308659
1681,0.847451614,16.55752626
1682,0.972978676,12.57478463
1683,0.807800442,10.19363926
1684,0.936458894,16.88149253
1685,0.896941596,12.05399001
1686,0.993218765,3.778426327
1687,0.95418916,5.50814433
1688,0.85450707,17.32438828
1689,0.975574287,8.983189615
1690,0.917897656,10.07558896
1691,0.979922843,3.816099091
1692,0.874171511,10.80888513
1693,0.880907297,6.664287566
1694,0.825592647,5.265877106
1695,0.917412738,14.16140386
1696,0.881254306,12.22282004
1697,0.99883088,0.633306613
1698,0.964340649,18.56784158
1699,0.853628983,8.614525197
1700,0.964535716,7.172997465
1701,0.866718917,3.699750293
1702,0.81146926,9.697148689
1703,0.812061496,1.019463959
1704,0.933770499,16.95576171
1705,0.940648106,12.54072272
1706,0.972211936,13.95044646
1707,0.950013391,17.95694033
1708,0.916617265,18.42078752
1709,0.847942548,6.584149885
1710,0.995052653,7.030908666
1711,0.982524799,13.67809682
1712,0.840258571,8.200022978
1713,0.96679501,14.62974045
1714,0.970673427,19.89541667
1715,0.946019243,19.10321142
1716,0.896100585,7.468747297
1717,0.988308007,15.37830801
1718,0.977076488,0.258834394
1719,0.915388981,4.953373166
1720,0.904343927,6.317807452
1721,0.934734329,16.07935004
1722,0.833950866,2.423806142
1723,0.946505078,11.38039189
1724,0.833254338,19.79744244
1725,0.888898069,5.366076532
1726,0.96057791,19.58766882
1727,0.907926097,19.96973431
1728,0.954807064,18.08995492
1729,0.970141385,17.43776683
1730,0.849822171,5.39809481
1731,0.908163578,1.759885616
1732,0.907146875,4.245214803
1733,0.854031825,12.67471776
1734,0.857760014,17.17505518
1735,0.949958457,12.27780404
1736,0.841339141,15.68949987
1737,0.93148257,4.627650137
1738,0.934710391,14.71408672
1739,0.965925257,2.000921241
1740,0.822741314,17.51668114
1741,0.943421547,16.46170999
1742,0.935549374,12.71388593
1743,0.973150913,0.546099846
1744,0.877132426,10.7634649
1745,0.816600614,9.559345084
1746,0.913374956,14.00655958
1747,0.903608292,10.36724144
1748,0.902611926,13.35384207
1749,0.966507247,3.828571129
1750,0.80363379,9.37025585
1751,0.896725028,8.139883928
1752,0.829365076,11.67511847
1753,0.816247286,3.571376034
1754,0.976070544,18.78983825
1755,0.836038744,17.88826864
1756,0.832470947,18.51071317
1757,0.989927659,18.64917284
1758,0.967982617,7.390969238
1759,0.858163858,4.854997645
1760,0.899371892,5.840591328
1761,0.803810774,17.4804214
1762,0.804741477,18.0870355
1763,0.969276417,16.9009125
1764,0.85687399,14.51097221
1765,0.887924946,19.70947015
1766,0.856723369,2.152306187
1767,0.907027356,4.185486807
1768,0.985092408,18.64443366
1769,0.871645569,19.91906818
1770,0.897791364,8.896653721
1771,0.957726807,8.200504155
1772,0.849335949,1.388461325
1773,0.890137178,5.253476658
1774,0.946492391,15.97584959
1775,0.961289801,19.57525811
1776,0.834302086,14.33789033
1777,0.957243289,9.214860358
1778,0.921027347,12.25794019
1779,0.949247568,11.21066576
1780,0.99995084,19.00812607
1781,0.928630891,6.45505993
1782,0.944884947,10.06073915
1783,0.911707565,3.488245936
1784,0.805486504,17.65059824
1785,0.915452193,1.757783397
1786,0.813372676,7.897827056
1787,0.825000682,13.92100912
1788,0.929452738,9.648589359
1789,0.887357421,8.715500607
1790,0.896324764,7.655454709
1791,0.844592052,8.10971423
1792,0.86830435,16.87670168
1793,0.815069126,17.79260811
1794,0.874668323,13.78559212
1795,0.871603004,12.09597977
1796,0.836887786,6.446766917
1797,0.887230242,13.61208236
1798,0.857742647,16.77734226
1799,0.949315623,18.06524893
1800,0.857229511,3.921256515
1801,0.953771481,2.06424577
1802,0.896489186,0.308310861
1803,0.934334398,14.9267422
1804,0.9304751,11.67359441
1805,0.814490823,4.809642891
1806,0.994457836,17.14522606
1807,0.992024623,15.53980467
1808,0.923570525,15.24261082
1809,0.865826834,5.428422313
1810,0.976600663,16.48930495
1811,0.80797885,0.822200845
1812,0.817464335,11.67327992
1813,0.927123398,18.14915752
1814,0.989392982,2.308552956
1815,0.956718438,0.988885982
1816,0.950804124,1.764569709
1817,0.834811087,4.840012117
1818,0.924816099,14.77418231
1819,0.8121589,15.49284568
1820,0.920328691,18.57581322
1821,0.959986306,3.33112157
1822,0.855050139,4.359787919
1823,0.852462025,5.050992638
1824,0.860196482,11.57597688
1825,0.942606857,6.945546908
1826,0.871820374,11.53644111
1827,0.941455027,4.847605116
1828,0.935611249,7.841514614
1829,0.850206069,1.981890991
1830,0.814686001,15.77188832
1831,0.889149264,9.536041611
1832,0.94415441,8.321573775
1833,0.969001389,9.762092043
1834,0.801315361,4.696640717
1835,0.962136068,13.37856444
1836,0.883076415,0.850733062
1837,0.921954505,6.223224814
1838,0.881572981,16.4368664
1839,0.805446534,18.06062494
1840,0.850815684,2.394511467
1841,0.925845359,11.354358
1842,0.879260877,18.56048203
1843,0.950858643,8.189599232
1844,0.842191768,5.555547647
1845,0.992799394,5.138836973
1846,0.937002194,7.656088749
1847,0.957941449,0.927262977
1848,0.831682051,16.2360331
1849,0.91377839,3.723147687
1850,0.987256132,16.23779195
1851,0.877799409,4.203790343
1852,0.844098253,7.238927442
1853,0.888561363,18.63621626
1854,0.86670926,5.978515408
1855,0.854429089,8.922940384
1856,0.925542037,13.71955937
1857,0.972987061,16.54013616
1858,0.873219161,19.69122398
1859,0.828081201,14.12929481
1860,0.947157086,6.724058965
1861,0.916837653,15.13769506
1862,0.816050184,6.114890994
1863,0.805104951,10.06391718
1864,0.925006071,0.135221519
1865,0.812585166,19.1180943
1866,0.823610507,10.42316155
1867,0.856103067,11.77015851
1868,0.894357457,4.463547738
1869,0.82794327,1.805126621
1870,0.924183293,3.904598858
1871,0.896208985,5.083338883
1872,0.890612951,12.49750305
1873,0.948479506,0.226882537
1874,0.85404468,5.822372973
1875,0.829899861,16.59072159
1876,0.996423449,6.332772359
1877,0.81046273,16.55096333
1878,0.882843402,18.38686692
1879,0.803564465,11.43475625
1880,0.881754766,0.929827963
1881,0.896233574,12.83110684
1882,0.931224527,7.977710143
1883,0.852611754,11.31659975
1884,0.918555711,10.81005134
1885,0.898622655,6.621587017
1886,0.912179194,9.828088001
1887,0.831096695,12.06631126
1888,0.87901704,16.62056968
1889,0.937082556,4.236492342
1890,0.947737108,19.89844007
1891,0.949184168,17.51446729
1892,0.921902223,13.40992639
1893,0.987460938,10.62008879
1894,0.902699371,17.72716286
1895,0.84417296,1.859818806
1896,0.98209775,13.59230916
1897,0.881758483,8.152515424
1898,0.956760312,14.96722005
1899,0.802688578,6.910539882
1900,0.816900386,10.54696712
1901,0.949646079,6.81847147
1902,0.994827949,16.62347984
1903,0.981891502,3.489807849
1904,0.869120108,3.273700952
1905,0.810634036,11.81030847
1906,0.99275985,1.440954112
1907,0.847380926,0.704130436
1908,0.97089464,15.75537379
1909,0.92262705,19.51703635
1910,0.869727082,8.443062684
1911,0.957594069,17.85926146
1912,0.949783004,15.70674936
1913,0.960768025,16.39951973
1914,0.967805514,4.399720504
1915,0.846974988,12.94453902
1916,0.818460476,4.294199305
1917,0.82651558,3.640273693
1918,0.897155036,2.788155888
1919,0.828037162,11.60585451
1920,0.871828746,12.20608598
1921,0.964698772,15.14032216
1922,0.814367026,2.825926982
1923,0.874637542,0.024913823
1924,0.935293703,12.82372546
1925,0.981403197,16.77884557
1926,0.940540047,13.11310961
1927,0.890464298,4.049847653
1928,0.814821686,3.578985993
1929,0.92220198,16.84182796
1930,0.847187371,15.87778849
1931,0.908049942,3.164812768
1932,0.951713204,8.015978896
1933,0.834542565,18.58579764
1934,0.82561555,14.06553395
1935,0.970128687,16.78006214
1936,0.967072042,6.329251361
1937,0.843792718,3.325314824
1938,0.867236673,8.847431802
1939,0.954439656,9.975559419
1940,0.933738357,8.57019749
1941,0.859221721,15.61047721
1942,0.938567764,2.39555957
1943,0.831885483,17.04693403
1944,0.921947683,6.064509792
1945,0.983956047,11.65371948
1946,0.925752092,12.30911437
1947,0.822962863,11.65168958
1948,0.96056686,16.81993955
1949,0.988185888,10.69355552
1950,0.856927127,5.225688608
1951,0.947805178,10.78144889
1952,0.998582634,17.28035978
1953,0.803579369,17.42344811
1954,0.868176832,4.954886492
1955,0.962809062,1.77082065
1956,0.996144735,6.611460433
1957,0.945720652,4.583474093
1958,0.948059388,6.859296571
1959,0.87531382,1.536834114
1960,0.955629046,17.14891083
1961,0.971870372,0.974510372
1962,0.966002276,10.46447216
1963,0.906732687,14.40906355
1964,0.844652342,4.396895013
1965,0.821338294,7.177746361
1966,0.85986612,17.40717673
1967,0.949025172,2.157300334
1968,0.888314928,18.26512447
1969,0.950392031,9.939269389
1970,0.865000941,1.136279522
1971,0.898289018,4.004796421
1972,0.970573585,19.02070019
1973,0.815135638,17.58370212
1974,0.904465122,14.57964022
1975,0.907747788,11.46361299
1976,0.9382999,8.07544525
1977,0.921073972,15.67140191
1978,0.990435951,11.08987118
1979,0.828418282,0.356339533
1980,0.961724682,17.38716544
1981,0.820675331,1.836170436
1982,0.87603743,4.545656887
1983,0.855889103,8.161288389
1984,0.890696589,4.468862148
1985,0.856871531,7.675701501
1986,0.955562228,8.910060984
1987,0.878348635,3.138087077
1988,0.881806896,16.00892345
1989,0.973504547,8.145975497
1990,0.962819963,11.69787271
1991,0.81088475,16.10017126
1992,0.943320944,0.058676134
1993,0.80335184,10.06726474
1994,0.893394996,15.8007713
1995,0.936291105,8.658397256
1996,0.952011794,12.78433772
1997,0.899472414,19.67519724
1998,0.871667889,17.03544512
1999,0.834003752,3.747335359
2000,0.89691142,11.34209059
2001,0.875004357,3.127580304
2002,0.884141924,1.732510247
2003,0.867161327,16.52940347
2004,0.940690295,6.1863635
2005,0.847980931,10.07834657
2006,0.982304859,15.97993579
2007,0.896380997,1.344991939
2008,0.99742166,19.9754937
2009,0.852514668,10.37249982
2010,0.936542278,18.49041132
2011,0.908355067,4.048604383
2012,0.835696,0.905808798
2013,0.846586665,10.6326068
2014,0.803636773,16.29813015
2015,0.996858197,6.322750592
2016,0.805385098,14.57573939
2017,0.889052858,18.55190199
2018,0.80125072,11.40091797
2019,0.899861215,11.80725148
2020,0.924973665,2.474958327
2021,0.800349766,1.868833169
2022,0.878092306,11.13490131
2023,0.926807709,5.42156028
2024,0.852009102,1.602275826
2025,0.974125723,13.41717101
2026,0.811652018,2.820451409
2027,0.918568016,8.472587859
2028,0.85298823,8.23835036
2029,0.867248285,19.77269301
2030,0.954396821,12.35233349
2031,0.833392809,11.75889935
2032,0.800310387,4.512532617
2033,0.829013738,19.29686198
2034,0.931240729,9.377331385
2035,0.951659003,7.213425799
2036,0.956812548,3.409235717
2037,0.913562902,14.00609025
2038,0.987140636,1.767634831
2039,0.875974946,1.478233396
2040,0.90139903,13.34708157
2041,0.923996925,9.448995735
2042,0.927754219,11.48647219
2043,0.913121147,6.080374022
2044,0.877429143,14.50730431
2045,0.88846658,0.707156659
2046,0.869024192,4.10542123
2047,0.900412994,4.619362898
2048,0.865647406,9.790286532
2049,0.915533058,18.99939717
2050,0.802975335,8.942792596
2051,0.915399476,19.38268469
2052,0.953073864,13.02655937
2053,0.892215984,14.82267452
2054,0.986798082,5.44668309
2055,0.809924511,0.340019634
2056,0.970808742,16.46580957
2057,0.949315708,10.70825063
2058,0.819492601,10.49647717
2059,0.852338777,19.95736996
2060,0.926121832,5.655787015
2061,0.881130171,0.790355666
2062,0.8595949,9.81963363
2063,0.965136093,4.97966792
2064,0.803529025,3.019404133
2065,0.95502763,11.42815174
2066,0.94586243,16.14931426
2067,0.830919099,17.04800128
2068,0.985726758,8.040629052
2069,0.84334521,1.103570275
2070,0.981233065,17.21976248
2071,0.959132945,16.99646969
2072,0.977665953,7.769425706
2073,0.819451369,11.22424458
2074,0.971929022,5.910022685
2075,0.865876344,8.883969303
2076,0.843822021,15.76777915
2077,0.97143833,2.665105216
2078,0.938028368,0.93373559
2079,0.816509203,2.47885806
2080,0.932767073,15.2486434
2081,0.843000305,19.08610811
2082,0.859684043,4.644580311
2083,0.894080024,13.95451779
2084,0.985573423,9.025071236
2085,0.977767348,14.9483966
2086,0.816377841,17.33863597
2087,0.953604341,14.77801965
2088,0.89553629,5.520731967
2089,0.900914422,17.37170193
2090,0.818344275,14.60842594
2091,0.92458554,12.07362752
2092,0.872452859,10.14571733
2093,0.875784613,18.22904482
2094,0.881014689,19.96312529
2095,0.924919274,11.85483348
2096,0.984590033,14.09881296
2097,0.916230362,7.06243068
2098,0.836502531,10.4862232
2099,0.986640579,5.914031972
2100,0.876204212,13.1586437
2101,0.875018288,19.2920924
2102,0.987847221,15.1568241
2103,0.965545083,3.610887787
2104,0.951183824,15.47181702
2105,0.984604754,17.52776817
2106,0.990850515,3.413827188
2107,0.819528356,3.373011058
2108,0.882394168,0.118942093
2109,0.973765944,14.7925465
2110,0.837630188,7.062153232
2111,0.973923171,0.313341906
2112,0.897654598,13.5098756
2113,0.804024881,17.33792397
2114,0.857019809,19.79229037
2115,0.881628621,14.05587536
2116,0.920240905,9.633338906
2117,0.851809053,5.221056778
2118,0.884000849,16.05725271
2119,0.837769743,5.174160914
2120,0.942299449,2.831009681
2121,0.80833686,11.35198206
2122,0.897508003,16.82764382
2123,0.919546563,10.62144703
2124,0.845831632,11.16696214
2125,0.978753231,3.480383606
2126,0.849954235,7.07543874
2127,0.806848862,10.97610271
2128,0.899171962,11.79319042
2129,0.972791202,11.39084977
2130,0.969623901,15.14621685
2131,0.804008194,4.888455066
2132,0.9899077,3.342320895
2133,0.85965321,1.4457499
2134,0.894598012,16.28386852
2135,0.945526606,19.53092694
2136,0.81403404,5.651834444
2137,0.928472137,7.579756722
2138,0.98198075,7.75231591
2139,0.923504576,19.12732731
2140,0.948430074,15.3077605
2141,0.967459292,7.85797695
2142,0.91485391,7.025389192
2143,0.807626457,13.08928029
2144,0.944399978,1.95922761
2145,0.94320719,13.14938613
2146,0.89216389,14.30731792
2147,0.825437686,11.28780044
2148,0.811654551,11.47755597
2149,0.971505012,5.411122944
2150,0.816813713,17.48634553
2151,0.841853105,10.09111116
2152,0.85633636,6.628674961
2153,0.818483151,14.19180251
2154,0.911951219,10.3374514
2155,0.940656304,17.91482136
2156,0.836844377,6.49317097
2157,0.876001212,0.158096948
2158,0.864440789,6.221397033
2159,0.876978813,1.471974601
2160,0.873505082,14.5258624
2161,0.852462118,5.727431081
2162,0.837296444,15.55451502
2163,0.832821659,9.494983365
2164,0.891371592,5.26153165
2165,0.855244564,19.78469206
2166,0.814908386,6.844779777
2167,0.857112265,13.07887521
2168,0.931045387,13.31221119
2169,0.892482243,13.51033875
2170,0.987896927,12.35811407
2171,0.894908441,11.30961259
2172,0.931946912,6.905824808
2173,0.951633415,3.585200529
2174,0.914701686,10.15602661
2175,0.936028339,5.643637134
2176,0.930592117,7.022763439
2177,0.847892767,7.168313707
2178,0.812197152,7.290846385
2179,0.995683755,6.291537964
2180,0.839353578,7.497707147
2181,0.842780034,2.207434457
2182,0.949483289,16.005129
2183,0.883029441,11.17638598
2184,0.850797399,0.847166194
2185,0.859865493,6.378782921
2186,0.884247429,15.8247298
2187,0.938768699,18.04672457
2188,0.933343976,19.38628604
2189,0.823930204,10.5820059
2190,0.843534137,7.732907831
2191,0.887208268,15.85494525
2192,0.873204898,3.211005444
2193,0.820083022,15.41721255
2194,0.83005939,1.457387123
2195,0.833540044,12.7462681
2196,0.850729345,0.435101268
2197,0.986038866,9.496842432
2198,0.834025575,4.309643643
2199,0.928089354,6.592041708
2200,0.901693802,14.23546989
2201,0.874084039,19.04884652
2202,0.884095688,6.550339127
2203,0.903123329,8.184046593
2204,0.996940663,11.91016196
2205,0.851682968,17.04175868
2206,0.853042619,17.06322461
2207,0.968191903,9.727051041
2208,0.815640643,13.45814515
2209,0.811101153,0.443001345
2210,0.93564281,19.37012006
2211,0.803360636,12.48428769
2212,0.996179426,18.16000837
2213,0.805986822,12.5261157
2214,0.891024108,6.320140576
2215,0.992284638,3.767259872
2216,0.848464134,18.06522619
2217,0.859841131,8.860448012
2218,0.99319366,17.49625307
2219,0.856761869,19.01889558
2220,0.948574598,7.53425661
2221,0.881325535,0.922626731
2222,0.860762112,7.46454357
2223,0.803892424,5.353849613
2224,0.868015332,7.306093408
2225,0.924784578,16.69051781
2226,0.830311946,18.7610015
2227,0.985429044,19.54663651
2228,0.897948555,0.709412851
2229,0.866909095,5.529823613
2230,0.998417029,2.557731583
2231,0.840447365,5.866192383
2232,0.982485472,0.592072762
2233,0.922462781,15.83175701
2234,0.969911233,8.065987532
2235,0.963836688,8.308626166
2236,0.90544021,3.557492851
2237,0.812204159,17.61323998
2238,0.963662837,5.506284151
2239,0.990676359,19.92771834
2240,0.807781156,10.43848274
2241,0.886655768,1.178475284
2242,0.904375822,12.87027742
2243,0.842717832,1.374364824
2244,0.90982476,16.26771107
2245,0.977926151,12.97052361
2246,0.93800189,1.93388572
2247,0.891208809,10.80333719
2248,0.911560206,6.490730282
2249,0.889805296,12.28895159
2250,0.981034341,11.37859909
2251,0.987473078,6.928533649
2252,0.949787029,5.700116126
2253,0.997327018,11.30400841
2254,0.992334553,4.825261368
2255,0.929926262,9.708021246
2256,0.89230557,14.22215662
2257,0.94133885,6.55401798
2258,0.939760421,5.364130977
2259,0.82864002,18.24405027
2260,0.821131914,9.069225016
2261,0.903054008,0.775810534
2262,0.814137645,12.08951171
2263,0.878603255,7.206833194
2264,0.891838956,3.490170237
2265,0.88102493,6.838183549
2266,0.983389292,2.834796815
2267,0.890748724,3.864574736
2268,0.867543962,12.36509809
2269,0.919341494,14.98628637
2270,0.809610869,5.684694981
2271,0.893637064,12.90969703
2272,0.949753791,8.933296005
2273,0.968117681,18.51000081
2274,0.883810181,16.75815693
2275,0.847555791,9.027159365
2276,0.908055732,19.73891128
2277,0.836573675,16.43763819
2278,0.985745548,13.54196589
2279,0.811362773,10.64884498
2280,0.857121065,4.881500963
2281,0.842862042,10.6237356
2282,0.982719192,13.32817596
2283,0.846031044,0.564578646
2284,0.905378097,3.96374127
2285,0.833053515,13.65569662
2286,0.839405571,7.760182668
2287,0.851363714,6.909839653
2288,0.97429884,19.1612337
2289,0.803187581,11.32044115
2290,0.825134938,18.24425535
2291,0.936727899,14.15485386
2292,0.833934463,15.91180937
2293,0.93877763,17.9837771
2294,0.833702785,5.441169446
2295,0.832907458,6.261353322
2296,0.873578739,10.48961967
2297,0.98386615,11.3158265
2298,0.830107349,14.32863368
2299,0.825344629,11.42353681
2300,0.891016924,1.116586862
2301,0.833677872,19.91404572
2302,0.866668272,18.87297157
2303,0.864458344,8.549465832
2304,0.880757758,0.400235119
2305,0.980842155,15.83879507
2306,0.89096005,15.35069431
2307,0.890843808,6.233603399
2308,0.921432137,4.073751099
2309,0.83431633,10.12150263
2310,0.97409277,16.9262016
2311,0.975292974,18.9269945
2312,0.903328419,3.10608108
2313,0.87400894,8.467894787
2314,0.963798096,4.607935284
2315,0.983657624,18.5873362
2316,0.937748737,8.770350954
2317,0.883301267,6.654958699
2318,0.807624698,4.627660952
2319,0.955094288,11.36216284
2320,0.995090193,13.46839451
2321,0.852296759,18.05577925
2322,0.825981338,0.416711539
2323,0.957671964,4.786132045
2324,0.874312212,15.85691522
2325,0.993916837,17.35656206
2326,0.930714541,18.33386478
2327,0.957537671,2.521030906
2328,0.982551926,6.626386673
2329,0.855333011,17.82376507
2330,0.945649562,8.128892291
2331,0.815275478,14.6482771
2332,0.817788765,8.129205333
2333,0.906597804,11.13334516
2334,0.87644164,14.70352975
2335,0.957489572,2.968990429
2336,0.98633546,14.9354504
2337,0.997144761,18.36171744
2338,0.949588703,16.37083537
2339,0.965901667,17.98295347
2340,0.952105698,10.31755087
2341,0.992063369,14.31489409
2342,0.802216167,0.667679046
2343,0.93306686,5.547750279
2344,0.988328728,17.51665494
2345,0.94253099,3.887045975
2346,0.906088851,16.43920643
2347,0.833612754,16.97238247
2348,0.966925013,16.39074776
2349,0.88451996,6.917407681
2350,0.906871589,8.544266903
2351,0.866501791,13.8411648
2352,0.888418976,9.936007882
2353,0.863800466,14.08567181
2354,0.94546193,14.90648154
2355,0.922549037,15.97709244
2356,0.889816554,2.719084659
2357,0.823717266,18.67127465
2358,0.89359341,19.74224498
2359,0.983861279,11.3316506
2360,0.813788141,17.74307535
2361,0.836119892,4.093800584
2362,0.933283746,3.310305684
2363,0.937290243,8.290482221
2364,0.960999659,13.76544635
2365,0.933092292,0.717166455
2366,0.886773845,19.92813071
2367,0.882145609,18.12095965
2368,0.977194666,2.348880319
2369,0.818841145,3.181897792
2370,0.8043461,10.06655146
2371,0.878821846,9.619423817
2372,0.864322681,12.68552632
2373,0.945727254,16.03031988
2374,0.903487793,9.659463604
2375,0.83412323,19.85211564
2376,0.931881191,17.05629041
2377,0.842342179,7.333501125
2378,0.82701251,12.98316863
2379,0.840243588,17.34031203
2380,0.987870414,14.79566069
2381,0.850802803,17.8144883
2382,0.893388607,12.05108197
2383,0.982907841,13.42952186
2384,0.871163492,8.139291106
2385,0.896873664,14.8928098
2386,0.827470149,11.23213025
2387,0.964765284,1.97633082
2388,0.830373811,11.14957547
2389,0.956519595,9.197366519
2390,0.81073887,6.161193422
2391,0.829138645,2.551405664
2392,0.844245365,14.13278329
2393,0.830198319,13.23908732
2394,0.949389542,17.44111129
2395,0.994033529,4.953880507
2396,0.930640628,15.28201015
2397,0.976349908,15.19644009
2398,0.986003005,1.871389159
2399,0.838179911,7.212240485
2400,0.82160972,12.01552074
2401,0.852224114,19.29590419
2402,0.998124295,0.335924976
2403,0.981916257,6.967766401
2404,0.880462007,15.04701231
2405,0.914089954,15.32883283
2406,0.897925501,10.03061362
2407,0.823414353,16.56579325
2408,0.852352652,12.72305513
2409,0.81131232,9.274198166
2410,0.84938659,18.64242888
2411,0.905641387,12.85988591
2412,0.868462302,3.014808866
2413,0.927786342,2.060584306
2414,0.810637261,2.069051138
2415,0.920732537,10.72313336
2416,0.923665316,7.585352732
2417,0.930261282,8.974915641
2418,0.873236175,1.523566053
2419,0.816532478,9.698450155
2420,0.886089482,3.743298836
2421,0.941176606,2.415236076
2422,0.924074769,10.24990552
2423,0.826920749,1.822611472
2424,0.847840499,10.6962197
2425,0.878235086,0.159955838
2426,0.901660555,15.673585
2427,0.833437004,7.059029745
2428,0.991741525,9.055742815
2429,0.841341671,2.086219575
2430,0.805174876,9.174954341
2431,0.818401077,9.999583983
2432,0.881049641,14.01488522
2433,0.803704386,0.182874884
2434,0.802357787,10.64466356
2435,0.865444934,5.660308617
2436,0.894610555,12.1276684
2437,0.937862813,0.776511656
2438,0.868580259,10.29314307
2439,0.981010032,11.23184697
2440,0.829210941,2.787924253
2441,0.990608435,13.82290101
2442,0.847424184,8.914937562
2443,0.995897193,15.94499036
2444,0.90695739,4.535367632
2445,0.872135447,8.733727492
2446,0.85161856,5.948475347
2447,0.955798386,13.09280248
2448,0.943573738,9.787419975
2449,0.985292726,14.04687302
2450,0.900224401,6.198162207
2451,0.967375574,11.98544099
2452,0.910057353,3.745635539
2453,0.898827433,16.85762358
2454,0.815944484,7.557491725
2455,0.815362266,7.234957914
2456,0.957728336,16.96065544
2457,0.865970702,6.236739415
2458,0.915761611,5.747439757
2459,0.912790975,4.065118264
2460,0.882607798,10.23220986
2461,0.820546519,4.947329248
2462,0.996000596,8.312102214
2463,0.92367427,1.560876787
2464,0.81461048,13.22450626
2465,0.892656265,6.307576151
2466,0.996989752,15.11057655
2467,0.811731212,16.93474471
2468,0.816380226,1.4752245
2469,0.971915028,3.616541666
2470,0.817876369,4.108656712
2471,0.912972228,17.42585133
2472,0.863014051,14.80187256
2473,0.941512132,14.44698759
2474,0.946162261,16.76011592
2475,0.896652082,8.918307352
2476,0.871469053,16.42161819
2477,0.880307803,18.37511009
2478,0.990220005,9.887848921
2479,0.942605166,19.74360494
2480,0.911462341,18.46747114
2481,0.921415228,2.467894914
2482,0.822022568,11.17396387
2483,0.815407615,14.41541951
2484,0.81910218,18.14507277
2485,0.955095937,2.021066782
2486,0.834857598,10.58076917
2487,0.827768752,2.737699828
2488,0.969930334,13.17112103
2489,0.960468885,4.540737937
2490,0.876910371,2.085108893
2491,0.924207985,4.254164565
2492,0.94299691,14.97971309
2493,0.939074233,12.41450915
2494,0.940096901,4.710664311
2495,0.951390842,8.951219648
2496,0.862627676,6.563005595
2497,0.835859127,11.78734645
2498,0.975635812,14.57974792
2499,0.948753397,12.60768978
2500,0.929567812,19.40361121
2501,0.971660442,15.72130475
2502,0.866706423,11.89480004
2503,0.840996785,11.82957058
2504,0.834148949,4.694222816
2505,0.971018837,10.35698739
2506,0.998895325,11.11605553
2507,0.907075324,12.99488532
2508,0.90209213,5.241881691
2509,0.932910093,9.612248477
2510,0.867286173,3.428166732
2511,0.907035873,14.94122456
2512,0.978471876,16.24090919
2513,0.96671099,15.96259676
2514,0.987094043,8.176876281
2515,0.892903862,15.441651
2516,0.920090427,12.59334827
2517,0.93917556,4.269293323
2518,0.932810163,19.59846074
2519,0.949655965,19.11520017
2520,0.93193637,0.076718841
2521,0.823604444,2.327867479
2522,0.85686764,11.38042796
2523,0.836144034,4.503619724
2524,0.997873106,11.93624212
2525,0.837085562,5.082399363
2526,0.836669656,1.324789018
2527,0.820012974,0.787539276
2528,0.818793994,17.08280023
2529,0.944918107,4.989558224
2530,0.890939507,16.65664163
2531,0.857622841,11.82628794
2532,0.9502389,12.27621894
2533,0.993762916,16.50588031
2534,0.939190143,10.81904593
2535,0.982070604,8.506490498
2536,0.899744429,16.40818383
2537,0.913785033,13.1873474
2538,0.931727768,5.865039367
2539,0.911290969,5.581346682
2540,0.852575743,0.164779068
2541,0.930387044,13.44662185
2542,0.852824103,19.02226985
2543,0.989936287,14.09330398
2544,0.833668603,2.570242733
2545,0.866616909,13.22316529
2546,0.841870096,5.547029431
2547,0.932212674,13.06124162
2548,0.853530631,17.16106174
2549,0.832114119,14.79273598
2550,0.914125361,3.132687392
2551,0.833100592,16.45532311
2552,0.934417919,0.590196289
2553,0.873706659,12.46093931
2554,0.863885163,18.0066779
2555,0.8178545,0.216528778
2556,0.96629861,2.486121619
2557,0.886509979,13.91842426
2558,0.829512278,14.43094863
2559,0.938291917,8.869241818
2560,0.916756344,18.72531925
2561,0.941327974,11.33028251
2562,0.840756063,7.74405921
2563,0.815717767,6.407195747
2564,0.886220345,8.023793479
2565,0.839440837,8.178162796
2566,0.960940492,15.70162334
2567,0.800676694,18.18740111
2568,0.958646561,18.625654
2569,0.946060083,11.9986687
2570,0.874486771,17.99701167
2571,0.970087038,11.54781526
2572,0.869085407,8.802581787
2573,0.808655301,12.06189321
2574,0.808762608,1.193842113
2575,0.984995627,6.065450336
2576,0.866295132,15.91053862
2577,0.821442193,9.20327326
2578,0.839836212,2.029922575
2579,0.818432725,11.33752672
2580,0.97089191,12.54797315
2581,0.820116499,12.17136081
2582,0.979761237,3.532025548
2583,0.86180757,11.19883284
2584,0.814682736,3.283107325
2585,0.973976156,8.279427101
2586,0.824808571,11.84997474
2587,0.982704692,3.143662165
2588,0.867344262,3.137150158
2589,0.927597183,1.773046994
2590,0.926202363,17.31499138
2591,0.850695384,8.201322598
2592,0.937508181,1.7589675
2593,0.906035482,10.91919398
2594,0.90520347,15.55458831
2595,0.915068057,12.61851584
2596,0.982600424,7.0020367
2597,0.838372734,13.96649959
2598,0.9816941,5.777830403
2599,0.974649805,9.385455041
2600,0.857264641,4.062432052
2601,0.898357965,11.31506968
2602,0.805581056,14.93298261
2603,0.840806311,19.25772025
2604,0.974251356,5.176121414
2605,0.956701315,19.13100971
2606,0.868666694,11.61769615
2607,0.986325687,11.45266802
2608,0.812267796,6.859729553
2609,0.981280718,1.176504369
2610,0.880802628,16.44199444
2611,0.879879448,0.33652789
2612,0.862043687,13.8886278
2613,0.981526736,16.97019086
2614,0.839929288,16.92081777
2615,0.832815426,16.95384428
2616,0.813827137,12.07418253
2617,0.81443391,2.096050021
2618,0.895282205,10.10944476
2619,0.882086898,4.591541889
2620,0.991340234,14.44235178
2621,0.931994508,18.07393179
2622,0.870250088,0.840034795
2623,0.832509247,11.86027882
2624,0.846193686,15.09874375
2625,0.862622673,14.46722368
2626,0.808081773,3.498411886
2627,0.933966404,8.916140132
2628,0.923377234,17.28361366
2629,0.966768814,14.01687351
2630,0.996645003,12.70571408
2631,0.937276469,3.757713488
2632,0.998380364,9.268694929
2633,0.9606585,11.88350115
2634,0.869836809,3.178349021
2635,0.989695097,8.251103128
2636,0.965107248,16.3922751
2637,0.868093728,14.39444898
2638,0.823601204,6.875148818
2639,0.956975949,11.50464382
2640,0.938976109,13.47829178
2641,0.815966377,10.84140459
2642,0.894203438,3.956328558
2643,0.930829205,11.39361618
2644,0.860131834,19.85574865
2645,0.988980707,11.17784624
2646,0.879131635,14.6740725
2647,0.878529879,7.41065771
2648,0.824259717,0.93566483
2649,0.991756488,1.749110095
2650,0.925741471,3.362413267
2651,0.897236701,15.97989023
2652,0.863265045,10.23080241
2653,0.816539115,7.073185787
2654,0.929307943,18.08372179
2655,0.914187103,0.224124575
2656,0.821752485,16.7183292
2657,0.862917745,11.57121643
2658,0.880368593,14.34993704
2659,0.965320063,0.694575614
2660,0.880154227,18.31955219
2661,0.898117317,4.000265672
2662,0.832163814,18.29568736
2663,0.816510536,2.840601787
2664,0.93372052,17.41875804
2665,0.941480527,15.6585074
2666,0.911509301,1.861325954
2667,0.949961542,12.54725651
2668,0.977391851,6.414842618
2669,0.806288487,17.06656285
2670,0.858162612,14.15538546
2671,0.974653325,14.04471478
2672,0.898052928,15.04373912
2673,0.925834232,2.132085764
2674,0.862857083,11.86033827
2675,0.998909018,16.26865381
2676,0.979292,5.302135679
2677,0.956641979,7.416189423
2678,0.917585434,5.491413394
2679,0.841541722,4.84988299
2680,0.977953194,10.46767737
2681,0.938843154,4.858207024
2682,0.898333028,12.11718293
2683,0.872369201,4.383851113
2684,0.99709313,7.874427048
2685,0.862691769,0.700865866
2686,0.99291873,3.098510211
2687,0.887557417,4.91671301
2688,0.905097145,16.26270616
2689,0.858816414,2.586612106
2690,0.931117799,1.835275583
2691,0.965284211,16.25918753
2692,0.982333469,14.92991583
2693,0.822250814,18.45770913
2694,0.975830943,10.26748298
2695,0.816312151,0.904646435
2696,0.975474358,14.82134764
2697,0.893295004,1.149913631
2698,0.901267706,14.21167155
2699,0.965544623,15.4759532
2700,0.859605286,19.526363
2701,0.881132483,16.99188491
2702,0.911170311,2.145596793
2703,0.838133331,4.695306826
2704,0.932598019,15.68233995
2705,0.814162763,9.240542447
2706,0.869059417,0.977392351
2707,0.829039863,2.611205981
2708,0.81333575,6.849184101
2709,0.81942301,10.73398054
2710,0.949898721,15.58971825
2711,0.907261601,19.29979804
2712,0.931578061,12.78628504
2713,0.956897576,8.517145163
2714,0.927472177,2.848635807
2715,0.840806184,7.171690375
2716,0.859517569,15.07860031
2717,0.846703748,18.96323251
2718,0.988377856,8.527438245
2719,0.864709494,19.37399987
2720,0.827680125,13.70371298
2721,0.938417715,8.72458819
2722,0.803429097,11.04829655
2723,0.823027145,11.38319953
2724,0.80243076,12.52503775
2725,0.903076681,16.86492994
2726,0.856576279,1.092766997
2727,0.864685713,15.83703751
2728,0.915527628,11.61402892
2729,0.883211053,15.83370297
2730,0.91521306,2.349787808
2731,0.825875062,13.35996213
2732,0.96324669,0.263045403
2733,0.929441409,13.17068975
2734,0.827684374,14.007987
2735,0.838187574,16.36057368
2736,0.8385434,7.50522044
2737,0.83585901,8.158151297
2738,0.934805499,10.37581855
2739,0.917420935,4.757557057
2740,0.89565714,7.9209546
2741,0.964160023,17.15340464
2742,0.991055906,0.032079839
2743,0.927620341,16.14084864
2744,0.807798208,3.682922043
2745,0.811725246,17.52682461
2746,0.986330938,8.601758507
2747,0.951533914,14.68667229
2748,0.864261116,14.63082158
2749,0.908657759,9.744748723
2750,0.981709706,1.732216186
2751,0.856340772,3.546855717
2752,0.997876613,12.35725425
2753,0.997448088,15.21255723
2754,0.938964022,14.54317262
2755,0.99874681,19.07713255
2756,0.973469805,12.46066678
2757,0.932363555,13.39429192
2758,0.925281101,0.959079133
2759,0.96612208,2.731926993
2760,0.910080406,7.395656555
2761,0.832234314,11.43608687
2762,0.932278249,13.27827689
2763,0.981270924,10.28143069
2764,0.977746016,18.80129037
2765,0.925577642,12.80671129
2766,0.869689129,11.84977289
2767,0.815249226,18.37953992
2768,0.841516844,13.60006227
2769,0.959414922,8.980781914
2770,0.888121792,16.29942728
2771,0.903630215,1.513923678
2772,0.850019239,11.89344325
2773,0.806091431,11.51865306
2774,0.921166259,8.679321957
2775,0.961722019,7.440228081
2776,0.972997277,12.35941817
2777,0.913978463,5.505934094
2778,0.841395409,7.646097212
2779,0.820223011,11.34200656
2780,0.891257993,3.864822827
2781,0.807012507,15.28247258
2782,0.965517981,18.95967177
2783,0.934867668,3.824859415
2784,0.825773602,9.431426231
2785,0.865001302,5.592674756
2786,0.863944334,4.915701939
2787,0.906440348,1.844866747
2788,0.931643722,6.633306463
2789,0.851589747,6.962232113
2790,0.871489157,16.01319651
2791,0.951910766,4.248997661
2792,0.950307437,1.835081356
2793,0.850288871,11.29104695
2794,0.955916303,19.89401031
2795,0.882113715,16.90252448
2796,0.878731835,9.829761813
2797,0.99938916,13.37792324
2798,0.86865916,13.24877603
2799,0.930393331,4.024864646
2800,0.939654481,16.28685067
2801,0.92508631,13.47868205
2802,0.830777284,6.341862892
2803,0.893725618,16.44826238
2804,0.901629128,4.916617359
2805,0.985668044,8.424846091
2806,0.860609173,15.57372631
2807,0.867648352,1.840051424
2808,0.877502184,5.566178194
2809,0.992847706,5.106243525
2810,0.95684115,7.42408289
2811,0.917918779,11.99747403
2812,0.993452395,8.63624956
2813,0.859352871,4.703609485
2814,0.82304173,6.559509565
2815,0.997366096,13.88480909
2816,0.973349426,7.805458769
2817,0.902267901,17.48581305
2818,0.988684953,8.238256838
2819,0.808005695,9.856432899
2820,0.89147827,17.45625472
2821,0.88450527,12.10905021
2822,0.945752411,18.08276649
2823,0.899078155,2.632392362
2824,0.823105746,5.161285192
2825,0.861639688,10.38802829
2826,0.876240031,7.285176549
2827,0.981793562,3.239068239
2828,0.929307483,18.73333491
2829,0.862873832,4.545794059
2830,0.939027129,6.884528632
2831,0.939189762,6.373713004
2832,0.85510845,2.894710855
2833,0.985963641,15.58752219
2834,0.989677857,15.6106067
2835,0.917717094,9.694512259
2836,0.837107926,11.15552626
2837,0.837732217,0.90766539
2838,0.876579314,7.656817243
2839,0.876562547,18.33978164
2840,0.927486731,7.790504284
2841,0.817061573,8.241245229
2842,0.999521971,5.960364843
2843,0.937638456,18.47124823
2844,0.948714241,8.653519821
2845,0.849335862,8.376095449
2846,0.873861569,8.53945654
2847,0.851557824,0.952123464
2848,0.827599687,7.381801104
2849,0.911155999,17.33310712
2850,0.993505767,16.97367957
2851,0.995600332,1.84188256
2852,0.803627695,2.389335039
2853,0.87289646,2.809042092
2854,0.824338074,4.25541478
2855,0.888269232,2.191846822
2856,0.838983118,4.489960248
2857,0.880455176,0.448661315
2858,0.986053344,6.051997298
2859,0.816218085,0.496742443
2860,0.889862775,10.72298863
2861,0.913632585,11.7127283
2862,0.984896398,13.7015179
2863,0.863475062,9.555727036
2864,0.966574099,13.8088686
2865,0.821577922,4.300352171
2866,0.930524572,8.057770602
2867,0.806171121,13.67666494
2868,0.847708571,5.588834403
2869,0.842569285,18.60228416
2870,0.865776724,15.61118554
2871,0.866522862,3.37730542
2872,0.822165051,18.13598667
2873,0.86149082,12.96637341
2874,0.872963867,6.803024973
2875,0.845453918,5.672107919
2876,0.85469301,1.368824797
2877,0.867582939,19.83500781
2878,0.919236444,18.27041123
2879,0.882955183,9.511381278
2880,0.811996429,4.160401546
2881,0.871249434,9.361280738
2882,0.988392385,13.37692125
2883,0.828581893,10.23516606
2884,0.974099123,7.916186088
2885,0.835629875,8.076469757
2886,0.96527297,10.28247343
2887,0.810757002,13.58466911
2888,0.803106375,6.4086706
2889,0.814179024,14.190881
2890,0.815683245,14.66675612
2891,0.894206074,14.60510831
2892,0.875582454,13.52154348
2893,0.993009007,8.684404223
2894,0.970985641,3.196751685
2895,0.903612849,17.6795525
2896,0.9898988,10.9128461
2897,0.954320988,2.764832979
2898,0.936408135,3.777523877
2899,0.802091025,15.47404098
2900,0.960573996,3.769789875
2901,0.808079969,11.27671338
2902,0.869054949,13.14683657
2903,0.842511581,16.8252989
2904,0.998576399,5.585727939
2905,0.975661941,13.40776182
2906,0.855364061,2.503540229
2907,0.910650844,14.91188887
2908,0.877443471,7.412260685
2909,0.861651005,7.938631502
2910,0.823280438,15.43162157
2911,0.939043337,2.965814339
2912,0.879209557,16.25265788
2913,0.957964469,19.53005017
2914,0.921316798,3.941794158
2915,0.888700639,1.168475195
2916,0.914924658,4.513876315
2917,0.882818594,10.55849225
2918,0.856791284,0.241093626
2919,0.994955523,13.51699054
2920,0.928179561,17.49775703
2921,0.801774198,18.25934394
2922,0.951501853,6.292090759
2923,0.936627238,19.3536204
2924,0.99398241,2.022889625
2925,0.830834912,7.671184103
2926,0.841771808,18.94160379
2927,0.801378171,15.2518514
2928,0.97173662,14.6887916
2929,0.823173207,18.00542189
2930,0.826783688,5.549970151
2931,0.945500285,0.627421639
2932,0.962790777,16.09230001
2933,0.927482959,9.818005062
2934,0.883054585,4.662568109
2935,0.809160161,13.77849358
2936,0.959953257,9.732196908
2937,0.926664862,2.89893705
2938,0.91454097,15.98982904
2939,0.854734921,10.08845805
2940,0.815914102,10.10029386
2941,0.813125541,6.072523425
2942,0.939318803,11.50593297
2943,0.998338975,10.18945737
2944,0.957864735,14.16223677
2945,0.947356504,18.05730707
2946,0.909370863,10.45339363
2947,0.960742392,3.173524221
2948,0.803451374,6.800722835
2949,0.862895382,6.674352563
2950,0.873546991,17.53797608
2951,0.851465416,12.58029336
2952,0.896370052,14.1177334
2953,0.955923207,1.624647987
2954,0.883972967,5.097492578
2955,0.929569546,19.23379104
2956,0.875666359,16.81922237
2957,0.876241744,16.31461749
2958,0.897377236,18.92638163
2959,0.937616333,5.440716968
2960,0.999549384,3.618600675
2961,0.861691284,10.33896081
2962,0.872456092,6.228956822
2963,0.981368309,6.41063348
2964,0.826914165,7.335274529
2965,0.880033973,8.209579828
2966,0.883748468,13.84644734
2967,0.853032648,10.62847442
2968,0.928517491,7.322992456
2969,0.804886927,19.72414749
2970,0.861130084,13.98528883
2971,0.835492727,10.44327167
2972,0.913515817,1.509019164
2973,0.93141763,19.26141074
2974,0.802521199,11.72589628
2975,0.823152989,16.76330835
2976,0.857724477,0.366769441
2977,0.83872711,19.00948154
2978,0.884695208,15.53028747
2979,0.913119952,7.349031693
2980,0.817494656,19.71572247
2981,0.979239927,6.801176719
2982,0.966401111,15.75104488
2983,0.954898269,9.42410711
2984,0.906514416,17.23847025
2985,0.916962904,9.483370476
2986,0.925789228,7.499785869
2987,0.876882431,0.922363937
2988,0.829472511,6.616546126
2989,0.935939003,14.35102421
2990,0.965288086,2.035983145
2991,0.9935823,3.533230276
2992,0.9111667,3.417766546
2993,0.913817438,17.76681113
2994,0.823124497,19.03123367
2995,0.827507263,4.066928423
2996,0.942085823,19.80369043
2997,0.846864069,6.558680627
2998,0.909658386,10.56292796
2999,0.86303539,12.11658357
3000,0.922411988,0.419483065
3001,0.994117087,13.07299273
3002,0.838550963,3.1492781
3003,0.801539661,18.638615
3004,0.881493006,5.671665356
3005,0.904370845,13.15979505
3006,0.924551641,7.466870965
3007,0.94475005,2.978993717
3008,0.892400875,9.064781066
3009,0.950543522,5.749331684
3010,0.807394971,1.200689458
3011,0.867906452,4.997072378
3012,0.980172652,3.146984409
3013,0.889625169,18.25922062
3014,0.842500937,10.7017024
3015,0.811625922,16.49236734
3016,0.955111398,19.78910413
3017,0.920086712,13.32138565
3018,0.960705201,1.749777737
3019,0.888470775,8.658519228
3020,0.861007426,19.14675699
3021,0.8570591,12.66150111
3022,0.859410731,9.237500781
3023,0.971307842,7.252656689
3024,0.832043854,9.563679688
3025,0.950549976,1.096116102
3026,0.816133679,0.057845485
3027,0.922640397,4.565899028
3028,0.936253461,4.96601599
3029,0.818260541,11.72246575
3030,0.92911265,0.974666431
3031,0.999185546,6.873170955
3032,0.829210012,11.60368232
3033,0.947701347,4.43739547
3034,0.821719531,8.519018884
3035,0.839926281,14.25501852
3036,0.884875935,3.465069633
3037,0.814103779,18.49204134
3038,0.882790403,5.286635131
3039,0.932797645,18.76692792
3040,0.996366384,17.99679234
3041,0.935631538,6.796395997
3042,0.839437394,9.047056946
3043,0.950057248,19.60758758
3044,0.895750066,10.46535988
3045,0.955065921,16.15051541
3046,0.922561881,6.414261155
3047,0.984290911,12.26387958
3048,0.942258833,6.71154669
3049,0.828680345,5.053995366
3050,0.899459074,9.852614726
3051,0.853662803,14.18293615
3052,0.8606429,19.63176481
3053,0.988363154,17.42126854
3054,0.997405891,7.015161324
3055,0.918013916,7.813027291
3056,0.929416256,2.980984386
3057,0.921142283,2.748554431
3058,0.958865534,9.828608568
3059,0.95978051,16.24956923
3060,0.923933687,3.453783857
3061,0.931850041,3.999942032
3062,0.819423609,19.19823569
3063,0.857328765,14.766037
3064,0.984674593,15.33054598
3065,0.803633631,10.36767086
3066,0.923828242,7.096848834
3067,0.989163268,1.7467929
3068,0.982423427,19.81525857
3069,0.985013684,7.570052354
3070,0.800298007,3.268835179
3071,0.959632347,5.603011568
3072,0.963862953,15.12698634
3073,0.933154499,2.75711454
3074,0.903835569,15.49937371
3075,0.945466498,6.090089918
3076,0.937994319,11.64668642
3077,0.999350905,14.21135919
3078,0.964298172,12.16445494
3079,0.856789509,10.36844264
3080,0.808480485,9.625444355
3081,0.891213719,16.68402301
3082,0.839820942,12.54843849
3083,0.847476182,10.74386719
3084,0.872554121,10.89598918
3085,0.828326887,19.81662555
3086,0.98660939,15.9255794
3087,0.934191305,9.001181034
3088,0.942012561,16.24564109
3089,0.928407253,18.66866235
3090,0.813116018,17.06150539
3091,0.90028753,12.98940555
3092,0.959763485,14.77631159
3093,0.935223435,2.78194925
3094,0.895524432,17.68335286
3095,0.977052458,3.519096014
3096,0.93720047,0.984725199
3097,0.974207319,5.306229118
3098,0.921234353,18.03781796
3099,0.850804878,10.3350259
3100,0.958396948,2.77038918
3101,0.853902188,3.7766735
3102,0.912048487,8.827894848
3103,0.992599113,12.89783578
3104,0.977230355,15.29128071
3105,0.981024487,4.777122028
3106,0.876802903,18.27675687
3107,0.855019641,11.14033677
3108,0.876151872,17.04889695
3109,0.941899972,2.338179926
3110,0.897640207,10.62000174
3111,0.924046423,14.62266426
3112,0.916607584,3.794712181
3113,0.922542527,12.83376022
3114,0.980103029,14.84797568
3115,0.905706127,14.76369469
3116,0.882802142,1.195507645
3117,0.807718529,0.463535003
3118,0.958953103,1.360936779
3119,0.801159346,19.52678907
3120,0.997926678,3.215415212
3121,0.84247403,13.12264393
3122,0.810536471,9.876907109
3123,0.816002868,17.99169839
3124,0.968196736,16.44943012
3125,0.846907481,18.43581056
3126,0.863582474,0.076305178
3127,0.871283755,12.38112407
3128,0.811344563,15.74188241
3129,0.860857983,14.91895624
3130,0.944378064,11.9260216
3131,0.831534723,14.06374436
3132,0.835536785,14.61918143
3133,0.986348349,1.300146538
3134,0.832710191,6.849636467
3135,0.877614409,17.59301823
3136,0.826453352,17.79444001
3137,0.889529968,10.25564265
3138,0.901039664,11.42697458
3139,0.884271293,14.63003111
3140,0.846191198,8.502063349
3141,0.852881058,16.59126762
3142,0.994728695,14.87491065
3143,0.975022778,6.210251841
3144,0.960456375,6.623895849
3145,0.907690991,1.077301439
3146,0.964144338,14.93690908
3147,0.943914711,11.04416726
3148,0.911033631,4.339211082
3149,0.852469646,15.57046499
3150,0.85449437,0.574672427
3151,0.893391805,3.86992325
3152,0.802862008,9.913901977
3153,0.916988346,8.861188472
3154,0.864009313,4.002318478
3155,0.860025126,14.2440265
3156,0.84042161,8.251373364
3157,0.966071377,13.39745947
3158,0.808030212,2.837896069
3159,0.833835883,4.529091481
3160,0.818776947,6.861203921
3161,0.922940882,5.855075857
3162,0.975121152,14.65158315
3163,0.994635698,11.39015353
3164,0.881203571,6.05936126
3165,0.96569915,11.50097092
3166,0.98116598,1.55370919
3167,0.958226569,8.327876139
3168,0.998833096,0.166531708
3169,0.82966721,2.170310905
3170,0.967778244,9.969025796
3171,0.877323959,10.30678854
3172,0.983695587,6.896901778
3173,0.822398936,10.17439598
3174,0.854053756,12.50145666
3175,0.954320936,14.29328821
3176,0.845285755,1.169844669
3177,0.858070653,9.930464853
3178,0.833547269,17.27369025
3179,0.940394106,8.799243446
3180,0.901774196,19.90921824
3181,0.905573373,7.725161205
3182,0.884809186,18.67147442
3183,0.908101946,10.03749359
3184,0.975663342,9.849060816
3185,0.820120787,5.61213207
3186,0.913972444,14.82311999
3187,0.837756068,12.32786532
3188,0.964323382,2.696391523
3189,0.873975719,7.721842945
3190,0.930158357,4.074170872
3191,0.94222329,8.469978355
3192,0.868834862,0.681216178
3193,0.873493137,12.31047028
3194,0.910722079,8.710095026
3195,0.804831068,4.526283294
3196,0.93368578,10.21922781
3197,0.906665382,7.073771338
3198,0.845852703,6.708728214
3199,0.818967754,12.32648393
3200,0.863880073,5.432565719
3201,0.820812376,10.93606552
3202,0.927758749,10.56898204
3203,0.966811313,17.60218378
3204,0.851731908,17.19938992
3205,0.888420192,7.154925256
3206,0.858409418,0.478990363
3207,0.959419407,1.86132178
3208,0.843586115,2.545519429
3209,0.94946006,2.749752506
3210,0.808755828,10.77328705
3211,0.943746089,9.9596662
3212,0.882174971,5.781844237
3213,0.80984068,5.392661474
3214,0.858812375,12.24510513
3215,0.996789385,6.311801949
3216,0.81955701,10.96094612
3217,0.928467965,18.86959195
3218,0.89532253,11.92156125
3219,0.864122933,0.368399744
3220,0.833997997,0.087139378
3221,0.99385432,4.427276422
3222,0.915833762,0.38575022
3223,0.955920328,16.96431959
3224,0.994494452,9.160103676
3225,0.938960374,14.08570538
3226,0.897624573,12.45414609
3227,0.867197599,6.652899453
3228,0.879851703,12.39423289
3229,0.944243241,8.366945445
3230,0.919336311,1.373902944
3231,0.97506684,15.90612879
3232,0.86720066,18.91796363
3233,0.930285927,5.294888792
3234,0.877810105,11.75709148
3235,0.919189228,0.20702222
3236,0.9502941,12.51306567
3237,0.800547309,1.89165522
3238,0.803341234,11.99651187
3239,0.995752117,11.59484973
3240,0.889700113,15.2979109
3241,0.825859697,11.66787109
3242,0.861943963,11.04812108
3243,0.872704913,3.209076569
3244,0.955436425,10.95881971
3245,0.878956371,4.260707349
3246,0.860310137,4.463080658
3247,0.901705066,10.10874872
3248,0.834128991,4.52747172
3249,0.835906117,7.594087784
3250,0.996154298,2.717201394
3251,0.832676256,16.81244546
3252,0.846376012,11.14086559
3253,0.847052598,1.488570603
3254,0.830308959,17.77862492
3255,0.847351542,2.19018232
3256,0.881170038,16.04271666
3257,0.924395207,7.497901685
3258,0.822819088,14.48210062
3259,0.866359011,2.0942781
3260,0.919989424,4.224294862
3261,0.943741561,19.77299238
3262,0.814009485,0.90590306
3263,0.963552667,16.90991475
3264,0.993898303,16.0721549
3265,0.959483871,1.107778282
3266,0.874718035,4.54990728
3267,0.921113026,5.846860678
3268,0.827484336,10.30847704
3269,0.90346312,12.62611933
3270,0.974251072,15.95938676
3271,0.936815497,3.889416265
3272,0.821648929,3.659182089
3273,0.867534947,12.11952153
3274,0.906051036,12.4631963
3275,0.895544914,9.305657784
3276,0.976443215,17.20064922
3277,0.868456136,2.915663571
3278,0.855327701,11.86384706
3279,0.880961882,14.45349152
3280,0.995025157,6.852049356
3281,0.805232044,11.62785122
3282,0.990696915,8.201893132
3283,0.91104288,14.06659614
3284,0.928339881,11.64951059
3285,0.847536059,12.4785134
3286,0.870912865,2.775113763
3287,0.867747746,14.4007918
3288,0.884422779,11.6147831
3289,0.930961419,8.75839554
3290,0.814670239,5.184952454
3291,0.955376375,11.85209692
3292,0.861658507,13.59025289
3293,0.889451587,17.23449584
3294,0.912307702,9.818028907
3295,0.836281471,11.38670413
3296,0.874360551,17.31793119
3297,0.898298193,13.55745792
3298,0.886952091,14.70252924
3299,0.803231262,17.94066414
3300,0.927995829,12.3894654
3301,0.863987966,3.482862328
3302,0.81531861,8.105983302
3303,0.891440295,15.87617017
3304,0.925136061,19.91321783
3305,0.888406702,17.37393458
3306,0.822129846,8.757873198
3307,0.876631979,4.995414608
3308,0.834294634,8.273593822
3309,0.908037164,16.64283933
3310,0.975737993,10.82881602
3311,0.80611255,16.55513025
3312,0.817293552,16.58608647
3313,0.914278237,7.707819365
3314,0.833986696,2.199771235
3315,0.867949491,10.36251358
3316,0.84303254,0.875890702
3317,0.888361477,7.866088291
3318,0.839025741,18.5433938
3319,0.967818978,5.140661706
3320,0.97159122,11.5584452
3321,0.881861174,8.635154454
3322,0.871888629,14.90976497
3323,0.98191395,4.159920569
3324,0.814013679,15.29857746
3325,0.893893532,9.338910583
3326,0.928270321,14.6883703
3327,0.801802185,0.594286372
3328,0.832510657,8.185240876
3329,0.821640816,2.316744253
3330,0.981204454,13.44882079
3331,0.948702728,16.90577588
3332,0.961330722,6.190769422
3333,0.87840215,3.829469085
3334,0.986016008,19.31296534
3335,0.86541128,8.080736311
3336,0.994893041,18.88744653
3337,0.809451651,9.849981028
3338,0.954119411,11.93910694
3339,0.996189912,18.33734233
3340,0.892096543,5.521177885
3341,0.970743263,14.06167937
3342,0.978548824,2.5825967
3343,0.872289696,10.51272914
3344,0.998794155,11.05665673
3345,0.925681086,17.9806461
3346,0.856423072,12.04436438
3347,0.804638189,0.683573697
3348,0.908362283,19.94088987
3349,0.858110946,5.458417225
3350,0.882576051,18.10558346
3351,0.933382014,9.982017062
3352,0.96403242,11.00564757
3353,0.80173006,15.96824461
3354,0.980113991,13.5428393
3355,0.893041326,18.54683081
3356,0.87078245,14.79957381
3357,0.996316542,17.28995775
3358,0.92188655,1.067593993
3359,0.832089596,10.21874031
3360,0.818452498,9.696546154
3361,0.918677255,3.867144509
3362,0.973278932,15.05820137
3363,0.955498319,2.050517596
3364,0.995291613,16.75189395
3365,0.855445697,11.49695641
3366,0.82965628,3.893566648
3367,0.926605831,1.15520531
3368,0.920668452,2.369136936
3369,0.959700823,1.72811829
3370,0.879911133,5.537903028
3371,0.829021831,14.4946494
3372,0.956702952,1.657201357
3373,0.971959627,11.01103101
3374,0.871608313,15.09635078
3375,0.853889321,16.99046528
3376,0.8433566,14.28794714
3377,0.995150344,7.553964487
3378,0.89804791,19.92853237
3379,0.988333468,5.270113265
3380,0.96759212,12.74955215
3381,0.907214732,8.576629531
3382,0.952125254,1.70630262
3383,0.807300587,9.138616387
3384,0.803919236,6.268787215
3385,0.906462663,7.215940205
3386,0.960675965,0.439495913
3387,0.933018332,3.631588947
3388,0.903753118,2.732899343
3389,0.953511749,11.80734008
3390,0.861906395,16.01515466
3391,0.911580022,1.378020837
3392,0.834496443,10.11019909
3393,0.909357982,8.69663835
3394,0.960161142,16.22118257
3395,0.850913693,4.891526861
3396,0.943703791,9.286272613
3397,0.927464498,8.495045583
3398,0.886055523,7.102202826
3399,0.996281395,18.74915381
3400,0.956818408,1.986924663
3401,0.915157904,9.733112541
3402,0.957341731,9.55728802
3403,0.822020796,13.8800611
3404,0.805475245,14.16590365
3405,0.994193674,4.628173884
3406,0.913209253,14.84657405
3407,0.844064673,3.142208442
3408,0.840877588,8.368056326
3409,0.953328938,11.81025327
3410,0.89503011,16.96372306
3411,0.840566446,5.293375325
3412,0.970468381,18.14401139
3413,0.949235355,18.34458054
3414,0.906239849,13.79498004
3415,0.88281904,7.134798336
3416,0.943330733,19.66473471
3417,0.871037977,7.512357498
3418,0.840549774,10.361444
3419,0.91164758,7.618417006
3420,0.898390148,15.23047896
3421,0.825225374,10.82615854
3422,0.981783404,6.397163248
3423,0.917852756,4.587209546
3424,0.82465386,6.751641833
3425,0.931552732,7.551828585
3426,0.955187695,2.001460374
3427,0.83567063,3.342377234
3428,0.959384677,16.12247757
3429,0.831058832,7.853202137
3430,0.855579055,1.897466011
3431,0.805892189,17.58780001
3432,0.833031034,2.568543928
3433,0.865675002,11.42336359
3434,0.921089868,1.367603551
3435,0.963673552,6.117422115
3436,0.905146235,1.664323487
3437,0.958114587,10.3641001
3438,0.962583768,10.22563998
3439,0.839258221,15.0641992
3440,0.882207578,4.380507887
3441,0.943906127,16.82492239
3442,0.926700274,0.088415766
3443,0.971457473,11.54408781
3444,0.934667886,6.083031096
3445,0.800504299,16.69740754
3446,0.866495009,9.785038348
3447,0.981856037,2.142932159
3448,0.823182454,9.217972685
3449,0.8599923,12.83146807
3450,0.965341337,3.89537204
3451,0.907369943,17.71085139
3452,0.917594195,1.410383602
3453,0.928617983,9.910271512
3454,0.974518494,4.617654773
3455,0.859517629,7.238924482
3456,0.827919764,10.14562375
3457,0.845941251,17.493747
3458,0.9724563,0.075334062
3459,0.958467938,15.71015036
3460,0.905397286,0.956752502
3461,0.913257526,15.01149348
3462,0.947589621,8.75193263
3463,0.859842592,18.77101784
3464,0.842851223,19.60653001
3465,0.837370872,15.5163825
3466,0.873929485,11.86582731
3467,0.929380453,0.000533312
3468,0.983268617,9.820412444
3469,0.960228703,11.63562572
3470,0.883769448,10.57411827
3471,0.835387831,16.80067209
3472,0.923213047,12.93661915
3473,0.807339631,2.933905526
3474,0.865369064,7.94172517
3475,0.957169249,10.61768921
3476,0.88477089,5.091827229
3477,0.951993875,8.253773399
3478,0.908441985,0.731610115
3479,0.848628992,4.857736834
3480,0.937293319,4.718489701
3481,0.972301762,19.52448703
3482,0.922417163,15.26970458
3483,0.838881205,11.58122726
3484,0.991667315,11.85078778
3485,0.86385842,11.94551743
3486,0.954182722,10.90326284
3487,0.929669402,7.491559537
3488,0.806696513,3.63406533
3489,0.830675705,18.34937361
3490,0.897732134,8.513976788
3491,0.92284995,17.57404048
3492,0.981881562,15.24899895
3493,0.910792038,6.082813409
3494,0.874825181,19.56962128
3495,0.826165773,17.45230216
3496,0.920679193,17.18666725
3497,0.87022112,2.71675104
3498,0.86355034,3.951683993
3499,0.852009616,7.537385322
3500,0.99568261,15.00533345
3501,0.833988195,7.941509681
3502,0.821649395,5.224635969
3503,0.924891243,8.549682053
3504,0.933188967,11.57800611
3505,0.830196803,0.366753757
3506,0.801933458,1.031354129
3507,0.812336824,12.85790033
3508,0.874936757,4.43548288
3509,0.998415553,12.42292604
3510,0.989644794,17.07724329
3511,0.816921012,19.97209891
3512,0.895547677,0.435351326
3513,0.853271636,10.54086282
3514,0.908189377,6.941189521
3515,0.821331516,15.86841109
3516,0.986855283,17.25344571
3517,0.975118133,6.815107883
3518,0.829411415,9.309477863
3519,0.959773021,9.204157226
3520,0.88718711,8.784021542
3521,0.961615664,2.71845455
3522,0.97010867,11.44300159
3523,0.893499269,5.765689134
3524,0.847920635,5.987365973
3525,0.943471776,4.549243643
3526,0.907617208,9.988568758
3527,0.889654426,16.81109899
3528,0.938312772,16.84505456
3529,0.884454499,4.327259219
3530,0.814160055,13.26855039
3531,0.851067187,3.806988522
3532,0.847069312,12.61736993
3533,0.840157535,8.322756812
3534,0.832745909,17.52692354
3535,0.846026267,7.385229714
3536,0.836864475,16.81337245
3537,0.827786979,6.130629475
3538,0.806374969,8.31312686
3539,0.838042717,11.0567715
3540,0.914830244,2.052135426
3541,0.819564302,4.576936118
3542,0.916606965,5.400658887
3543,0.948361977,14.17024147
3544,0.81588514,4.799697161
3545,0.814382042,12.89319019
3546,0.94981798,3.626331238
3547,0.966548644,4.604771867
3548,0.846058002,7.548987584
3549,0.925724684,19.84787917
3550,0.894102754,3.529441981
3551,0.802221439,1.572949614
3552,0.919384133,9.857874386
3553,0.870038499,1.191637317
3554,0.98908714,10.20022899
3555,0.946290503,6.928000801
3556,0.807441836,13.1790579
3557,0.827706903,8.060633434
3558,0.86439342,14.42979998
3559,0.974746691,8.149822841
3560,0.961712188,5.286215419
3561,0.85812377,0.562299504
3562,0.866479579,13.87544853
3563,0.921105246,15.97219415
3564,0.892419724,0.355114866
3565,0.912950447,9.10958801
3566,0.846850843,5.723592034
3567,0.847978525,15.17046968
3568,0.982282267,14.73864552
3569,0.876067047,1.419919036
3570,0.972563914,13.96484561
3571,0.843288197,2.437438794
3572,0.976253117,14.79996618
3573,0.923841204,11.98720788
3574,0.921830141,19.05533927
3575,0.880220205,16.4161082
3576,0.863797943,19.26839358
3577,0.993543932,3.258258665
3578,0.87438404,6.425693644
3579,0.967841995,19.79821517
3580,0.996583968,13.32063619
3581,0.839261243,19.20821575
3582,0.983251631,8.799836219
3583,0.960845368,14.73302201
3584,0.854197814,9.432667832
3585,0.837290537,10.15384951
3586,0.893896504,3.906444389
3587,0.814016963,11.8875664
3588,0.863224022,6.086905208
3589,0.956095829,4.438008914
3590,0.972739497,15.01133058
3591,0.830502913,3.908189055
3592,0.977192572,7.267668001
3593,0.849776523,5.691859815
3594,0.927834328,15.51883575
3595,0.941378465,5.965299793
3596,0.826520557,5.444702752
3597,0.899718526,5.390523036
3598,0.867926584,5.118015002
3599,0.957116135,17.11467406
3600,0.826313844,13.20199841
3601,0.927488334,9.128643707
3602,0.957282596,14.0357506
3603,0.834034518,15.41617989
3604,0.888389952,3.479036892
3605,0.896212439,18.90730929
3606,0.912180876,7.728736703
3607,0.887553955,18.44188854
3608,0.902306802,11.62806448
3609,0.96417834,17.8133199
3610,0.809454092,3.143832248
3611,0.989614999,0.87672489
3612,0.816144558,7.478849776
3613,0.961677322,8.07958997
3614,0.978310018,16.42537145
3615,0.880565105,6.603838522
3616,0.964436852,2.37052704
3617,0.867047663,10.71883819
3618,0.944494941,0.857593019
3619,0.903407377,7.641835878
3620,0.870428203,18.24544196
3621,0.93201595,8.582588721
3622,0.957445584,10.15991556
3623,0.809609848,6.845150339
3624,0.939860572,7.554300034
3625,0.826977218,7.242826743
3626,0.856225973,15.67745144
3627,0.862334756,7.940822042
3628,0.950740807,0.448979733
3629,0.837448404,18.79173152
3630,0.884866561,8.56452396
3631,0.983649264,13.18466422
3632,0.973085885,17.24547749
3633,0.992993799,10.14540145
3634,0.978749608,19.34559422
3635,0.886499415,18.34998664
3636,0.912724419,19.28540962
3637,0.863664657,4.967462563
3638,0.914708132,0.993041604
3639,0.833606478,17.08923751
3640,0.931785605,16.79636306
3641,0.943181053,5.049392807
3642,0.842395175,15.84758928
3643,0.826990475,7.648534489
3644,0.869777641,13.54782774
3645,0.811305586,17.1164785
3646,0.964873842,8.532759978
3647,0.824400021,12.76790489
3648,0.820458988,14.48727044
3649,0.904875839,16.90087365
3650,0.832980357,5.852352703
3651,0.81976839,17.73967378
3652,0.845580996,6.603253068
3653,0.921828484,1.187833758
3654,0.932061528,10.12096937
3655,0.970196105,15.6727066
3656,0.869632772,2.941905123
3657,0.910979198,16.01027791
3658,0.988545381,12.27057684
3659,0.998489766,14.71004523
3660,0.889436672,1.932051061
3661,0.94513368,17.69237145
3662,0.833185219,12.1834172
3663,0.829786688,16.34961369
3664,0.884716825,1.044098017
3665,0.996097199,10.16843971
3666,0.935955193,15.40894573
3667,0.821258157,8.40516581
3668,0.970924188,17.32986744
3669,0.844871803,5.591367472
3670,0.869995401,16.39233162
3671,0.845682598,3.536805862
3672,0.964544635,14.58742861
3673,0.85395633,6.481337361
3674,0.848214211,14.08939286
3675,0.98644111,17.65522107
3676,0.980429748,3.485036735
3677,0.893119648,14.33713735
3678,0.837458356,0.707533953
3679,0.982766886,13.84823534
3680,0.875349682,12.49675238
3681,0.847512835,4.107469627
3682,0.934666021,1.698168964
3683,0.806386293,6.226617462
3684,0.981065283,9.136764919
3685,0.938049168,3.207626792
3686,0.956767141,14.25231558
3687,0.862349743,17.39101665
3688,0.980188961,15.65887261
3689,0.96589374,8.769645766
3690,0.810640465,0.620242224
3691,0.83725556,19.02756635
3692,0.965651997,2.340388735
3693,0.810824612,4.414210846
3694,0.826666744,11.91718548
3695,0.991041602,16.80859116
3696,0.994113201,14.63214861
3697,0.870950556,0.584828326
3698,0.8300357,8.052931855
3699,0.823463427,15.6275073
3700,0.884503138,17.15272573
3701,0.813169142,2.35503896
3702,0.882473664,12.84040086
3703,0.819026333,12.44953416
3704,0.980522127,14.90178039
3705,0.87854327,4.928833217
3706,0.933687609,14.3726615
3707,0.910673337,17.59248963
3708,0.840858795,9.581559065
3709,0.846072549,5.854382879
3710,0.840968769,1.286000349
3711,0.949362161,5.348704465
3712,0.909263834,14.09822563
3713,0.817076405,4.802842714
3714,0.886379115,9.802564338
3715,0.809419987,17.23511624
3716,0.943149097,5.98734698
3717,0.965239158,7.728334194
3718,0.889888705,5.186384522
3719,0.812581685,2.96388598
3720,0.83955141,12.19129001
3721,0.812610484,12.01384255
3722,0.95494627,17.82113782
3723,0.959481891,4.92384951
3724,0.857368175,17.23961567
3725,0.80572146,6.813939469
3726,0.992393127,19.63876369
3727,0.845432816,19.68271061
3728,0.965894503,12.10688931
3729,0.929036266,13.24133538
3730,0.991550231,8.665666825
3731,0.996729316,9.617727717
3732,0.852550828,11.05905143
3733,0.92827204,19.66433984
3734,0.906383202,15.76708651
3735,0.974226919,12.45751408
3736,0.912509985,2.438130259
3737,0.982663781,10.28991451
3738,0.991246642,2.192156071
3739,0.802405835,7.048199686
3740,0.876084322,18.03620542
3741,0.824785541,7.675945946
3742,0.935953292,8.963946087
3743,0.838031776,1.026444414
3744,0.842651464,2.693787264
3745,0.831550296,16.78507795
3746,0.874307575,10.5961174
3747,0.881384054,17.93998804
3748,0.988083189,12.75629205
3749,0.870118621,11.39889903
3750,0.8020639,15.42307472
3751,0.988190363,17.32203807
3752,0.957384463,6.859575563
3753,0.839600914,8.678858821
3754,0.815363654,4.331037419
3755,0.96310257,17.33992634
3756,0.881799043,18.80876783
3757,0.993854558,5.26617889
3758,0.800993596,16.52165966
3759,0.966767877,14.1004985
3760,0.804532039,7.854755485
3761,0.955636175,13.03820177
3762,0.898866174,19.79198935
3763,0.987529257,18.46744203
3764,0.959776653,6.48959099
3765,0.943614304,12.78650507
3766,0.902122854,13.97037449
3767,0.982716629,4.659232498
3768,0.995324576,13.18270488
3769,0.960982286,1.043326406
3770,0.9192367,3.444911616
3771,0.995161973,11.43235684
3772,0.878723602,19.14446029
3773,0.802851403,6.575593036
3774,0.982914087,7.56673911
3775,0.928200071,9.087473724
3776,0.850232433,6.802607645
3777,0.898113253,8.521336293
3778,0.817391305,15.69100806
3779,0.995813143,19.68695607
3780,0.876695827,17.54199437
3781,0.941357991,8.069871898
3782,0.831309021,6.221238946
3783,0.869769466,3.462875584
3784,0.882301389,6.541924044
3785,0.809609669,7.862638651
3786,0.856632067,4.614152695
3787,0.826723517,15.73404704
3788,0.853664405,6.949725828
3789,0.952812395,4.801727576
3790,0.962205174,19.93896451
3791,0.849946179,0.879689526
3792,0.912992751,14.60547278
3793,0.894720137,13.35265448
3794,0.992331191,6.26333868
3795,0.874835527,9.163967755
3796,0.989405034,3.6118431
3797,0.821233663,10.82542679
3798,0.870796715,9.801153394
3799,0.903803163,3.3905349
3800,0.882811621,10.74717824
3801,0.870153563,10.76333145
3802,0.874281897,8.241469605
3803,0.897317454,8.593360691
3804,0.830114689,14.45656783
3805,0.969973979,10.95105745
3806,0.904149564,4.154274547
3807,0.88007611,13.65809828
3808,0.825852937,8.06804539
3809,0.833796416,18.72564205
3810,0.994612922,5.127795657
3811,0.881016947,14.62957359
3812,0.97759234,9.446618855
3813,0.969382652,12.44867513
3814,0.993542413,10.16332676
3815,0.920755866,14.16773187
3816,0.836497849,6.244619215
3817,0.980915487,17.70557571
3818,0.872287546,19.98310024
3819,0.937579411,8.082796264
3820,0.848035813,19.27365352
3821,0.827393428,16.16705671
3822,0.861555761,10.82929169
3823,0.893899535,1.210123902
3824,0.939274218,2.911345467
3825,0.960827585,11.91722799
3826,0.812518129,15.20947399
3827,0.824986598,6.298215257
3828,0.910321031,5.571388638
3829,0.966870834,9.240104062
3830,0.854194567,8.745051745
3831,0.945960736,1.809563532
3832,0.90258811,13.19308766
3833,0.909676288,11.76143119
3834,0.88040674,14.9119556
3835,0.952462176,4.50199977
3836,0.83442707,19.73387561
3837,0.849575076,2.257594514
3838,0.876794613,0.181893655
3839,0.81000079,1.340210579
3840,0.883945498,16.08219474
3841,0.988274238,12.34283829
3842,0.893181551,19.989749
3843,0.895888164,16.79766705
3844,0.941197753,7.214744858
3845,0.943815208,18.85534224
3846,0.894717955,1.6446058
3847,0.892308826,4.404522025
3848,0.843351257,17.85438908
3849,0.836705606,15.64550095
3850,0.842504703,16.78067206
3851,0.936763104,5.688445504
3852,0.931854298,11.27771253
3853,0.834917921,17.21960611
3854,0.849967507,4.996932793
3855,0.972109257,16.3364177
3856,0.867375001,18.05549178
3857,0.844101634,7.397613706
3858,0.975434846,5.767530951
3859,0.921516472,0.827601431
3860,0.836894621,4.233018862
3861,0.849719421,9.418037188
3862,0.82184259,8.753615309
3863,0.916919856,15.94877427
3864,0.836203997,14.18644353
3865,0.804777715,6.810881503
3866,0.933670813,7.94753414
3867,0.985932017,5.58132614
3868,0.832449117,10.44440331
3869,0.895439198,10.50408118
3870,0.962262424,3.739509571
3871,0.855849549,13.51099885
3872,0.89274293,13.93911437
3873,0.862575761,14.24081869
3874,0.918697868,18.03676031
3875,0.969206279,11.6872148
3876,0.960858011,0.776787686
3877,0.860574469,0.284811018
3878,0.938051616,11.65768691
3879,0.813062767,14.36003666
3880,0.846630349,10.10370875
3881,0.995274365,9.979850028
3882,0.99115544,4.238154498
3883,0.980499742,1.522178094
3884,0.923673995,3.966084564
3885,0.811792928,11.15783947
3886,0.972460524,17.84560936
3887,0.916087262,16.87800074
3888,0.916302409,17.17724076
3889,0.822228443,13.21137116
3890,0.831932353,4.498178589
3891,0.929742438,6.894306136
3892,0.984485757,9.892640632
3893,0.9726426,9.841879419
3894,0.990094131,13.28925858
3895,0.839062807,10.25230268
3896,0.999071782,7.683897989
3897,0.853748549,0.416841342
3898,0.852315823,17.60272079
3899,0.930149639,15.76285641
3900,0.861226052,11.59895065
3901,0.837496145,15.13738128
3902,0.962431688,15.78190834
3903,0.91902668,11.501381
3904,0.838666619,2.524212212
3905,0.803540412,1.763956064
3906,0.818072096,16.01569201
3907,0.813962201,7.994445813
3908,0.861624486,19.58079541
3909,0.957958995,0.960298445
3910,0.861105,1.434149135
3911,0.940451574,19.90731068
3912,0.91707726,5.102029973
3913,0.817900041,2.565343079
3914,0.800257968,7.325818027
3915,0.861735575,4.208866964
3916,0.987955279,4.257990703
3917,0.91956684,14.87430402
3918,0.973133435,0.47383081
3919,0.884138,1.125134648
3920,0.949509452,15.05708295
3921,0.912020325,16.14857888
3922,0.899194096,14.42135701
3923,0.982416953,0.852662484
3924,0.891832523,18.10821655
3925,0.922372617,14.43377302
3926,0.934866683,8.466540714
3927,0.94115744,7.60863596
3928,0.870925955,14.05798725
3929,0.855844696,2.06717217
3930,0.875180835,14.23144316
3931,0.935046399,7.091115816
3932,0.976375901,10.05751973
3933,0.853183126,17.1705402
3934,0.979793543,10.44661128
3935,0.972628929,11.83122991
3936,0.85245868,18.54935945
3937,0.975809408,2.631416348
3938,0.950975899,15.07667245
3939,0.800230235,7.505554061
3940,0.865548223,0.345113829
3941,0.87743895,17.99972013
3942,0.84525462,8.321438588
3943,0.826057111,2.421500606
3944,0.809036398,8.240332597
3945,0.954317043,8.904510032
3946,0.85924351,17.31750455
3947,0.927480944,16.09404814
3948,0.938730431,15.96402598
3949,0.863858799,1.626852404
3950,0.80871888,14.86331948
3951,0.895543646,10.28672661
3952,0.885457377,12.08695522
3953,0.805542615,13.76557767
3954,0.837976988,7.327946044
3955,0.825443333,4.514941688
3956,0.83755848,19.48369007
3957,0.867678392,18.75502375
3958,0.940129185,2.965406723
3959,0.987078614,17.42383656
3960,0.981839357,4.305949494
3961,0.858082477,4.201126681
3962,0.92163748,15.70345025
3963,0.985339698,4.127983239
3964,0.810384755,18.57098233
3965,0.948833762,3.878543932
3966,0.891746969,9.517937337
3967,0.808092826,16.49190543
3968,0.87027436,7.761184158
3969,0.933127302,1.177856527
3970,0.900793946,10.09180681
3971,0.967390394,13.34241304
3972,0.84560833,6.093471231
3973,0.834862627,8.503473539
3974,0.819106993,2.128671961
3975,0.81797811,6.657979446
3976,0.811973086,3.338127226
3977,0.914940432,0.074012767
3978,0.938337744,15.43435133
3979,0.868175344,7.689473326
3980,0.882107084,14.61894486
3981,0.886219547,6.356629389
3982,0.819739228,1.588870462
3983,0.815972184,8.874215957
3984,0.995377352,9.054329715
3985,0.921709717,14.0365051
3986,0.989631854,18.34970728
3987,0.853743355,15.20431993
3988,0.901166455,12.4844408
3989,0.855474229,15.29123056
3990,0.837958566,1.992626531
3991,0.952089535,2.010028502
3992,0.823230463,0.778452051
3993,0.9241197,2.628278353
3994,0.833925638,10.61679069
3995,0.815034246,0.642005236
3996,0.867919341,16.53755439
3997,0.911514987,5.945337683
3998,0.954296971,10.89193662
3999,0.954862524,14.29970875
4000,0.917870698,15.55276668
4001,0.915779131,7.997132884
4002,0.893303958,18.67602941
4003,0.822056396,15.52847684
4004,0.998632525,4.946009637
4005,0.929665188,18.07713789
4006,0.953601219,17.08619751
4007,0.862730721,18.4567687
4008,0.889367675,12.66004573
4009,0.981613958,16.25968453
4010,0.809958889,8.947164956
4011,0.958359522,7.653436105
4012,0.829773109,10.84364224
4013,0.932366588,13.9183715
4014,0.910668197,0.291052548
4015,0.899278626,14.16092901
4016,0.918292239,5.391095313
4017,0.975357057,5.074529294
4018,0.968068479,15.49435332
4019,0.89634475,7.474200587
4020,0.867180167,11.47820126
4021,0.948559153,19.21899047
4022,0.822850434,19.41412914
4023,0.97104488,12.42046599
4024,0.913423271,17.01195772
4025,0.935186473,13.80435881
4026,0.884908608,0.452854557
4027,0.920627091,5.034473897
4028,0.878838398,3.367320357
4029,0.923153006,0.562582095
4030,0.887084248,9.229293144
4031,0.818008891,8.189514951
4032,0.820056975,6.481023796
4033,0.899506661,3.671610021
4034,0.914904069,3.715872976
4035,0.989863618,19.14829424
4036,0.873283963,10.76595554
4037,0.97240408,2.54735385
4038,0.825984877,13.77638608
4039,0.968451926,5.322532287
4040,0.809464164,16.78155732
4041,0.989346272,8.384318997
4042,0.806554086,18.03621908
4043,0.81637882,10.90090706
4044,0.913491757,3.662943694
4045,0.888376149,12.97220146
4046,0.810653811,17.19589879
4047,0.867583639,11.93027622
4048,0.823099849,5.60748196
4049,0.902886005,19.96426845
4050,0.809124393,8.561633433
4051,0.917047903,9.03799659
4052,0.867009133,17.48031008
4053,0.938089349,0.260942384
4054,0.87989509,12.06358752
4055,0.917066376,11.23792564
4056,0.964536614,8.539813854
4057,0.962036104,8.657790552
4058,0.980016073,16.6968393
4059,0.809995772,13.2779055
4060,0.998824914,17.98206111
4061,0.913749584,1.777848622
4062,0.957713073,11.19150931
4063,0.893634286,10.1841908
4064,0.917100495,6.976350241
4065,0.800083028,6.250549227
4066,0.937906892,12.38458069
4067,0.937541874,7.998582027
4068,0.870328456,4.435816812
4069,0.828122251,16.04978254
4070,0.989107118,18.25287131
4071,0.889843715,11.55696522
4072,0.813279033,6.360615429
4073,0.872318003,11.40217593
4074,0.993963205,17.47774614
4075,0.940861454,8.989499978
4076,0.925425564,19.49591825
4077,0.963473315,19.83406692
4078,0.920694058,17.62300609
4079,0.847044956,13.4728001
4080,0.892743159,18.25271471
4081,0.808721202,15.4004939
4082,0.954356717,4.481083686
4083,0.818562182,5.471505819
4084,0.902865991,8.392154318
4085,0.845546986,3.695879522
4086,0.800828577,2.51818572
4087,0.941447823,19.71949935
4088,0.981495548,16.30368136
4089,0.880073086,17.71915704
4090,0.952019964,18.41304389
4091,0.886707316,13.7105969
4092,0.913911299,2.826565172
4093,0.892573586,16.00511314
4094,0.807442176,2.436527811
4095,0.912517915,0.720159301
4096,0.88769774,10.56025812
4097,0.840337315,7.410835832
4098,0.884698969,9.92075379
4099,0.835399427,14.28734719
4100,0.90167908,19.79327805
4101,0.909795995,15.25218914
4102,0.933675827,14.55092235
4103,0.821313593,4.388804874
4104,0.862733566,6.776746606
4105,0.972549144,19.3469725
4106,0.906694487,4.63126922
4107,0.936532168,3.753096333
4108,0.942417081,6.208405065
4109,0.856669358,16.84795195
4110,0.914530383,17.01336553
4111,0.956963793,9.701597247
4112,0.865901119,2.997681227
4113,0.989962263,12.86937385
4114,0.823898357,6.55221906
4115,0.871637738,4.487709395
4116,0.918733494,0.439824288
4117,0.913528218,2.593516828
4118,0.936108318,10.8723756
4119,0.93429196,7.051210055
4120,0.965542248,14.05418311
4121,0.864532033,1.396137999
4122,0.920224416,7.479781278
4123,0.847065972,2.263837604
4124,0.99056377,8.880308958
4125,0.936800602,9.539920786
4126,0.863910566,3.938549182
4127,0.808870147,6.24229704
4128,0.980146486,5.233308276
4129,0.844675253,12.03190752
4130,0.966634836,18.45080936
4131,0.872415251,5.658859862
4132,0.951467345,8.05600831
4133,0.919859994,15.38875558
4134,0.843697481,4.667741473
4135,0.987649224,13.2366223
4136,0.860782037,17.68294986
4137,0.961435254,10.03337277
4138,0.901502875,15.37887777
4139,0.960282176,13.94850637
4140,0.81320012,0.406524432
4141,0.873499325,6.186427871
4142,0.899633599,17.80394364
4143,0.831750329,7.593763206
4144,0.819242757,9.998094582
4145,0.932378906,14.75974313
4146,0.909914331,4.224808015
4147,0.821160837,2.779971239
4148,0.890850015,7.896816202
4149,0.937400092,9.535380686
4150,0.955977238,18.07548304
4151,0.847697977,2.727728437
4152,0.995839722,10.961231
4153,0.809430809,15.24542728
4154,0.802690017,13.95792637
4155,0.96715953,9.007647883
4156,0.952167157,6.215654896
4157,0.913547568,17.83619246
4158,0.863253914,13.4718302
4159,0.9979151,18.23116578
4160,0.872046283,9.083071215
4161,0.984046106,1.24842555
4162,0.807353327,0.759467155
4163,0.821620085,18.68758274
4164,0.964151273,13.88784409
4165,0.91165456,11.64879561
4166,0.979214731,12.22606746
4167,0.807964592,12.4640389
4168,0.97279375,4.344865417
4169,0.976822781,16.4158019
4170,0.859225929,10.17563055
4171,0.976477856,18.36709937
4172,0.84774322,19.97101012
4173,0.999277377,6.032334535
4174,0.929026687,16.35198251
4175,0.891978595,9.693623822
4176,0.805461958,7.080677893
4177,0.906027616,6.7796518
4178,0.893720565,12.01331631
4179,0.912276745,19.25652586
4180,0.98450323,11.47682743
4181,0.855233934,1.903127497
4182,0.941046274,15.19803708
4183,0.865956188,1.65340114
4184,0.876329691,11.45583525
4185,0.855688569,3.182997055
4186,0.845233116,10.79994679
4187,0.973312961,0.084211862
4188,0.999366339,14.92639817
4189,0.843625663,10.93477313
4190,0.952346417,18.33351192
4191,0.919836166,8.635856279
4192,0.818245906,17.36970293
4193,0.801903565,13.82594435
4194,0.899243948,2.726649894
4195,0.944606002,9.965073809
4196,0.835057332,15.8908366
4197,0.886909238,13.64416331
4198,0.886080622,13.01308232
4199,0.916168047,7.961496006
4200,0.822435809,6.350810233
4201,0.963211819,5.623347305
4202,0.981753117,3.848321658
4203,0.901998411,11.29109725
4204,0.821042085,17.19113246
4205,0.888247459,17.85162774
4206,0.986810244,1.813568316
4207,0.91895495,19.466487
4208,0.861735658,3.66418602
4209,0.930711991,6.841704627
4210,0.85029438,18.97423568
4211,0.888327251,1.04257933
4212,0.946139604,13.02499575
4213,0.919254571,13.03005089
4214,0.861159397,9.455217223
4215,0.970582409,9.035049437
4216,0.895828891,3.887239495
4217,0.987763841,19.81722292
4218,0.967422284,4.58275229
4219,0.89862419,15.01039005
4220,0.984478654,19.71509568
4221,0.96901975,11.12920183
4222,0.882082339,16.70376199
4223,0.953181052,0.823307742
4224,0.871821277,3.675466379
4225,0.8404192,6.681209543
4226,0.878987586,6.082286049
4227,0.906844032,7.626310867
4228,0.928378116,8.881951212
4229,0.908328781,4.844346211
4230,0.8649092,13.08967952
4231,0.996937692,1.815609023
4232,0.91025531,16.87229111
4233,0.876377212,11.27071904
4234,0.926923605,8.704340633
4235,0.837536533,1.45770387
4236,0.852947439,3.10249085
4237,0.921911459,17.30627355
4238,0.970318329,11.75040881
4239,0.944550244,9.808253285
4240,0.953455413,4.487462704
4241,0.85299148,15.04439961
4242,0.864466422,13.54124794
4243,0.853507525,19.33939267
4244,0.861632601,9.971989186
4245,0.843893319,1.556538523
4246,0.850642362,2.531834515
4247,0.923529408,13.34643171
4248,0.886239844,18.21944463
4249,0.905957787,3.55293387
4250,0.917461835,9.459262056
4251,0.817785343,9.936110877
4252,0.934545065,6.669643516
4253,0.841551885,4.244726485
4254,0.871262335,5.785465414
4255,0.811353654,12.41647018
4256,0.816207335,8.123097401
4257,0.836616418,8.780057709
4258,0.990861528,9.924531122
4259,0.9904516,17.82262936
4260,0.896347956,5.612118909
4261,0.923657082,4.066416813
4262,0.816543193,9.770413592
4263,0.803430595,4.593103521
4264,0.854037619,8.743059461
4265,0.988282644,11.15735263
4266,0.841084803,1.556495597
4267,0.999421236,15.05746687
4268,0.996875518,16.02448812
4269,0.88308834,1.807754225
4270,0.961036062,18.86412465
4271,0.841431223,15.60642461
4272,0.859436763,12.31810736
4273,0.900327704,12.14625682
4274,0.989087655,9.822362916
4275,0.906652628,8.397831419
4276,0.867192252,8.872408073
4277,0.889625348,3.361220916
4278,0.886030377,17.9198519
4279,0.989116186,17.97255833
4280,0.853708675,7.235584051
4281,0.862116681,4.331619968
4282,0.803467618,6.115015245
4283,0.822209032,18.35958888
4284,0.958157899,10.57804286
4285,0.972828345,4.022124431
4286,0.814049004,19.53766674
4287,0.874094108,2.280947541
4288,0.971333617,2.213402552
4289,0.85115568,0.986217402
4290,0.868159802,17.19038219
4291,0.948766339,1.972138496
4292,0.810551711,5.18082267
4293,0.850883977,14.20193802
4294,0.988655334,9.475062419
4295,0.848800012,5.724736027
4296,0.979677687,14.44774766
4297,0.832594481,13.89298318
4298,0.925055866,5.45603424
4299,0.86745705,17.6500275
4300,0.815902072,3.067484286
4301,0.924069355,18.72149387
4302,0.849117738,19.09604942
4303,0.805715138,12.88881334
4304,0.816768018,10.36675001
4305,0.945115101,15.93934374
4306,0.812495162,17.36140405
4307,0.809989066,9.316544062
4308,0.938132899,19.899
4309,0.96807789,6.821202705
4310,0.956906123,6.565383053
4311,0.82084537,6.498256812
4312,0.908230426,9.740470872
4313,0.98391521,15.97891624
4314,0.978472105,10.84211619
4315,0.910601556,16.11981049
4316,0.862165889,13.90442045
4317,0.945516693,19.20371792
4318,0.816341603,15.72657638
4319,0.924670619,3.973166038
4320,0.891486951,4.830714295
4321,0.9679565,14.09217495
4322,0.990958782,9.411153365
4323,0.915196051,9.594867959
4324,0.879716708,4.506577121
4325,0.980520435,13.49683818
4326,0.99882217,17.35840508
4327,0.971622178,14.6464184
4328,0.924889657,17.70052385
4329,0.888176682,16.04446381
4330,0.925455826,1.089572452
4331,0.981424459,9.302595502
4332,0.972134201,12.27640927
4333,0.915683814,5.181821879
4334,0.842622055,15.0233133
4335,0.802695168,7.550191823
4336,0.913721663,7.328849272
4337,0.924243968,7.169897166
4338,0.822995807,15.99137239
4339,0.959445458,3.278872029
4340,0.899613477,18.85954829
4341,0.871337887,5.164997981
4342,0.83534446,19.46081893
4343,0.920184445,16.1320743
4344,0.91283103,7.375028442
4345,0.902916642,5.474994067
4346,0.875070745,15.68729578
4347,0.98938531,3.276472549
4348,0.873461456,2.122988682
4349,0.983547653,13.68831402
4350,0.909834466,1.416223928
4351,0.943074331,16.10814697
4352,0.825820536,13.64021859
4353,0.893569573,9.915960128
4354,0.80824169,8.40559523
4355,0.861171411,18.56434584
4356,0.983274217,10.64327442
4357,0.914626884,6.441646032
4358,0.908187444,12.48449696
4359,0.907347929,17.77561275
4360,0.994432592,6.975809585
4361,0.916361669,19.23907509
4362,0.835753214,2.046583487
4363,0.982813741,13.96367373
4364,0.905046043,18.75346415
4365,0.899256067,3.247414574
4366,0.939625767,14.53676606
4367,0.9743437,9.21308375
4368,0.801951632,9.90055374
4369,0.828424921,11.32709178
4370,0.867583956,3.800386265
4371,0.827723096,9.861978256
4372,0.963958687,2.575060455
4373,0.86985297,19.0984697
4374,0.876359947,2.516622661
4375,0.936388678,13.012764
4376,0.881198731,3.871412708
4377,0.882319045,19.68748524
4378,0.861198473,17.91671389
4379,0.905992849,2.210973148
4380,0.843833603,17.13369228
4381,0.883829601,19.4056021
4382,0.944513489,2.109690083
4383,0.815255176,11.64540641
4384,0.884844036,6.227571081
4385,0.885046249,10.77586737
4386,0.886883095,19.59690963
4387,0.951501326,6.821465468
4388,0.992072533,3.996604938
4389,0.999804503,18.60395974
4390,0.907923224,4.607400025
4391,0.807544869,4.806767593
4392,0.924177983,16.30780033
4393,0.832728633,16.10675583
4394,0.916678812,15.77016401
4395,0.867326692,13.89092972
4396,0.81734442,5.45260038
4397,0.830045225,7.514494673
4398,0.939013201,1.227335445
4399,0.825790117,18.41585698
4400,0.805554839,8.246247622
4401,0.89092853,4.279272741
4402,0.985127066,7.164725168
4403,0.944013336,0.873767309
4404,0.910999908,19.02739572
4405,0.891331044,6.470407044
4406,0.861482633,0.060667755
4407,0.943323868,10.95909047
4408,0.846755613,5.127232979
4409,0.944741604,2.278136497
4410,0.929361906,2.602035558
4411,0.948136283,0.201553866
4412,0.831481528,16.69160146
4413,0.91405875,16.91285565
4414,0.90376072,17.9894499
4415,0.824608376,8.501421822
4416,0.890837995,10.78497672
4417,0.900323106,13.07695196
4418,0.896703998,10.24746279
4419,0.928231054,7.145264379
4420,0.93089585,6.987979419
4421,0.855729786,14.58051264
4422,0.915204221,12.30492224
4423,0.919494894,5.674310387
4424,0.852658497,7.063034305
4425,0.804614735,6.853942062
4426,0.834273471,4.384243499
4427,0.894089595,13.84254766
4428,0.922138705,2.037593652
4429,0.924290456,0.373681206
4430,0.954552159,8.332812753
4431,0.892946678,9.656841416
4432,0.931853576,3.794908009
4433,0.859924328,18.78269864
4434,0.952916805,9.604219872
4435,0.873330664,3.468840357
4436,0.811997508,16.56423057
4437,0.815500758,19.61865547
4438,0.876663063,12.36850372
4439,0.894451785,15.65313967
4440,0.907019236,18.4853376
4441,0.988882604,12.42912637
4442,0.976485056,4.286696983
4443,0.94639416,9.293774875
4444,0.860941091,11.51210402
4445,0.814258253,11.31490812
4446,0.976399254,12.30498532
4447,0.845385995,16.40619177
4448,0.934426489,6.231950667
4449,0.857600785,8.512107021
4450,0.825126228,18.18420444
4451,0.859652957,7.588152842
4452,0.909600679,6.425584249
4453,0.804924091,12.02661595
4454,0.93868838,8.293738106
4455,0.95191808,18.26333672
4456,0.968136103,5.459806832
4457,0.979171951,2.654869639
4458,0.923631383,7.394199515
4459,0.829326376,11.10442771
4460,0.881072011,5.175095183
4461,0.894258982,14.37042626
4462,0.900514857,12.63284124
4463,0.901840521,18.37622822
4464,0.893939468,15.80537515
4465,0.865618602,19.80610525
4466,0.929723692,8.047906479
4467,0.864392966,0.470718748
4468,0.950246773,4.118223022
4469,0.872346489,9.163672894
4470,0.89976849,10.53331713
4471,0.95600446,17.19897949
4472,0.994522348,1.887286503
4473,0.86687899,2.116071987
4474,0.863686313,14.68231917
4475,0.965176996,15.92518612
4476,0.862999176,0.204828284
4477,0.882393199,4.989700989
4478,0.809558989,1.011995788
4479,0.967130564,10.02207555
4480,0.869716791,15.14694657
4481,0.98691452,13.46835813
4482,0.814402529,19.24660466
4483,0.921834375,8.411525697
4484,0.94391289,3.084012501
4485,0.982291056,9.49952938
4486,0.977016456,5.524618533
4487,0.974246086,11.21551588
4488,0.892531185,1.786629328
4489,0.937759451,15.43657198
4490,0.957936677,1.824967799
4491,0.929300178,8.959268949
4492,0.925294792,14.90209832
4493,0.891009521,6.000189973
4494,0.969383947,6.537288933
4495,0.967366386,12.59309673
4496,0.815259256,19.99468329
4497,0.966238147,11.70417775
4498,0.927032196,6.452903752
4499,0.851799714,18.80181545
4500,0.801909406,14.99697964
4501,0.906354276,12.44450756
4502,0.858587573,6.530959975
4503,0.896167423,10.98162406
4504,0.908488247,18.58482795
4505,0.930478874,13.79453647
4506,0.862158768,3.354666099
4507,0.907432051,16.17375858
4508,0.895188719,18.00110017
4509,0.867621464,11.27718714
4510,0.945973485,8.364899929
4511,0.869753759,14.83435724
4512,0.939218928,5.764439828
4513,0.948169397,18.06737774
4514,0.923988604,14.51251191
4515,0.954351625,18.55497673
4516,0.843108485,3.819184917
4517,0.979086462,14.59790078
4518,0.885404306,11.70685997
4519,0.881309253,15.61764284
4520,0.964666916,13.85660394
4521,0.867171964,18.66317838
4522,0.809337459,16.48149146
4523,0.904097481,15.30237086
4524,0.968893168,18.84015557
4525,0.918819605,8.068961049
4526,0.960879899,5.66814118
4527,0.8843793,17.50847921
4528,0.938219519,12.58163481
4529,0.808037546,9.345652151
4530,0.803921126,0.371493825
4531,0.82808857,13.35724124
4532,0.958614452,18.34921319
4533,0.898257839,7.463219035
4534,0.84407234,10.07900884
4535,0.883055251,8.299461204
4536,0.883623598,10.00793323
4537,0.915672651,3.065527039
4538,0.805287386,1.875876599
4539,0.819917197,14.5179844
4540,0.950620048,10.26973191
4541,0.994773903,2.464601805
4542,0.928146768,16.99197219
4543,0.845946554,19.24940065
4544,0.913732162,13.51415093
4545,0.980178961,9.631603552
4546,0.836359932,15.55911847
4547,0.81279388,11.67637834
4548,0.87587617,15.36585611
4549,0.965723268,16.34138157
4550,0.986307339,14.60987344
4551,0.847006464,18.17658881
4552,0.80275328,19.05422629
4553,0.808345227,16.28789826
4554,0.984396102,5.924955342
4555,0.997951247,4.035365717
4556,0.816424317,15.79528704
4557,0.876329386,16.75879992
4558,0.819408705,4.510989262
4559,0.802008936,10.59122691
4560,0.895418554,3.624614075
4561,0.816274821,15.41429208
4562,0.982531426,17.64815525
4563,0.978752882,7.783499095
4564,0.823534387,19.84934079
4565,0.993422356,15.74368269
4566,0.833165965,4.294390988
4567,0.854982758,1.08589346
4568,0.842319592,14.06421874
4569,0.971972701,10.0476565
4570,0.835115675,10.41399912
4571,0.943312453,17.18188957
4572,0.95626561,11.19430197
4573,0.894344868,5.31818995
4574,0.899120166,9.873919339
4575,0.839298858,17.5511717
4576,0.903795632,6.110844717
4577,0.849919021,18.78928172
4578,0.809700815,13.35026559
4579,0.808623202,19.30814243
4580,0.85994372,5.209205584
4581,0.822671623,2.945739917
4582,0.851710479,16.88890849
4583,0.832870768,10.4068583
4584,0.925546593,5.3877694
4585,0.977208022,1.390440308
4586,0.90739329,16.59834201
4587,0.983085327,19.69768625
4588,0.889074764,18.52325503
4589,0.90018663,15.20691734
4590,0.917565882,16.22943053
4591,0.960222056,12.61313464
4592,0.801618868,15.12461395
4593,0.908357352,15.85504632
4594,0.919180042,9.463460261
4595,0.873839344,6.137047315
4596,0.830075241,6.441581229
4597,0.995209064,13.24808767
4598,0.900764324,3.923342141
4599,0.875374518,5.268331451
4600,0.819757783,7.957301628
4601,0.87645481,3.25283836
4602,0.995671148,2.952286967
4603,0.933988427,9.791135302
4604,0.856208083,18.28401584
4605,0.800161614,14.61078561
4606,0.937000743,15.71302681
4607,0.936633241,5.399833268
4608,0.834487864,4.672953664
4609,0.834521878,12.51545582
4610,0.971621054,5.677710633
4611,0.964015571,7.610886325
4612,0.86667213,10.09861649
4613,0.934569149,13.10279845
4614,0.833081607,17.5660981
4615,0.934969623,19.01458421
4616,0.963622049,9.39266767
4617,0.985799527,13.14014283
4618,0.922149661,4.38385938
4619,0.91931483,5.513189203
4620,0.955158235,6.446334486
4621,0.880247086,0.878354354
4622,0.94278551,0.601090227
4623,0.876987173,18.38498779
4624,0.932859695,16.17826473
4625,0.87745294,4.884415882
4626,0.922226692,9.062592936
4627,0.889145571,9.069564183
4628,0.890791044,8.392672553
4629,0.951775759,6.718722872
4630,0.905317832,0.436459262
4631,0.989970048,15.78732607
4632,0.891440901,9.868754194
4633,0.97431153,8.292528086
4634,0.87573258,14.2387087
4635,0.885449695,19.88725282
4636,0.990604978,5.737724222
4637,0.963290217,8.116981859
4638,0.872301146,7.103475866
4639,0.8142183,10.6011658
4640,0.837359397,0.876359523
4641,0.845754073,14.01179296
4642,0.988948729,11.4834778
4643,0.87446087,10.47386302
4644,0.937490841,12.22376911
4645,0.920928306,14.4350293
4646,0.992017473,4.082342794
4647,0.9206925,15.53267775
4648,0.964500805,0.900743511
4649,0.911248518,16.74635657
4650,0.871103384,19.48854787
4651,0.843381055,9.660883525
4652,0.878056393,19.19316611
4653,0.907569776,18.98582239
4654,0.914713459,12.36642808
4655,0.971381206,16.45882139
4656,0.91876704,6.107692188
4657,0.894564381,8.054999579
4658,0.942407303,16.35799253
4659,0.809513424,10.47381708
4660,0.914543221,4.827567998
4661,0.995235322,4.124651734
4662,0.832842418,13.43965446
4663,0.96776476,3.074527942
4664,0.881080284,1.917719456
4665,0.982742669,8.718942303
4666,0.90336654,2.95802978
4667,0.898795074,10.14049452
4668,0.943365071,4.040891727
4669,0.826091142,14.42566931
4670,0.803103171,12.82247194
4671,0.837885043,3.319680755
4672,0.899522424,4.514162913
4673,0.932263899,3.969217067
4674,0.96231801,17.20392831
4675,0.821516553,5.217233931
4676,0.920964039,16.14702117
4677,0.990639175,18.33852071
4678,0.811765947,17.07462107
4679,0.874903248,8.975204601
4680,0.840998458,9.758267093
4681,0.846449611,16.82139029
4682,0.820706519,10.5803064
4683,0.934640891,0.974153664
4684,0.915615622,14.60928112
4685,0.86670993,3.931353129
4686,0.937926327,18.83752251
4687,0.920656047,7.119954539
4688,0.811342703,4.749858403
4689,0.895912789,6.92247183
4690,0.854048583,10.51454451
4691,0.809395669,9.031977488
4692,0.872754731,5.158754379
4693,0.990469405,11.8755782
4694,0.822273877,13.46168391
4695,0.906616554,15.58760086
4696,0.838235974,0.045886424
4697,0.962525821,5.260023249
4698,0.98429671,9.287756683
4699,0.844112461,2.466488951
4700,0.816969677,19.80607758
4701,0.864485444,2.589669527
4702,0.92681662,10.27689112
4703,0.984977902,17.1544124
4704,0.914660627,15.21309042
4705,0.960656249,10.71042855
4706,0.861301853,14.69239163
4707,0.897636788,9.955613013
4708,0.858562644,17.79409997
4709,0.877661801,8.820988009
4710,0.859490621,11.12567474
4711,0.842741604,18.97698366
4712,0.89586536,19.66796472
4713,0.978660733,0.34581009
4714,0.819646722,14.66148694
4715,0.92188394,13.02719494
4716,0.912732743,12.71296605
4717,0.974313075,16.98124258
4718,0.921012121,19.03266223
4719,0.920833005,0.634601614
4720,0.943040919,19.20295955
4721,0.918238552,11.17413945
4722,0.970358068,0.981987942
4723,0.878887803,4.967778088
4724,0.923992302,3.355702917
4725,0.81274955,9.666363132
4726,0.800480365,7.826838339
4727,0.902982874,7.889782291
4728,0.872610265,15.43634563
4729,0.935926119,5.553911118
4730,0.930525627,1.499183084
4731,0.844251508,15.69273921
4732,0.976945367,4.926452244
4733,0.85621207,17.20298469
4734,0.939018475,14.48717288
4735,0.996589676,2.152423449
4736,0.959416271,18.40006167
4737,0.849725592,5.262974684
4738,0.826103928,1.470483845
4739,0.886309784,15.83335202
4740,0.967564223,14.54616341
4741,0.817731236,6.650286892
4742,0.820280458,19.6305657
4743,0.880169013,17.77615299
4744,0.974155544,11.70042916
4745,0.939281254,16.05056624
4746,0.986235889,11.65225606
4747,0.966769895,17.24235798
4748,0.833277678,17.97972817
4749,0.986213267,18.41019306
4750,0.837799319,7.103760317
4751,0.960344464,13.68535233
4752,0.809995731,10.20270117
4753,0.886183874,19.42054713
4754,0.869682503,12.33179823
4755,0.912569284,13.97449793
4756,0.837520499,13.54573847
4757,0.952519416,17.49859684
4758,0.890740809,8.825576858
4759,0.814483955,2.733614676
4760,0.879005596,10.76828593
4761,0.835650138,12.95177396
4762,0.882778034,15.96427502
4763,0.850908103,7.876284527
4764,0.828926478,11.53921042
4765,0.990100676,3.618235142
4766,0.974539263,15.76992862
4767,0.890973428,3.210940922
4768,0.971433532,19.71124813
4769,0.90063328,0.059663027
4770,0.814624639,11.12823676
4771,0.800598211,18.22819068
4772,0.944037659,13.19579681
4773,0.874445071,10.66924626
4774,0.91661016,10.25583826
4775,0.993392885,10.59366061
4776,0.824065474,5.349137417
4777,0.907128336,1.45316205
4778,0.835912985,14.11541825
4779,0.947303561,13.46914083
4780,0.990314564,17.74505595
4781,0.909708222,19.44784122
4782,0.906871354,8.752316088
4783,0.84748937,7.268348976
4784,0.992101235,2.666836352
4785,0.898849853,9.047229985
4786,0.942486326,16.48855816
4787,0.999276902,17.05564268
4788,0.910791982,1.256018427
4789,0.991135224,9.014643825
4790,0.809210771,1.079122519
4791,0.807206306,14.30861138
4792,0.816183374,8.404283288
4793,0.929771225,4.128842339
4794,0.931335901,14.5432519
4795,0.951488468,12.81051579
4796,0.821077334,19.03186086
4797,0.931233994,4.048580152
4798,0.949182164,17.2504724
4799,0.806718552,7.369685754
4800,0.876414102,8.93378883
4801,0.837830336,15.53500494
4802,0.948764106,0.947804466
4803,0.921675429,19.88331621
4804,0.905150514,4.945461514
4805,0.811345579,2.426999368
4806,0.894328907,2.984051054
4807,0.868691328,1.947730906
4808,0.994632493,5.899272438
4809,0.898047921,18.61837457
4810,0.939124465,0.911527016
4811,0.833851868,19.68686273
4812,0.818610243,15.07777321
4813,0.906523233,4.610739567
4814,0.977104649,8.632161654
4815,0.838728938,19.21694365
4816,0.936310668,1.481428367
4817,0.822369869,7.448952538
4818,0.859265864,18.24063285
4819,0.834156787,12.45460819
4820,0.938743647,5.096167047
4821,0.971558057,3.877613982
4822,0.841818019,9.959387106
4823,0.989434159,11.97858208
4824,0.84655926,14.51828822
4825,0.99028368,4.118275539
4826,0.934250043,12.29578381
4827,0.999174404,12.22762944
4828,0.980397908,11.75651967
4829,0.908343687,12.36125285
4830,0.953259207,6.623213525
4831,0.996962242,1.492156723
4832,0.933270584,1.892684716
4833,0.852272769,1.073004528
4834,0.953272977,3.104697208
4835,0.964235145,0.048820041
4836,0.92079266,16.19276083
4837,0.931394493,9.638011688
4838,0.93709492,16.65227003
4839,0.950297862,14.52635861
4840,0.851684216,16.59319869
4841,0.804930478,2.686314595
4842,0.850832381,15.8266626
4843,0.853257886,0.482502185
4844,0.943011576,6.149084842
4845,0.973498612,4.649647699
4846,0.949305257,19.28915374
4847,0.866511836,14.44219261
4848,0.816958554,13.02335167
4849,0.92688796,13.74977805
4850,0.953292163,1.702863758
4851,0.835358991,5.27283482
4852,0.959954596,6.824429976
4853,0.894285711,14.90678992
4854,0.930531955,17.32390769
4855,0.818860408,7.420614279
4856,0.947610263,13.0589271
4857,0.900876477,18.6984594
4858,0.885379335,11.39372024
4859,0.937179467,18.78821581
4860,0.813954526,13.89236912
4861,0.944782273,18.46402326
4862,0.902960769,10.68635244
4863,0.800738972,16.17867256
4864,0.867921476,18.20797233
4865,0.91239945,9.434393581
4866,0.992377506,7.743461991
4867,0.846701997,18.96620955
4868,0.95007119,0.351426258
4869,0.887550895,10.60246834
4870,0.803901625,2.325690649
4871,0.805331301,1.713995329
4872,0.880203012,19.82870614
4873,0.877071329,9.733912771
4874,0.987072591,14.36743263
4875,0.897394854,4.428741698
4876,0.824236619,11.70697979
4877,0.888939857,5.655475258
4878,0.844337715,6.41257302
4879,0.904715057,14.59210344
4880,0.991304943,3.802881026
4881,0.83470689,3.690492314
4882,0.849685356,15.59177518
4883,0.909647056,15.73859099
4884,0.954971152,4.520280088
4885,0.93460875,0.643323073
4886,0.885898852,13.81652668
4887,0.935537423,13.38166636
4888,0.912468674,7.220763002
4889,0.836532207,16.47944901
4890,0.942645728,16.71997074
4891,0.981173855,14.77003792
4892,0.843161608,15.05274418
4893,0.841981917,12.04601163
4894,0.996219038,3.514210567
4895,0.827742502,19.95610048
4896,0.907667955,6.662388952
4897,0.856184217,6.83447854
4898,0.926247946,9.879661134
4899,0.965378092,19.39028513
4900,0.9708706,10.01416448
4901,0.933164271,10.05426959
4902,0.910137564,19.14163363
4903,0.846702419,9.958727963
4904,0.948118934,1.258179546
4905,0.837098869,12.16917293
4906,0.866767208,4.24553693
4907,0.840618617,18.28559172
4908,0.92871883,2.260030816
4909,0.942897358,3.590402934
4910,0.917561331,5.64068203
4911,0.902684589,0.096958329
4912,0.81815967,0.146627333
4913,0.834695172,9.07498501
4914,0.812467046,11.90184257
4915,0.907737715,13.12013387
4916,0.855458002,6.359685614
4917,0.93731896,18.2935646
4918,0.930961563,16.45922578
4919,0.909668901,5.90335283
4920,0.962592234,17.00168821
4921,0.949818831,16.96780744
4922,0.822572366,1.462268569
4923,0.82722395,0.803577971
4924,0.850048996,1.762266335
4925,0.89061689,9.664949011
4926,0.874313762,13.00407649
4927,0.847400585,16.58283317
4928,0.832253283,13.41558949
4929,0.896036781,8.881895957
4930,0.874116022,10.04955245
4931,0.847361115,4.169408098
4932,0.919719464,7.315539844
4933,0.882623886,16.19287784
4934,0.995340305,14.79209506
4935,0.844995848,9.051253928
4936,0.867042631,16.96966076
4937,0.852315665,19.80422292
4938,0.801234492,14.39755103
4939,0.999455809,16.89486986
4940,0.967120108,4.03203605
4941,0.910472357,15.20891837
4942,0.968192282,12.51284348
4943,0.831200285,2.280569907
4944,0.965455877,6.475185107
4945,0.852628797,12.52152411
4946,0.964548486,15.68678878
4947,0.842756288,12.14292761
4948,0.998934227,12.21837678
4949,0.879816204,1.574049444
4950,0.845549402,10.33125373
4951,0.84301406,1.241225457
4952,0.908365216,10.34573005
4953,0.927348401,0.855896906
4954,0.863116895,17.36361287
4955,0.979860912,14.32063294
4956,0.882862845,9.310841697
4957,0.816317578,15.27873061
4958,0.899196449,5.437277221
4959,0.849021663,15.15107523
4960,0.810080381,11.78976837
4961,0.825461486,15.68367877
4962,0.839371305,13.93299629
4963,0.844116186,13.21282403
4964,0.948960978,10.93914055
4965,0.995444299,18.5809355
4966,0.802177694,4.17217632
4967,0.957178017,1.284310861
4968,0.91518346,10.89320008
4969,0.881419962,17.30945816
4970,0.844720976,12.07236573
4971,0.904720255,4.523020583
4972,0.887929272,13.53964624
4973,0.860810038,1.056846596
4974,0.982036141,19.60269342
4975,0.855452224,0.005480834
4976,0.959275343,17.47684399
4977,0.933583859,11.53475613
4978,0.826869009,16.19669669
4979,0.828709716,14.1953753
4980,0.946549379,2.554705058
4981,0.896999047,4.70494034
4982,0.831359404,0.025256785
4983,0.994230174,8.462221038
4984,0.864749234,2.404503315
4985,0.876310494,8.488234608
4986,0.836090896,4.218779292
4987,0.979530276,2.924596002
4988,0.875356682,9.022452194
4989,0.828444091,7.138689452
4990,0.954615579,12.73060408
4991,0.939972668,19.9893495
4992,0.905619027,18.61206996
4993,0.840517386,11.73156654
4994,0.843022236,14.73840727
4995,0.979844896,7.654340595
4996,0.961455947,19.24046822
4997,0.989269373,11.42898691
4998,0.807971802,18.06590463
4999,0.887614689,10.58732297
5000,0.896537998,6.856370479
5001,0.917579442,8.598905162
5002,0.977732336,1.682963201
5003,0.871645164,0.814397982
5004,0.825419227,17.35980362
5005,0.905172258,15.32701661
5006,0.964737011,12.15265778
5007,0.968088517,2.446170164
5008,0.859034183,16.44616205
5009,0.956074522,3.23431858
5010,0.995456045,0.153749067
5011,0.931239021,15.30219163
5012,0.962674109,11.73089286
5013,0.927244957,5.761954741
5014,0.89989297,13.99459857
5015,0.974811594,5.83747105
5016,0.963678685,17.65204032
5017,0.932736825,8.234591394
5018,0.882292153,10.94561946
5019,0.961527056,6.804876001
5020,0.864623627,12.0249375
5021,0.893068924,14.72349278
5022,0.944187661,6.38595174
5023,0.976796842,3.795790485
5024,0.864246185,12.01486567
5025,0.840281321,17.13290018
5026,0.883447196,7.576243484
5027,0.939993576,18.05961196
5028,0.917392896,18.70415062
5029,0.830695977,6.317873812
5030,0.843047705,2.333719082
5031,0.858478789,13.89367385
5032,0.885230923,17.40648528
5033,0.902672217,3.177576172
5034,0.981695429,5.796153757
5035,0.812781704,19.02444805
5036,0.885422187,3.075828306
5037,0.87004881,9.092205048
5038,0.983322673,14.76810782
5039,0.972417627,17.7778164
5040,0.86475236,17.51898413
5041,0.911192434,14.16055789
5042,0.928643358,15.9635315
5043,0.91013011,8.149440676
5044,0.891818295,2.602468243
5045,0.830670381,3.540592736
5046,0.976036869,17.95277109
5047,0.951192234,8.529185004
5048,0.962598625,16.11752674
5049,0.972437485,11.02147358
5050,0.997457222,15.45325395
5051,0.901406786,16.64531292
5052,0.807774007,6.472541054
5053,0.983806029,9.333721788
5054,0.839485243,2.184025757
5055,0.908046667,15.18374172
5056,0.977051491,1.254145063
5057,0.918370739,4.895372595
5058,0.813989084,18.39275838
5059,0.838898304,7.318212015
5060,0.845844751,19.6986288
5061,0.927979581,9.254088574
5062,0.918381669,16.25319508
5063,0.931066484,5.395113799
5064,0.920333151,10.94760819
5065,0.826053218,5.672919375
5066,0.885367911,8.667122481
5067,0.986379371,10.81189162
5068,0.800022248,6.117317693
5069,0.991522395,12.09305758
5070,0.927863237,15.72658809
5071,0.972504651,1.2638247
5072,0.886777657,3.241846427
5073,0.811956297,1.496719108
5074,0.845590508,0.416656777
5075,0.92786846,13.91456401
5076,0.95720906,13.50663411
5077,0.848210348,9.186930897
5078,0.829985031,11.0944465
5079,0.881602923,1.359665763
5080,0.894690512,10.28954904
5081,0.896480626,14.30582859
5082,0.885272362,11.26970546
5083,0.826336741,15.5187734
5084,0.819120267,3.727027338
5085,0.985687166,6.015964773
5086,0.940969256,11.55514181
5087,0.861918478,10.55104382
5088,0.852306391,12.90503737
5089,0.983114294,1.492482006
5090,0.930826407,13.36232427
5091,0.889502722,4.921388181
5092,0.911923894,7.291047871
5093,0.943162124,14.89007588
5094,0.99151513,0.33972192
5095,0.967531721,0.807381515
5096,0.842995066,16.04456498
5097,0.964153854,14.35431698
5098,0.981049711,3.389359297
5099,0.949651497,15.93589556
5100,0.824065966,11.95470081
5101,0.877768158,1.184514916
5102,0.92707281,0.371665216
5103,0.884896223,16.42659302
5104,0.859206362,9.752747528
5105,0.870246839,5.859114333
5106,0.95002847,12.20675202
5107,0.813454701,6.362683487
5108,0.956529005,3.211775098
5109,0.935353104,15.38963014
5110,0.807813567,16.19635094
5111,0.943104239,17.44370988
5112,0.827433762,8.26002298
5113,0.808053667,9.672942422
5114,0.990031835,12.36903307
5115,0.812384669,13.17551155
5116,0.95799092,11.2743682
5117,0.8288817,1.039067415
5118,0.824941545,7.633694609
5119,0.924792207,6.797259846
5120,0.919606852,19.78312142
5121,0.919067652,17.29531471
5122,0.87368791,0.625991085
5123,0.933822406,0.202421734
5124,0.86667032,15.9654911
5125,0.885676756,0.868276154
5126,0.951067486,6.366195446
5127,0.828588496,2.016859282
5128,0.865081599,3.126942656
5129,0.843666031,5.904679482
5130,0.849681328,7.752559117
5131,0.830178524,12.94399231
5132,0.991820817,3.867568013
5133,0.927202074,8.730808069
5134,0.842467521,19.96835239
5135,0.918241275,6.969782842
5136,0.806107116,15.75057872
5137,0.997908463,19.14323618
5138,0.857772138,8.221640614
5139,0.912374192,5.10665651
5140,0.964547953,14.8183339
5141,0.988297619,17.37140931
5142,0.97674662,19.97734312
5143,0.936600755,11.616385
5144,0.840526557,12.1376046
5145,0.8345199,4.998396293
5146,0.907447408,8.928885625
5147,0.896383879,6.210711657
5148,0.829192016,17.46009585
5149,0.951940836,6.473344342
5150,0.827642818,13.17074359
5151,0.836564033,15.81724545
5152,0.852931128,2.235361005
5153,0.915291868,17.25020418
5154,0.861776312,9.733048165
5155,0.974279711,7.830825558
5156,0.865105939,1.880897308
5157,0.912374908,6.706785096
5158,0.842213077,12.58749658
5159,0.882719154,5.121548647
5160,0.824388269,19.51107893
5161,0.974540882,7.031534143
5162,0.881031347,3.593204198
5163,0.916355722,7.998220094
5164,0.975144496,16.38183802
5165,0.858205542,1.080616547
5166,0.837959756,19.76979999
5167,0.980620702,11.40301672
5168,0.943516725,11.78000369
5169,0.850241688,14.98422721
5170,0.905530341,9.072939451
5171,0.920740401,14.26393729
5172,0.801203435,3.550374177
5173,0.962107764,15.11337642
5174,0.815035915,7.421074851
5175,0.924345003,5.780140052
5176,0.80945057,5.362841508
5177,0.99904278,13.18336848
5178,0.82638163,3.155500312
5179,0.834218166,8.554388986
5180,0.963914222,16.01378372
5181,0.929207689,8.437048783
5182,0.983816673,9.970453255
5183,0.969662577,1.38115356
5184,0.990700732,14.13126876
5185,0.843510523,7.340699674
5186,0.979660215,15.73767611
5187,0.943631794,1.723054667
5188,0.804699904,11.26011859
5189,0.813769239,18.14009056
5190,0.983237019,6.806059264
5191,0.919568684,14.05216752
5192,0.974792928,17.6620633
5193,0.909899999,7.38704335
5194,0.895793254,19.45529359
5195,0.904718449,9.650697161
5196,0.996811833,15.52117726
5197,0.816113757,10.33673692
5198,0.93610018,5.099728763
5199,0.972825264,4.216660202
5200,0.915723755,15.96215199
5201,0.892957358,10.19418211
5202,0.883579821,3.677157552
5203,0.912129522,17.67981323
5204,0.832949662,13.54698665
5205,0.828632474,2.349450302
5206,0.901366084,2.838928701
5207,0.860246126,0.742447387
5208,0.857404135,14.89771305
5209,0.879425724,6.653623397
5210,0.948041702,17.22985029
5211,0.916163414,3.189332529
5212,0.824943625,6.929394854
5213,0.825410858,16.66874262
5214,0.876752126,5.727244889
5215,0.96253119,17.61943748
5216,0.951433466,7.549877182
5217,0.848806507,18.95872584
5218,0.999172102,15.37027891
5219,0.871370084,7.748583033
5220,0.908908428,2.193849867
5221,0.960548439,14.58012783
5222,0.896816514,10.75002063
5223,0.877236198,15.91936781
5224,0.80542557,8.50132971
5225,0.855386276,4.121479583
5226,0.84536725,7.483272744
5227,0.841797125,11.48893576
5228,0.864290922,16.23567638
5229,0.939810676,3.967862108
5230,0.803617394,10.45441828
5231,0.862303998,8.845505476
5232,0.822205678,5.931691599
5233,0.846952751,5.707810619
5234,0.880169474,1.037088127
5235,0.802203551,6.979936157
5236,0.962888487,15.78201574
5237,0.94085464,0.661367937
5238,0.900545452,1.987808615
5239,0.881328382,0.884356432
5240,0.837980778,4.111554139
5241,0.862423669,5.310785061
5242,0.87553467,7.795060145
5243,0.893295194,11.46507986
5244,0.918505141,17.79136895
5245,0.857526111,0.877709501
5246,0.957358482,0.590526425
5247,0.807095403,15.19478547
5248,0.961822398,15.58054726
5249,0.848190238,12.8859156
5250,0.872093042,14.02698205
5251,0.998177649,16.44927973
5252,0.889718866,0.851530452
5253,0.845960076,18.43238286
5254,0.884085521,16.90981912
5255,0.938499075,0.692050101
5256,0.88433872,11.42475946
5257,0.87929843,17.45027506
5258,0.94114061,1.335207621
5259,0.87928716,9.292308497
5260,0.912308097,5.85186962
5261,0.881758102,3.829045968
5262,0.978905662,0.060386475
5263,0.825207885,7.095002917
5264,0.910951121,1.764693538
5265,0.839993702,15.33045264
5266,0.992095648,5.027635335
5267,0.831651062,18.04671268
5268,0.953198644,1.371483195
5269,0.837749227,11.09586176
5270,0.933780312,2.344592597
5271,0.817524341,4.871966079
5272,0.869014164,10.77798731
5273,0.933829871,9.693278841
5274,0.841733709,18.02793694
5275,0.84567312,4.885530245
5276,0.816023384,14.69009719
5277,0.978341797,5.577017434
5278,0.962277274,14.15032646
5279,0.947161195,17.07281285
5280,0.892297067,0.037186291
5281,0.857170469,18.42610988
5282,0.806491748,15.1339619
5283,0.931228662,4.273973291
5284,0.932075646,3.354329294
5285,0.815670015,1.650408862
5286,0.843042067,8.687538698
5287,0.996732672,1.483083555
5288,0.994875362,14.80074775
5289,0.833829586,14.80774395
5290,0.858607679,8.941598605
5291,0.941843475,3.301036172
5292,0.880317791,4.188873691
5293,0.884550013,4.058682003
5294,0.967738518,3.685651344
5295,0.90781249,0.741276425
5296,0.843562287,9.634435713
5297,0.919416313,12.04718112
5298,0.82449431,11.5926352
5299,0.946954854,19.87547095
5300,0.956247175,0.943435947
5301,0.960865764,19.87543018
5302,0.907653634,12.08252584
5303,0.996545627,0.23760904
5304,0.840624863,0.101527725
5305,0.912818794,2.041735008
5306,0.855130057,19.61505352
5307,0.942838373,3.56164886
5308,0.819900337,15.32442469
5309,0.982838718,11.11425616
5310,0.94711554,14.28913967
5311,0.810198076,19.10634538
5312,0.841043362,11.73522806
5313,0.947102578,17.82032376
5314,0.882638688,2.341414502
5315,0.826762946,7.621505534
5316,0.984089386,5.020707492
5317,0.961802773,4.189591454
5318,0.962286948,0.084876712
5319,0.9548273,19.24930738
5320,0.9312606,5.205795789
5321,0.826741899,9.458642685
5322,0.886119191,17.06649015
5323,0.974199602,14.92435977
5324,0.817735881,1.08794216
5325,0.877467877,1.414696011
5326,0.954810823,18.19166293
5327,0.917890382,19.89271982
5328,0.809641128,12.27872686
5329,0.854357844,16.12981308
5330,0.808283537,2.953780302
5331,0.84880139,8.994573548
5332,0.868013313,14.34437229
5333,0.903899401,11.97076094
5334,0.833282287,2.441406831
5335,0.852113012,15.73628139
5336,0.876285672,10.50792903
5337,0.966374574,12.39738254
5338,0.84761998,13.89151588
5339,0.91548299,12.38161953
5340,0.918466874,7.644998777
5341,0.933979237,16.34587775
5342,0.805894594,7.701794714
5343,0.864674122,4.8084778
5344,0.951302227,6.605862547
5345,0.925429397,11.39615955
5346,0.844840716,0.553676769
5347,0.888421333,19.09268624
5348,0.981602235,7.218724509
5349,0.819500873,5.833745433
5350,0.810205264,12.72143673
5351,0.899979071,1.574999866
5352,0.800166437,7.643042083
5353,0.951115763,13.78926944
5354,0.908912638,12.55175367
5355,0.870325534,13.03794509
5356,0.805320295,13.49892105
5357,0.844901844,14.04118413
5358,0.828693668,9.010021281
5359,0.81158737,4.140129261
5360,0.960534852,14.04719413
5361,0.85002158,3.60484414
5362,0.999270069,4.819712313
5363,0.837376051,5.52568185
5364,0.958507746,17.11474379
5365,0.801120524,4.87339568
5366,0.844436309,12.51325098
5367,0.804525955,8.396669484
5368,0.87873078,4.896802902
5369,0.865074743,1.984254068
5370,0.873908637,18.70847766
5371,0.925843688,12.97606959
5372,0.815184528,6.910350955
5373,0.831231038,11.37013602
5374,0.837264173,11.58457936
5375,0.918673683,11.44077147
5376,0.814045395,12.84287616
5377,0.821207765,11.53083882
5378,0.824638566,2.248885562
5379,0.962161643,19.03653205
5380,0.910621848,9.576783548
5381,0.925648104,8.859721714
5382,0.957602707,17.66618967
5383,0.918416073,0.561672143
5384,0.90476456,15.78556683
5385,0.938224504,16.17716809
5386,0.818348557,17.38607217
5387,0.826153276,2.126788409
5388,0.85915473,15.62504885
5389,0.91651792,18.65476345
5390,0.90965764,10.81190497
5391,0.817011335,8.274290942
5392,0.856842363,9.59408334
5393,0.866076528,11.06325851
5394,0.951472005,14.84346537
5395,0.93637666,7.34532069
5396,0.802062829,6.24780994
5397,0.837614961,2.531593092
5398,0.82701689,14.73191623
5399,0.875820417,10.71315013
5400,0.942870485,2.210249139
5401,0.883928405,8.314161388
5402,0.949586639,18.56949584
5403,0.836153086,13.25840131
5404,0.994265313,14.72710982
5405,0.984453233,13.03820987
5406,0.912563117,4.092378065
5407,0.901774841,19.63363987
5408,0.879477682,8.469869571
5409,0.899195254,5.710154572
5410,0.987577968,5.665680124
5411,0.985941655,1.732631807
5412,0.855127145,19.52998239
5413,0.811262635,1.75619588
5414,0.928138502,10.28510473
5415,0.883858242,13.69571454
5416,0.877221912,0.299320862
5417,0.964818374,0.532554211
5418,0.814865127,0.328157436
5419,0.853173229,19.20847844
5420,0.903504925,9.285618678
5421,0.908672276,13.19507394
5422,0.89708604,8.573955441
5423,0.881105839,7.478916182
5424,0.971849603,16.4971617
5425,0.99203042,2.723036754
5426,0.930785353,7.445794251
5427,0.81195692,9.164211233
5428,0.823370892,7.830337436
5429,0.812291167,0.124593264
5430,0.954176526,6.36243415
5431,0.95854495,3.018249858
5432,0.954943114,7.355203652
5433,0.991775984,6.64196061
5434,0.820752451,18.28085105
5435,0.809778113,6.307216314
5436,0.945418736,19.45115354
5437,0.873313407,7.400082725
5438,0.922855993,7.226801454
5439,0.905646418,18.22151799
5440,0.909742117,5.144336519
5441,0.952979471,10.95368959
5442,0.838132815,6.316060624
5443,0.865849716,18.97345507
5444,0.821664077,12.82514954
5445,0.926501795,10.14871677
5446,0.873570373,11.83866743
5447,0.833618971,19.54986848
5448,0.852292948,4.214970015
5449,0.911463082,0.333305598
5450,0.94955098,3.204181407
5451,0.902159276,6.07674703
5452,0.866815405,0.232958378
5453,0.855395156,7.001519527
5454,0.964084562,6.151308283
5455,0.839012881,6.289558152
5456,0.961812473,11.24215379
5457,0.878843207,5.508986979
5458,0.845507857,2.092448852
5459,0.871607695,1.809985221
5460,0.879883215,13.02015394
5461,0.93728139,3.446658426
5462,0.86903781,12.09610889
5463,0.917745887,12.57943047
5464,0.966362435,12.74864544
5465,0.950833201,18.83403022
5466,0.996545439,2.213096398
5467,0.973485025,4.869149822
5468,0.816352963,7.851125788
5469,0.874594834,10.53500769
5470,0.99788009,1.420864109
5471,0.872809759,17.58153133
5472,0.906454351,19.82730738
5473,0.861810186,18.66938536
5474,0.974190445,4.460254525
5475,0.882428863,9.755916606
5476,0.994017663,15.62131727
5477,0.979668335,15.43157067
5478,0.820976153,15.84879372
5479,0.941027653,3.067070449
5480,0.927550067,14.92282123
5481,0.946705181,4.162971746
5482,0.964041139,19.48443208
5483,0.883307529,16.34058256
5484,0.956818826,2.866522525
5485,0.934110047,15.49325847
5486,0.978352117,19.7163131
5487,0.86856937,6.602098939
5488,0.914328344,14.04527224
5489,0.95912102,5.183948239
5490,0.861917085,6.528479675
5491,0.956192221,11.28501292
5492,0.801343305,4.059595829
5493,0.978093114,17.28107712
5494,0.869112363,3.307127556
5495,0.83701898,5.772461745
5496,0.997536609,8.491091385
5497,0.947917548,18.37949448
5498,0.822570926,13.72055484
5499,0.966913779,0.578440945
5500,0.954286658,9.453537509
5501,0.881022277,11.56939543
5502,0.817708718,10.08976096
5503,0.950447656,6.880519644
5504,0.832923506,11.99351362
5505,0.990831897,5.518866676
5506,0.868727244,10.95211192
5507,0.930132299,18.60641921
5508,0.892922988,8.76947654
5509,0.888803573,11.90439452
5510,0.8611189,10.50756756
5511,0.906670732,15.98854359
5512,0.931144577,9.310152576
5513,0.847026113,3.087357294
5514,0.968357062,18.11163459
5515,0.949793902,2.959545555
5516,0.859363431,17.393048
5517,0.854917685,13.24662978
5518,0.973938538,7.91584656
5519,0.852097922,18.50439835
5520,0.858033783,8.537169138
5521,0.970902405,5.175736027
5522,0.925312616,12.60410085
5523,0.923253104,13.06222473
5524,0.876427058,13.96610982
5525,0.862273721,5.342765089
5526,0.938176677,9.841379349
5527,0.845986809,4.476479866
5528,0.955890974,4.769385735
5529,0.800310798,11.99899474
5530,0.948095286,0.90555326
5531,0.825997474,5.3702112
5532,0.934514169,3.487752291
5533,0.885218671,5.738860312
5534,0.968152267,2.809856692
5535,0.819828231,0.591600571
5536,0.895873988,7.077325619
5537,0.870678731,14.00627713
5538,0.850310628,7.199151782
5539,0.98575589,15.36091538
5540,0.827328844,9.789563069
5541,0.989080706,3.349445434
5542,0.896509852,12.22120036
5543,0.867986943,17.04748008
5544,0.959698268,13.84677891
5545,0.960163972,10.24279561
5546,0.811449806,4.599976171
5547,0.895498905,7.337917312
5548,0.929725214,2.878250738
5549,0.943508506,19.8443059
5550,0.999998264,12.17841543
5551,0.820463416,15.70206814
5552,0.986235187,1.24198349
5553,0.978453763,0.532616487
5554,0.973739106,13.30822261
5555,0.876012461,2.357031644
5556,0.951723754,17.25512653
5557,0.98544147,2.851244942
5558,0.902146582,15.386453
5559,0.968000256,11.73319236
5560,0.801204182,17.26407852
5561,0.899148763,11.38175145
5562,0.9939205,2.640802314
5563,0.84661444,5.420674461
5564,0.91734022,5.537197087
5565,0.948686299,15.12203624
5566,0.819130867,19.4726682
5567,0.940403478,1.122802099
5568,0.983072901,18.59517004
5569,0.887409929,19.46430451
5570,0.881904422,11.90365702
5571,0.973846417,8.888456136
5572,0.964608831,16.88905571
5573,0.950317465,1.447117713
5574,0.9832289,3.844492213
5575,0.994165302,11.45422019
5576,0.986969263,1.566593944
5577,0.939139263,9.080039959
5578,0.853422611,18.57608615
5579,0.953933825,3.865367337
5580,0.828346117,8.577287621
5581,0.911332898,13.41294089
5582,0.845598523,17.62844413
5583,0.935071223,6.722946568
5584,0.959752361,15.73444273
5585,0.804794179,19.93384426
5586,0.854669796,6.824984445
5587,0.966942231,15.84783843
5588,0.816957939,18.49631346
5589,0.813162533,12.27917754
5590,0.820268992,15.42374137
5591,0.94778445,11.2124839
5592,0.887876259,16.63085719
5593,0.977712092,15.93831341
5594,0.92695642,4.530586114
5595,0.970806444,12.19259246
5596,0.813586854,11.82778792
5597,0.929214892,12.36307793
5598,0.957877205,19.01202617
5599,0.848330013,0.977790333
5600,0.91054494,5.805036211
5601,0.849972352,1.95202863
5602,0.915094625,10.25275672
5603,0.988336879,5.180822805
5604,0.941145257,2.670451642
5605,0.852858841,13.79795081
5606,0.849082909,9.123950988
5607,0.972754538,15.64429869
5608,0.866817549,9.628374589
5609,0.921084785,19.6256646
5610,0.862993302,8.327638044
5611,0.857596724,12.946912
5612,0.921462563,1.856342961
5613,0.848412282,1.689380928
5614,0.905858659,8.237348444
5615,0.855282578,11.18699823
5616,0.811283735,9.489604455
5617,0.928385115,5.180585297
5618,0.829006982,7.386903431
5619,0.898063706,10.89349525
5620,0.939722053,9.759528629
5621,0.985429909,4.034712006
5622,0.971494753,11.87127118
5623,0.932424679,14.52991169
5624,0.829276517,10.56401041
5625,0.900918025,16.17471064
5626,0.933826861,4.448634362
5627,0.8083943,10.78463192
5628,0.82898485,6.65719163
5629,0.81014355,7.678632031
5630,0.844946859,7.19264312
5631,0.853475626,14.64125772
5632,0.926688433,6.850531688
5633,0.869433852,2.409354369
5634,0.938838424,14.22508889
5635,0.959582142,13.64304482
5636,0.860097975,5.08800713
5637,0.931994017,16.6856278
5638,0.962862969,2.423209398
5639,0.947905597,16.41400021
5640,0.991594181,11.78343659
5641,0.861940334,8.86892093
5642,0.821939988,0.911674085
5643,0.866676449,13.20846352
5644,0.836916855,19.70390154
5645,0.998563381,4.325582531
5646,0.873766372,15.82579723
5647,0.880855752,4.416581473
5648,0.9696757,15.70060511
5649,0.900796844,14.61191837
5650,0.802491153,14.44896378
5651,0.937403667,6.168174931
5652,0.939800261,18.37108816
5653,0.948137851,16.08255467
5654,0.817041917,4.381166109
5655,0.82526501,11.50194967
5656,0.902407243,3.718472314
5657,0.854764676,15.0899585
5658,0.958647011,15.08948357
5659,0.896679652,6.250246117
5660,0.932944831,17.05019431
5661,0.886078506,15.19814585
5662,0.856765919,19.68924657
5663,0.838316096,19.91492228
5664,0.801936021,18.42518227
5665,0.845423985,5.947401587
5666,0.906948807,15.44583513
5667,0.943599712,6.539661447
5668,0.996348266,19.55671583
5669,0.908013146,6.589450451
5670,0.964284388,2.492857263
5671,0.832089738,8.575369626
5672,0.996313282,13.34514382
5673,0.941433037,13.15707305
5674,0.889589639,3.894952142
5675,0.853140492,11.90973866
5676,0.909686302,8.83662477
5677,0.963062707,2.266389776
5678,0.823685858,18.53611424
5679,0.805365768,15.86078534
5680,0.841193127,9.991884163
5681,0.896623945,4.711112285
5682,0.865237302,16.54366408
5683,0.955404863,11.69859319
5684,0.80221492,19.71009651
5685,0.865776787,11.47290026
5686,0.803913167,11.88063529
5687,0.810679391,7.799346689
5688,0.898375878,16.30690594
5689,0.844051914,1.619217754
5690,0.987015121,3.952925404
5691,0.968145915,13.33810898
5692,0.929765748,14.04677844
5693,0.971054922,5.19380718
5694,0.882710794,10.6735029
5695,0.888952935,0.290851052
5696,0.927569153,2.567989622
5697,0.83574844,4.808855742
5698,0.976956675,14.4910705
5699,0.815363115,0.533611189
5700,0.821898633,13.97931798
5701,0.856877779,4.423406277
5702,0.810505845,9.70840909
5703,0.800197207,19.84784549
5704,0.862607747,19.90364234
5705,0.990691717,8.633000285
5706,0.888118804,4.353027458
5707,0.995787902,17.26762467
5708,0.954306948,1.894387846
5709,0.897152045,17.07342634
5710,0.954716347,0.534473091
5711,0.907158871,3.656466785
5712,0.960194138,8.625910592
5713,0.936662343,7.498194696
5714,0.805665507,15.21785939
5715,0.805674908,5.224823291
5716,0.826590906,3.094327802
5717,0.948545565,13.69955243
5718,0.937197145,12.81677278
5719,0.992556634,7.777067145
5720,0.903803033,11.69280879
5721,0.827372215,1.024942215
5722,0.902642488,15.3736473
5723,0.945927603,15.67744241
5724,0.970293084,18.39653059
5725,0.869220596,10.18855542
5726,0.813689911,13.4125764
5727,0.82047984,7.161274471
5728,0.81783434,0.204789526
5729,0.829015317,0.775860232
5730,0.916612295,5.639099074
5731,0.994969428,16.56006983
5732,0.957274853,17.27416348
5733,0.841252891,5.218415491
5734,0.811046456,19.98160643
5735,0.997351263,5.266995643
5736,0.902776012,6.143442191
5737,0.842713477,10.92130906
5738,0.89569512,0.924774979
5739,0.874775056,6.033791161
5740,0.87233465,10.48460902
5741,0.926058498,10.27378636
5742,0.986277803,0.769982952
5743,0.826543063,18.54073596
5744,0.809778102,11.73528351
5745,0.892055428,10.19295983
5746,0.899366582,6.896047071
5747,0.852593694,8.728486095
5748,0.886841971,15.64471779
5749,0.904771123,8.291711743
5750,0.990783987,5.6064959
5751,0.803747882,18.63434472
5752,0.819405968,4.20216332
5753,0.833035433,4.804345319
5754,0.902089389,15.81544946
5755,0.936022026,12.47700796
5756,0.889036435,12.24682685
5757,0.915313614,13.5257464
5758,0.849733423,13.15442292
5759,0.950197875,17.32213492
5760,0.927522867,18.05417567
5761,0.876674862,15.72773675
5762,0.846561307,9.792877027
5763,0.936671016,9.76287032
5764,0.815365468,1.431073333
5765,0.87473385,13.11165467
5766,0.848552916,11.76662458
5767,0.868842563,13.06230748
5768,0.808449161,12.89422508
5769,0.84852802,0.28006533
5770,0.858083486,9.473358567
5771,0.862868649,1.638116379
5772,0.995668259,10.38043231
5773,0.810832702,10.20789091
5774,0.859241062,4.273483813
5775,0.952170302,2.575164223
5776,0.831686064,6.791741407
5777,0.925944027,19.97483273
5778,0.942414206,0.152824774
5779,0.882322547,4.329909412
5780,0.932996853,3.155879974
5781,0.861444306,3.446248637
5782,0.909336432,16.61377671
5783,0.948580884,15.37853826
5784,0.85830335,10.10954037
5785,0.818368011,16.99872287
5786,0.827205337,19.81819837
5787,0.822828886,4.034753823
5788,0.897544894,9.548809349
5789,0.840073372,6.020456493
5790,0.800514521,6.30189757
5791,0.866585318,16.49814523
5792,0.821274169,18.47539787
5793,0.81794191,0.763655626
5794,0.961440888,0.758155715
5795,0.825420389,11.69059493
5796,0.815590158,18.97846092
5797,0.95237437,11.85203274
5798,0.859470374,12.22729138
5799,0.979555148,11.26064309
5800,0.889457057,0.028973453
5801,0.856466811,15.9247982
5802,0.862487874,6.268745186
5803,0.831335664,0.068691273
5804,0.824391818,14.47511977
5805,0.863025034,15.37927316
5806,0.829618627,19.97299601
5807,0.864896016,12.0487902
5808,0.820486559,1.019578438
5809,0.824398371,12.50106603
5810,0.949933474,2.978021945
5811,0.850440068,18.61377263
5812,0.912951807,12.79016021
5813,0.847429373,8.487811209
5814,0.851569822,17.65349712
5815,0.984862918,10.71332395
5816,0.845780381,2.307952548
5817,0.815823709,10.77799111
5818,0.948084782,1.000013194
5819,0.940294578,2.29383707
5820,0.819961715,10.44606152
5821,0.990501006,16.33232896
5822,0.897091614,12.75771439
5823,0.940861224,15.27804367
5824,0.996124449,8.841900472
5825,0.987481822,6.894625096
5826,0.964614145,6.674329113
5827,0.867826985,3.250305334
5828,0.980931954,4.274245536
5829,0.905103475,18.29247027
5830,0.95928909,15.43415144
5831,0.823682836,13.39349988
5832,0.946542696,16.35809141
5833,0.863829556,11.51900142
5834,0.832725456,0.097009517
5835,0.862643962,4.6419951
5836,0.964544516,13.84112426
5837,0.984509474,16.29117791
5838,0.878921843,16.32151731
5839,0.911184195,0.211877245
5840,0.998755583,8.667621376
5841,0.936236886,10.67900844
5842,0.846211464,0.132672532
5843,0.824192713,14.45193178
5844,0.88950613,4.519318841
5845,0.996964242,18.47306205
5846,0.806187075,2.06517459
5847,0.932376097,5.12875773
5848,0.977827912,7.444794702
5849,0.914478074,19.23328373
5850,0.886880441,10.09601352
5851,0.970199689,17.89799976
5852,0.870302852,7.919847081
5853,0.922408111,19.43730672
5854,0.862496063,18.57595298
5855,0.948332979,12.8852462
5856,0.95097013,12.12215135
5857,0.918067977,0.324159498
5858,0.847307891,3.374254344
5859,0.882809548,8.260768333
5860,0.946585852,11.13290042
5861,0.870016676,14.53593199
5862,0.884654612,16.23818577
5863,0.971289727,1.916520755
5864,0.810899237,14.66367413
5865,0.868759241,7.529638134
5866,0.963688553,2.335068006
5867,0.992855702,12.96723127
5868,0.977164424,1.591825139
5869,0.903740136,5.615586266
5870,0.886184998,5.65349513
5871,0.95145804,16.7630144
5872,0.954523791,15.55484909
5873,0.935779147,7.32523579
5874,0.818124029,0.583194895
5875,0.964961651,13.7686981
5876,0.863654365,0.848035147
5877,0.871573637,4.329523715
5878,0.845599879,14.59938361
5879,0.912666578,19.86981881
5880,0.953720596,9.699007955
5881,0.97229913,6.476924395
5882,0.886577252,14.78991239
5883,0.868802464,9.407658037
5884,0.905351389,17.11256323
5885,0.848291397,18.65256618
5886,0.998583302,12.02879571
5887,0.804171061,6.697417749
5888,0.989143134,9.658130998
5889,0.874373899,11.54421983
5890,0.962345775,5.486811126
5891,0.873012316,12.32102882
5892,0.844257865,0.248924693
5893,0.828571708,15.47424711
5894,0.805640403,7.983955158
5895,0.985247224,12.95609577
5896,0.850053538,5.690978197
5897,0.80101792,13.44778445
5898,0.812088797,5.62827171
5899,0.900820958,2.899943827
5900,0.968181724,6.963753198
5901,0.907765553,19.995076
5902,0.811862584,2.41223034
5903,0.846426113,13.89697115
5904,0.982411714,6.079963777
5905,0.930433125,11.56386341
5906,0.988503784,7.638516892
5907,0.871622419,18.64382876
5908,0.876655417,2.16100837
5909,0.829713431,13.82566783
5910,0.977861949,16.94295146
5911,0.863892135,1.882163825
5912,0.934904932,18.50378003
5913,0.983910805,6.657829077
5914,0.85763404,12.34947814
5915,0.925308607,3.221595406
5916,0.925612982,2.585540547
5917,0.979291044,16.85597313
5918,0.805853669,0.406317128
5919,0.841035887,15.7915008
5920,0.98433066,0.571014237
5921,0.908177227,15.73744379
5922,0.843846225,10.69197263
5923,0.915243166,15.96309584
5924,0.842032955,5.123088252
5925,0.868231972,0.552250929
5926,0.972248799,3.64730164
5927,0.825401888,7.405447234
5928,0.840095018,19.02064889
5929,0.970602321,2.137649774
5930,0.87369143,17.05500149
5931,0.801854025,4.143088223
5932,0.929739462,2.204023807
5933,0.833143222,1.958296512
5934,0.885279923,17.48888474
5935,0.932278792,16.20886444
5936,0.839801783,2.517479239
5937,0.984465562,15.3315811
5938,0.940546288,7.819742329
5939,0.873446991,15.96302867
5940,0.971366442,11.33669499
5941,0.846577158,13.43840589
5942,0.880217079,6.342551725
5943,0.824847519,13.07283194
5944,0.961056208,13.78892186
5945,0.826855484,0.834438188
5946,0.802112574,4.621645469
5947,0.968308074,14.68188961
5948,0.884269247,0.831592037
5949,0.982389247,2.679076686
5950,0.965033162,3.62052943
5951,0.821264148,15.95083842
5952,0.804329844,11.69602823
5953,0.988739318,15.42785761
5954,0.823293959,7.732926923
5955,0.856425741,13.48456643
5956,0.956210525,10.41051658
5957,0.81900909,19.86555561
5958,0.882146067,3.325723864
5959,0.909523244,11.65558459
5960,0.937807157,13.13658632
5961,0.92106905,18.9658419
5962,0.871545657,3.778705092
5963,0.873366803,7.041882648
5964,0.969695506,3.855333633
5965,0.940569176,14.92837828
5966,0.928210239,6.281823323
5967,0.878939209,3.109651958
5968,0.912376853,6.848548762
5969,0.989278853,3.16125903
5970,0.920414799,0.816642538
5971,0.995787956,2.102338555
5972,0.894822382,18.43241045
5973,0.909570313,5.87554176
5974,0.971686195,17.53370411
5975,0.969675614,11.47338724
5976,0.817405283,8.845041763
5977,0.967039442,17.96382709
5978,0.87798806,15.11852121
5979,0.99857894,9.180343127
5980,0.86738825,2.556884796
5981,0.836356562,10.42322324
5982,0.870406034,11.11378993
5983,0.814352833,14.05782083
5984,0.938424717,0.93873473
5985,0.972941277,16.20148094
5986,0.861626146,9.867189487
5987,0.971531138,9.259871993
5988,0.989638485,5.992616125
5989,0.951891731,13.19887443
5990,0.872756705,7.125806522
5991,0.819444204,16.43894594
5992,0.838315353,5.344039963
5993,0.816348873,11.34163128
5994,0.870223836,18.72825814
5995,0.867581712,19.46589979
5996,0.920233367,0.302211384
5997,0.944688142,7.698772861
5998,0.812787791,8.259647721
5999,0.883828185,8.170179552
6000,0.833688033,5.168347116
6001,0.977629756,6.671760691
6002,0.880761939,16.18870116
6003,0.824590889,1.978795703
6004,0.893699728,16.3130172
6005,0.944699759,3.60703075
6006,0.85603743,12.04746604
6007,0.940801888,18.01132099
6008,0.979856089,12.15827956
6009,0.933676751,3.476902394
6010,0.989437427,19.17585947
6011,0.829295028,4.798920982
6012,0.963112493,18.79769181
6013,0.8625469,11.2366006
6014,0.888035973,19.01083154
6015,0.948011725,8.592505587
6016,0.924029404,11.64122849
6017,0.842824525,0.185525112
6018,0.81705665,13.53743482
6019,0.934541172,17.16208175
6020,0.852975906,11.94833012
6021,0.851319213,7.324526042
6022,0.845409444,4.918869735
6023,0.96805466,8.718909049
6024,0.925769053,1.968592305
6025,0.821904878,17.48552791
6026,0.842075349,15.27901045
6027,0.837026465,13.29348086
6028,0.838207817,1.061054717
6029,0.929894142,9.685051753
6030,0.84828093,9.659994035
6031,0.906444767,19.15521209
6032,0.949491878,3.282724924
6033,0.830329085,13.00088197
6034,0.89259217,13.0201647
6035,0.89227491,6.226292563
6036,0.978053661,11.95308813
6037,0.814415723,4.274698607
6038,0.912030755,6.886971982
6039,0.992531616,2.68346007
6040,0.84418574,6.228928274
6041,0.95095354,8.496160796
6042,0.925488505,17.16293624
6043,0.955163275,0.26082663
6044,0.883369302,6.937017079
6045,0.984282326,12.22357545
6046,0.92403795,8.79940936
6047,0.933195307,16.88156039
6048,0.83946428,3.10205625
6049,0.854947783,13.31740689
6050,0.971599133,9.724030247
6051,0.834381736,7.653957185
6052,0.809532083,0.896167328
6053,0.967918139,2.55436217
6054,0.898617741,11.87412159
6055,0.912413305,1.348632011
6056,0.804504406,1.217132559
6057,0.954157805,2.611112505
6058,0.964801712,3.235791567
6059,0.933777579,6.511393981
6060,0.814326585,4.439674675
6061,0.974702493,7.736258107
6062,0.806322456,8.594974333
6063,0.868707342,11.54620516
6064,0.992164636,17.00649506
6065,0.823175079,6.844586357
6066,0.944644794,19.77806346
6067,0.836280991,2.232899373
6068,0.880711968,5.150747153
6069,0.927293958,3.178000196
6070,0.820261668,8.983651554
6071,0.953449848,4.925339166
6072,0.916045397,15.96576896
6073,0.871729621,0.049411495
6074,0.96129853,18.77783845
6075,0.972613178,1.337352658
6076,0.961239046,17.58211527
6077,0.81096664,8.749037035
6078,0.819352288,17.65518558
6079,0.965051488,10.46605719
6080,0.81044053,19.0381593
6081,0.926618197,5.423009696
6082,0.949319341,2.842333215
6083,0.974502584,3.73195862
6084,0.871765945,18.34488734
6085,0.859301362,1.232759941
6086,0.986542001,5.433302756
6087,0.832282666,0.757690173
6088,0.91678973,7.271240579
6089,0.871778334,0.441573223
6090,0.988752869,17.50984326
6091,0.959436913,1.29337088
6092,0.96507407,18.47223116
6093,0.933909174,8.32259019
6094,0.921815892,9.643376451
6095,0.973374664,14.69176127
6096,0.974705794,19.41443838
6097,0.853375275,13.02758027
6098,0.893521033,14.21134525
6099,0.962075354,19.82730924
6100,0.867383708,4.465301774
6101,0.856029077,14.42527534
6102,0.89740182,14.74720682
6103,0.983366079,3.784969918
6104,0.804112731,14.83782022
6105,0.908556061,2.251617976
6106,0.92600786,18.52752548
6107,0.853529019,1.677803724
6108,0.841269901,19.73064578
6109,0.849508771,19.52999342
6110,0.826320029,9.23077663
6111,0.952023288,10.00156726
6112,0.844455561,15.66031475
6113,0.943081633,16.62759482
6114,0.885186951,1.546011022
6115,0.926262219,1.28325491
6116,0.81351168,14.41210663
6117,0.843201807,19.33261548
6118,0.952556153,8.665096888
6119,0.86856073,2.617675128
6120,0.927144067,10.26401682
6121,0.847654357,12.42796353
6122,0.969498602,18.05177432
6123,0.905084062,8.449932349
6124,0.968645612,4.989149258
6125,0.90264996,10.81861359
6126,0.891685173,4.537098311
6127,0.847942239,7.466139224
6128,0.928409895,7.291015426
6129,0.95038325,9.975252108
6130,0.893039762,3.20862445
6131,0.823594295,7.942179938
6132,0.89491836,0.55430179
6133,0.991636704,5.27387598
6134,0.963303942,10.18239985
6135,0.965608108,6.240912255
6136,0.803698247,17.62967387
6137,0.847028268,18.44378242
6138,0.952482765,14.95878706
6139,0.847105655,10.03546973
6140,0.838688306,2.241890314
6141,0.962289965,6.197615783
6142,0.858205607,7.05294743
6143,0.943456024,11.7575996
6144,0.984874755,18.74567553
6145,0.889372052,0.317094415
6146,0.82452721,18.15678095
6147,0.888622307,14.28013817
6148,0.915740063,2.107189537
6149,0.863587218,15.58519089
6150,0.814975471,11.3206656
6151,0.809472012,16.25470429
6152,0.967053554,6.846252316
6153,0.906475196,7.750646334
6154,0.867600045,7.507768167
6155,0.997651097,18.05030884
6156,0.871651605,2.624468061
6157,0.818410264,14.84087883
6158,0.824001712,13.08322635
6159,0.899752783,4.20847575
6160,0.95372269,1.91387623
6161,0.802148123,16.53384979
6162,0.844891411,19.98733368
6163,0.924015294,12.42064987
6164,0.900850195,1.57417241
6165,0.89664378,1.564332806
6166,0.853409911,10.17316968
6167,0.918012455,8.375711366
6168,0.983392537,17.79279897
6169,0.906264674,16.12697833
6170,0.846780982,4.792494521
6171,0.893021979,18.54395756
6172,0.962206646,17.36431157
6173,0.823440487,9.698287247
6174,0.926540422,6.874087628
6175,0.922966908,17.10586462
6176,0.813933148,10.53502345
6177,0.887647585,17.30028219
6178,0.967578589,2.518317727
6179,0.844601936,4.925334105
6180,0.865631306,7.632310711
6181,0.998552714,4.04325669
6182,0.833848995,8.168773511
6183,0.805883945,1.086998926
6184,0.977180912,10.73478567
6185,0.952913176,3.795469617
6186,0.88849238,11.65238028
6187,0.898741962,5.614819245
6188,0.878328904,7.165941746
6189,0.859691291,4.78822768
6190,0.849894305,11.20715631
6191,0.93024057,19.53905524
6192,0.80731511,15.2528977
6193,0.998503111,0.739899036
6194,0.900244299,2.051446258
6195,0.932793068,14.15167486
6196,0.996464346,2.506989957
6197,0.810524396,10.85498614
6198,0.977283754,8.04938114
6199,0.808047625,17.44399494
6200,0.927337721,6.00897388
6201,0.826610374,2.970302033
6202,0.86559403,17.03611659
6203,0.936788639,7.29746659
6204,0.964414928,8.346811654
6205,0.817825907,3.880550087
6206,0.940065321,17.90218162
6207,0.916016306,9.781660949
6208,0.816388416,8.208789002
6209,0.94775871,17.614103
6210,0.870794452,19.88568967
6211,0.986427145,18.83911731
6212,0.846229523,13.10705133
6213,0.830429491,7.666684812
6214,0.954868424,7.522685078
6215,0.890298828,14.04879402
6216,0.950263806,19.29023092
6217,0.831389982,0.090150382
6218,0.938866559,2.623577069
6219,0.877103247,5.720778037
6220,0.947871933,9.911776997
6221,0.819126454,0.704945732
6222,0.913465942,0.292314735
6223,0.94665258,16.69096172
6224,0.946097453,17.63280469
6225,0.847959123,4.571774397
6226,0.901929409,9.596030181
6227,0.883852054,13.03294957
6228,0.84073692,9.675985402
6229,0.922566172,3.558187954
6230,0.86588982,19.28784051
6231,0.957107658,19.09332262
6232,0.90366782,3.576361601
6233,0.849194448,19.38669784
6234,0.821390895,17.79513149
6235,0.991460761,7.4067849
6236,0.86111111,1.245955531
6237,0.875329324,19.20998481
6238,0.818424648,17.09159385
6239,0.807373167,8.804134891
6240,0.919504285,18.16385052
6241,0.938990649,14.09005766
6242,0.985946696,6.462486273
6243,0.973636818,15.84932554
6244,0.992949644,17.74238216
6245,0.896160692,17.69811472
6246,0.88713412,5.317252798
6247,0.893937106,11.1155401
6248,0.916245953,19.48307621
6249,0.813503449,10.5472211
6250,0.997696972,9.861629269
6251,0.931751941,12.54252371
6252,0.939649149,10.35210208
6253,0.907054442,5.169082482
6254,0.91906983,13.95905625
6255,0.970569408,6.47540614
6256,0.841765024,8.089763951
6257,0.832723407,17.70327038
6258,0.899083182,10.39355369
6259,0.913888378,15.2402969
6260,0.914497457,14.72147122
6261,0.975093009,3.076792796
6262,0.891314598,5.643842551
6263,0.951784892,2.085699761
6264,0.814421937,7.110156868
6265,0.841460316,3.581737017
6266,0.816082941,13.30836611
6267,0.983285476,7.168981427
6268,0.859086187,3.4855005
6269,0.939020913,3.49519895
6270,0.884178062,4.717903908
6271,0.864186416,8.800839269
6272,0.896786446,4.356933549
6273,0.888364841,5.768390374
6274,0.842194957,5.373234152
6275,0.831172624,14.87949747
6276,0.996800898,16.44689861
6277,0.861562183,2.823248607
6278,0.824349468,12.36550987
6279,0.994675521,6.965226586
6280,0.818545006,18.66894032
6281,0.829064779,10.74341514
6282,0.916535521,13.87271189
6283,0.824576901,13.43294563
6284,0.939214486,3.623652716
6285,0.839401742,9.236804282
6286,0.91853317,3.950173462
6287,0.815532381,13.39394746
6288,0.805690983,18.92953381
6289,0.978627043,2.013986334
6290,0.864740847,7.950938439
6291,0.814331859,5.698532816
6292,0.862733356,12.18247652
6293,0.959758226,13.26799634
6294,0.804576155,12.84880168
6295,0.973329071,17.72165697
6296,0.933985369,3.933178751
6297,0.903667851,9.924389117
6298,0.986279523,11.85603707
6299,0.883394059,6.148215292
6300,0.90279097,13.97376261
6301,0.978111662,5.652540251
6302,0.808684417,17.35375132
6303,0.923016876,13.29806644
6304,0.809018571,19.08904028
6305,0.966170949,14.7817847
6306,0.977965691,7.316378624
6307,0.88258707,19.70969658
6308,0.978469114,15.88863861
6309,0.994416321,18.31704053
6310,0.853795087,2.257684344
6311,0.993102379,2.162010349
6312,0.899571041,18.42976732
6313,0.982593833,17.67766104
6314,0.990915688,11.30058005
6315,0.818488946,14.03255953
6316,0.954922798,12.58346079
6317,0.966010961,12.03240892
6318,0.857013636,2.058962022
6319,0.999722378,14.16524437
6320,0.851680895,18.48749914
6321,0.955704201,2.239749337
6322,0.966680244,5.287889233
6323,0.893223976,2.027941925
6324,0.953390498,2.67187668
6325,0.843504295,18.25367904
6326,0.888310507,4.734810842
6327,0.95968083,4.911480003
6328,0.894125403,0.567328899
6329,0.944431952,6.821227838
6330,0.83744709,0.796325925
6331,0.916521642,1.515103374
6332,0.965259524,1.330957418
6333,0.836686767,2.474653245
6334,0.821081848,6.193349025
6335,0.868381831,2.068181121
6336,0.995995208,17.6009729
6337,0.852020409,5.636196981
6338,0.916883718,6.874883409
6339,0.986178919,15.01909619
6340,0.921847938,0.84205112
6341,0.91391548,12.9017795
6342,0.825020691,5.43405875
6343,0.878801279,9.823896188
6344,0.807840588,8.344646904
6345,0.842935939,2.300442627
6346,0.803811756,2.091119516
6347,0.870070517,13.23953847
6348,0.974712363,10.24041459
6349,0.982495058,12.70718945
6350,0.810196185,16.94694043
6351,0.96217127,17.49615155
6352,0.837727876,4.813089899
6353,0.979158501,0.518303935
6354,0.973795006,19.35279849
6355,0.964791979,19.06958723
6356,0.905152229,17.39010593
6357,0.828428273,0.399986625
6358,0.886380909,19.34468356
6359,0.937882935,4.841009097
6360,0.854217685,3.359299115
6361,0.824986171,18.85216726
6362,0.841376704,10.2860874
6363,0.935832477,11.72724848
6364,0.907240939,8.657273668
6365,0.987623418,2.60760775
6366,0.804240418,13.20529256
6367,0.882315431,0.035067914
6368,0.996935634,5.422274626
6369,0.883265303,16.94168541
6370,0.851871504,3.491920874
6371,0.903723008,11.78704824
6372,0.845526449,5.214559627
6373,0.94390143,12.85424539
6374,0.97699221,14.65170454
6375,0.998256722,17.93587123
6376,0.972623511,9.365093779
6377,0.819931959,0.449496265
6378,0.948990138,11.8902273
6379,0.922175241,3.601042832
6380,0.859400994,5.961918013
6381,0.811099551,3.533456979
6382,0.892693586,5.038276108
6383,0.85348067,17.92365183
6384,0.915283389,16.5480181
6385,0.905008963,8.962832576
6386,0.957285676,19.50595618
6387,0.839474475,13.2900762
6388,0.885136085,4.456347326
6389,0.922147508,6.204259476
6390,0.911551033,15.16600987
6391,0.97047306,4.991943857
6392,0.823238388,18.7982648
6393,0.888881169,19.13487163
6394,0.822745602,9.094015149
6395,0.968514491,1.040729713
6396,0.951017095,12.58177896
6397,0.990544468,6.299480154
6398,0.986387073,12.875882
6399,0.993465243,14.33688205
6400,0.938441559,19.50910505
6401,0.920559029,11.73854869
6402,0.987449399,2.948245308
6403,0.989959053,13.6299232
6404,0.816878573,4.880077723
6405,0.921956581,15.7252134
6406,0.852050743,17.30567946
6407,0.857861131,4.416647892
6408,0.853858692,0.910814594
6409,0.856657524,18.62577309
6410,0.919987904,16.92875296
6411,0.896688914,8.09414692
6412,0.869382859,19.46773413
6413,0.890356387,11.96786299
6414,0.86192233,12.86254073
6415,0.839541254,4.301075598
6416,0.81701218,0.921090076
6417,0.896416214,16.44121673
6418,0.97715213,13.70220037
6419,0.929767373,5.656856905
6420,0.9942081,10.23315475
6421,0.994734524,16.85293106
6422,0.892943791,3.200842985
6423,0.936683051,12.96866992
6424,0.988366727,12.95755803
6425,0.884840545,15.39518065
6426,0.932393086,17.70358919
6427,0.968772236,13.15614194
6428,0.878912621,15.30760558
6429,0.855328812,1.342920044
6430,0.925699988,17.061815
6431,0.952459272,7.375658292
6432,0.875118455,4.783563686
6433,0.970862937,5.772628892
6434,0.953016671,13.22722939
6435,0.902333637,2.486685832
6436,0.957143446,4.534713254
6437,0.856403728,9.772878162
6438,0.810609521,17.73037735
6439,0.965459674,8.380152173
6440,0.853469923,1.459367789
6441,0.871568747,5.929927189
6442,0.867767846,11.70044485
6443,0.802213829,10.14682567
6444,0.955727793,18.61521104
6445,0.826226762,13.33122965
6446,0.954149466,16.42538996
6447,0.89806037,12.34011156
6448,0.952394761,4.030515277
6449,0.800783549,13.6748525
6450,0.945220605,9.084999509
6451,0.959589901,11.92166085
6452,0.988257374,17.94346113
6453,0.807426832,8.239171838
6454,0.900921902,13.40764969
6455,0.855893759,14.14775226
6456,0.894796883,5.778679524
6457,0.977888225,4.932336874
6458,0.841956348,7.762825532
6459,0.874350409,3.084558181
6460,0.918673521,14.67522575
6461,0.997217627,14.73451698
6462,0.911164652,19.77132562
6463,0.990684754,17.96523854
6464,0.942478205,14.77375406
6465,0.991823858,10.71848311
6466,0.848791501,17.50838372
6467,0.803167454,4.240628046
6468,0.945730502,14.30420478
6469,0.816746066,16.93740549
6470,0.992015883,9.172824954
6471,0.805287566,16.91713081
6472,0.803844702,8.981738387
6473,0.848185292,3.938719103
6474,0.852282233,7.460839277
6475,0.928347137,3.294580098
6476,0.867067861,4.291890116
6477,0.895219838,15.34992958
6478,0.945499077,17.60891847
6479,0.97382346,3.896825302
6480,0.905200221,5.828781578
6481,0.85953442,3.757286119
6482,0.902469862,17.25718475
6483,0.94973138,2.910545296
6484,0.891540668,8.905708514
6485,0.811227938,18.32066787
6486,0.847920128,6.333639792
6487,0.805018415,16.70751241
6488,0.904029553,6.146253113
6489,0.929947527,17.1309349
6490,0.954411229,3.504696076
6491,0.935567666,16.50205582
6492,0.960067469,17.89292932
6493,0.937748444,13.7446906
6494,0.950100803,17.85932086
6495,0.860392328,6.971565705
6496,0.885766318,5.720583417
6497,0.827501279,19.86758305
6498,0.820176513,3.599946412
6499,0.861899187,0.550671009
6500,0.842586997,17.51372047
6501,0.881671258,0.066745322
6502,0.89512184,0.288447293
6503,0.913883346,3.267366046
6504,0.871296889,6.44823614
6505,0.936593664,15.57389467
6506,0.904286395,10.31411722
6507,0.994180594,0.45664447
6508,0.972712398,0.817947175
6509,0.955506346,7.797685159
6510,0.941736596,12.76104317
6511,0.907918925,16.45508649
6512,0.819814338,12.57044177
6513,0.952549435,9.240756978
6514,0.830176563,1.626636031
6515,0.930499227,2.268571974
6516,0.812363547,2.211453664
6517,0.997090729,17.69235496
6518,0.977465703,13.83758351
6519,0.957393675,6.435267515
6520,0.88186928,19.86026187
6521,0.916645791,10.71203397
6522,0.892686213,1.687223437
6523,0.833085132,10.50140945
6524,0.938879253,15.31293579
6525,0.924156816,0.17853503
6526,0.811500698,8.744643148
6527,0.868973386,17.93634476
6528,0.831020649,11.95521673
6529,0.967059954,14.2200204
6530,0.904846087,14.7096662
6531,0.831106744,4.056208068
6532,0.927495261,12.97827254
6533,0.871849972,9.914160642
6534,0.968910713,14.66482104
6535,0.859214479,2.737330173
6536,0.900491551,13.06718213
6537,0.821695509,1.277143745
6538,0.806110611,11.71826044
6539,0.889545149,9.258934065
6540,0.811303373,3.928548858
6541,0.85808684,13.06463748
6542,0.893558897,13.89192078
6543,0.901635769,13.70189598
6544,0.967491539,19.323746
6545,0.856187011,9.476011809
6546,0.849296766,19.30014513
6547,0.919344854,19.01165006
6548,0.936048613,0.350435676
6549,0.910212673,17.13120103
6550,0.813196138,6.937836097
6551,0.990082515,10.82858912
6552,0.929374822,19.73290736
6553,0.891105033,19.74883835
6554,0.873275079,7.816220473
6555,0.899918865,14.28433115
6556,0.841404562,17.10998493
6557,0.82149934,11.26435189
6558,0.806240452,13.49658381
6559,0.928023404,6.456242371
6560,0.816625046,7.044378128
6561,0.955354174,7.240150237
6562,0.809716084,8.633474841
6563,0.812616155,16.72200297
6564,0.947393837,11.61561656
6565,0.968243222,13.64733215
6566,0.938539457,14.9566219
6567,0.834554192,6.089720665
6568,0.891851789,19.86912671
6569,0.878492423,1.873152181
6570,0.881883142,2.410111359
6571,0.916861525,5.964205766
6572,0.898887956,8.451003054
6573,0.978566655,16.17866037
6574,0.985638368,18.71674245
6575,0.927233146,1.440494292
6576,0.848663367,14.4704605
6577,0.955720244,2.945557996
6578,0.914660296,13.53615523
6579,0.820338786,6.080846286
6580,0.815609533,17.32454718
6581,0.832700057,5.981806483
6582,0.886581896,10.59367967
6583,0.804922854,3.83861717
6584,0.812581081,4.873093354
6585,0.819948533,4.140675096
6586,0.93705218,9.617628034
6587,0.875146547,15.69183707
6588,0.89774319,14.47528154
6589,0.89383532,15.9451133
6590,0.905984997,14.50412776
6591,0.92518368,3.691578475
6592,0.936116325,13.32194836
6593,0.829138273,0.238184588
6594,0.800364255,17.82617674
6595,0.944622988,6.937117932
6596,0.954556213,12.3793495
6597,0.944193722,1.544170187
6598,0.971769481,4.968103077
6599,0.859699555,10.74494576
6600,0.927784423,4.280672946
6601,0.966046832,18.6557025
6602,0.890296965,11.62646437
6603,0.822387201,1.9809855
6604,0.951913622,4.533620053
6605,0.893845607,6.643536169
6606,0.911392686,18.86786603
6607,0.847839053,19.2636178
6608,0.86923016,12.15292219
6609,0.812251183,9.582063577
6610,0.909248205,15.42122338
6611,0.929504854,0.226902597
6612,0.844703443,11.92084336
6613,0.952235448,15.13536201
6614,0.805238061,8.841625605
6615,0.897110155,7.91242274
6616,0.879089502,17.35010028
6617,0.894142905,4.805152412
6618,0.987237804,9.820538653
6619,0.925372109,4.534018002
6620,0.907397193,2.877464286
6621,0.948781571,4.720239531
6622,0.910443868,2.743291948
6623,0.843479684,9.152151813
6624,0.811272976,19.99692265
6625,0.946577799,18.24588158
6626,0.848582622,17.98610639
6627,0.991482794,15.31511809
6628,0.902932176,3.9525456
6629,0.908429136,2.163857188
6630,0.806867035,15.18188378
6631,0.993955423,10.13242271
6632,0.932989309,19.73417256
6633,0.835613208,16.04227578
6634,0.863233326,8.863877354
6635,0.892598599,15.31417463
6636,0.932292781,17.17371699
6637,0.941822017,3.400708408
6638,0.882264685,0.008722682
6639,0.833051607,9.095184612
6640,0.970715696,1.590552055
6641,0.95819346,19.46459685
6642,0.989429094,1.505116939
6643,0.912094435,8.931872839
6644,0.933254302,9.042234827
6645,0.916423402,3.507885018
6646,0.854656478,17.5462495
6647,0.90647415,16.49333093
6648,0.842718865,11.02703708
6649,0.95331657,1.472233638
6650,0.856987475,1.914077857
6651,0.958524616,5.421870948
6652,0.989124106,10.25059394
6653,0.859912166,16.97297931
6654,0.992869333,8.618536319
6655,0.900003118,3.694382729
6656,0.833201305,14.66161417
6657,0.81714021,17.88756345
6658,0.905163128,18.5530123
6659,0.81200064,13.01137228
6660,0.926883679,15.35480935
6661,0.978139265,2.701868395
6662,0.893246499,17.88195312
6663,0.988337572,1.979240676
6664,0.866349333,18.01090092
6665,0.905628464,14.54887753
6666,0.824434587,17.51486552
6667,0.873381459,1.407805125
6668,0.926937566,2.136595541
6669,0.977060716,19.67331439
6670,0.969129253,19.66774118
6671,0.816997942,2.69649747
6672,0.92594226,19.55191958
6673,0.865603756,11.83564337
6674,0.84092519,5.661989396
6675,0.856245076,6.316883232
6676,0.931140894,8.62247465
6677,0.890235529,7.823810065
6678,0.860299687,0.108858128
6679,0.970628696,17.54668119
6680,0.883301539,6.189785467
6681,0.945120162,18.85025627
6682,0.946377344,5.133703958
6683,0.983284643,18.83117437
6684,0.824164496,0.464925503
6685,0.992442985,0.438890203
6686,0.887412185,1.201260099
6687,0.922107091,8.309006857
6688,0.950950993,12.1275901
6689,0.993182512,14.34763523
6690,0.9406345,4.386611916
6691,0.935427635,19.14674143
6692,0.915384889,3.186037213
6693,0.90508587,11.92835205
6694,0.926260549,18.54746263
6695,0.917396482,5.291204327
6696,0.907527072,15.49919839
6697,0.956026919,15.00474322
6698,0.975172997,9.805293463
6699,0.84477826,6.02734051
6700,0.987420886,14.96678109
6701,0.854954656,17.12398592
6702,0.957823478,18.72293548
6703,0.902432796,3.339860482
6704,0.988608584,13.34873232
6705,0.800901574,9.258094458
6706,0.996509851,1.379946929
6707,0.967032405,4.153782249
6708,0.942053783,6.590914103
6709,0.845034881,5.940038606
6710,0.887533561,13.35365737
6711,0.936631112,12.59353952
6712,0.95337075,10.8791039
6713,0.925857171,8.124241315
6714,0.923169728,7.053193109
6715,0.960768542,6.482125522
6716,0.806924177,11.9906209
6717,0.907689738,12.58214069
6718,0.947189846,1.921019459
6719,0.987990132,11.91158915
6720,0.957866315,15.18431782
6721,0.876990344,15.86253274
6722,0.852825796,18.30687031
6723,0.956611683,6.543678761
6724,0.8879461,11.96490983
6725,0.9713228,11.74275303
6726,0.940662006,8.859285254
6727,0.90670884,4.312828404
6728,0.829808532,13.99415417
6729,0.875940709,3.80721256
6730,0.832406287,7.61070067
6731,0.999474229,12.49473172
6732,0.891676577,2.218935592
6733,0.819127055,6.964687271
6734,0.810085562,12.77036544
6735,0.956069874,10.1170931
6736,0.918506113,12.30956093
6737,0.847301778,19.72564892
6738,0.883659147,6.086901014
6739,0.878182474,9.823857829
6740,0.872726524,5.021113767
6741,0.870462591,12.17521259
6742,0.899934615,3.546685724
6743,0.997360578,16.732079
6744,0.933711552,4.072713008
6745,0.865608465,19.2958787
6746,0.877718359,13.80203821
6747,0.993360798,15.38978691
6748,0.988267322,2.527646815
6749,0.876543343,13.60790116
6750,0.822624737,17.98125783
6751,0.848046271,7.660863398
6752,0.882307351,12.58172896
6753,0.838532701,16.91025369
6754,0.879430571,8.818682496
6755,0.850580316,10.86075343
6756,0.90324127,2.673002143
6757,0.925392424,11.8155422
6758,0.876530416,16.20823375
6759,0.85803134,15.46376754
6760,0.87145934,17.59531918
6761,0.875517974,9.695607134
6762,0.913208372,12.51828172
6763,0.839585186,3.059582288
6764,0.839666669,11.6617995
6765,0.922356086,14.66927512
6766,0.920872701,13.07860689
6767,0.848769145,4.311651282
6768,0.902518845,1.178080231
6769,0.819125638,13.59387854
6770,0.903334858,3.950668331
6771,0.972609676,9.04023703
6772,0.826608864,3.288314069
6773,0.957491122,15.90040981
6774,0.812716917,2.925954549
6775,0.924374916,7.109512856
6776,0.923658893,17.43496475
6777,0.999086282,13.23510739
6778,0.922641869,7.84453769
6779,0.87368368,3.683033019
6780,0.945882526,18.71524767
6781,0.959947671,0.246821323
6782,0.942287194,7.738519286
6783,0.842404253,1.832275144
6784,0.815739612,19.95450896
6785,0.830828611,2.776634249
6786,0.917309795,1.865577037
6787,0.982429939,12.41537845
6788,0.98836154,5.01075048
6789,0.994657022,4.719005404
6790,0.9050352,10.97054918
6791,0.926286304,15.37192763
6792,0.912321743,10.09410477
6793,0.816326041,9.400771199
6794,0.924293477,18.76810547
6795,0.888445361,14.77578669
6796,0.859614814,18.17745387
6797,0.920647139,16.21183909
6798,0.939248773,2.80920283
6799,0.993400555,6.736350454
6800,0.896767944,2.115970844
6801,0.903476639,2.946372324
6802,0.819107629,18.83592588
6803,0.921339956,17.52746927
6804,0.825483755,10.11382736
6805,0.940706157,9.457229439
6806,0.843749592,5.832905566
6807,0.964302417,9.036890554
6808,0.994654592,4.760599705
6809,0.995143715,11.49445965
6810,0.879387998,18.76609471
6811,0.962771528,6.10018205
6812,0.956690703,14.42297213
6813,0.915201621,4.887951255
6814,0.947977382,12.8246738
6815,0.893305135,17.2962483
6816,0.970351182,5.656317406
6817,0.810884518,6.489091666
6818,0.802984267,16.58272177
6819,0.937223293,19.39015358
6820,0.945132527,10.00098295
6821,0.928622665,13.02399997
6822,0.874020337,15.51422863
6823,0.944501215,19.33870769
6824,0.869539308,17.88663829
6825,0.827763285,14.87838663
6826,0.980008213,9.407524676
6827,0.97041495,0.277359861
6828,0.917721421,18.54425013
6829,0.96411082,11.17372881
6830,0.974490495,4.285893768
6831,0.994420763,3.565496965
6832,0.820619769,6.380669813
6833,0.908358043,2.756015427
6834,0.86138926,16.13158109
6835,0.971873789,11.39513252
6836,0.892829724,3.525218419
6837,0.927580334,19.38559916
6838,0.964004812,9.133821968
6839,0.974290747,0.498715392
6840,0.890634842,15.77524182
6841,0.943953763,6.207033723
6842,0.811747906,16.33468384
6843,0.894794902,14.90450063
6844,0.916662469,19.27175825
6845,0.836591686,10.82918406
6846,0.946759638,4.875694294
6847,0.958300686,1.630307955
6848,0.973320169,12.04092366
6849,0.856469434,11.75460538
6850,0.984693008,18.95339459
6851,0.889245432,6.840884817
6852,0.803906016,4.31893155
6853,0.886363951,3.957499549
6854,0.985614545,12.72058425
6855,0.872862921,9.318035014
6856,0.938424377,7.648797047
6857,0.915079622,7.288128191
6858,0.977239674,14.17463507
6859,0.89955997,2.957012811
6860,0.867906794,5.540032142
6861,0.84653363,4.818307698
6862,0.986923444,19.46915697
6863,0.802750183,6.954071449
6864,0.943891858,14.94159189
6865,0.914285693,11.20638466
6866,0.826224219,0.397847662
6867,0.822255845,19.96182262
6868,0.930135814,16.4804569
6869,0.999690118,0.073403038
6870,0.884411526,2.35662692
6871,0.804420636,11.82796872
6872,0.842703691,0.291608609
6873,0.823283662,6.248831512
6874,0.938556464,7.548774297
6875,0.960634087,5.343688731
6876,0.884120253,11.61927495
6877,0.930424076,2.738838261
6878,0.866553842,0.550762169
6879,0.891017629,17.20490379
6880,0.842957917,12.02320675
6881,0.83200894,1.920508974
6882,0.942508659,1.267508287
6883,0.929845374,6.848235811
6884,0.967798073,2.200216393
6885,0.814860645,9.669893909
6886,0.914411782,2.829627222
6887,0.921575609,8.529580256
6888,0.806702294,8.696775271
6889,0.842406276,11.01082728
6890,0.922962183,15.76908164
6891,0.838569371,12.03743886
6892,0.835579409,16.6053348
6893,0.921379861,12.55321086
6894,0.838815538,12.6773136
6895,0.824771006,9.455493575
6896,0.894152619,7.983258396
6897,0.847434085,10.60088229
6898,0.803472104,3.352574257
6899,0.890355534,11.98894226
6900,0.923770788,1.754579897
6901,0.812003968,6.362847389
6902,0.976364281,17.35875961
6903,0.863468052,10.98204308
6904,0.941022775,16.11666328
6905,0.948845232,9.536929058
6906,0.820387651,8.946396202
6907,0.948554322,14.17609396
6908,0.847887326,6.54427465
6909,0.85196758,18.42897464
6910,0.896659349,8.364810863
6911,0.84875257,0.025780051
6912,0.82027438,19.02677706
6913,0.849738367,8.089171252
6914,0.824601904,11.60027744
6915,0.893268205,5.519539826
6916,0.902460842,10.6756786
6917,0.924131619,12.37127433
6918,0.944773086,15.68992608
6919,0.886364012,6.828315669
6920,0.804914971,16.14064676
6921,0.845710332,6.500730429
6922,0.927258215,12.67023612
6923,0.800408493,3.302605179
6924,0.822857073,19.68560101
6925,0.915987624,13.71021255
6926,0.819273513,13.32574215
6927,0.855430989,16.98196017
6928,0.897878919,0.894309535
6929,0.858167512,17.86542665
6930,0.946730644,15.77819408
6931,0.997040771,8.363290346
6932,0.952060789,16.62969598
6933,0.865684945,3.445503051
6934,0.890602151,16.74081998
6935,0.899169683,9.015959301
6936,0.812582881,11.38777168
6937,0.835978307,5.54661583
6938,0.986214138,6.836897002
6939,0.936601951,17.05960537
6940,0.94220687,11.89417185
6941,0.908499455,19.97232327
6942,0.918643688,7.910177145
6943,0.923514658,8.035107131
6944,0.991533247,3.729392083
6945,0.910709044,9.177924166
6946,0.866068086,8.453930781
6947,0.845330744,4.506519708
6948,0.896851848,9.129031688
6949,0.988795425,13.3484993
6950,0.967338772,10.74786425
6951,0.979206493,12.02185638
6952,0.943707495,11.82245157
6953,0.878485602,14.32601013
6954,0.84719324,3.099383884
6955,0.907453743,0.123783132
6956,0.966480852,10.33251229
6957,0.899326593,9.80040324
6958,0.999049155,16.14145212
6959,0.9388953,9.379651008
6960,0.966017666,11.2084208
6961,0.836875938,5.236903386
6962,0.802587004,12.59295203
6963,0.860682584,1.096072865
6964,0.860217637,18.96918718
6965,0.837092892,12.63624115
6966,0.947613176,16.11717502
6967,0.839349853,3.725648578
6968,0.887615206,16.95440972
6969,0.981303818,14.06446921
6970,0.864981569,0.654971271
6971,0.952995085,4.997088167
6972,0.815069923,5.630194779
6973,0.963497816,5.396643181
6974,0.868128398,11.11299145
6975,0.91621921,15.50931187
6976,0.969715888,12.3660894
6977,0.814669364,9.447244272
6978,0.968985573,15.05986631
6979,0.907646832,0.404701442
6980,0.969239848,5.978598521
6981,0.882900226,8.706296225
6982,0.994476905,15.92931422
6983,0.801530791,6.98820949
6984,0.86339669,12.53703693
6985,0.828489912,3.84201187
6986,0.824862722,4.623048991
6987,0.865437199,6.194123593
6988,0.958631525,11.54741831
6989,0.888892237,12.82897511
6990,0.879278873,9.072250237
6991,0.890704325,16.15211756
6992,0.887515496,14.93392215
6993,0.943667995,16.08655881
6994,0.827170352,15.85912906
6995,0.857549749,15.26042812
6996,0.846736752,1.34570426
6997,0.834680705,8.444260207
6998,0.840088416,1.10165747
6999,0.917239297,3.403497936
7000,0.879261716,0.281009288
7001,0.86027968,8.387928954
7002,0.872638586,18.81944517
7003,0.801431707,0.252696875
7004,0.804008023,17.69403963
7005,0.912370294,4.515576196
7006,0.969510629,17.27434092
7007,0.828234016,10.57769148
7008,0.964079449,10.50871134
7009,0.863885037,9.085899699
7010,0.860588641,0.078161214
7011,0.952212715,5.099441183
7012,0.833239755,15.04997998
7013,0.824193034,5.305643665
7014,0.94037821,19.55077428
7015,0.849764905,14.21996896
7016,0.995778245,5.24866008
7017,0.926881578,15.86950702
7018,0.996890675,3.502813885
7019,0.974829218,9.21528224
7020,0.825468663,13.23778245
7021,0.901845523,12.99282494
7022,0.954299989,13.47995801
7023,0.84165213,19.28890052
7024,0.97247108,0.939159476
7025,0.939323702,15.78771895
7026,0.834651202,3.622117282
7027,0.920471837,11.19950411
7028,0.865455131,5.492455975
7029,0.933778469,6.078807269
7030,0.897382622,8.565271325
7031,0.84056439,0.889325882
7032,0.889325106,0.949717993
7033,0.862410199,8.55379598
7034,0.856077253,12.68973358
7035,0.987554146,10.37951182
7036,0.962064781,15.36490988
7037,0.858321705,0.021059271
7038,0.892329492,10.51598601
7039,0.952249912,13.36725602
7040,0.915870302,0.716143838
7041,0.907764718,9.354645015
7042,0.968354533,19.20482891
7043,0.915124101,11.53753277
7044,0.802568101,1.48225706
7045,0.880090862,2.538242348
7046,0.861696433,2.435213377
7047,0.981609613,17.30074277
7048,0.836850472,9.046433543
7049,0.815623708,16.5925103
7050,0.87242434,17.6301079
7051,0.858810086,9.960537735
7052,0.863409167,17.71350434
7053,0.990275251,5.99893093
7054,0.901830887,6.600195273
7055,0.895004114,4.993555435
7056,0.805879531,3.936589038
7057,0.86537247,6.407540604
7058,0.947297534,5.844636323
7059,0.903639705,3.878302651
7060,0.878113694,16.06135254
7061,0.941029149,1.383169547
7062,0.993373532,5.878782428
7063,0.850694839,10.6998942
7064,0.833330277,8.890904647
7065,0.810163581,8.958788869
7066,0.867314934,17.93763933
7067,0.81616075,7.031781986
7068,0.903439567,18.25435299
7069,0.806623299,16.03894918
7070,0.872433596,13.51280915
7071,0.823735919,5.304573633
7072,0.872127192,4.895085854
7073,0.919187837,3.998534191
7074,0.807699311,10.63040062
7075,0.89623481,3.474150781
7076,0.966084535,14.217348
7077,0.907245954,16.59797088
7078,0.890205667,1.037606385
7079,0.815532823,17.30847634
7080,0.908898591,7.953968993
7081,0.89949305,8.27004659
7082,0.85445574,12.48635554
7083,0.806675197,17.97947641
7084,0.94363931,7.339649753
7085,0.832230745,5.50601564
7086,0.914008907,0.737623644
7087,0.939014719,12.11410203
7088,0.908655068,9.305550965
7089,0.821497677,3.201807317
7090,0.926529575,2.735968286
7091,0.96045328,1.460025528
7092,0.878559825,16.51750512
7093,0.906705251,0.915261447
7094,0.822320435,14.67545154
7095,0.999533907,15.49333222
7096,0.923696075,5.996963641
7097,0.991407663,3.936600146
7098,0.872754107,19.35631318
7099,0.940706858,11.61700773
7100,0.942300394,12.85482972
7101,0.937807701,2.425938623
7102,0.989010236,10.24446946
7103,0.847281647,0.254323547
7104,0.810555658,2.365577853
7105,0.936153842,19.88090102
7106,0.978145058,1.440996345
7107,0.850215169,4.449011225
7108,0.848447092,2.773966892
7109,0.971221292,15.5470614
7110,0.805785848,11.85455882
7111,0.992463419,16.41835292
7112,0.917279149,19.20581756
7113,0.92011758,17.45964999
7114,0.862817398,2.240287248
7115,0.955099997,5.026932844
7116,0.917543238,1.439319232
7117,0.989759629,13.88691188
7118,0.94337873,3.63070928
7119,0.991604744,1.729863863
7120,0.831119883,2.327255036
7121,0.815927677,4.542538381
7122,0.80050266,11.53338755
7123,0.829171854,11.06026022
7124,0.90278928,13.04003966
7125,0.886893132,18.98989778
7126,0.896150884,13.85738818
7127,0.843942543,4.17369202
7128,0.834549328,5.233038784
7129,0.915906891,18.24054014
7130,0.911236172,3.190219333
7131,0.862973782,0.588993817
7132,0.832008194,16.4005348
7133,0.962601263,12.81654929
7134,0.993298904,14.37746494
7135,0.844369734,5.789055684
7136,0.889398067,7.286610765
7137,0.83522835,16.03806545
7138,0.801710565,18.09307759
7139,0.857476764,11.42862013
7140,0.878726196,19.87737304
7141,0.959918781,9.331251944
7142,0.815732187,8.791918421
7143,0.874203818,14.83775109
7144,0.893432265,6.637427516
7145,0.98990891,5.92641396
7146,0.847517601,0.460340204
7147,0.925171092,4.732550407
7148,0.894848274,18.71802606
7149,0.884974855,11.92624699
7150,0.870565532,1.08514711
7151,0.863038534,2.516308897
7152,0.831074148,19.65170325
7153,0.813368524,3.075885546
7154,0.872158402,14.31914554
7155,0.987082193,10.43368625
7156,0.92957073,17.26881932
7157,0.917624173,17.43044424
7158,0.951309077,9.759276753
7159,0.808057889,10.57573958
7160,0.822067101,15.52382381
7161,0.880451048,11.22581244
7162,0.87077461,0.517841463
7163,0.825934623,8.729555207
7164,0.803268002,3.594780372
7165,0.920563292,10.8073362
7166,0.964034907,12.78002559
7167,0.989083653,11.07165089
7168,0.873764791,9.938427725
7169,0.805133027,7.979626363
7170,0.972021266,12.69464947
7171,0.996492692,7.845548309
7172,0.979117196,18.84821294
7173,0.950272176,14.07732445
7174,0.955554671,10.92122616
7175,0.934759837,6.932439519
7176,0.947685813,18.05003202
7177,0.986818448,17.50208046
7178,0.841215565,5.657582099
7179,0.987459761,19.55002112
7180,0.843436,0.910363314
7181,0.911386415,9.128495688
7182,0.908969042,4.275734501
7183,0.988795435,15.47819365
7184,0.800872157,0.923944729
7185,0.867438089,14.32256486
7186,0.933576543,11.61592469
7187,0.880493939,15.9869824
7188,0.964473897,0.109041421
7189,0.816581657,19.89755582
7190,0.913515893,12.59708109
7191,0.909717369,8.654051538
7192,0.83677795,6.06671964
7193,0.965684986,17.87499017
7194,0.902124809,11.47650996
7195,0.888932344,9.131168349
7196,0.80015592,12.95372716
7197,0.807108304,17.30138513
7198,0.828586143,18.77165462
7199,0.933816054,15.70710408
7200,0.825794914,19.53608156
7201,0.92694435,3.812385224
7202,0.967224213,1.883912115
7203,0.888568557,13.75749964
7204,0.816409871,10.0963704
7205,0.972176784,1.520361494
7206,0.816793149,17.60025002
7207,0.929871355,11.51338904
7208,0.93546318,17.43420092
7209,0.974956445,3.863630192
7210,0.8026798,12.82761549
7211,0.915797441,11.53326173
7212,0.811366945,3.664587241
7213,0.890340005,3.991197294
7214,0.912235026,10.66977629
7215,0.823790229,7.596760558
7216,0.992227225,15.10526749
7217,0.887662628,19.77800365
7218,0.846483022,13.51849541
7219,0.903498395,18.87845102
7220,0.842568287,19.98808228
7221,0.999162538,9.063082499
7222,0.861579759,5.161813679
7223,0.856781235,10.9761027
7224,0.994275678,19.80093187
7225,0.808297237,16.65735475
7226,0.898278821,13.79720205
7227,0.948882626,9.669877717
7228,0.848503744,8.872686561
7229,0.820993457,8.940681203
7230,0.950538872,14.95322106
7231,0.824692874,10.26451928
7232,0.979534969,16.48176886
7233,0.877086268,9.493479349
7234,0.892457843,2.03574067
7235,0.829855205,0.790349753
7236,0.958864341,1.553175728
7237,0.808958385,11.21876573
7238,0.874812328,0.701808358
7239,0.897465639,6.846135523
7240,0.972797967,1.676252629
7241,0.871054501,10.79384233
7242,0.85135788,14.40989419
7243,0.854455625,7.030927266
7244,0.801289575,17.52646596
7245,0.818412209,14.33997285
7246,0.95963049,8.620317581
7247,0.9382847,16.21943932
7248,0.989429776,6.932951974
7249,0.809661231,1.544489431
7250,0.984239386,4.875723041
7251,0.838947351,9.905362875
7252,0.930400668,4.898849957
7253,0.915812886,8.866317372
7254,0.861013766,13.30093278
7255,0.820065754,14.19445022
7256,0.910914631,7.324396617
7257,0.874636939,19.08156904
7258,0.802496327,10.62847083
7259,0.926112937,9.007128228
7260,0.969786733,16.62504481
7261,0.888649128,4.690447012
7262,0.947980134,3.344421069
7263,0.848126933,5.059861115
7264,0.820577558,14.82272614
7265,0.835440954,7.563190875
7266,0.989868304,4.603082491
7267,0.923323341,12.7770116
7268,0.894674775,6.568071289
7269,0.89224394,0.179776793
7270,0.856268636,15.84279078
7271,0.959486711,10.21470274
7272,0.845629053,0.557136925
7273,0.995483159,5.756088181
7274,0.847652506,12.38126802
7275,0.842546197,8.427109633
7276,0.923325984,5.989189627
7277,0.823314069,13.84286477
7278,0.982257678,17.32552077
7279,0.999965958,12.24745865
7280,0.824649078,15.1698785
7281,0.842668164,7.428100677
7282,0.831726289,14.39369128
7283,0.822760359,13.7013064
7284,0.851643585,3.618045143
7285,0.83926016,11.77189325
7286,0.907910899,13.29005378
7287,0.887713667,14.21834
7288,0.811174439,9.154852065
7289,0.803859977,15.4865579
7290,0.825245599,11.65163241
7291,0.96931674,16.02331863
7292,0.944260906,9.847122322
7293,0.970603232,17.78395681
7294,0.930887151,8.110609984
7295,0.969659771,5.608374022
7296,0.970681018,18.19113976
7297,0.847790092,7.303615069
7298,0.914417437,8.505036549
7299,0.803773735,11.60456683
7300,0.848535008,11.89894992
7301,0.859748852,18.76812211
7302,0.802977307,5.568517203
7303,0.884723909,7.204116691
7304,0.897614326,19.29376386
7305,0.905114217,16.98960224
7306,0.810324791,16.69359636
7307,0.902932028,11.42618673
7308,0.820148751,10.27714568
7309,0.999734566,8.946322754
7310,0.860076613,10.92829559
7311,0.862432264,5.934088521
7312,0.942814021,1.415937973
7313,0.953400415,9.629175629
7314,0.931707439,15.65142197
7315,0.830382717,3.366400901
7316,0.808665218,14.84355037
7317,0.929225296,17.40744149
7318,0.893827088,10.59062774
7319,0.828668133,15.82421758
7320,0.958596183,16.25177056
7321,0.825393974,13.40800757
7322,0.925995885,4.094251394
7323,0.920611569,19.47050085
7324,0.909599898,3.230119555
7325,0.971390463,2.063850768
7326,0.944571814,7.598849056
7327,0.914114594,9.208674656
7328,0.908230377,15.46721645
7329,0.898852303,3.975379823
7330,0.815258171,16.59298004
7331,0.985315506,4.52653738
7332,0.818372909,6.799028987
7333,0.814500903,14.5576498
7334,0.859240101,6.37381523
7335,0.92775817,8.562500687
7336,0.915523851,12.25247585
7337,0.910466415,10.89762078
7338,0.875808507,13.40596394
7339,0.836062751,13.30030783
7340,0.898116182,11.26970476
7341,0.845618389,16.37843705
7342,0.934592421,3.441062977
7343,0.898265414,8.616547916
7344,0.85852915,10.59109608
7345,0.822137078,18.88793008
7346,0.895767764,13.90122674
7347,0.929436818,4.182554098
7348,0.977414884,19.12400345
7349,0.919943377,13.76581518
7350,0.805794756,19.0600072
7351,0.824813806,6.57409462
7352,0.95620318,16.11910777
7353,0.885086315,14.9637569
7354,0.874870671,18.59136124
7355,0.845257318,15.46462802
7356,0.881301823,0.87775857
7357,0.808389299,1.003154152
7358,0.945613685,1.069036766
7359,0.920747028,0.056771706
7360,0.956899088,19.39599883
7361,0.934738072,11.40609542
7362,0.87087438,15.94037244
7363,0.800189516,16.7784224
7364,0.965789405,5.581687764
7365,0.902016099,9.328439391
7366,0.828697505,16.12662335
7367,0.85734321,19.3811795
7368,0.90664452,14.34929464
7369,0.901218572,0.74724298
7370,0.950954722,19.28041076
7371,0.990446614,17.24712637
7372,0.919969921,1.291667909
7373,0.860086246,0.351634996
7374,0.888899238,10.18128555
7375,0.824711116,9.920037658
7376,0.895410562,13.16605489
7377,0.945075569,6.109475308
7378,0.985497814,16.2328348
7379,0.948316314,1.678300435
7380,0.854065219,13.53747491
7381,0.848945129,15.89834106
7382,0.838150597,12.51178448
7383,0.947228804,3.102222293
7384,0.959274923,12.72637078
7385,0.896069573,2.212750901
7386,0.945558442,10.92125192
7387,0.875057967,13.1742627
7388,0.893109619,11.33760744
7389,0.975716221,1.069616976
7390,0.950764881,7.202854971
7391,0.89048494,4.049316666
7392,0.9744986,4.184960209
7393,0.920613875,5.063580261
7394,0.880990417,12.07163318
7395,0.855970192,9.693946382
7396,0.888249788,12.8283669
7397,0.942710195,14.29526424
7398,0.842375772,2.430767406
7399,0.920042806,0.293588126
7400,0.896321702,9.1955121
7401,0.984334489,0.676404934
7402,0.954816271,18.25803596
7403,0.864071027,3.360236548
7404,0.803074873,5.115423308
7405,0.908917426,5.146817616
7406,0.838318436,6.820725241
7407,0.888770182,7.007976424
7408,0.990575998,1.634895652
7409,0.830471245,1.884779232
7410,0.981891126,17.81472518
7411,0.820104811,3.80139929
7412,0.889090806,8.341685741
7413,0.812334624,18.72480425
7414,0.832960983,7.710301576
7415,0.967818402,16.28637366
7416,0.994306507,17.77819623
7417,0.87864696,3.685902375
7418,0.83980982,18.85319286
7419,0.946462287,5.377839685
7420,0.974328656,9.495281893
7421,0.938901783,8.343166822
7422,0.847725678,3.549360919
7423,0.828926887,15.86573806
7424,0.80237024,2.838333674
7425,0.888484073,3.214423127
7426,0.963320293,2.988663611
7427,0.878268847,5.176089613
7428,0.980729194,9.785728189
7429,0.820863969,1.278827442
7430,0.939290992,11.80671357
7431,0.8850171,10.6329084
7432,0.88346584,19.29791453
7433,0.897716973,17.44531395
7434,0.836841035,0.426955347
7435,0.875813389,12.76554775
7436,0.930452822,8.754342397
7437,0.97124254,17.91384835
7438,0.969104198,0.910399944
7439,0.849663388,19.53771823
7440,0.903561153,9.854398817
7441,0.809600809,3.193816025
7442,0.940137283,2.704431203
7443,0.891988498,19.90983502
7444,0.832631162,14.47031558
7445,0.933943997,9.917429322
7446,0.874674378,3.833932542
7447,0.93066412,1.23549472
7448,0.903688289,13.35544824
7449,0.82405285,1.338044832
7450,0.970714269,11.44494905
7451,0.946995919,12.95326752
7452,0.970527666,11.81531637
7453,0.910938006,17.5246428
7454,0.927254791,8.747238532
7455,0.874834545,19.82502274
7456,0.99558439,14.06503995
7457,0.877314362,11.95576383
7458,0.919302134,11.92460743
7459,0.989221528,15.06732249
7460,0.948363964,1.657173562
7461,0.922911442,11.97306004
7462,0.968774771,15.3662606
7463,0.923980204,8.346480452
7464,0.861576297,3.843953212
7465,0.941118229,8.847979216
7466,0.958376756,3.179847705
7467,0.949050228,10.34570431
7468,0.80243041,0.221588383
7469,0.879758102,1.477114905
7470,0.99327208,2.049002186
7471,0.882270375,18.33054008
7472,0.923042301,12.93309532
7473,0.850982607,6.645245782
7474,0.819133071,19.24981029
7475,0.936775039,5.587153324
7476,0.801952025,0.721866729
7477,0.958766227,16.85661407
7478,0.915991093,6.604839416
7479,0.972143635,2.46214622
7480,0.985517424,3.385989749
7481,0.838572393,15.08039842
7482,0.815437384,9.855455187
7483,0.804651646,2.460200273
7484,0.881050928,15.37358758
7485,0.977066005,0.64111675
7486,0.976823087,10.21659095
7487,0.944714467,1.696793467
7488,0.829587396,0.776414197
7489,0.921829396,7.259119237
7490,0.920339023,9.678589866
7491,0.864290028,0.810227771
7492,0.970262434,1.077776165
7493,0.925447284,17.65156765
7494,0.871241584,2.557955434
7495,0.851640898,2.061027078
7496,0.843795466,1.461913114
7497,0.938136817,17.24020562
7498,0.909198488,7.732022866
7499,0.924002109,0.329752285
7500,0.844811601,8.987655685
7501,0.812846525,11.41676691
7502,0.927279592,17.747362
7503,0.838831514,0.485512339
7504,0.910156499,18.54662655
7505,0.877658963,3.656470969
7506,0.960977955,17.45631788
7507,0.979182244,3.660351458
7508,0.84457708,11.87705941
7509,0.941947007,4.521483766
7510,0.852422348,10.5023307
7511,0.895314516,16.93979389
7512,0.922244611,5.637254775
7513,0.937543601,18.9085585
7514,0.955182477,14.21462598
7515,0.95469984,5.474118726
7516,0.976485687,2.526198764
7517,0.853026307,3.352228953
7518,0.854403411,18.93340032
7519,0.984344994,13.49562873
7520,0.944773182,8.67534508
7521,0.818762004,4.317205343
7522,0.986707677,17.8115817
7523,0.925575406,16.09150666
7524,0.815628961,7.772024266
7525,0.985544292,9.457740543
7526,0.97845611,5.66235979
7527,0.957267815,17.1084257
7528,0.853794114,10.48039633
7529,0.890199853,6.490044533
7530,0.848290492,6.935152061
7531,0.910856727,9.876564077
7532,0.951768985,6.110149309
7533,0.966188694,0.559345278
7534,0.907985247,18.3296004
7535,0.876952675,11.36011019
7536,0.823914924,5.618459684
7537,0.993587449,1.500189647
7538,0.817441825,5.725749329
7539,0.830510711,0.840045269
7540,0.838773243,8.905573929
7541,0.99694347,18.78744605
7542,0.864761097,13.03849198
7543,0.86816615,14.17613688
7544,0.804207651,19.51565558
7545,0.894778892,19.12853851
7546,0.86471988,17.5141019
7547,0.939154628,5.657946882
7548,0.910917458,9.785289908
7549,0.911996131,7.823032599
7550,0.821825944,1.724769829
7551,0.826571344,10.2206656
7552,0.84342284,15.47596409
7553,0.86296013,1.776196018
7554,0.903331936,15.63774293
7555,0.818177553,1.262761669
7556,0.963716851,4.128597649
7557,0.812001388,13.26025692
7558,0.839276963,13.43475626
7559,0.949287892,13.77454931
7560,0.918844325,12.37810681
7561,0.935019714,11.06827607
7562,0.929075905,1.243565166
7563,0.986565184,18.91782559
7564,0.856368497,17.05208751
7565,0.873323555,12.07339433
7566,0.836616336,12.93587239
7567,0.882923922,16.9523199
7568,0.849601197,12.58310807
7569,0.924154875,16.28228335
7570,0.959591237,18.08829813
7571,0.863759564,17.28796284
7572,0.929330339,19.5770959
7573,0.823606977,15.93552064
7574,0.944299228,14.20251032
7575,0.981130053,13.55031235
7576,0.814767301,1.849547446
7577,0.813691682,11.21291594
7578,0.966066042,7.660237602
7579,0.881719056,18.47203272
7580,0.996343534,1.124788396
7581,0.887997641,0.576966071
7582,0.826154674,0.068545186
7583,0.938903064,5.889823514
7584,0.887178081,9.911535149
7585,0.916088031,16.75919478
7586,0.814957513,14.83888778
7587,0.831252104,17.68109297
7588,0.935719838,18.77349414
7589,0.872886224,6.074083228
7590,0.999669813,0.127842943
7591,0.940325163,11.61326294
7592,0.990863305,13.98668425
7593,0.997810855,7.197620138
7594,0.925721525,17.75229627
7595,0.818898412,18.16781524
7596,0.95241904,18.43861512
7597,0.877603503,4.656824564
7598,0.821693207,7.867285623
7599,0.900374138,19.82480955
7600,0.903224101,13.7187695
7601,0.892135532,7.991341435
7602,0.867944135,5.036599465
7603,0.890779428,2.374365569
7604,0.885434613,5.579082957
7605,0.907617608,9.883511344
7606,0.929001634,9.086729871
7607,0.811658387,3.235654793
7608,0.872048462,10.49022706
7609,0.893182502,4.239718182
7610,0.973718028,4.97380523
7611,0.816885041,15.26033157
7612,0.904473673,10.64081109
7613,0.975215969,15.83667705
7614,0.920599207,11.02702427
7615,0.897709747,15.87814096
7616,0.961699089,4.54390293
7617,0.97034385,15.44191985
7618,0.856406233,17.23795106
7619,0.837697347,17.53198339
7620,0.972374546,10.57787102
7621,0.990657508,6.659783803
7622,0.876869031,4.482143453
7623,0.841836713,4.211171947
7624,0.982617846,13.27013153
7625,0.966171069,7.815886202
7626,0.997141011,18.0759686
7627,0.809078254,15.5135776
7628,0.86467787,3.781337172
7629,0.973200578,9.711185512
7630,0.908664611,14.04476205
7631,0.818940822,18.5484436
7632,0.81869395,14.75743357
7633,0.929424444,7.142247816
7634,0.92119605,19.08212483
7635,0.809303214,18.2335063
7636,0.874475805,6.032434917
7637,0.913863293,19.25860279
7638,0.964774263,5.634363331
7639,0.988120332,2.502099408
7640,0.808154791,7.654683191
7641,0.873980081,5.353176252
7642,0.948638977,12.61197658
7643,0.864675444,13.33082301
7644,0.885824885,3.309527704
7645,0.812787756,10.82523065
7646,0.908034068,4.913681271
7647,0.855143131,3.913976977
7648,0.886776575,17.96262303
7649,0.896576741,18.54117941
7650,0.945915817,13.6814881
7651,0.867105937,16.25851713
7652,0.959531449,18.79991585
7653,0.901403271,11.53928962
7654,0.997463844,14.74579412
7655,0.943716744,8.165919815
7656,0.985199286,16.47148037
7657,0.873126218,4.889096801
7658,0.991897751,7.280228694
7659,0.922978407,19.84858835
7660,0.95141265,16.01534222
7661,0.897245919,3.93610193
7662,0.860322749,13.22688956
7663,0.995385533,14.14038034
7664,0.839625417,11.76358137
7665,0.886224085,16.04708432
7666,0.855210321,14.59087973
7667,0.88825043,5.689703674
7668,0.882519787,0.942107521
7669,0.820551277,7.199389349
7670,0.855548845,7.961322527
7671,0.807496474,19.68527306
7672,0.954476215,7.191414186
7673,0.901910381,8.110179249
7674,0.90589326,0.53057854
7675,0.822359406,15.44644744
7676,0.809677822,4.526038658
7677,0.914341886,13.6638434
7678,0.975621756,4.599852876
7679,0.954404968,14.09775649
7680,0.921527201,10.9124282
7681,0.829547605,1.751880762
7682,0.894250782,5.411323132
7683,0.806433165,11.10190156
7684,0.956127494,1.728357943
7685,0.846176531,19.29914026
7686,0.895178326,5.713032432
7687,0.851582179,11.07993653
7688,0.897185878,16.00116095
7689,0.94146648,17.52716566
7690,0.925069749,7.497237448
7691,0.832207605,12.2528058
7692,0.942883107,0.781147575
7693,0.895425833,12.09160639
7694,0.928749609,8.773662351
7695,0.867423683,17.52324162
7696,0.880333678,18.0803604
7697,0.921699003,12.13252158
7698,0.911817663,4.623696252
7699,0.935805314,5.130942356
7700,0.954323651,6.883083495
7701,0.941651842,17.45598385
7702,0.971256591,11.94587396
7703,0.845726318,6.55858886
7704,0.893906243,17.62682997
7705,0.97139566,10.67983954
7706,0.927715011,13.79300959
7707,0.817016465,11.09844265
7708,0.990409904,17.41911459
7709,0.85570967,18.56299938
7710,0.836928645,10.52579131
7711,0.809604704,8.398180952
7712,0.889416804,5.729206023
7713,0.937610195,5.218205352
7714,0.907798127,7.641327662
7715,0.99149833,0.340827576
7716,0.969682035,7.880994119
7717,0.973560001,15.41968516
7718,0.951202534,11.67401052
7719,0.861222254,19.76831594
7720,0.88529766,9.37230818
7721,0.915552114,15.83471092
7722,0.909613922,17.48517638
7723,0.965439183,7.035260354
7724,0.910789171,18.37904217
7725,0.933955791,16.00576704
7726,0.828074275,15.25317724
7727,0.800979187,2.249319505
7728,0.812447949,18.73002536
7729,0.904697406,8.787323214
7730,0.836029313,0.973490731
7731,0.868287893,16.77022852
7732,0.885956618,18.22814272
7733,0.984471976,2.515026874
7734,0.945443853,4.274003695
7735,0.916781748,11.68360045
7736,0.901408622,17.72723587
7737,0.889287643,0.642548048
7738,0.845537192,10.37691283
7739,0.86773607,12.913081
7740,0.844563931,3.946441642
7741,0.950473135,16.00391574
7742,0.983522278,0.333342922
7743,0.909188825,2.842642966
7744,0.89558577,3.991135909
7745,0.985233806,19.19941788
7746,0.941112857,3.129852294
7747,0.902240861,4.676924776
7748,0.920827051,18.81428493
7749,0.908674337,5.772056997
7750,0.901545224,1.429390353
7751,0.827295312,4.105774819
7752,0.970727916,4.867038494
7753,0.915854968,2.717479699
7754,0.824050718,13.48073424
7755,0.903241006,7.929055836
7756,0.843911547,18.80504957
7757,0.80187728,2.935420933
7758,0.885116085,12.6916434
7759,0.992579765,6.311555672
7760,0.910804222,19.60501234
7761,0.92139234,12.26786583
7762,0.913705635,11.91094971
7763,0.882062192,2.291730756
7764,0.846702227,16.08667764
7765,0.957755469,10.40988115
7766,0.939703878,5.47038069
7767,0.931887979,3.877965503
7768,0.971273793,12.11568842
7769,0.910623166,2.282967132
7770,0.822410685,9.31924519
7771,0.988236469,0.881828756
7772,0.926369147,14.32053463
7773,0.954209793,7.505570221
7774,0.982470179,8.938173991
7775,0.989424275,1.913412329
7776,0.989428211,1.329433939
7777,0.867461238,16.23495577
7778,0.831776519,17.31493764
7779,0.944133526,15.2553878
7780,0.981946877,1.595803689
7781,0.94210299,3.801620217
7782,0.867807526,6.359109694
7783,0.914845799,10.92645418
7784,0.974276339,6.121014878
7785,0.834799891,14.83545405
7786,0.936483866,2.655456109
7787,0.870467507,5.307105357
7788,0.889033761,15.69378067
7789,0.90994801,3.818459126
7790,0.910803513,9.662642213
7791,0.934680339,19.28787012
7792,0.978669531,13.76288297
7793,0.911511832,5.071192427
7794,0.986086678,10.63363451
7795,0.93957527,19.4985732
7796,0.934294399,12.40666457
7797,0.910327863,16.52198046
7798,0.947814792,8.916238637
7799,0.996053031,19.24550165
7800,0.982819085,8.036288945
7801,0.861901082,1.881594966
7802,0.906266835,3.00058888
7803,0.823747454,9.227815651
7804,0.821149232,4.947381209
7805,0.974225012,17.05661266
7806,0.906643585,1.484043743
7807,0.846789561,2.691024411
7808,0.961351358,5.38144784
7809,0.883616804,16.45981811
7810,0.820361266,5.134548199
7811,0.872766308,1.265534031
7812,0.934787533,15.61644643
7813,0.993322109,12.61955782
7814,0.902318654,15.337615
7815,0.850859344,4.485168796
7816,0.959549445,5.246475194
7817,0.991548159,17.83261951
7818,0.986037359,12.88821612
7819,0.906994437,13.27847217
7820,0.910684129,19.94030929
7821,0.985724807,4.571250686
7822,0.935265915,2.193086055
7823,0.946960517,19.13208994
7824,0.826626664,2.174944513
7825,0.973442202,2.913575015
7826,0.969003555,9.334546778
7827,0.902533781,11.43814444
7828,0.968338351,17.22011261
7829,0.990827724,7.693953442
7830,0.840353293,12.74420217
7831,0.99371933,0.977258264
7832,0.964554876,9.465531484
7833,0.956225394,18.36112153
7834,0.844875411,6.860035993
7835,0.844179154,3.522967869
7836,0.834299908,3.95528638
7837,0.908368317,11.13111197
7838,0.801061509,12.40220171
7839,0.932126232,8.221194029
7840,0.80030422,4.058014793
7841,0.933556295,0.649489677
7842,0.811943158,9.152742851
7843,0.870065716,8.377966148
7844,0.929369757,19.54870806
7845,0.876160882,17.05199188
7846,0.858750611,11.88860082
7847,0.87075868,0.333602815
7848,0.874782393,1.858942297
7849,0.945227232,10.9356875
7850,0.830389495,4.361062464
7851,0.902255216,3.038616314
7852,0.893811083,16.37706139
7853,0.823906706,16.06298224
7854,0.985850916,16.09619652
7855,0.856001994,0.34914683
7856,0.855066984,4.358695865
7857,0.926923445,2.132134439
7858,0.963371046,6.252647278
7859,0.965298696,3.103773669
7860,0.843569745,0.269885062
7861,0.834619405,9.857116752
7862,0.914401981,12.55020542
7863,0.986076102,5.678571837
7864,0.959095789,6.740232271
7865,0.886966889,8.231537135
7866,0.926717015,7.388195896
7867,0.816783134,9.608725586
7868,0.939395428,15.61963398
7869,0.806124208,1.567423558
7870,0.98293657,0.230311058
7871,0.967313658,5.345334526
7872,0.826449292,7.357913307
7873,0.903907768,16.19213997
7874,0.942074917,14.39998724
7875,0.950558634,9.892308967
7876,0.969902155,3.375728032
7877,0.954408747,19.19872321
7878,0.820112259,10.17247035
7879,0.984595923,6.233750716
7880,0.860912275,19.21596466
7881,0.863453581,5.852902991
7882,0.817207166,12.87688292
7883,0.822343506,13.72004906
7884,0.88108229,4.305704087
7885,0.881323706,4.56186526
7886,0.909512894,3.188527371
7887,0.839740352,15.31926608
7888,0.918801032,15.13552086
7889,0.829011202,18.99905043
7890,0.96277022,7.581864858
7891,0.908295535,9.616073857
7892,0.88265748,7.428274483
7893,0.874441609,8.81565111
7894,0.812081914,11.07092414
7895,0.95831172,0.117473481
7896,0.852822407,13.40523916
7897,0.857566769,6.865076588
7898,0.849559453,8.355697575
7899,0.943520675,1.978840341
7900,0.966241448,19.33155458
7901,0.862227997,8.831980777
7902,0.847847359,12.63359823
7903,0.808542575,15.80939432
7904,0.999982416,5.436811076
7905,0.971796267,17.06193381
7906,0.945162047,6.911522949
7907,0.911088977,17.85986234
7908,0.995623825,0.747159346
7909,0.968672453,8.147496912
7910,0.878962001,10.7267061
7911,0.805982192,3.784117086
7912,0.830828664,6.076727284
7913,0.930626199,19.17335521
7914,0.870471676,0.446114472
7915,0.982567259,12.94213739
7916,0.997949541,0.275388903
7917,0.911950496,11.06792656
7918,0.92502378,2.219245498
7919,0.805418537,17.67991233
7920,0.951002775,9.728969429
7921,0.868614947,3.500626678
7922,0.874775876,1.85854005
7923,0.956495851,3.052762551
7924,0.905252037,2.129875437
7925,0.892512604,15.00932536
7926,0.935124786,2.625288294
7927,0.947780392,6.799752038
7928,0.86925982,19.50843066
7929,0.817944806,17.32733924
7930,0.80308521,7.569143895
7931,0.825760012,0.631921481
7932,0.957379343,5.222206918
7933,0.913323643,19.16788783
7934,0.919414317,3.741390511
7935,0.844978855,12.25427156
7936,0.87560745,5.797524301
7937,0.976762175,2.213157891
7938,0.894225083,7.869082968
7939,0.803825239,4.387400139
7940,0.86215859,0.491937155
7941,0.862218411,11.99589674
7942,0.901290407,6.810506518
7943,0.971204464,18.43240426
7944,0.891933569,18.49294967
7945,0.945269266,15.30710851
7946,0.810914944,16.47043031
7947,0.956748544,13.85771989
7948,0.981246887,14.36326428
7949,0.825348654,4.885877463
7950,0.917284739,13.2240995
7951,0.987571621,15.36415176
7952,0.884560095,2.572438961
7953,0.948003467,19.29085012
7954,0.984847668,10.99983094
7955,0.939534241,10.22038839
7956,0.874006321,8.149094563
7957,0.850727854,9.003782022
7958,0.889621506,17.64055559
7959,0.955359901,18.43959246
7960,0.892242965,17.11389968
7961,0.970207602,12.66051729
7962,0.815708046,7.643219577
7963,0.942066324,7.690973311
7964,0.963133203,9.129691566
7965,0.807581103,9.107784323
7966,0.822397343,19.16425656
7967,0.916889738,4.95339912
7968,0.831328626,0.398296024
7969,0.819054035,16.19375065
7970,0.859339093,6.581002928
7971,0.846788787,14.02056865
7972,0.817409752,10.6505318
7973,0.969436963,8.203358327
7974,0.892489129,2.495727622
7975,0.837852192,10.50201086
7976,0.999380251,1.106828235
7977,0.912449009,3.366802414
7978,0.807007422,18.63061821
7979,0.98519214,17.82753224
7980,0.924299265,9.834060853
7981,0.80556205,16.11337199
7982,0.898745081,5.784538751
7983,0.80482584,2.246676077
7984,0.835921822,0.377928346
7985,0.997730224,12.00184023
7986,0.987368991,4.901139688
7987,0.94448771,3.933590621
7988,0.987666528,1.367361839
7989,0.832581771,14.20337849
7990,0.983184769,18.72327857
7991,0.952018742,16.10609127
7992,0.958762469,0.340967598
7993,0.864265181,13.4638298
7994,0.987418726,5.057142115
7995,0.924245669,7.96340844
7996,0.925152739,18.37123459
7997,0.957208727,15.39051191
7998,0.948142757,2.927874409
7999,0.945119982,9.600826259
8000,0.991064817,13.1257591
8001,0.808308018,4.028187472
8002,0.846618689,11.03052831
8003,0.934716741,14.97312856
8004,0.823362684,0.350636481
8005,0.981897166,7.982305408
8006,0.868665032,11.63185902
8007,0.891656786,8.055597121
8008,0.843039026,17.58549536
8009,0.841460362,19.00524991
8010,0.859083542,8.962786982
8011,0.822543715,1.386762083
8012,0.999107838,18.95701767
8013,0.815597742,8.749745181
8014,0.844482886,16.66988809
8015,0.842869013,12.33963899
8016,0.960556535,18.75754331
8017,0.923292463,16.937144
8018,0.873944363,4.20233443
8019,0.930466211,11.89651723
8020,0.802685883,19.49860887
8021,0.875609985,2.362949269
8022,0.894027846,0.561686402
8023,0.89970571,3.034257004
8024,0.868582199,17.58723714
8025,0.824575482,17.36948668
8026,0.803836199,10.20164372
8027,0.802264765,19.40485503
8028,0.807739919,7.758894112
8029,0.970138585,14.78294103
8030,0.941131893,15.85251084
8031,0.844405208,14.20236207
8032,0.958155328,12.59736304
8033,0.852613093,15.7421141
8034,0.930101114,12.98021691
8035,0.912764204,14.30982223
8036,0.815454966,10.02749672
8037,0.839766025,10.87675304
8038,0.882656534,13.45845368
8039,0.811899665,1.871370693
8040,0.979678731,6.554974309
8041,0.914137106,8.695966148
8042,0.856667069,10.37683178
8043,0.900923938,9.540886767
8044,0.924220353,10.01616384
8045,0.960032146,14.53911857
8046,0.934289833,17.72586052
8047,0.865609026,8.740042438
8048,0.966540226,16.89482101
8049,0.890640135,9.329171024
8050,0.87402419,15.23254439
8051,0.814556049,13.52500707
8052,0.844043099,7.839061303
8053,0.887108315,1.018676527
8054,0.910439614,10.36290737
8055,0.894442544,5.742265447
8056,0.94691721,4.077241532
8057,0.910427592,1.945820429
8058,0.839249313,17.34288942
8059,0.882045179,12.83468888
8060,0.814297633,8.453094769
8061,0.819397816,1.59931818
8062,0.813505857,8.517900734
8063,0.95661372,16.26762942
8064,0.930923855,14.53485605
8065,0.95117596,19.50457267
8066,0.852974333,16.57692369
8067,0.840758769,5.533808002
8068,0.801580794,2.496805853
8069,0.953634421,10.64004092
8070,0.972603967,6.098575745
8071,0.813756451,13.77046374
8072,0.923361134,1.631156569
8073,0.914660988,0.879116511
8074,0.847341372,13.36208939
8075,0.947811199,16.04270022
8076,0.970458213,18.26325096
8077,0.985715903,13.76106892
8078,0.987697304,19.54880933
8079,0.956052657,14.54162646
8080,0.800304929,0.810813017
8081,0.960551405,13.64204069
8082,0.908087544,7.917945993
8083,0.900960946,2.809191021
8084,0.89710515,19.13653269
8085,0.820091876,11.56869709
8086,0.911112908,11.1269534
8087,0.84643917,19.36742131
8088,0.812903902,9.507838634
8089,0.863964983,9.23129535
8090,0.979925733,7.680034808
8091,0.865917952,3.324761549
8092,0.88850433,13.55148051
8093,0.896028502,13.14577646
8094,0.972999548,17.45293975
8095,0.823129484,4.832802496
8096,0.949141996,18.34952098
8097,0.987961678,9.925613883
8098,0.815205788,18.94213471
8099,0.955244396,12.33570662
8100,0.803626862,19.37263106
8101,0.998769385,1.27444183
8102,0.860059792,2.863681499
8103,0.877606625,5.869289222
8104,0.907111021,14.93943175
8105,0.955671632,17.75075482
8106,0.846438984,19.83427612
8107,0.850193294,18.56739497
8108,0.857597431,7.521341901
8109,0.841468268,13.93033629
8110,0.93553303,11.52367018
8111,0.97653132,12.22746486
8112,0.868911033,17.16729416
8113,0.94727593,16.4746017
8114,0.908075029,9.17694968
8115,0.894034819,18.42817326
8116,0.815577736,12.59914866
8117,0.992708058,18.97178289
8118,0.816958959,13.68329862
8119,0.865249973,11.79130877
8120,0.8167764,12.29311061
8121,0.817518648,15.01963324
8122,0.846120984,17.90658891
8123,0.921997316,2.022496313
8124,0.850362265,0.263445736
8125,0.935136761,7.648302383
8126,0.822143223,15.78377099
8127,0.896626224,12.9847303
8128,0.944671638,12.49931379
8129,0.976942992,15.0445723
8130,0.970248146,4.14496693
8131,0.988912712,15.47742117
8132,0.908238127,19.54656444
8133,0.983779049,11.53221951
8134,0.928778809,14.07994806
8135,0.991353666,15.72111324
8136,0.94733681,9.382536849
8137,0.805605209,2.113956287
8138,0.921359494,0.23454642
8139,0.993644373,17.65641371
8140,0.992152948,15.4598582
8141,0.926021313,16.54280191
8142,0.831731347,17.07447479
8143,0.992740854,1.494859953
8144,0.821160043,3.57197501
8145,0.888486454,19.71241821
8146,0.888557836,0.527307344
8147,0.818768326,5.917817435
8148,0.920743419,8.514310864
8149,0.993409205,14.77986861
8150,0.939474904,6.402296066
8151,0.936677036,18.33383644
8152,0.911387754,13.25793631
8153,0.902378483,15.43195608
8154,0.821936562,3.500390555
8155,0.960359251,15.45639672
8156,0.860836461,6.114830115
8157,0.820372322,15.62568711
8158,0.801928813,3.674356432
8159,0.824544595,3.920352516
8160,0.834329844,17.92783267
8161,0.950887275,4.061485237
8162,0.991858418,16.83358308
8163,0.816251995,13.72803779
8164,0.91863995,15.98305254
8165,0.877479089,12.87953369
8166,0.924283616,14.95577202
8167,0.833977884,14.10174055
8168,0.924874988,13.25125792
8169,0.972528297,17.22423752
8170,0.895932769,19.45140205
8171,0.996719467,1.247685427
8172,0.968249481,5.17117334
8173,0.904968695,12.55533115
8174,0.858047838,15.54154272
8175,0.933664608,12.1630166
8176,0.930955206,4.90618459
8177,0.877572602,17.90638845
8178,0.89579354,10.53916874
8179,0.854989374,12.4394874
8180,0.923437214,5.308088983
8181,0.911440937,14.00619366
8182,0.961609865,5.713525534
8183,0.807795904,19.82482363
8184,0.842056499,5.774865064
8185,0.964512717,4.426257486
8186,0.844591501,9.396416606
8187,0.898866846,5.73467012
8188,0.910520753,0.592553074
8189,0.898728336,8.741357443
8190,0.832445836,12.11306854
8191,0.934346242,14.46834931
8192,0.957183812,8.349784477
8193,0.9725578,16.42080675
8194,0.881167885,10.92448442
8195,0.996005163,4.893396464
8196,0.93955089,18.86506962
8197,0.888230244,16.19548409
8198,0.814752631,2.850909405
8199,0.909857481,5.229661709
8200,0.853542527,5.825867493
8201,0.955474325,16.57910063
8202,0.878740869,0.166425218
8203,0.908527453,15.77948804
8204,0.947908358,17.06654157
8205,0.883042007,3.913388836
8206,0.983996033,15.96416147
8207,0.825660512,17.46680163
8208,0.919760929,11.74117262
8209,0.961540122,2.080078908
8210,0.991946562,3.92037765
8211,0.850791514,19.62887842
8212,0.811661425,9.88942444
8213,0.909026931,14.55500786
8214,0.874357887,19.63096212
8215,0.907758625,7.411158787
8216,0.91968387,13.03249391
8217,0.877817536,10.25956686
8218,0.931546426,9.784621751
8219,0.819091115,10.67297133
8220,0.962891981,0.212490935
8221,0.939570039,11.04361796
8222,0.955067143,6.167461133
8223,0.814526831,6.841951918
8224,0.85710528,16.8381924
8225,0.980931275,15.39105837
8226,0.999950944,0.200285147
8227,0.913012541,9.663674432
8228,0.977155784,13.6991324
8229,0.907015889,5.414534532
8230,0.987651215,6.286035174
8231,0.897098775,4.253049481
8232,0.913662136,11.4955105
8233,0.904006881,1.838218362
8234,0.990449064,5.117997976
8235,0.933344481,18.14023478
8236,0.856241251,8.912798972
8237,0.833440568,6.93182263
8238,0.947726286,6.046087177
8239,0.982231264,18.77533868
8240,0.852328523,5.184887735
8241,0.986094162,19.62744441
8242,0.929125061,9.379652668
8243,0.895882044,2.261765606
8244,0.835088517,1.794021002
8245,0.885411265,2.131505818
8246,0.882894246,1.786282281
8247,0.875302177,1.650805441
8248,0.928976787,7.442550122
8249,0.934723664,11.97623835
8250,0.812545896,3.696264072
8251,0.956838872,2.78965707
8252,0.878903762,3.726608924
8253,0.895013144,6.759385056
8254,0.897360811,17.90007832
8255,0.882927125,5.712105029
8256,0.891509874,15.72422425
8257,0.860709794,15.44168783
8258,0.985342727,10.09641084
8259,0.889498213,10.19530506
8260,0.979526905,12.1351371
8261,0.916849375,3.087851807
8262,0.885501817,15.3753961
8263,0.802760493,7.858546482
8264,0.870121839,7.551381061
8265,0.94763811,1.798533994
8266,0.915206879,16.20754271
8267,0.908145798,12.78975227
8268,0.85593965,11.91533148
8269,0.961715494,0.569314452
8270,0.981220649,2.398812348
8271,0.960041768,16.27791881
8272,0.954150687,17.06173475
8273,0.84801729,11.80530717
8274,0.903792081,12.620204
8275,0.928783583,4.906793493
8276,0.805523305,13.88832176
8277,0.932022336,8.778643602
8278,0.910319854,2.069356118
8279,0.867887362,8.895090144
8280,0.914611601,11.63189233
8281,0.804416914,1.923825625
8282,0.959814797,6.094239071
8283,0.910815838,12.12331631
8284,0.921486736,19.62364641
8285,0.869784425,9.924946388
8286,0.85394105,0.822398723
8287,0.980092175,17.51647755
8288,0.902784306,1.491780925
8289,0.818483955,8.228065521
8290,0.811667785,17.97125457
8291,0.804802776,13.77797968
8292,0.978066441,13.26813862
8293,0.809914692,19.56421189
8294,0.984600291,17.22915903
8295,0.863428433,10.03801447
8296,0.962038816,6.299374609
8297,0.944348135,19.64902918
8298,0.896810184,12.35214699
8299,0.862153181,18.72816851
8300,0.917683343,13.99914876
8301,0.936946025,0.218594115
8302,0.806693197,1.945195915
8303,0.973528468,12.35634577
8304,0.932085235,19.96251614
8305,0.836069549,16.47804643
8306,0.989307095,6.049363191
8307,0.812758174,13.370073
8308,0.977851893,11.15248108
8309,0.932694883,15.06454546
8310,0.986177413,16.34285714
8311,0.855420673,5.864784891
8312,0.820840623,10.68623725
8313,0.816401049,11.51235122
8314,0.874756969,8.465601831
8315,0.945569388,0.522824386
8316,0.965233467,5.669774457
8317,0.993142501,3.882523368
8318,0.980432048,15.38948648
8319,0.992450969,13.77741812
8320,0.880667533,12.84603422
8321,0.834340434,4.579996026
8322,0.818398748,16.73038179
8323,0.829449031,14.53777505
8324,0.853245579,1.092576746
8325,0.931489376,6.353087943
8326,0.888658573,5.494942791
8327,0.830633146,8.478284873
8328,0.805716479,15.80574182
8329,0.93904092,17.67346004
8330,0.969128048,11.91569406
8331,0.860146919,5.820947513
8332,0.967661877,1.485017252
8333,0.975853885,12.71644221
8334,0.882962474,11.25954509
8335,0.926404648,14.45345713
8336,0.884931274,16.00935576
8337,0.975552411,16.50869335
8338,0.85376696,18.75823054
8339,0.877301825,13.46131624
8340,0.957609446,2.57795179
8341,0.840308041,17.98754378
8342,0.908671608,4.672268791
8343,0.868651389,4.510453024
8344,0.81203391,18.41376699
8345,0.826786073,8.89937469
8346,0.97197251,2.42764371
8347,0.808711494,17.80424092
8348,0.959215235,4.257044325
8349,0.912329659,5.902975555
8350,0.977159439,7.49155565
8351,0.928856137,3.023820975
8352,0.877307102,13.12334055
8353,0.889904408,14.3028885
8354,0.823554034,12.9752159
8355,0.994069218,13.03806844
8356,0.81748163,18.93316354
8357,0.850231175,0.128853401
8358,0.829177207,5.321143605
8359,0.801203514,0.120800594
8360,0.927859591,18.10153164
8361,0.980394188,13.95135203
8362,0.832193753,13.0899871
8363,0.821018809,11.1583065
8364,0.849291676,16.74031739
8365,0.962935799,6.154205218
8366,0.817849485,6.57742198
8367,0.807931411,7.112421451
8368,0.864983526,13.26612599
8369,0.866560149,16.41133576
8370,0.938101343,19.44129818
8371,0.980866219,10.00698244
8372,0.801624723,0.492265753
8373,0.943169221,16.70828574
8374,0.996042492,9.418072562
8375,0.930055748,18.59042484
8376,0.927879969,14.59960655
8377,0.8728755,2.30459284
8378,0.833468678,1.822762425
8379,0.906068131,15.5286602
8380,0.962969395,0.040029956
8381,0.903256692,10.95998003
8382,0.962302828,12.62497268
8383,0.962654415,0.283710988
8384,0.810736482,0.40888033
8385,0.934848894,16.32934263
8386,0.955289089,10.30201562
8387,0.867854423,19.88277871
8388,0.919882718,14.80339542
8389,0.872426925,10.43034545
8390,0.915993842,2.603354232
8391,0.816847802,2.169458479
8392,0.885663683,11.87386465
8393,0.955064376,18.60650988
8394,0.836335035,5.328293757
8395,0.966729289,10.38172024
8396,0.844596507,10.07685821
8397,0.89614073,13.32046191
8398,0.916329281,15.13683107
8399,0.919878201,15.99613534
8400,0.845347149,3.351009541
8401,0.989750189,7.439070106
8402,0.914274738,7.787069957
8403,0.838905582,4.880268816
8404,0.960350466,18.26727228
8405,0.888103382,17.64522611
8406,0.996414888,19.07287728
8407,0.869963036,8.699150822
8408,0.958344896,2.122401021
8409,0.904127496,14.61010398
8410,0.886330176,2.887704982
8411,0.834378855,13.58337801
8412,0.975974294,14.75511376
8413,0.944866827,19.02070785
8414,0.95034563,16.38952679
8415,0.827674831,16.56512313
8416,0.935762705,9.878921515
8417,0.990431376,18.50328742
8418,0.825832572,2.576596528
8419,0.88103555,14.92126959
8420,0.856715732,19.20857019
8421,0.994744094,8.466016696
8422,0.993291678,5.885884757
8423,0.867204702,12.6946558
8424,0.889394778,1.964650306
8425,0.903350972,6.015249964
8426,0.811394926,3.991022146
8427,0.994348948,5.996281686
8428,0.873480639,12.85802373
8429,0.838497616,18.08330983
8430,0.855108499,2.45387804
8431,0.910309519,13.19518968
8432,0.870462527,0.619960798
8433,0.94085764,14.96096579
8434,0.969707405,11.02716334
8435,0.883465092,4.453919368
8436,0.997036561,13.10362583
8437,0.917389586,6.597694521
8438,0.978920432,12.44223933
8439,0.855818916,5.533601696
8440,0.941175459,7.67308264
8441,0.882532035,12.18080151
8442,0.914221537,3.40084476
8443,0.980468771,14.20106657
8444,0.883266882,11.08086028
8445,0.820705694,13.67859196
8446,0.832700194,12.94024711
8447,0.96486674,15.02916071
8448,0.89119833,0.017273222
8449,0.982434004,8.412463264
8450,0.807126702,11.0082944
8451,0.845127083,4.390355351
8452,0.985329154,6.860851311
8453,0.87662117,11.41515769
8454,0.997647106,17.41679439
8455,0.806939218,13.61732658
8456,0.860320251,0.85122902
8457,0.896891762,1.719986617
8458,0.951168748,4.265343636
8459,0.879506719,5.247774892
8460,0.88275383,16.29988608
8461,0.90506242,13.50532138
8462,0.995874795,14.31218554
8463,0.942551538,12.59894314
8464,0.841900484,9.404428505
8465,0.911216305,13.96471876
8466,0.886565121,2.319601152
8467,0.919233295,13.63817984
8468,0.856479263,19.69739276
8469,0.833058089,5.124354378
8470,0.896522062,16.41121113
8471,0.935741064,2.503054857
8472,0.993534143,8.215143181
8473,0.906155024,12.15221963
8474,0.897666078,5.159550219
8475,0.928916233,13.82205308
8476,0.939651746,2.659534118
8477,0.820721593,17.24710334
8478,0.870834083,6.662342963
8479,0.830309114,13.50841788
8480,0.855795488,5.774652035
8481,0.827289549,5.601547667
8482,0.998039705,18.21024496
8483,0.990024542,0.94013219
8484,0.829494276,12.17520292
8485,0.8162166,14.5027165
8486,0.943953642,13.7342841
8487,0.85491691,1.088361892
8488,0.88156174,3.520590457
8489,0.938910673,4.162554599
8490,0.916651325,0.127001197
8491,0.827911664,13.45518375
8492,0.871214841,1.988466971
8493,0.946375849,13.27207977
8494,0.821730138,19.25006215
8495,0.830623259,6.842702227
8496,0.974277852,18.89019257
8497,0.940117769,10.40870672
8498,0.872565056,5.981293426
8499,0.842010075,8.899868209
8500,0.869573048,13.27344225
8501,0.86731634,1.07514202
8502,0.815093669,5.11362058
8503,0.808163744,8.691184067
8504,0.934600567,18.47492955
8505,0.856717995,4.187137583
8506,0.975022327,1.508634446
8507,0.912789091,17.24271694
8508,0.835566345,10.99762696
8509,0.871252211,4.222884684
8510,0.959165994,2.452540509
8511,0.955566098,6.691207959
8512,0.922902516,18.76216448
8513,0.878716304,6.953714952
8514,0.810382358,6.238553172
8515,0.861657717,14.04663598
8516,0.814554339,17.54203145
8517,0.95509932,14.56631302
8518,0.875763956,18.16159707
8519,0.954677738,7.339745856
8520,0.965518098,14.79742737
8521,0.980897074,3.612023935
8522,0.828144131,19.55268462
8523,0.903918486,16.87095863
8524,0.829882687,15.74180732
8525,0.89921023,2.03471183
8526,0.847715402,4.273862803
8527,0.84629744,16.83254453
8528,0.818780801,13.48686095
8529,0.933651337,6.561444384
8530,0.960721416,18.80281516
8531,0.9773518,16.39346386
8532,0.918296998,9.273395922
8533,0.968603027,11.44343418
8534,0.809851656,17.81884324
8535,0.918819183,19.85236618
8536,0.897211706,2.74683834
8537,0.989776499,6.103343527
8538,0.928268645,16.45834348
8539,0.9861958,2.773593696
8540,0.827276343,11.38265001
8541,0.927245883,7.289312481
8542,0.814619283,0.554541997
8543,0.872101671,11.47157356
8544,0.893798798,10.46210504
8545,0.931008451,1.885976569
8546,0.971806917,6.785538817
8547,0.98063387,3.02787954
8548,0.914474673,11.15007496
8549,0.855896774,12.61309899
8550,0.934240467,11.42565687
8551,0.870207396,6.272480027
8552,0.945563468,7.198945493
8553,0.802133162,4.954261903
8554,0.859868785,11.07675767
8555,0.989285077,14.71318854
8556,0.820269109,18.74344539
8557,0.984642196,11.47031047
8558,0.899583715,4.33567149
8559,0.951177919,18.8212889
8560,0.837811409,19.89547353
8561,0.982593032,6.331829904
8562,0.928486164,5.52952244
8563,0.971471016,10.51982502
8564,0.972807431,15.02754381
8565,0.807776465,0.166183173
8566,0.8116716,17.26773094
8567,0.821890738,15.07729609
8568,0.91309402,2.618739239
8569,0.822975321,19.1297048
8570,0.869134224,7.288036632
8571,0.864623743,3.314154555
8572,0.891659689,2.035907245
8573,0.97173355,5.139647371
8574,0.978410929,2.130031881
8575,0.803013872,1.054668353
8576,0.814758872,12.15576491
8577,0.966389122,4.066355452
8578,0.840939607,0.515450688
8579,0.86125577,5.040577073
8580,0.920803065,19.36348356
8581,0.806356986,6.90463354
8582,0.872966663,16.87656152
8583,0.932456297,5.694913959
8584,0.876003352,9.702186687
8585,0.803686659,19.84678598
8586,0.980187168,18.47699421
8587,0.867470825,14.85416901
8588,0.812897855,18.72286391
8589,0.80652632,4.237058277
8590,0.988138921,11.54485419
8591,0.845818723,17.28233607
8592,0.918602828,10.77920928
8593,0.913277831,0.999164942
8594,0.865447962,15.12746127
8595,0.993076264,5.336492864
8596,0.856763654,10.68607112
8597,0.841582321,19.74031387
8598,0.973129377,14.77409766
8599,0.824872221,9.899896321
8600,0.862089907,17.16773773
8601,0.921165913,7.062073211
8602,0.902815167,14.39785499
8603,0.959379172,13.87172994
8604,0.876534339,7.727990427
8605,0.93428681,1.684121742
8606,0.830482264,18.33234947
8607,0.800316437,16.52118879
8608,0.980344438,16.91542638
8609,0.895252345,1.298468334
8610,0.917905442,18.21000571
8611,0.841832074,16.63114051
8612,0.884926243,2.573199742
8613,0.869534283,4.667220557
8614,0.980875027,16.89187311
8615,0.856163136,11.52024413
8616,0.859632614,11.11781565
8617,0.997013459,6.428814417
8618,0.802740038,15.97851772
8619,0.826825152,1.660276176
8620,0.82278141,18.28790247
8621,0.832451856,5.410988475
8622,0.804030238,12.65093422
8623,0.866224198,2.871870858
8624,0.993095841,4.556830004
8625,0.839943533,4.857171143
8626,0.808832249,5.716303637
8627,0.81043692,17.8041911
8628,0.984608609,11.79130889
8629,0.992869153,10.55426111
8630,0.896875317,14.54545662
8631,0.805900671,16.99156726
8632,0.89928698,5.414694231
8633,0.926241558,7.372680035
8634,0.846341847,6.325490383
8635,0.847838536,1.793517142
8636,0.967742151,17.34988602
8637,0.927219826,9.234224994
8638,0.845780099,14.53146961
8639,0.927745872,11.72531992
8640,0.997688768,16.11850009
8641,0.826385489,7.33554332
8642,0.926099763,10.87484409
8643,0.983907511,19.96720691
8644,0.970706396,3.800609522
8645,0.903916051,13.66054829
8646,0.911244467,13.02353953
8647,0.857813218,12.61060718
8648,0.863742473,1.827415963
8649,0.958348194,18.49777552
8650,0.941746349,4.341877447
8651,0.986016686,13.97011259
8652,0.910372633,9.471925204
8653,0.876050446,1.949686056
8654,0.868709983,0.165061311
8655,0.844485111,4.294862002
8656,0.996032131,10.66991818
8657,0.856096199,18.45503144
8658,0.892456261,11.36297296
8659,0.87780997,0.760750695
8660,0.944144732,0.231591229
8661,0.947117038,8.691529926
8662,0.84552186,15.58393148
8663,0.860259918,8.940218597
8664,0.826456609,17.49445245
8665,0.978557377,8.058579142
8666,0.84775706,5.164015374
8667,0.843000479,13.16497769
8668,0.812871641,6.755692306
8669,0.876767396,3.080891851
8670,0.836044837,2.205769571
8671,0.946559838,10.13605136
8672,0.977337954,0.965031293
8673,0.955497818,12.56104002
8674,0.974315647,12.757836
8675,0.938839899,7.80921326
8676,0.931583117,5.72802253
8677,0.953563626,3.386276038
8678,0.839677179,15.17593127
8679,0.905741809,14.96591647
8680,0.92011337,12.80123498
8681,0.81994153,15.49188916
8682,0.918564724,15.94917977
8683,0.854347829,16.21194675
8684,0.972403849,9.371149014
8685,0.992658175,18.35750671
8686,0.974425268,2.310438436
8687,0.841996261,12.66578751
8688,0.845760476,12.69587455
8689,0.90909751,19.2540806
8690,0.965014845,9.485800093
8691,0.887182239,1.20203164
8692,0.89855154,15.06952806
8693,0.99981085,12.73315271
8694,0.871343742,12.39014359
8695,0.992920596,6.243510931
8696,0.84069854,8.355423199
8697,0.867344592,4.963705507
8698,0.828576767,16.3056222
8699,0.962993636,4.150469925
8700,0.91655648,11.99104363
8701,0.833778194,8.163917487
8702,0.958454727,2.41544138
8703,0.824175766,1.606854949
8704,0.908961797,12.85756609
8705,0.838486442,10.21312287
8706,0.886315723,5.486519487
8707,0.940252516,6.895830345
8708,0.980602984,14.49996382
8709,0.845089759,1.585932374
8710,0.856894671,5.808310862
8711,0.879101966,10.00711754
8712,0.965181948,5.138059955
8713,0.837820593,15.84374379
8714,0.833073466,19.38499607
8715,0.964392739,17.52653325
8716,0.925610092,11.09967407
8717,0.803376047,4.342995527
8718,0.823495457,17.33114267
8719,0.918580101,13.29668398
8720,0.865502071,15.29238823
8721,0.812495172,9.516407789
8722,0.869025064,10.1764961
8723,0.890788879,1.652125313
8724,0.967360621,4.967735455
8725,0.919075238,2.902385224
8726,0.903257045,4.174466304
8727,0.984245159,6.220232922
8728,0.85940482,0.643190943
8729,0.907985943,4.59680772
8730,0.97179545,11.33293646
8731,0.81499389,17.31145246
8732,0.908327704,8.356313884
8733,0.944883807,12.10227912
8734,0.841693756,7.367123694
8735,0.965001576,0.780311389
8736,0.961938038,18.04276158
8737,0.803410847,13.50311839
8738,0.819421219,1.007254483
8739,0.984391567,19.33176458
8740,0.843664452,19.34190934
8741,0.935449458,15.70020906
8742,0.934909641,15.27115649
8743,0.93804418,9.727081616
8744,0.802730597,18.83906914
8745,0.91838408,16.38293827
8746,0.943462482,6.244949724
8747,0.833724584,10.87863687
8748,0.908171403,11.85214785
8749,0.906962747,1.123821225
8750,0.906111541,7.674937227
8751,0.854285119,13.4188648
8752,0.979976262,1.583800325
8753,0.832375861,5.859192195
8754,0.834249606,8.959000858
8755,0.885798884,0.526355252
8756,0.845088477,14.90518681
8757,0.924802557,1.247871799
8758,0.851278042,1.371704385
8759,0.910971553,11.17940887
8760,0.917579376,1.020648276
