stage_id,S1,S1,S1
hub_id,H1,H1,H1
tech_id,X3,X3,X3
profile_key,cop,temp_heat_out,temp_heat_in
1,2.240395898,73.22907797,40.487131
2,3.208260278,78.43448421,57.52436469
3,2.15025798,76.91878692,55.20863188
4,2.618672522,67.46484873,55.07312469
5,1.634100756,78.45856506,47.62172157
6,2.814967491,65.96128912,56.83964889
7,2.386729314,60.18892311,47.7591636
8,3.508733667,67.74644347,50.44181582
9,2.315143533,74.44969871,48.9995896
10,1.950195524,61.14667325,42.63347134
11,2.62013075,71.54472359,53.53597809
12,3.284927505,79.66739496,42.96500718
13,2.378155433,79.83754315,58.22215877
14,3.285323006,70.72983662,51.94797113
15,1.755256228,69.78035039,42.93314283
16,3.220944077,66.61736318,40.73726447
17,2.740372805,72.13987115,51.49516686
18,2.891733093,64.61495077,40.19637649
19,3.559133262,77.07551672,48.43807405
20,3.593199072,62.1326264,55.96124644
21,3.20719524,72.3430711,49.51730675
22,2.780481154,71.52780904,42.89829219
23,2.842573135,69.80742609,51.74433974
24,2.717936798,61.99144353,54.14891916
25,3.372315035,66.88308829,41.5383803
26,1.574601041,77.2157392,55.43295504
27,3.352475998,62.11848868,58.16951752
28,2.970751959,67.57006468,50.16346368
29,1.630172753,65.66967098,45.96630136
30,3.433367476,67.52069699,54.21854846
31,3.51407452,72.35360938,58.17111123
32,1.815018643,78.51800786,50.2807341
33,3.070119176,74.79934001,57.56387519
34,2.27903568,65.91275845,58.48551331
35,3.256094143,61.5781705,50.5820602
36,3.770022512,75.83404982,57.64607798
37,3.754923958,76.14113929,44.82961344
38,3.785782583,76.91786716,52.9361604
39,2.580851736,66.24091294,49.74372144
40,3.477017196,62.50002065,59.42942545
41,1.886343746,77.02169099,53.7917925
42,2.914197909,67.11445534,52.62584817
43,2.849421955,74.66105995,46.44109932
44,1.769774391,61.16982044,52.328749
45,3.491837554,69.21164664,48.44131648
46,2.336063973,60.63607359,50.55508648
47,2.882236149,64.51016713,52.11160712
48,3.476257957,78.5808433,57.232167
49,2.8766564,61.18589965,52.11588927
50,2.847663623,68.4848525,54.24669297
51,2.49970898,79.10006629,54.44539463
52,2.627177411,63.26613221,46.49872248
53,1.747598787,79.67906959,52.83043006
54,1.718499487,69.91099248,46.68503524
55,1.657186939,65.82140457,56.79821117
56,2.792000171,68.0943379,50.07960517
57,2.263128857,69.50338121,43.81250105
58,2.841924781,75.68889244,59.85215145
59,3.310633856,65.76915986,54.49955373
60,2.577985797,68.61368444,44.88719654
61,3.025616457,76.53792637,54.28604128
62,3.429967504,61.79825963,50.59890099
63,2.513796167,76.47938255,42.37841377
64,3.811482149,74.70310434,50.08847018
65,2.100318666,78.11460907,44.90901436
66,1.524341598,77.41890715,49.10107657
67,2.800660406,60.36607876,45.92385207
68,1.781915522,70.87700547,56.40543775
69,2.954827146,64.32495912,45.99161769
70,3.553943889,69.46117536,55.29745056
71,2.887301471,69.8705469,51.62741373
72,2.815225905,71.46512435,46.09430122
73,2.70221826,62.5159706,58.37884903
74,1.966635456,69.47506903,59.04553675
75,2.691679068,79.62082563,42.61438052
76,3.898540289,72.01569216,52.53203467
77,2.301789464,72.38021746,56.51875394
78,2.52457061,77.28258129,54.84624715
79,2.529799753,65.11974953,50.10982863
80,2.728352637,60.1845547,50.60218646
81,2.407112154,60.46636112,52.1097027
82,1.873723948,63.05297563,44.60051191
83,3.99534591,62.5724,49.25211204
84,2.025977894,76.71531536,54.97238828
85,2.565128272,61.27796393,53.15965473
86,1.950925221,75.776399,47.24450044
87,3.885258285,62.58818285,55.7434742
88,1.889925126,71.15785173,48.18689151
89,3.17360922,60.34811822,41.24684666
90,3.581468656,75.13788359,53.54203419
91,3.627931532,75.18493858,53.04904538
92,3.693544872,67.53902645,55.08723015
93,2.954927185,71.25374231,56.13803757
94,1.694099548,67.45345652,49.65886077
95,1.872931439,67.72746125,56.51852931
96,3.142547688,64.47090439,46.11756701
97,2.137143314,75.60411417,47.71468912
98,2.776445795,70.51021127,59.08972827
99,3.17588285,63.77534317,41.55412797
100,3.686551469,77.36720665,40.24344496
101,2.620120338,75.45056094,40.69900769
102,1.842032552,71.35046833,46.17329008
103,3.260528323,71.39831052,59.08210981
104,3.542080384,72.40960709,51.77955061
105,1.677226918,73.51790592,50.95389637
106,3.959978376,79.34400685,43.97393244
107,2.817198507,76.36139654,59.50331606
108,3.067072411,70.49266333,45.92114475
109,2.251736629,70.66732084,59.68612368
110,3.769209321,79.11874824,54.99232031
111,2.291499828,62.10546414,47.20198762
112,3.336402605,64.7484112,40.43040887
113,2.795879459,68.52807716,55.80371366
114,3.261008727,71.6257789,59.20488839
115,3.619126307,61.80141814,47.06070407
116,2.878546798,69.1864181,48.56756526
117,2.377465402,67.49443213,42.6851787
118,3.753526844,73.88616969,57.13637204
119,3.148295597,66.73223912,40.99499685
120,3.428160033,67.54631217,51.78546676
121,1.785664252,74.15724048,42.53535549
122,3.540260231,64.6326147,40.09339693
123,3.291612359,74.46223909,42.03940419
124,3.453337155,70.32463929,41.41379422
125,2.529049309,78.05040905,50.49979659
126,2.67189216,70.59558791,57.83975418
127,3.720739098,67.04986489,47.75318592
128,2.405866336,69.07824581,54.98236598
129,2.459832217,66.06743554,54.89342036
130,2.08978771,67.09279757,59.00771264
131,2.633047284,69.51798132,49.20314309
132,2.984197235,63.46824344,46.30405981
133,3.571334048,78.03202955,49.82152615
134,3.160882163,66.99689478,47.55967826
135,3.371314794,79.86368026,51.90627319
136,2.999944327,63.85169207,41.35656621
137,3.750301673,62.57209646,56.00006395
138,2.135030103,78.20936871,44.73058845
139,3.558050557,62.33690078,47.71329609
140,2.112883844,67.81470639,50.7047816
141,3.119576031,75.81799032,51.67420932
142,2.098106222,63.14521929,59.28314
143,2.19881982,64.72553723,43.34312439
144,3.682498575,66.35582625,49.23603661
145,2.957508224,64.11251407,57.8649978
146,3.8237905,63.51669661,55.6687349
147,2.251936663,66.7113079,48.03079164
148,1.668657924,68.62094316,41.4100383
149,1.885096137,72.35613443,40.60532073
150,2.915912722,74.09839617,45.2733378
151,2.0140423,77.23348507,47.16079164
152,2.783966767,61.47857105,59.16814843
153,3.152658863,60.02703337,41.71713727
154,3.23827389,69.30508936,55.25930483
155,3.435500414,69.03341083,40.89631162
156,1.889431351,76.10884651,49.23965129
157,2.374068608,67.99122591,45.67502513
158,3.934748008,72.20273861,55.21405505
159,3.98784448,66.24147069,43.12182913
160,2.732155373,75.93570889,48.78471439
161,2.0896055,72.37571945,55.05846652
162,2.473924401,75.03511979,46.82642819
163,3.195336815,63.77533194,48.21321869
164,2.30336983,69.08555975,50.55999469
165,1.869369587,60.51983745,47.49907247
166,2.718883874,74.29451993,43.25326694
167,1.596422998,71.47655593,47.5274732
168,3.653307561,63.21953337,51.891742
169,3.566684932,75.69243052,45.28101277
170,2.577257901,64.79649567,44.28316062
171,2.264240963,73.99274482,54.78797369
172,2.60733428,79.25559505,47.29098017
173,3.757675821,70.1656856,52.74775184
174,2.538054865,77.74765976,47.26338657
175,3.292518675,79.43406122,57.10340305
176,1.836953739,73.01907215,41.32378067
177,2.83494518,78.36504142,47.52129763
178,2.939888739,60.94586497,50.97109002
179,2.457319022,67.58927359,49.33705336
180,2.718241513,77.21976148,45.53313618
181,3.463462402,71.20103087,42.18814414
182,1.504530318,70.68276161,42.06048196
183,3.677854205,79.49437829,57.66572379
184,2.6199526,63.99619664,42.68594716
185,2.067025637,67.12359047,49.67488612
186,1.82887661,68.7652557,44.89353117
187,3.639890593,74.12801737,43.3797465
188,2.549438787,64.32544221,44.43651251
189,1.904123913,75.3770148,44.0437711
190,3.362307489,77.05156998,53.69311535
191,3.71754502,79.12151774,51.47753407
192,2.40031412,67.12189765,54.75771431
193,3.961559621,66.33871972,49.42872512
194,3.023030655,79.43385405,46.7602013
195,3.363389907,74.89775109,45.03107812
196,3.11511373,66.88880567,50.09339644
197,3.882635491,72.27701218,41.61069749
198,1.571019326,72.60038124,46.62541571
199,3.277667216,75.88701584,52.21359598
200,3.675854066,60.70183949,48.76637223
201,3.956052409,61.44040362,47.41282605
202,3.487044985,60.95631504,49.94793388
203,3.147114815,67.66076907,59.61861571
204,2.849176337,60.24992484,59.80122764
205,2.741856859,70.42665358,51.59801879
206,2.040383277,64.32896757,40.04557883
207,2.058172203,76.6502328,52.95020874
208,1.946494959,61.03076733,48.63309163
209,3.703512957,67.39959625,54.94277293
210,2.907730215,74.29407846,56.39863417
211,1.625791968,63.75691778,46.48331489
212,1.631172299,66.53326499,45.02095491
213,2.80117902,69.15694846,46.87541158
214,2.59325745,60.22287852,59.55139899
215,2.350346711,61.87220476,40.48798676
216,1.934069296,63.28630487,53.6370801
217,3.966469094,69.68365862,48.62494822
218,2.236621414,74.72450134,48.84754546
219,2.730195544,65.34080612,57.84576075
220,3.459169622,79.62296659,51.42016133
221,2.352469151,65.19665808,58.03260299
222,3.251891459,76.80924945,54.45290592
223,2.639071271,63.21808917,48.17469748
224,3.203401674,61.16704821,41.46351109
225,2.297478586,61.50436762,41.46424712
226,2.890122951,60.58833795,47.7295244
227,2.696520823,63.61371383,42.38260177
228,3.091514644,65.97862957,46.54474588
229,1.969063647,77.92458625,51.56266794
230,2.846799237,72.17077565,40.20153451
231,2.653238073,62.47470415,47.28268182
232,1.891385202,70.95739475,59.19929077
233,2.936218487,79.00678195,49.03698354
234,2.780577174,78.87543074,46.07729503
235,3.700788231,63.40459637,57.18651623
236,2.72976687,62.68567145,57.54551802
237,1.516579854,64.52108918,44.0103408
238,1.991635475,72.83554293,49.26873332
239,2.560507512,64.37216038,40.59017681
240,1.556886689,67.34037647,59.78107961
241,1.527837397,73.8799172,56.83885196
242,3.960238715,74.05799599,53.98759494
243,3.29893144,78.60833626,51.87516908
244,1.908638887,78.52158343,55.15679217
245,3.371717046,73.66055734,47.69093154
246,3.59709121,62.95548828,48.31846181
247,3.59465124,61.10054302,52.40571298
248,3.305928047,77.20332424,45.35655681
249,2.177644368,63.96200435,58.56771354
250,1.785708906,76.28276098,55.10509029
251,2.374062489,71.40723441,58.1858287
252,2.923872212,73.67095475,43.58720054
253,3.402166607,61.41298068,42.15236454
254,2.941197318,72.42452573,49.73266857
255,1.843252509,62.15162949,53.84475779
256,2.222131186,72.19474586,45.60251465
257,1.954335806,63.29778802,42.64719808
258,3.242521244,64.32529295,56.13506653
259,3.875897482,62.59261134,45.34676478
260,1.880445135,60.8133246,59.02049109
261,3.753259338,74.04306455,41.25259736
262,2.702247117,61.37206953,50.55156406
263,3.140950909,62.48288993,48.18331093
264,3.803516297,77.19648276,40.96215635
265,3.987184597,72.80849644,48.23163328
266,2.194552659,79.29785609,42.11580297
267,3.646037598,70.02956254,47.13766703
268,3.08714432,65.11651745,55.92367102
269,3.872712997,79.19161275,56.90915407
270,1.979830858,76.83066647,48.45137452
271,3.647804743,66.18387998,47.92415019
272,2.32740681,73.83021566,52.14930336
273,3.974553126,72.26625787,46.28439423
274,2.80791802,61.44222975,59.49618383
275,3.262826636,70.29401138,49.96728208
276,1.962047421,77.83082827,54.15528936
277,1.733575101,71.29184171,55.28750343
278,3.577017978,67.25756435,50.43492634
279,3.838623936,69.13494311,54.6269615
280,2.023348369,72.04711249,49.26642407
281,1.936645416,76.23415714,57.93027329
282,1.55258678,65.26580538,47.41751145
283,2.821203295,72.94419897,51.51717998
284,2.799804642,75.44493644,54.78599423
285,3.175240298,79.08466769,54.26160251
286,2.659887513,79.86245802,52.657126
287,3.789890584,65.12655988,59.52501163
288,2.165028942,70.02527211,43.12486401
289,3.533016442,76.44444875,46.74959596
290,2.372169892,76.13825704,45.78778461
291,1.669763879,60.46613339,54.45033657
292,2.701739525,69.22367883,47.09869201
293,2.736840467,77.46300567,57.87859288
294,3.687980132,66.03725381,44.20397508
295,3.481423762,61.93122294,49.65736574
296,3.442779534,65.95355652,40.44557894
297,3.055542196,70.16769362,41.52055274
298,2.959940567,65.21664146,58.83610156
299,2.046572977,72.45678916,44.05487952
300,3.657477875,76.90238856,57.10486307
301,2.146507491,65.87479832,41.00167511
302,2.738833243,70.1246058,53.96473441
303,3.01800942,74.05668598,43.43608058
304,1.91501032,61.10500638,43.87998341
305,3.498563296,61.84406533,56.14278558
306,3.380627572,75.03343182,41.53575773
307,2.663995783,73.00839357,47.87443657
308,2.160037881,69.10074334,59.82313571
309,3.250971948,79.61512095,54.14640192
310,2.578980011,75.6954344,58.84687377
311,2.248748154,71.68152818,43.65306783
312,3.417851576,64.6723547,56.80604826
313,2.63809745,77.30576448,41.27930654
314,2.226202993,61.85492334,45.45043846
315,3.136712237,73.35299726,58.54714167
316,3.86269706,70.16026833,53.90936276
317,3.996937741,71.52564446,56.44457091
318,1.626056123,79.57970514,52.87931703
319,3.908372556,72.03819769,53.85175456
320,3.366556567,79.22224282,46.74142322
321,3.446027477,77.04540946,49.43767052
322,2.416144611,75.26206337,46.43049459
323,2.68107405,73.15924564,56.57183388
324,2.56025019,77.1694232,43.07090722
325,2.756523923,66.387781,46.24108446
326,1.994586829,69.54098276,55.87334524
327,3.055652037,69.19791164,41.13992242
328,1.535545811,73.3017586,45.89499595
329,2.780768507,60.89923889,58.63771933
330,1.821662787,72.18998474,56.66606951
331,2.876122936,65.03833021,53.28024659
332,3.983140207,60.03778594,55.95576319
333,3.820244395,65.58338136,49.15340671
334,3.419139698,76.01307703,51.72414803
335,2.29668782,73.55001046,59.37275545
336,3.354891909,67.94878888,42.57532419
337,3.020759103,64.15704536,58.60045538
338,3.918783181,73.47458773,52.99353394
339,3.863732661,69.07935644,44.81179045
340,1.568518539,71.35868088,54.33946498
341,3.538793467,66.88782097,49.63656661
342,2.9432299,74.05442198,50.77315339
343,3.700883123,63.84960275,56.10961989
344,3.85340194,65.9932827,57.92117075
345,3.701268647,71.72882745,58.24533703
346,2.702183698,76.38993586,43.0769319
347,1.746593977,78.52641959,44.21257524
348,2.225387906,62.02177526,50.51625027
349,3.570981259,79.16899757,40.70714788
350,2.95837357,68.85802844,47.09612382
351,2.413791451,71.18984559,59.30791727
352,1.594895939,74.96529737,59.57706375
353,1.770146758,76.57126834,52.55219056
354,3.869887392,71.53242719,55.97294585
355,2.949451331,73.76238625,42.53922745
356,3.852154906,73.5833197,49.17625165
357,1.5077187,68.21740553,48.62164364
358,1.981980918,64.46780963,43.45714898
359,2.909341322,63.19648623,43.48814858
360,2.772319791,64.97385787,50.6346504
361,3.223872036,73.02196623,51.12708863
362,2.560360626,62.29336106,43.2483508
363,3.721221626,63.64323251,47.71729805
364,3.745135936,61.59339142,56.54483138
365,3.371985948,71.04127137,40.55060359
366,3.614153057,63.96170033,42.13055628
367,1.503698261,60.65407438,48.5247681
368,2.388401752,78.86955897,53.06134326
369,2.143021291,75.0290516,55.97712427
370,3.844633434,74.91466375,45.17196759
371,1.563597964,61.77721575,48.0201014
372,3.260864663,73.1938326,57.84100617
373,2.478143369,62.79821553,57.20639213
374,3.053966466,68.16420207,58.58739202
375,3.629972962,79.66981747,43.3088319
376,3.708777684,78.62470483,40.07726342
377,2.286740699,75.12407405,56.29973744
378,2.039577159,66.16434666,58.09877182
379,1.719318743,70.90722302,49.74467951
380,3.990542425,78.15276609,46.89392503
381,1.9603521,62.33289236,59.05661661
382,3.516638083,69.67721718,41.33501282
383,3.509388535,78.29943476,54.46473938
384,3.380147625,65.21752703,53.29679234
385,2.629096531,66.51497248,42.46930784
386,1.955880084,65.43651852,54.29528947
387,3.313064125,72.94711176,41.0921946
388,1.854793338,66.51803196,52.82766862
389,3.705803039,71.76451486,55.11557748
390,1.743492959,64.50327589,47.06708594
391,2.759946899,75.2275735,47.92457519
392,3.751096364,78.30596285,58.89701154
393,2.033826037,67.38514024,44.30738761
394,3.970157303,79.47150918,41.46940431
395,2.368496799,69.17379105,43.53442015
396,1.679888587,68.51785529,52.9834566
397,3.134727749,61.49271659,53.79082182
398,2.098969516,62.88001806,57.75843909
399,3.58225524,61.00400548,47.28459324
400,1.533745896,60.42317984,45.03907668
401,2.073706242,71.67657703,57.61778392
402,2.646397759,61.97411896,40.35475355
403,3.279271704,60.89542463,50.60782454
404,2.583197496,78.05060344,58.13243349
405,3.699685838,77.72941898,42.72984911
406,3.096845489,65.01934665,53.78328117
407,2.03449095,64.30261015,54.33411135
408,3.405878445,72.45935697,42.60004453
409,3.938252635,69.82693458,57.26532471
410,3.58855644,63.06978611,52.66621269
411,3.57161234,60.69215263,46.31157372
412,2.583529196,70.99018361,50.64658375
413,1.701251402,65.35092107,58.06539722
414,3.646481853,72.09707869,59.26173882
415,2.846786496,70.46908318,43.93669856
416,2.538074079,69.38478974,44.75080216
417,2.561389387,71.86404886,48.91634748
418,2.375885383,66.04738764,46.46204774
419,3.365483743,70.31736285,48.65236885
420,2.957623064,74.95580371,40.05867505
421,1.544785914,76.91079882,45.34239964
422,2.839175018,75.41905258,41.35441312
423,3.393823986,75.93250197,55.86677124
424,1.727822269,65.78415625,45.3229536
425,3.585982231,75.79318614,47.74353961
426,3.48451267,63.86662079,52.57296365
427,2.696478786,78.22255067,55.26455103
428,1.590394049,63.81694458,59.47824607
429,2.800109355,60.27125259,47.49957472
430,1.762213729,65.75670383,51.12874901
431,3.960828101,65.32865394,51.65208069
432,1.972711145,62.1468236,52.64463029
433,3.060476854,70.32246298,58.9133999
434,2.664055852,76.73584862,53.33147034
435,2.896517941,67.7859248,54.00394865
436,2.624403051,70.32668051,41.68342667
437,3.362020385,73.30098046,50.25555909
438,2.315282082,70.24231361,49.76087917
439,3.685986952,78.04148271,56.04401848
440,2.257411476,63.82365613,47.43929694
441,2.010957982,72.81131944,54.98389452
442,1.688868575,77.45313425,48.75982174
443,3.254407138,68.11609051,57.7800933
444,2.273230119,68.94629824,44.61902987
445,3.111712593,76.50242665,55.56634666
446,1.788813439,60.19716964,58.49331068
447,3.864979192,73.69147711,49.004052
448,3.584673438,70.13012855,57.77015408
449,2.775644954,65.41259349,43.84055013
450,2.896925537,63.84719941,51.98489535
451,1.741010832,68.64602535,55.447356
452,2.269043118,63.08724382,50.25998774
453,2.948687517,65.91309535,59.37020021
454,3.934919009,63.05086244,58.57097665
455,2.412598449,68.83893982,55.12777842
456,3.858139109,68.86294818,41.8103695
457,1.604081961,66.95053314,59.11372954
458,3.949657451,60.17051549,48.15480628
459,1.878098843,66.4319486,44.08424324
460,2.906996997,72.0109469,40.67386435
461,2.698517513,71.81954923,59.37542902
462,3.54551749,77.00437877,55.02600607
463,3.0668314,70.06809911,58.97362941
464,2.170003755,75.0186877,51.30159345
465,2.052247146,75.64471394,44.9395272
466,2.563480716,71.37212727,42.2175971
467,3.637194114,70.23238691,46.99831969
468,2.113350975,61.4093821,48.54720468
469,3.581570078,73.58505853,53.46436294
470,2.502102477,66.96148065,56.91942997
471,3.636833515,66.88386095,41.31555154
472,3.687800652,71.35987648,48.78974935
473,1.931742458,63.017564,48.66344971
474,3.974245542,64.14565404,52.60929368
475,1.985130524,72.96238147,47.87064119
476,3.163226567,73.83057994,51.12430129
477,3.969965703,77.71427272,50.10440894
478,2.506839456,65.4161295,44.18311455
479,1.711323116,66.1178373,55.74769444
480,2.330112807,62.97957738,47.29785628
481,2.657310986,67.4309251,54.76862895
482,2.109722718,76.20522812,59.2787562
483,3.011011592,74.00020106,59.7735146
484,2.052968598,63.84352825,41.13401511
485,3.574407748,63.51181335,40.42013344
486,2.250028211,77.72904762,46.26415427
487,2.604242,63.03111682,56.57926986
488,1.747688251,65.76151874,41.67488158
489,2.653659948,63.20783296,46.66512315
490,2.461557968,77.65898652,52.1706692
491,2.254400746,76.92075024,46.4846768
492,2.772996476,68.29216245,43.09248068
493,3.991760702,70.46265427,47.77191331
494,1.887225407,72.56393393,46.60270466
495,3.418575186,76.23575894,51.76893109
496,1.745173277,77.6915533,54.02244482
497,3.402865745,64.79825375,48.12144232
498,3.782122685,63.06348059,41.56613232
499,2.567404263,64.71761786,41.88527801
500,3.886387595,70.70312206,53.07354112
501,2.033665289,60.37499236,42.56696804
502,3.478359686,70.83429257,59.81562348
503,1.584271235,76.71570769,48.51888493
504,2.98066342,65.42050901,58.619978
505,2.057507204,60.7757799,46.56766678
506,2.683488995,76.63603084,59.88087125
507,3.555949807,66.9788287,43.91538908
508,2.903482486,78.52344081,52.88763598
509,1.767588942,63.59707917,59.08287732
510,2.47740213,64.75714434,50.52429192
511,3.469305163,75.94695548,48.04667688
512,3.50904826,62.23123778,53.92831621
513,2.066632989,69.4663916,46.88486515
514,3.925441993,77.33426363,54.88375743
515,3.743620447,67.83410759,59.91141461
516,3.574177198,72.44545703,50.27959913
517,2.687437435,72.1020785,49.65963466
518,1.824183747,74.10801151,45.04728165
519,2.898287208,74.95739729,40.63987797
520,2.337038505,79.23422488,42.41850319
521,2.769455615,76.14244472,59.34221668
522,1.572169376,62.98335455,48.09840517
523,3.463063021,76.84883783,56.06450224
524,2.956451936,64.88136329,49.41715308
525,2.747148882,78.98195569,45.39391133
526,3.298777529,66.44534693,51.82294767
527,2.689834362,63.49959253,58.02302632
528,1.894468658,70.55854632,44.65150523
529,2.27578669,73.02205976,46.36226531
530,3.481116032,69.47684027,48.86341033
531,3.089127003,67.12271145,44.91598056
532,2.649319287,70.32363911,46.0679699
533,3.673312112,74.7567658,47.83087646
534,1.607078225,74.97308379,45.59257904
535,3.880361559,69.0137907,56.93639786
536,1.626328673,69.38611669,54.67803424
537,3.143336211,73.26080046,48.66054784
538,3.692512387,77.37953314,52.48374021
539,2.384233871,72.48995441,59.66360203
540,2.676128825,69.786068,46.79336984
541,2.724081262,67.44796813,57.47796291
542,1.580121402,78.05258005,58.67472984
543,2.644356551,75.60102896,51.7068955
544,3.994265027,71.30593421,53.80900459
545,2.306567579,73.62148615,51.4787723
546,3.998056883,60.75257632,54.03098171
547,3.380703924,77.90118928,53.06605978
548,2.928965424,76.41190892,50.57976903
549,2.051924566,70.72398174,48.0499515
550,3.90829456,61.16121288,48.30896008
551,3.355997535,72.27158411,40.59485256
552,2.90743112,66.39025026,57.43391882
553,3.783679276,75.73870536,50.83542229
554,2.641426448,72.52985197,55.73146201
555,3.231396738,73.27452653,55.47816506
556,3.720650244,70.12051354,46.88558323
557,3.079955194,62.54186598,55.23373734
558,2.922811304,75.86030527,53.32575477
559,3.101616327,64.19143807,51.34688937
560,3.964236052,73.75789121,51.5704703
561,1.985512771,69.45917861,59.10648124
562,1.747148369,60.37814781,56.10599406
563,1.628987442,75.54159552,51.03513497
564,2.914394829,73.06830686,51.0096085
565,3.476273908,64.82419407,59.90766291
566,3.19015131,77.17011244,59.91497468
567,1.769921047,64.95054457,55.23901567
568,1.961736595,76.93657286,57.24346428
569,1.819616792,64.19057129,45.57738748
570,2.281395266,64.96515775,49.17967589
571,3.014932981,67.99197473,56.21840672
572,3.984404803,68.21673532,49.26448812
573,3.093178447,71.82325311,46.82319701
574,3.426200058,78.25295195,59.19380415
575,1.734087334,64.96207944,57.50338797
576,2.920722026,60.73252223,47.55293417
577,2.032453491,67.16116753,45.21735356
578,3.237139751,74.27359476,53.7117588
579,3.436008004,67.80059992,41.40310407
580,2.210890996,71.37678824,44.52763772
581,2.976747661,60.4548209,40.83985266
582,3.202229189,70.13662498,53.76547276
583,3.059721523,64.63549678,53.613141
584,3.790920477,69.82523835,46.40984773
585,2.745747855,67.12006602,54.83375079
586,3.801386393,60.38772375,49.50974301
587,3.84751759,77.67214057,55.4127209
588,3.889907495,74.90074921,42.63514855
589,3.908989143,67.29375465,40.68859653
590,1.742444581,69.85209555,53.6950147
591,3.160628899,71.41946455,49.60075957
592,3.025676329,63.03322367,44.37832767
593,2.886455352,78.08852067,51.85327347
594,3.167805298,72.01071193,45.90876672
595,2.099150822,69.63088435,48.38701136
596,2.811761031,63.35751625,58.62406235
597,2.803104439,70.88733021,53.87400959
598,3.141454353,74.11354202,48.74301013
599,2.129787011,68.00250446,41.25050394
600,2.264845723,60.56411415,42.19541838
601,2.906535207,76.91528476,42.35438981
602,3.614001169,78.25740498,43.2568199
603,2.279741287,60.54674942,52.8591551
604,3.072530303,75.72305137,54.44005763
605,2.133510046,63.69526613,43.29782834
606,2.712031056,79.29924551,53.70175802
607,2.281457922,75.31651112,43.7127305
608,3.73556564,65.20104124,40.62572499
609,3.132134873,64.17589837,44.57998073
610,2.10605912,70.74124544,59.55825466
611,2.49980915,75.57355799,47.85161071
612,3.201743123,66.4119344,44.53749172
613,1.566428862,74.83594771,46.09187781
614,1.606099249,79.93314925,59.62983693
615,3.179222102,68.24295971,53.00855827
616,2.678861607,71.88706604,54.9866386
617,2.467181775,66.77686813,58.95767229
618,1.884379623,71.59625096,55.7992717
619,2.016211216,65.0479914,44.93458412
620,3.428623421,60.19171205,50.20709677
621,2.388420459,76.04296259,52.84835608
622,3.24071496,61.31888011,51.70098097
623,2.963491127,68.76272084,41.39657216
624,3.599955734,60.82526786,42.0458206
625,2.271508649,75.7341545,55.34742371
626,3.964447759,74.95545285,46.49154731
627,3.057768333,67.27506668,43.90221611
628,3.309231901,66.33221606,49.63370558
629,2.910416671,68.01634667,41.24822936
630,3.9892211,77.21697238,52.09223236
631,3.81425961,68.16744501,51.71346392
632,2.064620893,67.68210131,59.57468171
633,3.665328189,77.2110786,49.14308831
634,2.344871927,69.18286791,58.85537887
635,3.391570373,68.61138771,55.10697177
636,2.159696779,69.10633405,43.1982057
637,2.116429108,75.1530563,59.25951927
638,2.733124927,62.46269546,46.80797056
639,2.690793947,69.76392967,55.40098817
640,3.386545169,74.5292717,50.37307906
641,2.12266593,67.92237098,41.66089516
642,2.960130274,69.86165583,51.18225529
643,2.369512551,71.42281693,45.43107704
644,3.689697837,61.40021469,53.09852613
645,1.907496939,66.29678891,41.20899721
646,3.078217128,65.80141551,50.78796061
647,3.389604643,66.13600633,57.19258924
648,2.970237424,71.58039006,45.30815279
649,1.913331107,72.08282918,53.90102797
650,2.732389343,72.3443927,54.49147391
651,2.225315646,75.64598605,45.9558482
652,3.979342187,60.47634622,44.60928517
653,3.079629602,75.09026994,53.99447552
654,1.915958808,79.10512318,43.47032867
655,3.690567101,68.61432015,58.75988838
656,3.262785816,78.47435024,52.49987491
657,3.535918982,62.84786787,54.50899876
658,2.34284678,74.69060429,43.26153152
659,3.726274164,69.73612574,44.45626013
660,2.395434822,67.19581933,58.57527012
661,1.798500473,68.41996649,52.22058868
662,3.011948093,67.20471819,42.33311362
663,1.702587961,68.7227684,48.16116093
664,1.68282694,72.7266375,56.36468964
665,1.747156982,61.31269314,52.11785852
666,3.712064663,73.94156998,54.7495196
667,2.388407926,70.99065002,44.26719845
668,2.398041124,69.70842609,54.82422732
669,3.699125786,70.46062769,41.89440316
670,3.525659356,61.45486173,58.63445572
671,3.676639773,61.45553279,59.51274929
672,2.632683155,67.63600719,54.8467263
673,1.816924599,66.84476665,48.15003156
674,3.109982453,72.17610041,48.69439025
675,3.801225008,66.21686022,42.39603835
676,2.652870336,73.87065839,43.89626603
677,2.420438463,74.51048352,43.4797239
678,3.749940125,74.52933999,58.22084951
679,3.973569329,75.0726554,56.80010416
680,2.496324875,79.35912191,44.85955286
681,3.050638096,70.43553375,56.5575956
682,2.549939303,64.41097164,59.12343945
683,1.862641609,64.99400272,44.30862264
684,3.058481625,66.92180047,53.22771669
685,2.151746593,65.31879122,47.09942762
686,2.399837617,65.56435213,52.59204227
687,3.712712723,79.73803723,57.01707561
688,2.005244102,78.91991369,54.71757477
689,1.935726475,69.85730553,45.20236117
690,2.183389474,65.17724481,46.20437104
691,1.79275438,68.81572249,50.24569754
692,3.185226873,76.26149307,57.84319043
693,1.979004325,76.44845675,45.56953495
694,2.474819579,69.14253888,51.79553329
695,1.890179811,70.51378451,43.50566057
696,3.175075994,60.02020651,49.75067799
697,2.376028266,79.08142646,46.21780528
698,3.227476946,70.42228055,47.93342529
699,3.829796156,78.69335346,42.30309611
700,3.872765997,70.23033927,51.8737952
701,1.878800298,68.55521102,52.90197764
702,2.152393368,69.75190406,40.00731114
703,3.06266973,76.15327199,53.06621683
704,2.287622658,63.53289444,44.7163897
705,3.446809301,72.21215472,51.79772866
706,3.905426014,68.75102419,48.49553864
707,1.544332883,70.66436206,45.19417834
708,1.858672903,73.87765878,43.18077446
709,3.718292307,78.13387311,40.40016792
710,3.748340108,67.81895729,53.16956247
711,1.551193837,64.89364404,53.16077925
712,2.626579705,79.34509361,52.77041627
713,3.130405202,60.57879145,51.74511757
714,3.33447756,77.65428366,42.63996188
715,2.029875624,65.83561777,58.87020645
716,3.411239605,66.83001618,40.1625283
717,3.348042346,70.15345594,46.15081664
718,1.661624738,71.15737028,42.56378678
719,3.283112724,70.29648487,43.02863452
720,2.283921014,79.31404083,55.44893997
721,2.380810916,76.54190278,47.0667786
722,1.561330095,73.77858022,57.57971552
723,2.491951124,71.83978189,47.27029744
724,3.929453748,72.77805557,55.83092049
725,2.82500336,73.77631696,43.27705198
726,1.963605362,72.05632331,56.28029152
727,3.192944714,79.10922211,54.50605732
728,3.314239999,78.03065921,56.27742216
729,3.884392254,65.51651923,57.17946844
730,2.90647021,65.70022369,50.72475948
731,2.853697598,60.46866522,53.83341911
732,3.928685346,64.06214384,40.89701937
733,2.984294476,62.00872962,46.74664839
734,3.002198927,71.52732876,45.42273072
735,3.07043289,69.39006345,59.52312879
736,2.046555416,67.38217712,51.31818467
737,1.9395169,77.45184411,47.6602516
738,3.246634916,73.88246726,44.82307765
739,3.731407619,62.5991777,56.93253237
740,3.765523525,69.34858655,50.9292903
741,3.734301142,73.22866831,49.10283636
742,1.800666044,65.99608266,40.3733338
743,1.553764983,77.43023291,42.26634684
744,3.037047412,66.76151883,47.74296104
745,2.964571619,71.23921296,56.70141633
746,2.981118686,79.75250617,54.33900707
747,2.18107407,77.1797827,48.32180123
748,1.716771847,71.64034974,56.72151925
749,2.496333478,69.83865656,43.84935023
750,2.193612838,72.08347508,49.72223924
751,2.475372127,64.11511737,41.92964269
752,2.730949833,61.60963613,41.81045107
753,3.392389395,74.15243349,49.90604523
754,1.739106973,70.4312495,42.76061393
755,2.134281675,66.25114173,54.51973791
756,1.647606956,74.21852835,41.35008218
757,3.720547178,62.07324535,42.66218862
758,1.638180661,64.78678987,44.34629719
759,2.500387135,74.47504501,41.4306149
760,2.528244197,73.08055272,45.65867342
761,2.025167323,62.51930046,41.18687133
762,2.147348727,78.08823715,58.74676088
763,2.917881775,79.30924764,50.08405751
764,3.720729114,76.07828526,43.93187386
765,2.553637099,78.03696242,47.81046548
766,3.024644389,65.67904756,53.76592264
767,3.336039766,61.90489221,46.73793554
768,1.900124791,63.2682696,45.16808219
769,2.285210561,62.7053072,52.95483556
770,3.48499996,68.38017431,49.49093808
771,3.699009723,63.14822739,54.89768104
772,2.865162764,78.37620328,44.34933418
773,3.941277577,61.61702021,44.83527137
774,3.450338056,76.75459619,56.14288782
775,2.565755482,62.52183549,46.17716837
776,3.516077267,74.14258564,52.98310026
777,1.593877829,71.50698901,41.8212737
778,2.502089356,62.37414797,48.35877225
779,3.268513352,79.00926452,53.48059854
780,2.953005126,78.69153849,41.77867596
781,2.973310912,62.50046925,50.1272007
782,3.392378781,61.56398733,45.87548087
783,2.125746751,78.48736379,59.97164693
784,1.57304674,70.00761789,49.99110368
785,3.93383752,66.42830605,48.8545659
786,2.210557765,62.74093818,52.70319406
787,2.652852613,69.53144576,41.05125182
788,2.731174011,78.75607114,53.1171519
789,2.545227676,69.67476384,48.78084751
790,3.161034126,78.84255262,55.94291838
791,3.800336096,74.34247939,49.95133663
792,1.531366884,63.35411645,51.54676529
793,3.869624171,77.46004476,59.6134378
794,1.827643606,72.58988543,50.57463815
795,3.089888066,76.29973524,50.22277482
796,2.656768943,78.31097843,48.94985261
797,2.237440746,63.24146143,56.22878398
798,3.094678619,67.67640936,50.28881713
799,1.910797312,61.07819035,54.61129565
800,2.240521961,69.29685864,40.15442571
801,2.097981307,77.24553112,41.87412705
802,2.869360854,70.35292038,42.44517151
803,2.213000231,64.50584767,44.14555748
804,2.580579391,70.14228818,42.6822214
805,1.985940217,71.92058793,50.99713957
806,3.21436567,63.58220181,43.97678602
807,3.90885461,74.67436516,41.65565802
808,2.861517856,65.85774192,45.77873515
809,1.773724686,67.99702504,58.60246375
810,1.701848131,62.35400957,51.96904365
811,3.790406942,79.0375184,57.83419748
812,2.216087082,75.54789033,56.45371332
813,2.567605347,61.36511693,53.36575938
814,1.566127557,70.7891739,44.51079069
815,2.564362194,76.0784245,43.39997256
816,3.981417424,79.6316252,42.67094838
817,3.031020483,62.01182208,51.53906277
818,3.189164971,69.03961638,51.53092552
819,3.647386831,69.35127825,54.50573185
820,2.824555223,70.30398443,45.91556463
821,3.122786186,67.68771112,54.26219604
822,2.189121129,73.22863859,58.69058418
823,2.99328142,70.78143649,50.01813615
824,3.236545564,66.82726222,52.63085639
825,3.199717457,70.1803408,49.39005158
826,2.201673662,76.38241898,47.38847244
827,3.15498084,65.95855565,58.0684857
828,3.110722107,61.20572804,46.28660941
829,3.037278616,76.51367995,50.60747002
830,3.677813469,78.10388937,52.90322487
831,1.762846017,78.40477957,44.47513654
832,3.50958651,77.16339453,56.48098664
833,3.726793217,78.72357156,44.19082128
834,3.335425605,61.97016789,59.95787633
835,1.620411801,65.78474701,42.92165475
836,3.999274622,73.23595857,42.61988274
837,1.687018923,64.83257739,51.57038075
838,2.897357878,70.2312585,56.28330642
839,3.598057469,74.45332922,40.48417558
840,2.940243751,73.23634923,56.54379804
841,3.294203484,76.77043371,54.10406762
842,3.978488764,68.313987,57.27731812
843,2.219988291,78.03069566,49.00430688
844,2.847899671,67.42158972,54.01579335
845,3.509069196,63.90182983,44.6866769
846,1.920851535,71.60996441,51.85168742
847,1.586981758,62.22140643,56.72204597
848,2.127676585,67.37940635,45.50287357
849,3.094544688,72.83573338,40.82834579
850,1.692783482,72.08519066,53.9676903
851,2.882167509,61.73882666,43.5264763
852,3.473529118,68.76024778,55.19720351
853,2.476546679,69.3915537,43.18141504
854,3.381580544,62.16552685,45.49517968
855,2.297904179,71.30650415,56.39565888
856,1.701447488,62.83866644,43.17637081
857,3.841306729,79.91950808,56.96844322
858,2.181352141,63.27807916,55.22201424
859,2.008104343,79.08270046,41.68373651
860,1.787545023,72.49676018,46.42805926
861,3.100966571,62.19091379,53.68292417
862,2.153548793,79.62509012,42.64261044
863,2.776354795,79.95112679,55.59626092
864,3.267352254,73.94576819,44.36508132
865,1.873522247,71.63746446,47.47749094
866,3.741018421,67.69031553,45.43713273
867,2.73622307,61.45970212,51.80563353
868,2.683030675,73.56095023,57.73968466
869,1.717758563,78.34088822,47.21804963
870,1.971311027,68.2481674,55.10650067
871,3.776252804,69.2815779,43.27795093
872,3.562327519,75.54654708,45.65154031
873,1.794236478,62.1211878,45.4866121
874,3.200898019,62.69270151,54.65160252
875,2.560274987,69.08586282,55.94110971
876,2.525299823,71.38165635,51.35450135
877,1.604508989,78.49235298,46.36786373
878,3.958136396,69.87455815,41.88189119
879,3.462468533,75.13396571,59.06785912
880,2.058856458,64.82850628,47.35228384
881,3.548134151,76.25887646,43.40590005
882,1.710684898,65.09687246,53.15440464
883,2.451801711,62.76522926,40.21328563
884,1.696009517,73.11954782,44.72234205
885,3.647394134,71.94685933,53.98652388
886,3.32635713,76.40024849,51.41068621
887,1.641188402,64.01036837,48.72561249
888,2.932181373,77.76764146,52.46060546
889,2.901251546,73.30009343,53.19458924
890,3.688165198,64.28782286,52.66426789
891,3.045830528,76.60836908,45.88163273
892,3.825551376,71.77025378,54.70333052
893,3.789194678,73.67433562,51.56812971
894,3.511625722,61.28061477,59.29962251
895,2.475447287,72.25649895,50.97275832
896,2.323244697,66.10692818,54.68753638
897,2.149496234,61.2940173,44.81562911
898,2.934362814,66.32705177,58.07356113
899,3.766291071,78.31879538,44.0223875
900,2.268976432,76.32219622,42.15291177
901,1.556405847,64.84819673,52.52392849
902,1.678592423,67.1715123,53.50364586
903,2.439203963,62.35451602,59.78775461
904,3.356106675,60.37478556,57.32579244
905,3.611435526,79.09641295,51.57801289
906,3.736722555,61.26455147,40.61016907
907,2.135652324,75.775415,46.65438832
908,1.647242836,75.35845888,56.68385797
909,2.540614131,74.76455389,47.87665685
910,2.604367004,62.70446125,43.81134635
911,2.292547655,74.14224487,46.87265857
912,2.80603269,66.877744,42.9764117
913,1.637289617,71.03329944,58.20210101
914,2.110584178,63.94125296,49.20271686
915,3.094677845,76.0407884,44.27764991
916,1.655149003,73.02475361,55.14941493
917,3.478079092,68.67236635,58.6823212
918,3.054520135,78.26163035,58.72798872
919,1.879593718,74.22866831,49.64314909
920,1.753515647,79.46136242,56.09016148
921,3.337710129,65.30319125,41.92618788
922,2.239329481,69.48751205,55.40723187
923,3.015330548,76.97835324,51.29713595
924,2.753774687,69.77000833,46.80301574
925,2.749694789,66.1165337,56.54633267
926,3.011683637,77.34972165,50.36356524
927,3.398887208,68.11113848,49.77296748
928,1.593531065,79.88312671,49.0241424
929,1.904520181,61.28414737,49.93431102
930,2.093188097,72.89277709,43.08981858
931,1.965264446,79.3243888,48.36006773
932,2.622821289,75.88863388,55.66870199
933,3.055657338,75.34521251,41.03267539
934,1.633661835,77.30387566,49.91451038
935,2.224469808,70.63948031,45.3365873
936,2.803916916,66.79756689,46.79843698
937,2.336543774,68.39801311,45.47735297
938,2.831311636,67.47330139,50.6640391
939,2.840838491,67.8406068,55.97049574
940,2.317928201,79.64216806,58.31025629
941,3.344949219,70.73256061,59.34372397
942,2.444776086,64.69520352,41.62843837
943,3.36873922,71.01702521,54.22467167
944,2.426958139,75.22060153,55.0561039
945,2.983568294,66.2695073,40.58935927
946,1.592983884,63.99870097,59.32011855
947,2.891918213,68.68037686,43.29626091
948,2.411255179,65.91995409,49.48740497
949,2.832250145,67.68290048,56.13321013
950,3.927549607,76.94498777,49.19152565
951,2.646635496,75.13549794,47.1035741
952,2.942327981,63.73294307,40.05535074
953,1.742135311,74.76314505,58.85335704
954,2.011991717,61.29716775,41.06138828
955,3.802249933,70.07519649,44.06540031
956,1.91306563,60.11018509,53.37487417
957,3.743415235,60.82860357,47.7873879
958,2.90705236,62.93095947,47.46518896
959,1.549772021,67.42839828,59.67968697
960,2.386215386,73.46563147,50.76342731
961,2.562455722,64.46245009,45.15341015
962,1.684976024,77.06001829,54.03679204
963,2.522651882,60.99265817,59.8080268
964,1.651491246,61.37358013,42.95264228
965,1.542166325,75.57798563,41.10273131
966,3.64280708,77.29607994,49.89784436
967,2.2632549,65.03207578,51.41912617
968,2.899777763,78.16492483,45.0773416
969,3.27820223,73.11011775,59.99070262
970,2.665726144,70.67718662,51.27321219
971,3.845427289,66.00246352,41.52003172
972,2.760811062,78.70211693,56.27051696
973,3.935498813,67.83610694,53.22902996
974,3.658729508,75.42953118,50.85200897
975,3.146073219,69.64630705,56.30193542
976,2.157352053,69.17754915,40.11525703
977,2.539697964,71.56276593,57.6791478
978,3.374517838,71.30626134,45.19714123
979,2.351177846,78.32300977,45.21046963
980,2.460446737,62.242664,43.27904202
981,3.351071631,71.18603952,53.67945411
982,1.558608647,62.96968903,47.08972285
983,3.713254271,63.49014004,50.62469923
984,3.305360251,70.05436155,49.15436202
985,3.330092736,76.30730143,58.64619856
986,2.135399321,74.20059288,40.69683723
987,3.948249388,60.64905395,45.47632261
988,1.854350569,65.33786684,41.75118973
989,1.807456307,71.12767979,43.01974154
990,1.632922453,79.12065205,44.89038488
991,3.072778709,60.45031757,57.86741878
992,1.563602788,78.36333109,52.32942152
993,2.929151867,69.78705612,49.08178154
994,2.09696847,68.51662933,48.56439183
995,3.504059802,68.06876073,55.68549513
996,3.807070476,67.20865361,56.57601992
997,2.525162348,68.87590505,45.34211182
998,2.537232225,75.57228509,53.10930126
999,2.761094351,79.12111707,55.94488498
1000,3.382442362,68.03697998,42.98708065
1001,2.096039229,75.81433379,55.91160679
1002,3.731379429,69.43209254,45.66421631
1003,2.525581638,63.58494149,42.32240873
1004,3.789273746,74.44362424,42.31618568
1005,3.885386644,61.88485135,54.88241321
1006,2.763236952,79.3719044,55.50423867
1007,2.286333941,60.63138192,50.49152475
1008,1.974887328,62.15870029,43.65689118
1009,3.258978739,68.47419131,55.63318419
1010,2.759382554,77.68764642,56.23295346
1011,3.711510133,62.28109418,42.17757041
1012,2.568624472,69.42347824,43.77606236
1013,2.289544577,67.87566305,42.07700387
1014,3.922267135,62.96333864,52.46878645
1015,2.603208311,63.36281558,41.30673357
1016,1.540279274,76.7719586,58.17174226
1017,1.827167848,70.4922492,48.76894872
1018,2.208943836,67.77576759,56.83251144
1019,2.808402941,71.33774132,40.33911347
1020,3.715149679,74.62009147,51.0950449
1021,1.687483442,66.81382713,51.83564873
1022,3.828078341,79.86166943,50.05382828
1023,3.303888,74.01040801,44.80283141
1024,1.699075075,60.30263207,57.20050244
1025,1.762499857,67.73435895,53.89935711
1026,3.275508095,70.8224973,45.73483275
1027,2.575458358,78.40782481,58.63987065
1028,1.841014598,62.44514195,49.51980002
1029,1.801420104,67.32459557,46.95151134
1030,3.812309355,68.18457719,52.69325102
1031,1.924320496,75.81467797,56.05678931
1032,3.575673904,64.59410376,41.74278782
1033,1.529796613,79.57984286,44.84384971
1034,1.82012936,70.6089671,42.42453478
1035,1.914571543,74.98018416,50.60117909
1036,3.56594261,79.7354596,46.23727434
1037,2.438337511,62.49221544,51.73698865
1038,2.539510912,76.34706869,58.34215089
1039,1.767443958,79.6772296,46.20371746
1040,3.601552393,74.51406662,49.56877089
1041,2.822910337,76.17517757,44.73265473
1042,1.845979037,60.24584058,48.74270525
1043,3.419745035,69.49580243,48.0541369
1044,3.006762927,61.86431088,44.35464387
1045,3.583915399,70.17097718,49.16265689
1046,3.419821447,74.80388227,45.19235669
1047,3.636199438,69.24327887,55.59169691
1048,1.938529614,78.23862519,49.8494439
1049,2.184434845,78.62062144,48.3789815
1050,2.50284646,71.15354609,56.12439371
1051,3.402759168,66.49551091,52.82990267
1052,2.796321711,77.48020163,59.92948299
1053,3.141373114,60.42826928,57.40830457
1054,3.628056947,72.5749915,47.57066354
1055,1.626327743,60.13309649,40.95986807
1056,3.239418486,67.57220635,57.68492765
1057,3.51216668,61.73489389,46.45529603
1058,1.980336873,79.13310979,45.15371524
1059,3.625383427,74.39572662,44.85562145
1060,1.842444002,62.81718682,56.22757139
1061,3.728842208,60.00598908,46.15957661
1062,3.506974701,65.06954754,43.57826647
1063,2.968625975,78.42398139,47.25329031
1064,1.676644359,68.67086197,50.46159489
1065,3.600311903,73.47753072,54.10587041
1066,2.351203605,78.00400279,53.03845961
1067,2.776201813,64.05688327,47.7652913
1068,2.960382104,63.90876805,45.5241521
1069,3.511720688,75.25940002,40.31315424
1070,2.181086257,79.99944506,47.1033872
1071,3.151682277,62.53281288,56.04882019
1072,1.768905236,63.70734033,42.59126528
1073,2.690152804,61.29376474,48.98270545
1074,2.694737548,67.50779728,40.87364754
1075,3.036103115,72.32756984,47.44389613
1076,2.26337068,60.77619094,48.920403
1077,2.843066236,79.99675543,45.99004392
1078,3.910073093,69.494634,46.90785469
1079,1.98281636,71.50515754,52.32093473
1080,3.279979002,76.83833574,47.90370816
1081,3.456142904,72.06831184,43.73394892
1082,1.607881829,74.49092701,42.02194524
1083,2.137162911,65.58952463,51.52778144
1084,2.071974262,75.48641355,44.16685577
1085,2.040882516,66.88915444,55.4625444
1086,2.825805834,74.85467068,43.60927407
1087,3.684457651,68.07955293,49.62645305
1088,2.503069483,77.26894033,56.4281858
1089,1.701796215,61.12992591,53.16273818
1090,3.681484316,67.88694021,47.04355829
1091,3.150915637,64.71629832,46.74606356
1092,3.517637279,71.63336501,58.04775263
1093,3.972535094,76.77612515,45.74981568
1094,1.525253591,65.98586963,43.95088582
1095,1.928205415,74.53524379,46.19686377
1096,3.89698224,61.10362039,51.5658582
1097,2.254639767,63.24806513,50.67363781
1098,1.647365544,67.2739662,56.17754732
1099,2.571842014,67.06170049,50.54999427
1100,3.478861323,79.62055188,41.55855752
1101,2.530433459,76.26918353,47.07752074
1102,2.6942736,75.72498196,42.03508382
1103,3.969819021,76.87694935,51.41465161
1104,2.075389571,62.20808869,44.05129359
1105,3.146428628,71.84209909,43.15208711
1106,3.690401065,68.57059003,57.41591776
1107,1.885981104,69.74509826,53.70696299
1108,3.579499135,62.16153242,55.04830811
1109,2.085235381,66.03956585,57.84590179
1110,3.803326558,63.58683192,49.91076279
1111,2.850923181,66.5075914,57.62830166
1112,2.804798238,75.95350799,54.85840137
1113,3.398340821,69.91683777,56.90787792
1114,3.217367439,76.92837045,52.11536441
1115,2.960552279,63.33166035,43.34059442
1116,3.074827077,68.44304513,46.20149293
1117,3.575042435,63.88675342,58.48610223
1118,1.756263358,61.12523868,40.90305512
1119,1.631755865,63.11459966,43.13394512
1120,2.718852113,76.44795429,48.24232216
1121,3.294582776,76.25941241,47.8702592
1122,2.203689208,64.61140442,57.04595392
1123,1.661881791,63.50155558,44.43031971
1124,2.255385275,62.67749879,49.03527337
1125,2.588128499,70.79642148,55.18135783
1126,3.537762692,62.15012677,50.21081371
1127,3.364100171,78.53381316,46.67157807
1128,3.259137532,64.74063092,40.93047357
1129,2.837205121,71.4476535,44.90403464
1130,3.928191614,69.77967584,43.51434005
1131,2.704668598,63.90413264,45.83233835
1132,1.970943064,64.3304676,52.741485
1133,2.35844176,65.6409924,42.11574441
1134,3.623077872,62.30673018,42.93990793
1135,1.941583745,63.35643588,53.79065961
1136,3.094868421,62.54074429,50.295015
1137,1.897464671,73.61739201,44.09373808
1138,2.99188186,62.81607325,43.98458081
1139,2.150262894,63.71904247,49.93422576
1140,2.681150685,68.92249818,54.94602917
1141,2.320848297,71.6825349,53.70015544
1142,3.817057677,78.65827357,42.49472292
1143,3.961084579,72.67650884,41.94971753
1144,1.764934463,65.82460406,59.1055311
1145,3.465435019,62.276641,52.91037385
1146,2.725263694,63.45093126,54.08491916
1147,1.676871684,60.95409114,40.90201329
1148,2.332388466,73.9222188,42.89751992
1149,1.919292946,79.40986415,51.06380017
1150,3.127903557,63.94132607,48.01560298
1151,1.979561594,63.67632809,43.72071958
1152,3.833407306,76.84575024,40.86920646
1153,2.164820673,64.49890771,41.2705186
1154,1.616069718,64.47010497,46.9463567
1155,3.349961516,62.55625228,48.35817606
1156,3.388985062,64.23435514,46.84009043
1157,2.105295383,68.1741829,59.84858562
1158,2.519395733,62.50645241,41.61736975
1159,3.933546178,74.67187783,52.81672249
1160,1.683752842,71.7867489,51.50607303
1161,1.879950258,66.19048102,58.99386038
1162,3.582747367,77.45722724,47.44964395
1163,2.123517205,78.3879793,48.31362519
1164,3.936687575,74.32680028,50.01640432
1165,2.111526551,68.03370127,48.375222
1166,2.620093575,71.69959945,52.9487511
1167,3.674772939,77.18890721,52.3306062
1168,3.858878064,69.4020447,58.77693504
1169,3.860245071,75.55309036,58.17360532
1170,3.791967781,75.306917,50.85403807
1171,1.566494809,68.678054,53.30787487
1172,1.758259256,78.47153893,53.46415466
1173,2.08023499,72.28308384,59.12032041
1174,3.838433045,79.98895298,48.04415488
1175,2.337892532,72.73922381,58.76121013
1176,3.744618219,62.43359992,55.02642543
1177,2.074518459,63.02064629,45.36495001
1178,3.723868516,65.89013817,43.33386775
1179,2.609635276,64.28513107,49.99955708
1180,1.797347994,74.22592233,53.33065912
1181,2.127864194,75.8343942,57.58336651
1182,2.688771562,75.13283022,51.15348359
1183,3.946121271,69.44409499,53.39101522
1184,2.35344562,62.51912216,46.92644221
1185,3.370691364,79.15987072,52.29629499
1186,2.716125959,64.1207081,45.1900446
1187,3.876022357,74.64183718,59.45208933
1188,3.309755992,63.94067244,45.84455224
1189,2.014461404,67.28793152,47.14698389
1190,3.638850766,77.40535549,50.38595601
1191,1.982144214,76.78243429,57.03772613
1192,2.226754461,65.22624816,55.78074953
1193,3.978945486,72.00411504,48.91106164
1194,1.969572712,79.44534173,55.48647685
1195,2.229509177,65.78395415,52.20624014
1196,3.781266157,62.19748482,56.50258083
1197,3.447185202,71.92248695,44.26876759
1198,2.869137206,66.66493772,53.38748627
1199,3.634480483,61.67235081,40.27316241
1200,1.776498167,73.67521381,52.67525817
1201,1.750501966,75.76884894,46.86789985
1202,1.830936556,79.44320332,59.3021663
1203,3.344629793,77.35494931,58.95693142
1204,2.87830708,77.59975649,45.01871882
1205,3.591502737,71.65140729,42.35688426
1206,2.595924572,69.66597261,47.25112452
1207,3.238106325,78.52420509,42.23329213
1208,3.820510143,75.7580031,49.0973162
1209,2.426698894,69.32751389,43.05613573
1210,1.968135047,66.8382308,54.45522215
1211,3.183406611,70.11444283,53.30070341
1212,2.403508235,62.52705149,54.77984568
1213,2.820403957,75.95364434,50.65834085
1214,3.50175573,64.73034747,57.14922624
1215,2.620807011,77.01698981,41.89165178
1216,3.442574231,65.07464328,41.98661475
1217,3.033002152,62.9940731,58.73865717
1218,1.950147803,71.42817158,47.32990878
1219,2.704442161,73.49759213,46.12051558
1220,3.549808063,61.1848624,56.63001851
1221,2.306714809,76.00571466,40.42956368
1222,3.465347052,72.61072974,58.04955872
1223,1.923743864,66.8525165,53.81118245
1224,2.907461819,79.25703957,55.5902113
1225,3.742919888,78.26165959,48.09452276
1226,1.630404546,79.21043547,47.92512501
1227,1.750111893,72.10009766,57.7426352
1228,3.556699938,66.95513196,55.15356866
1229,2.85127879,72.6038694,49.18871725
1230,2.484007755,77.1764033,50.80526546
1231,2.93815408,78.69301187,55.18105943
1232,2.48177292,69.95755548,44.07411757
1233,3.681190596,68.9393178,58.82673966
1234,3.508525592,61.65868124,46.52112413
1235,2.748710206,64.72616435,50.88713161
1236,1.543026398,63.46193579,57.55859686
1237,3.85670107,61.74038863,58.42683242
1238,3.016278508,62.16745606,57.78871347
1239,2.459342514,61.03727349,44.69276689
1240,3.01361706,70.43498187,53.45740286
1241,2.331252253,64.44257898,58.04703692
1242,2.740137083,69.95937725,56.00278289
1243,2.238040568,75.26903252,43.81112655
1244,2.74206473,63.24290037,53.56261038
1245,1.566374736,76.17303575,40.78299624
1246,2.014888056,61.89109253,41.47980316
1247,1.971964208,77.74767452,45.44753939
1248,1.864095474,65.14672789,43.55255692
1249,3.769051557,64.45225012,53.20033416
1250,2.182513775,73.84156273,53.68334624
1251,2.164722592,68.49563838,43.10505891
1252,2.610389886,63.16600514,45.40749679
1253,2.961722284,65.93343496,51.48741474
1254,2.916254831,73.85366721,44.89413076
1255,3.677174879,64.38229337,42.32955805
1256,2.117188099,65.88396424,46.23968282
1257,3.187849764,69.05373255,48.4893819
1258,2.806795258,69.95804939,54.47234471
1259,1.739835038,64.90413973,44.40352058
1260,2.936164562,71.15968583,52.57936363
1261,2.302716219,69.1485352,56.29113232
1262,3.892737196,76.55682528,56.23996271
1263,3.152109775,64.94729486,43.7707304
1264,1.820016637,69.93469097,47.92505919
1265,3.884090659,60.91326393,59.51320183
1266,1.86692016,79.32567301,58.56357601
1267,3.127987748,66.2763102,53.66511147
1268,3.522415281,72.3342727,40.32254314
1269,2.83644315,63.86522425,49.27714886
1270,3.67813011,79.64008482,51.41677246
1271,2.973091314,63.80243304,51.9795961
1272,2.565973895,64.43760671,50.38515873
1273,2.807382617,78.09805375,52.91982342
1274,2.739142319,78.80291223,55.12245949
1275,3.57742619,61.17517382,58.86736323
1276,3.356948142,68.12976607,42.18565993
1277,3.979927566,66.63245181,44.20605739
1278,3.941362465,61.48083214,43.70377128
1279,1.502260493,72.21991157,45.28088567
1280,2.642295023,74.95873771,42.12150748
1281,2.510984942,63.05887975,54.73660568
1282,3.474824625,75.0792374,51.62840736
1283,3.039425218,78.27825038,45.61236146
1284,1.674176484,61.18089362,46.13284365
1285,1.786742045,79.25761329,52.53215459
1286,3.53186674,76.90419587,43.38690797
1287,2.852540974,65.02317362,45.9137625
1288,2.579492653,73.11783697,51.35100908
1289,2.81768315,78.28352733,44.73850314
1290,1.609212087,77.89920665,41.84742099
1291,2.208930592,65.37909771,48.51565523
1292,1.62116976,69.84476398,57.34887616
1293,1.775649072,62.34077519,54.17180825
1294,2.731918972,74.7052453,40.852691
1295,3.49787757,68.50533841,46.80564986
1296,3.94253129,72.13664272,49.41042815
1297,3.996878321,72.53041397,53.55835694
1298,1.808839948,68.35758891,58.08669277
1299,2.997873047,61.49581671,55.49831123
1300,3.682616872,60.50638293,45.89587502
1301,2.584383362,74.31477194,52.9832409
1302,2.494817996,74.25461918,58.84371173
1303,2.341423378,76.30242409,43.5494366
1304,1.700832372,78.44492226,48.79323716
1305,3.029822144,65.22533663,56.91200477
1306,2.642970522,69.60263705,42.08078753
1307,3.441590988,78.14645516,59.09020393
1308,2.668899796,68.00274616,42.80021852
1309,1.506290432,63.70075205,43.17697384
1310,2.453224327,78.76461005,59.00758305
1311,3.262072041,74.33446695,42.33761537
1312,2.038819982,65.10447158,42.77404206
1313,1.692282126,66.77635811,40.23591988
1314,2.364759742,66.08016491,50.38946727
1315,2.540016196,78.2124698,53.54823132
1316,3.222142869,66.33775915,51.99555655
1317,1.507215221,65.83502798,56.61028359
1318,3.076981356,79.62319078,50.9542952
1319,3.981338945,76.48927403,45.89026617
1320,2.821666916,74.35651921,59.33933953
1321,3.282649688,71.37515738,59.42781886
1322,2.553116872,63.16660076,46.82403194
1323,3.15326771,72.88053157,46.94717982
1324,2.3576907,70.22660005,55.25884511
1325,3.371059229,69.78934217,42.53458887
1326,2.813298924,70.4354716,41.35963437
1327,2.35346034,72.25421753,51.48755296
1328,1.946676159,70.6610353,45.54088303
1329,2.894477349,62.69508022,49.95431559
1330,3.268151407,70.86486041,46.53946011
1331,2.29122605,75.13932784,49.53394214
1332,2.966184411,78.87211173,49.10420178
1333,3.177107551,68.77102618,41.78222314
1334,3.080274665,74.14360199,49.72494303
1335,1.604947015,73.6502349,47.70180389
1336,3.46018654,66.43953072,44.55815295
1337,2.798311066,74.84351479,44.31299808
1338,2.524718825,60.08266634,55.60068553
1339,2.382907686,76.55807432,40.83952131
1340,2.135694158,74.48929448,44.00344798
1341,1.835759882,65.03518634,49.17335181
1342,2.472363633,60.21339067,45.3434003
1343,3.785568214,76.28727207,49.74244383
1344,3.613017877,62.22955723,53.60558277
1345,2.860187218,69.70275588,49.84410135
1346,3.194845443,66.82852033,41.39247684
1347,2.613313256,67.08074658,41.34461615
1348,2.804766324,74.40563667,58.38851176
1349,1.528119864,72.37304481,42.93834592
1350,1.548687966,60.50312903,47.26265694
1351,3.23078811,60.43793704,46.08466463
1352,3.733900777,67.23864962,54.7488894
1353,2.985507485,75.12670034,45.73033299
1354,1.795369617,67.9293799,52.68737071
1355,3.11460233,78.59364258,56.1372473
1356,1.650105011,62.66174249,57.57126024
1357,1.67360088,76.3295208,58.51328698
1358,2.131352414,74.38682316,54.71241427
1359,3.053924225,78.47515524,48.56760585
1360,3.077888619,71.83687232,58.67349718
1361,3.350060259,76.36392013,58.44317203
1362,3.392694837,68.87576179,45.73893299
1363,3.832697021,74.64964335,44.0603845
1364,2.521577917,64.99685614,52.81345853
1365,1.5288391,71.90617043,51.91801884
1366,1.660991752,60.89317318,56.0539801
1367,2.475138594,79.01554405,46.06505256
1368,2.482221532,64.41269225,48.31584531
1369,2.153785763,71.41460262,43.08692234
1370,2.545614408,71.78333668,53.19640754
1371,3.841443393,63.78649014,55.27225929
1372,2.219354968,62.66658192,57.59837777
1373,3.13011185,73.17576584,54.9161347
1374,2.670891229,72.51130498,55.8949273
1375,2.481394373,63.81892932,52.23007503
1376,1.783310451,60.4148175,53.31112811
1377,3.867872724,66.2920234,56.25362657
1378,3.65399585,64.1139921,52.47402527
1379,3.750665952,67.54344263,44.20291547
1380,2.743809373,64.44222613,47.26161613
1381,3.021566484,72.2157333,57.74777304
1382,1.901260863,62.61203637,47.47390874
1383,2.774127219,75.14450723,55.63171205
1384,2.62602219,76.53516221,41.54744778
1385,2.71471259,72.23012963,58.57707376
1386,2.123967009,65.59706673,42.50571168
1387,3.490992297,72.66181659,52.54772974
1388,1.649024392,67.28313656,41.47256652
1389,1.768000469,78.1440849,47.46673622
1390,2.54022666,73.01697701,41.04513406
1391,3.083996825,74.38246519,47.06875236
1392,2.044952443,78.24720169,59.5374867
1393,1.943368745,71.23074797,41.39601105
1394,2.659019397,60.69540132,53.38030309
1395,1.745237073,67.81217093,49.20040556
1396,1.749055526,72.11469936,41.57380341
1397,2.636983371,70.73870194,52.24256205
1398,2.700492413,79.87382606,57.89861839
1399,1.706119737,67.27738041,45.05854946
1400,1.523293243,67.12775997,44.08278301
1401,2.521319947,73.95592158,47.42949333
1402,3.58896553,65.49284559,52.93832384
1403,2.333079381,73.49019858,41.09623999
1404,1.954821873,70.75235814,46.80062696
1405,1.511004314,66.850084,56.57125976
1406,2.774336739,72.40715431,45.15080376
1407,2.761828475,65.98357034,43.11653915
1408,3.698604688,76.49637994,51.02959205
1409,2.437942396,72.59175303,44.45843541
1410,1.864895678,64.1648435,56.25093778
1411,2.705270963,76.31572241,43.9327283
1412,1.941591271,66.21667445,58.29950812
1413,1.651423642,64.67797696,48.75407959
1414,2.133944814,77.62617216,59.2602737
1415,1.861822463,65.4806943,41.98493201
1416,3.594655813,60.48538613,47.00540965
1417,2.187535504,63.19020764,51.96754333
1418,2.255339221,61.2100258,53.39459772
1419,3.307832574,65.58443799,59.92951528
1420,3.440282787,63.44494926,46.90081969
1421,1.530723142,61.27814412,41.1219678
1422,2.891436199,64.12658205,49.44765673
1423,3.839388786,66.51643922,54.07884405
1424,3.353025404,77.98191236,59.43391805
1425,2.816044796,62.99192644,49.12112779
1426,1.698391564,68.41046824,53.60416192
1427,2.781958517,78.03480376,45.87443329
1428,1.910702744,75.9456795,42.13475948
1429,1.571177382,76.97129041,58.39747146
1430,1.752705369,68.38044613,59.12618456
1431,3.288294035,68.6249364,46.34861506
1432,2.512440769,73.23553893,52.19499462
1433,1.75088626,74.28783183,58.53539774
1434,2.217686662,64.5220345,43.950451
1435,2.378201234,68.39104422,56.50125824
1436,2.356166302,75.90020959,46.56233524
1437,1.724936351,78.06584465,55.01371832
1438,3.832312325,64.57358314,42.08539292
1439,2.187262126,66.44173471,42.89812217
1440,1.524115049,73.77299834,42.98886525
1441,3.587410739,73.20470951,50.37421901
1442,2.215346401,72.1592349,51.92992599
1443,2.683979213,75.13226689,58.61349467
1444,2.045341233,75.17309534,48.12849468
1445,1.624011573,66.1468053,47.60398933
1446,3.778265566,62.96612255,55.41096828
1447,2.03668161,77.95962888,50.22305082
1448,1.905206157,60.80661249,49.49242014
1449,3.983175032,75.9816381,49.0598245
1450,3.026001582,62.73055194,53.41891088
1451,2.432660552,67.12888921,58.19507311
1452,1.848721592,70.73402785,41.40452496
1453,3.673644989,71.9549094,42.64887135
1454,1.678157041,70.92822377,57.76985085
1455,2.067264642,71.12561836,51.20484124
1456,2.751481054,68.25888318,57.94176296
1457,2.481624553,79.38750257,50.90272401
1458,3.999088401,74.17513488,49.00756556
1459,3.855017066,69.12679767,41.01601422
1460,3.897284796,72.7727923,48.84237604
1461,2.321004693,70.6321333,45.72103571
1462,3.434909741,69.3185983,43.83341009
1463,3.080750907,76.29396066,43.91037924
1464,2.055353818,65.86364336,44.47139879
1465,2.614734322,78.07817241,40.69194358
1466,2.866679758,63.13887749,45.0705023
1467,3.923767767,70.58106831,40.52598107
1468,3.042842948,63.46764603,49.88557594
1469,3.341616568,70.89830737,44.52775218
1470,2.111599393,71.10826272,56.15999957
1471,2.475108983,68.06029033,47.51470621
1472,3.8588021,67.68284689,43.48667442
1473,3.054682947,66.77247203,44.41893499
1474,2.325841349,75.32432159,59.28718261
1475,2.271351248,64.38304236,42.70678476
1476,1.933121447,62.15642066,51.50914664
1477,3.85123876,67.34997266,59.539674
1478,2.176152778,76.33013094,51.64188746
1479,2.985336615,75.43095365,46.09162813
1480,3.236872413,68.63093617,41.21266016
1481,1.872560292,76.30869654,53.2572348
1482,3.433046813,64.46843014,47.6110879
1483,3.16453473,61.49909249,49.82587546
1484,2.963125815,68.25364972,58.77591825
1485,1.810772433,61.64775281,44.39090006
1486,3.892198788,61.55620147,59.39373129
1487,2.452358021,70.24114726,59.49676293
1488,1.576314023,60.34868569,43.73498418
1489,2.442865344,72.51018351,53.03957922
1490,3.913012981,66.1939486,54.670833
1491,3.817923672,73.60578523,41.87794655
1492,3.062842442,68.97986446,47.03656583
1493,3.926607422,74.04157274,53.83440707
1494,3.18684468,72.02560349,43.70276197
1495,2.831575676,78.10152989,41.93730092
1496,3.615247443,63.11517858,53.90599434
1497,1.997535851,65.7954022,44.73642664
1498,1.750383593,68.69933929,43.63198724
1499,1.809661489,61.08112303,46.80775621
1500,3.046639594,68.68403779,58.76613242
1501,1.74737478,65.88600454,48.27190802
1502,3.943870373,78.47074804,57.81358105
1503,3.455791957,67.65643223,55.54882484
1504,3.127168597,67.60571431,44.02431874
1505,1.60348657,68.32043374,54.10591587
1506,3.164387848,71.46653074,40.04003737
1507,2.557319911,69.14339399,59.11593092
1508,2.629323688,65.7446452,51.91398284
1509,3.966671426,62.38792049,52.42865599
1510,1.711143129,62.30605279,51.81448412
1511,2.168649918,76.36167357,41.83436941
1512,3.894088665,78.93023657,50.51691314
1513,1.76591703,71.23594817,48.98869432
1514,2.882135218,64.66554353,56.82256112
1515,1.729068851,71.45604153,57.96294046
1516,3.464691151,72.35108104,46.05183282
1517,3.456882317,79.94331449,55.50610626
1518,1.634383924,62.42264352,46.27580528
1519,1.890948003,79.56808926,48.98814729
1520,3.411283069,76.99383759,48.84661511
1521,2.101128062,67.49535773,48.58386526
1522,3.264329879,77.92569496,48.44358774
1523,1.905734406,79.93339427,41.86247531
1524,3.369994797,72.81718863,50.33874158
1525,3.900436314,71.02475316,57.48468804
1526,1.860410598,67.11328837,54.76826683
1527,3.10527001,71.24582661,48.60297463
1528,3.010908212,71.04777249,49.8341659
1529,3.518454598,73.33217365,43.91552322
1530,1.833172401,77.57677738,45.73163467
1531,3.793939826,62.4443903,47.1941213
1532,3.422300482,78.5208549,59.58612447
1533,1.79123532,74.49927404,44.68778063
1534,1.730421368,72.407112,46.97562539
1535,2.28202175,66.51665007,53.75560097
1536,1.706247744,76.5046914,45.69553945
1537,1.976360574,62.84872242,54.75550244
1538,1.63411105,65.00704212,55.30968661
1539,3.334159193,60.48149252,54.89839761
1540,1.908408347,67.85016213,46.69836505
1541,3.599279354,73.12729002,47.01342105
1542,3.329330021,66.29199528,58.87083379
1543,2.610365739,63.36736991,58.96964836
1544,2.922462931,77.10176365,54.30182622
1545,3.490657578,71.31896293,46.22595284
1546,3.218665014,77.44519554,54.67887105
1547,2.343244946,75.30110377,53.95336431
1548,3.11391513,74.10890123,40.94186911
1549,2.215596421,74.36256607,51.7787773
1550,1.797523204,68.22108571,55.80852013
1551,3.08777121,64.0982724,50.80079855
1552,2.42197167,75.56778483,53.9466413
1553,2.255345826,69.99313531,44.75264676
1554,3.387571812,76.46767568,57.87772031
1555,2.234720633,70.31080383,57.51616744
1556,2.934473259,69.2807928,40.88827492
1557,1.932040095,63.01928908,46.53792513
1558,2.535180941,68.9303908,51.7167264
1559,2.662122352,69.63315512,59.91386596
1560,2.540536371,64.84473962,57.36518138
1561,1.833451918,70.81516277,58.64401463
1562,3.698233877,74.79191539,58.70016567
1563,3.125230084,70.02357815,57.46357168
1564,1.55809576,60.01132065,47.58976372
1565,3.695502692,61.82222481,47.38309156
1566,2.029013573,69.60791618,53.1215468
1567,2.533922972,66.35124935,40.03670376
1568,3.268322563,71.53024747,40.63763096
1569,1.866066302,60.13973915,50.97332701
1570,1.8099938,73.84734578,41.20482212
1571,1.524466617,78.50062384,54.34385079
1572,2.495731126,77.72671631,41.5795632
1573,3.42328733,72.83202268,43.80846953
1574,2.470539787,67.71365916,51.81808522
1575,1.665322258,61.27612301,46.08117324
1576,2.404114777,78.45776869,53.90175846
1577,3.664752178,70.00997578,57.74387001
1578,2.161245781,78.94623325,43.19755956
1579,1.683029544,78.34336134,42.26028669
1580,3.739035764,72.69262371,46.8291175
1581,3.326661183,66.25442443,41.59902988
1582,2.637183064,77.3590514,59.39149093
1583,2.081986047,71.05235109,51.89381079
1584,2.042592487,61.60852786,58.11808103
1585,2.297402748,79.84368499,50.34741006
1586,2.943408863,66.93357385,51.19968121
1587,1.810470432,75.42478732,42.39986707
1588,1.611415482,63.0776972,56.10249427
1589,2.099117893,61.05188568,48.47345478
1590,2.966736256,72.11339456,49.40326557
1591,1.846405981,65.85441586,48.7809139
1592,3.940304911,64.78777713,44.59898874
1593,1.972333644,65.76679238,58.61536581
1594,1.726812037,66.67873295,57.41591358
1595,3.215534446,78.13139082,42.53247629
1596,3.242750747,77.40808243,53.24443649
1597,1.791127321,79.67354363,48.63660837
1598,2.316795291,75.76137024,42.46647474
1599,3.736177931,60.32193598,56.98533707
1600,2.847760531,70.91799041,44.63649947
1601,3.321224906,77.38731633,51.29559565
1602,3.562153258,68.01644002,50.34293785
1603,3.072117327,71.87037316,48.19421603
1604,1.914109146,75.78182125,58.4128863
1605,2.649760666,75.51192297,48.89717741
1606,3.890237865,68.9114245,47.17641669
1607,2.65863336,70.67335165,49.69838289
1608,1.79867433,70.26927249,53.44501013
1609,3.739755789,77.05145618,58.68605882
1610,1.6817414,74.2848961,45.93662581
1611,2.071201121,61.70653035,49.41858668
1612,1.887382017,65.35352023,58.1479572
1613,3.605119656,64.06594147,52.57937498
1614,3.452160226,72.90531632,43.02360607
1615,1.889827037,69.60859514,49.67972708
1616,3.03889578,78.41103083,47.45911538
1617,3.926377968,64.17769036,52.76151987
1618,1.705725804,65.45366813,51.12555635
1619,3.656414458,72.57270808,43.07337818
1620,3.503630906,67.75067619,43.90091846
1621,3.153131978,60.71236893,47.35038171
1622,2.096636621,78.29877657,42.3575742
1623,1.75684867,77.30027589,58.59293031
1624,2.994745129,72.56795703,57.00340143
1625,1.800221177,76.63255478,44.47094757
1626,2.300951623,60.56788948,57.07794775
1627,2.242940531,78.18484941,40.98370068
1628,1.925385945,78.36750017,51.42045051
1629,3.963987191,71.07839778,50.97344277
1630,1.983685843,64.68769401,41.19723717
1631,3.271205436,64.23071695,44.82044525
1632,3.567607188,60.98556842,53.77427833
1633,3.242493536,73.95238639,58.80130281
1634,3.810606994,73.49455911,40.02887751
1635,3.384506175,63.07460658,59.73465253
1636,2.207932397,64.08542541,51.49189194
1637,2.037031612,74.51805201,50.78212162
1638,3.079311246,72.26496953,40.4600987
1639,2.900684403,62.90704766,58.80388251
1640,3.733408877,71.20040425,51.08810626
1641,1.932174347,78.46859533,52.97183211
1642,2.559446403,62.50690075,58.89624423
1643,2.79702804,78.12528701,45.05042661
1644,2.452183278,67.88603075,55.03627443
1645,3.527048046,79.82281519,55.79630288
1646,3.473139332,77.25985477,50.02214795
1647,2.736146249,79.91130159,50.21271987
1648,2.837999743,69.0301615,55.87967084
1649,2.407822623,72.89127788,54.26360457
1650,2.675657002,64.23761226,56.79032457
1651,3.397551825,73.19610397,47.3230955
1652,3.468961173,79.95548212,51.46990006
1653,1.867153698,77.71082333,41.79072967
1654,3.64455406,65.3397408,59.57090055
1655,3.617846262,69.82766957,50.99141084
1656,1.710234491,78.97122827,56.17443659
1657,3.723773479,76.83925267,54.18455056
1658,2.039622445,74.6775622,47.56658601
1659,3.841557045,61.30573368,55.77960096
1660,2.979001822,64.99492056,55.77327522
1661,3.104809943,70.79397212,53.84693826
1662,1.659327569,69.31846664,42.68028839
1663,1.741277022,71.55721934,47.38217761
1664,3.420879256,70.8093514,44.16962301
1665,3.184233434,61.4806996,47.05855762
1666,3.531871237,76.22547014,40.52887402
1667,2.318688671,69.20239797,48.40412986
1668,3.993584297,63.09799484,52.62805924
1669,3.233508902,78.71102159,54.62249251
1670,2.262033429,69.35578424,53.79056328
1671,3.114334186,61.30023867,55.46554733
1672,3.511998237,61.60255077,43.74413812
1673,3.630498061,76.27282937,47.8752448
1674,2.740397222,74.18224357,55.84722608
1675,3.703551767,69.58776557,40.61607344
1676,2.562859252,70.23334638,41.54661424
1677,3.520542638,64.59398248,46.90294208
1678,2.32367329,79.34320757,58.61047234
1679,3.875060168,77.38009671,53.19834505
1680,3.042653183,63.8915335,46.69043071
1681,3.023466836,78.29111913,59.41143887
1682,3.380242847,77.85401644,43.72481111
1683,2.933812929,71.66395386,42.51763496
1684,1.85647061,67.73030174,51.93871255
1685,3.59892767,64.75735822,45.87829779
1686,3.097386883,66.73022625,45.5307601
1687,2.784478444,65.90170502,55.93458153
1688,2.944839055,65.1741194,45.28790226
1689,3.25813382,79.76511034,47.62189139
1690,1.670937774,64.24093028,57.80384632
1691,3.996537894,75.21064628,58.8334761
1692,3.561629621,61.89083745,53.13766227
1693,2.766763419,63.64705798,52.02518913
1694,2.626683934,61.95965869,50.91497785
1695,2.354275578,76.91521612,40.00474599
1696,3.420713165,79.22566465,59.42726789
1697,3.123653359,79.47771893,55.52210492
1698,3.062350418,63.36345467,56.1504727
1699,1.830361791,65.85729392,43.40033568
1700,2.976724448,65.51174299,46.58296641
1701,2.423707669,76.63563098,54.13070939
1702,3.129907469,61.69087919,57.30853186
1703,2.91884767,64.29371988,40.34081249
1704,2.46014156,76.05459695,50.9490189
1705,2.399485616,63.47038257,59.90799549
1706,2.924255779,74.40026945,51.89122664
1707,1.696783235,69.28978847,49.08110065
1708,3.495901291,73.76535171,57.42313937
1709,2.200523716,69.35635258,50.40736051
1710,2.295355569,70.69925413,40.50578937
1711,2.916355221,61.66293872,59.71435891
1712,3.568710089,75.18508716,55.53338937
1713,2.295630425,60.64131804,51.87550806
1714,3.692381378,68.95629952,54.73254761
1715,3.422458782,74.21818263,56.25608362
1716,2.899823956,77.72377377,43.76405184
1717,2.029688679,78.71429078,57.83607921
1718,3.096650182,78.2452377,52.04601464
1719,2.039950594,64.54036853,47.47635326
1720,2.714075482,75.49033813,59.53791268
1721,2.874931216,73.88076514,46.265115
1722,2.387957833,76.68634352,54.70148018
1723,2.024870629,78.11424058,43.94165289
1724,3.502721254,74.45911305,44.08562955
1725,3.503893573,79.89438015,59.25141702
1726,2.746929151,78.26029137,52.59357027
1727,2.967615764,69.83002777,54.31111525
1728,2.516953565,64.34906331,50.86441515
1729,2.289937213,76.03743794,56.72687447
1730,1.659042515,69.91544572,53.05287317
1731,3.860901928,62.66736101,43.83315228
1732,1.829749333,76.10543443,45.82608875
1733,2.533833884,79.07545911,47.1064787
1734,3.034468187,68.02571424,49.30653609
1735,2.148965236,76.53911022,50.00923113
1736,2.129857184,65.17653898,44.07138286
1737,3.898246821,69.06407104,45.25631628
1738,1.78480749,76.27907439,59.8144494
1739,2.698162777,70.35597566,45.48547685
1740,3.388676197,61.23983937,43.02708214
1741,3.405967584,61.78348271,52.3431952
1742,3.030718348,62.95254579,54.82073818
1743,3.495783633,62.73418205,43.42158369
1744,1.738228814,65.21596536,58.50382295
1745,3.193957782,73.99369051,48.95237432
1746,3.629005458,70.99988926,54.10639468
1747,2.495937149,65.77414675,59.6146308
1748,1.554977853,73.33564758,49.89604165
1749,3.110151047,60.22867988,58.5300097
1750,2.201461714,64.59235309,48.09616332
1751,2.945942813,65.78014987,53.98976858
1752,1.677987397,61.76235181,42.70184349
1753,2.01016297,79.53379685,48.83824406
1754,1.978794765,69.23939605,58.55552492
1755,3.642604291,78.33797634,45.72971603
1756,2.374093136,75.65318973,55.26923615
1757,2.525149488,65.02967264,52.67300807
1758,1.567641081,74.12334169,58.60004348
1759,2.629990197,63.8626262,40.52979259
1760,1.742143971,78.23750793,43.19870273
1761,1.74871673,62.24181281,47.06455757
1762,2.234200394,64.78350323,44.87164801
1763,3.537626246,70.6877629,48.30951157
1764,2.014319807,62.52087476,44.93380098
1765,3.62252108,67.04534925,42.4023557
1766,3.837474271,73.94438301,48.25685368
1767,3.972379635,74.78322266,43.93057928
1768,2.98976941,79.92746963,51.30063892
1769,2.93909902,66.28777909,42.29995181
1770,3.38285054,77.22939393,45.06532622
1771,3.402620125,79.08238421,55.57257301
1772,2.887227163,73.13055924,45.59152016
1773,2.625645914,66.83456125,46.00130674
1774,1.6510795,78.10452689,48.5029747
1775,3.420798817,61.66046886,57.93702692
1776,2.499544006,74.50531406,50.9348483
1777,3.645720135,61.45459715,47.00218468
1778,2.77096406,63.67778872,40.91165039
1779,3.348278695,67.69349232,58.7964707
1780,3.859246392,60.6492657,52.32729557
1781,2.919761145,74.73839647,55.84817389
1782,3.605681304,65.64597213,57.40054963
1783,1.708462214,68.30910251,57.61241437
1784,1.694850755,67.12722441,54.3781432
1785,2.856011178,79.40974463,44.36584683
1786,2.970157958,76.6735973,48.96435906
1787,3.547151613,72.11637252,59.08516655
1788,3.891994145,79.97098356,53.17249003
1789,2.562845003,61.30447614,41.59912691
1790,3.977820061,68.62988841,54.90159747
1791,3.949905025,66.91025354,50.30049101
1792,2.117494864,67.33890915,57.38059441
1793,3.931384929,73.81897312,40.18696846
1794,2.80751732,75.46068202,50.22020898
1795,2.719417725,74.14735974,49.80869815
1796,2.364569201,63.35941164,44.45511794
1797,1.641561067,79.2940368,40.97874249
1798,1.545140995,72.50802553,52.47371574
1799,3.035668649,61.6987757,53.42646134
1800,3.598724819,63.19972967,51.89286271
1801,2.178177629,67.77188572,46.77365821
1802,2.319828766,68.80805352,54.78965099
1803,2.829779046,72.3630298,48.73268282
1804,3.282186963,66.07536341,42.28296172
1805,2.410990773,64.68757017,41.7709438
1806,3.284678038,72.18872551,54.5597529
1807,2.829384946,69.60747851,40.91856466
1808,2.039877626,71.04550206,52.34928357
1809,2.425339019,67.26095093,40.94050925
1810,2.165477827,79.69627798,41.01258204
1811,2.810456591,72.2119558,46.49646634
1812,2.667338599,66.53608195,59.16065232
1813,2.697839844,68.65967855,46.73619447
1814,3.734656273,60.54898114,42.38702153
1815,3.05547525,79.68458775,47.49670094
1816,3.640563966,66.45950194,46.90626435
1817,1.94002731,65.99340616,51.95087027
1818,1.558277612,73.46183307,58.02056262
1819,2.180862442,75.8543518,48.20285223
1820,1.850301208,68.76936052,49.45386442
1821,2.41609435,78.74694163,43.35141125
1822,2.199621617,78.38026515,47.62275469
1823,2.670755247,73.49096631,43.15877048
1824,3.631837707,65.0410921,58.32156701
1825,2.049197394,61.84776455,56.66956889
1826,2.453518738,72.15299878,51.17291107
1827,2.116868995,68.55669546,46.32279553
1828,2.330578508,75.5232346,52.56300111
1829,3.47663136,68.2539193,55.06725685
1830,3.78394796,76.87687899,55.98311705
1831,3.956340298,64.0673539,43.65463554
1832,3.322403474,75.27767388,42.76370902
1833,3.23809381,69.61687364,57.55048826
1834,1.574089746,65.95908172,46.89013788
1835,2.299652399,60.31845424,54.38133052
1836,2.00332259,70.34394287,43.36424151
1837,3.463311754,69.37815965,47.44286623
1838,3.136235466,72.55879603,40.91496572
1839,2.767657559,70.4285655,46.91314821
1840,3.185856617,77.39686592,57.00957728
1841,2.819050089,66.18103592,46.72475906
1842,2.982898861,63.3774328,53.52452537
1843,2.071698881,66.00873689,45.81428861
1844,3.33716835,71.56276657,56.5161248
1845,2.261839762,70.01573379,42.87030912
1846,2.664447164,71.43614734,43.48602992
1847,1.882218741,67.50197152,52.81721189
1848,3.570756393,67.61090018,55.86006474
1849,2.271374389,74.83483158,47.46344154
1850,2.400938865,72.71709683,55.1527364
1851,3.772910894,72.42489372,42.08989631
1852,1.591026254,64.79920908,55.96755523
1853,3.542169274,63.24266213,48.94793215
1854,1.58953018,73.79276975,41.28636825
1855,3.30014503,79.46609237,57.28927906
1856,3.570046867,64.05013097,48.62507542
1857,2.392521272,74.31894469,51.61927718
1858,3.736650205,70.80732591,48.67648303
1859,1.684684307,77.75801608,59.42477282
1860,3.163829663,62.47335794,58.19238348
1861,3.018041089,75.97609265,53.22618522
1862,2.678127799,69.73714973,58.97563778
1863,2.7416666,74.2523836,53.26651324
1864,3.948836769,64.00936663,56.10129932
1865,2.865781728,73.32064053,53.52338339
1866,2.895812435,78.10085818,51.84342923
1867,1.959439204,74.00027684,50.23880454
1868,1.733689901,68.65950012,54.63018625
1869,3.732012928,79.92359047,59.35583613
1870,2.830274789,63.86131585,58.37100786
1871,2.816550234,76.66938941,48.42218855
1872,3.643930809,65.90998918,59.26384269
1873,1.704631346,67.06334578,53.89351411
1874,2.773154431,78.03324134,55.26630745
1875,2.176716452,62.19371792,49.9507647
1876,3.252853049,62.60120255,57.84782759
1877,3.973715849,77.04809235,53.46989659
1878,3.615792571,78.85981755,58.87241194
1879,3.015554345,70.27585882,52.3398282
1880,3.137949055,65.25006023,59.61744302
1881,2.773178609,65.74592176,59.17615638
1882,2.745807225,60.6239032,40.96378641
1883,1.856355758,71.52829934,53.82946801
1884,3.931828173,71.55008756,49.34474285
1885,2.868695754,69.638004,40.36174234
1886,2.787029784,70.62215264,45.15709589
1887,2.28328937,65.05790374,53.23877721
1888,1.521080617,79.77612822,42.60941952
1889,2.204849266,71.16888626,54.23385864
1890,3.93457866,74.38802262,47.30087456
1891,3.435394335,70.78609295,44.05290214
1892,2.569054591,71.81488686,47.87816292
1893,2.57024505,74.30621871,44.10437429
1894,2.996601713,74.37876427,43.14611903
1895,3.834522537,67.8367164,42.6083283
1896,1.9281874,61.53321201,43.90163682
1897,2.963112212,75.69654784,42.33977888
1898,2.83672817,74.29761065,51.17937284
1899,2.484968272,68.73497051,58.90975107
1900,2.625335506,76.77657755,54.59013814
1901,3.986505361,69.21532065,41.64257361
1902,2.062475988,60.65461838,57.97706536
1903,1.859786939,64.47952343,42.99152821
1904,3.759744091,66.1565319,45.91591002
1905,1.668763189,66.81678806,46.83867672
1906,2.336592795,66.20226405,59.86836342
1907,2.864401541,67.19242637,47.30887518
1908,1.509402928,78.47420637,51.78634765
1909,1.631145249,66.89796871,55.5648544
1910,2.84978705,74.13962345,55.22348261
1911,3.060167739,67.9664865,53.00935734
1912,2.773717672,64.15986676,57.54136198
1913,3.397946409,67.01025681,44.24460098
1914,3.491867882,64.37849214,59.82545584
1915,3.408116191,78.27193045,41.6355207
1916,2.259583964,70.17131491,55.10657383
1917,2.804006861,67.18846111,58.28689818
1918,2.473791792,66.94165684,55.26030262
1919,3.355311452,66.12161585,59.46088019
1920,3.030579344,72.52151678,49.99019652
1921,3.058184365,76.04020872,57.51075515
1922,3.990095944,62.55477161,40.6998807
1923,3.215748705,60.98722641,41.42416371
1924,3.604392154,78.29030188,59.23661374
1925,2.283490082,66.57295151,49.18617092
1926,3.732450224,79.33386254,50.62523815
1927,1.820607574,60.26579296,56.50255086
1928,2.198461024,63.19554396,48.91894106
1929,3.411574183,79.01987537,46.18789316
1930,1.629905258,63.88367385,40.37153227
1931,3.988417866,75.26236867,59.79911732
1932,3.39806861,76.81435922,58.88521266
1933,2.173794003,65.90566523,45.63087628
1934,3.051480402,66.20822073,50.5587466
1935,1.541127689,76.42397013,49.33239869
1936,3.831180086,70.616032,42.24472361
1937,3.998974955,78.18451451,54.18516494
1938,3.369162366,70.43220738,57.93707681
1939,1.571610859,75.05994173,46.54189885
1940,2.444930913,69.42105894,45.07543888
1941,2.317568158,65.61429856,47.32529653
1942,2.166597119,68.95804446,48.24850425
1943,2.424682402,67.12074811,48.70767125
1944,3.55322602,78.53345114,59.08023025
1945,3.732642182,67.94723372,51.77337583
1946,2.931956091,61.41429908,54.56548296
1947,3.465145282,67.4107887,59.62285462
1948,2.18937393,77.64728212,52.74114912
1949,1.984181475,78.85857001,59.65931715
1950,1.982016726,61.82797202,40.92859906
1951,2.175125981,64.75954761,59.53469609
1952,3.223544559,68.36211761,50.94641305
1953,1.929285783,78.11458282,49.96912769
1954,2.3492111,77.78681528,42.08790648
1955,2.369789729,74.77840764,44.07385443
1956,2.095196432,78.16000103,42.03302013
1957,3.799636986,62.27522946,44.40943936
1958,2.324820593,69.05598703,40.35311639
1959,3.265761685,75.07605569,50.29685179
1960,2.759731409,61.32301291,52.82706633
1961,1.923485933,61.74861294,47.54604784
1962,3.08664891,60.4626532,58.36225745
1963,2.699929416,60.02686069,45.57604053
1964,3.849879339,79.96263524,50.87986018
1965,3.30969222,74.88189518,54.28080412
1966,3.830209249,78.70484632,47.71925942
1967,2.283822935,62.48941158,43.11266776
1968,2.336855226,60.67535089,50.89744591
1969,3.428914593,60.17764736,43.95457228
1970,2.967527356,72.76150654,58.44412056
1971,2.618505106,76.54493701,43.61623657
1972,3.385694128,68.47928558,50.97153967
1973,2.389569441,67.86384671,41.30133978
1974,3.569992597,67.33658279,59.73602558
1975,1.996008671,61.82844392,56.91790035
1976,3.652353781,69.46312968,45.13166708
1977,3.168126296,76.63842518,50.12614281
1978,2.377942272,74.15519085,51.07964446
1979,2.431071346,78.44962636,57.71441197
1980,1.991717429,75.59877211,51.52609481
1981,3.851456638,74.52110156,58.14556558
1982,3.483571874,72.48713342,53.85157433
1983,3.048952847,63.44397465,57.93212555
1984,3.649437767,68.61215959,50.6740192
1985,3.239381174,75.79511942,57.5167882
1986,2.108871279,66.17238938,51.24826415
1987,2.326261509,62.66766734,49.22090163
1988,3.617612548,62.34597628,59.3799424
1989,2.857459607,60.01097827,48.08109204
1990,2.658288549,64.26925745,49.9882388
1991,2.497205264,78.95638044,47.80807546
1992,2.852457167,73.6414894,47.47096333
1993,2.936823233,73.23898233,58.3663677
1994,3.178734029,60.97360125,58.9867685
1995,1.717201325,70.67150461,51.00743526
1996,1.947730579,70.09947361,47.37044241
1997,2.088175338,69.46786364,57.45171957
1998,3.479451521,69.65262748,44.94479247
1999,2.361022244,66.9304282,40.17658617
2000,3.350694817,77.11387641,49.82617822
2001,3.676506631,64.04810281,51.43951747
2002,1.506038715,69.95745069,58.5979741
2003,2.77692782,78.81363653,47.6127909
2004,3.104703271,79.8658595,56.96107038
2005,2.795274032,63.37198583,49.10220064
2006,2.548927412,75.11781516,49.9157644
2007,3.47942492,76.4490955,50.30887906
2008,1.772683098,72.11974869,58.31768935
2009,2.754389238,73.0635953,40.18313839
2010,1.811172883,62.85692185,52.87370754
2011,3.360746245,76.74027236,41.18285262
2012,2.408352858,70.80212297,58.79413278
2013,2.095906665,74.21255481,50.8209042
2014,3.86100768,69.85076211,49.46867654
2015,3.829516316,65.46206277,46.74974184
2016,3.598478551,76.56438564,58.63158514
2017,3.126732021,72.11425862,54.05014314
2018,2.63177877,60.74754769,55.74952887
2019,1.889152913,70.02699002,54.95799555
2020,2.162687061,62.5177068,45.65227382
2021,2.903325994,63.65935429,48.94172745
2022,2.975455734,75.09588265,42.41155184
2023,2.321910123,70.50865548,52.55987544
2024,3.003555165,63.66243179,46.77175406
2025,2.948645862,67.34342371,45.15903218
2026,2.471295048,75.61166536,49.78774051
2027,3.415585364,69.58435041,59.37163097
2028,3.561170853,61.88778334,59.69416746
2029,3.398440187,74.43781172,48.88013326
2030,2.443712924,60.02704521,58.35807943
2031,2.337375507,68.0088054,41.50434512
2032,2.52335668,74.87206606,42.23862351
2033,3.565546675,67.14206587,58.65774382
2034,2.043655726,69.81752923,53.18006951
2035,2.605010355,66.64704048,50.24159436
2036,1.627372273,60.33499987,42.06213478
2037,3.551912562,62.07201755,49.51652426
2038,2.817132459,78.11811022,53.09424808
2039,3.644648765,69.4652616,55.3423608
2040,2.054033301,73.42279109,40.71286136
2041,3.444151523,65.86993241,58.32450451
2042,2.953140137,77.29743842,51.21478206
2043,2.148812375,69.44663104,49.37287498
2044,1.504379209,71.26059593,59.02862518
2045,3.312195771,72.41001314,54.80161329
2046,3.255514934,67.28672514,52.96207787
2047,1.686245539,65.07748415,58.66751934
2048,2.330067805,68.34442551,45.40046641
2049,3.939705033,60.04560756,43.46085889
2050,1.593794221,65.75297861,41.52121336
2051,2.792116821,78.18969096,55.08988865
2052,2.118158733,79.35328629,55.57036857
2053,3.910480877,77.56487563,59.74830878
2054,3.673464605,60.23080893,44.32084889
2055,3.58592006,61.57130785,48.68369513
2056,2.204310407,63.64133463,43.8979584
2057,1.732574694,70.10515527,40.44736754
2058,2.123302425,77.74546298,44.56677242
2059,2.999155658,75.90071366,43.06108247
2060,2.368709573,73.08103145,45.46775342
2061,2.633481447,61.83469869,47.03622935
2062,1.993789779,76.07299998,47.71139914
2063,2.079430606,70.90616711,41.10201111
2064,3.356383883,75.16686235,54.0105191
2065,3.510848593,63.42735862,46.70426013
2066,2.526583788,71.11480163,45.21733452
2067,3.134355087,68.67911755,45.08547098
2068,3.45641399,75.88020103,40.37638899
2069,3.898705128,68.87280944,49.21122906
2070,3.524463474,72.8412176,41.86318759
2071,2.582531625,73.1417647,51.33146806
2072,2.034148245,78.71101278,56.16267803
2073,3.336326096,75.9189104,55.5345682
2074,2.91436195,61.00958295,41.02407365
2075,2.844610211,71.0473658,41.50405164
2076,3.209073363,75.58173051,44.07011721
2077,3.912735189,73.99798732,49.52865895
2078,1.676966858,68.27130326,50.6891254
2079,2.854796308,65.4761347,41.00606782
2080,3.484229919,68.58274522,55.52697144
2081,2.880402115,79.74603474,51.43125923
2082,3.564648378,75.19060618,57.17505805
2083,1.648229848,62.20758761,42.67369497
2084,1.63671022,62.56022698,52.02740282
2085,1.663381875,65.29377933,41.88985177
2086,3.234519697,72.87548995,45.83823864
2087,3.089720731,65.81575939,40.7216427
2088,3.131287956,75.00011027,49.44859075
2089,1.897522548,60.94178481,48.90021313
2090,3.145519533,79.57363863,59.64482268
2091,3.114923063,72.03018704,42.56619974
2092,2.375159821,76.22117454,42.36710105
2093,2.348758073,62.11382421,58.87986799
2094,3.254734278,63.55425296,46.2876954
2095,3.969567899,60.42065867,50.50128447
2096,1.756883615,74.06436583,51.36964166
2097,1.935435291,60.43523532,47.60212604
2098,2.062847132,76.43337482,56.53946792
2099,2.346740963,61.14461558,44.48251052
2100,1.80154902,69.82461052,54.57851086
2101,2.741436728,66.91445733,59.05805324
2102,1.89252257,66.57174442,46.58868477
2103,3.554976456,74.70804664,43.96975884
2104,3.085943798,67.20598553,44.78736571
2105,2.053772735,75.76904687,52.77079819
2106,2.608284015,68.71249758,59.61848556
2107,2.465764386,63.6041145,44.99190733
2108,2.356153474,76.59904647,47.20513106
2109,2.143797256,62.88648677,54.35282465
2110,2.386456541,79.8430606,45.18991129
2111,2.609368909,79.06985116,56.35098211
2112,3.814753809,70.68591575,42.80567011
2113,3.263968296,76.05600874,45.00307387
2114,3.068695624,72.13428967,41.25946171
2115,3.45590411,66.47376733,54.12188972
2116,2.1010436,72.43970644,42.64659559
2117,3.931191331,77.18632938,54.720516
2118,2.558572427,67.39118072,44.75481761
2119,3.010086082,65.94629311,41.68776551
2120,3.501678365,60.15239841,43.99171848
2121,1.639638463,72.74707222,56.80229963
2122,3.745221455,78.73680053,56.23688925
2123,3.005556618,71.10925235,57.80632354
2124,1.651251579,70.81459752,54.10327377
2125,1.662505643,66.80366368,48.50181948
2126,1.857965795,78.85926817,47.642327
2127,3.479509154,67.97100863,50.25775931
2128,3.401184309,69.64679426,50.19272043
2129,2.565482432,76.26057999,59.72438803
2130,3.206672542,72.05555659,49.87149657
2131,2.115549916,75.73141021,51.83810764
2132,1.941404401,62.90246019,57.99736769
2133,3.991191409,69.04339125,58.09326462
2134,1.892838153,63.24119899,52.53836384
2135,2.867095887,66.90243835,51.10709286
2136,2.53548558,69.7033376,46.68966823
2137,2.218764111,61.41953424,49.3264812
2138,3.824701134,74.9284545,47.57408429
2139,3.793050869,72.14738197,44.73892659
2140,2.64478989,67.43947087,42.09515405
2141,2.099692063,77.4002413,53.13922462
2142,2.70556159,65.26261774,50.43327389
2143,3.453777736,71.97378818,53.46427136
2144,2.622568752,68.43986326,41.77878019
2145,3.745191101,68.47503121,47.70048464
2146,3.421206634,69.46981537,52.61076597
2147,1.662621552,61.57385005,42.79744356
2148,2.240211745,67.83110935,52.55791978
2149,1.605850965,67.18765502,50.45091816
2150,3.055159192,79.71963165,54.94242675
2151,1.753567595,76.12552906,55.09692124
2152,1.743358741,69.56978955,56.84717297
2153,2.407152097,72.9073448,52.62600995
2154,2.940607366,75.18208719,44.71478466
2155,3.701733489,72.77855508,59.46039332
2156,3.536290936,77.85114586,59.82476355
2157,2.547265475,74.48998506,48.09260772
2158,2.347587932,63.87918389,44.18299958
2159,2.128909162,70.99675493,48.88602593
2160,3.525189014,75.25015347,42.02510285
2161,3.803100663,75.40539578,49.26652267
2162,3.925754802,62.5543854,43.21014025
2163,2.200325723,72.75474179,50.46081041
2164,2.704625573,62.34762425,56.46862903
2165,3.716170115,76.66748855,47.68643645
2166,3.343287862,62.20079662,51.15365345
2167,2.647918547,64.54704575,59.98447576
2168,1.551733847,74.27148787,50.62252905
2169,3.539058558,63.67836943,53.59312925
2170,2.823815943,67.92511167,57.84205957
2171,2.836368227,75.56420106,42.60336639
2172,3.276730437,67.10286218,58.42455117
2173,2.963956199,74.56219201,49.10425275
2174,3.861023313,73.35101489,59.59683428
2175,2.767251514,79.3071714,40.84175306
2176,1.940224458,66.73560441,46.01204233
2177,2.595784844,72.13032081,49.73920721
2178,3.617515032,65.00417674,52.19782642
2179,2.697730557,77.84133502,45.70819043
2180,1.959072581,61.1136473,48.71683037
2181,3.080704622,69.37383514,43.43451569
2182,1.851221641,67.36748103,45.88692104
2183,3.383633823,73.74995573,52.31617276
2184,2.571673592,60.50248303,58.76460692
2185,2.251153504,63.53782518,48.69955645
2186,2.432752242,71.08432292,52.79646778
2187,2.927545185,67.07651399,49.70901745
2188,2.817992791,77.53584349,44.19371268
2189,2.181668237,76.46375321,56.07932114
2190,2.599157857,79.95266955,45.17287369
2191,1.756683216,79.17915059,48.2099182
2192,2.129265766,65.74614287,55.13144977
2193,3.9186412,61.24607157,53.47897131
2194,3.545566692,79.61104788,54.81089095
2195,3.302256169,79.54369949,52.16517086
2196,3.207385628,62.09622196,58.14317393
2197,2.078154989,60.25816046,58.06744632
2198,3.846446041,63.92577711,51.3324876
2199,1.685129032,67.26018782,51.58948582
2200,3.913878452,61.11541692,55.78160988
2201,2.281451334,78.17482787,52.83801226
2202,2.910638503,67.29095665,46.66334175
2203,2.077190382,72.94990868,51.97141822
2204,2.768518129,69.65322778,51.13136597
2205,3.423577169,66.08553367,56.49692833
2206,3.088813911,79.12006062,51.1983169
2207,1.83475033,61.26350669,44.73805534
2208,1.898778068,67.56352585,59.06316915
2209,2.532201292,72.88220274,55.02798556
2210,3.630960024,61.67745973,42.39664418
2211,3.522580859,62.25324083,51.36388646
2212,1.939547561,70.97890541,40.06241204
2213,2.023214775,61.38052254,57.06794109
2214,1.566942637,77.71652927,51.09596644
2215,2.02394082,63.21188959,54.97663619
2216,2.633278337,78.29354808,41.08959531
2217,3.674376664,78.01283629,52.6943415
2218,3.669130584,77.81632697,47.05145607
2219,3.899335625,65.97178548,46.47525937
2220,3.700669821,69.73301104,42.73187602
2221,2.803351774,66.5220106,44.8271542
2222,3.342230624,76.10821014,44.58129475
2223,3.052513646,74.63404779,42.94227028
2224,1.990538128,62.81585484,41.12847125
2225,2.951969373,66.84466908,44.94894417
2226,3.925794868,73.94616822,56.37058148
2227,2.219914199,79.46200958,48.20778733
2228,1.587119515,71.96819496,54.46333495
2229,2.74656216,61.10745601,56.37001534
2230,3.224271564,74.6688355,54.89045457
2231,2.306409069,66.97149089,58.26816394
2232,2.674022489,64.29925928,52.21160653
2233,2.205357584,72.54801989,52.93893509
2234,3.856788009,66.56208481,46.35548276
2235,3.583283236,64.82237044,46.43464604
2236,2.19620541,70.84065143,49.77864949
2237,2.592621389,73.52974852,49.68042295
2238,2.853048797,75.42687894,57.5277329
2239,3.607290003,62.01056041,52.41910652
2240,3.465612693,65.57324196,47.1308802
2241,2.015163763,75.20516057,43.69308627
2242,3.535572264,77.88498964,57.64527847
2243,1.97695989,68.56885195,50.7357466
2244,3.286708529,78.25108906,42.24567
2245,2.91674753,60.25752845,57.48539006
2246,3.450175936,79.5836077,58.18215535
2247,2.489838281,75.98228377,45.19249975
2248,3.710419063,73.4777259,44.45175015
2249,3.978993604,62.90282324,42.28653435
2250,3.081271669,70.51394275,49.52599337
2251,2.954977785,76.17978178,50.40866681
2252,3.47266704,74.0972305,41.3322125
2253,1.686187579,78.71213257,42.60863321
2254,3.313490642,74.63402813,51.23022643
2255,1.516657587,77.71036031,48.18786364
2256,3.349594027,63.15762527,58.3794554
2257,2.474466604,69.29842041,43.16107071
2258,2.923232975,70.35081579,59.93297076
2259,3.107133991,75.56365452,45.00330372
2260,1.958885115,79.89909474,43.08434782
2261,1.888745542,72.73548375,59.5415271
2262,1.707304095,79.9587606,54.41169291
2263,2.009009824,78.74882203,51.91085863
2264,2.397377984,66.13403879,49.33050289
2265,1.879828455,62.85405284,40.99186923
2266,1.913580208,60.84351121,59.23508704
2267,3.766446849,60.58433349,48.91370407
2268,2.762226352,75.13001577,43.66536262
2269,2.751294048,75.50092364,47.7457711
2270,3.276024229,79.96848616,47.62301372
2271,3.29098441,76.89444281,54.70937029
2272,3.218803113,70.16217306,55.29975746
2273,3.465950854,66.41906442,50.45923994
2274,3.710905409,66.62968821,58.45631026
2275,3.403627652,63.59486775,42.18103803
2276,2.778900879,71.10768122,41.24933847
2277,3.096336099,75.22958861,46.60667809
2278,3.61512243,61.8570384,44.54313754
2279,3.083730274,67.29466335,45.02293499
2280,1.940149452,64.40778567,53.27900206
2281,1.594068043,74.82953004,46.75385608
2282,1.719018441,67.72234099,59.96245634
2283,2.371088726,75.52658453,55.05624249
2284,3.396744937,66.01242816,57.92335742
2285,3.673205037,67.73655264,57.96808712
2286,3.091535478,63.49702742,52.9919183
2287,3.321535683,62.24854907,46.80293868
2288,3.873709489,64.90518863,46.48108081
2289,3.040687132,64.01207092,56.7948983
2290,2.896241013,63.0619874,58.84050902
2291,2.399062301,63.32598682,45.06568491
2292,3.02905464,66.4405931,54.39495881
2293,2.252949868,61.38967794,47.96853956
2294,3.162837621,68.60581285,53.43927801
2295,1.668606704,63.5842452,59.77826873
2296,3.943513495,74.34272366,49.3578838
2297,2.034119056,69.06177014,55.39226447
2298,2.772298505,68.91768951,59.99072405
2299,2.103105981,67.01537256,49.42100794
2300,3.025646504,64.37598438,44.20382314
2301,1.60475974,63.58683925,47.19915858
2302,3.332623587,69.53571163,55.46805471
2303,1.567468688,78.92671755,41.79679012
2304,2.348426322,72.18259642,49.52249134
2305,3.273775263,67.16764117,55.39197586
2306,2.023774829,72.68101705,54.11811145
2307,3.954206873,70.12920596,54.70493728
2308,1.501078576,73.38141658,51.93607445
2309,2.127083815,63.116511,55.37246154
2310,3.361773695,73.10459163,51.05071656
2311,3.187741513,65.02348009,46.73580907
2312,1.785441337,71.77863913,54.52519482
2313,2.569595649,73.46919296,46.84748626
2314,3.901729025,69.94837163,40.4422716
2315,3.594503194,71.29683045,43.06963532
2316,2.550954562,64.24520437,50.8574417
2317,3.037326534,69.80757276,59.01400386
2318,3.441365902,70.08000905,53.11188946
2319,3.646644694,73.76782088,57.40326864
2320,2.312058691,64.19404398,48.65463581
2321,1.931249807,64.60161646,58.07862751
2322,3.731254265,75.51156884,41.38534642
2323,2.409531017,75.77643041,43.48568478
2324,3.815867126,68.25096995,53.44066176
2325,2.7153409,74.00102157,40.66520782
2326,1.910771639,77.94739386,48.15454925
2327,2.295984155,75.94712417,48.34601183
2328,2.360489917,67.30136042,45.96267203
2329,3.082409606,64.0869339,52.2357429
2330,1.503952481,75.14771666,45.27117324
2331,2.491109353,79.02098445,42.09951786
2332,1.967301864,73.8619223,49.20221868
2333,3.729202052,69.88747595,59.43116786
2334,3.157945554,77.62691608,47.32982122
2335,2.048265324,70.82153546,59.86259358
2336,1.908642143,67.30600871,54.09926207
2337,2.660399493,68.91814982,47.84407611
2338,2.505867814,69.19494964,53.71108959
2339,2.089463182,66.67084975,46.40439254
2340,1.519068107,75.63802302,43.54039109
2341,2.263048745,71.26351329,47.59807572
2342,3.045587947,62.76384553,59.53693555
2343,1.559403963,64.94508806,40.69620161
2344,2.408080531,67.61190551,48.80390234
2345,3.621299028,68.34035826,52.1408921
2346,2.389952739,68.55152473,57.66953048
2347,3.096896082,71.34717445,45.60301642
2348,3.848488647,70.91085294,44.23567988
2349,3.82550527,71.32986803,49.04427325
2350,2.958264346,64.15234431,53.36616291
2351,3.775266094,60.3138776,56.36279377
2352,3.359357891,69.66930429,57.48183634
2353,1.552117363,70.50917764,45.94241781
2354,2.77451584,68.7575035,42.97580639
2355,1.516431423,65.88933355,49.04297564
2356,3.359831698,71.32489828,54.3807798
2357,3.116960191,68.59947992,40.59011634
2358,1.81307232,60.56460561,58.8570894
2359,3.020276005,75.02881483,41.16826583
2360,3.162919595,62.72927398,42.11848976
2361,3.43358655,76.68977538,43.02782057
2362,2.633876506,79.04142451,44.79582843
2363,2.416883309,69.00581381,59.66318541
2364,2.367489973,79.91074323,56.40829026
2365,2.42638663,73.23356286,42.43885337
2366,2.092571777,60.75719293,57.77613201
2367,2.878596052,67.54388561,51.46747688
2368,3.181022975,75.57477884,45.5606175
2369,1.717849893,69.21192801,41.78105343
2370,2.038075972,77.95947115,45.53896674
2371,2.999269095,65.01799206,57.24902304
2372,2.398374863,76.51309452,40.54090942
2373,1.988005491,75.42295782,41.18793631
2374,2.113702382,78.40854438,55.67935739
2375,3.455736588,77.68520102,40.85738027
2376,2.857372311,76.62595973,46.43507528
2377,2.613577835,70.60019398,59.52363468
2378,2.750936023,76.49931729,40.62214121
2379,1.886535259,69.87744856,47.47335953
2380,3.081017652,77.59087518,50.39411131
2381,2.498952528,62.22120969,59.16229197
2382,1.642616368,72.41330146,40.34158341
2383,3.555648018,69.61974272,52.60923591
2384,2.833877224,75.06224051,56.02987516
2385,2.506812488,68.53947124,51.63719847
2386,1.870975547,63.42797555,55.65259019
2387,3.071421999,77.96296355,51.06879721
2388,2.242445662,64.6795168,52.46776106
2389,2.95783763,63.65276305,55.77367264
2390,2.48841317,66.76247003,52.30015607
2391,1.627403894,71.24182289,43.93059708
2392,2.777462696,75.45874179,46.91498302
2393,1.610713367,70.49645339,42.16300709
2394,2.323235813,64.2444829,57.93032852
2395,2.132079175,78.09542199,54.59822312
2396,1.51058632,60.17745901,55.02221768
2397,2.316673501,61.16745019,42.32339581
2398,2.37069379,69.04579322,45.90007315
2399,2.835107379,74.01338493,45.24445696
2400,1.936988763,60.82270021,51.40065908
2401,2.916970369,68.24851046,45.47490722
2402,2.41805744,63.81447254,49.70759334
2403,2.042581051,79.53561591,41.82737048
2404,3.378855105,69.62860461,58.1761883
2405,1.542599195,64.78014708,54.07082734
2406,2.031866078,67.41249459,51.85092877
2407,2.817916566,63.12313408,44.83408969
2408,2.502742916,60.75816389,50.67020592
2409,2.463948492,61.76705453,58.91367582
2410,2.201643321,65.40071168,52.69597516
2411,2.83559116,68.53885646,59.17340938
2412,1.813108327,77.19611682,56.36720968
2413,2.553682704,64.98136187,50.71163557
2414,2.003293151,72.54928242,48.70029964
2415,1.795741008,64.84422559,59.43152026
2416,2.38048182,70.05126821,51.40738364
2417,3.623343404,68.50012647,43.65455057
2418,3.124807575,62.47500484,49.40549757
2419,3.889246211,72.97994809,48.14525265
2420,3.717898033,71.73753847,41.96466673
2421,3.446415066,60.45770145,50.16874117
2422,2.259885325,69.6814389,41.89106966
2423,3.091587144,69.8272662,48.34183097
2424,2.681032687,67.46623524,51.96121215
2425,3.814460299,60.35092767,53.33513561
2426,2.621635739,77.82474616,55.29179062
2427,2.313380087,67.63238603,56.08153829
2428,2.531130867,62.60831051,53.05119932
2429,1.713976418,78.46960198,46.57876747
2430,3.511444975,79.61082591,50.12041373
2431,1.935015659,78.34724613,43.90728192
2432,1.962330154,75.68925825,52.00938746
2433,2.528411256,77.22287374,40.54877391
2434,2.555206796,61.69608959,50.60454306
2435,1.511264683,71.2580231,41.99878602
2436,1.993490052,77.74297388,57.379967
2437,1.542733114,73.07330576,59.75366544
2438,2.538575556,70.94666978,48.66220951
2439,1.520478096,62.10679587,53.75030278
2440,3.139346298,65.46359487,59.6849894
2441,1.75011924,75.77992785,52.21638458
2442,2.545045349,72.04749587,54.73644904
2443,3.382046386,69.08705329,44.26318475
2444,3.006847577,65.77449921,56.53756221
2445,3.239522731,74.63690197,41.43361878
2446,2.097356092,74.63754788,50.94064665
2447,2.434022766,75.10205751,43.70091165
2448,2.09005957,75.61514859,54.03732569
2449,1.66297506,68.64132398,47.64049405
2450,1.560977589,61.37467242,41.53093258
2451,1.986938772,64.01432066,46.00211176
2452,1.735291356,63.01697476,54.47204272
2453,2.395855377,77.94333131,52.26463502
2454,1.691251949,70.02406475,59.00204359
2455,3.898123952,77.24722683,56.30970879
2456,2.763003853,72.88626852,59.20223505
2457,3.432340517,76.98262724,49.56280872
2458,1.604509424,78.49824028,56.80077205
2459,2.743463555,66.79082956,53.32967905
2460,3.459632161,72.5430725,56.88493772
2461,3.388867326,64.62032502,40.44142743
2462,3.285874202,69.68625015,50.74179991
2463,2.385176793,67.15324756,44.311363
2464,3.62296273,75.07989735,54.10094148
2465,2.479072087,66.54149518,42.30144598
2466,2.188994271,77.54326788,50.92868821
2467,2.376940303,73.73198595,51.85932988
2468,1.547986026,68.9238472,53.82158167
2469,1.987566733,66.21362131,43.25609182
2470,3.75153423,64.32213903,40.63179517
2471,1.921698667,77.21624435,49.91690261
2472,2.874363232,63.05963904,43.03876529
2473,3.469391047,65.56253732,47.75485976
2474,3.764971415,64.92189748,51.47181049
2475,3.950317148,75.95341844,54.95051306
2476,2.602711251,72.39335956,52.95736571
2477,2.587594723,74.60035322,50.95527338
2478,2.529031641,66.11196976,49.08186769
2479,3.247998687,65.04463961,54.32786957
2480,3.951700281,71.20131483,46.18819094
2481,2.918206106,70.5154918,46.21599249
2482,3.914454196,69.96215932,54.26724906
2483,2.508315104,71.89210117,57.61970978
2484,1.51892261,65.12180625,40.30050935
2485,2.767684662,69.09478212,44.90901702
2486,3.37315426,62.1951035,44.82933719
2487,3.232431456,75.69481139,58.31600072
2488,3.828356912,79.36204728,55.0192569
2489,2.482336722,70.70472139,58.73222434
2490,3.384009733,68.95885248,40.30294763
2491,3.219748522,79.65027437,53.3549545
2492,1.557811645,63.51477592,52.65755247
2493,2.006852316,64.1169094,46.19902255
2494,3.666671789,77.33354059,50.03828635
2495,2.641436719,76.52559543,55.52495978
2496,2.081845587,77.4417037,59.39302098
2497,2.017302253,70.84280877,56.20497683
2498,2.901583334,61.06565894,41.12923351
2499,3.12141954,74.084022,55.71228689
2500,2.714703737,78.81300756,58.19541798
2501,2.715081496,69.3233728,57.21224141
2502,3.136460179,72.45657588,40.22665887
2503,2.799811793,69.30134974,56.90559446
2504,3.840048399,70.43495359,40.05666853
2505,1.68061242,66.82631369,55.6229685
2506,3.205384212,63.80453986,58.75126118
2507,3.807068354,78.44596163,52.39224539
2508,3.759886016,71.86302913,54.34072376
2509,2.11337571,74.63752896,53.67555092
2510,2.867240453,67.11260588,50.77648619
2511,1.726485413,76.44843556,45.85883024
2512,2.432272596,71.6409806,42.13610122
2513,2.668951548,64.43368285,54.27390409
2514,1.804790228,66.01767261,40.45429752
2515,2.685041808,77.24251588,53.18583664
2516,1.838074091,71.57865067,44.9763332
2517,2.995684772,70.89854681,53.21304329
2518,2.236890768,61.33785589,54.13493654
2519,2.825513079,67.45226994,58.86319656
2520,2.911646634,76.66763541,52.98242589
2521,3.630980384,68.6702736,54.23878009
2522,1.85127619,75.96746509,55.17142602
2523,2.02532947,60.71523563,43.92234984
2524,3.555296389,63.68620282,43.9739235
2525,2.757048037,71.87635357,59.30771878
2526,2.329960423,79.20687456,53.07382371
2527,3.563773937,70.75671907,45.13057288
2528,2.743474474,70.86105347,49.30025645
2529,2.088633307,65.20149537,46.87567687
2530,1.640062986,73.85364751,49.5155535
2531,2.227503752,67.60826573,48.98394412
2532,3.391875724,61.38585619,45.56123896
2533,3.065560565,79.07058008,42.70172751
2534,3.551349588,78.58171922,44.95277862
2535,3.182405259,65.91314761,47.83632689
2536,3.722299942,63.09594067,40.52642089
2537,2.206018127,66.72684759,42.35217243
2538,3.307943837,76.56831942,51.53319519
2539,2.70883615,76.31063118,43.23892864
2540,1.72840703,79.5161898,54.35895569
2541,3.94840508,79.63287815,56.53257516
2542,3.999616441,67.43940124,52.38774723
2543,1.58158818,72.26206657,58.50888424
2544,1.799457798,68.58586469,40.98942656
2545,3.569272436,73.42604717,53.30128033
2546,3.310434688,79.822532,50.67941791
2547,1.561060157,70.54339536,47.15121359
2548,3.900242293,69.20033009,58.98086247
2549,2.607032334,79.10640467,45.17948764
2550,1.662032208,75.10562578,44.27018754
2551,2.581700806,75.55474395,53.86650981
2552,3.982112044,76.13663265,45.34972789
2553,1.58215283,74.64368316,44.59781594
2554,3.058804324,78.8015812,47.81082529
2555,3.64119378,61.36569539,52.33270124
2556,2.916180029,64.96664504,40.44186939
2557,3.534568487,62.66541333,48.90485983
2558,2.130783297,60.40953011,58.05356962
2559,3.255118908,73.19752883,46.73633767
2560,1.680410711,62.95604814,52.6117091
2561,3.059596136,72.14449283,42.55914779
2562,2.181827133,68.80930298,48.6161155
2563,2.056944865,73.28237724,55.13464168
2564,1.829458327,77.74676219,44.08071795
2565,1.602219804,76.98191981,58.76797838
2566,2.309651341,61.70330129,42.50716725
2567,3.27799059,67.65767977,52.4491754
2568,1.599706232,61.81661428,48.07977508
2569,2.352261512,69.27361622,52.96249261
2570,2.512330935,69.51815754,49.3118009
2571,1.82222797,61.92041603,41.50469019
2572,1.666875653,77.30556857,43.25784296
2573,1.927507714,78.47029867,41.3643496
2574,1.879474661,78.31589595,51.04474525
2575,2.615817312,63.22107027,49.37627524
2576,2.161468229,77.11655899,45.92952534
2577,2.02727026,71.88982205,50.30692018
2578,2.123752991,74.92465453,58.90869374
2579,3.873239724,74.49262749,50.16624576
2580,3.151733846,71.93018335,57.04831557
2581,1.770557125,64.03926545,53.00683857
2582,3.712759957,61.05137619,46.25352603
2583,3.296795065,77.81837337,45.72771711
2584,3.477626233,66.03182585,41.41810462
2585,3.692649903,67.65791405,53.20249596
2586,1.869227476,74.39201158,56.10314549
2587,2.587302541,72.80162686,40.19733447
2588,2.155789153,74.62567556,52.92536282
2589,3.211304907,73.69420128,46.06227861
2590,2.020657041,75.64095791,44.8065432
2591,3.019634928,66.17174357,48.83331169
2592,2.709266442,69.77701566,41.21197381
2593,3.098303865,79.06756729,44.57776403
2594,3.527696172,63.27590706,48.11811555
2595,2.706150139,72.8541846,41.62807434
2596,2.820101918,65.76936739,43.13585756
2597,1.910480307,75.34528146,48.6341546
2598,3.565738646,68.97390621,48.19313542
2599,1.926835508,62.42543346,58.92706157
2600,3.805052477,65.02710926,46.44891073
2601,2.302606401,63.79785898,40.38216525
2602,2.849267666,66.71320582,42.83827232
2603,3.740238064,66.36385984,50.70144335
2604,2.865157285,70.24009044,45.30629877
2605,3.866975503,67.55559607,50.15062124
2606,2.3829825,68.78386507,52.28602788
2607,2.443953575,74.15298253,53.21553249
2608,3.612256789,72.85062074,51.24609334
2609,1.545396544,70.26173384,50.5262004
2610,3.902541962,71.51613179,43.39327369
2611,1.641911946,75.73792571,59.8357093
2612,3.009762267,68.21204103,49.38444621
2613,2.727348096,78.38606517,50.72200594
2614,3.661456044,60.79991087,48.93674197
2615,1.770510296,65.73091063,50.0842577
2616,2.745229728,73.97848635,42.98158137
2617,3.849716076,71.19864781,56.18795194
2618,1.911930657,77.28343375,46.30075313
2619,3.878972388,73.07874405,57.48278738
2620,2.096131428,78.06758539,40.25969791
2621,1.743031552,60.0855631,55.20104458
2622,1.763469975,60.7134177,59.32056817
2623,2.177559879,68.96907165,55.66675591
2624,2.51431301,69.46591799,57.00547684
2625,2.289411158,75.17565057,46.18165076
2626,2.753829498,69.20775775,44.52003936
2627,2.651607818,71.7163016,41.18989861
2628,2.270060692,77.11405465,46.44101904
2629,2.222395561,68.16279739,54.40551649
2630,3.080559089,61.87469333,48.55946492
2631,3.392021008,67.48129248,59.76237067
2632,2.542935211,71.27916281,44.05529448
2633,3.288288443,72.49349667,45.02184231
2634,2.107056561,71.09111746,41.40111331
2635,2.413040672,60.61596519,52.0608584
2636,3.832440727,68.43602954,46.5124017
2637,3.743159086,67.79003631,42.50944721
2638,1.552134118,68.20178978,54.29941242
2639,3.501361305,62.3370949,57.66447562
2640,2.764913885,68.28723519,50.27016718
2641,3.990798593,79.49920238,52.47135435
2642,2.164777368,74.70743684,46.64400604
2643,3.905649664,67.59215928,46.48475379
2644,2.873542571,79.01861316,46.85383408
2645,2.881812631,68.84297625,46.70597473
2646,3.228400227,65.02721008,56.8275583
2647,2.091648552,65.2905779,51.34863646
2648,2.316236642,77.93426433,41.3684473
2649,2.801447451,60.7150597,47.34697886
2650,1.580641741,74.01219914,47.15550786
2651,1.709109542,71.98222732,42.08597231
2652,2.756806135,60.99978489,56.29350811
2653,2.472225851,74.62438803,46.18738113
2654,2.031310047,67.308823,55.16244013
2655,1.942892801,75.20845997,49.7390244
2656,1.561581222,62.50170129,43.93466207
2657,2.705624245,72.65961966,54.23423212
2658,1.82129402,61.43771001,57.02851779
2659,2.594553376,61.12721224,49.03297008
2660,3.485052892,60.05050586,46.78643421
2661,2.88794172,65.38016237,41.31639204
2662,2.316059548,71.99696266,43.05406587
2663,1.950414975,68.52247651,52.56535747
2664,1.89765838,61.81014083,50.07217123
2665,3.563682472,77.03176288,59.51829811
2666,3.303486079,64.45127261,45.48636963
2667,3.227808449,74.63482378,44.65790082
2668,3.186706587,65.58146012,52.83318141
2669,3.236669066,60.91249397,50.11525081
2670,2.273566569,60.86102043,54.50171143
2671,3.5582296,79.60572581,42.61954129
2672,3.326901169,79.46238828,49.27527386
2673,2.536908235,63.96248307,41.15658756
2674,2.893344513,78.4766303,48.52431146
2675,3.461704527,67.0879256,42.82997343
2676,1.960168273,62.0654409,57.46946334
2677,3.02008658,72.23919722,53.81811192
2678,3.428059298,70.69011144,55.18049404
2679,2.061798725,72.38876555,44.59802752
2680,2.389815787,74.4187344,41.53164867
2681,3.051620313,69.69008574,51.28476101
2682,1.831008701,75.87283603,52.07480852
2683,1.6402671,63.79834329,56.91010186
2684,1.702458909,66.00376324,46.04471424
2685,1.611843215,70.24731885,47.24309306
2686,3.284654108,79.25509126,55.18780974
2687,2.97499285,61.21824941,55.23300581
2688,1.971661013,71.2685454,42.95734277
2689,3.744345265,62.56738581,52.27513303
2690,3.601670606,73.76117484,56.55159448
2691,3.219639022,67.09402928,58.41042558
2692,1.622901423,66.36170378,59.28941754
2693,1.650063409,65.53602166,41.37258387
2694,3.57626302,73.65940393,53.4839232
2695,2.864898096,70.02915372,56.94243667
2696,1.601679696,68.55509734,48.59147431
2697,2.685064214,65.69089682,49.74531061
2698,1.904398941,63.88927539,50.04620594
2699,3.770511411,75.8385073,49.54708724
2700,2.221658988,64.43275268,46.9897477
2701,3.249832402,65.78599547,41.44512896
2702,1.598662169,64.13032858,55.18604472
2703,1.936255619,61.03483776,56.01253405
2704,2.601232335,68.2319378,40.93266288
2705,2.159768682,75.79490009,46.88408512
2706,3.369239662,76.4199185,54.46667105
2707,2.319232555,64.33904605,56.66368938
2708,1.581773787,62.03523786,54.95224295
2709,2.122481905,67.69367376,51.71118646
2710,2.185178739,77.49916341,56.68440326
2711,2.114870471,64.55769671,49.53534743
2712,2.28588061,70.41307804,47.22509829
2713,2.555770846,77.38287453,43.64780891
2714,3.244273565,72.34596619,45.40995713
2715,3.457843609,78.00484126,40.90639015
2716,1.919611987,73.19681949,53.0210885
2717,2.099395077,63.61435894,56.49250759
2718,3.255723305,64.30054121,45.12543101
2719,3.686779698,69.08625983,46.71688039
2720,3.245123568,64.35944989,59.93065161
2721,1.774958834,66.63290877,44.74084642
2722,3.892083491,62.5999372,53.6290833
2723,3.460300006,79.63844605,56.19910736
2724,2.304080619,73.45314702,47.93489093
2725,2.157904059,71.17417665,44.3401324
2726,1.614931069,64.99221693,50.04807662
2727,2.187768463,72.58281303,41.43955858
2728,2.289827713,61.36575476,46.20858594
2729,3.958977142,60.35883799,57.66899781
2730,2.207950381,76.04714884,49.48106312
2731,2.939542174,77.23064707,53.17832073
2732,1.848145254,65.87433669,51.47385691
2733,2.026420716,64.51070953,52.80104144
2734,3.396191069,60.41420892,46.29370624
2735,2.918725684,65.27788453,52.61857622
2736,3.067074175,78.26731669,43.34287614
2737,1.506864883,66.63640849,40.1687874
2738,3.848309008,70.85466585,43.35164613
2739,2.773106773,72.56168405,47.50894141
2740,3.873425483,70.81872721,59.75779875
2741,3.010460985,61.97246138,58.99877489
2742,3.869454555,75.92765983,51.34228297
2743,3.934773704,63.60916982,51.66686755
2744,2.451570691,70.10194909,45.30753625
2745,3.066020317,62.02466644,41.90091893
2746,2.370306869,75.09093312,44.05322812
2747,2.516170744,74.47396335,52.3938167
2748,3.542182986,75.03732831,55.10959043
2749,2.654771942,68.98677038,47.78200301
2750,2.255857726,64.2625649,47.78726458
2751,3.807658562,75.08895356,58.77140658
2752,1.897372458,63.64171481,51.02324864
2753,3.38565795,67.06483136,53.44108234
2754,1.680079661,62.83258577,53.47474356
2755,1.628253972,74.43219032,58.58399291
2756,1.791133987,67.84134345,57.64288942
2757,3.638056763,77.44676938,42.5173246
2758,2.389070254,64.90701511,57.4202203
2759,3.889573527,73.15603988,57.28802233
2760,3.201762246,73.1058831,47.64536261
2761,2.713000537,69.61601851,50.00715853
2762,2.607620447,60.31109907,55.13498286
2763,2.868564669,62.6510651,57.61168989
2764,3.796945206,75.56759204,50.97440342
2765,1.716840531,72.00828944,40.30278875
2766,3.373709301,74.92755996,41.06914598
2767,3.924873971,63.39484361,56.94628066
2768,2.817433362,62.99045591,43.67002939
2769,3.329357698,72.94812743,42.74076788
2770,1.994250985,63.93267081,59.45011937
2771,1.888350418,63.83497489,48.77567825
2772,2.983693095,72.25004499,47.53281196
2773,2.411566717,72.15997476,41.4123543
2774,3.029023392,63.34609895,40.49900474
2775,2.667505058,64.82257518,57.97201064
2776,2.359595422,62.44989812,44.00441882
2777,3.379793849,79.77413648,55.44383856
2778,3.430307368,77.34075525,59.29321428
2779,3.733386757,74.75273592,44.44151027
2780,2.302604809,61.52010734,44.89044954
2781,2.954758558,74.18623253,56.339429
2782,2.860848798,67.5230346,57.92129167
2783,3.108334547,64.94302566,48.11272613
2784,2.160670995,67.23822101,52.02880601
2785,2.441946247,63.60372494,50.70233019
2786,2.726246712,72.00403476,47.39642318
2787,3.354620325,67.82740243,44.79129353
2788,2.606239432,60.96772326,47.26632687
2789,2.39140475,61.65356798,50.74118745
2790,1.73764038,62.03858744,46.86922278
2791,3.966805249,76.65818506,57.40167168
2792,2.946723776,65.14898333,57.75294331
2793,2.984315923,73.51147647,46.06315703
2794,2.714708914,65.47092747,54.60821947
2795,2.807183625,61.81640469,43.54965625
2796,1.65812355,65.19873799,44.90718389
2797,3.251569549,66.12856881,51.15045998
2798,2.484081822,63.18011824,47.45209857
2799,3.2615876,71.13523904,59.21172161
2800,2.216690041,66.66493208,44.70579624
2801,3.264466714,74.97565927,56.26954854
2802,1.880360844,73.10782208,57.43197391
2803,2.186000878,73.86492781,56.06439351
2804,2.552073392,74.59848031,46.69560398
2805,1.904581972,73.55783279,45.5876424
2806,3.790729326,71.40518149,44.99080379
2807,3.354495589,74.41655521,43.28095983
2808,3.876878312,65.19386885,51.34404199
2809,1.860335512,68.98259208,48.11228621
2810,1.784430558,67.0840008,41.65413576
2811,2.253609014,79.05769016,58.36227162
2812,1.738113204,75.62944925,51.90343587
2813,3.321546777,63.27586988,48.28475733
2814,1.578577376,67.87536012,43.53414266
2815,2.390795247,68.29917959,54.45577585
2816,3.533642075,75.24060989,52.33644987
2817,2.478706826,66.8912795,44.00394624
2818,3.415095009,60.96245954,41.40491605
2819,3.300518554,72.76248655,56.91219479
2820,3.503206149,69.72311994,53.86268842
2821,2.030498752,76.02803483,48.40233669
2822,2.589861028,75.65684265,52.62970141
2823,3.635002156,77.03261818,44.46127966
2824,2.512459269,78.92023272,46.74863209
2825,1.793768859,77.84835931,40.85375633
2826,2.70787093,71.00957479,48.62160603
2827,1.57449561,71.76732935,41.79539924
2828,2.651034195,79.0839442,55.15568801
2829,3.481372342,71.35676959,58.33233885
2830,3.837118311,67.54933025,55.48650537
2831,3.943408843,72.97460413,41.09521881
2832,3.71912048,71.75153629,40.89216009
2833,2.529611886,72.1214058,52.55817096
2834,1.923933844,78.63538505,53.21816212
2835,3.934987571,65.01088502,42.84041556
2836,3.393405494,63.74204338,58.12141367
2837,1.592929644,75.39435671,52.39144204
2838,3.674801114,64.10717896,59.00272813
2839,1.885133536,71.63964827,59.20166101
2840,2.716974197,60.77155476,44.61854147
2841,1.519387307,62.95342751,46.31898677
2842,1.792522519,67.69132515,41.23747739
2843,3.103409551,63.85413519,42.48065792
2844,3.717549865,61.32241838,40.69120931
2845,2.241066628,64.75766022,53.63066639
2846,2.585632021,73.21489797,51.13120786
2847,1.612688352,61.71996689,55.60942267
2848,3.801231727,64.06983098,44.05369433
2849,1.973980719,71.91638031,45.19639305
2850,1.756718345,67.20981733,42.28689163
2851,3.462825231,62.65352013,46.06920749
2852,2.89000157,63.99323534,42.56561747
2853,2.597243151,62.00970465,59.24130114
2854,2.519446966,73.01479043,41.23492373
2855,2.359881196,71.46700669,40.70340434
2856,3.274404543,78.41949673,48.1410273
2857,3.738115078,70.11575198,47.78189919
2858,1.615946363,79.74897608,46.84184294
2859,1.934416397,76.57416569,48.44561702
2860,2.338452696,70.05023639,41.31136093
2861,2.58109585,78.22058376,48.30480139
2862,3.411489591,68.88640273,46.27519812
2863,3.72537602,77.75659416,47.51988094
2864,3.065027324,79.2105393,59.67909323
2865,2.217775225,76.88169456,55.27396293
2866,2.943605228,64.08449849,46.57319865
2867,3.246727459,73.28072476,48.7656543
2868,2.556081729,66.28026464,41.8718623
2869,1.990985697,64.08482991,49.10134342
2870,2.365064604,68.2362983,47.64856693
2871,2.158989367,67.85417141,42.21322954
2872,3.3249577,63.40841723,47.50636639
2873,3.038769403,69.52053618,43.65291416
2874,3.595296652,72.65699458,56.48463213
2875,3.347336361,60.67431593,43.81714754
2876,3.787653233,78.18381094,51.61032399
2877,3.73895047,76.23270553,43.38492485
2878,2.305919463,61.24366098,45.67209291
2879,3.950955242,69.11090651,53.04467237
2880,2.588371352,76.6079844,52.42489569
2881,2.574894547,72.65460319,58.63877935
2882,2.366258436,76.68736962,48.4088825
2883,2.610440664,76.29004596,59.89499524
2884,2.524412417,65.28959261,43.60214764
2885,3.104380714,77.99202144,42.55942978
2886,2.227690203,64.16271082,42.0265655
2887,3.585285303,64.4729944,48.38681751
2888,3.003624129,64.16705703,45.07804224
2889,3.01478625,68.28552762,50.76989159
2890,3.188313117,63.83728451,49.99564511
2891,1.946194504,69.75757184,42.79787406
2892,3.20876371,76.10339983,42.91593017
2893,3.229502765,69.90418982,41.43648646
2894,2.316920785,75.25371813,52.81037673
2895,2.744114814,78.27933645,53.70442555
2896,3.913672346,60.53402387,59.61561258
2897,2.935182732,60.39904991,51.50202207
2898,2.520958032,69.74919789,53.94489955
2899,1.587525679,74.8746088,48.12910383
2900,3.415317994,63.5068873,58.69797529
2901,2.921457544,63.24187691,53.06557119
2902,3.579081087,60.39450483,48.56782889
2903,2.502643188,73.29906176,42.12590385
2904,2.414759393,70.82142521,59.02653312
2905,3.308822132,68.37951451,43.55079796
2906,1.60231836,64.8771861,53.79399395
2907,2.46189817,63.0893615,58.77927267
2908,3.041157819,73.63144533,41.28248991
2909,2.888567529,68.08470336,49.15608931
2910,2.96878516,69.96373582,45.71780199
2911,3.308219392,66.30335661,48.60427635
2912,1.562881339,66.65703028,56.97512264
2913,3.707732616,65.6747452,43.08119779
2914,2.598390105,74.26162954,49.19494912
2915,2.797927896,72.56730563,52.90562491
2916,3.313721112,73.62789727,56.35078573
2917,3.294810515,77.24553837,53.51861404
2918,2.901169415,66.10631563,45.12867928
2919,2.348615609,73.38854275,59.23193917
2920,3.269661188,64.63773697,47.4296693
2921,2.477013078,63.99745983,52.47634731
2922,3.543415096,77.84885435,47.82532937
2923,3.26630325,60.58656475,49.98738535
2924,3.12248377,64.39995063,45.17716692
2925,2.50742368,62.95377695,53.46319296
2926,3.341952607,71.98521851,53.90225435
2927,2.220341884,72.77471025,59.30266738
2928,2.03288818,63.22586522,50.18326536
2929,2.703805758,74.83418832,40.20573284
2930,2.634252448,65.00808967,58.61276647
2931,1.554379233,63.33748378,43.77711226
2932,2.071495221,64.07870232,56.63153527
2933,3.631394729,78.9423354,48.80294516
2934,3.918677987,73.8444396,46.72607638
2935,1.828496332,71.3366844,57.44471349
2936,2.069833468,71.53276252,54.74686224
2937,2.514941569,67.06617839,54.15877811
2938,2.135329283,72.25218523,47.03066874
2939,3.88689856,69.86679797,43.38390416
2940,3.38923739,68.55740298,49.26592463
2941,3.028507015,70.05665605,47.56843637
2942,2.692179356,73.0677663,53.17772854
2943,3.10407645,70.18799002,59.1880585
2944,2.025855458,74.69167033,50.90095373
2945,2.907294551,79.51084579,42.21258496
2946,1.513634038,70.49513716,46.95013628
2947,1.595833647,74.42329526,52.69152691
2948,3.29251186,60.77209305,41.7677592
2949,3.053085614,72.11463047,57.95799137
2950,2.658556735,73.6453706,54.50539399
2951,3.108524858,60.57470018,52.73440834
2952,3.006122547,72.9199485,46.42237125
2953,1.77341828,72.45165562,56.36383981
2954,2.046262492,60.3654171,40.63359258
2955,3.244645298,75.80403184,43.69309667
2956,3.241891798,75.9937783,55.63355368
2957,2.771336976,64.16283968,52.67947675
2958,2.328728461,78.72566615,46.14436546
2959,2.714050733,75.26287683,48.40292454
2960,3.862666769,71.48162453,45.92108626
2961,3.45881558,75.45843497,48.34514952
2962,2.000011475,78.54441852,47.06132561
2963,1.98078984,62.05104575,43.71129042
2964,2.945959365,69.18065663,41.00123108
2965,2.34196509,75.10191726,48.45943396
2966,2.796748019,60.19097138,56.18703462
2967,2.65904103,62.7207317,47.68934689
2968,2.244559764,61.9130216,54.68562084
2969,3.507019582,77.39095006,43.96025546
2970,2.687760158,77.18964183,44.08798668
2971,1.987040124,74.21042235,59.37814832
2972,3.386370867,78.05292994,48.92503175
2973,3.63629211,77.85206546,50.76694423
2974,3.724658914,61.99322847,56.39124745
2975,3.390677403,61.87475358,59.3332061
2976,1.701808325,67.25135394,45.32331943
2977,3.545613138,68.27551902,57.48200371
2978,3.537683794,63.65841435,42.85755802
2979,3.449654953,69.50146054,59.54659122
2980,2.620727306,74.44892,44.9747231
2981,2.554105943,60.04353913,58.28894263
2982,2.036337289,62.99575784,46.34451176
2983,2.268001372,73.06688602,54.63058491
2984,2.590386064,76.74891594,50.25284039
2985,3.014141215,75.08544695,41.50638923
2986,1.829169939,67.54937526,50.08910813
2987,1.975221185,71.35646457,41.79475674
2988,2.55135714,68.59822054,50.66590152
2989,1.923980872,74.73058544,57.83439907
2990,2.886931112,68.80630308,45.37291915
2991,2.835252406,61.86676119,52.36237894
2992,2.269860347,79.81795626,44.18205844
2993,1.895633746,79.53504969,45.98526305
2994,3.146596294,60.64795448,40.40975608
2995,1.642591124,79.90627049,48.11819942
2996,2.966221925,72.99348291,41.26926746
2997,3.372445749,75.60084248,57.28391965
2998,2.143020825,73.66478569,45.83406627
2999,2.184460524,63.31333262,43.10076167
3000,2.564688047,68.4616037,40.47028369
3001,2.457652207,67.00954786,51.37754326
3002,1.898217848,71.77778299,54.71121838
3003,3.056752616,64.0266285,46.28253245
3004,1.659935885,60.29672156,58.50558082
3005,3.27599728,61.60296071,45.88939655
3006,1.964363611,63.38090343,40.18939702
3007,3.310586217,61.55049942,50.09065945
3008,2.288241785,61.84126249,58.45630047
3009,2.255402972,74.92187873,46.41512368
3010,3.247494167,62.40566286,58.75051522
3011,2.695869126,78.91468713,41.7502695
3012,2.17676873,75.57810126,49.69110486
3013,2.566883328,66.02284071,45.17465578
3014,1.670142551,60.7542164,51.08798881
3015,3.756514894,77.71001956,42.03569626
3016,1.841462215,69.91434623,41.74643029
3017,2.952266312,67.51379431,50.73786957
3018,1.773848084,75.87466146,58.04456257
3019,1.703074891,67.14008506,48.75924745
3020,3.82326367,65.6703132,50.16434959
3021,1.901763626,72.13491969,42.69032898
3022,2.470506178,66.0918097,44.63569301
3023,2.265516456,66.0474636,49.51680897
3024,3.882386113,70.02673795,49.21694841
3025,3.893000425,63.23625726,47.94366612
3026,1.771449936,69.58293268,53.19368335
3027,3.768317786,77.91171356,49.1144981
3028,1.929832119,63.81002943,55.05371724
3029,3.149584383,64.3630877,49.25154833
3030,2.461089665,70.98430813,48.75326164
3031,3.369847404,72.31770383,59.19690382
3032,2.280913573,79.82653314,40.68597199
3033,3.123133096,63.84787525,59.54638773
3034,1.907464506,64.62031307,50.66693305
3035,2.340995306,61.0517386,57.45645875
3036,1.601460903,77.28120391,45.32989136
3037,3.327043733,66.04301453,45.73100692
3038,3.194248783,63.40964415,51.79110725
3039,2.459918189,60.04576233,53.62116338
3040,2.935353489,69.39194628,52.75415518
3041,3.498148884,65.6263256,48.4335256
3042,3.810831035,61.4518553,41.23130457
3043,2.698309061,63.25113028,45.28960374
3044,3.859064391,61.16339579,46.48745596
3045,3.537549661,72.43918774,47.32550526
3046,2.28474404,68.28679935,48.99495053
3047,1.998410864,74.94810456,49.36116009
3048,3.075663328,66.29615608,59.04402562
3049,3.131905638,74.4814613,42.46414593
3050,1.864555762,73.04707261,54.1869159
3051,3.246178565,75.82190385,45.23015801
3052,2.375325338,67.62587127,48.67241298
3053,2.700177087,69.60557376,55.54912918
3054,2.135706239,60.09464853,47.89005203
3055,3.036631219,61.91116672,53.83833028
3056,3.761783629,71.63621509,54.1917081
3057,3.065083505,76.30383321,58.14581003
3058,2.839758864,70.58653298,55.30185958
3059,3.039818589,72.74790222,48.03804857
3060,3.36995023,69.53779089,42.12264114
3061,3.03124659,62.54790707,43.76579456
3062,3.587772629,62.48562377,58.70798459
3063,2.804746295,69.57622698,58.79268532
3064,2.418872134,71.42878228,53.28723501
3065,1.901015338,66.99992436,40.81025957
3066,2.730347773,65.02224088,57.38252096
3067,1.964629638,74.65680878,56.54027545
3068,1.820279075,62.05562382,45.77397035
3069,3.758186364,74.78360367,47.35333736
3070,3.201317051,78.66998852,53.57046247
3071,2.302863673,79.18444035,50.01113159
3072,3.040378021,66.1098241,40.02925289
3073,3.200051549,65.74766365,49.14448776
3074,3.637030101,71.04184371,53.75831171
3075,2.297364524,63.27268559,44.9591684
3076,1.942812787,79.42583107,51.44508707
3077,2.183172897,65.66387338,53.2767778
3078,1.873604912,77.40691897,57.18768059
3079,2.831887177,65.51756807,41.34474659
3080,3.91084197,69.3028535,57.49897639
3081,1.698873376,69.29531692,46.59318525
3082,3.10349638,74.43699551,43.65659501
3083,3.394568009,67.51399362,43.25399174
3084,3.713045073,78.91517607,49.51681212
3085,2.921602992,71.24614056,57.79076714
3086,2.143116527,79.02848081,57.97679213
3087,3.159291692,71.04889373,59.82298394
3088,2.432678629,75.07974116,41.55667146
3089,2.621667701,78.6910644,50.07844513
3090,3.276797492,78.88212669,58.22001539
3091,2.208207061,71.81532269,52.95338941
3092,3.124783331,74.39328832,56.78015335
3093,2.806743602,62.70502884,58.25857893
3094,1.781068936,68.62095123,57.85473579
3095,1.700848537,79.2973474,59.89371604
3096,3.768096105,68.22863604,44.46651331
3097,1.553052106,62.94871696,53.67005495
3098,1.918208311,64.85515916,45.02029527
3099,3.151103402,67.46098777,52.41459823
3100,1.526198766,77.1542845,41.05650048
3101,3.199499573,71.66797774,58.37746304
3102,1.993564736,78.36515786,52.17854324
3103,3.620840895,73.62846959,56.47488101
3104,2.006081161,79.96010468,42.10448807
3105,1.522248826,63.82852079,49.94419067
3106,3.7497662,68.26473662,52.74801476
3107,3.343797944,79.82839585,48.98784275
3108,3.708999381,64.70466528,58.15943666
3109,3.168345168,72.32654391,55.09628228
3110,2.296411935,74.22830611,45.67620967
3111,3.933448872,65.81709071,42.66998301
3112,3.549246622,73.63282783,51.93420344
3113,3.358035154,72.78783878,47.24197784
3114,2.323974679,76.26912714,46.2243496
3115,2.097966196,66.05243052,57.92183441
3116,3.136627432,75.82626896,53.03021916
3117,3.07992172,73.73417943,42.56889727
3118,2.328621211,61.37514335,53.6776088
3119,2.488293548,72.61433712,45.26031371
3120,2.809316754,70.60410305,43.09412766
3121,2.162367847,77.87081781,43.98673213
3122,3.498829013,77.18154447,57.43016411
3123,3.640638046,62.16240276,48.99761565
3124,3.525695354,63.60759743,44.82456878
3125,2.254811932,71.13811645,56.09968876
3126,1.752579119,72.65552177,41.86979604
3127,1.832934667,60.81989564,47.92678906
3128,2.74772785,64.78684871,42.47872705
3129,2.76566534,68.11183291,57.97477801
3130,1.973396552,68.81792093,48.89609099
3131,3.80130473,79.75701678,51.60148861
3132,1.593849185,79.74452569,42.43085002
3133,2.167708275,75.90632427,51.84452877
3134,3.226953983,69.73404447,44.44093402
3135,3.781853287,65.08735249,45.0774253
3136,2.444206497,67.02498934,50.07511544
3137,3.046930151,65.30173643,58.07477084
3138,3.711667188,68.83621141,59.46307892
3139,3.404195749,66.45040903,51.29348852
3140,3.791901896,63.52219957,55.97709461
3141,3.388887562,73.0930575,58.2310617
3142,2.850817847,67.96135877,58.69538513
3143,3.688553667,76.01349816,41.56227688
3144,2.020635081,62.47768186,51.72755709
3145,2.717202042,69.04486258,50.08541563
3146,1.806909391,66.56102609,58.92674841
3147,2.576556362,67.3097874,53.380237
3148,1.874090408,69.69476439,55.02622364
3149,3.693291026,63.52310823,50.25806245
3150,1.872145078,74.85052537,42.23506007
3151,2.116409246,70.61339386,52.40402523
3152,1.72240473,64.5438152,52.03543515
3153,3.615939564,62.70660877,52.95753861
3154,3.172184167,75.83001645,54.41985169
3155,2.023398664,76.56396041,50.14565823
3156,2.673725674,70.85126274,41.46630725
3157,3.955674845,63.31477879,49.54046711
3158,3.405661184,62.51636861,45.13112358
3159,2.135363971,77.07246543,45.73903639
3160,2.10777162,78.57480407,52.90296769
3161,3.013218779,62.58762644,50.50943896
3162,2.443651665,67.46889908,47.68369441
3163,3.880383422,74.69002861,58.01835205
3164,1.628836985,72.02831144,55.3690112
3165,3.313710143,60.62174177,46.47666935
3166,2.956965582,65.72559265,56.40585053
3167,2.680670829,74.2135525,48.41463865
3168,3.166083687,64.74636827,52.15312206
3169,3.829959544,68.72404467,53.76283715
3170,2.69318523,61.86709254,56.01040216
3171,3.336126344,67.04212044,55.40426381
3172,1.719541918,76.17191273,45.73875031
3173,2.294111164,71.55323872,59.51835127
3174,3.104281659,68.51839427,56.11367317
3175,3.791046337,79.43944214,57.34869037
3176,1.88318943,61.82506266,54.12351936
3177,3.149150948,69.75493096,51.73760938
3178,3.766386464,66.30884901,41.76299736
3179,2.888800005,71.45954536,40.54031486
3180,2.573079313,66.27040947,54.25166322
3181,2.994467317,71.71293548,47.14043289
3182,3.310199431,61.202001,58.05743715
3183,3.187155971,74.64981642,59.30662402
3184,3.888545651,67.10897183,52.95110245
3185,1.520536863,62.98889024,44.77435892
3186,2.925896919,79.88695156,58.63577606
3187,2.890871374,69.44933327,42.39572556
3188,2.387911432,77.78401542,51.04300029
3189,3.6199195,69.97692881,59.48860645
3190,2.886031003,60.73581172,50.79363804
3191,1.615892627,60.7457655,44.62276891
3192,3.298891231,76.26523177,48.16258222
3193,2.77542627,74.53685762,42.19905777
3194,3.278259619,70.26314164,47.14302306
3195,2.891770463,74.78818011,59.06074539
3196,1.899541512,75.57101201,54.99791559
3197,3.488153107,77.87263888,58.32864508
3198,2.874329602,76.41324171,47.4094721
3199,2.680908232,72.72691982,50.96417266
3200,2.924222871,77.7252549,55.59380923
3201,2.155752669,65.98643726,49.65206743
3202,3.412111792,65.73298988,57.34123638
3203,3.007494668,62.16486472,43.68191675
3204,2.347919695,63.42750374,51.60140436
3205,3.346903862,62.64287602,56.94247406
3206,2.319555208,64.02703027,51.00885734
3207,2.477691532,66.11017654,51.32351119
3208,2.79378755,69.10611584,59.87749613
3209,3.271559878,78.6616766,48.37956349
3210,3.641873734,79.72558386,48.05857314
3211,1.626113193,76.52582726,50.12390089
3212,2.270397557,71.07053205,41.60313022
3213,2.974631818,74.45601154,52.41179653
3214,2.818229163,68.68561455,59.65717046
3215,2.899020363,72.21733648,53.35599903
3216,2.3754857,75.03041479,40.55798402
3217,3.772787801,75.50675524,51.04198925
3218,2.064015038,64.76221473,58.23549114
3219,3.276813458,77.24010098,52.44990851
3220,3.156520279,72.77861913,41.10470252
3221,2.993815426,66.58795236,49.72428021
3222,3.646283551,63.77191826,56.38711522
3223,2.673676557,64.77582061,56.94308116
3224,2.933934201,65.76593874,54.08326749
3225,2.650304996,60.31189654,58.95477147
3226,2.394933836,76.62812356,53.99783196
3227,3.367085605,62.88874409,55.41334125
3228,2.650256659,61.79916568,46.11345404
3229,3.281098893,73.87154533,58.0633148
3230,3.430761719,70.58831685,54.0278685
3231,3.74750262,79.75205908,52.04430788
3232,2.050906262,75.01961697,48.65121413
3233,3.316333432,64.52505846,47.48033673
3234,2.828652801,76.35266696,41.60477087
3235,2.200148469,68.61253907,44.6104598
3236,2.267000087,60.40765571,51.06033411
3237,2.602156881,74.90928115,51.64156352
3238,3.048544765,70.71043607,50.69433166
3239,2.228689336,62.41979409,49.85324522
3240,1.534897622,71.33392609,58.00183834
3241,2.504246371,63.69653512,49.12651778
3242,2.718622719,62.12048833,43.73593548
3243,2.967950126,71.65063491,53.48285768
3244,3.400761368,63.34653291,40.77100346
3245,2.367365462,74.33923295,48.47067752
3246,3.150100024,72.15848317,44.25169799
3247,2.114441062,77.49939024,49.49409786
3248,3.83454338,74.29262963,45.21613391
3249,1.734312384,64.49821428,58.35755855
3250,2.994302791,63.30279626,40.82190823
3251,1.678373718,76.14860332,47.31386312
3252,3.827306211,74.75479007,42.52866637
3253,2.413432843,78.41555816,53.46239827
3254,2.070996114,74.87461932,48.07536457
3255,3.071272279,60.92830551,46.36961611
3256,3.266942274,75.87062085,48.93299766
3257,2.559621457,64.04560647,45.79728945
3258,2.959531354,68.51833378,46.8666177
3259,2.977457238,71.09411446,47.14909125
3260,1.573442883,60.24243731,59.44935196
3261,3.60709643,72.72197569,46.99767768
3262,3.452039024,69.26914128,49.58224408
3263,2.751654709,68.52733389,48.69709232
3264,1.511239304,69.37206758,59.21680618
3265,3.783481801,61.88139264,53.26961163
3266,3.512284674,66.19563115,54.66799824
3267,2.539704438,69.45220085,43.19819609
3268,1.97340781,64.60449114,43.59846087
3269,2.23521235,61.04425609,42.11682056
3270,2.256618952,61.6055381,42.81975766
3271,3.504255164,73.18186436,48.82591136
3272,3.881488884,72.38304175,49.51043608
3273,3.60624255,76.90082432,56.55359687
3274,2.239719227,76.73021138,40.62203888
3275,3.105638797,73.61632702,55.61647679
3276,3.906312349,64.73277552,46.19614752
3277,3.252461341,67.08086355,59.16432416
3278,3.955262503,73.80346085,48.56276235
3279,3.525206243,71.47780863,41.28223108
3280,3.497758924,68.68824514,42.293103
3281,2.922475656,73.44299008,58.28900628
3282,3.242566792,68.53707611,49.1400812
3283,2.568731894,67.92645619,47.46166237
3284,2.357364057,63.46347422,51.52798515
3285,1.72478416,63.77729359,59.40065459
3286,2.147402997,74.63802091,42.74620799
3287,1.713289124,76.98275048,57.17148936
3288,3.615102834,73.81129455,48.22435291
3289,2.670210432,65.39698701,44.65397439
3290,2.390653566,65.40583764,40.9215339
3291,2.534614781,72.76817611,44.86933189
3292,2.09885494,71.97484664,57.24672348
3293,2.232541531,75.05730027,51.71416846
3294,2.423356858,74.09502559,54.01252993
3295,2.827204746,78.52420605,41.37078058
3296,3.844925567,67.16065966,59.13941749
3297,3.208340498,66.8048401,48.68319397
3298,2.288016185,72.77952665,55.9500119
3299,2.257859389,78.7639607,41.03184193
3300,1.924062768,65.68301426,40.22080864
3301,2.008305356,76.66219676,54.39345627
3302,3.683180963,78.28014198,52.52696306
3303,3.94983397,66.87715683,55.65353747
3304,3.789810282,68.5292738,42.28946673
3305,3.364766361,79.7221544,52.92035707
3306,2.262357795,64.71917555,47.40560714
3307,2.426091398,71.09862459,52.16532929
3308,2.737720134,76.91547491,51.57626782
3309,3.660021978,64.6574727,42.47654864
3310,2.79024238,76.16317004,43.46116832
3311,3.291058799,72.98076479,47.08452386
3312,1.787731817,70.66190857,56.87218008
3313,3.064851026,66.28515733,45.99580131
3314,2.306938346,68.38831421,48.77824267
3315,1.87748087,61.38200841,48.03091259
3316,3.437279931,78.86793301,54.49759106
3317,2.09887803,71.46414614,40.41421453
3318,2.614778079,71.81320724,43.18168988
3319,1.684087516,64.55657797,52.49447885
3320,2.429131762,72.41267561,50.69901994
3321,3.017773392,78.42317866,40.53194807
3322,3.895628692,60.86705371,59.21003355
3323,2.203019409,74.82767741,52.57134304
3324,3.648500123,69.9370068,49.73180479
3325,3.902137164,68.68222602,59.83285459
3326,2.545540486,70.58377105,46.54621413
3327,1.76494353,61.76152107,57.76473736
3328,2.363936857,75.80226999,45.58025774
3329,2.249862247,68.57424069,49.48819593
3330,3.680892468,76.03187601,45.0385049
3331,2.838922529,64.16108544,45.65764701
3332,2.416307995,77.93376664,47.82911802
3333,2.200619133,64.00698673,46.95946845
3334,2.183414487,76.95026513,55.97906627
3335,2.931549062,66.61897986,54.41607734
3336,3.928856453,77.58943512,41.28254268
3337,3.349649543,73.63084075,53.16605275
3338,3.159845268,77.30982683,53.07601832
3339,3.852637135,64.56864018,47.86263383
3340,2.26504584,60.28711416,57.00924686
3341,2.258235818,65.74564394,49.27629803
3342,3.542858699,79.0216468,58.18922155
3343,3.489762508,76.61777105,45.74952591
3344,3.379193974,74.80937222,56.74051574
3345,2.289178624,69.76565219,43.80870393
3346,1.818411911,64.06307271,41.1868221
3347,2.996259925,63.9411651,48.03005762
3348,2.279871799,77.57644622,51.77569948
3349,3.988093222,71.38246538,48.83744472
3350,1.864062771,61.44906653,46.88094224
3351,3.362697234,68.31819136,43.98132903
3352,2.375259047,66.55506665,54.91376878
3353,2.720175904,62.46066073,57.93654761
3354,3.044726845,73.16449243,40.99919645
3355,1.648967577,66.74365699,53.41713632
3356,2.330623958,66.44778104,44.87006437
3357,1.792561271,77.16632865,45.53763707
3358,3.544096922,79.03262713,49.31925159
3359,2.92376762,76.7172205,56.30062085
3360,3.063734658,69.98675854,53.44146706
3361,3.980236561,69.68741107,56.35235202
3362,3.293378904,68.14565027,50.94210358
3363,3.859927669,76.82374016,57.39558539
3364,1.737717635,72.25317735,51.14903926
3365,3.390683662,72.43434638,57.877401
3366,2.490636919,60.19339743,46.01794634
3367,3.740932513,65.44739588,53.30722798
3368,3.106169259,62.78021211,53.82458101
3369,2.385777894,60.1452839,48.58433606
3370,3.787443219,75.31131978,40.16321612
3371,2.745497665,66.94178986,48.817409
3372,1.68427254,67.80863238,43.71361868
3373,3.455444843,71.50204301,43.40085027
3374,3.826162991,64.97601121,45.03483473
3375,2.647012547,63.26392637,54.53406581
3376,3.892676433,66.49862344,43.95024909
3377,2.229586811,63.73256363,59.4989224
3378,3.930912139,73.31517675,47.42342878
3379,3.124119082,60.56148554,53.02131808
3380,2.490226533,66.0347392,57.44896795
3381,2.549771317,65.01001582,44.33784844
3382,1.671590549,64.72510251,45.50912057
3383,2.064986007,77.42357518,49.31011339
3384,3.879030536,75.07623133,48.81684867
3385,1.687393011,65.32118225,50.69231657
3386,1.736235095,78.97201713,52.22588938
3387,2.581577138,61.60909897,45.41463601
3388,2.55993111,66.79851368,54.66428852
3389,2.798819377,73.63792034,45.61773365
3390,3.861681492,65.64185235,51.59488053
3391,3.044242889,64.28726753,58.91182552
3392,3.326692683,68.69852578,51.21120476
3393,3.477286847,72.00468022,54.74453143
3394,3.863006665,73.09980893,51.0015779
3395,2.932233837,79.65553268,59.1789909
3396,3.356808233,60.3435952,50.16272632
3397,3.931143834,61.41225926,52.16023792
3398,3.985735075,63.74264413,51.32266877
3399,2.586333275,64.95062482,41.71520264
3400,3.825900244,70.93487788,54.84604385
3401,2.803667305,70.65468135,57.07595518
3402,2.785708882,60.69812201,47.95200747
3403,3.023387685,74.09578433,48.33405471
3404,2.773947448,62.65605245,54.42049732
3405,1.583379696,69.19029466,53.21905849
3406,2.086290117,60.51497348,48.88974797
3407,2.822427678,65.23254506,49.85721476
3408,2.121706514,68.62330257,50.63370446
3409,3.727664862,65.1136722,44.15082248
3410,3.796404627,64.41153817,48.86446464
3411,3.787780865,66.33231191,43.70707844
3412,2.433032618,62.35437813,46.97497318
3413,3.148632489,72.50931088,55.09435927
3414,3.210913883,67.72483327,57.93058031
3415,2.987615626,65.44665612,44.1371119
3416,1.751811814,64.72040679,57.25370233
3417,3.368124181,60.62531768,43.89897413
3418,3.77616236,77.05432199,57.48196257
3419,2.16567127,61.43989314,58.57301103
3420,1.832756181,65.39144152,48.76672432
3421,3.464342738,76.95697285,45.5072149
3422,2.325882749,62.8872566,44.27570856
3423,1.59533524,73.76916584,57.80699874
3424,3.055203771,76.10746253,45.31146591
3425,2.27850886,60.84895311,41.18493689
3426,1.729442508,67.34359761,46.10022514
3427,3.095064963,69.13095785,41.02504827
3428,2.949789267,76.01037787,51.78887899
3429,3.861115363,74.30549334,58.56222656
3430,2.945111935,70.12065367,56.35290023
3431,1.755335271,60.07722015,46.55215692
3432,1.744047195,68.69675924,58.96814262
3433,3.022514761,67.68174758,53.55470323
3434,1.871266693,71.73028333,55.85404196
3435,3.914320838,77.71358498,53.16022255
3436,2.516656177,75.15743747,59.64861812
3437,3.367303189,77.53633289,59.38768306
3438,3.970144687,79.3018186,51.62807247
3439,2.025408643,73.08836032,47.2425169
3440,1.819411043,73.07201009,56.69113821
3441,3.918953539,69.76249409,46.48134389
3442,3.938114995,70.13548109,49.61175127
3443,1.564277458,73.22867432,58.74031352
3444,3.140192981,71.11082881,47.51959654
3445,2.062779572,74.86976965,43.44559662
3446,2.993913025,67.2073549,47.29121114
3447,3.372231735,70.35256009,41.893758
3448,3.605894259,77.85849718,44.52402604
3449,3.031095225,71.97758421,47.22059897
3450,1.944999079,75.27292245,42.09078545
3451,3.674337577,78.20526293,57.72757963
3452,3.912080575,72.75771254,53.20908939
3453,3.919543655,60.47035287,48.17104789
3454,2.090700444,75.7614967,42.30830294
3455,3.531138412,76.60750044,54.83421837
3456,1.516462685,65.74821412,57.94920073
3457,3.623441848,78.77343144,44.54473364
3458,3.897223456,68.06242196,57.8402924
3459,2.611965372,61.8649176,52.8807008
3460,2.005518695,74.99017801,53.65374153
3461,2.416871903,76.57409599,53.19349612
3462,3.050029897,73.27724397,48.97644658
3463,2.396744329,66.56553245,56.5240747
3464,2.38575326,72.05276381,55.73014128
3465,2.333390974,69.49048195,53.00920622
3466,3.082829906,68.95967292,51.93966342
3467,2.340221474,60.99995485,51.85933205
3468,2.790595289,72.45650915,46.09049131
3469,2.146392603,72.09824119,47.28027076
3470,3.813290445,65.05892026,49.72648795
3471,1.865262969,72.25184713,48.63697959
3472,3.772628357,62.21954705,50.82267734
3473,3.722900563,66.13021796,42.95631793
3474,3.638050236,62.71284001,54.45933775
3475,1.980220723,62.15074512,42.24018281
3476,1.94245396,63.24543486,53.58908591
3477,2.000199097,70.47372242,51.66088883
3478,2.928785259,78.15445608,45.89794126
3479,3.990275883,70.76628391,46.99602654
3480,1.906885572,75.51812157,51.33338646
3481,2.64341072,70.8622392,43.53258814
3482,2.33181903,73.44269944,41.38616232
3483,2.99481716,64.8504572,51.01516549
3484,2.652633391,60.39579456,52.61709006
3485,3.424543862,63.18755074,43.34635659
3486,3.855985522,69.2406762,56.48192898
3487,2.962997855,74.77017216,50.34505131
3488,2.732596349,64.63539719,44.60132365
3489,2.800996791,77.3658924,45.53013987
3490,3.834407734,74.63532224,54.9738402
3491,2.6210711,77.89020247,42.41535334
3492,1.732833998,79.52804346,48.90563488
3493,3.260922003,77.65811367,46.62634673
3494,1.595090296,71.86150172,52.07264934
3495,3.292665557,78.38404518,47.4224148
3496,2.697015062,75.81268399,57.63022211
3497,3.950107089,64.85156905,51.99531163
3498,3.104083894,77.30660277,47.41729643
3499,2.700712345,62.23110394,59.51384221
3500,2.409795529,71.37321795,51.32221002
3501,2.628423108,60.37447837,51.96494759
3502,3.31498085,71.46801256,46.22616531
3503,2.393393816,63.2365638,56.48323536
3504,3.153767695,78.37468855,44.51032035
3505,2.654762723,67.60137017,55.8531485
3506,3.81253759,79.02596719,49.75794236
3507,1.969151272,78.62536062,48.04110319
3508,3.973148871,77.54846372,55.64142622
3509,1.917727739,77.29820731,59.75966569
3510,1.75658921,79.27920442,56.81752486
3511,3.307345065,77.90535235,40.57625718
3512,1.669331223,63.71204504,54.43636724
3513,3.220721198,76.81561355,49.27291601
3514,2.097126705,69.49645196,55.64812365
3515,2.670325868,79.62108774,48.60855039
3516,1.802989819,73.70444146,42.55986402
3517,2.780072303,66.86485864,48.03028091
3518,1.959242496,78.85924728,41.16707436
3519,2.805537801,77.26935412,41.08358379
3520,2.055434672,71.70707383,41.70696222
3521,1.991993966,68.99104709,56.61452111
3522,3.685950661,60.71627848,45.91466422
3523,1.640995383,71.14757079,45.15856943
3524,3.344233319,70.13292196,58.04780967
3525,3.108078684,73.59980348,57.67472643
3526,1.893246705,65.54490262,50.20762114
3527,2.644406137,71.67558892,46.62703461
3528,3.711448459,78.19125937,48.05236763
3529,3.339456607,74.58359701,46.23768756
3530,2.360295487,60.85306478,44.47352345
3531,2.25806703,71.5026246,40.00796786
3532,1.506290129,60.26797225,55.7457337
3533,1.986791677,69.27213381,53.93879025
3534,2.085579245,66.5175743,58.23454084
3535,3.579218201,75.6634837,52.26649786
3536,2.394541991,63.04424611,53.65147119
3537,2.333826409,63.30311887,41.8840551
3538,1.849517545,73.87340721,46.69308401
3539,2.249971132,63.77761706,48.45387141
3540,2.055949137,79.6255994,49.74342114
3541,2.80134947,69.29584526,54.94618822
3542,3.791608436,62.16368212,42.10038882
3543,2.226324172,60.35626561,40.92912906
3544,3.48167758,65.89681836,53.29295585
3545,2.070403069,68.38759447,49.46033547
3546,1.508114472,65.27248731,45.00518415
3547,1.859413327,62.89175368,51.60428552
3548,2.124973422,75.36662638,45.86355855
3549,1.72753921,62.68781511,43.72458895
3550,3.716213092,69.6737196,56.60454926
3551,1.525155773,60.4774167,45.65433497
3552,2.606224622,76.72788061,56.36890946
3553,3.815446405,64.24906425,59.25527251
3554,2.037194872,76.4041098,49.18901262
3555,2.413547716,68.93661262,52.19106826
3556,1.546130469,74.54579204,51.88801235
3557,3.512548208,62.6116338,42.93007097
3558,2.842415997,63.55001262,44.80981517
3559,3.781996788,70.32984957,59.75240229
3560,3.138246148,61.19277926,50.25983095
3561,1.64817365,70.83257722,53.72736826
3562,3.014007443,79.13070158,40.26703943
3563,1.711937512,79.17901891,44.12610275
3564,3.060539522,72.18590162,58.16929085
3565,2.405760483,74.61175516,56.76164457
3566,2.807108291,67.01436422,53.93622755
3567,1.816627421,78.64098223,42.07962539
3568,2.880202559,77.62197917,45.73263029
3569,1.954764292,73.2341592,52.31215164
3570,1.520571236,79.46262338,58.95697902
3571,3.391717433,62.55002942,57.89847734
3572,3.971248833,78.90111674,56.01165132
3573,2.079120965,72.4278751,58.6512585
3574,2.38171244,61.87064274,51.50765997
3575,2.064055824,77.35305348,51.41194925
3576,3.047964245,73.51092417,58.81500639
3577,3.214135853,79.71686744,58.91888929
3578,2.137564653,66.81896387,41.41125966
3579,3.457994203,69.08728706,43.84744926
3580,3.668654866,65.70247817,40.75644685
3581,2.088706577,70.71898096,40.27600041
3582,1.671066932,62.30252375,58.74755986
3583,1.584134483,68.62416754,55.1235821
3584,2.507414398,70.33462389,50.1132674
3585,3.403130189,79.4924689,45.67994088
3586,2.858273193,68.07558413,58.60512978
3587,3.499402581,79.85258366,46.61824177
3588,2.620336039,69.4440729,51.88123407
3589,2.986555615,74.98366483,43.36010273
3590,3.709471501,66.51054398,40.0071735
3591,3.701497043,66.92113586,46.07953185
3592,2.058161874,64.89831202,59.28368781
3593,1.676479666,64.82693568,50.19316295
3594,2.785835471,73.57831145,52.43395685
3595,3.996354924,70.86684096,45.94293047
3596,2.764549797,65.44502288,58.41596061
3597,1.814460925,66.99206197,52.86220253
3598,1.742931048,78.61320625,49.6730841
3599,3.813600052,66.88554594,54.47922024
3600,2.522120936,71.62723447,52.27888962
3601,1.615401008,70.85360533,43.18534276
3602,2.919294274,70.7383822,57.28515653
3603,3.236207691,64.05063478,47.20922516
3604,2.610400927,73.77418679,45.03702641
3605,1.809042951,77.99002738,43.70953106
3606,1.635442206,75.34072216,44.23515957
3607,2.901853166,65.04371344,48.11984705
3608,2.293723852,68.21535721,45.44780107
3609,1.982059036,72.25680617,48.86748045
3610,2.779665383,76.68887325,54.48106695
3611,3.999033936,74.34819812,48.86543659
3612,2.612436765,73.08807552,43.60987271
3613,2.696478183,69.83938053,51.9849499
3614,3.253271059,79.65214311,58.17006775
3615,2.457536941,71.76428102,54.90385837
3616,2.369923642,75.50420405,57.93918995
3617,3.470224301,67.02643512,41.4599022
3618,3.412567072,75.04287609,57.65770029
3619,2.815671194,69.37910928,41.52418388
3620,2.400425007,79.56515189,51.02530281
3621,3.385172194,69.65457593,41.08460498
3622,3.864526057,79.38863535,49.50513142
3623,1.843305595,69.09259434,49.36741998
3624,1.643047293,64.87643711,44.26412753
3625,3.773434413,64.42042582,49.18216198
3626,2.549134394,62.82533722,42.26515844
3627,3.814058328,76.70221471,41.85684664
3628,3.655091772,71.60180542,49.65299498
3629,2.219971544,76.55196598,41.38640341
3630,3.213501934,76.47383335,46.8065197
3631,1.629656233,62.26230004,56.50032737
3632,2.656707587,79.09579874,59.03879725
3633,2.462545096,67.02631314,43.43615762
3634,3.195930483,79.98699423,42.69892315
3635,3.757505656,64.42542948,40.12433358
3636,2.876856851,77.94573276,56.33746503
3637,3.439102327,69.50127328,44.05642856
3638,1.634955636,66.78838436,56.89726441
3639,2.250981054,74.94906716,54.74384516
3640,1.860696386,63.94823375,51.30099975
3641,2.023913345,63.27617999,59.97894145
3642,2.470082614,63.99796894,42.95511473
3643,2.66950221,72.07832455,55.8845674
3644,2.079388662,79.17497049,43.96159761
3645,2.644684139,77.99700479,52.04156799
3646,2.10747265,78.96701164,55.04900389
3647,2.299829643,76.56010563,43.43850013
3648,3.147946116,68.55056766,47.7798873
3649,3.158898795,77.97425494,50.51595706
3650,3.215782808,60.56645266,43.41045869
3651,3.690140406,74.89667451,55.50981568
3652,1.995346585,60.90114112,45.75481534
3653,3.857540572,63.77735388,59.74882073
3654,2.65007953,64.79234732,44.22668614
3655,2.858727798,76.51982022,42.0111515
3656,2.094677463,61.58109353,51.78882041
3657,2.089922313,63.90613022,43.79100282
3658,2.952598041,73.82999663,57.0035499
3659,1.693378302,62.7683286,40.98187908
3660,3.692192092,66.4617889,46.71757737
3661,1.691173742,62.08417841,58.45525495
3662,2.196263718,68.35098719,43.72293878
3663,3.860366488,72.70168982,43.05762209
3664,3.415432879,76.30689029,51.96748758
3665,3.994280682,71.49951256,41.33687477
3666,1.68332289,61.60048763,54.6732604
3667,1.628887689,79.04396587,41.56820295
3668,1.652564146,65.93912287,55.58335595
3669,2.186799154,68.84012654,52.95554078
3670,2.128086831,78.80442647,42.15600408
3671,3.525240677,78.26557836,46.81465772
3672,2.553267678,64.24314006,52.17026683
3673,1.689622007,73.06100626,45.66995472
3674,3.014101671,77.66429206,45.52903485
3675,3.29832296,79.4324217,44.3590781
3676,3.881849988,63.90127059,49.08476042
3677,2.571196343,70.72547055,43.37594617
3678,2.22115923,73.9034228,58.61852568
3679,1.800052989,72.30603597,50.67409026
3680,3.207547193,68.48322795,55.30941607
3681,3.68427515,71.39174836,57.25947091
3682,2.096631879,73.84388099,47.41534329
3683,2.665460621,71.08413067,50.98006907
3684,2.998607599,77.53475664,46.63721925
3685,2.148109029,74.52246665,56.79227693
3686,2.464769567,74.76339861,43.69419365
3687,1.757993051,60.44086958,47.2833959
3688,1.588128932,75.10476555,49.67561714
3689,2.467479053,76.38654766,41.12658119
3690,2.610571243,65.84701393,48.74331524
3691,2.319276779,64.56877073,41.55868431
3692,2.140160627,62.08917506,42.20659578
3693,2.814161607,69.25784029,59.78028066
3694,3.901928388,69.49997404,57.5014679
3695,1.599675732,65.30748972,52.96329586
3696,3.905444906,68.75705409,46.89098974
3697,2.971492742,69.59323515,56.65976581
3698,3.601817191,77.48021782,53.30922108
3699,3.22121989,60.02267356,42.65401891
3700,1.893797861,72.69262031,59.20581764
3701,3.330740475,73.62709388,50.19786014
3702,3.291685387,77.9380234,54.39923885
3703,3.981389177,74.84500996,50.33277105
3704,2.015789276,77.44653525,43.50875157
3705,2.174082494,62.14839283,41.74705497
3706,2.755634207,68.55597239,59.20675623
3707,3.15556651,63.91726788,55.94341495
3708,1.514257193,60.71164142,43.84097368
3709,3.632745072,62.9051405,41.96269414
3710,3.401836873,70.92966436,53.18400457
3711,2.808692542,77.31894957,51.95747691
3712,1.717746863,67.14975768,48.13623459
3713,3.635159014,76.82411176,40.97877943
3714,3.551275454,79.39372714,49.79213786
3715,3.171433487,75.73815342,47.47284562
3716,3.83462271,70.74360574,56.02952478
3717,1.947575178,72.71378904,57.32336711
3718,3.885822312,69.0983203,58.8365538
3719,1.646498711,77.61175038,57.9111376
3720,3.605597856,68.32801237,57.70050713
3721,3.457476926,61.57174596,42.97819192
3722,2.336308369,67.06889757,58.56956931
3723,2.700650774,71.23131529,42.49350681
3724,3.855468582,70.08371371,53.8994354
3725,2.207833126,79.84657733,45.60777653
3726,2.036436823,66.87816461,41.37992506
3727,2.676248668,76.69863579,42.36430521
3728,3.798033816,69.22795717,50.1368776
3729,2.096583513,75.58968627,53.32244952
3730,2.713030895,68.41133743,57.19420506
3731,3.951247984,75.77395338,53.42155638
3732,1.851044518,68.78271501,52.55394095
3733,2.140099988,71.48078633,52.08037618
3734,1.998779911,76.47138729,54.38521068
3735,1.531371473,71.19405178,57.98041898
3736,3.355163894,78.44701074,47.95769226
3737,3.185852241,62.38611286,51.12262208
3738,2.593082917,65.10945241,45.94367267
3739,3.39046586,67.39071341,57.80243434
3740,1.790567507,70.47692324,48.95720873
3741,2.741208269,70.98283293,45.98131575
3742,2.261301503,64.95266653,45.45524384
3743,1.551801752,68.89273036,54.71587333
3744,3.429158934,68.28108396,52.02842564
3745,3.16696443,74.99600592,53.1166401
3746,3.841748364,77.02277992,58.04362414
3747,3.881685656,60.95791852,51.08781979
3748,2.534398265,64.45784933,59.94569658
3749,3.160099725,65.51582323,49.12681986
3750,3.088256613,61.22528934,52.11601087
3751,1.567424996,69.94116194,57.10177072
3752,1.562265139,61.75064243,55.15664082
3753,2.353679539,67.91671401,43.25225874
3754,3.623541293,68.17115068,59.68418975
3755,2.817702903,60.14210788,47.22070603
3756,3.117386124,60.71448263,59.83160882
3757,2.815225386,69.47064672,57.03144958
3758,3.718239087,61.47053797,44.47805731
3759,3.82055758,78.65269089,56.20341655
3760,2.701737275,78.23181164,49.21783812
3761,3.34329561,68.32127372,59.5605057
3762,3.765081913,63.56132534,50.75085061
3763,2.819504274,68.52760164,56.38719558
3764,1.576896661,61.71297482,50.87578798
3765,3.509291922,75.91836636,40.34731025
3766,2.94618746,79.22879191,45.62326948
3767,3.019876389,67.83734092,42.60158475
3768,1.790476734,61.67739891,52.41305281
3769,2.954359882,61.83949164,51.81784662
3770,2.457745504,72.78085787,50.5568563
3771,2.469420913,60.07409655,48.93524698
3772,1.907948617,61.17816482,49.56122222
3773,1.825171818,62.26044576,49.5742522
3774,3.95437829,69.33678466,55.31371266
3775,2.947367835,73.44956304,50.05669875
3776,2.931503655,71.13886158,55.18858949
3777,1.863984948,65.22779787,44.19945163
3778,2.997822299,75.85367379,40.84577783
3779,1.889734668,70.47804552,50.7775025
3780,3.182798737,67.93654948,48.26795815
3781,3.184670535,79.38452323,53.36741254
3782,2.246176567,77.10604954,50.89249824
3783,3.519001306,77.03818079,46.40391175
3784,2.311451343,76.30878672,59.2028705
3785,3.57401878,76.60292754,48.13631906
3786,2.819113693,76.61274683,44.94345664
3787,1.9708611,60.07478293,44.00998609
3788,3.270914928,65.76706867,40.62082242
3789,2.843065876,76.53029107,46.59982401
3790,1.560608538,65.97155959,48.57485241
3791,1.832689001,66.47162117,45.30030003
3792,1.768965987,69.01462537,45.40848606
3793,2.697148131,63.93553473,51.73644485
3794,3.831535293,68.49836617,52.25847344
3795,2.454061123,76.36927442,54.68344367
3796,1.599223114,66.36263287,41.66936355
3797,2.832444401,66.82219047,59.14493326
3798,1.958158902,75.6985333,57.02477931
3799,1.511556142,77.38594618,43.11858559
3800,2.381519926,60.84671343,56.40207049
3801,3.299838767,67.00663335,46.68380806
3802,2.723189745,62.89029054,49.43125583
3803,1.616495739,62.68921309,50.95136638
3804,2.774529812,67.24800621,59.35806551
3805,2.845992797,68.60605498,53.87408979
3806,2.224130627,73.50567226,52.58711336
3807,2.431228742,60.22496117,45.09561476
3808,3.338048679,69.18885114,57.51826387
3809,3.203334555,64.46798697,42.402708
3810,2.655531157,78.35249006,48.01184392
3811,3.464611818,66.70211749,53.80607266
3812,3.299874495,63.80137294,57.15633396
3813,1.931355278,71.62576138,53.07807376
3814,1.963307115,72.8917632,43.85737505
3815,2.615695853,68.02222681,49.46719633
3816,2.658857444,60.42557691,55.2211898
3817,2.201305749,75.6070675,56.12491387
3818,2.536932848,62.19976857,54.04753113
3819,3.582335581,68.95716684,44.15900232
3820,3.357936217,68.08910882,43.39283341
3821,2.416223357,61.96544195,53.17964481
3822,3.804305372,61.70236123,55.24149469
3823,3.81500392,64.03671606,42.74027099
3824,3.606996191,76.20110769,55.70621221
3825,2.845653369,64.28108647,56.54341811
3826,2.584831471,77.54708393,51.8514431
3827,2.509056315,60.94101688,50.91014608
3828,2.577725107,70.17214702,51.94404773
3829,3.496542015,67.15914849,52.33413409
3830,3.49363305,75.455061,57.46525144
3831,2.508207657,78.84905945,49.25968697
3832,1.900052006,75.47574525,58.84008902
3833,2.64610334,75.38259268,53.59069637
3834,3.22494112,68.87152775,50.3991625
3835,3.231048771,61.88473051,55.88430901
3836,3.364720764,68.92304351,54.68867059
3837,1.519687464,62.74881098,47.5707024
3838,3.265140577,69.76285415,57.89462009
3839,3.280347916,72.38127929,57.96009831
3840,2.151649476,62.08761613,49.21895338
3841,2.953412584,76.910171,44.75275429
3842,3.696824214,75.01476701,41.97857633
3843,3.948396498,72.76079047,43.93674722
3844,3.749602537,69.16755026,54.81829775
3845,1.827371261,79.3278158,57.45962378
3846,1.614117114,65.6482028,43.97323893
3847,1.813600705,77.46800251,45.22221825
3848,2.687523986,74.40471983,42.93513669
3849,2.640672989,69.55637519,42.6570986
3850,2.659483295,64.57776097,53.57357022
3851,3.37378729,60.4433777,57.79935404
3852,2.433904694,71.92642323,54.90371414
3853,3.165697027,72.48046589,58.10880062
3854,2.941670688,75.67164471,59.50043905
3855,1.792041395,62.6413518,54.44289949
3856,2.905181671,65.61252181,40.72498681
3857,3.003950583,62.85089109,42.40489503
3858,3.15363911,74.23525087,40.07121986
3859,2.674503329,67.99748915,59.50685353
3860,1.551204011,66.00870803,54.41726945
3861,2.717030441,61.955901,59.79694197
3862,1.630220109,63.0235941,40.11199028
3863,3.966791407,72.58830223,51.16746538
3864,2.616188039,72.11086422,55.84116421
3865,2.644862787,79.71398511,58.356032
3866,1.769716778,69.50444159,53.76570616
3867,2.092675187,64.45884143,58.07869914
3868,3.854006122,79.54996991,50.84226651
3869,1.863442489,65.86151677,58.20912202
3870,2.936139783,65.39177402,44.19622313
3871,2.242474987,66.86319899,59.4615406
3872,2.706219656,71.1563425,58.25559379
3873,3.53285954,79.25658457,48.69608138
3874,2.70683336,78.82700248,49.94018607
3875,2.165609397,76.38318465,48.34403878
3876,1.618104781,78.11574584,41.76086051
3877,3.325359613,78.90537356,58.77944764
3878,2.56883198,64.42297052,53.99489895
3879,2.481055948,78.72390697,41.48100755
3880,2.922276993,74.34997859,49.4572903
3881,2.717711723,72.41963288,55.98550159
3882,3.558337338,75.05874614,53.23496516
3883,3.923882483,74.50176853,44.07257902
3884,1.906123171,74.56720143,45.82919191
3885,2.357954751,61.41684543,54.73026776
3886,1.925089998,60.90811572,53.16414439
3887,3.694066418,76.11064524,45.11235923
3888,3.864853384,64.40320794,53.19083899
3889,1.742467476,63.79117071,54.16228994
3890,1.813810885,79.01402662,47.22874904
3891,3.560617671,61.12670524,44.28782054
3892,3.245493716,61.98901899,44.51114595
3893,1.799319014,79.72348249,48.99340909
3894,3.715813264,66.45590992,58.18813235
3895,2.924742229,61.11317109,58.18404233
3896,3.754385429,69.84538696,55.7948976
3897,1.570497096,61.51128403,57.90143596
3898,2.673504491,75.90937923,53.46558063
3899,2.358360969,72.02780641,46.41976787
3900,3.225193923,78.23081704,45.73628069
3901,2.376849228,68.79991562,56.1021244
3902,1.714281282,62.53267487,40.26106435
3903,3.766894814,60.21418287,57.55092461
3904,2.594401422,79.13208645,47.33766949
3905,3.462042026,66.94089132,47.70655148
3906,3.525869,72.72920892,55.05153822
3907,2.937913823,68.38449428,52.85075991
3908,2.314182866,65.75215412,57.9843945
3909,1.956990412,60.28484655,43.70590799
3910,2.678685334,72.4434899,51.32148718
3911,3.195637602,61.4764637,46.07168958
3912,2.216267372,69.10768073,50.99589011
3913,1.998898179,73.26819169,52.37988733
3914,1.725802059,78.64219423,49.41299092
3915,3.091986292,72.94018807,48.57679703
3916,3.826651057,60.24407662,43.08185341
3917,2.108588679,79.3907085,58.83273263
3918,1.690949839,75.89627059,48.56409312
3919,3.16586929,62.54493263,56.19381604
3920,1.622693041,74.96605638,43.90784936
3921,2.294609698,62.00759264,57.29614878
3922,3.474912049,78.25612701,50.33556615
3923,2.689502698,61.47601071,53.56114227
3924,2.839734787,72.00300312,58.77510866
3925,3.495707849,69.26808272,57.32837057
3926,2.753688123,67.61165998,57.54126018
3927,3.486392497,61.20750576,58.09961174
3928,2.858655751,66.8377731,45.00146229
3929,1.504104423,79.29679125,53.97308928
3930,1.982832763,72.57193791,47.44504042
3931,2.677763414,70.46216207,54.3135661
3932,3.607191414,72.44772919,51.62456077
3933,3.038510435,62.53211524,48.4589541
3934,2.2180553,60.10562439,50.94000664
3935,2.9409225,65.43889553,42.34820318
3936,3.957282143,67.56188075,50.77755194
3937,3.621036846,60.74677458,41.14605972
3938,2.991811639,77.45994223,41.09996375
3939,1.607019651,73.62549442,40.74027131
3940,3.215652229,61.90061463,54.88531464
3941,2.707063449,74.91860573,44.63514684
3942,1.762933446,72.65285872,42.19909102
3943,3.561003235,63.34978383,41.94737053
3944,2.125372458,64.12739088,41.03864617
3945,3.745829468,76.10945356,59.96978371
3946,3.83306755,74.11456734,40.66137677
3947,3.373565204,77.14521971,54.60066532
3948,3.771975368,65.6581527,51.63281989
3949,2.559377608,67.82748868,42.59279512
3950,3.402044117,67.83165335,45.30985698
3951,2.086020921,78.98064633,52.927431
3952,3.800711792,79.71355278,52.074823
3953,2.905635361,67.62502212,55.85057882
3954,2.610152498,74.39746326,52.23413378
3955,3.72318999,77.64012863,46.58934496
3956,1.5906896,79.73733669,49.32457811
3957,3.137481538,64.53193611,50.51477865
3958,3.08753139,76.09981975,50.02282581
3959,3.237587942,62.36197957,47.08782389
3960,1.87815559,79.449813,50.58068769
3961,2.108525389,61.28625751,40.77523142
3962,3.736433522,62.02826217,59.73845938
3963,2.924206802,78.33510257,41.36542845
3964,3.77768625,62.53529277,45.27833998
3965,2.114140721,68.86186015,44.62323078
3966,3.486410705,64.8404265,55.95235511
3967,1.531029073,62.77839227,42.54529689
3968,2.712189687,78.21640399,51.26683458
3969,2.412723202,63.00288632,48.14051278
3970,2.00810794,71.69960523,59.44718244
3971,3.895455778,64.29402145,44.34048478
3972,1.945726042,63.62600885,47.83637382
3973,2.057519218,60.12305349,48.86858402
3974,3.043281285,75.1909822,56.17505934
3975,2.507019011,77.80647991,42.58260506
3976,3.111207554,63.38478439,59.37605703
3977,3.916372639,79.09077373,59.65199714
3978,3.863305802,78.557686,40.63101864
3979,3.650129724,71.45779833,53.98988841
3980,2.756202633,70.99813283,51.18802858
3981,2.786629577,62.58527673,52.92987737
3982,2.475438594,79.35162563,50.48007205
3983,2.423796086,60.35455836,59.16890314
3984,3.161844492,74.41099328,42.70555779
3985,3.527119556,62.3097646,54.16799717
3986,1.933306368,68.41614864,52.2520627
3987,3.126322599,62.00808182,41.71785291
3988,3.164704689,75.36923529,55.92709516
3989,3.248468131,60.21909542,56.19995305
3990,2.525000426,67.98832403,47.46553
3991,3.951578678,71.65412683,47.40393598
3992,3.76750399,62.8507332,50.46769636
3993,2.754451947,60.78861881,41.88024461
3994,3.226996259,65.65631947,55.31796497
3995,1.94055182,74.25210347,45.53770964
3996,3.606414385,71.99718791,59.6996091
3997,1.937323162,66.78869303,57.20644875
3998,3.360810764,66.23852356,47.38455711
3999,3.005549065,69.09367347,49.29168573
4000,3.807056456,70.00242426,57.01942458
4001,2.772723133,74.39925182,44.53283974
4002,2.552936087,72.1962536,56.96955747
4003,3.651074125,65.3393562,48.66617456
4004,1.905602184,60.39701957,58.8915046
4005,1.834732806,67.30250659,49.72971928
4006,3.497217889,63.88479608,41.97318993
4007,2.944565918,66.06409489,57.40882177
4008,3.1141085,61.75168324,53.11783723
4009,2.672696024,64.95513373,42.60562462
4010,3.596102521,75.52602689,49.30021117
4011,2.347102977,78.91544235,58.85147368
4012,1.967491732,62.75941782,50.0514421
4013,3.311677302,76.53858954,44.16193089
4014,2.08525289,73.58608733,54.91668983
4015,2.437597511,69.52558066,47.19836912
4016,1.999258692,73.99386829,50.08341618
4017,1.653234212,68.96603204,51.70250914
4018,3.733263034,71.23412911,57.8644141
4019,1.787523065,63.25594395,58.50193045
4020,3.436223355,77.78662325,54.61347702
4021,1.778692683,68.3117192,44.5523066
4022,3.07160659,70.61756352,53.45430654
4023,3.300288855,65.13827363,43.17797329
4024,1.637890663,63.92291589,42.77097043
4025,2.302420889,64.9945446,59.00025799
4026,3.197944823,73.04921859,50.34173431
4027,3.084595569,61.86827521,48.52123596
4028,3.218942824,63.78544001,54.89943414
4029,3.304488557,68.19373029,47.02239071
4030,1.501668035,65.61037698,43.65024263
4031,2.976120532,73.55531761,55.71762808
4032,2.284618847,63.19981916,48.77268702
4033,2.151964693,75.02153041,46.62873382
4034,2.549069389,60.45127959,44.77235235
4035,1.852412284,62.3977324,50.24070407
4036,1.643895194,79.32394177,47.77302172
4037,3.461114763,60.49845506,52.00849488
4038,3.340775704,68.2793379,53.89502256
4039,3.218433991,75.86334268,42.72322725
4040,3.197207396,70.75846411,43.48039498
4041,3.542269796,78.78974316,41.25311068
4042,2.887225618,78.83201079,51.74766146
4043,3.346742816,76.9247315,57.15167889
4044,3.785228883,63.55888324,44.92464168
4045,1.837443342,78.79585357,56.3415021
4046,2.544023268,62.6539522,59.88862461
4047,3.580284039,64.88825503,56.47921781
4048,2.931963265,70.26694942,48.64090378
4049,3.799415991,60.11562416,52.61162032
4050,1.561364348,74.80248885,52.79750899
4051,1.718118286,61.23356647,59.28877958
4052,3.393770295,67.93437122,45.41431362
4053,1.598182178,77.9627131,40.2229076
4054,3.496650912,74.68379151,54.30764481
4055,2.617755948,78.94197019,52.50957685
4056,3.175890197,79.79837426,52.03931053
4057,2.967270944,78.57485579,52.04254548
4058,3.95081665,71.41606912,47.43857538
4059,2.446097206,64.71239089,47.28216358
4060,3.346974591,77.00577476,57.41979461
4061,2.82982556,68.64557671,46.48340046
4062,2.839614526,75.93204623,45.55487769
4063,2.489974252,65.53244048,41.81849042
4064,1.797663587,60.93035864,46.66281146
4065,2.308955046,70.50396724,48.55171402
4066,2.864102182,60.12469939,40.09633833
4067,1.899546979,71.06973262,41.2974658
4068,2.447771295,61.73600441,57.54505361
4069,1.947097401,77.99696438,52.36794047
4070,1.739704668,69.08351912,40.57408355
4071,3.191332634,73.6753815,46.67894689
4072,3.151840136,63.73045098,48.74563474
4073,1.927828813,70.54024474,53.28507131
4074,1.959930855,66.04244804,44.39818663
4075,2.321999964,70.05753413,46.00662494
4076,1.679552495,70.46723657,41.54881164
4077,2.342016671,67.38933947,40.72636639
4078,3.992169558,67.2706671,58.88770658
4079,2.448416436,62.23526194,40.42407022
4080,2.132410848,79.69360896,49.88898146
4081,3.665760492,72.84547478,58.935511
4082,2.550663681,60.58645094,49.64296643
4083,3.013617143,62.32205819,53.82287243
4084,1.945808675,62.38297775,57.34338082
4085,3.042648319,62.98883844,59.62585498
4086,2.689402515,70.97210215,50.80206463
4087,2.858084784,69.88625314,56.38799455
4088,3.669057296,71.65761497,40.87003585
4089,2.180734723,72.30413068,58.72978241
4090,2.665872959,62.42225373,51.2732505
4091,2.969796848,76.19264002,57.02165472
4092,3.667571819,78.407086,50.00589824
4093,3.081775646,78.38498528,41.28705638
4094,1.84351778,75.77446843,52.3917399
4095,2.004376962,72.46811786,44.87463958
4096,2.227403827,75.75691838,50.90427232
4097,3.353249719,60.76930856,45.69852105
4098,1.666810213,74.40000297,52.45915556
4099,2.518997889,78.41950937,59.53122149
4100,2.651608927,61.34585017,40.60523542
4101,1.834854953,76.48704641,46.95878999
4102,3.600579555,62.92381939,44.64824922
4103,3.011563224,63.77116806,56.5720965
4104,3.913920036,67.97921314,48.89744926
4105,2.808222272,64.81700861,41.10402674
4106,3.581120179,63.74586041,45.29234872
4107,2.612432832,68.2277896,53.37102943
4108,3.214127905,62.48668619,55.71587245
4109,3.003054038,78.82808141,41.20531322
4110,1.877933704,73.84240201,46.8268646
4111,3.911968225,74.20219766,59.81380989
4112,3.902372262,69.65877661,46.8211624
4113,3.139716957,65.40604916,40.47434196
4114,3.861160024,76.10009912,53.56405052
4115,2.689615086,79.25577824,58.75156739
4116,1.557566041,74.45072847,51.52542959
4117,3.148050082,78.90551608,43.39439458
4118,2.85678792,73.91659685,49.20473801
4119,2.298710935,79.99421124,53.5766187
4120,2.973584115,74.37423919,48.631755
4121,3.157086458,69.56043066,58.94173489
4122,3.595339294,62.63481404,53.93894811
4123,3.777541321,68.01578249,59.22770447
4124,2.059844734,79.38525809,46.62439377
4125,2.70136548,73.57287719,43.80485922
4126,1.617457681,64.51020255,48.75508544
4127,3.098474096,69.9757869,57.71512192
4128,1.772226295,76.7927751,55.61990458
4129,3.162658881,60.81716271,50.66398301
4130,3.160028599,62.51910178,41.463488
4131,3.596853873,68.65607553,42.89199701
4132,3.548840186,65.6018266,47.32898494
4133,3.280447254,75.85264704,54.22780074
4134,2.195843999,66.36058938,50.6409554
4135,1.999131177,61.60222739,58.73645958
4136,3.445770601,62.28046729,53.51497795
4137,3.358111334,65.45184504,40.85881919
4138,1.697131619,65.03476995,42.92595313
4139,3.061152823,64.98521565,47.42719236
4140,1.660652344,78.85210273,57.5444863
4141,3.04767188,63.50679788,42.8782078
4142,3.532103944,62.74420428,47.13238505
4143,2.835800828,67.39121176,54.55089423
4144,3.10456948,72.91803556,56.2916948
4145,2.964867841,75.34670596,47.33638035
4146,2.918361328,67.39958015,53.42646526
4147,3.253722508,62.29975539,44.12293224
4148,1.893924191,60.33127602,50.01919222
4149,1.562187659,63.51669382,59.29467717
4150,3.160357671,72.69009278,45.65390721
4151,1.700510928,70.71087261,55.202863
4152,3.318507451,78.17058153,59.28233888
4153,2.2413645,65.18479691,41.016764
4154,2.945229079,60.47565628,47.24815495
4155,2.969071229,72.74528702,49.41402975
4156,3.146698195,69.08215861,58.82305465
4157,2.568912599,74.59336475,44.13139987
4158,1.981256646,79.28150689,40.59178659
4159,2.086098783,60.04654891,51.96751728
4160,2.367754679,76.81501086,45.95532555
4161,2.196625855,64.37697661,40.21326509
4162,3.259231649,76.82599763,54.8938944
4163,3.128114041,73.03176265,58.31419197
4164,1.591022947,61.38170997,48.78337428
4165,3.923033359,62.64440906,54.74741983
4166,3.990341349,73.83553541,43.42914993
4167,2.326733836,67.69888257,41.87406769
4168,2.490112161,64.95839993,45.05734893
4169,3.08303526,72.83601619,50.65926725
4170,2.716545327,75.19896537,41.60792066
4171,2.575237927,64.95466883,50.48948118
4172,3.816119961,69.75535132,43.5865479
4173,1.807968738,60.56607723,49.55926958
4174,2.176376973,65.69235242,45.29721143
4175,3.344688207,75.11326763,51.93069282
4176,2.338324696,64.02394396,48.49898013
4177,3.8869365,72.66942335,58.58773168
4178,2.108646629,74.84331757,49.19627029
4179,3.843447844,74.54639065,59.36998901
4180,3.506785556,79.24104745,55.82377855
4181,2.147391354,61.67425506,45.34617376
4182,3.816719191,67.87933867,57.29982027
4183,3.594663965,79.93235381,45.82231365
4184,3.903589486,79.2170206,45.51836751
4185,3.843248218,70.83107048,52.25835688
4186,3.549946167,76.91398384,44.1034016
4187,2.975651045,64.07246645,57.13544167
4188,2.198002501,76.38080592,50.24615965
4189,2.953485707,79.56323229,52.49095349
4190,2.057068115,68.14443206,46.92229947
4191,3.158319385,76.89848648,58.66773415
4192,2.739601654,77.54291614,56.72257107
4193,2.335591185,69.02081762,54.6723837
4194,1.636724578,78.56000538,57.23083307
4195,2.377460423,61.17067415,53.17911969
4196,2.667146182,74.74659599,55.63633172
4197,2.807554675,67.88539694,59.93263281
4198,2.82574327,69.41624375,55.6976535
4199,1.911794168,65.75070384,46.5517317
4200,1.745233511,70.96175771,40.53123031
4201,3.930208105,79.2121345,50.0113996
4202,2.704278111,77.29219407,56.70279173
4203,2.644505463,70.98106606,58.83660899
4204,2.96819771,73.59197888,58.48121002
4205,2.299235817,79.216344,53.50570442
4206,3.15421951,74.62671095,47.07780291
4207,3.756482969,72.28068725,54.38599156
4208,3.945294974,70.83034647,50.99203199
4209,2.695016955,70.26103879,49.43259342
4210,3.175419932,60.76076867,56.92049545
4211,2.875330385,69.61062913,54.027636
4212,1.58793221,68.26522603,47.46944943
4213,3.600413408,71.02730996,41.63250017
4214,2.137088638,77.04999293,59.03418053
4215,3.333228593,70.57593771,45.60695218
4216,3.932481824,66.96334783,41.92059034
4217,2.206094967,62.46495413,43.45399091
4218,1.820795087,77.2476924,57.40582499
4219,3.519496482,68.58205352,57.17274321
4220,3.230412414,72.32856244,51.96677065
4221,2.547463358,63.17725295,50.84747223
4222,1.796304322,70.39006859,59.90584961
4223,1.522519275,64.10063588,56.90425899
4224,3.665142856,63.55245838,41.47386296
4225,1.883361996,72.87208442,55.22924378
4226,2.50207149,76.1642582,58.37439189
4227,3.196428751,77.2360092,47.08937947
4228,3.046056439,79.3378855,42.84025863
4229,3.109778215,67.37078727,50.52497197
4230,2.878068378,65.15923892,51.18413419
4231,2.677062808,68.44129005,55.50194445
4232,2.019524472,63.55454606,58.0720825
4233,3.663177454,61.17878869,42.48347929
4234,1.968484293,75.01948378,50.06770279
4235,1.868351705,65.93088715,58.70405409
4236,1.532677973,65.63734646,52.85246652
4237,2.775245808,62.05721047,42.21073231
4238,3.040758293,63.58310836,49.34468022
4239,2.135650009,67.77189608,42.59032031
4240,1.769423172,64.3291297,56.75805768
4241,3.540245877,77.95001838,40.69639151
4242,2.439514834,78.62337977,53.13122537
4243,2.79327172,62.52004953,48.3985551
4244,3.747557877,60.40272619,49.6906002
4245,2.831290773,67.20108253,42.78346699
4246,2.927058538,66.89173915,42.63487336
4247,2.510006368,61.47464137,46.32888861
4248,2.076492117,75.79810352,58.76491217
4249,2.095551612,60.24652034,53.60459386
4250,3.317806647,77.68227854,56.60931086
4251,3.073367422,66.82680702,57.39890243
4252,1.999564925,67.02772669,43.09818949
4253,2.194978147,63.03816919,58.09843206
4254,2.915147903,75.1828884,54.35318518
4255,1.734060375,60.01754611,53.47640805
4256,3.512968076,65.83242719,46.82631335
4257,3.85209655,77.54038896,46.27586104
4258,3.173449852,74.81931719,57.97226213
4259,1.877210985,62.35139714,45.69966035
4260,2.008789328,72.86947427,46.96381982
4261,3.65431008,79.72432014,59.36978719
4262,3.87117403,61.14114946,49.99838143
4263,3.777376842,61.39859146,59.866232
4264,3.934251564,72.61496004,48.84253708
4265,3.513060302,73.63749149,48.68862567
4266,1.752682495,72.20761795,45.35875074
4267,2.511976731,75.07339043,44.76080092
4268,2.927575133,73.5369187,56.17731473
4269,3.037595796,76.88392287,52.72733636
4270,2.675190198,64.45171605,56.59166692
4271,2.448683536,66.62541045,51.12075856
4272,3.429704038,79.90369645,40.1495953
4273,1.65303782,76.05506926,59.64795523
4274,1.77844642,69.21687415,42.67849778
4275,1.65991122,76.28806843,44.18420986
4276,3.846910825,60.23085771,47.7406181
4277,2.119360804,71.07502527,43.90159579
4278,3.126064174,62.04594138,42.65189972
4279,2.447297596,77.66300883,44.06581119
4280,3.343934064,65.32582759,48.46195108
4281,3.394376245,77.64395181,58.74131752
4282,1.528395497,69.23784279,42.01702658
4283,2.381679087,65.7007058,50.94086149
4284,3.821311733,68.10901182,53.95817322
4285,3.693524176,74.75062172,53.649374
4286,2.636265829,75.7462582,49.78817594
4287,1.923753269,79.83421162,47.11173173
4288,2.151606209,77.02685301,55.27539006
4289,3.982547519,61.28594015,54.24658765
4290,2.399236506,65.59065679,44.20526574
4291,3.14304218,71.06405011,51.89234927
4292,2.148622697,76.27093597,46.34885545
4293,2.077490296,71.64801557,43.70607324
4294,1.629133063,79.26125875,43.88712116
4295,3.405273679,61.85361113,59.82576912
4296,2.741631239,61.51123913,46.23282329
4297,2.349272931,75.77119866,49.2432991
4298,2.970236095,60.49242128,41.10967297
4299,1.956228782,63.95698309,46.4182542
4300,1.969020216,65.31074796,49.63459835
4301,1.675085954,71.00111771,45.53531943
4302,3.544890709,76.39034155,52.83804622
4303,2.499351789,69.92298168,42.465704
4304,3.3824663,72.84921447,53.90475845
4305,1.784235956,64.33242302,43.72046974
4306,2.743600707,72.94244997,48.62055988
4307,3.362634831,70.79074162,57.08465133
4308,3.546145863,68.54146824,43.68346957
4309,2.980429784,64.74110521,52.39031994
4310,3.71436131,60.21912774,52.41192833
4311,2.553159895,76.52396642,47.49270106
4312,3.265989053,76.16892563,45.72886985
4313,1.501884128,70.04897952,41.26921988
4314,2.189468517,62.65031186,44.38707972
4315,2.747262102,71.40353474,57.34452266
4316,2.432356315,76.84632318,53.36715414
4317,3.451685458,69.62924045,51.31745818
4318,2.626006218,61.48357222,43.34727286
4319,3.640178225,61.5969745,46.94446146
4320,3.075963689,77.96113719,42.41667501
4321,2.982679395,64.43110511,56.24312379
4322,2.475523358,65.02494137,54.05998881
4323,3.509905117,67.76751717,50.22873245
4324,3.83847401,76.250723,45.53488938
4325,1.83942983,78.3815198,47.97723631
4326,1.643679571,65.40178918,53.62685278
4327,1.886606202,73.87755246,53.97027523
4328,2.911571806,72.02374642,52.89856219
4329,1.557970713,68.95118747,47.31107774
4330,3.083117056,75.78071598,44.73159566
4331,2.260790755,69.45872543,53.63959524
4332,2.086007054,77.41050111,44.67114294
4333,3.665085803,78.10624207,55.71753136
4334,1.607676897,77.21651197,57.59567384
4335,3.642496646,77.12211579,48.67666741
4336,2.588838068,77.63875313,46.82912859
4337,2.606116355,77.63211243,54.28046106
4338,2.206800234,64.63605761,54.21696469
4339,2.049637446,65.32060077,52.58783001
4340,3.268377369,65.88709212,54.80269168
4341,3.01752538,78.85342,41.68484835
4342,3.277081327,66.59676684,49.68712393
4343,3.627077283,79.53419673,43.69318208
4344,3.991132334,67.8228724,55.54183858
4345,1.814984599,60.90560404,59.06510538
4346,2.387789573,73.93634795,50.77652047
4347,1.726302468,76.21656427,44.68418549
4348,2.809157777,65.03778293,59.83979618
4349,2.081044481,78.23958928,51.22708215
4350,2.049483739,61.25347068,51.73207534
4351,3.177126408,67.83777809,46.05028592
4352,2.877488449,66.1204386,43.74718156
4353,2.654220731,72.30803691,54.95123452
4354,2.732944984,67.74984084,51.70412471
4355,1.676152789,78.77889746,49.0364932
4356,2.522375221,70.01646257,40.87404633
4357,3.389352165,66.35398605,49.11919261
4358,1.632555828,67.01873984,46.09662785
4359,2.229333517,70.64216338,50.24207699
4360,2.852104488,64.52245622,48.84970924
4361,2.296065796,73.87993488,56.78689575
4362,2.151016774,70.38553532,40.3334752
4363,3.81654,63.92740916,45.46650155
4364,3.794620057,66.32712181,41.87397443
4365,2.649754917,79.70530929,57.99426127
4366,3.296936151,75.43733374,57.38713229
4367,1.611949053,79.17381154,47.77900878
4368,2.75578393,78.0341205,55.96102762
4369,3.844928601,71.00919477,57.32583539
4370,1.978295801,66.56957817,51.68942048
4371,3.357318773,63.68398415,59.76580561
4372,2.459592146,73.05334699,49.52855108
4373,2.198082697,63.29071674,43.23907131
4374,1.797517255,61.80885915,51.79945128
4375,2.108841076,71.5545485,51.91820034
4376,2.405508892,74.36050596,40.18108565
4377,1.538993112,70.496537,46.77082326
4378,3.170718333,71.57499287,43.09498737
4379,1.929647891,65.68969399,55.10686053
4380,3.898884851,64.61137511,45.96393485
4381,1.644241017,70.2002779,52.03257082
4382,2.235445268,77.05377575,43.89675535
4383,2.812168641,63.61412532,41.52385179
4384,2.751164002,67.61100454,53.35550953
4385,2.993959809,78.098571,46.58383041
4386,3.923062033,76.20075005,44.07756278
4387,3.777236177,64.35935148,59.66609957
4388,1.636614653,77.44541406,44.94359116
4389,1.687956943,69.57021129,48.23704863
4390,3.158984824,67.35860359,44.60644389
4391,3.369878493,74.93643735,45.89569138
4392,3.424866589,78.25911073,59.73955779
4393,2.135032948,63.46628155,58.09616494
4394,2.830123466,65.85307,52.94274816
4395,1.833949077,62.53604112,59.45236992
4396,3.686449396,70.74879109,54.91559869
4397,3.438460985,69.96704695,45.20483072
4398,2.277070334,64.77054714,51.17072107
4399,3.769917087,66.62428221,42.39651219
4400,3.87056959,72.82357711,57.58089319
4401,2.560603333,78.15362845,41.94971573
4402,1.66655683,63.46235872,46.17304011
4403,1.670955725,78.00024733,44.81265505
4404,2.395115083,79.55781771,47.89047876
4405,3.773197576,74.78788285,47.63837474
4406,2.377511303,74.28910671,45.19113051
4407,1.753067941,77.03477531,58.19781139
4408,2.332007644,77.39580272,41.8652288
4409,2.907765686,79.19434611,49.26937065
4410,3.56617519,65.91470717,44.54230717
4411,2.348672729,60.34090915,56.81528064
4412,3.841022575,64.93494729,56.55618056
4413,3.280272014,74.17922853,44.05611793
4414,3.373972487,67.42519824,50.05486979
4415,3.519686267,64.78761098,55.45135116
4416,3.707619114,65.93483177,46.57547145
4417,2.693380188,64.25110888,41.492504
4418,2.832721448,65.3385626,58.76374542
4419,3.211576346,66.19988088,43.70960536
4420,1.865360872,73.52426114,59.85467768
4421,3.723576737,65.37276487,51.43397603
4422,1.858988785,74.00348131,46.04221572
4423,3.744629642,62.50524909,51.40283368
4424,3.690672543,71.99892473,52.17478113
4425,2.86056748,73.87068297,43.54559879
4426,2.405040459,64.986374,53.22209002
4427,2.176329898,70.86459727,54.01508529
4428,2.988892335,78.75232927,46.70445503
4429,2.5674091,72.94978735,57.99947979
4430,2.210853793,68.41112254,44.55317541
4431,2.217880862,62.01181383,50.29762377
4432,3.109981562,75.06504823,43.93614025
4433,3.473260897,67.13916711,47.7220059
4434,3.345736607,63.81350012,49.14687203
4435,3.387744543,78.00334446,48.51766799
4436,3.868587869,75.21075755,50.50078593
4437,1.515992039,71.90700031,45.46355417
4438,2.11319375,74.06223622,53.19813271
4439,2.62574553,71.3205789,41.5477134
4440,2.500896824,62.26750385,51.05511397
4441,1.734896136,70.12510483,49.33045928
4442,3.849573984,77.42043615,48.64683627
4443,2.535806939,68.40952882,49.48614538
4444,3.821913615,75.84469683,55.60996533
4445,3.889933924,71.99586614,43.91320804
4446,2.304519487,62.04088145,43.13623583
4447,1.861791982,64.89145606,41.00088785
4448,2.674263725,71.30439666,45.19897975
4449,3.812033163,76.88863642,46.58163719
4450,3.350320377,66.53186434,45.29195353
4451,2.322829041,78.03926995,42.0474457
4452,1.818268507,66.44644052,59.9176498
4453,2.712778409,66.17664191,53.87217029
4454,2.99570403,75.08520857,40.83689114
4455,2.836902273,71.84521443,54.74497381
4456,3.717179264,75.08742836,48.24950538
4457,2.858788493,62.11918253,49.9228945
4458,3.785893753,76.79000158,56.38139081
4459,1.750898472,74.44442562,49.09621067
4460,3.754111629,61.55513148,52.36244534
4461,3.521937438,75.82523545,52.29582537
4462,2.567998242,67.18108078,45.74717961
4463,2.386033116,70.48868824,58.84523784
4464,3.663298894,77.04637677,59.72041749
4465,2.065241786,61.79642552,59.84591683
4466,2.633825728,75.8595843,42.63555268
4467,2.144417734,62.8219643,43.14088542
4468,3.073784741,69.30757039,50.97003678
4469,3.772176545,77.30464835,52.47665271
4470,3.586031615,63.64380084,53.88969633
4471,1.732419892,70.4617454,46.96001977
4472,3.766311967,73.88254157,55.76739265
4473,2.130066288,65.96517248,55.0649273
4474,2.974660284,67.54121024,51.6754401
4475,3.397239435,73.28180512,42.92682973
4476,2.055301727,63.74740013,56.47233623
4477,2.41751806,60.36035423,46.28974192
4478,2.545425816,73.46072915,44.66265598
4479,3.762633215,70.00192526,46.33612968
4480,3.580084203,74.48449548,42.41220359
4481,3.932835919,70.96782832,41.56731963
4482,1.800199399,78.61752048,50.39066484
4483,2.503798793,62.26972518,57.7588062
4484,3.646337769,65.92214769,48.05734354
4485,2.844653549,72.2265185,47.08337638
4486,2.825503825,64.82159863,47.27883587
4487,1.942122413,74.006338,41.4262727
4488,2.979377835,73.75974578,48.78288528
4489,2.240493423,70.28942142,57.74474234
4490,3.608347413,60.73888232,57.98088271
4491,3.529852695,76.1664955,54.9723596
4492,2.840915379,69.7576461,47.38291569
4493,3.966154134,75.53489771,55.02664378
4494,3.061423335,64.99510064,57.61091172
4495,3.239333279,61.14671233,50.45391286
4496,1.523127911,61.79593394,53.85154501
4497,2.014635317,72.82667196,57.82306239
4498,2.38477357,61.21872867,56.08593689
4499,2.344889605,76.11433093,49.75617013
4500,3.639433863,66.45334564,46.37868593
4501,3.293974921,74.96364388,59.72846231
4502,1.929753587,69.8410051,47.69251867
4503,3.570319849,68.57436374,47.94718807
4504,2.335487513,66.21264235,54.58603269
4505,1.66506946,70.70482317,58.466349
4506,1.741368047,75.04102047,54.40765319
4507,3.78163407,63.77973927,58.3979603
4508,2.59213625,72.70861663,50.80765427
4509,3.326056015,79.84124925,42.44862044
4510,3.066588595,78.48081489,44.07453014
4511,2.316653425,68.05769735,52.64249031
4512,3.599273515,63.62004653,57.17218148
4513,1.972325888,60.4537545,51.59448088
4514,2.581789918,63.07660828,46.921443
4515,3.476287206,72.51696132,59.49217302
4516,2.423318038,68.02311067,58.01571462
4517,3.30384416,61.44210628,48.10608504
4518,2.281957018,75.13904326,50.88622712
4519,2.595483992,63.09382197,40.99726587
4520,2.57969853,70.60096252,59.87985707
4521,1.609389904,75.91443378,50.23231033
4522,1.570497526,79.90515314,47.73622303
4523,3.91604986,61.06449335,57.49033375
4524,1.752287581,73.06304193,49.1389879
4525,3.424495431,78.75628581,51.86101857
4526,3.257666619,71.81733093,43.48348074
4527,3.774607138,70.67224035,55.25504636
4528,2.721356774,79.09581462,43.40782769
4529,3.183597625,65.55338007,42.36621229
4530,2.718294566,70.55361458,43.15941856
4531,2.267539371,71.09545029,48.73150498
4532,1.803023482,68.81517588,59.04845365
4533,2.353009477,64.90673508,45.61152492
4534,3.718790664,79.39817696,46.18530733
4535,2.727789381,71.2943575,50.11536411
4536,2.458921269,76.92022455,52.74502813
4537,3.392380265,61.58618193,55.06223761
4538,2.120223428,77.18643096,53.32378358
4539,3.63112345,76.40120989,40.18902038
4540,2.089680538,79.16471737,43.62100097
4541,3.339717034,74.88050005,50.64562777
4542,3.358252977,73.36857482,58.13230988
4543,2.97226207,78.26917854,57.43834713
4544,2.147217831,63.57551818,48.15564384
4545,3.089903418,74.49660709,57.48799199
4546,3.195039103,77.94847261,57.29167115
4547,2.217217298,62.7923706,51.66396947
4548,3.622474037,64.85571082,56.91100289
4549,3.816495242,62.94226045,41.71419581
4550,3.860857278,78.76322896,52.44703821
4551,3.332350619,70.59884467,48.93747214
4552,2.887841369,75.96474808,43.16045374
4553,3.930646113,79.41484614,40.08171504
4554,3.614357315,72.0464906,40.45192122
4555,3.699880196,77.36011161,40.69881442
4556,2.368939679,74.90075442,43.16656732
4557,3.960317415,73.1326596,49.21241419
4558,2.66409581,76.73220946,58.18103394
4559,2.222520993,64.3395814,54.16912385
4560,2.642550744,66.80705342,59.47784124
4561,2.882729274,69.70950677,49.0730245
4562,3.378362837,74.27406863,45.73909779
4563,3.231000148,60.40684833,48.77704096
4564,2.133190999,68.53132905,47.64846893
4565,3.988947594,76.91345532,40.71899067
4566,3.76268496,78.70442096,59.2777373
4567,3.769696584,67.49119672,40.4699914
4568,3.79749351,61.89936918,40.79352025
4569,3.053484544,61.4650684,43.42632162
4570,3.051546031,66.77584364,47.92060528
4571,3.211157643,74.12770046,43.67758406
4572,3.090990456,76.99392815,54.54820676
4573,3.674001817,67.63256489,44.86299195
4574,3.080792135,69.56213521,44.94967885
4575,1.613896843,61.51162244,53.40990731
4576,3.952662946,62.34814036,58.24421933
4577,2.784311023,60.51823856,56.82507688
4578,1.908026726,74.76542657,49.13389996
4579,1.98896091,76.97643722,57.3842909
4580,3.531099826,62.5669675,41.42593784
4581,2.891681594,74.13607985,48.8562538
4582,2.501050573,67.96705748,47.06799742
4583,2.183613987,70.02536453,48.1385609
4584,2.575146606,62.01989611,51.99754843
4585,1.821263144,77.97140615,57.22980434
4586,1.6052346,79.03847147,46.03301446
4587,3.471923466,78.28612461,46.7487122
4588,2.228533088,62.49307663,48.85796917
4589,3.005400077,69.70941227,59.23658802
4590,2.283220844,75.51230519,45.20682349
4591,1.8560711,75.73305793,43.50375478
4592,2.546160664,62.42121792,44.20598787
4593,1.793818131,75.67302986,41.23007878
4594,1.847777737,61.26531229,48.04834742
4595,1.632181017,62.00551142,52.63210418
4596,3.853399733,66.13173546,42.30520609
4597,2.865225609,72.6373392,51.40655344
4598,1.64736035,72.62120971,52.45389605
4599,3.115141941,60.39373681,49.36134232
4600,3.112143532,65.47559945,57.39474855
4601,3.919308314,69.34460899,56.92555809
4602,1.579569743,79.43465884,53.81273153
4603,2.000954868,62.26887448,58.09001684
4604,2.577037253,69.67258761,52.71796322
4605,1.876989841,63.40441723,46.87142117
4606,2.648542802,72.10095105,44.65288973
4607,3.677969858,62.81079966,50.81422641
4608,2.641516039,62.35313976,49.85591239
4609,1.81263584,75.53405431,47.32179033
4610,1.728263193,63.79574475,52.44844661
4611,2.999760967,70.20111965,51.12888202
4612,2.122151331,79.64254926,57.7721743
4613,1.978881889,66.61534734,58.52953844
4614,3.336881287,72.89625233,42.75221833
4615,2.183017287,65.18879553,49.40382599
4616,2.369569816,64.47519608,52.02018958
4617,2.626674577,60.98305646,45.57416493
4618,3.314045579,69.98153354,43.92545744
4619,3.470008937,62.84966317,53.18495899
4620,1.587994406,79.23683314,53.87863373
4621,3.613054714,78.88169873,58.51192851
4622,2.110984917,74.70160124,47.05771896
4623,2.171704247,75.52612839,40.79969772
4624,3.648293289,69.78267463,44.45285832
4625,1.949872823,61.93233342,58.97504423
4626,2.833323108,78.72765224,52.47229745
4627,3.852887254,65.95885549,47.81739718
4628,2.668966431,77.5360529,57.57934621
4629,3.506663876,66.27186784,58.33426569
4630,3.181638144,73.95418166,59.80093245
4631,3.360210544,74.64303384,59.69722723
4632,3.438640107,72.90976291,57.8524746
4633,2.816001477,71.68760814,56.37359029
4634,3.318550498,63.70829797,45.56467503
4635,2.972172151,60.13641,50.66852832
4636,3.842555671,68.62757873,52.24097997
4637,2.882015749,79.11140147,47.26694335
4638,3.788525354,65.60443375,49.90912726
4639,3.249191227,67.16830224,41.77993476
4640,1.831384854,64.58481563,40.74564701
4641,3.2410719,73.27954246,41.11889352
4642,1.741927817,76.88505158,58.63294039
4643,2.824938733,77.77482889,45.3336704
4644,3.958822818,68.72654787,45.76228176
4645,2.770091528,60.22167276,46.35107827
4646,1.728136626,61.65366771,45.93629872
4647,2.904285492,68.81214349,52.96921733
4648,2.817878454,75.04075466,54.68185569
4649,3.149615357,69.25752636,59.52827869
4650,3.378539964,78.45876918,52.74279023
4651,1.832696728,79.5539024,50.02266939
4652,2.883358938,75.02196258,41.74155351
4653,2.406068089,70.45072659,51.55010535
4654,3.054058116,60.7775662,51.97121661
4655,2.080458654,68.96335686,40.14548389
4656,3.262394038,71.53320854,48.57682686
4657,2.075519995,70.10791216,50.54511508
4658,1.736343854,66.13379942,45.90759723
4659,2.610750854,67.2343771,49.37362334
4660,3.764673993,64.02160881,57.07224817
4661,2.923753004,71.07430779,50.11325557
4662,1.928047542,73.92888101,52.46435192
4663,2.699416165,68.2216947,58.57275468
4664,2.932499349,65.02989456,49.96364097
4665,3.293723542,75.64831414,40.63790855
4666,2.085677988,63.40206513,49.48845048
4667,3.689788338,75.75820669,56.6374878
4668,2.650738121,77.24268593,48.66013502
4669,3.03712907,75.04705945,49.4955704
4670,3.776880819,68.2112154,51.4204154
4671,1.718592776,78.68751998,48.4266078
4672,2.776220922,78.34481316,52.04997341
4673,2.673569607,66.59013306,47.28641478
4674,1.596061994,68.38506092,50.24688825
4675,3.384438278,64.47765181,57.85036201
4676,2.620988413,64.93896383,49.11732345
4677,1.625627038,61.38514736,57.75926867
4678,3.355282326,61.82741627,41.61024782
4679,2.154777997,66.93326722,48.86514813
4680,3.723948811,67.87478177,42.55470791
4681,2.191617341,61.93095784,50.46335237
4682,1.902065958,69.58289058,49.67225539
4683,2.046319688,62.642281,54.67284321
4684,2.465060717,78.18039733,57.92200433
4685,3.177663642,73.21514634,41.93039459
4686,2.50437001,71.88334102,41.37573485
4687,1.600635001,61.95629839,55.93044796
4688,2.36408666,73.4929092,45.25404671
4689,3.729993388,79.89865911,56.16103738
4690,1.835754704,72.86210831,49.08239066
4691,1.864762413,71.29806341,53.99844183
4692,2.450978183,63.91942923,58.90339775
4693,3.0154784,60.07931923,52.45252948
4694,1.971336878,68.36906925,49.34044081
4695,3.847484837,74.85699946,52.38006736
4696,3.366388114,79.87106638,41.11391123
4697,1.705098184,78.80525552,57.2563952
4698,3.061424594,64.22830347,49.25723249
4699,3.912916959,70.36006514,45.80058998
4700,3.587647442,74.32625795,48.63637124
4701,2.857209555,79.45462713,59.63560587
4702,2.80827839,69.34449408,41.40645677
4703,1.512005233,73.00448645,51.26316997
4704,1.900253389,79.53245467,56.54499122
4705,2.0376674,69.45537029,44.06737186
4706,2.034272122,72.28080645,44.83281557
4707,2.34350194,63.47869894,48.32506891
4708,2.3566371,63.34568009,42.9550506
4709,1.891940686,65.52275535,52.23838476
4710,2.579874768,72.29938881,57.54731878
4711,3.605029188,65.24249462,57.27434676
4712,2.469463121,78.06465478,45.51888221
4713,2.263722913,72.00170826,56.97088088
4714,2.06509894,67.53320118,47.93929718
4715,1.998535222,77.88792015,53.9309887
4716,2.253437295,73.26635352,42.27584176
4717,1.76922296,76.61572051,40.68075297
4718,3.315078508,66.79125311,46.73042296
4719,2.654948501,72.9040188,57.19041454
4720,1.557249042,73.71012645,55.34962123
4721,3.889781053,74.36810374,54.96728137
4722,3.723820066,65.44197555,55.22894537
4723,2.31725161,74.97907929,45.25004806
4724,3.331468951,61.77753284,46.17348762
4725,3.709485893,66.90130439,42.64202657
4726,3.122666436,68.34301499,44.55062695
4727,1.83594292,77.02379584,44.68558158
4728,1.797373628,69.42625915,57.2835649
4729,2.677438545,67.14219055,45.73958764
4730,2.264486848,79.49173765,49.67571981
4731,3.443886948,76.23849068,49.08534217
4732,3.973224454,77.56078813,42.63540015
4733,3.714836536,72.86088952,54.52390491
4734,1.70946052,79.67834541,50.89138123
4735,2.945014752,62.89834785,51.41566738
4736,2.18673943,62.89627046,49.76295383
4737,3.919392052,62.85172405,44.09884279
4738,2.880918001,70.8471458,46.55307746
4739,3.900566277,62.65387779,57.84351117
4740,2.404723689,68.08125174,53.69058232
4741,2.361038304,75.91626121,43.65736766
4742,1.73670251,72.59139286,49.04705454
4743,2.113512176,70.70875083,40.07574445
4744,1.841144743,61.71277143,50.12482136
4745,3.748503705,79.87958757,51.49204286
4746,3.699506864,60.98708763,48.32736975
4747,2.19754297,68.78374662,48.39719664
4748,3.146193178,65.94907923,48.55509949
4749,3.585757032,61.29643906,46.82652509
4750,2.382277221,68.64204923,56.73467804
4751,1.934923412,74.11770674,47.70987224
4752,2.449214031,63.50734231,48.36721045
4753,3.687764074,71.73345858,58.24163301
4754,3.848022504,66.76520984,40.19779516
4755,2.255337657,75.5676744,58.35533474
4756,2.52019101,61.6104965,41.30769212
4757,3.605064186,75.55256995,51.6648444
4758,3.713003085,77.99049471,47.88343804
4759,3.447721581,72.88519226,41.06121577
4760,3.152600669,78.00272275,53.07767406
4761,2.810794964,71.73002699,55.09080316
4762,3.449913944,67.99635114,43.93560343
4763,1.955575965,77.94508473,42.34979824
4764,1.548511505,60.35005942,49.63858431
4765,3.284973723,76.76625668,55.89460391
4766,1.676686942,72.30254175,57.53428917
4767,2.555408598,61.10431255,52.4844168
4768,3.532340586,70.11819836,58.91297042
4769,2.377749881,78.62368903,56.63729359
4770,3.856637676,76.78435976,58.17059863
4771,2.750333763,63.47103117,43.50544797
4772,3.418497464,76.55501171,56.26530529
4773,1.507265294,63.55991517,52.56313853
4774,1.958917978,66.02170389,54.60658584
4775,2.369799972,77.21437312,58.66780013
4776,2.633119791,62.92533375,40.67256884
4777,2.881451263,78.62390823,48.19848939
4778,3.139124014,71.92313539,48.29905247
4779,1.865573867,67.29793282,59.90215126
4780,3.28848854,75.36455841,46.60547381
4781,3.944494589,71.2778262,58.09780431
4782,3.225370745,77.35838043,56.98336435
4783,2.89041215,61.35823549,40.52123461
4784,3.856103634,78.00071952,40.37216958
4785,3.256458301,69.03777445,55.4606969
4786,3.108083376,69.63012855,48.8444244
4787,3.373174239,73.91484519,59.61209602
4788,2.043556992,62.84298298,59.50231416
4789,3.953397475,78.94332416,51.72141376
4790,3.326569867,60.435145,46.38424985
4791,2.810595024,70.03039723,47.1135756
4792,2.230674721,76.1359747,56.10058094
4793,2.438949623,68.82424408,45.70767525
4794,3.114289579,79.61845798,45.35877008
4795,2.88945409,78.40696913,44.99479409
4796,3.197526394,75.79540542,53.56601524
4797,2.493403296,74.36179479,56.69607283
4798,3.820201645,69.45617316,43.29487588
4799,2.433378815,74.53628098,55.42527502
4800,2.222928771,63.60360764,51.62800607
4801,2.370388952,76.60879713,51.07682792
4802,3.010258999,77.14320992,40.05431633
4803,1.91772167,73.72770286,46.59342637
4804,3.928735895,69.43310897,51.94239549
4805,2.699402207,71.80697367,44.08150956
4806,3.80904197,64.70177034,55.57368129
4807,2.4675315,61.98856189,50.03753649
4808,2.631419399,65.65269179,42.55536993
4809,2.90114896,69.78000712,46.04543966
4810,2.655981043,63.20720234,48.67911266
4811,2.692136121,76.19118821,59.64235212
4812,1.590750973,70.08522877,51.37583026
4813,2.578040474,62.2167878,57.74252341
4814,2.840014665,69.33695711,59.11361703
4815,1.754251484,67.38400526,46.42550726
4816,2.72021428,67.61822755,49.94313512
4817,2.229607959,70.21949083,52.53445425
4818,3.552539228,76.01105894,52.30066186
4819,2.610919361,79.1562912,52.82582566
4820,2.224404604,69.4156001,56.6496824
4821,3.597800442,74.20370821,49.8977422
4822,3.859213797,62.74312015,56.83688187
4823,3.258073794,76.35495428,47.38542992
4824,3.708269508,67.25353623,59.50381579
4825,1.510538684,70.04959128,55.15743829
4826,3.504110107,75.42557749,58.65444597
4827,3.860006518,68.64477854,53.47416968
4828,3.674402782,73.39889891,55.07355074
4829,3.068261102,67.18191563,46.07912661
4830,3.932611823,66.25469792,51.13109426
4831,3.485901075,72.44216099,51.31506361
4832,2.396633222,64.44880177,51.91972036
4833,2.580359132,69.42153508,56.5865526
4834,3.920117337,68.61111438,58.52943295
4835,2.677778971,62.79810037,43.68789566
4836,3.728274799,74.98240359,45.54835712
4837,3.438718559,65.03986776,53.07121593
4838,1.979696746,60.02653269,44.43007976
4839,3.192249853,64.43901988,41.41185971
4840,3.345240012,70.24637797,59.1974403
4841,3.076126753,78.65807672,45.45996129
4842,1.94819572,74.79386567,49.19021217
4843,3.143958524,61.6469604,50.27776844
4844,1.96814391,60.45068101,48.29359354
4845,3.591488523,69.69719204,50.14558831
4846,1.876585668,60.2417636,55.82887688
4847,2.142799997,70.85670178,57.06513385
4848,1.614474135,79.73349454,55.59212132
4849,3.373674052,62.61309966,52.53646523
4850,1.858572361,74.68712172,41.16409884
4851,2.37198021,77.768269,46.44481009
4852,2.594919091,66.18474636,41.51038019
4853,3.599583146,66.72916857,52.30077932
4854,3.419414357,70.19538635,51.04474161
4855,3.633794279,67.47676781,44.30248205
4856,2.796016722,66.4700022,51.68911836
4857,2.063946825,67.74793293,48.39138831
4858,2.730976109,71.40124427,57.23722677
4859,3.491389378,60.89184189,47.83259964
4860,2.270811306,79.30051116,46.3099743
4861,2.17323024,67.17605121,41.95932782
4862,1.677813498,69.7653089,59.43839192
4863,2.057209116,61.66315247,43.56267336
4864,3.043652175,65.91030527,48.25643034
4865,2.359879177,70.88468149,55.12879229
4866,3.08472432,61.10123692,42.58218907
4867,1.996209312,72.62603009,59.00148099
4868,2.779464214,73.06042408,59.22660798
4869,3.769335201,61.87394413,59.0500499
4870,3.244042346,60.25582551,58.77201583
4871,1.738291461,71.11227066,47.5109136
4872,3.862214226,65.29877638,58.23250629
4873,1.536100988,76.16762936,51.19725908
4874,1.808603663,61.09560987,56.7358645
4875,3.529939924,62.3512418,58.01331679
4876,1.970452844,77.23596629,45.5177286
4877,3.522824637,76.12551924,40.90114922
4878,2.565500868,75.98944146,52.82445945
4879,1.538517399,69.16186173,53.72438285
4880,1.819416345,73.47325423,45.92154596
4881,2.76269393,68.1608283,50.58605496
4882,1.753368636,66.84481525,54.6221593
4883,2.090854868,65.83259231,58.27686664
4884,3.539708058,77.26757355,53.87695283
4885,2.891861565,76.94471655,58.98479976
4886,1.668016802,62.49620831,49.01820026
4887,1.667055107,65.88219706,40.00127784
4888,3.787305765,74.48316745,57.0676396
4889,3.560119731,72.06017097,49.58910111
4890,2.917042833,78.41944491,46.55560133
4891,1.804018313,63.53204252,54.20786165
4892,3.973938536,78.63534356,51.74408404
4893,2.103468977,65.04792534,53.45370336
4894,2.711290564,64.91556757,58.33425858
4895,3.489247233,70.07818105,58.82190206
4896,3.180137398,63.11376094,56.12400401
4897,1.789051235,78.14232363,43.66007566
4898,1.650279901,67.23879731,49.45590015
4899,2.116372909,73.63609636,40.87384406
4900,2.457672503,64.67506747,46.73977051
4901,2.83171302,64.76771152,45.81672733
4902,3.598430647,71.31295054,59.9377226
4903,1.721933541,71.72854354,59.10292317
4904,2.102392641,77.47161271,59.57335357
4905,3.813387406,70.1414283,51.67390228
4906,3.669011587,61.32846218,56.75725468
4907,3.546381408,79.00768267,57.34903767
4908,1.534509719,67.603829,43.25626547
4909,2.302437471,71.31778576,40.87801804
4910,3.584520741,63.63409954,45.8518359
4911,3.60508867,77.01098983,49.31214281
4912,2.392793608,69.22153785,49.08882773
4913,2.58708935,60.73297499,50.7084705
4914,1.653033986,61.76669263,48.4491996
4915,2.087697765,72.03327282,46.54212278
4916,1.82609872,72.71552498,58.77377968
4917,2.035725123,78.71337395,49.68604508
4918,2.05644123,66.40898319,53.59705085
4919,1.59072706,66.00521969,41.42237189
4920,3.650119188,75.0275474,49.29387918
4921,2.628911395,64.74489009,40.32195032
4922,3.42937852,61.67816195,58.5606131
4923,3.147360043,70.85391569,57.17362218
4924,2.386298285,71.58805978,40.47778763
4925,2.777918763,67.12785995,46.27733855
4926,3.004205302,67.03024421,58.80900507
4927,1.8175416,65.4528338,52.74319374
4928,2.798442231,71.61214646,59.9058717
4929,3.257419726,63.90489769,43.2724795
4930,2.542776195,67.68243356,56.50542891
4931,1.57544437,63.89433332,46.17714681
4932,1.763046994,62.71536438,52.14454225
4933,3.620515011,72.57754123,42.68163291
4934,3.131343505,75.05228829,42.36544996
4935,2.078371195,77.41531862,58.92884183
4936,2.555697126,73.61079269,50.04620465
4937,2.19207083,67.29552244,56.9371297
4938,1.924213365,69.2848478,42.89541545
4939,2.914073185,72.47089997,51.08835882
4940,2.203641125,60.00829365,58.37347128
4941,2.319464465,77.67361101,41.84791245
4942,2.849928145,76.16210902,53.99030188
4943,3.707749217,62.94668843,46.20687378
4944,3.060506369,68.56851275,45.69870088
4945,3.63636296,76.42905794,56.85236591
4946,3.339710127,78.13888488,45.40147745
4947,3.887071059,75.03033159,48.1132056
4948,2.588983715,66.40225373,57.25124751
4949,3.257590804,78.94100849,48.49456166
4950,2.058524473,66.96294234,55.2842766
4951,3.596553062,68.76316661,49.46880962
4952,2.198142664,64.60849445,50.15680945
4953,3.285815113,73.97435733,41.15437805
4954,2.664979154,71.14389133,41.49927874
4955,2.100318063,60.19984378,43.5388621
4956,2.823054205,60.09907074,41.14215262
4957,1.502557247,67.74231191,52.05388304
4958,1.903703708,64.5787031,47.2641648
4959,3.804645569,71.07105439,58.2296684
4960,2.757765921,63.81084084,57.02778496
4961,3.965546197,60.80608688,51.70249172
4962,3.262365421,64.23642206,41.39269655
4963,3.598242311,61.23150766,52.47758244
4964,3.94193757,79.22628557,44.68244318
4965,1.97666122,64.72894752,44.65282644
4966,2.459923378,60.26460908,45.07007547
4967,1.501772432,67.6531524,41.52653912
4968,2.424818333,60.68485855,58.31130326
4969,1.567107033,72.7390864,49.74109394
4970,1.771936388,67.1255934,47.60301369
4971,1.539509623,69.54606277,52.8223005
4972,3.997277377,63.82399387,42.60833579
4973,1.812347413,70.40813105,55.96720772
4974,2.017427181,61.4968602,58.62627254
4975,3.225151912,78.36403378,55.49049023
4976,2.959898123,64.70675657,58.90420269
4977,2.032232562,75.1027961,45.23039054
4978,3.95484833,74.45605966,52.62334438
4979,2.606779986,61.1544574,56.40218078
4980,3.38786086,78.92448556,47.30898175
4981,2.616185837,69.57546254,55.74139099
4982,3.805226896,64.33530897,49.65050944
4983,2.67831817,74.55346645,58.55197027
4984,2.051818521,63.87600381,59.12533065
4985,1.762658284,78.44010941,58.45886494
4986,3.714914641,77.552655,40.74807104
4987,2.15911981,68.7957498,49.12253332
4988,2.190344764,75.53064173,43.68534153
4989,1.531971182,70.47256942,53.6413068
4990,3.904548565,73.63266458,51.05799942
4991,2.412579547,68.59245856,50.1902865
4992,1.911091225,75.28288035,55.51373329
4993,3.333137827,65.85470404,55.4074293
4994,1.696730812,79.55139333,53.94227933
4995,3.592633437,78.48508994,50.75806413
4996,2.190532949,77.21765677,54.8192766
4997,2.61421155,78.90482223,56.32429438
4998,2.272780906,68.58936913,46.18911609
4999,2.59913724,76.11393446,52.05346369
5000,1.919621266,73.61082952,55.86621219
5001,3.036426114,78.74246576,50.10169885
5002,2.371472199,68.02688939,58.06179121
5003,3.762572709,68.04079252,52.12791305
5004,2.593569134,68.20711229,57.45030164
5005,1.515642459,66.2271064,48.12007932
5006,3.619814482,71.15461776,40.31004821
5007,2.890763701,68.79630026,48.95200677
5008,3.310612657,79.41901604,50.65563847
5009,3.969789179,73.93941124,47.40711326
5010,3.043017931,60.1476701,55.09381402
5011,2.278979288,76.8338843,52.06197383
5012,3.335240333,69.07903195,53.15744727
5013,1.851200301,70.39062327,48.92627585
5014,3.252671855,78.67375185,45.04944497
5015,3.73437263,75.19960411,59.13144835
5016,3.126731027,63.02011134,50.6683751
5017,3.411462786,62.12081903,45.24739838
5018,2.21343453,64.25589564,59.47413973
5019,2.141470214,79.67068892,58.60526025
5020,3.859471172,68.26834673,52.97122274
5021,3.863024737,75.01623735,42.17494576
5022,2.973765972,70.89365427,42.77939669
5023,1.981342864,78.86652139,48.86349301
5024,1.771783,61.46700758,47.33263396
5025,2.943665132,77.11540733,53.70072131
5026,3.139111748,78.72900296,43.45387885
5027,2.347835126,65.97880392,41.26095387
5028,3.039185477,73.49955827,48.30924369
5029,2.097201828,64.40879651,52.40674151
5030,2.971805425,66.60937512,47.81313535
5031,1.873577825,66.25441944,58.23783797
5032,3.147897538,61.26264485,40.21065342
5033,1.847598014,65.99804986,43.73916998
5034,1.656652682,66.10577574,49.21603671
5035,3.482782351,61.15848194,52.63828366
5036,2.103553571,66.08243844,51.93879215
5037,1.892218754,78.79811405,41.43072754
5038,2.642628823,63.12475302,51.3136601
5039,3.982957003,74.8775079,53.89236207
5040,3.423463411,61.39306387,45.37771356
5041,2.911662772,61.68365613,53.20176577
5042,2.809750878,74.83074021,43.94664305
5043,3.358652259,70.11994207,44.54803616
5044,1.917768817,64.3080765,43.24217831
5045,3.318740567,73.8943456,52.41228253
5046,3.54142557,75.67549069,40.79273776
5047,2.350725393,71.41063595,43.98548573
5048,2.286863945,62.07386412,52.91570544
5049,1.83341464,67.26135055,44.47991144
5050,2.465308024,69.69640851,53.14194029
5051,1.828735107,62.26111325,51.14806385
5052,3.98603973,60.24067735,56.75700924
5053,2.475282366,62.2652291,40.57616855
5054,1.84075806,60.76720806,53.25738562
5055,3.504294039,77.18052465,46.48291815
5056,1.739141825,78.80194841,49.46121713
5057,2.409730751,69.64017422,52.32181399
5058,2.806320644,65.64850274,42.16608522
5059,3.060193901,71.56639182,41.3286388
5060,3.263776061,78.24559382,45.20795988
5061,2.34421875,69.1307034,40.20977161
5062,3.567021951,60.44297931,48.25451536
5063,3.13408251,61.90757208,41.93677086
5064,1.804264683,61.77468594,43.4202667
5065,2.474896629,69.12196302,55.37891194
5066,2.917017193,61.45434064,46.17043919
5067,2.424578671,70.95692031,42.7646964
5068,3.010975318,65.09213587,59.96891797
5069,3.581432019,65.09017479,40.11258142
5070,3.908570943,78.51657092,46.65869584
5071,1.844901308,78.6112655,45.75164291
5072,1.90052332,76.38229652,50.85800389
5073,2.45276823,66.31684007,59.58563872
5074,3.475346966,67.64976681,55.82205464
5075,2.19180078,63.35317109,51.23215575
5076,3.67788478,79.73018388,44.5280188
5077,2.868958173,65.65142149,57.56077887
5078,2.745916598,79.73193698,45.86108935
5079,1.844588899,65.89608633,44.00854219
5080,3.259167357,64.44824463,45.22829402
5081,2.099049391,72.67065361,57.4364008
5082,2.564767889,71.17312693,45.77559644
5083,2.357908157,78.50481326,40.29996264
5084,2.160791881,69.98264876,46.48271067
5085,3.962709081,61.53718306,59.58026288
5086,2.078922186,61.32797436,50.86469519
5087,3.247604263,77.92379726,44.93719836
5088,3.933747518,71.40914457,56.77718036
5089,2.544676971,73.47361869,46.32810186
5090,3.893864737,73.20714626,46.01800859
5091,3.150294019,76.50849261,44.01865005
5092,2.839609518,72.89454486,43.38203749
5093,2.088006902,74.08935232,44.07400433
5094,2.225132592,79.63606428,44.41884049
5095,3.346618571,77.25364839,54.82822613
5096,3.726705934,67.79232032,40.37855828
5097,1.935743195,73.91106668,54.99565476
5098,3.884098839,75.34137122,46.74602224
5099,1.574679503,63.48906334,56.5989167
5100,3.30320806,68.71609882,47.94865353
5101,2.755677819,63.57885556,41.82751746
5102,2.211615738,65.0661108,43.987169
5103,3.709246418,65.62708669,45.21008752
5104,1.941711166,66.38007978,58.78012588
5105,1.542481908,69.64350973,46.50875132
5106,3.568537239,73.7047491,42.77666505
5107,2.429884635,61.22325755,55.8945647
5108,2.55616965,69.24839364,53.15407399
5109,2.415609217,62.96320728,45.13449766
5110,3.293813159,68.26820425,42.9494918
5111,3.440916753,68.4965343,54.00471647
5112,3.193393721,62.49436219,48.04413444
5113,1.992716378,62.14843792,56.97210808
5114,2.125065201,60.17299584,47.34789175
5115,2.779912892,73.14192295,54.88278499
5116,1.872840142,73.17017787,48.99504823
5117,3.275176616,63.93438915,51.62668206
5118,3.482295748,73.13732752,44.19837193
5119,3.169366611,60.57917171,46.06173946
5120,2.469293177,76.17799586,45.32009476
5121,2.543771168,71.21673215,50.21294708
5122,2.423724058,60.40758489,54.8955066
5123,2.494787256,66.40852346,59.12848111
5124,2.806624348,68.91333724,44.289157
5125,3.06971082,70.83776059,57.9005487
5126,3.816636888,77.28062912,58.88422812
5127,2.719129191,75.6991649,59.98138161
5128,2.055400076,67.53917579,56.31637893
5129,3.456025617,69.86417296,53.63241244
5130,1.527082059,63.03139495,53.6448584
5131,2.910815147,69.22826532,43.56345748
5132,1.801724243,66.95481153,41.7703056
5133,3.042088442,71.9845626,56.56378651
5134,3.79416022,75.30373216,57.24970711
5135,2.01551038,72.09557617,44.23746954
5136,1.67796039,70.78558014,44.14759755
5137,2.839340813,70.75318876,54.48244293
5138,2.444879866,77.23962923,51.6969998
5139,3.425351906,60.78655168,47.48429986
5140,3.120766599,62.78361192,42.89760337
5141,3.150260413,79.58758452,47.03620857
5142,1.971806416,60.32880129,50.75086194
5143,2.851043135,76.30317243,43.82235353
5144,1.51208464,68.63879685,46.4223238
5145,1.63647617,62.21442035,41.41558853
5146,2.279268486,75.95751052,53.27766031
5147,3.746289807,70.1655962,48.98385559
5148,3.933253283,71.40468426,41.68640896
5149,2.921873819,66.16583684,59.7726091
5150,2.487317843,77.63539707,48.69313634
5151,3.850359939,76.28327161,47.98121252
5152,2.547026943,74.02593392,48.9315499
5153,2.856865558,73.03979464,42.54283867
5154,1.811523479,66.84355428,55.44873991
5155,1.587968285,65.63139538,44.77109486
5156,3.333861083,78.50072936,59.5924622
5157,1.833389709,76.92688037,56.96919239
5158,1.585017521,61.43531306,57.92626253
5159,3.354696582,63.89572875,41.57749976
5160,3.058943128,79.97317042,49.49244629
5161,1.894915932,79.00183755,58.75550899
5162,3.306955713,66.70853924,44.41966708
5163,1.650354677,79.31748876,54.25362612
5164,3.005089863,75.04598758,52.81321458
5165,3.626649183,73.57541447,50.58643926
5166,2.641120232,74.81337749,41.57184763
5167,3.211393991,60.55653999,54.64702641
5168,3.333794541,66.11339525,51.07081376
5169,3.132712293,63.00522726,54.82296884
5170,1.626651319,68.19886345,56.6882758
5171,2.270478054,64.88912,46.19965161
5172,3.741706701,64.65694028,59.0636819
5173,3.280662551,68.51479641,45.86499124
5174,3.028430066,68.09899699,47.2568293
5175,3.997018018,77.45356757,48.51869233
5176,3.335588506,64.8014669,42.58750438
5177,2.026205745,78.40116464,56.44086991
5178,2.350031736,71.48019973,51.77667531
5179,1.512844288,64.69127547,50.91283552
5180,1.824194697,75.79371642,40.02110895
5181,2.761918043,78.69597065,42.6350257
5182,1.827514217,69.39094988,57.12433344
5183,2.290735283,67.67161266,43.98823242
5184,2.674548624,74.07652534,47.60103289
5185,3.120061817,70.76927627,49.52935809
5186,3.523627381,61.67887791,57.81570372
5187,3.904262179,66.69224081,42.94441477
5188,2.273007748,72.84678601,59.03750208
5189,1.914888651,74.91083485,54.61940352
5190,3.162469493,70.683518,49.57944617
5191,2.498539356,71.31668764,42.74449088
5192,1.701294746,66.99471545,47.51509286
5193,1.977573206,69.05986219,42.75127205
5194,1.79571751,74.37338628,56.23080524
5195,1.50561434,74.88494341,44.68055176
5196,3.329443019,73.28765389,42.29341125
5197,3.563527263,64.09340573,52.61191095
5198,3.606382688,69.76766973,45.82329352
5199,1.51311477,76.2105479,41.55707474
5200,3.391891824,68.6027496,49.32042464
5201,2.66581675,63.29070728,51.7979103
5202,3.750594324,66.85892697,52.16436413
5203,3.871326182,71.45670809,59.72543536
5204,3.861039884,75.70276592,53.58468756
5205,3.861157875,76.44663863,55.23389033
5206,2.694142849,76.98357601,44.35062465
5207,3.962804692,60.48442642,51.25101937
5208,3.092018634,62.72859588,49.07976672
5209,2.819580938,64.57095498,43.45111375
5210,3.825398979,71.93993769,40.32725553
5211,1.888593748,69.87278894,40.50339308
5212,2.725999947,71.88049765,59.8905737
5213,1.786182365,78.11309722,55.55305796
5214,2.72983861,71.93170205,57.80139816
5215,1.691307959,65.62940422,44.22999919
5216,2.957977517,68.29065432,56.52039748
5217,1.755135538,74.34432126,59.20122661
5218,3.693338392,74.79914774,49.16159212
5219,2.323132545,75.35921657,49.94990414
5220,2.788910345,63.88558105,40.37302718
5221,3.571316214,61.69507657,56.25574821
5222,2.135646757,66.39922728,48.57851534
5223,2.997704559,72.75207213,48.63751246
5224,1.674999715,68.49297366,47.23692436
5225,2.583212826,71.66879829,46.17477815
5226,3.712151922,73.05438028,51.17222916
5227,3.529311843,77.68962689,56.84655783
5228,2.815146155,63.83549228,49.71356528
5229,2.977404209,74.45630784,47.8503622
5230,3.157558174,69.76658809,56.02123222
5231,3.071379782,79.87100566,59.12666882
5232,2.676922512,61.32908642,59.6226454
5233,1.969514559,73.39768013,44.39964435
5234,2.828395807,61.89107494,53.70902397
5235,3.190095223,76.41420124,50.18621259
5236,2.654851113,73.71150712,42.11448051
5237,2.80598257,76.25900734,59.53183528
5238,1.520534321,75.6991897,50.66076682
5239,1.807457398,70.87011736,48.75561359
5240,3.320075084,64.64501098,58.57526566
5241,1.736437204,65.51993382,57.58088259
5242,3.179998169,70.7722089,54.63129144
5243,3.429111277,70.31627995,51.73216469
5244,3.856329977,78.30148012,59.2179469
5245,2.627827348,63.40870425,54.29889731
5246,1.761111247,74.4837609,44.84876162
5247,2.953331191,66.36322163,56.65773358
5248,3.97011245,74.51430575,54.95778221
5249,3.005659308,62.38784578,44.73342856
5250,2.210818682,78.00761622,46.21664027
5251,1.588092527,76.97874427,42.11881241
5252,1.75147388,78.72479518,59.2285751
5253,2.826967857,63.04765686,49.63445382
5254,3.741763195,70.23567861,50.65822472
5255,2.734309621,66.24864076,44.53482365
5256,2.177972369,77.99040651,51.57268442
5257,3.118529862,78.66812421,52.51286202
5258,3.666588297,68.99204885,48.33707827
5259,2.17498585,72.11156552,42.59773532
5260,3.454950811,71.97744301,56.25076974
5261,3.981587463,72.72807381,59.77775412
5262,1.793077367,61.29479696,41.40744449
5263,3.347744465,79.91494302,49.81635937
5264,2.553929165,68.81806847,55.78432931
5265,3.513129853,69.37352397,54.93959086
5266,1.922884719,61.13120954,40.94348537
5267,3.713125386,62.62651533,51.28606
5268,1.506482421,76.42630352,47.37510598
5269,3.534768634,77.8947921,57.88589713
5270,3.281424476,74.62407729,41.95439506
5271,2.237257732,63.08412889,41.11028024
5272,2.494861293,62.75796353,43.40108072
5273,2.678887002,61.66659613,47.22395507
5274,2.901073191,70.47116736,55.76842601
5275,2.841619663,70.6070856,56.48303101
5276,1.69111645,64.30128343,49.70445001
5277,2.444133259,66.54858979,41.15361866
5278,2.008802208,77.45831445,50.12514422
5279,1.930180812,67.01357972,49.736404
5280,2.189076359,70.34022312,49.24803963
5281,3.719355627,72.297322,55.31139348
5282,2.685771555,78.95791522,55.01230822
5283,2.905510071,60.96350151,42.88419218
5284,3.777027801,72.37669188,57.08384727
5285,2.0847655,60.66982203,59.7098418
5286,2.83859221,73.79623256,43.75376247
5287,3.659016676,76.51897703,52.81595655
5288,1.742616052,65.69960304,53.69998917
5289,3.213602269,73.38923681,45.58428822
5290,2.830104892,68.04477919,42.09820473
5291,2.448783064,77.33497439,43.68527802
5292,2.545543099,61.1489934,54.86698462
5293,3.867005989,77.82207982,40.77637994
5294,2.784636645,65.73469385,43.49351077
5295,3.516580131,66.70030578,44.58864566
5296,3.031176795,60.55425592,43.72581989
5297,3.36037819,62.5663296,47.55057655
5298,2.26844811,73.3014086,57.69104636
5299,1.969732669,60.04547886,48.56977096
5300,2.059118196,66.37885889,45.38757477
5301,1.748402576,70.20740745,56.35860882
5302,2.451589626,64.13754608,56.41962512
5303,3.018501236,65.63209872,54.78226963
5304,1.962387856,69.45358066,55.73482528
5305,2.210832132,74.8130279,46.18407352
5306,2.584687926,69.47159331,45.91626294
5307,3.295730251,60.94809183,48.7729409
5308,2.097293798,68.28527718,47.8873301
5309,3.788573733,62.11328985,53.4806768
5310,1.993125675,63.36586952,42.57126096
5311,3.656616045,61.88866876,54.60062327
5312,1.676991588,60.37798706,59.92838685
5313,3.133277612,75.7195504,51.81143505
5314,3.172538652,72.50225807,44.39879859
5315,2.616924242,61.03112525,49.30758821
5316,2.673841968,71.53818691,44.70869694
5317,3.240757173,71.86729655,45.57955298
5318,3.362992675,69.81736509,54.61035007
5319,2.76313862,66.40475551,44.4726387
5320,2.550226325,69.85261434,48.5437933
5321,3.60749798,78.80077859,53.50196677
5322,3.294398087,69.72668607,41.32234851
5323,3.900042938,64.82266538,57.46190527
5324,2.683827744,77.90288261,58.44434763
5325,3.956512739,69.82552409,56.23185087
5326,2.470242447,75.48886602,58.19697522
5327,2.922449275,67.24778653,45.8740587
5328,3.378321079,69.31252976,57.82398782
5329,2.543321766,69.77813388,57.3636186
5330,2.809667103,70.03033703,48.46169929
5331,3.18805544,60.8260812,42.48668027
5332,1.534979248,79.46252118,41.99198707
5333,2.52573446,65.23124019,49.1900841
5334,3.562981265,62.30566831,41.08535073
5335,2.745075755,69.15917504,44.89921037
5336,3.636552856,74.2927699,56.47648035
5337,1.868398209,77.03171532,41.8463202
5338,2.507868752,75.16650182,45.58665697
5339,2.980438486,67.33080919,59.22493669
5340,1.635103566,71.44653085,59.965538
5341,1.673324534,69.36046718,59.24852119
5342,2.053018653,67.38756201,54.48397118
5343,2.662940357,70.47314487,52.11860473
5344,3.363839217,73.74131549,45.79971497
5345,1.778265315,70.40370023,44.44069763
5346,3.188525782,63.59437966,44.73567021
5347,2.427093481,69.34112907,57.53964042
5348,1.646238701,77.1444373,49.74662746
5349,2.581412335,71.25796323,40.28619376
5350,3.917753525,68.76347884,54.96642814
5351,3.835245959,69.19061943,47.70508219
5352,2.778165188,60.46989477,48.32908526
5353,2.501487201,74.11845189,43.56004419
5354,1.647030586,71.35636763,43.48162634
5355,2.017956044,65.05575979,47.7669917
5356,2.646736172,65.94054889,41.89825032
5357,3.548480277,67.98975208,52.08158615
5358,3.629706235,63.4242966,54.11859992
5359,3.869361601,78.2297623,54.34925518
5360,1.911740714,69.62511721,44.10961112
5361,3.175315672,69.72711623,56.1468166
5362,3.19699602,77.48963609,56.35613197
5363,2.926397654,71.09738627,54.63965001
5364,2.106502782,62.10469975,54.73866913
5365,2.43662246,63.8908119,55.94521493
5366,2.515773981,65.73553606,49.33158776
5367,2.027647311,61.33821198,47.40111458
5368,3.262935501,75.01405876,41.11409689
5369,3.855282811,66.88382514,53.92082596
5370,1.636166891,60.16128944,56.09983872
5371,3.62522302,78.67691304,50.78235986
5372,2.354159648,62.51478644,53.66776064
5373,3.387607854,61.65487524,51.34696553
5374,3.441770835,70.96284753,52.38159522
5375,3.990107011,61.93920749,57.73029892
5376,2.174988067,70.12854731,49.59517776
5377,2.724232628,61.43923347,52.01666317
5378,3.019641589,77.69906391,41.85416602
5379,2.683242096,61.36324272,56.31703121
5380,2.469414262,60.05195071,57.62958853
5381,1.822799909,78.20765982,53.90065987
5382,3.467700518,68.31184193,57.01878756
5383,3.32759235,65.90880335,41.93177334
5384,3.541167801,68.80403565,48.30638827
5385,3.512716756,69.45549769,54.12821515
5386,2.843592298,71.4723306,53.54323559
5387,3.746605851,78.93665284,48.73329197
5388,2.758525375,78.7550102,55.53596518
5389,2.840444365,69.06473207,53.58577057
5390,1.725683095,73.29042255,47.24256205
5391,3.585082861,62.84632651,40.5735196
5392,2.634193786,78.20129711,57.66325398
5393,2.740051646,73.93436856,41.10669402
5394,2.904552979,71.9635708,50.88513908
5395,2.138845271,74.9560698,50.69968247
5396,2.836596915,64.69216489,57.33999244
5397,1.646127439,62.963869,58.71962092
5398,3.412617863,78.93343482,53.71437591
5399,3.255724898,64.17461796,41.90279132
5400,1.996520311,78.2789909,45.79871762
5401,3.484292498,71.84736647,44.2502009
5402,3.423142247,70.37009911,46.9929071
5403,2.446799056,60.1611861,58.3473798
5404,3.586477007,78.97868176,46.16860167
5405,2.939398361,63.30316745,50.61100229
5406,3.724156224,68.89287111,40.27286099
5407,2.554863675,60.09081089,49.49802792
5408,3.941641303,76.58714002,40.41362706
5409,1.916369548,73.38957275,45.93042857
5410,2.687100033,73.18986248,48.38128169
5411,3.124262343,79.46898144,45.44083216
5412,1.707018048,78.22388734,44.58219904
5413,1.672403025,79.1214643,56.35669253
5414,3.62671655,75.19458963,55.19535264
5415,2.586283539,62.06348731,59.14413144
5416,1.949877189,64.31893086,49.35290097
5417,3.274861045,70.99316165,55.806745
5418,2.469246638,68.68651671,45.19691586
5419,3.402044845,74.53094563,41.255483
5420,2.570946284,73.00576186,52.19882528
5421,2.349918129,77.19645234,47.60374318
5422,2.758182534,70.9827586,55.54833043
5423,1.527894603,67.44947952,42.10800515
5424,3.915139459,79.55924771,42.12931505
5425,3.95017523,79.80873605,57.53103064
5426,2.422631747,75.1395108,59.69567842
5427,1.621475569,63.56042573,52.57600851
5428,3.003053013,66.10274675,42.18930469
5429,2.831609425,74.05558844,58.85295035
5430,2.270939086,77.06591603,58.13569275
5431,2.769421459,74.94526309,47.76475547
5432,2.52187828,71.74942778,40.10794973
5433,3.380003841,61.34351765,55.06043799
5434,3.286663602,75.69668428,57.91090202
5435,2.182784877,66.86000541,57.79375332
5436,3.557278382,71.18215095,50.62636326
5437,3.853583949,63.24460176,56.55322524
5438,2.6054133,63.4411863,57.03667475
5439,1.970112738,65.90232864,57.7824004
5440,3.935578306,70.24510655,48.0768001
5441,3.714202052,69.26747009,46.72100845
5442,2.454225008,64.87174794,56.96251023
5443,3.647604264,73.82278111,46.64235748
5444,3.960160212,71.1574549,51.43037324
5445,1.957249971,65.33337902,49.26653683
5446,2.616354987,63.51745055,57.7587739
5447,3.116410959,63.18533652,54.50555706
5448,2.464244448,68.91074927,40.27654494
5449,2.606533228,69.59989315,40.49577459
5450,2.674261362,69.31638122,51.13951746
5451,1.501142007,70.50838017,45.92513122
5452,2.509973901,66.08865398,56.56943757
5453,2.901167516,77.17828954,50.1684599
5454,2.956793668,76.12439268,42.73412808
5455,3.868991819,64.42133888,57.86730245
5456,2.293280295,61.53939489,46.91566898
5457,2.125030279,74.41966946,50.02976651
5458,1.753861091,74.6230305,46.58338899
5459,2.179799869,68.96423096,44.13950068
5460,2.780439633,67.95593009,41.92986291
5461,3.553933443,69.04938196,40.90813806
5462,2.154174367,71.57641603,59.96585925
5463,1.59313339,72.60573311,47.38930386
5464,2.854902238,72.61677073,44.54096997
5465,1.999895237,68.32279828,59.26839956
5466,3.138244052,77.90370911,45.65937151
5467,2.502055553,67.55005034,44.27152418
5468,1.61380509,74.23682524,42.26605106
5469,2.756242854,62.81270873,41.50389539
5470,2.062673308,69.05328213,47.9978574
5471,2.687428622,77.3857533,43.52938369
5472,3.685349159,69.09546467,49.31290883
5473,2.500371609,77.48676241,52.87385531
5474,2.898022073,77.09293324,47.34207595
5475,1.510419356,74.46919937,49.7341396
5476,2.670188519,79.95727319,59.96212575
5477,1.668459955,78.29873158,48.56894887
5478,1.826982681,78.7303482,48.40604406
5479,3.310779516,78.48136895,54.03578174
5480,2.070376053,69.80758157,46.33777131
5481,3.109006137,62.06493249,46.81895945
5482,3.06549663,76.63398892,51.66654341
5483,2.841099453,68.22028733,51.21938885
5484,2.317743944,77.16752311,43.45875419
5485,3.694713928,75.9567646,53.09372011
5486,3.352826478,62.70231185,59.55172692
5487,1.836371544,66.45869269,40.70269841
5488,3.785583104,65.19808735,54.89203918
5489,1.824894476,74.6522349,45.78277054
5490,2.714037188,79.93960468,56.27751033
5491,3.560969397,68.80446978,57.09007724
5492,2.089781262,62.05061233,53.1759431
5493,3.767214258,69.73223471,41.11854899
5494,3.961601116,70.74888381,42.71527173
5495,2.51720842,66.7798339,41.29502458
5496,3.287977744,76.46519138,55.0346072
5497,3.003552812,69.93407127,54.15179212
5498,1.904662698,66.05653745,54.45814689
5499,1.513811123,63.59887609,53.73822569
5500,1.909442713,61.37973526,59.69167322
5501,1.976495253,68.49953931,46.91961903
5502,3.35157287,63.42376591,45.83655184
5503,3.939039203,69.28478389,45.35903707
5504,2.49116477,68.00919414,52.12483866
5505,1.93867364,74.44314746,47.53653452
5506,2.642236334,77.23926149,48.14184645
5507,3.448487416,69.69507702,59.63915532
5508,2.414926499,71.91176412,53.39498126
5509,3.521600808,76.14003459,49.80557276
5510,3.350831601,68.39006914,56.05213329
5511,3.918131966,60.13647193,55.06451955
5512,1.573701459,62.80708455,47.27206249
5513,2.796482666,78.46135876,47.96573625
5514,2.378044087,73.3719178,58.89369112
5515,2.567371191,74.69248826,53.7913112
5516,3.836400915,60.47632276,56.89463091
5517,2.469983374,75.2793811,42.19645359
5518,1.728955525,60.51800739,59.17425744
5519,2.262318717,77.08392185,57.81885123
5520,2.23239695,72.98133666,59.87052802
5521,3.994293836,68.29917188,54.46270794
5522,3.688573055,72.73526017,58.34077958
5523,1.5006936,64.26922361,42.97184892
5524,3.744652413,78.41010307,57.65475466
5525,1.593701701,73.30755994,47.54589918
5526,3.48270961,73.35047088,50.82527213
5527,3.629500007,65.74970168,40.36672542
5528,3.468557599,76.55937993,55.39061815
5529,2.049159785,68.74283503,53.41533116
5530,3.952024741,73.41550386,42.57639476
5531,3.653889907,67.65242074,52.23477658
5532,2.508146398,64.19665893,43.59284181
5533,2.539430073,70.08999683,48.88614991
5534,3.873161152,75.81854779,52.37409165
5535,2.566824923,78.45472425,55.17432152
5536,3.963687201,69.56055161,49.32584387
5537,2.570255564,73.27669034,49.02981833
5538,2.280594868,74.47575656,45.75154154
5539,2.10938428,61.44965844,52.87697473
5540,2.223567414,65.62689313,41.86219194
5541,3.838185426,63.67155045,41.35799887
5542,2.344672737,62.52305709,53.00814602
5543,2.478144546,63.09975121,44.72353315
5544,2.545153003,69.94749113,56.98344577
5545,1.58065611,70.22103351,41.27590679
5546,2.481650578,67.5209375,54.3725885
5547,3.032623995,60.2533931,44.3707615
5548,1.789872919,68.15067359,49.21018254
5549,1.804494416,73.33183135,47.35195092
5550,2.967695094,71.85418001,57.83665191
5551,3.010398532,66.01620701,50.96712724
5552,3.02980147,61.1168537,43.43370506
5553,2.115131184,79.80754613,45.13704327
5554,2.091158611,78.55514164,53.56171836
5555,1.585295616,72.59679951,41.26718612
5556,3.784792564,60.01832541,50.94886704
5557,2.723862416,74.39847701,50.47640887
5558,3.329446368,71.46835,42.87250976
5559,1.594692576,68.66527373,53.41755992
5560,2.479947523,75.21705632,44.73229309
5561,3.041341111,64.87292505,48.86081702
5562,2.612321608,71.45450707,47.60634187
5563,3.571727172,77.06277727,50.9195844
5564,3.494708787,63.71526,52.85952347
5565,2.444682305,67.86684722,54.46875162
5566,3.435059969,64.98497885,45.89858949
5567,2.833245512,60.67558816,52.89021205
5568,3.078919731,62.14800708,58.75495625
5569,3.53622166,66.56936807,49.19827135
5570,3.73094007,75.98959555,58.26416622
5571,1.64761281,77.00945024,47.16191275
5572,2.62725311,71.64199658,48.80549403
5573,3.482010167,77.57015499,48.51403001
5574,2.644699788,73.63814511,50.69711427
5575,2.688769767,66.70950037,54.08944824
5576,1.862082535,75.7452096,41.20131364
5577,3.724845385,64.81683131,45.93407776
5578,3.719506459,63.46591942,49.68278889
5579,3.947163962,75.39530408,58.85497283
5580,1.83846352,70.09145094,57.56510231
5581,3.831120264,71.90050325,58.82853048
5582,3.060381121,68.02048074,50.58063633
5583,3.874489892,60.87693624,55.39178774
5584,2.342153364,64.58310521,55.01942828
5585,3.324806591,76.91760425,46.83908057
5586,3.143130712,62.72171532,47.30181787
5587,2.410203884,65.01473685,54.61537732
5588,3.417803249,71.75492477,47.69699552
5589,2.461420587,77.94769223,50.6642078
5590,3.402415017,76.99231152,49.25132905
5591,1.597556033,66.28627475,46.16412727
5592,2.193222552,77.5188644,53.02885492
5593,1.618010001,72.23105553,58.84570359
5594,1.703040395,67.13058221,42.09482283
5595,2.402421486,69.78054999,49.7118156
5596,2.615052877,72.39750985,43.40544037
5597,3.943304678,78.6771279,52.7617912
5598,3.601376623,69.09340004,48.7576415
5599,1.745527347,71.54462621,56.45569737
5600,2.470851306,68.74042255,59.77443703
5601,1.804070784,69.18199304,52.93961554
5602,1.543484924,73.9491216,50.17643916
5603,2.405568202,61.57910002,53.94230607
5604,2.885157531,78.76435951,52.90450872
5605,1.698368,61.16710757,40.73032099
5606,1.716082242,66.62004012,55.10147606
5607,2.390567601,77.90345341,54.70147216
5608,3.041910826,78.76798907,40.16434042
5609,1.973513183,63.61651051,50.77953187
5610,2.401457497,79.62411106,46.73667402
5611,3.302583968,62.10791875,53.93726157
5612,1.654864397,69.03616618,56.23172655
5613,1.619009869,77.29419678,54.42514252
5614,3.328280021,78.05624327,58.75355528
5615,3.872543057,78.56646123,44.77005097
5616,3.248243288,65.44188282,53.11052969
5617,2.554662767,79.50923234,57.78886526
5618,3.605226963,70.98018235,55.72159171
5619,3.923740637,71.09496339,48.29168288
5620,3.523145415,64.33461578,59.28483538
5621,1.989637545,62.75293303,44.7510768
5622,3.890867402,70.15035149,49.75203415
5623,3.55063756,73.45769902,46.01061532
5624,2.420873227,64.11813162,47.27002353
5625,3.608618537,78.56058959,54.71905997
5626,2.27046412,66.59762237,52.02448895
5627,3.825776559,72.91845417,57.03546054
5628,3.698351414,60.53160441,45.0621409
5629,2.652104866,77.22661512,47.37558324
5630,3.53668874,69.15907272,51.31793633
5631,2.876527503,74.22861741,54.25519994
5632,2.22873811,62.7082714,42.01117482
5633,2.566228552,68.88517529,58.74813089
5634,2.254482822,65.08753946,49.56128932
5635,2.697075559,65.5279528,45.1213441
5636,2.412937675,62.69559625,44.5249382
5637,2.926023274,66.60113261,45.78629744
5638,3.013453297,71.12619926,44.84903755
5639,3.439695226,79.8488415,50.23101563
5640,1.915406715,60.10440427,58.46347715
5641,3.24757514,75.24232042,55.56829898
5642,3.104635348,67.42250526,49.69876172
5643,2.138997246,66.8626304,50.84664153
5644,2.073889814,74.14462669,49.09110274
5645,2.141125281,69.48493078,58.93251815
5646,2.814779139,71.27342814,51.00595212
5647,3.353432672,77.41144532,58.08126506
5648,1.944660695,79.33512746,55.65074387
5649,3.76367558,60.43571855,51.00583928
5650,2.016435423,62.24518523,50.67956349
5651,1.854656746,63.43066,55.57373399
5652,1.664422387,69.31076324,55.00191442
5653,1.544943941,65.20766096,49.53843016
5654,2.728608258,76.82335317,50.45299298
5655,2.00597277,61.38010252,50.45340365
5656,2.198532579,61.64772767,51.15562724
5657,2.05213415,70.42480204,46.19439527
5658,3.619681391,74.4480248,41.96675368
5659,3.707847918,79.55063863,58.68565982
5660,2.714610354,64.08480641,47.83755557
5661,3.15515173,79.70888104,44.98710794
5662,3.61292477,76.13309493,49.64123704
5663,3.357591785,64.51921237,46.91853989
5664,3.451097993,69.02860384,45.2776668
5665,1.883387055,72.61688032,52.64845393
5666,2.05291922,73.65137932,57.35642256
5667,2.416575097,78.2597147,45.18168422
5668,3.641966762,79.52159721,48.8437855
5669,1.578138504,70.81195534,54.44250297
5670,1.844389522,68.59958982,59.4667385
5671,2.509407092,78.08388457,40.25580977
5672,3.898848218,78.3774137,47.21232203
5673,3.380315609,76.92026484,49.20772162
5674,1.547866397,68.79133722,43.5125987
5675,3.93961948,60.92556264,58.1046088
5676,2.562084069,75.25308687,42.71815739
5677,3.852258939,63.00580811,51.60743619
5678,2.117007306,75.58564504,43.29330137
5679,3.316472016,74.3607665,42.95789665
5680,3.521316092,71.4034234,40.34596185
5681,1.510947619,63.72172688,53.35037854
5682,2.087873021,63.92910135,56.87059249
5683,2.078171933,73.13430632,42.73983959
5684,2.805528717,65.20723434,53.15079958
5685,1.836439847,76.92775937,43.61578095
5686,3.744678154,70.72714751,47.53261302
5687,2.204432719,72.03999492,54.67561224
5688,3.611296896,60.01477659,46.5126807
5689,3.182591277,69.36311533,45.65914654
5690,3.886832261,76.23130139,40.68663995
5691,2.950721795,76.5301789,57.50553401
5692,3.175100732,78.66980654,46.73250709
5693,3.061053621,68.36439118,58.41999965
5694,2.70960495,66.74134425,55.22289787
5695,1.566079298,70.10097165,46.39214876
5696,2.428295661,74.57062622,43.64475196
5697,2.8184505,63.33142183,46.09888222
5698,2.408059604,70.15626607,58.59179721
5699,2.737443102,73.75584536,41.09024212
5700,3.889160996,76.17453667,47.16012481
5701,1.953709601,78.56064588,49.17351166
5702,2.559057579,69.03750836,44.51840553
5703,2.620322209,69.75701152,44.85791686
5704,2.453421363,78.77922444,41.90668689
5705,2.09799689,65.38367309,44.86843725
5706,1.563758969,73.54148667,40.12336804
5707,3.530883384,71.46805546,47.92884593
5708,2.305011778,67.86457479,44.73426599
5709,3.712288881,61.63190652,49.7628139
5710,2.353694094,71.26052315,58.66920795
5711,2.843162651,71.06837858,48.63275917
5712,1.546942383,74.92670723,40.25357683
5713,3.844754966,75.27155019,43.70312286
5714,2.794977701,71.27960754,49.00958998
5715,2.958232752,60.74054072,48.72160976
5716,1.909006316,72.24983278,44.52548021
5717,3.885522353,65.99950235,54.05475225
5718,2.176118828,68.10007094,49.18461168
5719,2.644417937,69.08447377,49.67443702
5720,2.030533424,74.50434379,47.24309527
5721,2.035705161,77.37555374,53.74542789
5722,2.501646482,60.40200013,46.1352536
5723,3.20323051,75.05081837,46.65701717
5724,2.985966999,60.25943296,59.96140007
5725,3.650111625,73.22354118,52.9043957
5726,2.269736905,69.83485682,58.86999011
5727,3.892106939,76.95823732,54.43022794
5728,1.789590813,66.33246834,46.90966832
5729,2.856065349,67.58885299,50.85309159
5730,2.956451844,74.38022111,42.0417134
5731,3.71969102,77.55160309,53.53328372
5732,3.38115316,76.91866473,42.39196477
5733,3.174894257,67.70351664,55.24531481
5734,2.478262187,77.16458303,43.58938894
5735,3.633282399,66.14266178,47.02959809
5736,2.565779588,74.3440904,48.56091045
5737,2.344364019,74.8229898,43.38761576
5738,2.819316779,79.93580372,57.81618389
5739,1.789499446,67.46266845,50.7570658
5740,3.179822167,76.95499708,46.51134296
5741,3.203006339,79.22304652,51.10202439
5742,2.980059373,60.92025597,55.15052147
5743,3.092278656,68.93193493,57.58584603
5744,3.776742672,74.26583078,43.27907406
5745,3.088553189,77.0650494,46.26162408
5746,2.057324323,64.48162473,56.67977039
5747,3.54850192,76.23706919,43.77359447
5748,2.520246331,67.01325153,44.04225854
5749,2.848288143,78.94160979,45.36399038
5750,2.283612488,76.6108992,49.09896755
5751,2.499285279,71.32703038,48.51087913
5752,2.333561677,64.59205572,48.26330932
5753,3.964096273,72.23770462,56.81768216
5754,1.652601135,79.10844908,44.188344
5755,3.534824392,60.03773627,59.52497814
5756,1.594200306,75.60109393,57.80874087
5757,2.374314781,71.30110844,59.59926312
5758,2.660980502,73.33047874,48.67074797
5759,2.842088031,63.23820872,43.70365216
5760,3.271359379,63.3249992,42.43176288
5761,2.60213935,71.06860354,44.41893333
5762,2.106434288,70.29322211,56.48842347
5763,3.111168966,60.69070318,58.99983638
5764,3.891515365,60.04760384,49.2250139
5765,3.106390578,78.41788293,47.42510416
5766,3.010792243,77.80202837,46.73553615
5767,1.761552459,71.87378981,53.43699264
5768,1.60825797,78.59289244,46.18774378
5769,2.402858566,79.85613798,54.27209566
5770,3.738320338,78.03576442,45.17391957
5771,3.008997011,68.67480851,47.7245265
5772,3.656093928,72.16971572,57.68581282
5773,2.216442776,76.58523406,46.85652939
5774,2.404593907,68.57996589,56.38986855
5775,1.83468148,61.40878525,48.1203622
5776,2.622671162,77.38703819,57.11973245
5777,2.82445325,67.32166053,51.49895172
5778,2.729891642,68.02150817,52.18700776
5779,2.150461821,62.5772158,48.84540451
5780,2.98117526,71.63011246,40.49872025
5781,3.600270749,67.4218704,40.72399032
5782,3.408215955,60.44553925,56.70700779
5783,1.725988226,70.17073817,54.39221886
5784,3.695298876,69.0266485,50.56240491
5785,1.513391623,70.02629186,44.95177519
5786,2.179448032,66.48160377,42.03713989
5787,2.065525561,70.59062175,47.11188333
5788,3.405131102,68.53178168,52.72304688
5789,1.566613698,66.02869756,49.19548584
5790,2.53856479,64.27516948,44.04743318
5791,3.352813454,60.62655704,45.09979789
5792,3.50411914,75.46383113,43.41271396
5793,3.604462116,63.26059505,57.68108172
5794,1.540094714,72.27996479,42.29734281
5795,3.957869077,73.04984581,43.0512135
5796,2.000003299,75.15066449,41.56624757
5797,2.196170834,74.66692468,44.8545546
5798,2.273207035,60.61183295,56.31892295
5799,1.868244699,72.05416449,59.55782491
5800,2.596249776,71.33443259,50.63963115
5801,2.182458025,77.93643165,47.98534728
5802,2.612776693,63.74866612,47.91516381
5803,3.475142597,74.69467062,57.43862911
5804,2.765540297,64.30894549,40.45763691
5805,1.86960766,61.7633685,55.17624267
5806,3.063600204,68.373804,47.20418612
5807,2.748290295,68.99041582,49.66033639
5808,3.246510897,79.30077554,49.10958274
5809,3.914325278,62.6047882,49.99368207
5810,1.978358061,68.20705603,41.68970283
5811,2.709389071,74.02869484,53.17244786
5812,2.420505767,63.41849675,41.92810996
5813,3.781687569,73.60782239,58.47553738
5814,1.546146901,75.83174831,51.56335454
5815,3.14844547,75.24453331,45.64222127
5816,3.792727445,71.90854427,54.39374868
5817,3.445833914,78.94942525,53.99782764
5818,1.799845584,63.91931816,41.36580243
5819,1.864278666,77.42690578,43.95355771
5820,1.886621527,63.82438283,42.47601365
5821,2.667161214,60.05511018,57.07242472
5822,1.622466912,74.96231144,40.44654491
5823,1.517196255,63.9503532,52.79897937
5824,2.518994741,77.27629441,50.28022307
5825,2.320042156,74.73355618,52.1259196
5826,3.368322441,71.86860625,48.55857198
5827,3.737752232,71.15034965,53.74132122
5828,1.922073981,61.35836654,51.03166992
5829,2.098871832,64.87753233,52.89696843
5830,2.863726248,71.3841367,50.09549375
5831,2.592349484,65.6909226,57.12078258
5832,1.696885723,68.54558898,49.25070239
5833,3.621722762,73.73203519,54.29297131
5834,2.365455419,66.28426328,51.52541727
5835,3.918049993,79.6991963,53.88317834
5836,1.57976511,60.82673662,52.08803889
5837,2.489397147,77.06668861,51.23517303
5838,2.646317871,64.77847026,57.39246084
5839,3.45354376,61.71392758,48.49106942
5840,1.563294768,62.67736914,41.40907689
5841,3.143423129,62.82326302,47.17281214
5842,3.248360942,74.30267641,58.49367628
5843,3.656342039,60.07997573,42.92898493
5844,2.561877334,60.85790645,47.00389206
5845,2.372421229,72.00397337,58.62317736
5846,1.782284725,64.4212739,55.64550029
5847,1.837656791,61.47297529,42.96832341
5848,3.752163629,77.24924414,58.23909315
5849,3.803563599,66.30652132,57.69481474
5850,2.634638474,68.81844365,47.63475535
5851,3.017381652,64.72800399,46.85244567
5852,3.821288219,69.16101841,52.97523513
5853,3.505056831,66.16689129,52.98701732
5854,1.703005095,68.41109168,41.6671453
5855,3.423937998,71.00855186,59.75063576
5856,3.849954294,61.03761101,44.86774721
5857,3.39695704,68.88679334,54.36362778
5858,2.871715455,72.27800332,43.93656109
5859,3.592105207,61.23052066,45.55299918
5860,2.483210308,71.5051003,50.1367081
5861,2.66977156,65.4284155,57.4287391
5862,3.243347451,71.5670447,56.86879531
5863,2.871540832,74.94391364,40.01882182
5864,1.831395876,60.09618935,52.06469835
5865,3.244379834,79.02896034,57.28459016
5866,2.770952479,67.5715785,53.86983288
5867,2.257907284,73.44949388,52.40308157
5868,1.540381826,63.67899468,46.62579414
5869,3.270328918,71.33125329,45.37548193
5870,3.457258057,64.34285038,45.09122953
5871,2.377553672,76.15278976,55.07948233
5872,2.276434686,69.33512906,50.28739531
5873,3.899150674,70.32034691,50.67780463
5874,2.839185421,69.98424356,52.30918585
5875,2.857706662,69.95935071,43.3541539
5876,3.027389686,77.79485837,52.91398097
5877,2.350131449,70.05467313,49.60239573
5878,2.546607646,75.74776058,46.30520814
5879,2.990634139,70.36370948,53.38783368
5880,3.483736959,64.72679332,52.08046469
5881,1.913105703,69.87982125,45.69728924
5882,2.570141776,61.04743614,51.1946966
5883,3.892175715,73.26207169,40.72521995
5884,2.616792721,61.48798591,51.74620778
5885,3.259304119,60.10108017,48.92070372
5886,3.342134744,76.95078729,59.69103683
5887,2.248613228,63.33369451,49.13182586
5888,2.590082312,78.32912314,51.85301107
5889,1.779151281,71.76545821,42.40507103
5890,1.836084325,69.47476588,41.0476519
5891,1.719194839,61.72663228,52.90424564
5892,1.712834511,60.11378531,51.8687673
5893,3.79124571,62.39793386,44.05644938
5894,3.599020254,71.91522143,51.73931722
5895,3.582288361,68.83767367,48.69199904
5896,3.770271633,64.80628283,55.53363086
5897,3.938956951,71.64030671,49.49477777
5898,3.546679066,72.15920481,57.5988453
5899,1.932339823,79.73359259,46.30673898
5900,2.127249786,70.16151171,53.46509069
5901,3.070476194,76.4802978,43.25252447
5902,1.975704835,69.44152284,54.69519547
5903,3.932927576,61.73329352,50.63457504
5904,3.580276616,70.98271464,55.33994875
5905,3.183123167,69.98538684,56.76928871
5906,2.821564913,72.65169147,50.30603105
5907,1.586289237,64.61650987,47.34380378
5908,3.625995957,61.03356253,51.62765108
5909,3.201931355,65.79039211,59.69699885
5910,1.830053778,60.93855555,43.37585204
5911,3.847213799,61.58646547,40.98636536
5912,2.200877974,72.22578849,45.84454567
5913,1.86165345,69.24592676,51.25623208
5914,1.63333237,69.05459043,54.31304245
5915,3.704312812,62.78648257,40.99559181
5916,3.279338927,67.08146175,44.79422521
5917,3.184464312,64.0609821,48.77927664
5918,3.227610806,75.82748831,56.16469814
5919,3.403814233,71.37202922,59.74247425
5920,3.892453971,69.11468849,43.13654084
5921,3.969273615,68.64688958,49.96807336
5922,2.512434664,70.26848577,45.19157275
5923,1.57813593,73.21889467,50.47405803
5924,1.538356695,64.28146905,49.61989777
5925,1.982918461,69.79935433,46.38319684
5926,2.177473402,63.79361506,43.050985
5927,1.64775618,73.2023386,57.0992434
5928,2.024966783,66.71802134,42.9608453
5929,3.573926631,66.92246958,55.53313016
5930,1.879868559,61.30263539,46.44276637
5931,2.261335579,68.39161466,40.12770254
5932,3.985599693,60.37217707,55.72586721
5933,2.391167459,73.404073,41.01227514
5934,3.158231411,69.25966039,48.96658152
5935,3.824866418,77.32546533,41.20993836
5936,3.062658432,61.46941039,59.6057714
5937,2.003474629,71.46149757,48.3417898
5938,2.935790912,60.82647436,48.9848225
5939,2.588560251,78.77786453,56.28414808
5940,3.609984178,67.02150983,52.62782438
5941,3.998805377,68.04622085,59.58307483
5942,1.7377846,74.59207687,46.15309861
5943,2.546488888,75.08026414,59.4359033
5944,3.036801338,70.5980379,40.25752079
5945,3.3609043,76.49699722,56.32620823
5946,2.036453893,62.51234665,41.44331333
5947,1.536133076,64.06376752,45.44403506
5948,3.157440306,67.90630548,41.20637229
5949,2.433241032,70.72030954,53.50338879
5950,1.870629044,60.4812776,40.50887736
5951,2.991132764,78.6958608,40.93085383
5952,3.934902525,72.84055509,45.1961269
5953,3.572899487,79.37512284,52.31869729
5954,3.268281845,71.41060309,42.54112127
5955,1.797477129,76.77129354,43.92427598
5956,3.421256034,71.78455712,42.38931098
5957,3.834271711,67.28596505,47.54560232
5958,1.577217936,73.59497647,47.68731743
5959,1.713034564,79.67886908,49.2790555
5960,2.976979215,71.50045469,54.4458183
5961,2.57369822,79.50837487,47.79316886
5962,3.885593341,60.00334146,53.5778594
5963,2.550339647,64.91166069,55.62644471
5964,1.961622404,78.07328367,51.7179209
5965,3.789950775,62.53919771,41.1622411
5966,1.849116341,78.33413665,47.76961914
5967,3.483174502,70.56122823,49.6479901
5968,3.992596261,77.79751041,55.66833978
5969,2.183724931,70.35123921,45.37838469
5970,1.879127404,79.05396523,44.16088203
5971,3.546509128,74.41227958,44.72340122
5972,3.656392634,73.07945121,41.5899714
5973,1.522043225,67.30963978,52.15966299
5974,1.671346843,79.43310662,48.81387695
5975,1.885919816,79.25628196,53.59944526
5976,1.826828031,74.83983008,43.44300627
5977,2.367732843,60.68406561,57.26618113
5978,3.044632423,69.48053446,46.6979309
5979,3.242821846,70.04704429,41.78522991
5980,3.846609555,77.10470156,48.38734401
5981,2.133333799,69.77829686,47.72674648
5982,2.609776293,72.4166713,52.99358586
5983,2.763923543,76.25327088,48.56958133
5984,1.929700328,68.07934491,59.4704074
5985,3.395993619,78.96738664,49.15805307
5986,1.613556252,65.4996728,43.84888148
5987,2.618864191,68.32802837,50.13143287
5988,2.433646481,64.16189293,59.30948383
5989,3.532215511,78.43126265,45.9847116
5990,1.974997564,60.0844313,44.53692404
5991,1.815169328,72.51455962,41.77355522
5992,2.158511223,79.83862805,50.32923498
5993,2.28002306,76.78739267,51.25442522
5994,3.195537557,69.29511655,53.16956108
5995,2.255683032,75.03700938,56.43614549
5996,1.705477547,70.10300359,44.33128556
5997,3.487840321,61.85245817,41.71871459
5998,3.30275291,71.66524116,42.54514818
5999,1.700711931,72.05870556,46.62141114
6000,2.184975824,65.44411826,49.85006297
6001,3.988850766,64.06854886,45.08358694
6002,1.551450546,64.32958635,42.43279047
6003,3.169606494,63.18707131,46.36888811
6004,2.295206516,79.89352875,56.06735297
6005,1.558589864,73.08648011,41.82791183
6006,2.292087129,79.38976465,53.25846025
6007,2.093502815,71.00006316,48.64625143
6008,2.429387575,62.485971,42.00676813
6009,2.903708817,63.24017754,53.15865903
6010,3.918433471,76.40545703,47.53907561
6011,3.727943183,78.17282853,55.49067275
6012,3.662746742,70.55809565,47.18639715
6013,2.059659557,79.06238092,49.2404866
6014,3.556605602,61.5523539,43.41724309
6015,2.146527815,61.65455819,57.48159063
6016,2.407109376,78.75718128,58.41559822
6017,2.993621276,73.65767044,59.14454616
6018,3.460083683,66.07586687,46.4198174
6019,3.168283697,64.9923308,57.01894946
6020,2.342455678,68.8390718,49.1138827
6021,2.740091966,68.48605774,44.02341799
6022,3.805887001,68.51602127,50.22337669
6023,1.885808731,78.98571026,42.50229677
6024,1.965010361,70.53669716,49.68027228
6025,2.14151318,79.02402937,47.07654121
6026,3.18554901,62.82252822,57.66436102
6027,2.637904755,62.52660357,57.59511435
6028,2.880370733,66.430101,53.26839348
6029,3.305665179,75.12414204,51.17101623
6030,2.967717636,66.61130688,45.90014949
6031,2.264618384,69.96166729,44.355086
6032,3.894217814,78.42382048,59.26669934
6033,3.197676151,79.39544811,53.03543537
6034,3.056210227,63.55601806,40.60251636
6035,2.60615453,73.7366069,43.25786301
6036,3.907247303,60.44980572,57.95722092
6037,3.920188376,70.52394858,54.14438993
6038,2.470299229,72.7572631,43.06026364
6039,3.756385923,73.51423187,51.82116099
6040,3.58663593,73.48484585,52.5642023
6041,3.827522406,72.31750714,59.97329101
6042,3.256354857,69.08086425,45.30398143
6043,3.327986261,61.03455582,56.75217879
6044,1.518282545,63.53524599,53.17959577
6045,1.987034113,60.55757965,42.60796763
6046,2.734915531,73.04151938,44.20254068
6047,2.241284622,72.24009912,54.880048
6048,2.939378015,65.52427999,49.15433941
6049,2.577284348,65.79491194,53.28381985
6050,3.218133355,72.78094652,58.18222359
6051,2.497409599,71.35285072,58.77131456
6052,3.86969001,71.32785971,40.03219793
6053,3.832847752,61.04386804,58.81124234
6054,2.893133854,63.35170143,55.65148021
6055,3.633913705,78.1340554,47.28268348
6056,2.745312457,67.71361086,55.77361743
6057,2.216669414,62.34454079,46.99739075
6058,3.470072678,60.75367376,55.23455732
6059,2.688436345,76.51164532,43.42487073
6060,3.59541844,73.85005092,40.27698288
6061,1.68097387,63.5508744,58.80926188
6062,3.155661256,71.71963265,56.82625306
6063,2.548705037,66.57623959,42.22474376
6064,3.329046999,62.23581885,52.30294042
6065,2.581476046,78.07572889,48.75397758
6066,1.513754313,71.56225243,53.40217122
6067,2.797785642,76.15713698,44.29314106
6068,2.028821943,65.51266848,57.95816436
6069,3.449184876,77.13846922,50.40020774
6070,3.659022909,62.10639236,51.64572463
6071,3.290810228,67.44515884,43.01976538
6072,1.717555835,70.69122699,59.38684452
6073,3.826802801,68.54191632,43.32303436
6074,1.631772201,78.4892736,59.11330502
6075,3.856186132,66.22443667,47.43844051
6076,3.836648605,63.04279166,42.19045104
6077,2.22369335,76.40268464,57.68843683
6078,2.449169622,62.81896741,53.03887557
6079,3.960448983,74.50358217,40.4372596
6080,1.944098745,67.47046638,59.4968443
6081,1.597342012,63.22351186,45.43246619
6082,3.935144659,70.55946674,47.54817033
6083,2.778262011,67.78980843,42.74825083
6084,3.660371036,63.15796636,41.26314205
6085,3.50951795,63.02681818,42.80697081
6086,3.019572061,63.8908392,47.31317369
6087,3.851089106,72.21979298,49.36666713
6088,2.178737683,72.3078864,56.81504432
6089,2.195237556,66.44028954,46.48645937
6090,3.39237313,70.77185701,43.71093458
6091,2.059047486,65.54112047,44.52413771
6092,3.360907255,73.84533519,58.08536487
6093,3.383099772,76.60980181,41.58727992
6094,2.958882556,76.30892202,45.44548451
6095,1.648743387,77.83519575,53.80732285
6096,3.175358564,64.91696932,43.15409634
6097,2.773945556,77.60229401,57.07745717
6098,3.989328058,69.6196572,55.68400913
6099,2.904396226,60.52660023,49.9345302
6100,3.718006505,76.78310608,45.00525981
6101,1.971144715,70.289428,50.54910955
6102,2.839553858,73.50641755,40.37373127
6103,3.63897511,62.35303648,42.53518768
6104,2.101487279,78.37761657,41.93609324
6105,2.007197798,67.09984317,41.43666479
6106,2.282834363,69.02381504,47.14060155
6107,2.054101866,71.97628791,53.22420616
6108,2.966498719,71.22485949,49.59821265
6109,2.007737311,72.06308097,41.89112816
6110,3.228043743,69.24540644,54.55531327
6111,3.982011292,67.63814585,54.67418811
6112,1.922743202,76.60131069,54.57917812
6113,2.129756814,68.50212339,54.27885555
6114,2.889550254,66.51418361,46.22658675
6115,2.826779041,69.15818819,40.80306685
6116,1.704079802,61.86663317,50.93650735
6117,2.1881069,61.87375503,49.68161586
6118,1.597035637,78.77839271,50.82545921
6119,3.954184832,76.21160745,54.75703281
6120,2.957580078,72.6390731,55.34844363
6121,3.709660683,62.92527109,54.05558867
6122,2.238350818,66.96607948,56.05469149
6123,2.698425809,65.89151277,56.853764
6124,1.766494517,71.50776194,44.67911704
6125,2.834877576,66.63784195,41.54349057
6126,3.623159954,64.55238405,57.04942103
6127,2.246980837,72.18239631,49.09363388
6128,2.446476994,75.367594,47.37613386
6129,2.936297244,75.86724223,41.72387109
6130,1.58987523,79.14044116,50.64987974
6131,2.039003025,61.82514284,53.83859403
6132,2.056230716,67.94208473,51.54393723
6133,2.401185086,68.19535441,52.52498593
6134,3.730494224,62.43327099,52.62262449
6135,3.609786648,70.60764017,40.39817794
6136,2.123099749,60.2229808,44.71429213
6137,3.953015884,76.76901964,50.31353661
6138,1.727551367,62.78142718,42.98185477
6139,3.010862804,75.21632769,56.57826073
6140,2.813326119,68.88180398,41.43681624
6141,2.700880387,75.70303416,54.05201659
6142,1.762935485,60.7566131,45.10143985
6143,3.463478973,62.58543308,58.45839808
6144,1.957959752,62.73815374,59.14382387
6145,2.431165024,66.41030357,45.7823242
6146,3.398711082,71.24524511,42.36876501
6147,1.617373458,65.0187665,51.25396373
6148,1.727904956,68.45560005,56.12240127
6149,2.071232131,64.53127067,41.23371722
6150,2.087577308,67.60425722,55.77681889
6151,1.67550997,66.11123734,43.50850235
6152,3.641825831,76.35641942,46.99017879
6153,3.602608995,72.94934344,55.0924275
6154,2.334314388,76.44293995,58.55938584
6155,1.769093223,70.86153557,58.87821133
6156,1.785236839,63.63416007,58.21472309
6157,2.717882594,61.70944712,53.07572423
6158,2.327463945,76.40714996,57.02601667
6159,2.191514522,64.37617812,58.86562459
6160,3.894286829,61.75480718,55.41412768
6161,3.451887829,61.05028372,42.79790434
6162,3.463276149,73.81384128,51.60303546
6163,2.906596129,60.33397691,43.83152113
6164,3.66552883,62.29782819,42.46181732
6165,3.2063184,68.07937554,56.35417627
6166,2.986121203,61.85500838,48.75557962
6167,3.640262966,74.47125813,43.4703802
6168,1.512589876,67.09620007,53.4297988
6169,2.969157471,66.86571679,58.08365291
6170,3.154109507,65.42563347,58.37617096
6171,2.583005869,66.09357476,52.14748746
6172,1.835868431,69.82556582,50.392102
6173,2.13520012,61.31052567,57.47783293
6174,2.285153123,65.15619278,44.29179512
6175,3.258580388,70.39525865,49.01775773
6176,2.086547974,61.99849189,56.70654827
6177,3.823630408,73.59804352,51.52163313
6178,2.147207021,71.46246346,43.06099548
6179,3.56064787,70.62389647,53.29359226
6180,3.607752783,69.29128334,40.17244049
6181,3.338396886,69.526338,44.31277093
6182,2.447920508,65.05263107,44.88612094
6183,1.844798074,66.08733334,42.30304631
6184,2.491803748,76.50205937,51.51991122
6185,2.044943041,62.26287802,46.26220469
6186,2.550637748,71.17557548,59.95042052
6187,3.894021143,78.42556613,59.02353644
6188,1.959596302,68.80090767,48.64617242
6189,2.545520467,73.07467198,52.16296457
6190,3.11733068,67.44359805,59.97439709
6191,2.421223317,63.78150315,58.96999707
6192,2.463025799,71.43774058,49.32804959
6193,1.671517871,70.76115196,53.39533272
6194,2.653275293,63.56944756,53.32562505
6195,3.717973682,74.52735204,57.69187438
6196,2.4344995,78.22704545,53.84569455
6197,2.396501229,66.55149066,41.01833887
6198,2.59813626,73.1945426,43.06373715
6199,3.217265136,62.43701138,44.69000797
6200,3.129486026,73.21169232,56.92824636
6201,3.422994174,72.17487276,54.48443354
6202,2.220735379,70.46932417,57.12351281
6203,3.390065171,73.56491014,44.98924226
6204,3.825461059,61.93500517,45.33270759
6205,1.714349641,74.39112842,59.41765262
6206,3.530786523,76.74300916,48.68477722
6207,3.772577101,65.41925459,55.27072312
6208,2.959555633,67.54419125,45.82255369
6209,2.2699038,74.49736588,40.75138017
6210,2.993661409,77.00047324,59.92581486
6211,2.129101158,73.5955574,53.28119681
6212,3.689986472,62.32465557,47.81015789
6213,2.396245636,77.38090057,49.61973789
6214,1.96105632,68.03867499,57.94142004
6215,2.752277697,67.50855469,50.58031549
6216,3.828885996,76.09724885,57.4947137
6217,2.516291465,70.58934033,43.45538218
6218,2.603369172,77.78040635,50.99563677
6219,1.959124433,67.8510163,42.81446113
6220,2.001687149,70.83312248,58.20963375
6221,1.797130862,65.47309997,42.38706278
6222,1.582966543,63.0509271,42.37007104
6223,3.363590456,62.02282282,43.68399108
6224,1.646224281,61.08004546,44.72003745
6225,2.169857103,65.44178938,53.82600733
6226,3.365012138,65.52329913,50.42405457
6227,2.47365867,60.84104616,53.80148769
6228,2.448707828,62.68378455,49.73549406
6229,1.932614438,77.78599481,51.08638131
6230,1.522439374,72.57854317,55.29937102
6231,3.169782271,61.2939166,51.43460578
6232,2.62175479,65.42439119,47.55477308
6233,2.702317117,62.7075495,55.96434031
6234,2.883692913,64.19983429,40.67974143
6235,2.703230322,75.85656625,51.68930107
6236,3.670760039,67.54275005,50.94904601
6237,3.434551644,75.82848582,45.70996732
6238,3.141966477,61.60450657,45.21252792
6239,3.044284226,77.95652465,53.74786419
6240,3.631986763,69.34213462,52.09678868
6241,2.736688811,74.91033888,44.5811859
6242,2.300502173,60.72006781,49.22735056
6243,1.635608485,60.15167906,56.29202331
6244,2.375117182,71.82479226,41.14241692
6245,3.270763608,70.75863171,41.75878933
6246,3.19283174,77.88126815,42.91033169
6247,3.572270368,68.41438728,44.01412122
6248,2.497178089,75.60731492,43.98250205
6249,3.516459498,68.57395787,56.86030686
6250,2.636028027,77.55594748,53.0724929
6251,3.057238962,66.22626426,57.59936312
6252,2.185201473,69.65627073,46.7757076
6253,2.231386335,76.04101848,45.0613741
6254,3.89968368,76.9527028,50.01868915
6255,1.644135504,62.29306276,43.54060546
6256,3.997753013,68.1430945,45.43416163
6257,3.748121359,75.42814377,58.66268367
6258,2.397102549,76.73343511,47.9182424
6259,3.116283276,69.89829557,47.67384618
6260,1.919664484,66.00008235,42.56264613
6261,3.209997909,76.69181253,53.35493466
6262,3.10242761,72.7692486,51.34085753
6263,2.965184131,76.73268413,58.22351632
6264,3.535437385,62.18293298,51.78596283
6265,1.695240562,79.3016928,54.92757722
6266,3.106378815,79.37653254,46.15980777
6267,2.62241485,79.95835017,53.69629781
6268,3.072254918,77.08377523,46.72495414
6269,1.863566457,76.98942674,51.9702353
6270,1.532060579,71.96969187,51.01530517
6271,2.099618419,61.55554674,54.26639536
6272,1.535580621,61.53981807,51.29847764
6273,2.995546332,68.46120355,44.06075608
6274,2.377569665,65.5154531,57.0559394
6275,3.663120603,79.39101854,44.41132965
6276,3.07253616,65.73276201,42.75199235
6277,2.562921941,63.64227658,51.3342105
6278,1.62547603,72.53192022,47.12186877
6279,1.938132482,79.30200114,58.8972761
6280,2.771284339,79.76905841,44.44377116
6281,2.777733362,79.87085859,57.38383969
6282,1.979442495,60.41866478,59.31749333
6283,3.951922666,70.45066695,42.37669045
6284,3.986914084,63.25034465,58.07560921
6285,1.892943227,64.32979771,56.3366783
6286,1.619502673,67.0251022,59.64813114
6287,3.110651104,75.60967227,48.13708122
6288,2.201953551,63.40235241,51.1323421
6289,2.036275633,64.3156696,54.27308545
6290,1.986180959,73.60400228,44.58159345
6291,1.658728463,66.77678799,57.39060744
6292,2.897443496,60.20672526,59.37027622
6293,3.270600318,66.54201229,40.10166302
6294,3.280934348,69.43895589,50.49196327
6295,2.991753491,68.15458203,46.4594061
6296,1.715736853,75.6602886,58.33143853
6297,3.640474591,72.30339005,43.22091232
6298,3.007636363,63.21030962,47.60525004
6299,1.898316101,67.20421597,54.68896483
6300,2.151261744,70.4633882,56.58937735
6301,1.774031937,64.29989043,46.29794877
6302,3.309438679,74.61854869,57.58075282
6303,2.116563216,61.18833854,43.19196786
6304,2.705829847,64.2302475,59.93541069
6305,2.833497938,67.24093271,51.10373247
6306,3.223913169,74.15572491,58.28043202
6307,2.822637444,75.81354174,55.58738424
6308,2.335802127,62.19679525,43.46142644
6309,1.534706162,78.67753597,53.81277383
6310,1.812085373,67.08618259,57.45285633
6311,2.224388475,76.00808592,44.88511312
6312,2.14531904,60.47394548,59.64693158
6313,3.587976161,68.5159513,57.47255539
6314,3.300322875,79.00767686,43.78251744
6315,1.98740194,64.04610324,50.7993257
6316,3.143356553,77.21118507,44.87452553
6317,3.759496927,72.29770521,48.88174079
6318,3.773859135,72.32522436,44.10050282
6319,1.910975477,63.6023601,56.21787375
6320,3.774475799,71.08329889,50.12464386
6321,2.536102557,62.22126948,56.30851064
6322,3.566173338,65.15161901,59.03481493
6323,2.14831444,66.29800441,45.49700523
6324,3.669372948,66.37563964,57.33159027
6325,2.734817651,73.74586229,56.3218361
6326,3.060010989,72.20252988,46.50826078
6327,1.878720454,72.65537288,45.51878603
6328,2.459285415,71.95454415,50.04758319
6329,2.446598933,62.80862697,52.46940472
6330,2.529679799,64.80181867,51.85569181
6331,3.463264005,71.50581002,41.5020789
6332,3.282389052,75.53274524,57.9631076
6333,2.17783075,64.26824907,57.99694834
6334,2.883931886,74.25415448,47.42480868
6335,2.239507875,71.0781177,58.86420266
6336,1.891555519,60.77619386,49.92268261
6337,3.440242263,66.75168161,50.66866523
6338,2.883093455,62.35748025,45.17724888
6339,2.787167731,69.01496336,48.27383058
6340,2.955515162,66.86075326,40.44881324
6341,1.694005192,71.42225449,45.18510136
6342,1.886294065,67.05744947,52.76061033
6343,2.5722102,79.09755843,52.38193469
6344,3.846629421,76.34917801,55.28814039
6345,3.532119568,69.93422616,50.66881604
6346,2.978637357,76.40093642,52.83038568
6347,3.271675488,61.29684931,54.3209008
6348,3.120316155,63.90404187,41.73250803
6349,3.740483066,69.6118931,53.09410711
6350,3.960128885,60.56565064,52.9119931
6351,2.114189951,68.40694343,56.5648308
6352,3.603498765,75.97765572,43.69319574
6353,3.483629578,62.60965229,57.81007885
6354,3.172532597,62.75108109,44.14090198
6355,2.380155787,71.68735557,50.81462258
6356,1.971506578,65.16857949,53.6619488
6357,2.984312215,69.6247888,52.88951363
6358,2.09737906,69.73019792,55.30306388
6359,3.149923363,73.62518737,47.23500944
6360,3.649361981,65.09785064,45.79878781
6361,3.47201594,68.25202675,55.5332824
6362,2.605656856,77.73768034,59.77889782
6363,2.883079465,73.66634996,58.97245358
6364,1.838482624,72.73230334,55.69405361
6365,1.578414011,73.36116404,56.10536821
6366,1.684564432,62.99191027,40.33185313
6367,3.171813231,69.99588685,45.81672286
6368,2.295542361,75.60598349,40.39643185
6369,2.162123596,68.76040257,45.92862571
6370,3.151988088,74.3119852,45.51323241
6371,1.755029044,65.1573519,51.19698331
6372,3.537530899,63.38896317,54.60739994
6373,3.560318268,79.74350897,56.99012762
6374,3.055824741,79.13444335,53.64523333
6375,3.15016173,76.10876198,45.78553928
6376,3.868179125,60.01336724,53.47482011
6377,3.949038826,75.75614132,58.68982797
6378,3.022595794,79.4620105,46.97679643
6379,1.785065718,77.41835135,55.67615868
6380,2.248539995,77.007562,52.41020222
6381,2.813003627,66.40765386,41.13798196
6382,3.93091945,76.08558723,45.13883881
6383,1.878356696,60.29650167,43.30013456
6384,2.345392525,76.27155971,55.76185232
6385,2.431030339,76.06966215,55.87677715
6386,3.458236238,67.02094542,58.01276335
6387,2.943921935,72.79677381,40.20689735
6388,3.75091397,70.20804768,58.69861554
6389,2.555863356,72.40060921,40.63242713
6390,3.269667903,64.51224021,51.1873408
6391,3.736371868,73.16729573,54.6136908
6392,3.255121046,68.37350136,58.76853253
6393,2.360000133,60.97274263,51.45984761
6394,3.048330198,61.5404102,43.67894737
6395,3.258716729,79.23502551,42.97194792
6396,3.285717458,71.29825734,42.10263506
6397,1.856621088,62.61052004,47.30477915
6398,1.854917659,76.88141451,47.29185148
6399,2.044899787,63.37653277,48.7223839
6400,3.325452029,71.35480935,41.33629333
6401,3.877056653,64.7190883,45.34303188
6402,2.609304208,70.69038182,55.0952355
6403,3.712404506,78.37692921,52.38561817
6404,1.824271294,79.52200266,44.88217388
6405,3.123209638,63.93363851,54.40407071
6406,2.705879096,63.56432897,46.03461318
6407,2.004380175,71.21870441,54.87533578
6408,3.320307423,78.64675602,58.96095823
6409,2.111666463,73.75046766,56.98499407
6410,2.844005111,63.28245714,50.88294497
6411,3.183723563,79.56500418,53.3431133
6412,2.000636594,66.2087521,40.57273333
6413,1.7727859,64.88060347,48.06122164
6414,1.792305552,79.92684546,55.93281104
6415,2.665209901,68.89027414,53.38153997
6416,3.996282247,76.38613544,54.67033363
6417,2.27072211,64.47269933,58.62778339
6418,2.192467097,77.57114574,52.79825299
6419,3.740008102,69.53353633,42.93120777
6420,1.639455462,61.45110637,45.15580918
6421,3.71568165,63.89285099,44.56235306
6422,2.940320665,67.50825683,59.70410421
6423,2.523630838,65.39075512,45.23691854
6424,3.19915622,64.17735166,48.60211903
6425,2.77245864,67.72890042,50.84258363
6426,2.518370716,77.32886659,58.23387924
6427,3.687365046,78.18401283,56.41407443
6428,3.879834052,76.21577173,48.3223844
6429,1.926107275,65.45244599,51.81318243
6430,1.69103559,78.22116182,45.35314106
6431,1.835088632,74.08140577,55.07458246
6432,3.409718119,74.57767914,51.73198704
6433,2.287258669,60.38019333,58.87224392
6434,2.386947365,70.46712035,40.81895579
6435,2.650445933,66.27832567,58.93936318
6436,3.710269151,67.52911889,42.41960988
6437,3.731653957,60.32631452,48.00190143
6438,2.113372703,72.22778963,55.8333872
6439,1.72752278,72.80270695,45.44497947
6440,2.216423855,75.84392022,44.4634444
6441,2.574802332,66.90539865,48.99851034
6442,2.079005373,60.01333669,50.96364227
6443,2.015683007,62.17427666,58.35152777
6444,1.565089617,72.07843078,48.06778882
6445,2.311626131,67.40952536,40.88483358
6446,3.232332341,73.72573273,51.77480998
6447,3.473168271,65.15311666,47.48109592
6448,3.716635487,60.60524853,52.62127597
6449,1.797298933,69.97116165,57.77565744
6450,3.472236096,61.50597216,41.0703129
6451,3.033053621,68.95562173,41.98778705
6452,2.186855538,61.51970192,41.19188753
6453,2.471252567,67.71835748,58.4383074
6454,3.78401286,76.92320442,40.06914111
6455,2.539158167,68.41500653,56.24537425
6456,1.964225211,64.77479283,58.92498891
6457,3.690927205,75.31379676,59.35529859
6458,2.41384715,68.93763046,53.36119126
6459,3.554074679,74.87400146,43.73069165
6460,3.765721572,72.54633921,58.48319533
6461,2.386952498,76.30048076,56.52984085
6462,2.840044767,70.31973721,59.84100474
6463,3.053474601,66.72164766,49.13882189
6464,2.695687786,60.00731208,46.77218873
6465,3.956663838,76.69180329,43.22510333
6466,1.674065009,74.77376114,53.13537603
6467,2.775208954,75.20120075,57.35416167
6468,3.787752246,69.55400168,45.53345309
6469,2.188181555,61.77702269,56.23890567
6470,3.404463503,75.17975868,47.38058987
6471,2.817047222,70.5875535,44.21746308
6472,3.068756177,69.28283469,40.95591795
6473,2.798780594,62.26968168,40.94149214
6474,3.440989902,68.11276942,56.70293012
6475,2.313836198,65.54305319,58.20984654
6476,3.639273385,65.18727058,42.36562481
6477,2.600384246,62.04962708,55.94854442
6478,2.852246832,73.6400095,42.53557665
6479,3.258938365,62.7858826,40.98412423
6480,1.852740513,79.30978267,43.16158106
6481,2.169263812,74.34546667,54.89015526
6482,3.175815114,71.38956628,42.48643175
6483,2.458999641,78.39620007,42.16221193
6484,2.510127207,61.25138248,52.36001979
6485,2.329059083,69.91623916,58.58179992
6486,3.010787902,69.83646228,44.0025926
6487,3.459683203,60.71136709,53.19305691
6488,1.603232215,63.23065493,46.51384376
6489,2.703903926,65.77523064,53.38917641
6490,2.523528853,68.81470678,47.01779639
6491,3.274669936,64.8005424,41.82040079
6492,1.807877966,71.1738667,55.18722292
6493,3.002251743,74.17858023,55.9242496
6494,3.485394046,77.52047041,45.77189257
6495,2.500451771,62.84288182,48.69490053
6496,3.400411139,67.59643038,43.97310041
6497,3.901104874,72.78717134,55.32032444
6498,2.313659028,61.34677075,56.04074579
6499,2.755548234,79.600154,51.13786158
6500,3.277261489,72.43089634,56.9520768
6501,2.932843688,66.787051,58.19648901
6502,3.614579132,76.60683647,49.48287882
6503,2.080292529,79.71226609,47.64123496
6504,1.769909221,63.41102603,52.33832204
6505,3.697669945,77.0918269,47.84956172
6506,3.263173464,65.28449696,55.15804337
6507,3.75476618,79.32001839,59.14323622
6508,1.929812603,73.12784134,50.71816505
6509,3.858391745,69.33321708,42.33710532
6510,3.399345915,74.09938851,44.30987702
6511,2.720142151,75.4903564,52.78167808
6512,3.589371447,61.90033029,47.4091517
6513,3.387603493,62.41423373,49.38848956
6514,3.065259529,77.80636496,40.75901409
6515,3.883839332,70.23958528,46.69448696
6516,1.777662602,75.02917046,44.98242225
6517,2.58930662,67.80468513,47.88490547
6518,1.60216487,70.7642685,41.55594995
6519,2.889929942,65.60843766,40.07288889
6520,3.676704136,77.09595966,40.155523
6521,3.121014957,72.74676912,47.98896206
6522,3.401439479,61.41127908,46.20287934
6523,2.216041996,65.689266,40.49915339
6524,1.781525805,76.52013955,47.02418399
6525,3.548653345,76.18411168,52.37474863
6526,1.614944674,60.35605435,59.87559846
6527,3.043910936,75.37373505,51.73634175
6528,3.048373877,67.97327595,52.6555998
6529,3.269861348,72.81816589,45.85949852
6530,2.90367173,64.07880056,41.39833898
6531,1.845561138,64.24413641,41.02823993
6532,1.781443488,72.81475518,49.97493639
6533,2.297671179,64.32976134,56.57519858
6534,2.269739287,73.00867838,46.08473534
6535,3.657826842,61.07522604,53.30394169
6536,2.448035048,71.93148563,53.62035352
6537,2.684433333,64.66147698,44.3462858
6538,2.539710277,75.72515242,40.03026392
6539,3.748583,60.85016718,42.14246547
6540,2.818816048,74.35813793,51.26096559
6541,2.379735161,65.32090311,54.13985626
6542,3.629268022,66.46677577,40.20325073
6543,2.797240367,68.04326234,49.25176611
6544,1.766920159,75.30869736,57.93222529
6545,2.838492831,64.26792794,42.60631949
6546,3.504036917,72.19694769,55.72419996
6547,2.001962856,63.98638928,56.50066064
6548,3.534071444,66.7466425,40.99654454
6549,2.683902767,65.76374528,41.95210816
6550,1.835063132,60.37956711,44.60325074
6551,3.738939571,66.50275462,56.62442159
6552,2.926816181,62.73214576,56.24233998
6553,1.5503649,65.34630607,49.5099173
6554,3.796997409,65.30040275,56.54027882
6555,3.23436038,79.18362249,48.32184469
6556,2.989830622,78.32320499,53.154658
6557,3.575283063,60.876152,45.88939881
6558,3.342352048,67.62491257,41.96109866
6559,3.797665735,64.50887736,53.57618432
6560,1.749560647,72.39204951,54.72066479
6561,1.84317213,70.26377428,46.2141081
6562,1.849353341,67.61068183,50.21667242
6563,3.697540794,67.91901473,51.91654024
6564,3.376616177,63.52622305,40.86132729
6565,2.184884939,66.05051661,55.36730461
6566,3.140763437,64.1032563,54.54353224
6567,3.032628694,66.51929863,44.39918114
6568,2.007649593,75.71053721,43.91646096
6569,3.927045814,70.00301326,40.32719735
6570,3.376010484,60.38882439,57.32232824
6571,2.804431647,79.98225099,49.87466558
6572,2.856668381,70.60650651,48.25686354
6573,2.579264521,60.13138493,52.2612
6574,3.311437414,69.83094202,46.75057254
6575,2.381415652,65.34681218,45.06503876
6576,3.553525187,69.13001763,42.79505579
6577,3.804343155,68.53965651,43.63016876
6578,2.72295732,78.27244088,45.42407968
6579,1.79344817,68.87051372,51.89007458
6580,2.783607929,72.45269428,53.23244837
6581,3.603452167,68.86502493,58.89748599
6582,2.618833904,72.01553286,44.3343401
6583,3.717426493,66.88372088,53.44946384
6584,3.714153692,66.69592823,44.88280132
6585,1.736675611,79.33549652,47.55834733
6586,3.342608548,79.22563562,52.63512037
6587,2.333717238,64.21958091,40.98123446
6588,3.251589606,77.55822675,42.43095294
6589,1.915140051,71.93709314,51.59457873
6590,1.853738394,69.14548185,47.56307654
6591,3.614670442,62.1314944,42.78318585
6592,3.481730261,72.56240088,56.46129166
6593,2.643794853,72.60996125,42.47720727
6594,1.68661467,74.25464385,41.02614585
6595,2.580762732,74.74139048,53.9060235
6596,2.566227129,79.94333133,46.34742221
6597,3.005864569,74.21515796,46.6846467
6598,2.174157914,66.93731695,54.05256456
6599,3.225557073,64.11804158,51.87397753
6600,2.114102585,71.90890691,43.25307741
6601,3.879409255,60.4926889,49.60694503
6602,2.847035807,77.16455019,45.51889924
6603,1.793707689,79.6926375,52.85469106
6604,1.670050864,76.76846492,54.11373892
6605,2.060779099,79.62787682,43.7885748
6606,2.454169559,75.38990286,54.84026628
6607,2.038526371,70.83451311,58.43495112
6608,3.353709647,78.61678307,48.29161188
6609,3.499717741,66.30747824,46.92211701
6610,1.775218835,74.37922618,55.40560399
6611,2.500506567,76.21135655,56.59745792
6612,3.460255768,77.85225948,48.89884253
6613,3.699512534,65.10204419,58.06749501
6614,2.606134785,79.00344245,49.08940565
6615,1.996476136,60.30838134,40.47310898
6616,2.748246105,65.94793878,53.20560491
6617,3.960742678,68.47376521,41.31717071
6618,2.204150959,74.45606787,48.74286918
6619,1.992776724,62.74720976,40.19205075
6620,2.752177675,61.58920876,59.51346041
6621,3.581053588,76.34029637,52.95981675
6622,2.059965079,73.71503037,54.93085359
6623,3.98512153,63.06677994,59.85706836
6624,2.849857296,64.7245733,52.94157635
6625,3.601156745,78.82222388,43.7538508
6626,1.743106282,64.07564665,45.96033449
6627,3.687392266,63.91654206,47.58358531
6628,3.271604235,67.54056688,56.76477769
6629,3.062201446,73.22812712,46.43915384
6630,2.000576279,67.85194538,40.37372303
6631,2.383426507,71.90196243,48.79195629
6632,3.139520508,67.73625104,50.89563953
6633,2.955353731,74.93036531,54.74145264
6634,1.857847822,76.54065645,44.73688373
6635,2.63133651,73.10907772,40.8565664
6636,1.539247344,76.15385884,52.41388623
6637,2.055975882,63.40693941,53.27424422
6638,3.798916938,63.83395438,54.63388219
6639,3.070323943,64.99080048,58.74499119
6640,3.316880392,64.41123003,49.48187084
6641,3.848347408,67.1778761,51.51287221
6642,1.685497897,78.82726342,52.34847101
6643,1.749900663,77.71906654,45.09967067
6644,3.157931311,79.06553249,40.92526083
6645,2.780674352,70.44959472,50.72964514
6646,1.683437024,63.31684278,56.80762756
6647,3.955858158,71.04079314,46.0812256
6648,3.898478332,69.25241489,56.50856174
6649,2.18737437,76.08917961,46.6123873
6650,2.859113277,63.49794983,46.94532093
6651,3.111782671,67.59116833,40.52938395
6652,2.949933012,61.11038442,43.68204177
6653,3.295636871,77.15963826,58.29750419
6654,3.576677331,79.44693808,51.3950402
6655,3.263696927,79.32413898,57.50719239
6656,3.724845938,66.23287117,59.35983693
6657,3.069850911,78.53041541,52.21045733
6658,3.414314597,67.30955793,54.0914106
6659,2.913761139,70.85387858,48.63214034
6660,3.195996044,67.32671485,48.2705093
6661,3.321083996,79.42247802,54.20986718
6662,1.838536787,77.80121018,43.34886457
6663,3.911502817,66.59997015,41.73416213
6664,3.568966279,74.36519634,40.93286167
6665,2.299717395,68.87553141,40.64278782
6666,1.532311257,73.62216628,51.62672721
6667,3.315280089,71.08925298,43.66287876
6668,2.02140587,64.03392542,54.16271117
6669,1.698192602,68.55316127,41.73500875
6670,1.822176253,69.3834001,50.8282227
6671,3.156907228,79.06073921,41.05768233
6672,3.089575349,67.61143443,42.63386828
6673,2.957538958,72.10289801,45.79846965
6674,3.053141039,70.84379112,48.2787815
6675,2.787544029,69.6153363,40.70889027
6676,3.879797836,79.45490913,44.16896517
6677,3.036592558,60.42728795,56.79989888
6678,2.563315849,72.63207772,55.55413708
6679,3.427603319,61.33932314,49.60356813
6680,2.567310227,62.84770944,57.01060086
6681,2.333560995,69.3690258,52.05181277
6682,3.781834996,72.48851839,40.10101034
6683,2.372908475,63.40236104,45.18430998
6684,3.125986322,72.47189461,46.81176534
6685,2.511550035,68.09854126,55.08186728
6686,3.798232623,75.5474155,47.71681579
6687,2.894542633,68.3281272,46.57394497
6688,2.340679764,67.71445326,56.29331064
6689,3.512672692,64.3851017,56.91690378
6690,3.08899689,73.41301467,55.50461944
6691,2.435101672,66.02809,43.92952441
6692,3.191282896,77.94739194,55.3289829
6693,1.884474163,60.49792264,45.99005758
6694,2.05777369,63.34357581,52.09028647
6695,2.899892792,71.38756772,54.0060488
6696,3.025793429,78.09338231,50.77212085
6697,2.238356503,62.79507123,45.97439705
6698,2.055812535,62.45695535,41.28007525
6699,3.695071244,70.42494627,40.42258332
6700,3.968163481,75.35927679,44.69190935
6701,2.54723962,68.19094196,56.60919461
6702,2.789688681,68.03937753,57.08000433
6703,1.86752878,78.1519803,45.54970254
6704,2.842691643,61.31507934,48.68641022
6705,2.500468728,71.05117371,42.28602581
6706,1.667537129,60.67483228,40.21242281
6707,3.611127567,65.93599814,59.86931398
6708,3.02914655,63.29788085,52.72352911
6709,2.105944376,77.46274312,50.55105425
6710,3.588031489,66.63742261,59.18954136
6711,3.473309407,67.02879119,58.82395858
6712,2.281780428,64.16859566,43.22365603
6713,3.745511047,61.24776965,50.63418056
6714,3.327696731,65.87502978,44.84926809
6715,1.809338378,63.24069648,45.30136779
6716,3.533838703,71.54833518,48.76881348
6717,3.831503389,77.48303023,54.66873431
6718,1.688248454,74.46166585,43.65341342
6719,1.790075999,65.4633344,43.15786353
6720,3.028001101,77.78423679,51.33046488
6721,2.549157427,76.89431085,59.57051829
6722,3.043956662,62.97577681,51.26904845
6723,3.373212227,70.24277795,51.70853098
6724,2.574666826,66.10855349,58.91276149
6725,3.618272833,60.94067825,45.47650123
6726,2.018468643,66.31775817,54.18256177
6727,2.051361423,70.05373286,46.45727735
6728,3.515555325,62.41969329,45.51736228
6729,2.525938873,72.01823935,57.5023814
6730,3.486538984,79.90908491,51.14743046
6731,3.988111128,75.70563747,54.28460337
6732,1.628027739,64.54837416,43.8328399
6733,1.844791719,65.84603653,56.01182016
6734,3.061897644,73.29771834,42.19247598
6735,3.379245403,62.19427504,40.95800414
6736,2.357184479,78.41700551,43.56340737
6737,2.550525063,71.39171355,42.35735166
6738,1.854388284,71.23787374,49.36287084
6739,3.204701878,71.74621898,56.50375842
6740,3.189454263,74.80570369,52.61251589
6741,1.592356086,71.9632036,45.93472875
6742,3.692138149,79.66508564,52.01904244
6743,2.030138245,74.47489196,48.81883953
6744,1.799219661,75.44449543,55.13173163
6745,2.066249341,78.3528861,57.04384611
6746,1.95901521,75.54532041,46.3454549
6747,2.215550542,64.65765062,46.92323058
6748,3.711759258,73.37041543,58.75988268
6749,2.08635096,61.0720596,52.75797057
6750,3.951515931,65.28513556,48.75169378
6751,2.96644289,74.40932781,59.04724341
6752,1.976545628,67.56602902,59.089511
6753,3.558447601,79.79764212,45.59708607
6754,2.761191742,77.32922606,52.76153918
6755,3.670361512,74.51236243,49.36046922
6756,2.937043224,65.14864469,40.15841259
6757,2.980183934,67.72459474,42.55306281
6758,1.724078143,64.97111888,45.41741897
6759,3.642386793,73.17783397,58.06553605
6760,2.39764862,67.81251515,56.09929347
6761,1.937145528,66.94714344,40.40492516
6762,2.074197038,71.30197396,50.69258083
6763,2.75373587,68.95707514,49.76004021
6764,3.873111352,75.04527782,57.28624177
6765,1.518813637,79.60309589,40.55749042
6766,2.004781956,60.20599121,54.71789641
6767,2.619987078,71.41180388,45.67765486
6768,2.290011208,77.22438018,45.99564327
6769,3.020731539,68.18034811,46.01795835
6770,3.590241108,61.32951522,49.18486384
6771,1.533187153,65.75894871,40.62327347
6772,2.420252509,65.88669006,42.78063745
6773,2.242769519,74.57458112,51.40229098
6774,2.583033572,77.80296768,57.15724589
6775,2.918714932,63.47951078,57.81155994
6776,2.156046767,60.69576618,57.02822712
6777,2.812736343,68.16700558,48.73328236
6778,3.925244887,61.3614473,58.69437801
6779,3.16082403,68.92200075,55.88650791
6780,3.494485471,63.72988045,40.68700153
6781,1.612043161,65.82929105,43.99167372
6782,1.712333456,65.96216733,49.22634403
6783,2.179727767,77.02352165,47.89588356
6784,2.104255963,62.91260527,45.93459942
6785,3.644230062,78.43574237,43.02285068
6786,2.453539118,60.59290393,48.98958346
6787,2.92398649,75.02281889,40.11633269
6788,2.723095682,72.46825197,46.54197507
6789,3.121796193,60.45046437,52.69959689
6790,3.663268244,67.273332,45.56366865
6791,2.436356276,62.98897567,55.47786056
6792,2.752582026,71.25016081,47.34975175
6793,2.893812881,66.33304664,44.60492379
6794,2.888598752,79.95144059,59.06801646
6795,1.882889934,79.42664083,40.03216012
6796,2.959073484,71.77293316,58.31574134
6797,1.729654273,68.75586486,57.17970506
6798,3.394301791,79.75468346,53.75930505
6799,2.997767829,70.73411199,51.27287137
6800,2.907577343,79.69194253,58.45906006
6801,3.341592733,74.78833024,49.55450575
6802,3.474191564,61.45879856,59.56640751
6803,2.568717037,76.59179957,42.28274219
6804,2.606390505,65.40189744,59.80288341
6805,1.656805789,79.83807973,52.42929368
6806,2.294035807,67.13773898,46.84058431
6807,2.339214723,72.7451185,55.53140068
6808,2.91722244,62.48142373,40.86449265
6809,3.422079218,69.8120818,48.69822016
6810,3.2742359,62.70838524,40.72500754
6811,3.952301446,65.55753959,50.46729531
6812,3.299946003,61.48560027,41.16694998
6813,1.579819543,66.13761884,53.91599789
6814,2.635142891,74.46284511,51.51598193
6815,3.029182372,60.582964,48.10656979
6816,2.615152852,61.74451374,58.37289409
6817,3.078533912,60.96091091,58.76819274
6818,2.459498185,73.51113636,56.06349376
6819,1.816106051,64.09884741,46.81395842
6820,2.554044276,60.79956039,54.68455543
6821,1.559166155,70.08139607,56.91183233
6822,2.188729415,62.69784949,57.75276091
6823,1.539740738,67.44946564,57.90597578
6824,1.739968603,67.02274061,52.65412242
6825,3.454312581,77.82957427,49.51928335
6826,1.795954081,71.4175616,43.16391747
6827,3.541798449,60.1155947,47.28786135
6828,2.463316653,77.58100509,51.6662192
6829,2.051336476,71.38864739,58.27752278
6830,3.225006337,73.20239821,47.17294074
6831,2.712092457,62.46973112,46.34162904
6832,3.039321368,79.28536567,49.3825257
6833,3.633969433,67.50681072,59.26494383
6834,3.600204426,60.20002168,55.27326412
6835,3.941083987,72.51507542,43.98963618
6836,1.978164081,73.27491516,42.20158608
6837,2.82098575,66.75639051,53.8090175
6838,2.168428753,68.705933,40.18633155
6839,2.242819314,79.76187493,46.29291127
6840,1.781918071,69.08380448,54.93782434
6841,2.186085766,77.51040035,43.59210818
6842,3.600004027,79.79727422,50.9440118
6843,3.619573491,74.25746379,41.10638218
6844,1.984532669,78.54263644,42.53441523
6845,2.021036726,75.84014231,48.53975064
6846,3.480264469,72.75420103,40.04402448
6847,3.768274537,68.71833226,50.02381044
6848,3.546690989,61.64075553,53.61818569
6849,3.520736543,61.6239802,56.64628833
6850,2.678458782,79.47185293,49.37332381
6851,1.543349497,70.00197775,44.48948135
6852,3.204737246,73.10160808,49.58173232
6853,3.440825653,61.15460561,59.73171599
6854,2.873243837,67.38698339,59.0265939
6855,2.508712022,66.81803278,42.30857931
6856,1.996688655,62.00669714,53.40474959
6857,1.555520621,79.9719377,46.43582959
6858,3.082530812,77.15879281,54.0269838
6859,3.608299524,66.63106245,50.71706376
6860,2.420708687,78.08787426,44.59555839
6861,3.733673849,71.25814373,53.64780632
6862,3.065943336,67.63964648,59.34823409
6863,3.938255438,74.43671018,59.36978505
6864,1.556801709,61.33307845,49.58348229
6865,3.917782018,60.54474847,47.06595227
6866,3.170997544,77.42889841,49.51293286
6867,2.058527912,65.03064906,42.92072954
6868,2.173519973,77.57836195,58.12243874
6869,1.867668272,75.93299323,49.14903417
6870,2.627990698,67.42261164,57.40628746
6871,2.042347986,63.57823161,47.59123675
6872,1.857336908,74.37050736,43.94523243
6873,1.899645616,76.82474131,58.61562686
6874,1.901418602,79.58966854,44.13813824
6875,3.804949359,73.52955131,52.14298778
6876,2.666809121,71.05460846,53.34057384
6877,1.988336308,79.59803228,41.59139606
6878,2.655822998,65.99771285,50.83271217
6879,3.183409436,60.6385479,49.02899215
6880,2.375497048,66.17690394,52.9615958
6881,3.622293111,79.66740683,49.88748681
6882,2.090458337,60.31854262,57.37827542
6883,1.971769464,68.24791237,56.58267529
6884,3.921792138,72.01365701,41.19581237
6885,3.176153304,71.62453173,56.07742597
6886,2.089136536,64.82037417,41.98023786
6887,2.056792412,66.47460854,59.89630674
6888,1.609678363,67.02195948,45.84473196
6889,3.443292373,78.89325302,53.34727536
6890,2.80249499,76.92101414,44.14654221
6891,2.304086307,78.69824764,40.60356503
6892,2.753033902,67.28597039,57.39438177
6893,2.82415374,68.07799592,42.44707468
6894,2.510865353,73.43428279,59.16152612
6895,3.30042288,69.64439111,41.28157457
6896,1.994448972,70.31100478,50.25435263
6897,3.376180727,77.59825912,48.06273453
6898,2.34942631,74.79278844,57.12067177
6899,3.517155223,69.59705913,47.56498281
6900,3.161686895,68.75819968,46.88456198
6901,1.561660928,78.5160329,59.62035722
6902,1.586568488,68.77212557,47.61590766
6903,2.912905913,65.25006862,42.03635914
6904,2.200747755,63.97168346,49.97911776
6905,1.86364336,71.66132134,50.81041273
6906,1.980252011,67.57898409,46.63585075
6907,3.699279688,73.40607587,40.59567842
6908,3.879919318,67.90526646,51.91529456
6909,3.350087295,73.94867312,56.47633061
6910,2.89655638,70.3996244,56.87870323
6911,2.608577471,60.40963238,56.02208513
6912,2.17368198,79.0744808,53.68023023
6913,1.870647604,69.65132385,48.94467838
6914,2.548324263,61.21353614,49.3290268
6915,1.768332199,79.08351352,43.57110355
6916,3.279956491,62.09196889,41.94540901
6917,3.222235829,77.01096113,50.67013099
6918,2.223760273,70.81331802,55.10212674
6919,3.911969244,74.90319485,45.88570197
6920,2.177286001,73.4460156,54.6981104
6921,2.979315022,77.09343679,47.32841993
6922,3.548810352,79.24191129,59.11002419
6923,3.61669587,66.26164126,45.33904309
6924,3.442034022,66.20917041,58.25860853
6925,2.422944449,63.67009863,50.7155558
6926,2.89768767,77.20837044,57.87800602
6927,2.074334466,70.68357013,50.17495852
6928,2.612395608,70.76668065,46.02441049
6929,3.589195172,70.0986784,47.04588582
6930,3.154202686,60.1815628,43.45483713
6931,2.504938487,70.41849917,46.61772012
6932,3.74520221,61.6175539,50.67862167
6933,2.972101809,75.44461534,50.25555312
6934,3.789825435,69.01587463,55.47782565
6935,2.587758435,65.31574217,48.54055264
6936,2.630058025,76.85065454,59.41445989
6937,3.203881339,65.14210732,43.54008137
6938,1.989371485,77.39825062,54.56566882
6939,2.108781947,70.85554741,52.53659271
6940,3.727427691,66.44002554,49.98821655
6941,1.940533899,66.88669854,47.99393146
6942,3.489421033,68.18163291,42.71069043
6943,3.031918134,67.35953771,44.65084769
6944,3.343033211,78.4931991,51.05385892
6945,2.578884849,71.91895208,42.20732731
6946,2.670586997,65.38302903,55.73883655
6947,3.947942936,67.08310202,51.11565707
6948,3.070772065,65.82107468,58.35402543
6949,1.961585521,66.35626288,45.88708578
6950,3.140481279,74.67724417,45.45294138
6951,3.335113604,64.80106076,50.80890957
6952,3.128127753,79.07343782,44.55573327
6953,1.587063774,62.69752679,50.70457509
6954,1.823973131,71.57867524,56.17027599
6955,2.282293883,76.83547534,43.38723898
6956,2.682948415,62.26190063,42.47663874
6957,2.853543117,75.1272385,51.77686954
6958,2.66610008,60.3184002,55.82800268
6959,1.910336309,67.20559037,49.98255419
6960,2.758846421,72.45277065,55.24764452
6961,1.525337268,79.49635377,48.68443435
6962,2.160153048,77.64180443,41.26082835
6963,2.848717552,72.55294208,56.38808004
6964,2.842796368,63.51549946,52.67663127
6965,1.876727009,68.43493907,51.81794101
6966,2.850657647,61.32759814,51.62417421
6967,1.744052846,73.67138183,55.66840144
6968,1.758597109,64.1563501,56.76765224
6969,2.954734797,63.08408812,54.60460175
6970,3.021198482,73.03651762,51.13236229
6971,3.476499724,63.41967565,48.90132806
6972,2.137005453,68.11963402,58.23081431
6973,1.592788454,77.18454374,40.58121359
6974,2.596522751,71.54161702,49.51384001
6975,1.828340695,69.6673028,48.86475948
6976,3.760359849,79.03757343,43.08115593
6977,2.086284395,73.96581895,55.87375022
6978,2.643606685,71.29137655,57.83843572
6979,2.698666539,79.90544109,46.05585058
6980,3.484777354,63.94907695,49.79037943
6981,3.760608973,78.04137671,40.49828737
6982,2.39558845,69.42872078,54.97231196
6983,2.17820685,68.14170644,43.21946532
6984,2.441877758,70.16333499,47.33472079
6985,2.418138742,75.49197819,45.77203981
6986,1.586257588,65.04396048,45.78260528
6987,3.028537913,61.98664995,50.56529674
6988,2.116556482,77.15979576,47.0623526
6989,1.969235038,67.81447007,40.5219436
6990,3.803821345,78.00583097,54.4569012
6991,3.441297149,79.73810721,41.68719614
6992,2.149914094,64.53523753,59.35325128
6993,2.319057731,73.43041511,48.06013625
6994,2.086126684,64.64540104,59.09106812
6995,2.529299398,63.98981917,55.60058124
6996,2.722310545,70.96320581,57.48173065
6997,2.116594901,69.86070134,46.0903752
6998,3.33727901,68.81284151,53.66784771
6999,3.768297453,63.61254468,43.56749623
7000,2.52195531,64.50562049,52.25842439
7001,3.700051114,76.97598545,52.84569186
7002,3.237609085,73.31282799,45.479924
7003,3.81111086,65.30698908,44.69112399
7004,2.897833589,61.89824184,48.96651371
7005,2.460816062,78.87641437,50.78421804
7006,3.031575369,69.7975091,41.15820945
7007,3.485052049,79.85317853,49.78842976
7008,3.506421443,65.30261914,48.46930868
7009,2.942454892,76.00776047,59.62952094
7010,3.929378826,60.73555277,47.42095216
7011,1.903885971,72.30382859,59.15803785
7012,3.085922738,60.34000317,53.79425465
7013,3.98619483,72.7651483,47.0983071
7014,2.395175607,73.47351446,46.38270909
7015,3.306344992,73.1109742,45.7906458
7016,2.069589203,79.4691425,50.66813257
7017,3.958651009,67.34025792,56.1878472
7018,3.419679731,74.1030138,44.20528234
7019,2.180557734,61.44444349,52.06376448
7020,2.574764501,78.22339829,44.21191587
7021,3.321149862,77.76049983,53.85086736
7022,2.427277241,65.94166876,47.33586141
7023,2.279039056,60.69216144,51.75767923
7024,2.649326704,67.80746996,45.06229201
7025,1.654661393,64.26153721,44.41306281
7026,1.834645228,79.62869086,50.58273821
7027,1.80193261,78.18912329,44.3621494
7028,2.184187978,64.16671746,42.39522042
7029,3.684700789,68.2244557,52.54048032
7030,1.593082842,67.53154067,58.08133987
7031,3.48039655,77.73363841,55.89522842
7032,3.52705963,73.13729756,52.39372938
7033,3.409755683,76.90976304,42.75585503
7034,2.136214526,78.61205409,57.98544536
7035,2.341681293,70.99847266,56.18680922
7036,2.414684078,77.49211293,57.07365604
7037,3.561662172,63.43071441,53.97927709
7038,3.024640941,63.29589837,40.01467334
7039,2.643486988,73.96230091,48.21529786
7040,3.720176799,77.62162499,43.95269607
7041,3.087412328,73.89420799,47.83604287
7042,3.661735337,66.19162041,57.0421127
7043,2.577954944,65.05699348,46.19560074
7044,1.959235512,60.24365958,52.19613397
7045,3.004472084,69.94678527,57.78041956
7046,1.919636466,75.59717538,58.89411439
7047,1.871698322,63.8200218,45.68225191
7048,2.870576982,69.09749997,59.35864421
7049,2.084891546,63.44054715,56.4474768
7050,1.705772983,65.81917849,50.85042814
7051,2.25211328,70.55558847,48.95720127
7052,1.929469806,61.84157393,50.00911977
7053,2.495218548,79.05818385,40.07816449
7054,2.818582218,63.19365224,44.80931259
7055,3.453862738,69.950906,53.4080661
7056,3.426565801,73.13044331,59.03506515
7057,2.726055531,76.41195248,50.18369518
7058,2.828784295,79.4822107,46.12975671
7059,1.600113225,64.94691153,53.15600278
7060,3.00832352,64.53521297,58.00836891
7061,2.260831045,62.53569402,45.56694473
7062,3.338056661,73.0696366,54.71717722
7063,3.253058442,77.76510455,46.6335078
7064,2.020033941,71.30824076,57.39858394
7065,2.715006987,65.85443356,46.62712334
7066,2.863660064,71.20397906,43.84742172
7067,1.66541076,68.9382289,44.34383972
7068,2.630404078,68.94904834,42.97623522
7069,2.110190345,71.60656382,42.43657454
7070,3.131161383,73.18178346,45.49818503
7071,2.84121938,64.21947298,42.65921723
7072,3.137452429,67.74127568,45.37393253
7073,3.953116541,70.59873305,43.55764236
7074,3.67236618,70.91531414,42.49062326
7075,3.353081371,62.52079822,47.45635394
7076,3.97362161,72.33770198,45.4123296
7077,1.780023069,74.43614235,40.12070981
7078,2.140400962,61.52135293,43.87522163
7079,1.610004775,69.72968328,52.30284066
7080,3.724434268,76.61876695,41.57312663
7081,3.39000001,68.9335053,52.72621561
7082,2.373278482,63.57094061,50.26903353
7083,1.517705174,77.23946122,41.27300609
7084,3.640090366,72.73961659,58.27376269
7085,2.261771509,60.98323661,47.31678722
7086,3.326644023,63.68850331,57.37929899
7087,1.846787408,67.12125965,44.61089692
7088,2.758403114,70.60012586,58.55559844
7089,2.067573256,73.23218816,41.470939
7090,2.676822746,70.15761997,51.63866894
7091,3.24040667,69.15300262,59.75463407
7092,3.721976072,60.41499818,56.60306592
7093,2.884805088,67.48099116,43.21812204
7094,3.51436932,71.567807,42.73570744
7095,3.125341078,66.9451741,54.74200243
7096,1.837230675,70.21092097,56.57694252
7097,3.940711698,77.96298727,44.27065757
7098,2.529615784,77.86378023,59.56285468
7099,1.632508413,72.41268234,43.19376698
7100,2.06676825,67.92104074,48.57750112
7101,3.77892179,71.96353497,52.46518984
7102,3.908332215,71.28220407,49.59091412
7103,3.955631589,74.13982749,45.09834725
7104,1.889083147,61.29623792,55.4591313
7105,2.57796164,69.7274794,55.40072142
7106,2.341634553,61.15334229,55.91692594
7107,1.895606954,68.31026471,42.51593252
7108,1.903236212,65.00034696,57.57743611
7109,2.248850018,78.34093625,48.52040608
7110,3.475397243,73.53785059,51.14119407
7111,3.220799777,66.50418753,53.39968137
7112,2.174826595,60.78488154,44.95861482
7113,2.120743727,68.03440337,43.73736078
7114,3.442449039,62.83067212,55.20819002
7115,2.579687016,79.32763639,41.85304293
7116,3.191902949,62.1729291,48.14158323
7117,2.535292212,62.62438452,54.76488613
7118,3.67495299,61.11959704,52.47745263
7119,3.054211698,74.02426128,48.60755113
7120,3.780924588,60.71258444,44.26513367
7121,2.668567763,71.27976432,43.16056307
7122,2.03051591,72.63529012,40.1627051
7123,2.199019024,77.93811137,52.891743
7124,2.58559974,66.37580537,47.45178221
7125,3.054813586,70.86030959,51.9349018
7126,2.857733307,63.70985064,55.49872706
7127,2.116139685,65.77597027,52.38057613
7128,2.838203224,60.0515603,51.04373129
7129,3.209283736,78.73915081,43.50546219
7130,3.205254776,73.38544537,55.72271403
7131,3.162104894,63.71840608,55.21227207
7132,2.432140365,67.79470446,53.00072483
7133,3.641984924,72.81617257,42.73985825
7134,2.602483491,74.34352891,56.90145687
7135,2.653481958,75.43346683,57.44237137
7136,3.989676773,74.71006972,57.8364948
7137,1.815698627,75.73474523,44.04738157
7138,2.183547575,77.21703145,54.43570243
7139,2.519003028,76.80224714,56.33293049
7140,3.906496704,76.45302003,45.63636612
7141,3.135849292,68.47738173,51.61138802
7142,2.451168763,79.14688463,58.01797511
7143,3.73131299,78.26127644,58.38905599
7144,2.30223793,69.39679992,51.48607385
7145,1.632214558,63.64509904,43.17950172
7146,3.772708153,71.39241633,49.81724611
7147,3.833383828,61.81090145,44.0427455
7148,1.930469149,63.30716022,49.20264134
7149,2.087575671,62.10045558,57.77953461
7150,3.015876988,61.82811853,48.07262164
7151,2.648474986,66.17379555,55.66093243
7152,1.801428797,76.40372827,46.19276237
7153,3.508542693,60.2142758,46.03722968
7154,2.605996747,74.29445287,49.44521694
7155,1.834291582,78.38406122,52.54185394
7156,3.483220284,73.31135087,49.09962963
7157,3.188937268,66.4673693,42.1882137
7158,1.652832324,79.04709269,50.30884419
7159,1.831392062,77.01840888,54.96958789
7160,3.631255567,72.86380527,49.68246998
7161,3.737222646,77.25768228,40.48214673
7162,3.071953161,62.14978118,43.08974109
7163,3.912025668,70.37301193,42.38243946
7164,1.927903529,78.2050987,46.00840553
7165,2.757566362,72.63558791,40.70743836
7166,2.376485595,62.19180666,57.74117016
7167,1.697347489,67.85699687,45.9170954
7168,3.105556344,76.38235441,52.38327777
7169,2.95223726,61.00437754,40.14836565
7170,3.812366853,78.20491586,45.5770428
7171,1.766155981,64.75511695,59.57461912
7172,1.888823012,75.22492895,57.15783613
7173,1.676926667,75.9941726,56.19596672
7174,2.139871779,69.39768255,51.82185329
7175,2.799855128,70.12545896,56.0643681
7176,3.356538026,75.86553253,59.1841902
7177,1.705407893,62.60188743,51.82227032
7178,3.868882768,67.87059908,47.65402511
7179,1.710422161,65.24668164,58.57824102
7180,3.340096425,74.78151053,52.78480762
7181,2.921328178,60.3827463,53.05950162
7182,1.8201385,60.7195251,49.41860937
7183,3.289621758,75.44178017,58.23533657
7184,2.226063297,65.40472582,44.64013143
7185,2.838217726,75.15370948,43.97313795
7186,3.570273537,67.67644434,54.16484622
7187,2.453985112,67.77261493,43.33618438
7188,3.710340923,65.03652839,40.80093422
7189,3.407250987,71.75176049,50.07221586
7190,2.124017857,60.32566624,53.9000737
7191,3.927404442,61.80648884,50.65722169
7192,2.83365778,60.10380933,51.84021667
7193,3.592446628,75.43499992,51.04396389
7194,3.419310326,60.57853156,40.90194816
7195,3.099567728,64.25674168,49.28174482
7196,3.701343911,68.86361511,54.73705196
7197,1.701124243,72.65002195,47.17728213
7198,3.998797322,62.2897837,55.92936142
7199,3.616604162,65.68459038,43.65317583
7200,2.169877768,78.00694658,42.25628816
7201,2.369962853,75.29870516,41.7048007
7202,2.958892782,70.70672795,57.38509371
7203,3.731527074,61.48638249,51.42472792
7204,3.484398856,73.24951676,51.19197712
7205,2.047281538,74.93037778,56.06375606
7206,3.08060288,78.71577641,51.42266189
7207,3.725989578,63.28171153,57.04435174
7208,1.646082773,73.96288851,58.9751179
7209,3.34478714,77.17886795,57.72953809
7210,2.614044863,71.14204705,40.22034577
7211,3.952361681,73.998544,58.95732904
7212,3.19065763,65.03759473,50.88497879
7213,2.095951005,64.14906585,41.28895383
7214,3.583229966,79.53681323,47.43905487
7215,3.026222522,73.86345177,43.5315723
7216,2.466378911,72.16478182,59.90474029
7217,1.836062833,77.67906096,46.72319084
7218,1.891932679,61.5209166,56.6279471
7219,2.189834633,65.47307842,55.65549001
7220,1.710946944,79.27887626,46.19138141
7221,3.012932161,67.90396971,45.58650091
7222,3.090387085,73.02137983,49.86002246
7223,2.126427917,60.6128795,52.50233789
7224,3.997869286,62.20910454,52.64929925
7225,3.961041603,63.0190956,48.15632681
7226,3.395630183,79.9040197,53.81263317
7227,2.487178554,76.01105282,42.59736829
7228,2.560798979,77.56009281,55.30755661
7229,2.82318762,73.27380387,58.91460909
7230,3.489632628,64.77025971,46.86532357
7231,2.306641963,61.21055586,56.53468737
7232,2.494265191,72.90610228,47.51526135
7233,2.786749285,66.34056349,45.33901996
7234,3.2869797,69.63463287,49.47580735
7235,2.225984056,72.03544676,41.30212165
7236,3.190830388,69.0756487,42.50535599
7237,3.118667135,70.33123798,51.49606431
7238,2.612620156,65.76375722,59.79590294
7239,2.593893984,75.22994522,49.43366812
7240,3.258911512,60.44671339,43.79951762
7241,3.243225195,63.01132763,51.08955494
7242,2.867051258,77.46271279,47.15575697
7243,3.154267484,61.74703936,52.06213187
7244,2.654156114,66.93936251,43.90549564
7245,3.147219957,75.72655809,58.06605709
7246,1.608568824,61.7864124,59.04177468
7247,1.602276158,77.10840419,51.6470534
7248,3.849768688,65.17100297,47.16220103
7249,1.79389238,70.81757993,52.72609796
7250,1.953881592,67.22279394,54.18186982
7251,1.628440081,78.1821902,58.32051523
7252,2.201121211,62.9693826,49.3679272
7253,1.948588977,77.86830765,42.79357023
7254,3.094815511,68.14447428,58.79274647
7255,2.777876813,67.73086748,57.4046008
7256,3.728070743,78.29754672,57.25223158
7257,2.697175244,67.37456401,49.11997278
7258,2.726415553,67.26507979,59.23701844
7259,1.604554626,77.91820657,57.23072653
7260,3.772264688,76.25986068,58.36694231
7261,2.388721255,73.78172552,52.13446958
7262,2.728128772,76.89392918,40.49984852
7263,2.455179138,75.32758488,55.71334639
7264,1.554381792,73.19791926,44.13402108
7265,3.852055018,62.28769591,44.54870994
7266,3.138661679,71.27495447,53.4581693
7267,1.760742938,60.41927374,40.30506409
7268,1.791059401,66.49233588,55.25735931
7269,3.97186097,70.8202125,46.98857823
7270,3.133040729,77.11874301,41.02220079
7271,3.791987013,65.83262507,56.02060945
7272,3.898610457,66.50162025,49.2855932
7273,3.726368099,78.14190811,52.95246029
7274,1.952255501,74.01488024,40.53249208
7275,1.852127412,68.53555822,51.90509851
7276,2.169592256,63.63469866,45.60631439
7277,3.35878824,74.50349387,46.79239927
7278,2.208574664,65.79221793,58.47539707
7279,2.646392978,69.29075224,50.89802581
7280,3.567321275,60.34889003,48.82517128
7281,1.596737068,60.89230987,57.54404426
7282,3.297853645,68.85760592,41.49575413
7283,3.414158151,78.18016849,48.9288051
7284,1.710043973,78.75538735,41.28928359
7285,2.423981166,60.01406715,55.06317731
7286,2.476307606,65.5609578,59.80583025
7287,3.219927148,71.41634104,59.86480906
7288,3.310368453,60.74885647,58.46495515
7289,3.839433461,67.40863204,59.41642545
7290,1.980091627,67.62495261,54.90865079
7291,3.982582077,70.34968436,42.55565214
7292,3.081790986,66.89398514,50.38772374
7293,2.403734911,78.31021787,56.84090847
7294,2.757443047,64.72998891,57.27728056
7295,1.992848202,66.54956474,41.35465671
7296,2.501617384,78.42637468,43.72451991
7297,3.077373831,65.07995848,56.62398071
7298,1.603652134,73.45796363,52.49674141
7299,2.276631479,76.37812685,53.14452922
7300,1.642117079,68.62994897,44.30350044
7301,2.136365118,62.14887683,53.88313866
7302,2.275356533,71.38735675,43.06361023
7303,1.529563924,71.80588404,41.86633035
7304,3.029339578,60.53008301,53.82556322
7305,3.276798126,69.8410787,41.03202901
7306,2.305772025,67.34618315,54.38011494
7307,3.564882086,66.42337595,59.25704065
7308,2.319762861,60.93726271,55.02042657
7309,1.548281575,70.6461664,46.74638877
7310,1.953653018,71.49045335,44.16933456
7311,1.913473295,74.00286743,42.18291517
7312,1.797871816,70.16456332,58.50750661
7313,2.568655477,73.69131991,44.80202571
7314,3.500620613,77.9169026,49.05056579
7315,1.618313105,69.16960674,54.83190611
7316,1.530517717,71.30520208,48.19634076
7317,1.911979936,62.53086293,43.74538986
7318,3.206645037,74.43048956,52.85560863
7319,3.295245092,73.16137783,46.0934527
7320,1.516197218,75.28363002,43.24421104
7321,3.61912939,65.84279467,59.75793362
7322,1.92589982,77.9324827,49.45556113
7323,3.200677803,72.17103555,41.18430442
7324,3.778612626,71.50014201,53.38079353
7325,1.880031743,68.78330231,41.65069053
7326,3.155294771,66.18413221,47.16189425
7327,3.059194829,68.32130632,57.54193617
7328,1.599488642,74.64519086,55.04947176
7329,3.678701574,68.63739113,40.8262803
7330,2.513518808,62.08312814,44.16573899
7331,1.742621263,78.47118119,56.88233367
7332,2.553342506,77.21551727,54.31505321
7333,1.873474278,64.05823491,42.47866511
7334,3.386948683,78.93617004,42.66107771
7335,2.98243433,61.48515552,46.42702049
7336,1.767989264,63.7672803,55.78475167
7337,1.584840201,71.53344317,57.62090586
7338,2.863377372,61.23103252,46.98065543
7339,2.023853933,77.38587701,44.95962487
7340,2.324171181,79.77175852,48.57519702
7341,1.6157645,74.22996604,56.39000115
7342,3.40552036,71.05438893,59.66639438
7343,3.645765637,64.36722786,46.2005562
7344,3.826208891,61.58155889,54.98825878
7345,3.087268981,65.09493306,46.54277159
7346,1.787922622,68.24315242,52.08334051
7347,3.162909394,69.49669427,58.16745175
7348,2.596213187,63.86410625,48.48533387
7349,3.273076274,60.42106811,58.01147336
7350,3.480309745,61.8206888,40.21429447
7351,1.664023982,71.62263285,43.46413141
7352,2.979814782,68.32316592,46.12477994
7353,1.718080153,77.98504642,57.17821701
7354,3.902760128,67.52338351,54.07118196
7355,3.067776881,67.13619702,53.87530352
7356,3.564086033,62.92411357,43.5213943
7357,3.719611429,76.77921202,43.08597924
7358,1.624655408,75.10518232,59.57339833
7359,2.504913608,62.5657382,52.0315515
7360,2.095527629,60.57224032,40.51267396
7361,1.69620566,69.58463994,51.79232792
7362,3.079577776,78.02120552,53.85233756
7363,3.180223771,70.82315036,40.07795661
7364,1.615841035,70.82436777,41.81616432
7365,2.479047104,60.6042909,52.86833454
7366,3.506265925,72.15335263,54.53129103
7367,3.188827964,69.37129065,56.22662984
7368,1.870514142,79.85907825,43.07993367
7369,3.695150045,65.64901788,58.1071816
7370,3.830819275,75.6989208,51.97477044
7371,3.160902331,70.91386105,51.95602605
7372,3.857851632,72.59569528,50.02306591
7373,2.739047962,64.67369574,48.40161044
7374,2.471644492,74.7280671,54.10772884
7375,2.507913788,64.50480339,53.09544752
7376,2.594590646,75.03481711,46.48801896
7377,3.306765125,68.32611581,58.12206104
7378,2.54502121,60.0394549,47.93552798
7379,3.315281577,65.7357046,43.43178626
7380,3.885820043,70.78565017,51.25015424
7381,3.339294242,68.71564639,44.35198893
7382,2.980491616,79.23536951,45.12090428
7383,2.841412721,77.64501585,57.30176065
7384,2.968984736,79.97213237,55.03622204
7385,3.737048563,67.5055402,47.03516752
7386,2.365562314,63.6655743,58.79236275
7387,2.161134204,61.9051384,57.86230758
7388,3.912367549,67.46581064,51.25217807
7389,2.1796351,61.36668638,55.32570699
7390,2.146268438,66.62540494,56.33303427
7391,1.887751059,64.96072733,42.96370967
7392,3.740729011,76.73228426,48.82441066
7393,2.743515235,64.27058454,46.06923095
7394,1.983074378,65.42126898,45.12181704
7395,2.658828272,79.86693141,59.57725704
7396,1.728884622,75.06242203,50.80209014
7397,3.487042565,74.08085939,58.36055216
7398,3.712460652,72.31649485,45.86590513
7399,2.038681401,68.63107591,56.41328271
7400,3.759318873,61.56890397,43.27322537
7401,1.665933719,66.61222716,42.19596972
7402,1.989104361,75.55975143,55.28573439
7403,1.769091241,64.92633034,47.09207109
7404,2.828079389,79.60079225,44.06344662
7405,2.58953555,75.3072828,42.51839745
7406,3.315658292,61.81603652,50.55565927
7407,1.972987181,68.49113319,52.54239601
7408,2.581160443,70.64109879,54.92412982
7409,3.782026638,78.89504607,58.07348308
7410,2.707734211,69.86811432,53.81029683
7411,1.935045023,65.49447479,58.01827103
7412,2.64625455,67.73344859,46.13432637
7413,3.58012411,75.38846881,52.06044877
7414,2.523590841,75.28259665,54.26353858
7415,1.639056488,72.97213698,43.19474163
7416,2.525064694,74.62830995,49.55126907
7417,2.366502812,78.49201561,44.24671979
7418,2.62606376,78.24555034,56.47115267
7419,2.002254696,65.50642095,42.06496372
7420,3.449127196,66.34138791,55.29340066
7421,1.587528616,67.72645189,50.58323111
7422,3.56560002,68.66879517,53.60424568
7423,1.722498417,60.67936183,48.27842321
7424,1.857150844,78.15346254,57.20237093
7425,2.046779134,69.89372958,48.46131794
7426,2.915335929,72.29625481,44.55422928
7427,2.196503357,60.13829871,51.92140961
7428,1.654925682,78.0812197,46.32427327
7429,2.806262123,78.1373686,53.53816327
7430,2.881518826,69.59140283,56.80327376
7431,2.177604062,62.47341387,52.57993234
7432,3.277499792,74.57660932,46.84051105
7433,2.616633663,62.15765565,51.94564605
7434,3.010148369,67.55170425,47.15612125
7435,2.267457449,64.30095778,45.97572568
7436,1.780287984,66.6768625,53.05838752
7437,1.54959679,64.00564766,49.21453591
7438,1.925948154,75.18538066,48.2852268
7439,2.144837474,67.63329807,47.00794891
7440,3.866094602,62.97859163,42.53027406
7441,3.54425267,71.08564121,56.24840922
7442,3.333982295,65.34164376,48.7753967
7443,3.000910466,60.1939471,45.83121181
7444,2.939235774,62.27123764,47.10752192
7445,3.5643807,73.4416757,43.71608288
7446,3.924710648,70.07250051,55.0456623
7447,1.880613727,65.60899521,51.86721592
7448,3.771256389,68.20044429,46.57209432
7449,3.305235066,60.19187741,53.75820929
7450,2.491653797,64.20764744,54.13449391
7451,2.406258551,79.24763645,41.39892159
7452,1.611442038,76.16511374,48.75052999
7453,3.538728556,64.07377136,49.77393553
7454,2.580777918,79.574071,45.67245881
7455,2.456938722,74.69999908,57.84062385
7456,2.728956922,76.96392843,44.19127546
7457,3.318798113,79.48500407,43.81606549
7458,1.739196215,75.20783507,43.46029515
7459,1.806509912,69.28371595,51.20488734
7460,2.443756054,68.08213234,58.0368656
7461,2.631830284,74.84478959,58.35375832
7462,2.800613538,60.58222713,47.64395331
7463,3.036768724,65.948739,43.38123745
7464,3.68967839,63.44170294,44.71400244
7465,2.938404602,69.00303969,46.07413307
7466,2.273866791,63.73546168,49.4428059
7467,3.615408444,62.94710631,48.6451794
7468,2.939702587,75.97474969,45.65619318
7469,3.09070396,72.60253194,54.40967312
7470,2.473238255,68.3142828,40.92494677
7471,2.928081784,75.25007331,45.52997035
7472,2.124400054,73.88224308,51.49355701
7473,1.739713512,70.9591419,52.90303887
7474,3.355829876,61.18975013,57.37158116
7475,2.388748548,69.99517024,50.69687153
7476,3.02823158,75.20523465,48.225766
7477,1.827966589,76.88445693,41.62473571
7478,2.519190504,76.58450035,54.19442821
7479,2.144605727,65.42907483,41.57999971
7480,2.521998858,60.47777165,55.58098403
7481,3.488684163,68.89875433,44.78111351
7482,1.640683997,70.96315455,41.7323377
7483,1.895851337,79.96421434,41.8812079
7484,1.756224,71.04329846,47.97003188
7485,1.513364273,60.12074071,54.23036621
7486,1.531812386,62.54622754,46.7923106
7487,1.795048855,65.82005911,51.82192598
7488,2.967124616,73.9672327,48.26066956
7489,3.554132024,78.70535543,48.28717867
7490,3.778535999,72.82908435,50.42271565
7491,1.932752402,77.02409342,53.29880515
7492,2.554861931,66.806482,55.17972176
7493,2.419714588,72.5371579,56.27142548
7494,3.985170177,65.3533564,50.19045045
7495,2.247411488,65.74112308,50.64302654
7496,1.933231565,70.85336527,53.5380647
7497,1.83256073,78.4691826,42.90572853
7498,3.799407217,64.62002803,46.741062
7499,2.90081057,78.53828011,44.8998716
7500,3.326747072,68.13214572,46.1011719
7501,3.639562946,75.81041006,55.03455357
7502,1.829767844,74.41006889,51.71367145
7503,3.02670972,60.37774523,56.18144958
7504,3.598676241,66.22369833,41.73077928
7505,1.700248689,62.30103628,51.09961036
7506,1.933140793,65.9276892,49.46887554
7507,1.75826067,79.17735404,46.97273414
7508,1.786651823,78.72814092,47.190881
7509,2.164602859,76.41251205,52.90127194
7510,3.487230205,67.62619604,43.48628671
7511,2.714252792,69.15979959,42.26947277
7512,1.55906382,69.16321697,57.25319638
7513,1.893747748,78.73670656,45.80738933
7514,2.871236598,70.33289369,47.99891623
7515,3.363658372,60.53372254,44.01468726
7516,3.958301254,77.2835206,42.329841
7517,2.736319782,69.46547318,52.06018814
7518,3.001308036,68.61182783,50.4340064
7519,3.906086991,66.74297748,54.39307978
7520,3.171359388,66.29138909,59.39397826
7521,1.799068997,65.07207013,47.35330837
7522,1.859359126,62.35947068,56.77307663
7523,2.317765049,71.31324565,55.08657307
7524,3.690815267,60.68665698,47.87058062
7525,3.107343804,62.72018223,45.11797979
7526,3.664673393,76.0890503,48.2184768
7527,3.073808314,76.66164989,51.94421003
7528,2.556657439,75.52997018,42.9793631
7529,3.04826542,69.31496181,44.42997373
7530,3.682086016,77.12798936,56.92109047
7531,3.149285295,74.12322829,51.82275207
7532,3.919607909,64.27172616,47.2205858
7533,3.344193098,73.52768621,59.11470417
7534,2.524751858,75.76950601,48.28500549
7535,3.103760417,64.03094546,44.8823523
7536,3.373373151,75.73158967,46.68079967
7537,2.938021599,70.33248063,41.51030424
7538,3.200518511,78.43560633,45.7569756
7539,2.656256377,61.3742525,41.02243749
7540,1.606812209,71.43339349,51.65610235
7541,2.226805141,68.24839905,52.22566818
7542,2.409826446,72.76663979,49.35176317
7543,2.156034987,63.1305047,44.58356919
7544,2.995133161,69.86287031,48.91387737
7545,2.023816147,78.26796722,51.58887108
7546,3.360946738,79.16876962,43.34973535
7547,2.257810081,75.06801289,45.90021398
7548,1.974374344,77.54406998,46.33868574
7549,3.978196296,60.60065929,59.00304153
7550,1.7664995,70.4781397,57.86253999
7551,1.904843161,63.41168665,44.20595169
7552,2.846483209,74.77482744,55.96248114
7553,3.157262917,64.40025787,48.28527636
7554,2.962303149,71.76540453,57.74440878
7555,3.138272822,71.78157484,43.00775863
7556,2.195093744,75.77660193,44.23326262
7557,2.804365679,60.79461057,42.89130885
7558,3.748070192,62.92495566,55.27957251
7559,2.303156508,64.83813264,44.57065825
7560,3.443985993,63.2583449,48.36963914
7561,2.756661484,78.85165469,50.91907358
7562,2.682782922,69.59635521,49.40769695
7563,2.430367155,62.85335685,40.51180162
7564,2.409252861,70.09324057,46.47532721
7565,1.546384637,60.49044684,53.15556979
7566,3.554093805,61.917442,57.99998517
7567,1.518990059,62.65082006,40.47393635
7568,2.228326565,68.67196908,56.08677066
7569,3.14543828,65.60816873,45.601642
7570,1.927187234,64.03100314,53.80825743
7571,2.906516786,62.72942716,54.87429124
7572,2.772967786,65.61966187,45.98815258
7573,2.601987804,68.00482886,44.25921323
7574,3.060014463,61.26650742,41.0851277
7575,2.756491492,60.28599819,41.74317975
7576,3.012894217,73.04102178,44.63381927
7577,3.484606051,75.75494892,40.91242256
7578,3.376326874,78.52416281,53.74843951
7579,3.447422059,75.33143691,50.32139013
7580,3.623942775,77.71442521,51.79798515
7581,3.823435421,70.70966847,48.8101474
7582,2.889019163,77.13504646,49.96978754
7583,3.188700813,63.16869192,57.25618909
7584,1.63873445,75.2361313,47.23716665
7585,2.305931441,72.67739772,51.44106056
7586,3.943297811,61.94588336,59.36654434
7587,2.76828626,78.54581878,56.73694848
7588,2.577771719,65.28333122,50.44718355
7589,1.567020499,75.59036693,43.44889282
7590,3.525953179,72.42685821,45.70650551
7591,3.669567212,74.00581195,57.69562493
7592,2.490417698,75.05824443,42.38452944
7593,1.562177111,66.08176624,43.06444229
7594,2.092662327,72.81733544,44.61180151
7595,2.149724614,74.93618017,51.3818825
7596,3.45376825,76.33724494,59.09054236
7597,1.670508758,64.35683578,59.99024209
7598,2.319583273,78.31348142,54.44383154
7599,1.771906201,71.48444456,52.73108573
7600,3.867416684,69.59445738,59.75751358
7601,1.916561491,65.06336741,57.45288993
7602,3.649964189,75.08214928,50.54517281
7603,3.827482957,75.64365389,47.30827175
7604,1.718738364,67.30310459,58.64638053
7605,1.752282649,69.71225811,55.86006375
7606,3.151220473,77.22318962,51.79957064
7607,2.814621768,76.27192098,47.31725584
7608,2.772129553,66.85821469,42.06501566
7609,2.919508063,77.28485504,41.6474818
7610,3.127869075,61.96065493,56.87631068
7611,2.642908146,75.90831396,53.79954774
7612,3.373765834,71.29019594,59.76216993
7613,2.172549229,69.56755017,44.88846377
7614,3.374903516,61.8394809,52.7965588
7615,3.239091586,66.83619337,59.6146935
7616,3.46587513,68.71423514,47.8246239
7617,2.863352749,61.41562804,59.7780244
7618,3.441082666,70.86532545,46.18948811
7619,3.386978375,74.17320666,45.04334152
7620,3.156142884,77.11455643,47.10622799
7621,1.640672046,67.99832629,44.46455577
7622,2.688772861,70.93775561,49.43634976
7623,2.684072344,74.74426046,53.78819765
7624,2.939430508,63.94363206,56.27094273
7625,1.561615022,61.82891215,46.11964289
7626,2.325302058,72.37895573,47.18954408
7627,2.618464878,79.49135696,42.28472303
7628,2.130041438,79.63555496,50.51681935
7629,2.925074665,77.43404196,49.24129035
7630,2.019781141,69.83418428,47.80585884
7631,2.05312179,74.71930903,43.44090938
7632,3.878702843,64.06157445,59.18059409
7633,2.381799756,64.04563183,49.31810463
7634,2.420693577,72.8059528,50.86137057
7635,2.443472942,66.06097469,49.11913529
7636,3.630984462,67.16602545,58.36872936
7637,1.861611166,73.99556095,55.48344743
7638,3.171779926,76.30126345,47.77682551
7639,2.58447892,69.56158819,45.48411992
7640,3.999908004,63.72355066,55.63480596
7641,2.544209647,71.8732164,49.48947404
7642,2.28669433,78.02524576,55.42409249
7643,1.950070703,72.43969962,41.9387387
7644,2.588113129,67.99403824,42.64706141
7645,2.387450937,67.80488944,51.72429112
7646,1.9932958,68.08955106,41.2772673
7647,3.65577068,71.24223576,46.47227564
7648,2.706638557,76.16707421,54.13795996
7649,2.90405091,67.28084556,48.22519952
7650,3.092907564,62.20422625,45.99536405
7651,2.993312859,70.29134061,54.09732555
7652,3.767058694,73.45918155,48.64870098
7653,2.344619349,75.2263159,51.64012057
7654,2.049893774,69.8391805,47.87613559
7655,2.952468124,75.78222581,56.73527481
7656,3.761941274,62.04381257,55.14462258
7657,2.5531372,75.30885287,50.0391466
7658,2.547431972,60.57850116,48.87960004
7659,2.52182794,75.8665902,53.02750158
7660,2.73014157,66.35780325,41.5380812
7661,1.948201708,76.28238438,40.1414002
7662,3.323703859,62.73868265,41.19203811
7663,3.438495018,78.48513653,54.08705049
7664,3.352251979,67.66562888,57.91136736
7665,3.250414232,70.27545218,46.26343941
7666,3.681854815,65.82531415,42.15727631
7667,3.301231318,74.35873549,56.38059991
7668,3.025335605,64.03234995,59.97541689
7669,1.657915145,77.36949777,56.33351343
7670,1.96266099,64.54449008,54.18258472
7671,1.633023253,70.36734359,46.92733104
7672,3.127171201,74.91184742,48.04056994
7673,2.002175153,60.26870352,55.87742539
7674,3.248833797,65.12334369,42.68837328
7675,3.574818602,74.5434074,42.58809331
7676,2.781763336,72.37136805,42.4554807
7677,2.687087618,72.97556608,49.38871864
7678,1.972024832,67.82995863,41.26183819
7679,2.9128603,71.83479303,40.83169418
7680,3.688147399,62.37945118,41.8021736
7681,2.391403699,77.85522965,47.57259163
7682,2.415051913,62.72932323,46.14790586
7683,3.783271842,70.49792446,52.5052164
7684,2.583801281,76.1060071,54.87148004
7685,2.551209591,65.89234752,49.2389221
7686,2.65721364,73.57855741,46.52618604
7687,2.073482477,67.1757394,40.35427937
7688,1.627635086,60.73127776,41.81413327
7689,2.307675475,76.5207794,59.3777645
7690,3.497640172,71.5243736,40.59031649
7691,3.897093335,74.74348533,53.05807312
7692,3.351325213,76.01724538,50.71117988
7693,2.280557778,63.38538397,59.41080676
7694,2.898159157,64.71531612,52.26757646
7695,2.462004249,71.56653669,55.21285032
7696,2.702643458,71.26054278,54.53712896
7697,3.618181821,77.16853932,57.76746014
7698,2.37468436,75.15241792,46.39123305
7699,1.839551177,75.01628235,58.55305856
7700,1.960495393,74.67810344,54.17680771
7701,1.50480515,70.65855063,49.23710106
7702,3.10745403,61.62989516,47.61212106
7703,3.015051494,72.82110263,57.98568733
7704,1.552078757,74.22443388,48.8278707
7705,2.213663748,74.16012949,41.06739569
7706,2.494533732,74.05552339,51.19665871
7707,2.241083067,70.45560932,55.21743336
7708,3.003829339,63.3397966,49.03174358
7709,2.276880722,65.26799891,55.99583149
7710,2.911381296,68.31993061,58.23795043
7711,2.86136848,63.14841025,55.33709347
7712,3.396358577,76.52913992,41.67971444
7713,1.915559797,72.88487914,40.54908284
7714,3.953824941,65.44215347,55.65399498
7715,3.599673083,78.86106122,46.81612159
7716,3.776830279,79.83323088,59.26964035
7717,3.349882163,78.96445696,56.35110587
7718,2.923300435,66.80271223,41.67232577
7719,2.11421019,72.59042603,47.73338338
7720,1.741118464,67.47177474,47.2360939
7721,1.935707465,68.8073934,57.98052469
7722,2.251368732,76.38407723,42.8687727
7723,3.469789198,67.77572776,54.65709686
7724,2.915105526,76.14475171,57.97993105
7725,2.443759786,78.71714047,41.51185115
7726,3.358042956,67.18793059,46.99859567
7727,2.1578851,79.25012895,53.98540305
7728,2.983847886,75.95114182,49.19428641
7729,3.166432822,66.40507408,41.6678351
7730,3.732394441,79.30206087,45.22579887
7731,3.240458334,76.1999694,40.46555122
7732,2.842985317,62.32959462,55.55696417
7733,2.639732067,60.95700401,51.10605553
7734,3.121669145,78.81755487,43.65637169
7735,2.756676747,63.85938042,45.27094137
7736,1.747682017,61.21241356,44.2476221
7737,1.723958971,60.82950846,54.67931122
7738,1.81494453,71.76482422,54.41368169
7739,3.503726307,73.29264207,59.36466588
7740,3.407978231,76.639544,56.94022368
7741,1.91616476,75.98334549,52.52362464
7742,3.126289804,71.33955831,40.69508037
7743,3.850603265,71.12701667,41.69198785
7744,1.704110303,66.00795273,57.85828999
7745,2.981824794,66.79702825,44.70029173
7746,1.96504543,71.53490251,50.36595996
7747,3.041897965,69.57747276,55.06558345
7748,1.964028123,75.12282129,46.80398516
7749,3.806011804,60.7752131,41.92484089
7750,3.53785758,60.93258294,57.09136443
7751,3.605108501,79.21829835,54.58993632
7752,2.470789116,78.60917317,51.48751582
7753,2.108529757,68.94141224,56.28976575
7754,2.64832281,79.37302871,44.63634354
7755,3.552700469,66.09348674,41.37928709
7756,3.608648177,64.55844311,52.45361618
7757,3.801221182,63.58256482,47.55600151
7758,2.515449155,75.95504349,56.69657457
7759,3.12569985,60.35675628,54.41692428
7760,1.611354118,74.76639749,53.31695461
7761,3.072930327,74.65143706,52.36214185
7762,2.177918148,61.20887119,53.42244253
7763,3.495998255,70.16132327,54.07360267
7764,1.569583802,62.87987551,56.73320365
7765,2.649871052,71.27453635,51.95453675
7766,1.860039984,64.06152547,40.83330416
7767,2.342679199,79.05553448,40.91691421
7768,2.354760427,69.81471234,40.61864834
7769,1.982085248,65.95216213,55.03379103
7770,2.877829395,65.32546616,47.65409706
7771,3.761099559,63.62585892,58.24025709
7772,2.898597104,79.14863566,40.81497496
7773,2.372724239,72.05732748,54.39367415
7774,2.951276643,63.42207151,46.83352667
7775,2.110946018,75.75577995,58.12273954
7776,2.359065526,72.95565457,57.5135765
7777,2.799050172,75.07143365,52.25503312
7778,1.904146575,71.43492645,52.71342806
7779,3.953419628,77.89132059,52.71692284
7780,2.517079147,77.46239729,46.12640491
7781,3.588937521,60.29231874,49.69585747
7782,3.671458804,62.35396515,42.45631524
7783,1.746625837,64.20439425,47.58660734
7784,3.65589016,63.19261358,52.91395996
7785,3.595251484,77.23424198,52.29428256
7786,1.79246134,60.84405797,46.11191804
7787,2.674092298,61.56788168,40.34143499
7788,3.582144178,68.49043243,59.07468844
7789,2.589570314,66.80944149,52.85917952
7790,2.40823742,60.55916421,43.6221938
7791,1.879087764,60.27198204,47.68067178
7792,1.883137176,70.51796522,46.99512929
7793,1.92943342,70.90912975,45.02003967
7794,1.930494755,61.46895264,46.43947372
7795,2.879471524,67.0691895,40.84041927
7796,2.603564607,61.21808538,45.55563205
7797,3.694172478,64.60331574,42.8391686
7798,3.358264731,76.09615046,52.70127257
7799,1.750881956,76.26451536,45.21409575
7800,1.527087672,70.40033105,55.61869425
7801,2.963679351,70.84071543,40.99651104
7802,3.61039952,78.23864163,55.98639778
7803,2.281725407,61.8835654,42.65615294
7804,3.609639092,79.13340262,48.27773535
7805,2.731535584,71.80782466,51.14052337
7806,1.907811632,64.13616608,54.8095213
7807,3.076149676,79.03029843,42.94377687
7808,3.135423917,67.65607838,47.47951894
7809,3.32500731,79.86688603,48.45239811
7810,3.849853261,76.04130752,43.37389612
7811,3.345526137,72.57051062,43.71978214
7812,3.995769199,68.20680486,41.77519479
7813,2.860574565,63.76395848,54.24536149
7814,2.508873216,69.10478558,57.59334923
7815,3.076161568,71.53528757,47.38936532
7816,1.718226344,77.26048485,46.65275889
7817,2.105865635,75.03467297,49.09393404
7818,1.500346852,61.93577351,46.65388881
7819,2.755265172,64.41447858,41.82744783
7820,1.776763556,61.54802965,53.96599837
7821,2.34060709,75.22382088,45.0106082
7822,2.213254651,72.63683123,40.03067493
7823,2.946369115,64.785904,49.17858512
7824,2.649314654,71.93507084,50.7725091
7825,2.154743806,72.70185983,45.00103403
7826,3.12529299,75.61845935,48.07528582
7827,3.873615767,69.66981617,57.8284722
7828,2.518155308,63.68824753,51.04215498
7829,2.467424445,60.8557455,43.48058841
7830,2.019800121,62.59527358,54.67023537
7831,2.594857017,63.37921909,48.01536663
7832,2.038826008,69.87757921,45.04917946
7833,1.969539527,77.69668385,49.07630572
7834,3.241995766,64.15203665,45.97120276
7835,2.480868535,68.93181212,54.17853498
7836,3.533779079,74.98287869,40.44113773
7837,2.177037828,74.42080961,44.03599331
7838,3.561332579,70.62005022,44.73582186
7839,3.168924348,76.0925781,47.52837136
7840,1.884638252,72.80642688,55.12589284
7841,3.796295044,74.86896218,48.58443334
7842,3.67520156,67.27553973,59.70356854
7843,3.660493053,69.42455417,59.39227828
7844,3.846874925,79.34119427,41.79492117
7845,3.139526274,65.4631391,50.72030198
7846,3.976354193,64.5387875,51.49950358
7847,2.463155688,76.39034818,46.35339277
7848,3.604807654,79.20728913,59.86207728
7849,2.084961317,75.67307672,50.63038681
7850,1.629676485,61.20774202,43.45336613
7851,3.316381364,64.22550233,49.98955704
7852,2.967670936,67.15233654,45.17035302
7853,3.741395866,69.72577787,43.25387725
7854,3.177228117,78.67902888,55.66259028
7855,2.150441342,73.50905488,45.5278539
7856,1.975755307,63.51608552,49.18206511
7857,2.33061981,67.47463977,51.2111059
7858,2.618118973,78.73317691,56.35329939
7859,3.924481392,78.47087064,59.79079101
7860,3.493668112,71.01371445,51.91057844
7861,2.179695584,75.21408893,44.62324147
7862,3.00777514,76.75418658,47.99580087
7863,2.658258519,76.28784374,57.00945959
7864,3.939395356,70.8826108,55.72104019
7865,2.778206376,62.04113323,52.78639955
7866,2.394713537,72.7463622,56.19936707
7867,1.752669376,62.39498059,45.11972656
7868,2.358184936,70.61458077,58.93490889
7869,2.860419315,64.47796985,55.27462393
7870,2.658675973,78.04594539,48.52328311
7871,3.076857977,69.93332682,50.78232986
7872,3.69439648,61.10524685,51.30027856
7873,3.175016635,63.89538256,58.99934234
7874,2.879687806,71.91324061,52.60418981
7875,2.597574945,79.88685962,46.07530364
7876,2.533236034,77.0727192,40.10053833
7877,2.235052647,66.28519145,41.5663534
7878,2.613330952,72.64327847,56.76859845
7879,1.80859036,68.7141827,56.36664808
7880,1.717274221,70.53198059,46.11119652
7881,2.538019816,71.90843342,52.38483119
7882,3.621996513,62.59734138,53.42629374
7883,3.940262008,73.79817093,43.40316245
7884,3.281174276,67.83012945,42.48044487
7885,2.519852639,62.77480496,44.91369134
7886,3.062044793,79.40704768,59.93012825
7887,3.449053412,62.33416247,52.79159441
7888,3.673340456,69.20824809,57.69629506
7889,3.770047064,79.45463538,43.1413322
7890,3.781610379,79.93721971,51.45641327
7891,3.636682692,71.08050709,42.48212403
7892,3.916331142,69.74341509,40.94777921
7893,3.120454277,76.33006115,54.63633362
7894,3.258550141,73.84233612,43.94584629
7895,1.985361764,63.6343651,56.52265955
7896,2.629044977,72.51642995,54.77569953
7897,3.282210443,61.52539015,40.34795228
7898,3.128572666,75.58944302,43.53116062
7899,1.995603097,74.99794249,49.61797563
7900,3.681561667,64.33932248,48.81865727
7901,2.02989481,77.74971106,42.41604901
7902,2.679699362,76.42197238,44.69269293
7903,3.308513767,67.18870239,46.30209671
7904,3.631154302,75.58851022,45.56487699
7905,2.511663081,72.32140081,48.10101282
7906,3.236818544,70.74941741,41.59758657
7907,2.710853743,66.93413637,43.68339653
7908,3.3178973,75.9845586,53.41087971
7909,3.307159235,69.12925613,54.15721577
7910,3.39563136,76.87060492,59.87282434
7911,1.615086533,79.94803364,56.22966547
7912,2.027794052,79.52055592,58.01537891
7913,1.889565095,74.69719158,46.25813461
7914,3.713251613,77.29674906,58.20204101
7915,2.393356906,68.03413362,50.4638009
7916,2.412038801,79.86097857,59.53283313
7917,3.050875161,61.12524073,47.659579
7918,2.470147442,78.748471,51.74318147
7919,3.125767072,68.52552287,51.96562273
7920,3.936513106,71.55495012,54.08672848
7921,2.802023382,78.3398897,42.86689839
7922,1.896875465,66.62125895,46.29642641
7923,3.558246225,76.62375255,57.72152683
7924,1.87332992,77.99388251,59.63861245
7925,2.598714157,69.80063476,42.72228073
7926,2.123925094,72.26906992,47.91022757
7927,2.59506084,74.8089236,51.87104237
7928,3.128946149,66.70710031,45.42962994
7929,3.667415362,68.62313595,49.3735595
7930,2.718355603,63.65462434,52.10010257
7931,2.151164031,64.40486939,42.46982881
7932,3.025207654,60.89548295,48.85983361
7933,2.357371698,77.74880541,41.2695714
7934,1.850335871,61.80845418,44.38368335
7935,2.933296071,69.14289281,52.1829972
7936,2.525364204,70.61613258,43.58071823
7937,2.871593396,76.57483368,51.31638696
7938,2.329173256,68.6804645,44.27500907
7939,2.616299224,71.70336203,58.35615431
7940,3.299212522,79.0508295,40.92061291
7941,2.768073631,71.71792052,51.22145165
7942,3.7948366,77.977751,45.64297539
7943,3.250306065,77.29809662,47.12957694
7944,1.846572923,62.66888358,42.33459584
7945,1.85844905,76.84615559,59.66743154
7946,2.795632411,70.52085564,50.24499525
7947,3.064472896,78.18945446,56.57687012
7948,3.853162558,73.14629245,44.90981913
7949,2.113672762,69.97680304,40.40257141
7950,2.018469905,69.72774569,52.02310409
7951,3.624816373,64.68435468,53.35460367
7952,2.109368681,65.36835437,52.58885982
7953,3.714870981,76.82972572,50.56083438
7954,3.580240461,71.01081342,44.4060264
7955,2.240507358,70.03414479,46.75571456
7956,1.905297623,71.9224423,58.85698566
7957,2.516221257,60.96518034,42.7703564
7958,3.517294419,67.15124215,42.19916531
7959,3.399767618,63.9710508,52.33676103
7960,3.022252049,78.74474258,47.99430256
7961,3.404493874,72.49632234,40.48081344
7962,1.528661205,68.03071164,57.78681887
7963,1.530212504,69.46641909,50.61545714
7964,1.908051748,77.65816793,51.42444819
7965,2.024328966,61.13487298,50.6326174
7966,3.098015655,76.64461207,47.80501165
7967,2.681689584,60.07264852,58.79641359
7968,3.528987758,75.23110786,43.48855966
7969,1.910165544,64.15684771,58.04433334
7970,3.479645338,77.1518091,43.55040397
7971,3.357503776,66.30617737,46.33199845
7972,1.872014324,76.42666928,41.96481757
7973,3.660023692,70.94900531,58.31737905
7974,2.434721418,65.83331586,43.59472253
7975,3.750527775,65.09177842,55.59301139
7976,2.735961085,74.36232398,50.3403528
7977,1.619229399,63.77928028,57.50327467
7978,1.75538443,68.70401641,56.41878211
7979,2.924611989,62.88994904,58.2170664
7980,1.502407833,71.43292983,44.31595379
7981,2.792038624,64.81691887,53.10481539
7982,1.811004424,73.30215932,45.6897544
7983,3.73737693,79.11668229,56.38022938
7984,2.963468687,79.74773843,41.41886172
7985,2.889783998,79.85964754,57.30259319
7986,3.318805229,70.54466774,43.95311852
7987,3.007685094,70.15939418,51.6613506
7988,3.735768502,68.175171,41.85372158
7989,3.128851499,67.5776927,51.99773476
7990,3.344685295,76.68674767,48.86718016
7991,2.527808829,69.60205947,55.89390986
7992,2.893149306,73.00421393,51.54758089
7993,2.575084133,69.11618042,47.81811417
7994,3.998772512,61.28607414,57.54928426
7995,3.297105566,71.59383948,53.6525748
7996,3.55738587,66.19648435,55.38335093
7997,1.975949811,76.4934725,48.72760388
7998,2.570990173,76.63526316,50.45160585
7999,3.154719962,69.2329491,47.98226001
8000,2.776291461,69.6346856,45.8952718
8001,1.687758353,62.56203519,53.17556821
8002,3.231108777,70.80284618,59.12932476
8003,3.934482735,66.34760865,49.11645962
8004,3.916057307,71.35696146,43.77215874
8005,3.462936432,76.74485676,47.14330541
8006,1.827408991,64.58787066,50.30165629
8007,3.691191174,68.42114807,59.10868517
8008,3.557962036,77.93433565,44.00793932
8009,2.441344996,73.73976815,58.11006317
8010,1.746831721,79.95736923,59.65435925
8011,2.810165672,71.03085508,46.11299059
8012,1.833463715,77.92445234,40.22609794
8013,3.663174043,77.79563603,44.71539199
8014,2.212737465,78.60034634,58.59062436
8015,3.654207188,75.63604654,57.30586967
8016,2.054247444,75.3049121,43.82664379
8017,2.047500277,77.19627004,50.17688977
8018,2.072113241,66.58176167,45.81824443
8019,1.659186647,72.00202135,52.24877328
8020,1.563599589,77.05234211,59.3550627
8021,3.026077328,64.8634269,58.81577508
8022,2.367148604,73.89972555,54.87202077
8023,3.205101537,71.3419974,50.50417686
8024,3.997345759,79.81605826,48.73432496
8025,3.296452177,64.99248117,40.59316924
8026,3.438733231,76.98139029,50.23891383
8027,3.701327334,79.041683,49.81688693
8028,3.166571837,74.68996902,59.26346649
8029,3.172408231,75.60951401,55.01707667
8030,3.442875132,75.91881585,50.46971024
8031,1.531359219,75.87181411,56.6547476
8032,3.687133556,76.97919712,42.84499703
8033,3.599374816,60.30830442,43.63489053
8034,3.369270308,60.19329015,44.55338302
8035,1.580066567,79.69296733,54.09395344
8036,2.756403144,68.83553962,46.61153818
8037,3.410423029,75.67986515,42.13074774
8038,2.944954467,75.24696614,48.05428941
8039,3.921163883,60.33830367,54.31590827
8040,3.956831831,77.17934449,46.17884107
8041,2.223715203,71.96262822,58.91237733
8042,3.315740442,69.95191358,49.49332658
8043,2.693273759,65.61900646,45.15048489
8044,2.517531133,71.31909891,46.39106093
8045,2.670708552,76.62918109,57.19314451
8046,3.067867584,70.31816712,51.61300972
8047,1.686399242,63.60863735,55.18824562
8048,2.565817924,79.50508682,57.98878264
8049,2.279702581,76.34330005,44.83250058
8050,1.867765724,66.89430707,55.13067584
8051,2.527744145,64.6808916,59.1337226
8052,3.177891042,72.51339879,56.863965
8053,2.496933499,73.48267369,49.28647824
8054,2.897712816,63.36113828,40.65504409
8055,3.495817713,78.41874639,53.17591052
8056,2.339375101,72.91026005,44.6604289
8057,3.643252757,62.23746774,59.38346811
8058,2.583179077,60.91666678,56.63830587
8059,1.860759797,65.16363124,40.02264262
8060,3.256579608,65.06814101,44.20725093
8061,3.422898898,62.31191085,43.84705963
8062,1.913836653,72.52818478,45.66353444
8063,3.198597664,72.2861885,50.90659847
8064,2.537096201,79.59155914,45.63810608
8065,2.569727925,74.89674041,55.66615086
8066,2.419122657,64.6168117,52.83935381
8067,2.037783954,74.7523876,51.60301116
8068,2.511049196,62.40362798,58.87567602
8069,3.206792291,70.75125954,55.85618915
8070,2.7375778,76.84883525,50.03853018
8071,1.901438716,70.05806062,49.9782234
8072,3.804197231,75.58907391,52.37797369
8073,3.493638058,77.45467952,45.0434514
8074,1.966200431,71.30795193,43.77314651
8075,1.757336274,68.92871697,59.30300687
8076,2.4966769,69.56375851,47.04282714
8077,2.206909261,76.06694261,50.03417697
8078,2.600775503,72.20950956,57.31294498
8079,3.630082754,78.93584339,44.85113673
8080,3.037752371,79.45817294,59.82764901
8081,1.698469544,66.74697339,57.37927916
8082,2.320715819,78.51116706,49.71188015
8083,2.233272675,75.22053052,49.57449409
8084,3.149338065,74.4504556,50.32768535
8085,3.1026349,61.77141815,58.08488653
8086,2.029971849,71.55537983,40.72588154
8087,2.892865153,77.33093707,48.30449248
8088,1.711395561,75.02375084,47.44129514
8089,1.577137192,77.70362974,41.81496988
8090,3.965715005,64.50095264,48.63982606
8091,1.530388977,63.36321934,52.38814103
8092,1.548450209,65.74803882,49.94259949
8093,1.698023187,71.16903146,57.42888087
8094,1.827445715,75.7846393,45.8025106
8095,1.811702887,76.83801087,54.01314715
8096,1.760374009,67.70216257,54.61849508
8097,1.785363947,72.82703731,56.95504932
8098,2.566998705,73.35223038,54.01169767
8099,2.803069082,75.77722496,51.65574374
8100,2.745521254,71.13586482,44.84323321
8101,3.170549035,62.28912895,47.69359261
8102,3.785549246,74.96153689,49.30522329
8103,3.916333649,68.004506,57.54823673
8104,3.692631391,65.60383763,52.17837932
8105,2.015832035,77.46791854,43.74729473
8106,2.761508034,63.12219043,54.24733364
8107,2.742789206,71.61990066,57.88118577
8108,3.935758839,72.54349895,58.08096632
8109,3.532432275,78.60618173,52.61981748
8110,1.643788878,77.08695503,59.93817346
8111,2.128735122,61.02950655,41.95960823
8112,2.163819461,66.18410687,57.13606295
8113,2.035872942,76.13627177,59.19365649
8114,3.010598265,63.17912406,57.52158523
8115,2.719221986,79.63057821,48.55196037
8116,3.982068529,69.72707481,47.97631354
8117,3.119015944,66.01891622,59.15045476
8118,2.681325176,67.37492678,56.57521852
8119,2.993374476,67.57993749,54.24101371
8120,2.378523219,60.3912626,51.2873595
8121,2.912321393,60.14217525,59.76348999
8122,3.774038355,63.75652536,56.84461483
8123,3.879396856,73.78778268,46.24237902
8124,3.37480227,60.01464264,56.06131857
8125,2.847586585,79.39658557,58.92476659
8126,1.773426049,65.86087365,58.320677
8127,2.905166898,70.66228822,50.8709033
8128,1.964072358,75.7990454,40.2781739
8129,2.290783638,78.38497544,55.82276325
8130,3.990287048,73.42555735,48.69833302
8131,3.079530579,72.66314583,59.95792836
8132,2.18500906,65.20534134,42.43905549
8133,2.876211957,76.3206096,48.74864265
8134,3.084354985,65.2367253,47.88124755
8135,2.411405924,72.27102908,57.12500007
8136,1.831845507,62.71052282,46.86214525
8137,2.054002005,61.78166305,42.94699703
8138,3.332474389,79.28559141,44.25541735
8139,3.748469584,63.75097361,49.47065514
8140,2.770188159,72.63488986,44.96520482
8141,3.11245391,73.9144556,49.41442095
8142,3.73422563,66.22282832,49.61642409
8143,2.963533095,69.01408631,58.21931775
8144,2.743924168,66.62029508,53.13644713
8145,3.470385483,75.50904542,48.25652864
8146,3.267396204,62.5327894,40.17446542
8147,2.310409066,64.08778107,51.63525763
8148,3.228732268,76.80632084,44.46597302
8149,2.832551341,69.26893235,46.36987862
8150,3.938149135,63.87019616,46.18384434
8151,3.184875153,62.52788362,53.45110662
8152,1.844617443,61.64161231,48.04611278
8153,2.697997892,64.87371892,55.39968356
8154,3.352588745,73.8846429,59.49051231
8155,3.272791544,76.6178992,40.12616689
8156,3.454846234,71.33539983,59.39960576
8157,1.852104259,75.46953943,59.10406322
8158,2.570841687,71.07913601,50.40973435
8159,1.534401618,65.14878996,54.64477633
8160,2.124639094,78.23141213,52.99420851
8161,1.519909608,72.32870188,47.51670608
8162,1.556315827,74.60853752,42.15250543
8163,2.715680726,72.75125991,45.89988815
8164,1.761861932,62.43721853,45.46455723
8165,2.65897162,71.63827325,40.3889589
8166,1.888489891,64.81400664,46.59479594
8167,3.201907527,64.34336573,58.63298096
8168,3.064438137,79.76989798,45.8879286
8169,2.107558817,69.67706235,59.42208219
8170,2.295437541,73.15763752,40.6900543
8171,2.70271487,64.58207013,59.26700486
8172,1.99202198,68.05334304,48.16813224
8173,2.158127573,60.35721181,46.4268751
8174,3.587396346,62.0630788,42.08950143
8175,3.085204862,60.50160305,48.46302928
8176,3.255927915,78.77051391,41.96855767
8177,3.860848561,77.45118042,45.55790729
8178,2.840142784,66.2950437,53.92027491
8179,3.025430499,76.62162359,58.46983649
8180,3.340633901,72.55149131,43.2831131
8181,2.885908188,60.71425542,49.40425967
8182,2.119573188,63.1996072,53.26382744
8183,3.409485229,70.10768815,51.48554316
8184,2.595570356,70.02100502,49.87281713
8185,3.020504897,67.39978261,51.88680198
8186,1.740444908,64.32228352,59.82977198
8187,2.534651037,63.12495378,51.33901729
8188,3.629112638,76.06485863,52.05509271
8189,2.913128696,79.42863715,44.12248475
8190,3.613086384,78.97424948,54.17535428
8191,1.56555653,68.12014518,55.38628326
8192,2.114909391,72.23655401,57.78019975
8193,3.949438364,74.87653507,47.27133748
8194,3.625537431,76.5131019,46.6336145
8195,3.039517207,60.91484086,42.04055445
8196,2.984856461,79.81459412,43.40697785
8197,3.046390684,63.09425124,49.79867988
8198,3.178387611,62.35063708,52.42217713
8199,1.631767176,67.02915033,56.73631835
8200,2.173663827,75.23420921,54.57505293
8201,2.317848865,64.18875787,43.29154576
8202,2.394355678,62.98506368,59.21540863
8203,3.858997147,61.01474985,54.31404588
8204,3.07825329,64.6184698,43.22634402
8205,3.597270967,67.70282672,53.85922704
8206,3.137504897,60.6669287,42.14498059
8207,3.97774532,78.65296284,42.19474936
8208,2.172077972,64.50136399,54.4515303
8209,3.028730564,65.95957451,53.48614519
8210,3.712648458,77.10928298,42.46865947
8211,2.776034413,67.77152342,49.21500529
8212,3.175790603,67.73626125,59.10109985
8213,2.004969085,65.24897375,53.93429562
8214,2.086056614,60.77557004,53.00114558
8215,2.853909008,67.12291108,47.45474592
8216,1.718090534,74.14687105,49.97531087
8217,1.614398871,72.49729174,46.99685661
8218,2.93787159,73.73604443,48.76384265
8219,3.488719753,73.42812474,44.7227048
8220,3.153180633,67.02380944,52.99815399
8221,3.984272408,61.25300089,55.05683874
8222,3.782802559,60.99901223,59.08790898
8223,1.52431862,73.40344082,54.3159764
8224,3.182177327,73.18214432,41.32429709
8225,2.160431308,69.47045105,51.0236569
8226,3.047708821,77.49938189,57.37854966
8227,2.37467047,61.39177163,59.32379216
8228,1.688906296,61.49223822,51.84290482
8229,2.828660293,69.89539932,43.95731557
8230,2.199217667,75.99941301,54.08098149
8231,2.472970754,77.54830127,47.05165742
8232,2.575181929,74.46329625,59.25145722
8233,1.930920558,67.78321736,50.92793206
8234,1.89534339,60.19639554,43.24753746
8235,3.403476822,78.8946724,50.70166358
8236,2.796038554,65.49324944,42.05638051
8237,2.738959978,60.39131572,49.59663924
8238,2.720477988,74.12841923,58.5738316
8239,3.31344571,69.20976511,50.36846427
8240,1.669036655,66.19292802,55.05903742
8241,1.664322336,68.44637501,59.28270948
8242,2.542696995,70.08143778,43.12350079
8243,3.081674102,71.31985329,43.21326843
8244,3.019926938,75.81893189,42.49275797
8245,2.149448539,63.78057639,56.63036817
8246,2.993519238,78.23158902,44.38849748
8247,2.073628197,71.99551677,45.32598268
8248,1.70605659,66.7758808,48.39038738
8249,3.511129734,66.94757382,50.75732874
8250,1.62685233,64.78196963,49.61186193
8251,3.344532791,73.55243445,54.01554966
8252,3.96338404,60.86194235,50.76012661
8253,2.804239113,64.28454393,51.01752087
8254,3.478936929,64.21712151,48.10334766
8255,3.026489621,60.13581276,53.61876526
8256,3.592264992,70.4728184,56.67608333
8257,2.579112166,66.19019825,46.56618437
8258,2.910887687,69.82575102,42.24120113
8259,2.795362921,75.11242835,45.39919959
8260,1.95207873,73.90478812,55.66956364
8261,3.15265913,67.99083248,47.88319549
8262,3.350226044,66.83567471,48.02310873
8263,3.990478546,70.72829049,54.7174329
8264,2.358579031,66.35542251,41.33216865
8265,2.523972526,69.67114947,48.47533692
8266,2.830434842,75.74080248,53.28430287
8267,1.982127186,79.27454489,43.43969995
8268,2.800646398,62.32626496,42.74161205
8269,2.041423896,64.41574559,59.19922489
8270,2.895709522,60.10690443,53.93787064
8271,2.772955877,62.06669098,56.5371992
8272,2.19122358,65.516039,58.2540445
8273,2.185885171,66.93444102,58.99122675
8274,3.026961215,79.43273321,49.7051129
8275,2.753462329,74.13319584,54.25469108
8276,3.875662176,66.48204487,44.44928677
8277,2.020692278,78.86248324,47.58620536
8278,1.665604131,60.19032105,41.44291201
8279,3.892184635,78.06776844,51.40202911
8280,3.997622468,75.95331547,43.26178982
8281,1.600655502,67.03869789,50.49937431
8282,1.863633323,64.4509057,41.09322719
8283,2.230098768,60.68711939,49.05622299
8284,2.150265677,72.74267245,40.58008959
8285,3.346946868,72.40698682,49.64494147
8286,3.623477921,76.29595536,55.97427877
8287,2.985178045,68.85596479,45.91496033
8288,3.925040624,76.30123717,40.39081445
8289,3.054190352,71.89449002,59.52111229
8290,2.079471389,66.35735408,49.68213946
8291,3.345255461,78.89058527,49.29234987
8292,2.208468124,70.84828748,51.89006969
8293,1.817103297,74.59817255,58.30023524
8294,1.744246628,76.84211021,47.32474081
8295,3.619921389,61.45400785,43.45423685
8296,3.794206865,61.08555649,57.52889382
8297,2.12229781,71.63038745,58.451012
8298,2.714934393,70.98965972,41.52820241
8299,2.57897596,76.77269521,49.57317637
8300,1.527632336,63.42087075,59.59307619
8301,3.258676436,72.77637354,53.58981808
8302,3.78183005,69.12150049,53.85797983
8303,2.66443985,77.04636162,58.03810436
8304,2.194028262,71.8266249,55.12479255
8305,2.229397115,79.58344655,58.68498277
8306,3.211392634,79.24551475,58.09249275
8307,2.552622938,77.76786502,54.86478305
8308,3.444780452,63.42462185,51.11862174
8309,2.216749042,66.55929472,51.82155729
8310,1.946733225,79.18357219,59.64547297
8311,2.542894734,61.56706528,48.22461962
8312,2.831083795,70.68809137,58.22762381
8313,2.722186992,71.91775073,49.60518951
8314,1.965331556,69.45290408,46.6996877
8315,3.435736418,73.09281034,43.67596734
8316,3.984901767,69.08054177,51.98001982
8317,2.897118035,63.381297,51.41059517
8318,3.252814619,66.51026688,58.6686683
8319,3.041809588,69.78181918,40.33961832
8320,2.311350945,74.00430724,49.40671978
8321,2.155506003,62.99854311,52.97559291
8322,3.194600995,79.4061485,47.61932137
8323,2.738832053,69.50190495,47.3581973
8324,3.065376594,62.15341804,48.17432173
8325,3.938820236,60.10037278,47.93974174
8326,2.128794044,75.93401842,45.61876796
8327,3.536738357,72.6466613,47.95529515
8328,1.936687483,70.17924938,42.71672643
8329,2.809011259,65.63022,54.25408883
8330,1.629435278,67.3492513,50.10808539
8331,2.571477045,74.95590862,56.40225005
8332,1.538992205,61.36368294,46.81451214
8333,1.963267049,70.87816515,59.09394772
8334,1.663148498,79.25991988,40.44049925
8335,3.502510079,66.82863946,52.65789973
8336,1.824340177,65.70951495,56.35362146
8337,3.655785297,74.23461452,48.26247018
8338,1.578755988,62.66331624,53.93265069
8339,1.595746158,71.60585557,50.58884047
8340,3.124769775,73.21739242,44.59789264
8341,1.63753625,76.13162045,41.7875013
8342,3.683151881,71.91485741,50.90752062
8343,2.09530171,69.35985098,54.77072562
8344,2.287450077,67.05679724,44.49237155
8345,3.077207305,72.08389413,49.49735271
8346,1.730629782,78.57557278,44.21814487
8347,3.434357188,61.82756795,58.81989392
8348,2.616671721,78.3766847,58.03015706
8349,3.921773215,66.74213595,49.68584278
8350,2.911815925,69.9770739,50.85772751
8351,2.871564684,61.24726411,56.30499994
8352,3.919957633,62.78523856,44.53239913
8353,3.694290383,63.42821128,44.93658718
8354,2.07227074,75.09185633,56.29090462
8355,3.285512536,62.36615979,53.61592087
8356,2.986575131,66.7689879,52.96906165
8357,1.653723137,61.60752973,49.57057856
8358,2.434626169,60.5453032,55.84086939
8359,1.563430478,62.3707281,59.5723951
8360,2.158862667,70.56052369,55.82313089
8361,2.001586829,71.85972532,45.24966026
8362,3.069728127,71.92498611,46.16267047
8363,2.404860358,63.44590333,46.28692611
8364,1.747308995,65.12581289,48.63521315
8365,3.913018365,73.60016025,50.65322776
8366,2.72076714,65.64723706,47.14871058
8367,1.574534247,71.9602357,40.3032167
8368,2.33923486,62.15304657,44.33501779
8369,2.171032205,61.55333521,43.86777331
8370,3.658400242,68.05535231,59.74635833
8371,2.169059735,72.03903461,58.07143472
8372,1.564576682,63.10016774,56.19684876
8373,3.063085564,68.31796956,48.61662943
8374,3.98027484,64.37059195,53.39843444
8375,2.521305382,69.69855364,47.77333221
8376,3.308722953,69.95832089,59.0885909
8377,1.866052615,78.5336219,49.23204901
8378,1.818599131,67.40011574,45.87453749
8379,3.111253556,64.33668346,48.55183369
8380,2.398465623,72.09269104,56.52380261
8381,1.645388361,65.95028355,47.26070524
8382,3.76775796,77.48250715,58.38388688
8383,2.097767646,66.11777325,44.31711203
8384,2.705917377,65.85076706,47.09073789
8385,1.564961271,74.19178722,57.85796774
8386,1.861030645,66.92292175,48.40073239
8387,1.53979967,69.75300722,44.16627299
8388,2.369044564,74.34307975,51.27070577
8389,2.080794554,76.61189949,40.21639306
8390,2.327726404,74.00740665,47.86905116
8391,3.345367366,78.86469906,56.59770642
8392,3.717362698,73.73221836,55.0504412
8393,2.531530634,69.48161163,57.86986548
8394,2.378144717,62.31972797,55.60115415
8395,2.832336424,65.37079382,59.17410561
8396,2.002301256,72.67811502,41.35893523
8397,2.769863226,75.49019195,56.27531228
8398,1.920543781,73.57488785,51.24219621
8399,2.534366701,62.72737921,58.97447468
8400,3.73263467,73.92818952,45.14358339
8401,3.124058625,79.06761509,44.42448458
8402,1.842207555,63.27580809,44.15384742
8403,1.606530593,66.46418534,59.19921133
8404,3.39651184,79.99633907,44.45742502
8405,2.382280883,71.83029471,48.04337313
8406,2.605438155,60.39082352,41.60450434
8407,2.484517368,74.1634901,40.26171382
8408,2.526420851,60.37039845,40.30817874
8409,2.19202043,62.72618212,53.16518727
8410,2.481455118,77.33672969,45.7454406
8411,1.706380424,75.77189081,57.45553565
8412,2.252375957,67.84112146,43.60248844
8413,2.62219732,67.79086744,48.02621701
8414,3.581107148,70.96941505,45.51090837
8415,2.394422051,60.44103194,41.74369224
8416,2.390332731,73.51880214,48.51618835
8417,3.325026955,74.04775597,52.0011509
8418,2.549922098,73.2855732,52.47074413
8419,3.157001674,65.45708938,51.97559358
8420,3.702887022,63.57859351,48.68742647
8421,2.113827024,65.16751638,46.54800143
8422,3.646259725,77.26314643,48.50947431
8423,3.744695369,76.79728425,42.55854526
8424,2.687943169,70.15501278,46.81030092
8425,3.149482102,66.34829757,52.30497978
8426,2.075372088,62.49446195,54.25089955
8427,2.788414212,75.08757076,41.38299867
8428,1.577687998,69.27017099,50.79874683
8429,3.969408973,75.30657916,44.73575803
8430,2.810577049,71.94440478,57.82688764
8431,2.507553435,60.93296095,48.0260973
8432,3.10290134,63.53411963,51.99952001
8433,3.280025639,67.19926684,51.39356403
8434,3.027708306,61.33772243,49.71930524
8435,2.943092315,79.39452336,55.62430094
8436,3.832198875,78.32451602,42.5443107
8437,2.357523589,61.39487169,49.22171129
8438,2.468117952,78.25327272,48.22048454
8439,3.88435636,66.35378949,50.35020536
8440,2.700290722,79.3806979,50.44275128
8441,2.913098801,76.71750102,47.02410807
8442,2.694442199,73.80268099,55.30621358
8443,1.884495491,73.07655846,49.38549388
8444,3.744175849,64.30756395,58.59749185
8445,3.730041615,74.96713306,42.92421964
8446,2.469774914,69.44685101,44.38284522
8447,3.459484435,77.67535224,41.39723164
8448,3.743892302,78.19158053,55.64067614
8449,1.522557996,63.27479374,50.54295153
8450,1.621701434,66.96638045,44.19613257
8451,3.702674233,60.05743822,48.28239174
8452,2.751649563,60.09876342,52.47072531
8453,3.069696577,65.80292606,47.98964218
8454,2.114752606,77.28816278,43.92440039
8455,2.49593659,77.21161146,46.81724565
8456,3.126121941,70.51690442,46.01693713
8457,2.302913139,61.21256675,45.34020063
8458,2.727543583,69.8325891,59.78527253
8459,1.707259833,66.08098539,46.24793295
8460,2.430339529,75.30687725,56.32035363
8461,3.564098749,64.77143644,43.8167977
8462,3.691714101,79.76020227,40.33624261
8463,2.093442743,79.67041192,46.70558481
8464,1.53275933,70.75940583,57.07407281
8465,1.542334376,78.3582728,54.6887014
8466,2.819236343,66.49184283,54.82725192
8467,3.389671314,64.84402665,41.47452668
8468,2.021190995,60.70401859,53.60605354
8469,3.521192791,69.20039341,42.44551902
8470,1.626539529,75.45687766,58.56609636
8471,2.905618196,66.51163036,40.23356417
8472,1.870248554,71.79750603,54.99919265
8473,2.044544665,78.42131836,44.58250967
8474,3.829436756,72.15521399,58.90389042
8475,3.015225059,63.45473023,40.66801238
8476,3.858484394,72.44450372,56.89575639
8477,2.945259528,74.73971099,50.84947388
8478,3.686351012,68.74817311,56.74789173
8479,3.129892363,65.05312827,50.07663984
8480,3.298402105,74.35717849,42.93091456
8481,2.176594936,71.66130052,56.39180396
8482,1.832775074,76.33465928,41.78346156
8483,3.201106707,62.07768301,54.44746835
8484,2.882925002,60.1957068,47.89316729
8485,2.521034031,62.35011944,57.00463323
8486,2.631375453,62.06748645,53.87566003
8487,3.980776482,77.94173189,51.39986196
8488,3.845694637,79.74789878,55.41831997
8489,2.342205366,60.31834212,47.51199894
8490,1.956715636,60.83602892,53.39182833
8491,1.814212476,78.6390633,44.17793846
8492,3.115964716,74.00262419,49.89032578
8493,2.88531998,73.49188011,53.71520205
8494,2.615109232,62.03752922,48.72132315
8495,1.758905683,63.35120149,52.17832676
8496,3.673723024,61.83750155,56.21054127
8497,1.97154873,65.36077247,53.89381005
8498,3.24938529,78.66843667,47.03526867
8499,2.176868654,71.93721989,50.74554786
8500,2.662958968,68.92539186,51.62726641
8501,3.015061502,75.67499843,47.09344551
8502,3.953928033,66.90292651,41.56425148
8503,3.343235403,65.70828168,57.94749735
8504,1.851951255,72.77433392,50.21013361
8505,1.791150834,63.55373264,50.5408461
8506,3.39322324,67.99521629,44.31915131
8507,1.815150831,76.41596554,40.02099141
8508,3.606275951,64.55290091,48.14225591
8509,2.835507398,70.41638797,53.30273213
8510,2.122320267,69.54375907,50.30544698
8511,3.314058731,63.92985131,53.44164112
8512,2.70494058,65.36339919,59.4558952
8513,3.065064567,69.07492215,57.36322011
8514,1.599175382,78.61231833,51.96289536
8515,3.102692412,75.52396325,54.80779807
8516,2.711294076,76.82875445,55.3844574
8517,3.54635002,70.16904311,56.73282254
8518,3.913765892,64.80040455,49.69164751
8519,1.534186397,76.49321359,52.30499016
8520,1.949339302,67.28082717,45.4939088
8521,3.843533145,63.31228517,50.59545051
8522,3.811314111,63.00768121,41.58068026
8523,3.299184102,66.72388081,44.97315894
8524,3.369133742,74.82942029,53.48809896
8525,2.66914686,60.23086656,51.95217125
8526,2.313848767,63.11555314,52.64352553
8527,3.319301199,74.32348489,54.98748118
8528,1.760212656,62.0895018,47.68779665
8529,3.658165412,64.08428221,42.39581612
8530,1.710066083,75.38299303,59.98121319
8531,3.641357097,73.42657217,58.29338494
8532,2.975683514,76.92371239,45.70823142
8533,2.702731556,69.25391223,52.97930289
8534,1.727989511,78.41567743,45.898496
8535,3.142563446,64.47419483,57.80893097
8536,3.333454367,76.76709277,57.89741506
8537,2.035242535,77.97164254,53.86782761
8538,3.832832647,61.44187847,54.56847332
8539,1.674702722,79.56251945,47.63447489
8540,2.851125609,78.92102891,55.33832166
8541,2.229492338,61.75787709,45.8816074
8542,3.049316681,77.84515301,52.88646993
8543,2.6749052,76.89068361,47.3960132
8544,2.107996227,72.24611934,45.89901778
8545,1.981529898,78.45686835,57.39999456
8546,3.400418489,78.91034624,52.85060302
8547,3.064271502,76.23884075,40.34376757
8548,3.395415417,78.15695181,46.99255953
8549,1.810747055,68.86711478,42.30416539
8550,2.350605278,67.81287813,50.34471837
8551,1.605706477,65.34573355,49.27897496
8552,2.105207174,62.00638754,43.47267076
8553,3.974307523,66.89767815,47.07180086
8554,3.288174901,77.63085719,55.53300395
8555,2.496295796,74.40112799,51.68844067
8556,2.226519206,63.76836859,54.10255759
8557,2.9496511,74.06387909,42.57911744
8558,3.746244001,66.07767883,48.21793624
8559,1.724879444,62.60770364,49.37723672
8560,3.048753647,66.19440624,44.38622625
8561,3.162573656,67.41148578,46.34915034
8562,1.628919586,74.16509138,44.03920383
8563,3.659277648,60.14767427,46.10072091
8564,3.060152549,75.03020196,57.47327856
8565,1.985023689,66.64050016,59.91060782
8566,1.71841259,75.77244429,55.7350486
8567,3.966872381,74.99480377,52.93113718
8568,3.788246646,61.72618456,40.8847595
8569,2.60378776,62.54680739,55.69581483
8570,3.659477571,69.41295792,40.93133509
8571,2.431409482,74.74986247,49.70047347
8572,1.928351329,60.13638973,42.49813254
8573,1.720405182,71.26135523,43.57730935
8574,3.73277186,74.24384029,44.22575954
8575,1.650972821,60.32738434,40.56352017
8576,3.985602695,78.26310104,57.91107499
8577,2.121998178,61.25436253,46.50611103
8578,2.04168702,75.65529516,43.69396543
8579,1.71169038,60.65827551,56.09679211
8580,3.476479055,73.93439913,44.14021599
8581,3.999317921,72.3302959,47.8878138
8582,2.32295719,78.73557215,55.72864843
8583,3.158502637,62.7300728,41.3646689
8584,3.219628832,75.20483701,51.86863348
8585,1.986968149,77.81583976,45.25163397
8586,2.854828891,60.84376741,41.63555152
8587,3.36217331,65.73812908,48.39678514
8588,2.549084801,74.8707387,54.70577368
8589,3.972775583,70.58389184,47.73011635
8590,3.896899358,69.59510544,44.45075236
8591,2.309397463,74.60268706,41.56483167
8592,3.719701258,76.55212572,58.62569803
8593,3.841707902,66.34533125,46.91070283
8594,1.679569233,79.61981303,45.50429137
8595,2.640077425,60.92117202,54.50907892
8596,2.91432268,69.4241806,45.79950207
8597,3.60984992,73.97587418,43.99846582
8598,2.281330399,65.72875005,46.51629125
8599,2.355162944,76.57247425,56.38631456
8600,2.910347686,65.29074329,40.39730707
8601,1.890184514,64.20172626,58.43823388
8602,1.998828045,72.1819848,58.27837168
8603,3.168844916,76.16387012,41.53953966
8604,3.194884228,74.19349377,44.58392874
8605,3.784855261,68.84659138,46.35971016
8606,1.796265545,70.90500519,45.89452473
8607,1.678855671,66.48087291,44.70480208
8608,1.519339117,77.26353905,50.17719552
8609,1.501108297,61.3925303,55.40301058
8610,2.862437866,70.76493397,44.40126652
8611,2.269882417,75.0394968,43.33064058
8612,2.854464271,78.04259132,51.74515726
8613,2.7638866,60.51120575,54.26074291
8614,3.287843909,74.91404769,50.34017627
8615,2.459941284,68.72725663,46.37094231
8616,2.235293747,79.09836222,56.32063424
8617,1.979985801,73.13954737,54.64062983
8618,1.886979419,74.31953748,40.29415718
8619,1.556851005,69.13469675,47.60026313
8620,3.305243529,67.69539238,44.60757228
8621,2.798154365,71.85914409,41.10762901
8622,1.684278385,66.54761672,50.80723944
8623,3.665140418,77.87243691,49.25992647
8624,2.395953479,76.98713183,48.69364162
8625,2.527705605,78.64895652,58.33861399
8626,2.040417978,61.50363489,50.88201112
8627,2.64478848,65.19505314,57.91542638
8628,2.444291182,68.49441102,48.36898544
8629,1.502948739,66.16578274,50.81538898
8630,2.180544246,63.06767914,40.40351432
8631,3.185907951,77.52274495,54.84487913
8632,3.860792251,77.6711586,57.62986334
8633,3.39656598,63.65491272,42.8660906
8634,3.587285344,64.02204119,45.03885882
8635,2.862539922,73.85364915,51.15559847
8636,1.776314777,61.04710193,59.5196841
8637,2.665511735,75.88414518,43.05370421
8638,3.682911328,65.93590205,57.99511519
8639,3.489240507,70.82183869,45.38295002
8640,2.858372313,66.05379526,57.83989756
8641,1.744620355,79.0534912,54.89159586
8642,2.300817218,61.10448204,51.71935641
8643,3.93674421,78.2382816,59.91049952
8644,1.964934064,72.66609183,48.56141373
8645,2.62798374,67.44062862,44.41555292
8646,2.892345609,61.29816962,52.88137467
8647,2.997170878,65.05102124,40.23682858
8648,3.797458005,76.51095446,57.74315523
8649,1.709372398,78.70760293,46.99420542
8650,2.263290221,71.46893635,50.79954837
8651,3.920310956,78.45515677,57.28049069
8652,3.816505023,77.85331074,44.92565719
8653,1.526963376,76.29209174,46.45801814
8654,2.310646996,76.81209182,43.37268767
8655,3.4350806,68.72847367,52.25699777
8656,2.427346465,76.63320275,43.88273387
8657,3.598769255,77.53071921,42.20983806
8658,2.107751406,62.17768422,54.95804051
8659,2.796578983,61.08549834,45.76764954
8660,3.438958037,77.22900144,46.45162088
8661,1.717206973,76.67653581,46.2571214
8662,3.592831844,76.67894863,41.81924606
8663,3.794964215,79.49823241,44.54345666
8664,3.096405328,69.78425347,42.04344684
8665,2.398435116,62.31924402,55.65447904
8666,2.973057152,79.28261277,48.11345583
8667,2.252032246,64.69688007,50.40393334
8668,2.442415984,75.9377784,52.1831039
8669,3.953591909,75.79964504,52.05117599
8670,2.033965853,67.83653529,58.16912811
8671,2.898998081,67.66617277,49.94617414
8672,2.871556428,62.08861008,42.40914643
8673,1.503583635,60.08712687,50.70128444
8674,3.925177791,60.91757662,52.26417072
8675,2.709455706,75.5622457,51.98798355
8676,3.414391468,68.25742492,40.36303641
8677,3.958981593,60.12711594,46.24569215
8678,2.754669272,67.21294257,52.23678479
8679,3.337704241,65.84464077,52.15881462
8680,3.194680259,72.6183119,55.69462271
8681,2.119883193,76.70350247,50.19965124
8682,1.743763566,76.87136571,52.49040172
8683,2.860247203,74.0645254,53.86498309
8684,3.042016213,70.1411037,59.92147583
8685,3.808954426,73.91648321,58.32122356
8686,2.123237286,67.88542066,53.99643329
8687,1.930846391,69.62183254,40.66708305
8688,1.808652455,65.37489132,51.74029364
8689,2.984803921,70.19837419,54.75585501
8690,2.357318558,75.13667389,44.58561569
8691,3.131337833,62.64372473,45.79430568
8692,1.899779553,70.31273807,43.83816409
8693,3.692406174,60.50177105,41.01840175
8694,3.407560715,61.02403661,47.09491271
8695,3.269544384,61.33813371,57.04231753
8696,2.267130544,79.26453751,57.46688579
8697,3.164756923,65.05511849,59.43415553
8698,1.848246698,73.46507292,53.23424426
8699,3.319397025,64.6711258,45.25161535
8700,3.634039131,76.57070968,45.45874517
8701,2.057511548,72.14836635,41.65795667
8702,2.266175287,61.46039494,41.97336434
8703,3.590838514,70.78006617,49.80416235
8704,2.80157811,60.57348797,44.10923965
8705,3.347792764,64.88339231,59.74742546
8706,3.267327887,63.73241807,49.91065959
8707,3.449105058,64.95344451,40.55758098
8708,2.291839824,63.64214404,53.87047257
8709,3.086543376,72.50140491,48.2063222
8710,3.581611721,66.63482526,58.91513917
8711,3.739096275,67.18981439,50.5713894
8712,3.99432741,64.84139917,43.85435244
8713,3.287858595,70.67073965,49.97071909
8714,1.930425453,73.28813732,46.41461478
8715,3.260232023,71.84407269,59.01279068
8716,2.887565756,76.72764004,49.23493736
8717,3.112523167,69.53746469,56.16761282
8718,2.659774702,64.15636834,58.27130504
8719,3.032568582,60.14391884,54.81806458
8720,2.454926658,72.79435759,57.44946297
8721,3.573505613,61.16661777,53.38905346
8722,3.63092501,73.19203333,47.94268257
8723,3.31879432,73.83891042,49.08215319
8724,2.407816562,62.13039805,42.13848758
8725,2.702419821,61.06917887,49.61247675
8726,3.771875352,78.53217291,56.48875497
8727,3.022883686,61.28620131,50.42846543
8728,2.92348935,62.98437124,42.19950051
8729,1.62309543,76.72263089,58.6547464
8730,2.987827191,76.03565008,53.307484
8731,3.596644079,71.18899806,55.75732571
8732,1.518642874,67.08954104,55.9501753
8733,3.526749372,70.16282181,59.49301835
8734,3.631459601,65.70837316,57.81306624
8735,2.523177815,75.04000686,49.03673554
8736,2.12777846,68.19755866,58.88493319
8737,1.971967272,74.54752088,54.364171
8738,1.915275088,64.58076958,44.16780778
8739,2.315424418,60.27071587,52.08753581
8740,3.686057016,66.55371423,54.44331075
8741,3.381377368,78.83261965,44.77549227
8742,3.911981329,77.39019115,57.15709918
8743,1.594814206,65.95960229,57.16995185
8744,1.576139551,75.06343085,41.31961302
8745,2.3456057,63.09616839,50.21100289
8746,1.535377842,73.46079347,48.24006598
8747,2.909497943,64.95832421,52.39480676
8748,2.411567768,76.57787876,55.39691044
8749,2.162615769,66.64167482,46.70955022
8750,3.165927963,64.5751452,43.19661826
8751,2.964398829,77.07998221,54.60902831
8752,2.967462248,62.74564607,55.426901
8753,3.259022438,78.01858569,40.02364517
8754,3.090389279,79.61001053,46.7851743
8755,2.309939053,61.72499764,54.65388988
8756,1.768037669,65.18262497,46.70752246
8757,3.300993605,79.49111091,51.3726776
8758,3.893062348,63.95705622,44.02812135
8759,1.874375194,60.22072379,41.63137874
8760,2.623900082,66.94007372,49.20165199
